timestamp string,wind direction,wind speed
202201010017,,0.0
202201010048,,0.0
202201010148,,0.0
202201010218,,0.0
202201010248,118.0,0.4
202201010318,113.0,0.4
202201010348,117.0,0.4
202201010448,124.0,0.4
202201010518,118.0,0.9
202201010548,117.0,0.4
202201010618,122.0,0.4
202201010648,134.0,1.3
202201010718,164.0,1.3
202201010748,150.0,0.9
202201010818,157.0,0.9
202201010848,163.0,0.4
202201010918,112.0,0.4
202201010948,128.0,0.4
202201011018,141.0,1.8
202201011048,59.0,0.9
202201011118,130.0,0.9
202201011148,126.0,0.9
202201011248,115.0,0.4
202201011318,138.0,0.9
202201011348,135.0,0.9
202201011418,100.0,1.3
202201011448,143.0,1.8
202201011518,158.0,2.2
202201011548,130.0,1.3
202201011618,88.0,1.3
202201011648,164.0,1.3
202201011718,161.0,1.3
202201011748,134.0,0.4
202201011848,102.0,0.9
202201011918,122.0,0.9
202201011948,142.0,1.3
202201012018,136.0,1.3
202201012048,97.0,0.4
202201012118,119.0,0.9
202201012148,90.0,1.8
202201012218,134.0,1.3
202201012248,204.0,1.8
202201012318,129.0,3.1
202201012348,109.0,1.8
202201020018,103.0,1.8
202201020048,,0.0
202201020118,123.0,1.8
202201020148,129.0,1.8
202201020218,136.0,0.9
202201020248,,0.0
202201020318,116.0,0.9
202201020348,115.0,2.2
202201020418,119.0,0.9
202201020448,91.0,0.9
202201020518,93.0,0.4
202201020548,170.0,0.4
202201020618,147.0,0.4
202201020648,,0.0
202201020718,159.0,0.4
202201020748,,0.0
202201020818,156.0,1.3
202201020848,,0.0
202201020918,,0.0
202201020948,,0.0
202201021018,,0.0
202201021048,,0.0
202201021118,150.0,0.4
202201021148,,0.0
202201021218,,0.0
202201021248,,0.0
202201021348,,0.0
202201021418,,0.0
202201021448,,0.0
202201021518,,0.0
202201021548,153.0,0.4
202201021618,,0.0
202201021648,,0.0
202201021718,198.0,0.9
202201021749,152.0,0.4
202201021819,171.0,0.9
202201021849,156.0,1.8
202201021919,160.0,0.9
202201021949,179.0,0.9
202201022019,269.0,1.8
202201022049,219.0,0.9
202201022119,208.0,1.3
202201022149,192.0,1.3
202201022219,,0.0
202201022249,165.0,0.4
202201022319,158.0,0.9
202201022349,214.0,0.4
202201030019,,0.0
202201030049,174.0,0.9
202201030119,185.0,1.3
202201030149,173.0,0.4
202201030219,169.0,0.9
202201030249,260.0,1.8
202201030319,184.0,0.9
202201030349,165.0,0.4
202201030419,178.0,0.4
202201030519,215.0,0.4
202201030549,154.0,1.3
202201030619,170.0,0.9
202201030649,177.0,0.4
202201030719,151.0,0.9
202201030749,181.0,0.4
202201030819,179.0,0.4
202201030849,299.0,1.3
202201030919,232.0,1.3
202201030949,176.0,0.9
202201031049,167.0,2.2
202201031119,185.0,0.4
202201031149,272.0,1.3
202201031219,172.0,0.4
202201031249,,0.0
202201031319,185.0,0.4
202201031349,259.0,0.9
202201031419,,0.0
202201031449,211.0,1.3
202201031519,209.0,0.9
202201031619,201.0,0.4
202201031649,148.0,0.9
202201031719,319.0,2.2
202201031749,235.0,1.3
202201031819,183.0,1.8
202201031849,,0.0
202201031919,,0.0
202201031949,273.0,1.3
202201032019,342.0,0.9
202201032049,196.0,0.4
202201032119,244.0,0.9
202201032149,202.0,0.4
202201032219,245.0,0.9
202201032249,209.0,0.9
202201032319,180.0,0.4
202201032349,,0.0
202201040019,,0.0
202201040049,,0.0
202201040119,,0.0
202201040149,,0.0
202201040219,,0.0
202201040249,230.0,0.4
202201040319,204.0,0.4
202201040349,344.0,0.9
202201040419,263.0,0.9
202201040449,311.0,1.3
202201040519,273.0,0.4
202201040549,259.0,1.3
202201040619,356.0,1.3
202201040649,98.0,0.4
202201040719,224.0,0.4
202201040749,,0.0
202201040819,,0.0
202201040849,,0.0
202201040919,,0.0
202201040949,249.0,0.4
202201041019,28.0,0.4
202201041049,,0.0
202201041119,236.0,0.4
202201041149,,0.0
202201041219,,0.0
202201041249,,0.0
202201041319,,0.0
202201041419,,0.0
202201041449,,0.0
202201041519,,0.0
202201041550,104.0,0.4
202201041620,100.0,0.9
202201041650,102.0,0.4
202201041720,92.0,1.3
202201041750,70.0,0.4
202201041820,114.0,0.4
202201041850,76.0,0.4
202201041920,139.0,1.3
202201041950,98.0,0.4
202201042020,69.0,2.2
202201042050,91.0,0.4
202201042120,86.0,1.3
202201042150,105.0,0.9
202201042220,86.0,1.3
202201042250,128.0,0.9
202201042320,,0.0
202201042350,,0.0
202201050020,,0.0
202201050050,,0.0
202201050120,,0.0
202201050150,,0.0
202201050220,,0.0
202201050250,,0.0
202201050320,,0.0
202201050350,,0.0
202201050420,95.0,0.4
202201050450,,0.0
202201050520,,0.0
202201050550,,0.0
202201050620,,0.0
202201050650,,0.0
202201050720,,0.0
202201050750,,0.0
202201050820,,0.0
202201050850,,0.0
202201050920,,0.0
202201050950,,0.0
202201051020,,0.0
202201051050,,0.0
202201051120,,0.0
202201051150,,0.0
202201051220,,0.0
202201051250,,0.0
202201051320,,0.0
202201051350,,0.0
202201051420,113.0,0.4
202201051450,,0.0
202201051520,,0.0
202201051550,,0.0
202201051620,68.0,0.4
202201051650,,0.0
202201051720,125.0,0.4
202201051750,92.0,0.9
202201051820,115.0,0.4
202201051850,139.0,1.3
202201051920,150.0,1.3
202201051950,119.0,0.4
202201052020,,0.0
202201052050,,0.0
202201052120,,0.0
202201052150,,0.0
202201052220,,0.0
202201052250,,0.0
202201052320,,0.0
202201052350,,0.0
202201060020,,0.0
202201060050,,0.0
202201060150,,0.0
202201060220,,0.0
202201060250,,0.0
202201060320,,0.0
202201060350,,0.0
202201060420,,0.0
202201060450,,0.0
202201060520,,0.0
202201060550,,0.0
202201060620,,0.0
202201060650,,0.0
202201060720,,0.0
202201060750,80.0,0.4
202201060820,,0.0
202201060850,,0.0
202201060920,,0.0
202201060950,,0.0
202201061020,,0.0
202201061050,89.0,0.4
202201061120,,0.0
202201061150,,0.0
202201061220,,0.0
202201061250,,0.0
202201061320,82.0,0.4
202201061350,107.0,0.4
202201061420,,0.0
202201061450,,0.0
202201061520,74.0,0.4
202201061550,155.0,1.3
202201061620,133.0,0.4
202201061650,169.0,0.4
202201061720,187.0,0.9
202201061750,,0.0
202201061821,223.0,1.3
202201061851,156.0,0.4
202201061921,155.0,0.4
202201061951,239.0,0.9
202201062021,214.0,1.3
202201062051,211.0,1.8
202201062121,197.0,1.8
202201062151,173.0,0.4
202201062221,263.0,1.3
202201062251,,0.0
202201062321,212.0,1.8
202201062351,200.0,0.4
202201070021,272.0,0.9
202201070051,242.0,1.3
202201070121,150.0,0.4
202201070151,235.0,1.3
202201070221,144.0,0.9
202201070251,194.0,0.9
202201070321,181.0,0.4
202201070351,193.0,0.4
202201070421,204.0,0.9
202201070451,208.0,0.9
202201070521,167.0,0.4
202201070551,155.0,0.4
202201070621,203.0,0.4
202201070721,193.0,0.4
202201070751,192.0,0.9
202201070821,217.0,0.9
202201070851,199.0,0.4
202201070921,,0.0
202201070951,168.0,0.4
202201071021,239.0,0.9
202201071051,300.0,0.4
202201071121,216.0,0.9
202201071151,,0.0
202201071221,,0.0
202201071251,246.0,0.9
202201071321,,0.0
202201071351,204.0,0.9
202201071421,278.0,1.8
202201071451,262.0,0.9
202201071521,264.0,1.3
202201071551,268.0,1.8
202201071621,180.0,0.4
202201071651,262.0,1.3
202201071721,116.0,0.4
202201071751,,0.0
202201071821,,0.0
202201071851,240.0,1.3
202201071921,,0.0
202201071951,,0.0
202201072021,249.0,0.9
202201072051,283.0,0.9
202201072121,,0.0
202201072151,,0.0
202201072221,,0.0
202201072321,,0.0
202201072351,,0.0
202201080021,,0.0
202201080051,261.0,0.4
202201080121,,0.0
202201080151,214.0,0.4
202201080221,,0.0
202201080251,,0.0
202201080321,,0.0
202201080351,,0.0
202201080421,,0.0
202201080451,,0.0
202201080521,,0.0
202201080551,186.0,0.4
202201080621,,0.0
202201080651,,0.0
202201080751,,0.0
202201080821,,0.0
202201080851,,0.0
202201080921,,0.0
202201080951,,0.0
202201081021,,0.0
202201081051,,0.0
202201081121,,0.0
202201081151,,0.0
202201081221,,0.0
202201081251,,0.0
202201081321,4.0,0.4
202201081351,,0.0
202201081421,,0.0
202201081451,51.0,0.4
202201081521,,0.0
202201081551,85.0,0.9
202201081621,63.0,0.9
202201081721,105.0,1.8
202201081751,113.0,0.4
202201081822,108.0,0.4
202201081852,130.0,0.9
202201081922,81.0,0.4
202201081952,87.0,3.1
202201082022,99.0,0.4
202201082052,121.0,0.9
202201082122,86.0,0.9
202201082152,99.0,0.4
202201082222,97.0,0.4
202201082252,109.0,0.4
202201082322,,0.0
202201082352,102.0,0.4
202201090022,,0.0
202201090052,81.0,0.9
202201090122,61.0,0.4
202201090152,,0.0
202201090222,,0.0
202201090322,119.0,0.9
202201090352,72.0,0.9
202201090422,96.0,0.4
202201090452,,0.0
202201090522,84.0,0.9
202201090552,99.0,0.4
202201090622,94.0,0.4
202201090652,82.0,0.4
202201090722,104.0,1.3
202201090752,99.0,0.4
202201090822,67.0,0.9
202201090852,79.0,0.9
202201090922,,0.0
202201090952,92.0,0.4
202201091022,116.0,0.4
202201091052,109.0,0.4
202201091122,98.0,0.4
202201091152,89.0,1.3
202201091222,106.0,2.2
202201091252,94.0,0.9
202201091352,100.0,0.4
202201091422,,0.0
202201091452,81.0,0.4
202201091522,79.0,1.3
202201091552,142.0,0.4
202201091622,124.0,0.9
202201091722,102.0,0.4
202201091752,,0.0
202201091822,,0.0
202201091852,,0.0
202201091922,,0.0
202201091952,,0.0
202201092022,,0.0
202201092052,,0.0
202201092122,,0.0
202201092152,,0.0
202201092222,,0.0
202201092252,,0.0
202201092322,241.0,0.9
202201092352,300.0,2.2
202201100052,292.0,1.8
202201100122,212.0,1.3
202201100152,310.0,2.2
202201100222,257.0,1.3
202201100252,325.0,0.9
202201100352,184.0,0.9
202201100422,358.0,2.2
202201100452,265.0,2.2
202201100522,,0.0
202201100552,335.0,1.3
202201100622,325.0,1.3
202201100652,248.0,1.3
202201100722,293.0,1.8
202201100752,215.0,0.4
202201100822,192.0,1.3
202201100852,,0.0
202201101022,286.0,3.1
202201101052,323.0,0.9
202201101122,272.0,1.3
202201101152,277.0,3.1
202201101222,357.0,0.4
202201101252,,0.0
202201101322,270.0,0.4
202201101352,286.0,1.3
202201101422,44.0,0.4
202201101452,,0.0
202201101522,47.0,0.9
202201101622,243.0,0.9
202201101652,209.0,0.9
202201101722,279.0,0.9
202201101752,121.0,0.4
202201101822,274.0,0.9
202201101852,298.0,0.9
202201101922,270.0,0.4
202201101952,292.0,1.8
202201102022,24.0,2.2
202201102053,280.0,1.3
202201102123,287.0,0.9
202201102153,73.0,0.9
202201102223,204.0,1.3
202201102253,,0.0
202201102323,,0.0
202201102353,,0.0
202201110023,,0.0
202201110053,,0.0
202201110153,178.0,0.4
202201110223,162.0,0.4
202201110253,182.0,0.4
202201110323,,0.0
202201110353,,0.0
202201110423,,0.0
202201110453,,0.0
202201110553,,0.0
202201110653,264.0,1.3
202201110723,203.0,0.4
202201110753,163.0,0.4
202201110823,40.0,0.9
202201110853,296.0,0.4
202201110923,,0.0
202201110953,,0.0
202201111023,,0.0
202201111053,,0.0
202201111123,,0.0
202201111223,,0.0
202201111253,,0.0
202201111323,,0.0
202201111353,,0.0
202201111423,,0.0
202201111453,,0.0
202201111523,352.0,0.9
202201111553,44.0,0.4
202201111623,,0.0
202201111653,71.0,0.9
202201111723,136.0,0.4
202201111753,,0.0
202201111823,168.0,0.4
202201111853,19.0,0.9
202201111923,154.0,0.9
202201111953,251.0,1.3
202201112023,,0.0
202201112053,241.0,0.4
202201112123,266.0,0.4
202201112153,285.0,0.9
202201112223,37.0,0.4
202201112253,,0.0
202201112323,,0.0
202201112353,,0.0
202201120023,,0.0
202201120053,,0.0
202201120123,,0.0
202201120153,38.0,0.4
202201120253,,0.0
202201120323,,0.0
202201120353,,0.0
202201120423,,0.0
202201120453,,0.0
202201120523,,0.0
202201120623,,0.0
202201120653,,0.0
202201120723,,0.0
202201120753,,0.0
202201120823,,0.0
202201120853,,0.0
202201120923,,0.0
202201120953,,0.0
202201121023,,0.0
202201121053,,0.0
202201121123,,0.0
202201121153,,0.0
202201121223,,0.0
202201121253,,0.0
202201121323,,0.0
202201121353,,0.0
202201121423,61.0,0.4
202201121453,,0.0
202201121523,47.0,0.4
202201121553,127.0,0.9
202201121623,87.0,0.4
202201121653,,0.0
202201121723,,0.0
202201121753,93.0,0.4
202201121823,,0.0
202201121853,83.0,0.4
202201121923,112.0,0.4
202201121953,124.0,0.4
202201122023,143.0,0.4
202201122053,184.0,0.9
202201122123,144.0,0.9
202201122153,160.0,0.4
202201122223,135.0,0.4
202201122324,,0.0
202201122354,,0.0
202201130024,,0.0
202201130124,,0.0
202201130154,,0.0
202201130254,,0.0
202201130324,,0.0
202201130354,,0.0
202201130424,,0.0
202201130454,,0.0
202201130524,,0.0
202201130554,,0.0
202201130624,,0.0
202201130654,,0.0
202201130724,,0.0
202201130754,,0.0
202201130824,,0.0
202201130854,,0.0
202201130924,,0.0
202201130954,,0.0
202201131024,,0.0
202201131054,,0.0
202201131124,,0.0
202201131154,,0.0
202201131224,,0.0
202201131254,,0.0
202201131324,,0.0
202201131354,,0.0
202201131424,,0.0
202201131524,150.0,0.9
202201131554,170.0,0.9
202201131624,155.0,0.9
202201131654,,0.0
202201131724,155.0,1.3
202201131754,133.0,0.9
202201131824,180.0,1.8
202201131854,165.0,0.4
202201131924,152.0,1.8
202201131954,,0.0
202201132024,152.0,0.9
202201132054,197.0,0.4
202201132154,,0.0
202201132254,157.0,0.4
202201132324,,0.0
202201132354,,0.0
202201140024,,0.0
202201140054,,0.0
202201140124,,0.0
202201140154,,0.0
202201140224,324.0,0.9
202201140254,,0.0
202201140324,,0.0
202201140354,,0.0
202201140424,,0.0
202201140454,,0.0
202201140524,,0.0
202201140554,,0.0
202201140624,,0.0
202201140654,,0.0
202201140724,,0.0
202201140754,,0.0
202201140824,,0.0
202201140854,,0.0
202201140924,157.0,0.4
202201140954,,0.0
202201141024,,0.0
202201141054,,0.0
202201141124,,0.0
202201141154,,0.0
202201141224,,0.0
202201141354,,0.0
202201141424,,0.0
202201141454,,0.0
202201141524,119.0,0.4
202201141554,7.0,1.8
202201141624,,0.0
202201141654,49.0,1.3
202201141754,166.0,0.4
202201141824,252.0,1.3
202201141854,,0.0
202201141924,227.0,1.8
202201141954,,0.0
202201142024,,0.0
202201142054,149.0,0.4
202201142124,,0.0
202201142154,165.0,0.4
202201142224,,0.0
202201142255,,0.0
202201142325,,0.0
202201142355,,0.0
202201150025,,0.0
202201150055,,0.0
202201150125,,0.0
202201150155,,0.0
202201150255,,0.0
202201150325,,0.0
202201150355,,0.0
202201150425,103.0,0.4
202201150525,,0.0
202201150555,,0.0
202201150625,,0.0
202201150655,,0.0
202201150725,,0.0
202201150755,,0.0
202201150825,,0.0
202201150855,,0.0
202201150925,,0.0
202201150955,,0.0
202201151025,,0.0
202201151055,,0.0
202201151125,,0.0
202201151155,,0.0
202201151225,,0.0
202201151255,,0.0
202201151325,,0.0
202201151355,,0.0
202201151425,,0.0
202201151455,,0.0
202201151525,,0.0
202201151555,,0.0
202201151625,25.0,0.9
202201151655,344.0,1.3
202201151725,101.0,0.9
202201151755,7.0,0.4
202201151825,36.0,1.3
202201151855,29.0,0.4
202201151925,47.0,0.4
202201151955,,0.0
202201152025,66.0,0.9
202201152055,63.0,0.9
202201152125,,0.0
202201152155,54.0,0.4
202201152225,,0.0
202201152255,355.0,1.8
202201152325,,0.0
202201152355,63.0,3.1
202201160025,,0.0
202201160055,,0.0
202201160125,321.0,1.3
202201160155,70.0,0.4
202201160225,62.0,0.4
202201160255,7.0,0.9
202201160325,74.0,0.9
202201160355,,0.0
202201160425,69.0,0.9
202201160455,51.0,0.4
202201160525,79.0,0.4
202201160555,61.0,0.4
202201160625,9.0,1.8
202201160655,57.0,3.1
202201160725,,0.0
202201160755,,0.0
202201160825,123.0,0.4
202201160855,,0.0
202201160925,286.0,0.9
202201160955,281.0,0.4
202201161025,282.0,0.9
202201161055,323.0,0.4
202201161125,316.0,0.9
202201161155,236.0,1.8
202201161225,312.0,0.9
202201161255,299.0,2.2
202201161325,322.0,1.3
202201161355,51.0,0.9
202201161425,339.0,1.3
202201161525,352.0,0.9
202201161555,342.0,1.8
202201161625,217.0,0.9
202201161655,283.0,1.3
202201161725,,0.0
202201161755,,0.0
202201161825,209.0,0.4
202201161855,197.0,0.9
202201161925,176.0,0.4
202201161955,150.0,0.9
202201162025,208.0,1.3
202201162055,161.0,0.4
202201162125,163.0,0.4
202201162155,155.0,0.4
202201162225,161.0,1.8
202201162256,181.0,0.4
202201162326,164.0,0.9
202201162356,149.0,0.4
202201170056,144.0,0.4
202201170126,158.0,0.9
202201170156,157.0,0.9
202201170226,164.0,0.9
202201170256,153.0,0.4
202201170326,,0.0
202201170356,215.0,0.9
202201170426,161.0,1.3
202201170456,149.0,1.3
202201170526,,0.0
202201170556,,0.0
202201170626,145.0,0.9
202201170656,155.0,0.4
202201170726,142.0,0.4
202201170756,153.0,0.9
202201170826,163.0,0.9
202201170856,,0.0
202201170926,,0.0
202201170956,,0.0
202201171026,,0.0
202201171056,143.0,0.4
202201171126,,0.0
202201171156,177.0,1.3
202201171226,,0.0
202201171256,,0.0
202201171326,181.0,1.3
202201171356,167.0,0.4
202201171426,,0.0
202201171456,,0.0
202201171526,157.0,0.9
202201171556,165.0,0.9
202201171626,,0.0
202201171656,239.0,0.9
202201171726,172.0,1.3
202201171756,168.0,0.9
202201171826,164.0,0.4
202201171856,151.0,1.3
202201171926,183.0,0.4
202201171956,157.0,0.9
202201172026,155.0,0.4
202201172056,238.0,1.8
202201172126,164.0,0.9
202201172156,188.0,0.4
202201172226,151.0,0.4
202201172256,,0.0
202201172326,,0.0
202201172356,,0.0
202201180026,,0.0
202201180056,,0.0
202201180126,159.0,0.4
202201180226,,0.0
202201180256,,0.0
202201180326,,0.0
202201180356,,0.0
202201180426,,0.0
202201180456,,0.0
202201180526,,0.0
202201180556,,0.0
202201180626,,0.0
202201180656,,0.0
202201180726,,0.0
202201180756,,0.0
202201180826,,0.0
202201180856,,0.0
202201180926,,0.0
202201180956,,0.0
202201181026,,0.0
202201181056,,0.0
202201181126,,0.0
202201181156,,0.0
202201181226,,0.0
202201181256,,0.0
202201181326,,0.0
202201181356,,0.0
202201181426,,0.0
202201181456,,0.0
202201181526,104.0,0.9
202201181556,,0.0
202201181626,95.0,1.3
202201181656,102.0,1.3
202201181726,,0.0
202201181756,104.0,0.9
202201181826,110.0,1.3
202201181856,77.0,0.9
202201181926,91.0,0.9
202201182026,89.0,0.9
202201182056,,0.0
202201182126,111.0,0.4
202201182226,,0.0
202201182257,,0.0
202201182327,,0.0
202201182357,,0.0
202201190027,,0.0
202201190057,,0.0
202201190127,,0.0
202201190157,,0.0
202201190227,,0.0
202201190257,,0.0
202201190327,,0.0
202201190357,,0.0
202201190427,,0.0
202201190457,,0.0
202201190527,100.0,0.4
202201190557,,0.0
202201190627,,0.0
202201190657,,0.0
202201190727,,0.0
202201190757,,0.0
202201190827,,0.0
202201190857,,0.0
202201190927,,0.0
202201190957,,0.0
202201191027,,0.0
202201191057,,0.0
202201191127,,0.0
202201191227,,0.0
202201191257,,0.0
202201191327,,0.0
202201191357,99.0,0.4
202201191427,,0.0
202201191457,,0.0
202201191527,133.0,1.8
202201191557,159.0,0.4
202201191627,111.0,0.4
202201191657,110.0,0.4
202201191757,106.0,0.9
202201191827,134.0,1.3
202201191857,74.0,0.4
202201191927,138.0,0.9
202201191957,64.0,3.6
202201192027,114.0,0.4
202201192127,123.0,1.3
202201192157,83.0,0.4
202201192227,85.0,1.3
202201192257,93.0,0.9
202201192327,89.0,1.3
202201192357,87.0,0.4
202201200027,,0.0
202201200057,110.0,0.4
202201200127,,0.0
202201200157,96.0,0.4
202201200227,,0.0
202201200257,147.0,0.4
202201200327,103.0,0.4
202201200357,,0.0
202201200427,99.0,0.4
202201200457,,0.0
202201200527,,0.0
202201200557,,0.0
202201200627,,0.0
202201200657,182.0,1.3
202201200727,256.0,1.8
202201200827,236.0,1.8
202201200857,267.0,0.9
202201200927,268.0,2.2
202201200957,260.0,2.2
202201201027,359.0,0.4
202201201057,223.0,1.3
202201201127,199.0,0.9
202201201157,202.0,0.4
202201201227,3.0,1.3
202201201257,285.0,2.7
202201201327,221.0,0.9
202201201357,266.0,1.3
202201201427,227.0,0.9
202201201457,114.0,0.9
202201201527,275.0,3.1
202201201627,225.0,2.7
202201201657,243.0,1.3
202201201727,335.0,1.3
202201201757,170.0,0.9
202201201827,272.0,0.9
202201201857,245.0,1.3
202201201927,265.0,2.2
202201201957,263.0,1.3
202201202027,234.0,1.3
202201202057,280.0,1.8
202201202127,183.0,0.4
202201202157,,0.0
202201202227,320.0,0.9
202201202257,276.0,0.9
202201202327,234.0,1.3
202201202358,280.0,1.8
202201210028,,0.0
202201210058,255.0,2.2
202201210128,231.0,1.3
202201210158,244.0,2.2
202201210228,310.0,1.8
202201210258,349.0,1.8
202201210328,249.0,0.9
202201210358,18.0,1.3
202201210428,257.0,0.9
202201210458,261.0,0.4
202201210528,209.0,0.4
202201210558,,0.0
202201210628,200.0,0.4
202201210658,,0.0
202201210728,254.0,0.9
202201210758,,0.0
202201210828,6.0,1.3
202201210858,218.0,0.4
202201210928,,0.0
202201210958,,0.0
202201211028,,0.0
202201211058,263.0,1.3
202201211128,225.0,0.9
202201211228,,0.0
202201211328,250.0,0.9
202201211358,308.0,0.9
202201211428,233.0,0.9
202201211458,297.0,1.8
202201211528,217.0,0.9
202201211558,329.0,1.3
202201211628,205.0,0.4
202201211658,234.0,0.9
202201211728,245.0,0.4
202201211758,150.0,0.4
202201211828,192.0,0.4
202201211858,272.0,1.8
202201211928,26.0,0.9
202201211958,,0.0
202201212028,336.0,1.3
202201212058,207.0,0.4
202201212128,,0.0
202201212158,126.0,0.4
202201212228,205.0,0.4
202201212258,,0.0
202201212328,,0.0
202201212358,,0.0
202201220028,,0.0
202201220058,,0.0
202201220128,,0.0
202201220158,,0.0
202201220258,,0.0
202201220328,,0.0
202201220358,160.0,0.4
202201220428,187.0,0.4
202201220458,,0.0
202201220528,268.0,0.9
202201220558,193.0,0.4
202201220628,306.0,0.9
202201220658,192.0,0.4
202201220728,,0.0
202201220758,187.0,0.4
202201220828,,0.0
202201220858,186.0,0.9
202201220928,271.0,0.9
202201220958,,0.0
202201221028,282.0,1.3
202201221058,,0.0
202201221128,,0.0
202201221158,,0.0
202201221228,,0.0
202201221328,,0.0
202201221358,,0.0
202201221428,,0.0
202201221458,,0.0
202201221528,202.0,0.4
202201221558,224.0,0.9
202201221628,,0.0
202201221658,34.0,0.9
202201221728,176.0,0.4
202201221758,,0.0
202201221828,,0.0
202201221858,186.0,0.4
202201221928,33.0,0.4
202201221958,307.0,1.3
202201222029,151.0,0.4
202201222059,197.0,0.9
202201222129,162.0,0.4
202201222159,,0.0
202201222229,,0.0
202201222329,,0.0
202201222359,,0.0
202201230029,,0.0
202201230059,,0.0
202201230129,,0.0
202201230159,,0.0
202201230229,,0.0
202201230259,,0.0
202201230329,,0.0
202201230359,,0.0
202201230429,,0.0
202201230459,,0.0
202201230529,,0.0
202201230559,,0.0
202201230629,,0.0
202201230659,,0.0
202201230729,,0.0
202201230759,,0.0
202201230829,,0.0
202201230859,,0.0
202201230929,,0.0
202201230959,,0.0
202201231029,,0.0
202201231059,,0.0
202201231129,,0.0
202201231159,,0.0
202201231229,,0.0
202201231259,,0.0
202201231329,,0.0
202201231359,,0.0
202201231429,,0.0
202201231459,141.0,0.4
202201231529,142.0,0.9
202201231559,136.0,0.4
202201231629,163.0,0.4
202201231659,156.0,0.4
202201231729,141.0,1.3
202201231759,,0.0
202201231829,139.0,0.4
202201231859,143.0,0.4
202201231929,94.0,0.9
202201231959,141.0,0.9
202201232029,156.0,0.9
202201232059,143.0,0.9
202201232129,,0.0
202201232159,168.0,1.3
202201232229,129.0,0.4
202201232259,139.0,0.4
202201232329,,0.0
202201232359,,0.0
202201240029,,0.0
202201240059,,0.0
202201240129,,0.0
202201240159,,0.0
202201240229,,0.0
202201240259,,0.0
202201240329,,0.0
202201240429,,0.0
202201240459,,0.0
202201240529,,0.0
202201240559,,0.0
202201240629,,0.0
202201240659,,0.0
202201240729,,0.0
202201240759,,0.0
202201240859,,0.0
202201240929,,0.0
202201240959,,0.0
202201241029,,0.0
202201241059,,0.0
202201241129,,0.0
202201241159,,0.0
202201241229,,0.0
202201241259,,0.0
202201241329,,0.0
202201241359,,0.0
202201241429,,0.0
202201241459,,0.0
202201241529,101.0,0.4
202201241559,113.0,0.4
202201241629,,0.0
202201241659,,0.0
202201241729,109.0,1.3
202201241759,76.0,0.9
202201241829,,0.0
202201241859,80.0,1.3
202201241929,106.0,1.3
202201241959,120.0,0.4
202201242029,140.0,0.9
202201242059,144.0,0.4
202201242129,,0.0
202201242159,118.0,0.4
202201242229,112.0,0.4
202201242259,,0.0
202201242329,122.0,0.4
202201242359,,0.0
202201250029,,0.0
202201250100,,0.0
202201250130,,0.0
202201250200,,0.0
202201250230,,0.0
202201250300,,0.0
202201250330,,0.0
202201250400,,0.0
202201250430,,0.0
202201250500,,0.0
202201250530,,0.0
202201250600,,0.0
202201250630,,0.0
202201250700,,0.0
202201250730,,0.0
202201250800,,0.0
202201250830,,0.0
202201250900,,0.0
202201250930,,0.0
202201251000,,0.0
202201251100,,0.0
202201251130,,0.0
202201251200,,0.0
202201251230,,0.0
202201251300,,0.0
202201251330,,0.0
202201251400,,0.0
202201251430,,0.0
202201251500,126.0,0.4
202201251530,122.0,0.4
202201251600,211.0,1.3
202201251630,143.0,1.3
202201251700,174.0,0.9
202201251730,151.0,0.4
202201251800,,0.0
202201251830,270.0,1.8
202201251930,269.0,1.3
202201252000,153.0,0.4
202201252030,225.0,1.3
202201252100,336.0,1.3
202201252130,,0.0
202201252200,261.0,1.8
202201252230,323.0,0.9
202201252300,,0.0
202201252330,273.0,2.2
202201260000,187.0,0.4
202201260030,216.0,1.3
202201260100,169.0,0.9
202201260200,134.0,0.4
202201260300,284.0,1.3
202201260330,332.0,1.3
202201260400,,0.0
202201260430,304.0,1.3
202201260500,36.0,1.8
202201260530,320.0,2.2
202201260600,224.0,0.9
202201260630,256.0,0.9
202201260700,9.0,1.3
202201260730,34.0,0.4
202201260800,216.0,0.4
202201260830,327.0,0.4
202201260900,290.0,0.9
202201260930,272.0,0.4
202201261000,262.0,1.8
202201261100,325.0,1.3
202201261130,272.0,0.9
202201261200,282.0,1.3
202201261230,171.0,0.9
202201261300,308.0,2.2
202201261330,202.0,0.4
202201261500,12.0,2.2
202201261530,328.0,0.4
202201261600,174.0,0.9
202201261630,327.0,1.3
202201261700,350.0,1.3
202201261730,13.0,1.3
202201261800,336.0,0.9
202201261830,137.0,0.9
202201261900,31.0,1.8
202201261930,307.0,2.2
202201262000,246.0,1.3
202201262030,350.0,1.3
202201262100,260.0,1.3
202201262130,330.0,0.9
202201262200,,0.0
202201262230,,0.0
202201262300,178.0,0.4
202201262330,184.0,0.4
202201270000,,0.0
202201270030,,0.0
202201270100,,0.0
202201270130,,0.0
202201270230,,0.0
202201270300,,0.0
202201270330,,0.0
202201270400,,0.0
202201270430,,0.0
202201270500,,0.0
202201270530,,0.0
202201270600,,0.0
202201270630,,0.0
202201270700,,0.0
202201270730,,0.0
202201270800,,0.0
202201270830,,0.0
202201270900,,0.0
202201270930,,0.0
202201271001,,0.0
202201271031,,0.0
202201271101,230.0,0.4
202201271131,,0.0
202201271201,,0.0
202201271231,,0.0
202201271301,,0.0
202201271331,,0.0
202201271401,,0.0
202201271431,,0.0
202201271501,55.0,0.4
202201271531,,0.0
202201271601,60.0,1.3
202201271631,109.0,0.9
202201271701,98.0,0.4
202201271731,134.0,0.4
202201271801,,0.0
202201271831,70.0,0.4
202201271901,,0.0
202201271931,,0.0
202201272001,113.0,0.4
202201272031,81.0,1.3
202201272101,108.0,0.4
202201272131,143.0,0.4
202201272201,,0.0
202201272231,,0.0
202201272301,,0.0
202201272331,,0.0
202201280001,,0.0
202201280031,138.0,0.4
202201280101,,0.0
202201280201,,0.0
202201280231,,0.0
202201280301,,0.0
202201280331,,0.0
202201280401,,0.0
202201280431,145.0,0.4
202201280501,,0.0
202201280531,,0.0
202201280601,,0.0
202201280631,,0.0
202201280701,,0.0
202201280731,,0.0
202201280801,,0.0
202201280831,,0.0
202201280901,,0.0
202201280931,148.0,0.4
202201281001,,0.0
202201281031,,0.0
202201281101,,0.0
202201281201,,0.0
202201281231,,0.0
202201281301,,0.0
202201281331,178.0,0.4
202201281401,144.0,0.4
202201281431,164.0,0.4
202201281531,233.0,2.2
202201281601,170.0,0.4
202201281631,215.0,2.2
202201281701,259.0,2.2
202201281731,183.0,0.9
202201281801,157.0,0.9
202201281831,244.0,2.2
202201281901,213.0,1.8
202201281931,163.0,1.8
202201282001,87.0,0.9
202201282031,250.0,3.6
202201282101,133.0,0.4
202201282131,189.0,0.4
202201282201,192.0,0.9
202201282231,248.0,1.8
202201282301,145.0,0.4
202201282331,,0.0
202201290001,162.0,0.4
202201290031,167.0,0.9
202201290101,210.0,1.3
202201290131,229.0,2.2
202201290201,278.0,2.2
202201290231,239.0,0.4
202201290301,270.0,2.2
202201290331,,0.0
202201290401,220.0,0.9
202201290431,218.0,0.9
202201290501,170.0,1.3
202201290531,176.0,0.4
202201290601,181.0,1.3
202201290631,,0.0
202201290731,,0.0
202201290801,165.0,0.4
202201290831,144.0,0.4
202201290901,,0.0
202201290931,,0.0
202201291001,186.0,0.9
202201291031,155.0,0.4
202201291101,,0.0
202201291131,,0.0
202201291201,,0.0
202201291231,,0.0
202201291301,,0.0
202201291331,,0.0
202201291401,162.0,0.4
202201291431,188.0,1.3
202201291501,102.0,0.4
202201291632,164.0,0.4
202201291732,150.0,0.9
202201291802,148.0,0.9
202201291832,,0.0
202201291902,191.0,0.9
202201291932,182.0,1.3
202201292002,,0.0
202201292032,,0.0
202201292102,,0.0
202201292132,146.0,0.4
202201292202,,0.0
202201292232,,0.0
202201292302,,0.0
202201292332,,0.0
202201300002,,0.0
202201300032,,0.0
202201300102,,0.0
202201300132,,0.0
202201300202,,0.0
202201300232,,0.0
202201300302,,0.0
202201300332,,0.0
202201300402,,0.0
202201300432,,0.0
202201300502,,0.0
202201300532,,0.0
202201300602,,0.0
202201300632,,0.0
202201300702,,0.0
202201300732,,0.0
202201300802,,0.0
202201300832,,0.0
202201300902,,0.0
202201300932,,0.0
202201301002,,0.0
202201301032,,0.0
202201301102,120.0,0.4
202201301132,,0.0
202201301202,111.0,0.4
202201301232,,0.0
202201301302,,0.0
202201301332,,0.0
202201301402,,0.0
202201301432,,0.0
202201301502,,0.0
202201301532,134.0,0.4
202201301602,124.0,1.8
202201301632,145.0,0.4
202201301702,145.0,0.4
202201301732,164.0,1.8
202201301832,160.0,1.3
202201301902,142.0,0.4
202201301932,141.0,1.3
202201302032,146.0,0.9
202201302102,228.0,1.3
202201302132,147.0,1.3
202201302202,,0.0
202201302232,,0.0
202201302302,,0.0
202201302332,,0.0
202201310032,,0.0
202201310102,,0.0
202201310132,,0.0
202201310202,,0.0
202201310232,,0.0
202201310302,,0.0
202201310402,,0.0
202201310432,,0.0
202201310502,,0.0
202201310532,,0.0
202201310602,,0.0
202201310632,,0.0
202201310702,,0.0
202201310732,,0.0
202201310802,,0.0
202201310832,,0.0
202201310902,,0.0
202201310932,,0.0
202201311002,,0.0
202201311032,,0.0
202201311102,,0.0
202201311132,,0.0
202201311202,,0.0
202201311232,138.0,0.4
202201311302,172.0,0.4
202201311332,,0.0
202201311402,,0.0
202201311432,,0.0
202201311502,,0.0
202201311603,116.0,0.4
202201311633,113.0,0.4
202201311703,123.0,0.9
202201311733,133.0,0.4
202201311803,125.0,0.4
202201311833,,0.0
202201311903,,0.0
202201311933,57.0,0.9
202201312003,,0.0
202201312033,128.0,0.4
202201312103,110.0,0.4
202201312133,,0.0
202201312203,,0.0
202201312233,124.0,0.4
202201312303,,0.0
202201312333,,0.0
202202010003,,0.0
202202010103,,0.0
202202010133,,0.0
202202010233,,0.0
202202010303,,0.0
202202010333,,0.0
202202010403,,0.0
202202010433,119.0,0.4
202202010503,,0.0
202202010533,,0.0
202202010603,,0.0
202202010633,,0.0
202202010703,,0.0
202202010803,,0.0
202202010833,,0.0
202202010903,,0.0
202202010933,,0.0
202202011003,,0.0
202202011033,,0.0
202202011103,,0.0
202202011133,,0.0
202202011203,,0.0
202202011233,,0.0
202202011303,116.0,0.4
202202011333,,0.0
202202011403,,0.0
202202011433,118.0,0.4
202202011503,119.0,0.4
202202011533,95.0,0.9
202202011603,111.0,0.9
202202011633,103.0,0.4
202202011703,85.0,0.9
202202011733,108.0,2.2
202202011803,63.0,3.1
202202011833,101.0,2.2
202202011903,107.0,3.1
202202011933,61.0,0.9
202202012003,74.0,2.2
202202012033,,0.0
202202012103,93.0,2.7
202202012133,90.0,1.3
202202012203,,0.0
202202012233,73.0,2.2
202202012303,95.0,0.4
202202020003,,0.0
202202020033,95.0,0.4
202202020103,,0.0
202202020133,,0.0
202202020203,77.0,0.9
202202020233,55.0,0.9
202202020303,,0.0
202202020333,,0.0
202202020403,344.0,1.3
202202020433,89.0,0.4
202202020503,,0.0
202202020533,63.0,0.4
202202020603,99.0,0.4
202202020633,98.0,0.4
202202020733,102.0,0.4
202202020803,,0.0
202202020833,94.0,0.4
202202020903,84.0,0.4
202202020933,81.0,0.9
202202021003,66.0,1.3
202202021033,,0.0
202202021103,62.0,0.4
202202021134,58.0,0.9
202202021204,87.0,0.9
202202021234,92.0,0.4
202202021304,,0.0
202202021334,86.0,0.4
202202021404,104.0,0.9
202202021434,97.0,2.2
202202021504,,0.0
202202021534,,0.0
202202021604,85.0,0.4
202202021634,,0.0
202202021704,45.0,1.3
202202021734,107.0,0.4
202202021804,66.0,0.9
202202021834,69.0,0.4
202202021904,77.0,0.4
202202021934,89.0,0.4
202202022004,,0.0
202202022034,,0.0
202202022104,,0.0
202202022134,,0.0
202202022204,,0.0
202202022234,85.0,0.4
202202022304,,0.0
202202022334,,0.0
202202030004,,0.0
202202030034,70.0,0.9
202202030104,63.0,1.3
202202030134,,0.0
202202030204,,0.0
202202030234,,0.0
202202030304,,0.0
202202030334,86.0,1.3
202202030404,,0.0
202202030434,41.0,2.2
202202030504,56.0,0.9
202202030534,51.0,0.4
202202030604,,0.0
202202030634,,0.0
202202030704,88.0,0.9
202202030734,115.0,0.4
202202030804,,0.0
202202030834,,0.0
202202030904,,0.0
202202030934,,0.0
202202031004,83.0,0.4
202202031034,,0.0
202202031104,,0.0
202202031134,,0.0
202202031204,,0.0
202202031234,23.0,1.3
202202031304,61.0,0.9
202202031334,82.0,0.4
202202031404,,0.0
202202031434,,0.0
202202031504,83.0,0.4
202202031534,87.0,3.1
202202031604,116.0,0.9
202202031634,124.0,0.4
202202031704,80.0,0.9
202202031734,99.0,2.2
202202031804,90.0,0.4
202202031834,109.0,1.3
202202031934,112.0,1.8
202202032004,79.0,0.9
202202032034,,0.0
202202032104,,0.0
202202032204,138.0,2.2
202202032234,,0.0
202202032304,,0.0
202202032334,149.0,0.4
202202040004,,0.0
202202040134,137.0,0.9
202202040204,,0.0
202202040234,,0.0
202202040304,179.0,0.9
202202040334,179.0,0.9
202202040404,152.0,0.4
202202040434,,0.0
202202040504,182.0,0.4
202202040534,,0.0
202202040604,210.0,0.4
202202040634,,0.0
202202040704,138.0,0.4
202202040734,146.0,0.4
202202040804,198.0,0.9
202202040834,172.0,0.4
202202040904,,0.0
202202040934,182.0,0.9
202202041005,144.0,0.4
202202041035,131.0,0.4
202202041105,166.0,0.9
202202041135,,0.0
202202041205,146.0,0.4
202202041235,152.0,0.4
202202041305,158.0,0.9
202202041335,142.0,0.4
202202041405,158.0,0.4
202202041435,151.0,0.4
202202041505,,0.0
202202041535,166.0,0.4
202202041605,,0.0
202202041635,160.0,0.4
202202041705,,0.0
202202041735,215.0,1.3
202202041805,,0.0
202202041835,151.0,0.4
202202041905,145.0,0.9
202202041935,159.0,0.4
202202042005,143.0,0.4
202202042035,166.0,0.9
202202042105,139.0,0.4
202202042135,271.0,0.9
202202042205,153.0,0.9
202202042235,,0.0
202202042305,167.0,0.4
202202042335,147.0,0.4
202202050005,,0.0
202202050035,166.0,0.9
202202050105,233.0,1.3
202202050135,200.0,0.9
202202050205,,0.0
202202050305,,0.0
202202050335,,0.0
202202050405,180.0,0.4
202202050435,132.0,0.9
202202050535,,0.0
202202050605,142.0,0.4
202202050635,,0.0
202202050705,,0.0
202202050735,154.0,0.4
202202050805,,0.0
202202050905,156.0,0.4
202202050935,194.0,0.9
202202051005,,0.0
202202051035,,0.0
202202051105,,0.0
202202051135,,0.0
202202051205,,0.0
202202051235,,0.0
202202051305,,0.0
202202051335,,0.0
202202051405,175.0,0.9
202202051435,,0.0
202202051505,279.0,2.2
202202051535,271.0,2.2
202202051605,221.0,2.2
202202051635,313.0,2.2
202202051705,218.0,1.8
202202051805,208.0,1.3
202202051835,34.0,1.3
202202051905,69.0,0.4
202202051935,281.0,1.3
202202052005,273.0,1.8
202202052035,249.0,0.9
202202052105,331.0,0.9
202202052135,,0.0
202202052205,272.0,1.3
202202052235,220.0,2.2
202202052305,234.0,0.9
202202052335,188.0,0.4
202202060005,,0.0
202202060035,,0.0
202202060105,,0.0
202202060135,,0.0
202202060205,,0.0
202202060235,,0.0
202202060305,,0.0
202202060335,,0.0
202202060405,,0.0
202202060505,,0.0
202202060535,,0.0
202202060605,,0.0
202202060635,,0.0
202202060705,,0.0
202202060735,,0.0
202202060805,,0.0
202202060835,,0.0
202202060905,,0.0
202202060935,,0.0
202202061005,,0.0
202202061035,,0.0
202202061105,,0.0
202202061135,,0.0
202202061205,,0.0
202202061235,,0.0
202202061306,,0.0
202202061336,,0.0
202202061406,,0.0
202202061436,,0.0
202202061506,86.0,0.9
202202061536,313.0,0.9
202202061606,93.0,0.4
202202061636,137.0,0.4
202202061736,93.0,0.4
202202061806,84.0,0.4
202202061836,84.0,1.3
202202061906,81.0,1.3
202202061936,86.0,0.4
202202062006,80.0,0.4
202202062036,,0.0
202202062106,,0.0
202202062136,327.0,0.9
202202062206,,0.0
202202062236,,0.0
202202062306,,0.0
202202062336,,0.0
202202070006,,0.0
202202070036,,0.0
202202070106,,0.0
202202070136,,0.0
202202070206,,0.0
202202070236,,0.0
202202070336,,0.0
202202070406,,0.0
202202070436,,0.0
202202070506,,0.0
202202070536,,0.0
202202070606,,0.0
202202070636,,0.0
202202070736,,0.0
202202070836,128.0,0.4
202202070906,,0.0
202202070936,,0.0
202202071036,,0.0
202202071106,,0.0
202202071206,,0.0
202202071236,,0.0
202202071306,,0.0
202202071336,,0.0
202202071406,,0.0
202202071436,,0.0
202202071506,,0.0
202202071536,,0.0
202202071606,100.0,0.4
202202071636,161.0,0.4
202202071706,132.0,0.9
202202071736,,0.0
202202071806,131.0,0.9
202202071936,141.0,0.4
202202072006,145.0,0.9
202202072036,172.0,0.4
202202072106,179.0,0.9
202202072136,165.0,0.4
202202072206,146.0,0.9
202202072236,147.0,0.4
202202072306,176.0,0.9
202202072336,,0.0
202202080006,,0.0
202202080036,,0.0
202202080106,,0.0
202202080136,,0.0
202202080206,,0.0
202202080236,,0.0
202202080306,,0.0
202202080336,,0.0
202202080406,,0.0
202202080436,,0.0
202202080506,,0.0
202202080606,,0.0
202202080636,,0.0
202202080706,149.0,0.4
202202080736,,0.0
202202080806,148.0,0.4
202202080836,,0.0
202202080906,,0.0
202202080936,,0.0
202202081006,,0.0
202202081036,,0.0
202202081106,,0.0
202202081136,,0.0
202202081206,,0.0
202202081236,,0.0
202202081306,,0.0
202202081336,,0.0
202202081407,,0.0
202202081437,161.0,0.4
202202081507,,0.0
202202081537,144.0,0.4
202202081637,,0.0
202202081707,55.0,0.9
202202081737,104.0,0.4
202202081807,219.0,0.9
202202081837,137.0,0.4
202202081907,112.0,1.3
202202081937,,0.0
202202082007,138.0,0.9
202202082037,150.0,0.4
202202082107,93.0,0.4
202202082137,101.0,0.4
202202082207,165.0,0.9
202202082237,138.0,0.4
202202082307,,0.0
202202082337,,0.0
202202090007,,0.0
202202090037,,0.0
202202090107,,0.0
202202090137,,0.0
202202090207,,0.0
202202090237,,0.0
202202090307,,0.0
202202090407,,0.0
202202090437,,0.0
202202090507,,0.0
202202090537,,0.0
202202090607,,0.0
202202090637,,0.0
202202090707,,0.0
202202090737,,0.0
202202090807,,0.0
202202090907,,0.0
202202090937,,0.0
202202091007,,0.0
202202091037,,0.0
202202091107,,0.0
202202091137,,0.0
202202091207,,0.0
202202091237,,0.0
202202091307,,0.0
202202091337,,0.0
202202091407,,0.0
202202091437,119.0,0.4
202202091507,98.0,0.4
202202091537,101.0,0.4
202202091607,106.0,0.4
202202091637,124.0,0.9
202202091707,115.0,1.3
202202091737,148.0,0.9
202202091807,130.0,1.8
202202091837,121.0,2.2
202202091907,203.0,0.9
202202091937,117.0,0.9
202202092037,141.0,0.9
202202092137,,0.0
202202092237,,0.0
202202092307,129.0,0.4
202202092337,,0.0
202202100007,,0.0
202202100037,,0.0
202202100107,,0.0
202202100137,,0.0
202202100207,,0.0
202202100237,,0.0
202202100307,,0.0
202202100337,,0.0
202202100407,,0.0
202202100437,,0.0
202202100507,,0.0
202202100537,,0.0
202202100607,,0.0
202202100637,,0.0
202202100707,,0.0
202202100737,,0.0
202202100807,,0.0
202202100837,,0.0
202202100907,,0.0
202202100937,,0.0
202202101007,,0.0
202202101038,,0.0
202202101208,,0.0
202202101238,,0.0
202202101308,,0.0
202202101338,,0.0
202202101408,,0.0
202202101438,,0.0
202202101508,,0.0
202202101538,,0.0
202202101608,147.0,0.9
202202101638,118.0,0.4
202202101708,96.0,0.4
202202101738,134.0,1.3
202202101808,106.0,0.4
202202101838,135.0,0.9
202202101908,129.0,0.9
202202101938,117.0,0.4
202202102008,142.0,0.9
202202102038,137.0,0.4
202202102108,143.0,0.9
202202102138,122.0,1.3
202202102208,,0.0
202202102238,121.0,0.4
202202102338,,0.0
202202110008,,0.0
202202110038,,0.0
202202110108,,0.0
202202110208,,0.0
202202110308,,0.0
202202110338,,0.0
202202110408,,0.0
202202110438,,0.0
202202110508,,0.0
202202110538,,0.0
202202110608,,0.0
202202110738,,0.0
202202110808,,0.0
202202110838,,0.0
202202110908,,0.0
202202110938,,0.0
202202111008,,0.0
202202111038,,0.0
202202111108,,0.0
202202111138,,0.0
202202111208,,0.0
202202111238,,0.0
202202111308,,0.0
202202111338,,0.0
202202111408,,0.0
202202111508,71.0,0.9
202202111538,98.0,0.9
202202111608,,0.0
202202111638,102.0,0.4
202202111708,114.0,1.3
202202111738,62.0,1.3
202202111808,128.0,1.8
202202111838,114.0,2.2
202202111908,124.0,0.9
202202111938,102.0,0.4
202202112008,,0.0
202202112038,149.0,1.3
202202112108,77.0,0.9
202202112138,,0.0
202202112208,114.0,1.3
202202112238,113.0,0.4
202202112308,94.0,0.4
202202112338,88.0,0.4
202202120008,,0.0
202202120038,,0.0
202202120108,,0.0
202202120138,,0.0
202202120208,,0.0
202202120238,,0.0
202202120308,,0.0
202202120338,,0.0
202202120408,,0.0
202202120438,,0.0
202202120508,,0.0
202202120538,,0.0
202202120608,,0.0
202202120638,,0.0
202202120708,,0.0
202202120738,,0.0
202202120809,,0.0
202202120839,,0.0
202202120909,136.0,0.9
202202120939,,0.0
202202121009,,0.0
202202121039,,0.0
202202121109,,0.0
202202121139,,0.0
202202121209,,0.0
202202121239,,0.0
202202121309,,0.0
202202121339,,0.0
202202121409,,0.0
202202121439,,0.0
202202121509,100.0,1.3
202202121539,278.0,1.3
202202121609,213.0,0.9
202202121639,116.0,0.9
202202121709,280.0,0.4
202202121739,141.0,0.9
202202121809,287.0,1.3
202202121839,230.0,1.8
202202121939,155.0,0.4
202202122009,180.0,0.4
202202122039,150.0,0.4
202202122109,156.0,0.9
202202122139,220.0,2.7
202202122209,202.0,0.9
202202122239,220.0,1.3
202202122309,228.0,2.7
202202122339,202.0,1.3
202202130009,159.0,1.3
202202130039,157.0,1.3
202202130109,208.0,1.3
202202130139,,0.0
202202130209,246.0,0.4
202202130239,183.0,0.4
202202130339,,0.0
202202130409,192.0,0.4
202202130439,150.0,0.9
202202130509,269.0,2.2
202202130539,262.0,1.3
202202130609,209.0,0.9
202202130639,276.0,1.3
202202130709,162.0,0.4
202202130739,194.0,0.4
202202130809,189.0,0.4
202202130839,,0.0
202202130939,225.0,1.3
202202131009,179.0,0.4
202202131039,179.0,0.4
202202131109,191.0,0.9
202202131139,,0.0
202202131239,244.0,1.3
202202131309,,0.0
202202131339,198.0,1.8
202202131409,190.0,0.4
202202131439,182.0,0.9
202202131509,141.0,2.2
202202131539,225.0,1.8
202202131609,315.0,1.8
202202131639,174.0,0.9
202202131709,157.0,0.4
202202131739,148.0,0.4
202202131809,,0.0
202202131839,160.0,1.3
202202131909,315.0,1.3
202202131939,,0.0
202202132009,183.0,0.4
202202132039,120.0,1.3
202202132109,122.0,2.2
202202132139,138.0,0.4
202202132209,144.0,0.9
202202132239,151.0,0.4
202202132309,,0.0
202202132339,,0.0
202202140009,,0.0
202202140039,,0.0
202202140109,,0.0
202202140139,,0.0
202202140209,,0.0
202202140240,,0.0
202202140309,,0.0
202202140339,,0.0
202202140410,,0.0
202202140440,,0.0
202202140510,,0.0
202202140540,,0.0
202202140610,,0.0
202202140640,,0.0
202202140710,,0.0
202202140740,,0.0
202202140810,,0.0
202202140840,,0.0
202202140910,,0.0
202202140940,,0.0
202202141010,,0.0
202202141040,,0.0
202202141110,,0.0
202202141140,,0.0
202202141210,,0.0
202202141240,,0.0
202202141310,,0.0
202202141340,,0.0
202202141410,,0.0
202202141440,,0.0
202202141510,,0.0
202202141540,,0.0
202202141610,135.0,0.4
202202141640,,0.0
202202141710,185.0,0.4
202202141740,70.0,0.9
202202141810,149.0,0.4
202202141840,149.0,0.4
202202141910,136.0,0.9
202202141940,94.0,0.4
202202142010,159.0,1.3
202202142040,159.0,0.9
202202142110,50.0,1.3
202202142140,69.0,0.9
202202142210,156.0,0.4
202202142240,,0.0
202202142310,,0.0
202202142340,,0.0
202202150010,,0.0
202202150040,,0.0
202202150110,,0.0
202202150140,,0.0
202202150210,,0.0
202202150240,,0.0
202202150310,,0.0
202202150340,,0.0
202202150410,,0.0
202202150440,,0.0
202202150510,,0.0
202202150540,,0.0
202202150610,,0.0
202202150640,,0.0
202202150710,,0.0
202202150740,,0.0
202202150840,,0.0
202202150910,,0.0
202202150940,,0.0
202202151010,,0.0
202202151040,,0.0
202202151110,,0.0
202202151140,,0.0
202202151210,,0.0
202202151240,,0.0
202202151310,,0.0
202202151340,,0.0
202202151410,,0.0
202202151440,,0.0
202202151510,64.0,1.3
202202151540,93.0,0.4
202202151610,131.0,0.4
202202151640,126.0,0.4
202202151710,128.0,1.8
202202151810,82.0,1.3
202202151840,59.0,2.2
202202151910,99.0,0.9
202202151940,78.0,0.9
202202152010,83.0,1.8
202202152040,82.0,0.4
202202152110,81.0,1.3
202202152140,117.0,0.9
202202152210,111.0,0.9
202202152240,137.0,0.9
202202152310,104.0,1.3
202202152340,57.0,0.4
202202160010,,0.0
202202160040,97.0,0.4
202202160110,,0.0
202202160140,,0.0
202202160211,87.0,0.4
202202160241,92.0,0.4
202202160311,,0.0
202202160341,81.0,0.4
202202160411,,0.0
202202160441,,0.0
202202160511,,0.0
202202160541,,0.0
202202160611,,0.0
202202160641,,0.0
202202160711,,0.0
202202160741,,0.0
202202160811,,0.0
202202160841,84.0,0.4
202202160911,,0.0
202202160941,81.0,0.4
202202161011,,0.0
202202161041,,0.0
202202161111,,0.0
202202161141,,0.0
202202161211,71.0,0.9
202202161241,,0.0
202202161311,,0.0
202202161341,100.0,0.4
202202161411,107.0,1.3
202202161511,71.0,0.9
202202161541,60.0,0.9
202202161611,84.0,0.9
202202161641,73.0,1.8
202202161711,30.0,1.8
202202161741,71.0,1.8
202202161811,141.0,1.3
202202161841,98.0,3.1
202202161911,97.0,1.3
202202161941,104.0,2.2
202202162011,57.0,2.7
202202162041,92.0,0.9
202202162111,108.0,0.4
202202162211,94.0,1.3
202202162311,89.0,1.3
202202162341,,0.0
202202170011,106.0,0.4
202202170041,72.0,1.3
202202170111,83.0,0.4
202202170141,,0.0
202202170211,,0.0
202202170241,80.0,0.9
202202170311,91.0,2.2
202202170341,96.0,0.9
202202170411,69.0,1.3
202202170441,104.0,2.2
202202170511,91.0,1.3
202202170541,96.0,1.3
202202170611,95.0,0.4
202202170641,120.0,0.9
202202170711,70.0,1.3
202202170741,,0.0
202202170811,,0.0
202202170841,,0.0
202202170911,103.0,1.3
202202170941,95.0,0.9
202202171011,86.0,0.9
202202171041,73.0,1.3
202202171111,93.0,1.3
202202171141,84.0,2.7
202202171211,99.0,0.4
202202171241,121.0,1.3
202202171311,93.0,0.4
202202171341,91.0,1.8
202202171411,63.0,0.4
202202171441,72.0,3.6
202202171511,96.0,1.3
202202171541,70.0,2.7
202202171611,110.0,1.8
202202171641,77.0,4.5
202202171711,81.0,1.8
202202171741,97.0,2.2
202202171811,76.0,1.3
202202171841,96.0,2.7
202202171911,105.0,2.2
202202171941,108.0,0.9
202202172011,46.0,2.2
202202172041,87.0,1.3
202202172111,87.0,2.2
202202172141,77.0,0.4
202202172211,74.0,0.9
202202172241,101.0,0.4
202202172311,93.0,1.8
202202172341,158.0,2.2
202202180011,138.0,0.4
202202180041,,0.0
202202180112,,0.0
202202180142,,0.0
202202180212,,0.0
202202180242,,0.0
202202180312,159.0,0.4
202202180342,183.0,0.4
202202180412,274.0,2.2
202202180442,147.0,0.9
202202180512,140.0,1.3
202202180542,200.0,3.1
202202180612,180.0,0.4
202202180642,202.0,0.4
202202180712,162.0,1.3
202202180742,186.0,1.3
202202180812,221.0,2.7
202202180842,172.0,0.9
202202180912,232.0,0.9
202202180942,161.0,0.4
202202181012,261.0,0.9
202202181042,207.0,0.4
202202181112,250.0,1.3
202202181142,,0.0
202202181212,251.0,1.3
202202181242,196.0,0.9
202202181312,181.0,0.9
202202181342,150.0,1.3
202202181442,239.0,1.3
202202181512,202.0,1.3
202202181542,,0.0
202202181612,195.0,0.9
202202181642,191.0,1.3
202202181712,268.0,1.3
202202181742,173.0,0.4
202202181812,191.0,0.9
202202181842,204.0,0.4
202202181912,191.0,0.9
202202181942,,0.0
202202182012,242.0,1.8
202202182042,169.0,0.4
202202182142,154.0,0.9
202202182212,240.0,0.9
202202182242,250.0,1.3
202202182312,200.0,0.9
202202182342,,0.0
202202190012,,0.0
202202190112,,0.0
202202190142,,0.0
202202190212,,0.0
202202190242,,0.0
202202190312,171.0,0.4
202202190342,,0.0
202202190412,,0.0
202202190442,,0.0
202202190542,,0.0
202202190612,,0.0
202202190642,,0.0
202202190712,,0.0
202202190742,,0.0
202202190812,,0.0
202202190842,,0.0
202202190912,,0.0
202202190942,,0.0
202202191012,,0.0
202202191042,,0.0
202202191112,,0.0
202202191142,,0.0
202202191212,,0.0
202202191242,,0.0
202202191312,,0.0
202202191342,,0.0
202202191412,,0.0
202202191442,,0.0
202202191512,199.0,0.9
202202191542,,0.0
202202191612,126.0,0.9
202202191642,,0.0
202202191712,161.0,0.4
202202191742,204.0,1.8
202202191812,,0.0
202202191843,,0.0
202202191913,145.0,1.3
202202191943,,0.0
202202192013,118.0,0.4
202202192043,240.0,1.8
202202192113,147.0,0.4
202202192143,191.0,0.9
202202192213,156.0,1.3
202202192243,171.0,0.4
202202192313,253.0,0.9
202202192343,,0.0
202202200043,,0.0
202202200113,,0.0
202202200143,,0.0
202202200213,,0.0
202202200243,,0.0
202202200313,,0.0
202202200343,,0.0
202202200413,,0.0
202202200443,,0.0
202202200513,,0.0
202202200543,,0.0
202202200613,,0.0
202202200643,,0.0
202202200713,,0.0
202202200743,,0.0
202202200813,,0.0
202202200843,,0.0
202202200913,,0.0
202202200943,,0.0
202202201013,,0.0
202202201113,,0.0
202202201143,,0.0
202202201213,,0.0
202202201243,,0.0
202202201313,,0.0
202202201343,,0.0
202202201413,134.0,0.4
202202201443,,0.0
202202201513,131.0,0.4
202202201543,,0.0
202202201613,,0.0
202202201643,95.0,1.3
202202201713,48.0,0.4
202202201743,18.0,1.3
202202201813,42.0,1.3
202202201843,66.0,1.3
202202201913,118.0,1.3
202202201943,132.0,1.3
202202202013,106.0,2.2
202202202043,,0.0
202202202113,103.0,0.9
202202202143,77.0,0.4
202202202213,,0.0
202202202243,102.0,0.4
202202202313,81.0,0.9
202202202343,,0.0
202202210013,,0.0
202202210043,,0.0
202202210113,,0.0
202202210143,,0.0
202202210213,,0.0
202202210243,,0.0
202202210343,,0.0
202202210413,,0.0
202202210443,,0.0
202202210513,,0.0
202202210543,,0.0
202202210613,,0.0
202202210643,,0.0
202202210713,,0.0
202202210743,,0.0
202202210813,,0.0
202202210843,,0.0
202202210913,,0.0
202202210943,,0.0
202202211013,,0.0
202202211043,,0.0
202202211113,,0.0
202202211143,,0.0
202202211213,,0.0
202202211243,,0.0
202202211313,,0.0
202202211343,,0.0
202202211413,92.0,0.9
202202211443,78.0,0.9
202202211513,,0.0
202202211543,88.0,0.9
202202211613,106.0,0.4
202202211643,98.0,1.3
202202211713,70.0,0.4
202202211743,115.0,0.9
202202211813,,0.0
202202211843,103.0,0.4
202202211913,,0.0
202202211943,73.0,0.4
202202212013,,0.0
202202212043,56.0,1.8
202202212143,89.0,0.4
202202212213,,0.0
202202212243,,0.0
202202212313,89.0,0.4
202202212343,82.0,0.9
202202220013,100.0,0.4
202202220044,78.0,0.9
202202220114,,0.0
202202220144,,0.0
202202220214,92.0,0.4
202202220244,90.0,0.4
202202220314,91.0,0.4
202202220344,96.0,0.4
202202220414,100.0,0.9
202202220544,,0.0
202202220614,53.0,0.9
202202220644,69.0,1.3
202202220714,82.0,2.2
202202220744,97.0,0.4
202202220814,56.0,0.9
202202220844,,0.0
202202220914,75.0,1.3
202202220944,89.0,0.9
202202221014,112.0,0.9
202202221044,89.0,0.4
202202221114,103.0,0.4
202202221144,102.0,0.4
202202221214,,0.0
202202221244,91.0,0.9
202202221314,,0.0
202202221344,,0.0
202202221414,,0.0
202202221444,55.0,0.9
202202221514,93.0,0.4
202202221544,,0.0
202202221644,104.0,0.9
202202221714,82.0,1.8
202202221814,91.0,1.3
202202221844,143.0,1.3
202202221914,70.0,0.9
202202221944,74.0,0.9
202202222014,101.0,0.9
202202222044,,0.0
202202222114,83.0,0.4
202202222144,54.0,1.8
202202222214,80.0,1.8
202202222244,,0.0
202202222344,86.0,1.3
202202230014,99.0,0.4
202202230044,96.0,0.4
202202230114,,0.0
202202230144,,0.0
202202230214,108.0,1.8
202202230244,112.0,0.4
202202230344,91.0,0.4
202202230414,116.0,0.4
202202230444,,0.0
202202230514,82.0,1.8
202202230544,67.0,0.9
202202230614,104.0,0.4
202202230714,112.0,0.4
202202230744,,0.0
202202230814,121.0,0.4
202202230844,,0.0
202202230914,123.0,0.4
202202230944,127.0,0.9
202202231014,85.0,0.4
202202231044,,0.0
202202231114,,0.0
202202231144,,0.0
202202231214,144.0,0.4
202202231244,,0.0
202202231314,,0.0
202202231344,136.0,0.4
202202231414,168.0,0.4
202202231444,149.0,1.8
202202231514,165.0,0.4
202202231544,267.0,0.9
202202231614,274.0,1.3
202202231644,187.0,0.4
202202231714,,0.0
202202231744,,0.0
202202231814,206.0,1.3
202202231844,335.0,0.9
202202231915,,0.0
202202232015,224.0,0.9
202202232045,251.0,0.9
202202232115,226.0,0.4
202202232145,195.0,0.4
202202232245,207.0,0.4
202202232315,198.0,0.9
202202232345,173.0,0.4
202202240015,192.0,0.4
202202240045,209.0,0.9
202202240115,174.0,0.9
202202240145,237.0,1.3
202202240215,219.0,0.4
202202240245,314.0,1.3
202202240315,180.0,0.9
202202240345,195.0,0.9
202202240415,197.0,0.4
202202240445,220.0,0.4
202202240515,181.0,0.4
202202240545,,0.0
202202240615,173.0,0.4
202202240645,176.0,0.4
202202240715,,0.0
202202240745,188.0,0.4
202202240815,,0.0
202202240845,,0.0
202202240915,200.0,0.4
202202240945,,0.0
202202241015,,0.0
202202241045,,0.0
202202241145,177.0,0.4
202202241215,173.0,0.4
202202241245,,0.0
202202241315,,0.0
202202241345,,0.0
202202241415,,0.0
202202241445,,0.0
202202241515,,0.0
202202241545,,0.0
202202241615,186.0,0.4
202202241645,,0.0
202202241715,,0.0
202202241745,,0.0
202202241815,,0.0
202202241845,107.0,0.4
202202241915,147.0,0.4
202202241945,,0.0
202202242015,,0.0
202202242045,91.0,1.3
202202242115,124.0,0.9
202202242145,70.0,1.8
202202242215,,0.0
202202242245,,0.0
202202242315,,0.0
202202242345,,0.0
202202250015,,0.0
202202250045,94.0,0.4
202202250115,,0.0
202202250145,,0.0
202202250215,100.0,0.4
202202250245,82.0,0.9
202202250345,123.0,0.4
202202250415,122.0,0.4
202202250445,148.0,0.9
202202250515,93.0,0.4
202202250545,82.0,0.4
202202250615,106.0,0.4
202202250645,120.0,0.4
202202250715,165.0,1.3
202202250745,212.0,0.4
202202250815,181.0,1.3
202202250845,,0.0
202202250915,171.0,0.4
202202250945,161.0,0.9
202202251045,163.0,0.4
202202251115,205.0,1.3
202202251145,194.0,0.9
202202251215,157.0,0.4
202202251245,,0.0
202202251315,220.0,0.4
202202251345,164.0,0.9
202202251415,199.0,0.9
202202251445,181.0,0.9
202202251515,221.0,1.8
202202251546,281.0,1.3
202202251616,183.0,0.9
202202251646,199.0,0.9
202202251716,173.0,0.4
202202251746,220.0,1.3
202202251816,269.0,1.3
202202251846,170.0,0.4
202202251916,148.0,0.4
202202251946,286.0,2.7
202202252016,164.0,0.4
202202252046,211.0,1.3
202202252116,173.0,0.4
202202252146,220.0,1.3
202202252216,,0.0
202202252246,295.0,0.9
202202252316,,0.0
202202260046,179.0,1.3
202202260116,222.0,0.9
202202260146,196.0,0.9
202202260216,186.0,0.4
202202260246,286.0,1.3
202202260316,231.0,0.9
202202260346,260.0,1.3
202202260416,324.0,1.8
202202260446,315.0,0.9
202202260516,206.0,0.9
202202260546,253.0,1.8
202202260616,196.0,0.4
202202260716,205.0,1.3
202202260746,,0.0
202202260816,192.0,0.4
202202260846,170.0,0.4
202202260916,172.0,0.4
202202260946,174.0,0.4
202202261016,281.0,1.3
202202261046,261.0,0.9
202202261116,280.0,1.3
202202261146,218.0,1.3
202202261216,268.0,0.9
202202261316,273.0,0.4
202202261346,,0.0
202202261416,211.0,1.3
202202261446,,0.0
202202261546,192.0,0.9
202202261616,,0.0
202202261646,151.0,0.4
202202261716,,0.0
202202261746,,0.0
202202261816,,0.0
202202261846,176.0,0.4
202202261916,214.0,0.4
202202261946,169.0,0.4
202202262016,114.0,0.4
202202262046,161.0,0.4
202202262116,194.0,0.4
202202262146,274.0,0.9
202202262216,177.0,0.4
202202262246,179.0,0.4
202202262316,,0.0
202202262346,,0.0
202202270016,,0.0
202202270046,196.0,0.4
202202270116,143.0,0.4
202202270146,,0.0
202202270216,,0.0
202202270246,170.0,0.4
202202270316,229.0,1.3
202202270346,117.0,0.4
202202270416,,0.0
202202270446,,0.0
202202270516,186.0,0.4
202202270546,170.0,0.4
202202270616,165.0,0.4
202202270716,168.0,0.4
202202270746,,0.0
202202270816,192.0,0.4
202202270846,177.0,0.4
202202270916,168.0,0.4
202202270946,,0.0
202202271046,,0.0
202202271116,,0.0
202202271146,,0.0
202202271316,,0.0
202202271346,186.0,0.4
202202271416,,0.0
202202271446,167.0,0.4
202202271516,184.0,0.4
202202271547,183.0,0.4
202202271617,151.0,0.9
202202271647,198.0,0.4
202202271717,,0.0
202202271747,,0.0
202202271847,182.0,0.9
202202271917,234.0,1.3
202202271947,158.0,0.4
202202272017,,0.0
202202272047,149.0,0.4
202202272117,260.0,0.9
202202272147,214.0,0.9
202202272217,,0.0
202202272247,224.0,1.3
202202272347,171.0,0.4
202202280017,,0.0
202202280047,,0.0
202202280117,192.0,0.9
202202280147,,0.0
202202280217,206.0,0.4
202202280247,,0.0
202202280317,,0.0
202202280347,,0.0
202202280417,,0.0
202202280447,,0.0
202202280517,,0.0
202202280547,,0.0
202202280617,,0.0
202202280647,,0.0
202202280717,,0.0
202202280747,166.0,0.4
202202280817,,0.0
202202280917,,0.0
202202280947,,0.0
202202281017,,0.0
202202281047,,0.0
202202281117,,0.0
202202281147,,0.0
202202281217,,0.0
202202281247,,0.0
202202281317,,0.0
202202281347,170.0,0.4
202202281417,,0.0
202202281447,143.0,0.4
202202281517,190.0,0.9
202202281547,147.0,0.4
202202281617,,0.0
202202281647,173.0,0.4
202202281717,155.0,0.9
202202281747,140.0,0.4
202202281817,,0.0
202202281847,195.0,1.3
202202281917,158.0,0.4
202202281947,190.0,0.4
202202282017,210.0,0.9
202202282047,204.0,0.4
202202282117,146.0,0.4
202202282147,213.0,1.3
202202282217,,0.0
202202282347,,0.0
202203010017,,0.0
202203010047,,0.0
202203010117,,0.0
202203010147,,0.0
202203010217,,0.0
202203010247,157.0,0.4
202203010317,,0.0
202203010347,,0.0
202203010417,,0.0
202203010447,,0.0
202203010517,,0.0
202203010547,,0.0
202203010617,,0.0
202203010647,,0.0
202203010717,,0.0
202203010747,,0.0
202203010817,,0.0
202203010847,,0.0
202203010917,,0.0
202203010947,,0.0
202203011017,,0.0
202203011047,,0.0
202203011117,,0.0
202203011147,,0.0
202203011217,,0.0
202203011247,,0.0
202203011317,,0.0
202203011347,,0.0
202203011417,,0.0
202203011447,,0.0
202203011517,,0.0
202203011548,145.0,0.4
202203011618,,0.0
202203011648,138.0,0.4
202203011718,,0.0
202203011748,27.0,0.4
202203011818,99.0,0.4
202203011848,148.0,0.4
202203011918,163.0,0.9
202203011948,107.0,0.9
202203012018,,0.0
202203012048,129.0,0.4
202203012118,168.0,1.8
202203012148,,0.0
202203012218,156.0,0.9
202203012248,139.0,0.4
202203012318,,0.0
202203012348,,0.0
202203020018,,0.0
202203020048,,0.0
202203020118,,0.0
202203020148,,0.0
202203020218,,0.0
202203020248,,0.0
202203020318,,0.0
202203020348,,0.0
202203020418,,0.0
202203020448,,0.0
202203020518,,0.0
202203020548,,0.0
202203020618,,0.0
202203020648,,0.0
202203020718,,0.0
202203020748,,0.0
202203020818,,0.0
202203020848,,0.0
202203020918,,0.0
202203020948,,0.0
202203021048,,0.0
202203021118,,0.0
202203021148,,0.0
202203021218,,0.0
202203021248,,0.0
202203021318,,0.0
202203021348,,0.0
202203021418,127.0,0.4
202203021448,136.0,0.4
202203021518,108.0,0.4
202203021548,124.0,0.9
202203021618,87.0,0.4
202203021648,,0.0
202203021718,,0.0
202203021748,,0.0
202203021818,131.0,0.9
202203021848,140.0,0.4
202203021918,134.0,2.2
202203021948,179.0,1.8
202203022018,243.0,1.3
202203022048,131.0,0.4
202203022118,,0.0
202203022148,140.0,0.4
202203022218,184.0,1.3
202203022248,122.0,0.4
202203022318,,0.0
202203022348,,0.0
202203030018,,0.0
202203030048,,0.0
202203030118,,0.0
202203030148,,0.0
202203030218,,0.0
202203030248,,0.0
202203030318,,0.0
202203030348,,0.0
202203030418,,0.0
202203030518,,0.0
202203030548,,0.0
202203030618,,0.0
202203030648,,0.0
202203030718,,0.0
202203030748,,0.0
202203030818,,0.0
202203030848,,0.0
202203030918,,0.0
202203030948,,0.0
202203031018,,0.0
202203031048,,0.0
202203031118,,0.0
202203031149,,0.0
202203031219,,0.0
202203031249,,0.0
202203031319,,0.0
202203031349,,0.0
202203031419,,0.0
202203031449,,0.0
202203031519,,0.0
202203031549,84.0,0.9
202203031619,,0.0
202203031649,126.0,0.9
202203031719,150.0,1.8
202203031749,135.0,0.4
202203031819,,0.0
202203031849,245.0,1.8
202203031919,135.0,0.4
202203031949,,0.0
202203032019,78.0,0.9
202203032049,104.0,0.9
202203032119,121.0,0.4
202203032149,136.0,0.4
202203032219,114.0,0.4
202203032249,,0.0
202203032319,,0.0
202203032349,,0.0
202203040019,,0.0
202203040049,,0.0
202203040119,,0.0
202203040149,,0.0
202203040219,,0.0
202203040249,,0.0
202203040319,,0.0
202203040349,,0.0
202203040419,,0.0
202203040449,,0.0
202203040519,114.0,0.4
202203040549,,0.0
202203040619,,0.0
202203040649,,0.0
202203040719,132.0,0.4
202203040749,,0.0
202203040819,,0.0
202203040849,,0.0
202203040919,,0.0
202203040949,,0.0
202203041019,,0.0
202203041049,,0.0
202203041119,,0.0
202203041149,,0.0
202203041219,,0.0
202203041249,,0.0
202203041319,,0.0
202203041349,,0.0
202203041419,94.0,0.4
202203041449,112.0,0.4
202203041519,94.0,1.3
202203041549,104.0,0.9
202203041619,,0.0
202203041649,120.0,0.4
202203041719,126.0,0.9
202203041749,91.0,0.9
202203041849,26.0,0.4
202203041919,,0.0
202203041949,79.0,0.4
202203042019,114.0,0.9
202203042049,79.0,1.3
202203042119,108.0,1.3
202203042149,109.0,0.9
202203042219,103.0,0.4
202203042249,85.0,0.9
202203042319,,0.0
202203042349,,0.0
202203050019,,0.0
202203050049,,0.0
202203050119,,0.0
202203050149,,0.0
202203050219,,0.0
202203050249,,0.0
202203050319,,0.0
202203050349,,0.0
202203050449,,0.0
202203050519,,0.0
202203050549,,0.0
202203050619,,0.0
202203050649,,0.0
202203050719,,0.0
202203050749,,0.0
202203050819,,0.0
202203050849,,0.0
202203050919,96.0,0.4
202203050949,,0.0
202203051019,,0.0
202203051049,,0.0
202203051119,,0.0
202203051149,,0.0
202203051219,82.0,0.4
202203051249,,0.0
202203051319,,0.0
202203051349,92.0,0.4
202203051419,102.0,1.8
202203051449,83.0,1.3
202203051519,82.0,3.1
202203051549,78.0,0.9
202203051619,110.0,3.1
202203051649,107.0,0.4
202203051719,,0.0
202203051749,114.0,0.9
202203051819,77.0,0.4
202203051849,83.0,0.9
202203051949,148.0,0.9
202203052020,51.0,2.7
202203052050,125.0,1.8
202203052120,89.0,0.9
202203052150,120.0,1.3
202203052220,116.0,0.4
202203052250,112.0,0.4
202203052320,,0.0
202203052350,,0.0
202203060020,113.0,0.4
202203060050,,0.0
202203060120,,0.0
202203060150,,0.0
202203060220,,0.0
202203060250,,0.0
202203060320,,0.0
202203060350,104.0,0.4
202203060420,115.0,1.3
202203060450,101.0,1.8
202203060520,,0.0
202203060550,,0.0
202203060620,,0.0
202203060650,101.0,0.4
202203060720,,0.0
202203060750,88.0,0.4
202203060820,107.0,0.4
202203060850,94.0,0.9
202203060920,93.0,0.4
202203060950,103.0,0.4
202203061020,70.0,0.9
202203061050,,0.0
202203061120,,0.0
202203061150,,0.0
202203061220,102.0,0.4
202203061250,,0.0
202203061320,,0.0
202203061350,,0.0
202203061420,83.0,0.9
202203061450,94.0,0.4
202203061520,,0.0
202203061550,93.0,2.2
202203061620,62.0,0.9
202203061650,70.0,0.9
202203061720,121.0,1.3
202203061750,77.0,1.8
202203061820,99.0,0.9
202203061850,64.0,0.9
202203061920,138.0,1.8
202203061950,150.0,0.9
202203062050,,0.0
202203062120,73.0,0.9
202203062150,,0.0
202203062220,64.0,0.9
202203062250,,0.0
202203062320,94.0,0.9
202203062350,,0.0
202203070020,,0.0
202203070050,,0.0
202203070120,,0.0
202203070150,,0.0
202203070220,87.0,0.4
202203070250,83.0,0.4
202203070320,,0.0
202203070350,102.0,0.9
202203070420,,0.0
202203070550,106.0,0.4
202203070620,,0.0
202203070650,,0.0
202203070720,77.0,0.9
202203070750,76.0,1.8
202203070820,,0.0
202203070850,77.0,0.4
202203070920,109.0,1.3
202203070950,107.0,1.3
202203071020,116.0,0.4
202203071050,98.0,0.4
202203071120,65.0,0.9
202203071150,108.0,1.3
202203071220,86.0,0.4
202203071250,71.0,0.9
202203071320,126.0,0.4
202203071350,67.0,1.8
202203071420,122.0,2.2
202203071450,114.0,0.9
202203071520,170.0,2.2
202203071550,134.0,0.4
202203071620,114.0,1.8
202203071650,96.0,3.6
202203071720,160.0,1.3
202203071750,231.0,0.4
202203071820,164.0,1.3
202203071850,162.0,2.2
202203071921,139.0,0.4
202203071951,128.0,0.4
202203072021,164.0,1.3
202203072051,169.0,0.4
202203072151,218.0,1.8
202203072221,190.0,1.3
202203072251,159.0,1.3
202203072321,233.0,0.9
202203072351,176.0,0.9
202203080021,173.0,1.3
202203080121,255.0,1.3
202203080151,,0.0
202203080221,,0.0
202203080251,170.0,0.4
202203080321,190.0,0.4
202203080351,193.0,0.9
202203080421,166.0,0.9
202203080451,,0.0
202203080521,174.0,0.4
202203080551,,0.0
202203080621,,0.0
202203080651,,0.0
202203080721,260.0,0.4
202203080751,,0.0
202203080821,221.0,0.4
202203080851,244.0,1.3
202203080951,191.0,0.4
202203081021,271.0,1.3
202203081051,267.0,1.8
202203081151,131.0,0.4
202203081221,,0.0
202203081251,249.0,0.9
202203081321,193.0,1.8
202203081351,,0.0
202203081421,141.0,1.3
202203081451,184.0,0.4
202203081521,284.0,1.3
202203081551,17.0,0.9
202203081621,272.0,2.2
202203081651,190.0,0.4
202203081721,,0.0
202203081821,186.0,0.4
202203081851,256.0,1.8
202203081921,208.0,1.3
202203081951,70.0,0.9
202203082021,88.0,0.4
202203082051,,0.0
202203082121,109.0,0.4
202203082151,,0.0
202203082221,,0.0
202203082251,,0.0
202203082321,159.0,0.9
202203090021,224.0,1.3
202203090051,,0.0
202203090121,149.0,0.4
202203090151,,0.0
202203090221,139.0,0.9
202203090251,199.0,0.9
202203090321,30.0,0.9
202203090351,179.0,0.9
202203090421,181.0,0.4
202203090451,4.0,2.2
202203090521,,0.0
202203090551,87.0,0.4
202203090621,74.0,0.9
202203090651,180.0,0.9
202203090721,191.0,0.9
202203090751,,0.0
202203090821,194.0,0.9
202203090851,,0.0
202203090921,,0.0
202203090951,173.0,0.4
202203091021,189.0,0.9
202203091051,174.0,0.4
202203091121,172.0,0.4
202203091151,161.0,0.4
202203091221,163.0,0.4
202203091251,163.0,1.3
202203091321,182.0,0.9
202203091351,185.0,0.9
202203091421,189.0,0.9
202203091451,191.0,0.9
202203091521,137.0,0.9
202203091551,205.0,0.9
202203091621,161.0,0.4
202203091651,,0.0
202203091721,160.0,1.3
202203091751,202.0,0.9
202203091821,283.0,0.9
202203091851,199.0,1.3
202203091921,,0.0
202203091951,158.0,1.3
202203092021,167.0,0.4
202203092051,149.0,0.4
202203092121,160.0,0.4
202203092151,188.0,1.3
202203092221,220.0,1.3
202203092251,254.0,1.3
202203092321,,0.0
202203100021,162.0,0.4
202203100051,,0.0
202203100122,,0.0
202203100152,,0.0
202203100222,,0.0
202203100252,,0.0
202203100322,,0.0
202203100352,189.0,0.9
202203100422,,0.0
202203100452,,0.0
202203100522,,0.0
202203100552,,0.0
202203100622,,0.0
202203100652,,0.0
202203100722,,0.0
202203100752,,0.0
202203100822,,0.0
202203100852,,0.0
202203100922,165.0,0.4
202203100952,171.0,0.4
202203101022,164.0,0.4
202203101222,158.0,0.4
202203101322,177.0,0.4
202203101352,158.0,0.4
202203101422,299.0,1.3
202203101452,,0.0
202203101522,,0.0
202203101552,,0.0
202203101622,136.0,0.4
202203101652,233.0,1.3
202203101722,226.0,1.8
202203101752,147.0,0.4
202203101822,146.0,0.4
202203101852,103.0,0.9
202203101922,128.0,0.9
202203101952,204.0,0.4
202203102022,124.0,0.4
202203102122,162.0,0.4
202203102152,146.0,0.4
202203102222,139.0,0.4
202203102252,158.0,0.4
202203102322,,0.0
202203102352,,0.0
202203110022,,0.0
202203110052,,0.0
202203110122,,0.0
202203110152,,0.0
202203110222,,0.0
202203110322,,0.0
202203110352,,0.0
202203110422,,0.0
202203110452,,0.0
202203110522,,0.0
202203110552,,0.0
202203110622,,0.0
202203110652,,0.0
202203110722,,0.0
202203110752,,0.0
202203110822,,0.0
202203110852,,0.0
202203110922,,0.0
202203110952,,0.0
202203111052,,0.0
202203111122,,0.0
202203111152,,0.0
202203111222,,0.0
202203111252,,0.0
202203111352,,0.0
202203111422,,0.0
202203111452,51.0,0.9
202203111522,,0.0
202203111552,48.0,1.8
202203111622,132.0,0.4
202203111652,96.0,0.4
202203111722,,0.0
202203111752,88.0,0.4
202203111822,168.0,1.8
202203111852,,0.0
202203111922,,0.0
202203111952,111.0,0.4
202203112022,122.0,0.9
202203112052,125.0,0.9
202203112122,167.0,0.9
202203112152,120.0,0.4
202203112222,,0.0
202203112252,,0.0
202203112322,,0.0
202203112352,,0.0
202203120022,,0.0
202203120052,,0.0
202203120122,142.0,0.4
202203120152,96.0,3.6
202203120223,182.0,0.4
202203120253,259.0,3.1
202203120323,268.0,1.8
202203120353,233.0,2.7
202203120423,188.0,2.7
202203120453,211.0,1.8
202203120553,253.0,3.1
202203120623,182.0,0.9
202203120653,213.0,4.9
202203120723,211.0,1.3
202203120753,158.0,0.4
202203120823,184.0,0.4
202203120853,173.0,0.9
202203120923,152.0,0.4
202203120953,154.0,0.9
202203121023,164.0,1.3
202203121053,223.0,1.8
202203121123,159.0,0.9
202203121153,148.0,0.9
202203121223,,0.0
202203121253,175.0,0.9
202203121323,204.0,1.3
202203121353,144.0,0.9
202203121423,140.0,0.4
202203121453,204.0,2.2
202203121523,273.0,1.8
202203121553,226.0,1.8
202203121623,233.0,2.2
202203121653,264.0,2.7
202203121723,196.0,3.6
202203121753,230.0,0.4
202203121823,216.0,1.8
202203121853,194.0,3.1
202203121923,164.0,1.3
202203121953,203.0,3.6
202203122023,154.0,1.3
202203122053,235.0,1.3
202203122123,198.0,1.3
202203122153,149.0,0.4
202203122223,187.0,2.2
202203122253,201.0,2.2
202203122323,178.0,0.9
202203122353,188.0,0.9
202203130023,,0.0
202203130053,,0.0
202203130123,,0.0
202203130153,151.0,0.4
202203130223,,0.0
202203130253,,0.0
202203130323,,0.0
202203130353,,0.0
202203130423,,0.0
202203130453,,0.0
202203130523,,0.0
202203130553,,0.0
202203130623,,0.0
202203130653,,0.0
202203130723,,0.0
202203130753,155.0,0.4
202203130823,,0.0
202203130853,,0.0
202203130923,,0.0
202203130953,,0.0
202203131023,,0.0
202203131053,,0.0
202203131123,,0.0
202203131153,,0.0
202203131223,,0.0
202203131253,,0.0
202203131323,,0.0
202203131353,,0.0
202203131423,,0.0
202203131453,56.0,0.9
202203131523,163.0,0.4
202203131553,77.0,1.3
202203131623,128.0,0.4
202203131653,59.0,0.9
202203131723,82.0,0.9
202203131823,148.0,0.4
202203131853,72.0,0.9
202203131923,,0.0
202203131953,49.0,0.9
202203132023,107.0,0.9
202203132053,130.0,1.3
202203132123,,0.0
202203132153,136.0,0.9
202203132223,134.0,2.7
202203132253,,0.0
202203132323,,0.0
202203132353,165.0,0.4
202203140023,,0.0
202203140053,,0.0
202203140153,,0.0
202203140223,,0.0
202203140253,,0.0
202203140323,90.0,0.4
202203140353,107.0,0.4
202203140423,,0.0
202203140454,,0.0
202203140524,,0.0
202203140554,,0.0
202203140624,,0.0
202203140654,,0.0
202203140724,,0.0
202203140754,,0.0
202203140824,,0.0
202203140854,,0.0
202203140924,,0.0
202203140954,,0.0
202203141024,,0.0
202203141054,,0.0
202203141124,,0.0
202203141154,125.0,0.4
202203141224,,0.0
202203141324,,0.0
202203141354,,0.0
202203141424,86.0,0.4
202203141454,59.0,1.3
202203141524,53.0,0.4
202203141554,34.0,0.9
202203141624,99.0,1.3
202203141654,154.0,1.3
202203141724,114.0,1.8
202203141754,81.0,0.4
202203141824,93.0,0.9
202203141854,79.0,0.4
202203141924,94.0,0.4
202203142024,111.0,1.3
202203142054,,0.0
202203142154,98.0,0.4
202203142224,75.0,0.4
202203142254,,0.0
202203142324,69.0,0.4
202203142354,,0.0
202203150024,,0.0
202203150054,,0.0
202203150124,,0.0
202203150154,,0.0
202203150224,,0.0
202203150254,,0.0
202203150324,,0.0
202203150354,,0.0
202203150424,,0.0
202203150454,,0.0
202203150524,,0.0
202203150554,,0.0
202203150624,,0.0
202203150654,,0.0
202203150724,,0.0
202203150754,,0.0
202203150824,,0.0
202203150854,,0.0
202203150924,,0.0
202203150954,,0.0
202203151024,95.0,0.4
202203151054,,0.0
202203151124,,0.0
202203151154,124.0,0.4
202203151224,75.0,0.4
202203151254,75.0,0.4
202203151324,,0.0
202203151354,,0.0
202203151424,28.0,1.8
202203151454,80.0,0.4
202203151524,66.0,0.9
202203151554,,0.0
202203151624,91.0,0.4
202203151754,15.0,1.3
202203151824,78.0,0.4
202203151854,98.0,0.9
202203151924,24.0,1.3
202203151954,79.0,0.4
202203152024,103.0,1.3
202203152054,,0.0
202203152124,,0.0
202203152154,153.0,0.4
202203152224,157.0,0.9
202203152254,158.0,0.9
202203152324,305.0,0.4
202203152354,,0.0
202203160024,262.0,0.4
202203160054,177.0,1.3
202203160124,196.0,0.9
202203160154,,0.0
202203160224,,0.0
202203160254,,0.0
202203160324,182.0,0.4
202203160354,337.0,0.9
202203160424,159.0,0.4
202203160454,,0.0
202203160524,,0.0
202203160554,136.0,0.4
202203160624,271.0,0.4
202203160654,,0.0
202203160724,211.0,0.9
202203160754,343.0,0.9
202203160824,176.0,0.4
202203160854,,0.0
202203160924,293.0,0.4
202203160955,251.0,0.9
202203161025,236.0,0.9
202203161055,,0.0
202203161125,124.0,0.4
202203161155,,0.0
202203161225,,0.0
202203161255,,0.0
202203161325,164.0,0.4
202203161355,158.0,0.4
202203161425,,0.0
202203161455,,0.0
202203161525,,0.0
202203161555,195.0,0.4
202203161625,,0.0
202203161655,,0.0
202203161725,208.0,0.9
202203161755,,0.0
202203161825,183.0,0.4
202203161855,,0.0
202203161955,101.0,0.4
202203162025,,0.0
202203162055,118.0,1.3
202203162125,,0.0
202203162155,191.0,0.9
202203162225,,0.0
202203162255,,0.0
202203162325,,0.0
202203162355,117.0,0.4
202203170025,,0.0
202203170055,,0.0
202203170225,,0.0
202203170255,,0.0
202203170325,,0.0
202203170355,,0.0
202203170425,,0.0
202203170455,,0.0
202203170525,,0.0
202203170555,,0.0
202203170655,,0.0
202203170725,,0.0
202203170755,,0.0
202203170825,,0.0
202203170855,,0.0
202203170925,,0.0
202203171025,,0.0
202203171055,,0.0
202203171125,,0.0
202203171155,,0.0
202203171225,,0.0
202203171255,,0.0
202203171325,,0.0
202203171355,,0.0
202203171425,,0.0
202203171455,,0.0
202203171525,,0.0
202203171555,,0.0
202203171625,106.0,0.4
202203171655,100.0,0.9
202203171725,118.0,0.9
202203171755,,0.0
202203171825,43.0,0.9
202203171855,72.0,1.8
202203171925,57.0,0.9
202203171955,96.0,0.4
202203172025,135.0,1.3
202203172055,66.0,0.9
202203172125,51.0,0.9
202203172155,85.0,1.8
202203172225,20.0,0.4
202203172255,79.0,0.9
202203172325,,0.0
202203172355,,0.0
202203180025,,0.0
202203180055,,0.0
202203180125,,0.0
202203180155,,0.0
202203180225,,0.0
202203180255,,0.0
202203180325,,0.0
202203180355,100.0,0.4
202203180425,,0.0
202203180455,,0.0
202203180525,101.0,0.4
202203180555,,0.0
202203180655,,0.0
202203180726,60.0,0.9
202203180756,,0.0
202203180826,,0.0
202203180856,92.0,0.4
202203180926,,0.0
202203180956,145.0,0.4
202203181026,130.0,0.4
202203181056,122.0,0.9
202203181126,134.0,0.9
202203181156,109.0,0.9
202203181226,151.0,0.4
202203181256,262.0,0.9
202203181326,129.0,0.4
202203181356,149.0,0.4
202203181426,93.0,0.9
202203181456,64.0,0.9
202203181556,79.0,0.4
202203181626,344.0,1.8
202203181656,38.0,1.8
202203181726,96.0,1.8
202203181756,62.0,0.9
202203181826,75.0,0.4
202203181856,62.0,1.3
202203181926,29.0,1.3
202203181956,77.0,0.9
202203182026,44.0,0.9
202203182056,,0.0
202203182156,85.0,0.4
202203182226,59.0,0.9
202203182256,77.0,0.4
202203182326,76.0,0.4
202203182356,,0.0
202203190026,,0.0
202203190056,72.0,0.4
202203190126,65.0,0.9
202203190156,98.0,0.4
202203190226,,0.0
202203190256,182.0,1.3
202203190326,132.0,0.9
202203190356,142.0,1.8
202203190426,127.0,0.4
202203190456,,0.0
202203190526,123.0,1.3
202203190556,128.0,0.4
202203190626,101.0,0.4
202203190656,,0.0
202203190726,,0.0
202203190756,133.0,0.4
202203190826,129.0,0.4
202203190856,144.0,1.3
202203190926,,0.0
202203190956,,0.0
202203191026,131.0,0.9
202203191056,138.0,0.9
202203191126,,0.0
202203191156,145.0,1.3
202203191226,128.0,0.9
202203191256,163.0,1.8
202203191326,,0.0
202203191356,126.0,0.4
202203191426,124.0,2.2
202203191456,140.0,2.7
202203191526,126.0,1.3
202203191556,188.0,3.1
202203191626,116.0,0.9
202203191656,191.0,3.1
202203191726,124.0,0.4
202203191756,138.0,1.3
202203191856,122.0,0.4
202203191926,118.0,2.2
202203191956,232.0,0.9
202203192026,148.0,0.9
202203192056,,0.0
202203192126,82.0,2.7
202203192156,114.0,0.9
202203192226,126.0,0.4
202203192256,152.0,1.3
202203192326,134.0,0.4
202203192356,,0.0
202203200026,,0.0
202203200056,,0.0
202203200126,,0.0
202203200156,,0.0
202203200226,,0.0
202203200256,,0.0
202203200326,,0.0
202203200356,,0.0
202203200426,152.0,0.4
202203200456,,0.0
202203200526,,0.0
202203200556,,0.0
202203200626,,0.0
202203200656,126.0,0.4
202203200726,,0.0
202203200756,,0.0
202203200826,,0.0
202203200856,,0.0
202203200927,,0.0
202203200957,,0.0
202203201027,,0.0
202203201057,,0.0
202203201127,,0.0
202203201157,,0.0
202203201227,,0.0
202203201257,,0.0
202203201327,,0.0
202203201357,,0.0
202203201457,133.0,0.9
202203201527,135.0,0.9
202203201627,238.0,1.8
202203201657,128.0,0.4
202203201727,150.0,2.2
202203201757,171.0,1.3
202203201827,121.0,1.3
202203201857,154.0,0.4
202203201927,182.0,1.3
202203201957,201.0,2.7
202203202027,152.0,0.4
202203202127,175.0,0.9
202203202157,118.0,0.4
202203202227,157.0,0.4
202203202257,138.0,0.4
202203202327,,0.0
202203210027,,0.0
202203210057,,0.0
202203210127,,0.0
202203210157,,0.0
202203210227,,0.0
202203210257,,0.0
202203210327,,0.0
202203210357,,0.0
202203210427,,0.0
202203210457,,0.0
202203210527,,0.0
202203210557,153.0,0.4
202203210627,,0.0
202203210657,,0.0
202203210727,,0.0
202203210757,,0.0
202203210827,,0.0
202203210857,,0.0
202203210927,,0.0
202203210957,,0.0
202203211027,,0.0
202203211057,,0.0
202203211127,,0.0
202203211157,,0.0
202203211227,,0.0
202203211257,,0.0
202203211327,,0.0
202203211357,119.0,0.4
202203211427,137.0,0.9
202203211457,293.0,2.2
202203211527,67.0,1.3
202203211557,106.0,0.9
202203211627,90.0,0.4
202203211657,52.0,1.8
202203211727,83.0,1.8
202203211757,82.0,0.9
202203211827,105.0,1.8
202203211857,101.0,1.3
202203211957,67.0,1.3
202203212027,66.0,1.8
202203212057,46.0,0.4
202203212127,82.0,1.3
202203212157,39.0,4.0
202203212227,60.0,1.3
202203212257,76.0,1.3
202203212327,60.0,0.9
202203212357,,0.0
202203220027,,0.0
202203220057,75.0,0.4
202203220127,,0.0
202203220157,,0.0
202203220227,,0.0
202203220257,90.0,0.4
202203220327,,0.0
202203220357,,0.0
202203220427,,0.0
202203220457,,0.0
202203220527,,0.0
202203220557,,0.0
202203220627,,0.0
202203220657,,0.0
202203220727,,0.0
202203220827,,0.0
202203220857,,0.0
202203220927,,0.0
202203220957,,0.0
202203221027,,0.0
202203221058,,0.0
202203221128,56.0,0.4
202203221158,57.0,0.4
202203221228,33.0,0.9
202203221258,33.0,1.3
202203221328,57.0,1.8
202203221358,53.0,3.1
202203221428,96.0,0.4
202203221458,44.0,0.9
202203221528,69.0,0.4
202203221558,27.0,1.3
202203221628,58.0,1.3
202203221658,75.0,2.2
202203221728,93.0,0.9
202203221758,46.0,2.7
202203221828,16.0,0.9
202203221858,83.0,1.3
202203221928,4.0,4.9
202203221958,26.0,1.3
202203222028,37.0,0.9
202203222058,64.0,0.9
202203222128,52.0,1.3
202203222158,3.0,1.8
202203222228,95.0,0.4
202203222258,208.0,1.3
202203222328,147.0,0.4
202203222358,144.0,1.8
202203230028,,0.0
202203230058,,0.0
202203230128,152.0,0.4
202203230158,,0.0
202203230228,,0.0
202203230258,171.0,0.4
202203230328,,0.0
202203230358,,0.0
202203230458,,0.0
202203230528,,0.0
202203230558,121.0,0.4
202203230628,,0.0
202203230658,,0.0
202203230728,,0.0
202203230758,,0.0
202203230828,,0.0
202203230928,,0.0
202203230958,138.0,1.3
202203231028,143.0,1.3
202203231058,,0.0
202203231158,,0.0
202203231228,,0.0
202203231258,119.0,0.4
202203231328,143.0,0.9
202203231358,121.0,1.3
202203231428,124.0,0.4
202203231458,84.0,0.9
202203231528,75.0,1.3
202203231558,170.0,2.7
202203231628,104.0,0.9
202203231658,128.0,2.2
202203231728,169.0,4.0
202203231758,137.0,2.7
202203231828,97.0,3.1
202203231858,79.0,3.1
202203231928,124.0,0.4
202203231958,117.0,0.4
202203232028,119.0,0.4
202203232058,117.0,1.3
202203232128,159.0,1.3
202203232158,89.0,1.3
202203232228,173.0,0.4
202203232258,128.0,0.4
202203232328,126.0,1.3
202203232358,165.0,0.9
202203240028,,0.0
202203240058,123.0,0.4
202203240128,128.0,0.4
202203240158,128.0,0.4
202203240228,,0.0
202203240258,154.0,1.3
202203240428,,0.0
202203240528,,0.0
202203240558,,0.0
202203240628,,0.0
202203240658,,0.0
202203240728,,0.0
202203240758,,0.0
202203240828,,0.0
202203240858,,0.0
202203240928,,0.0
202203240958,,0.0
202203241028,,0.0
202203241059,137.0,0.4
202203241129,,0.0
202203241159,,0.0
202203241229,132.0,0.4
202203241259,,0.0
202203241329,,0.0
202203241359,114.0,0.4
202203241429,128.0,0.4
202203241459,127.0,0.4
202203241529,119.0,1.3
202203241559,105.0,2.2
202203241629,134.0,2.2
202203241659,122.0,1.3
202203241729,178.0,1.3
202203241829,140.0,1.8
202203241859,110.0,1.8
202203241929,117.0,0.9
202203241959,90.0,0.9
202203242029,139.0,1.8
202203242059,150.0,1.3
202203242129,87.0,1.3
202203242159,130.0,1.8
202203242229,145.0,0.4
202203242259,126.0,0.4
202203242329,147.0,1.8
202203242359,,0.0
202203250029,130.0,0.4
202203250059,,0.0
202203250129,,0.0
202203250159,,0.0
202203250229,,0.0
202203250259,,0.0
202203250329,,0.0
202203250359,,0.0
202203250429,,0.0
202203250459,,0.0
202203250529,,0.0
202203250559,133.0,0.4
202203250629,,0.0
202203250659,,0.0
202203250729,,0.0
202203250759,,0.0
202203250829,,0.0
202203250859,,0.0
202203250929,,0.0
202203250959,,0.0
202203251029,,0.0
202203251059,,0.0
202203251129,,0.0
202203251159,,0.0
202203251229,,0.0
202203251259,127.0,0.4
202203251329,124.0,0.4
202203251359,,0.0
202203251429,140.0,0.9
202203251459,,0.0
202203251529,151.0,0.4
202203251559,196.0,0.9
202203251629,118.0,0.4
202203251659,118.0,0.4
202203251729,176.0,1.8
202203251759,146.0,3.6
202203251829,193.0,2.2
202203251859,224.0,1.3
202203251929,128.0,3.1
202203251959,86.0,3.6
202203252029,156.0,1.8
202203252059,192.0,0.9
202203252129,131.0,2.2
202203252159,,0.0
202203252229,114.0,1.3
202203252259,117.0,1.3
202203252329,94.0,0.9
202203252359,,0.0
202203260029,,0.0
202203260059,,0.0
202203260129,134.0,0.4
202203260159,,0.0
202203260229,126.0,0.4
202203260259,,0.0
202203260329,128.0,0.4
202203260359,,0.0
202203260429,,0.0
202203260459,,0.0
202203260529,,0.0
202203260559,127.0,0.4
202203260700,,0.0
202203260730,,0.0
202203260800,,0.0
202203260830,,0.0
202203260900,,0.0
202203260930,,0.0
202203261000,,0.0
202203261030,,0.0
202203261100,,0.0
202203261130,,0.0
202203261200,,0.0
202203261230,,0.0
202203261300,,0.0
202203261330,130.0,2.2
202203261400,113.0,0.4
202203261430,117.0,1.3
202203261500,195.0,0.9
202203261530,132.0,0.9
202203261600,206.0,1.8
202203261630,160.0,1.8
202203261700,144.0,0.9
202203261730,162.0,1.3
202203261800,140.0,0.9
202203261830,134.0,1.8
202203261900,106.0,3.1
202203261930,151.0,1.8
202203262000,82.0,1.8
202203262030,137.0,1.3
202203262100,95.0,1.3
202203262200,126.0,3.1
202203262230,174.0,1.3
202203262300,,0.0
202203262330,101.0,1.3
202203270000,125.0,0.4
202203270030,,0.0
202203270100,,0.0
202203270130,,0.0
202203270200,,0.0
202203270230,,0.0
202203270300,106.0,0.4
202203270330,111.0,0.4
202203270400,,0.0
202203270530,,0.0
202203270630,,0.0
202203270700,,0.0
202203270730,,0.0
202203270800,,0.0
202203270830,,0.0
202203270900,,0.0
202203270930,134.0,0.4
202203271000,,0.0
202203271030,,0.0
202203271100,131.0,0.4
202203271130,,0.0
202203271200,,0.0
202203271230,,0.0
202203271300,,0.0
202203271330,172.0,0.4
202203271400,181.0,0.9
202203271500,214.0,0.9
202203271530,181.0,1.3
202203271600,187.0,1.3
202203271630,130.0,0.9
202203271700,236.0,0.9
202203271730,,0.0
202203271830,159.0,1.3
202203271900,116.0,0.4
202203271930,120.0,1.3
202203272000,136.0,0.4
202203272030,147.0,0.9
202203272100,,0.0
202203272130,90.0,0.9
202203272200,113.0,0.4
202203272230,124.0,0.4
202203272300,144.0,0.4
202203272330,,0.0
202203280000,,0.0
202203280030,,0.0
202203280100,,0.0
202203280200,,0.0
202203280230,,0.0
202203280300,159.0,0.4
202203280330,147.0,0.4
202203280400,,0.0
202203280430,,0.0
202203280500,144.0,0.4
202203280530,,0.0
202203280600,,0.0
202203280630,,0.0
202203280700,,0.0
202203280730,,0.0
202203280801,,0.0
202203280831,,0.0
202203280901,,0.0
202203280931,,0.0
202203281001,,0.0
202203281031,,0.0
202203281101,,0.0
202203281131,,0.0
202203281201,157.0,0.4
202203281301,,0.0
202203281331,141.0,0.4
202203281401,107.0,1.8
202203281431,141.0,0.4
202203281501,189.0,0.4
202203281531,179.0,0.9
202203281701,137.0,0.4
202203281731,110.0,0.4
202203281801,309.0,0.9
202203281831,183.0,0.4
202203281901,205.0,0.9
202203281931,100.0,0.4
202203282001,218.0,1.8
202203282031,234.0,2.2
202203282101,126.0,0.9
202203282131,128.0,0.9
202203282301,135.0,0.9
202203282331,,0.0
202203290001,153.0,0.4
202203290031,,0.0
202203290101,151.0,0.4
202203290131,150.0,0.4
202203290201,,0.0
202203290231,,0.0
202203290301,154.0,0.4
202203290331,,0.0
202203290401,146.0,0.4
202203290431,,0.0
202203290501,,0.0
202203290531,,0.0
202203290601,,0.0
202203290631,,0.0
202203290701,137.0,0.4
202203290731,,0.0
202203290801,,0.0
202203290831,,0.0
202203290901,136.0,0.4
202203290931,,0.0
202203291001,,0.0
202203291031,,0.0
202203291101,,0.0
202203291131,,0.0
202203291201,,0.0
202203291231,,0.0
202203291301,,0.0
202203291331,118.0,0.4
202203291401,213.0,1.3
202203291431,94.0,0.9
202203291501,,0.0
202203291601,77.0,0.4
202203291631,51.0,1.8
202203291701,93.0,0.9
202203291731,31.0,1.3
202203291801,50.0,0.9
202203291831,22.0,1.3
202203291931,10.0,0.9
202203292001,25.0,3.1
202203292101,56.0,1.3
202203292131,72.0,0.9
202203292201,338.0,1.3
202203292231,52.0,2.2
202203292301,,0.0
202203292331,72.0,0.4
202203300001,44.0,1.3
202203300031,,0.0
202203300101,,0.0
202203300131,70.0,0.4
202203300201,,0.0
202203300231,,0.0
202203300301,66.0,0.4
202203300331,77.0,0.4
202203300401,73.0,0.9
202203300431,51.0,0.4
202203300501,47.0,0.9
202203300531,61.0,0.9
202203300601,74.0,0.4
202203300631,80.0,0.4
202203300702,74.0,0.4
202203300732,65.0,0.4
202203300802,55.0,1.3
202203300832,59.0,0.4
202203300902,68.0,0.4
202203300932,80.0,0.9
202203301002,72.0,0.4
202203301032,,0.0
202203301102,,0.0
202203301132,18.0,1.8
202203301202,78.0,0.4
202203301232,,0.0
202203301302,,0.0
202203301332,47.0,0.4
202203301402,72.0,0.9
202203301432,80.0,0.4
202203301502,2.0,1.3
202203301532,61.0,0.9
202203301602,,0.0
202203301632,320.0,3.6
202203301702,76.0,1.3
202203301732,14.0,2.7
202203301802,31.0,4.0
202203301832,37.0,1.3
202203301902,73.0,1.3
202203301932,79.0,0.9
202203302032,45.0,1.3
202203302102,81.0,1.3
202203302132,50.0,1.8
202203302202,109.0,2.2
202203302232,49.0,2.2
202203302302,35.0,4.5
202203302332,76.0,2.2
202203310002,63.0,2.2
202203310032,105.0,2.2
202203310102,138.0,1.3
202203310132,124.0,1.3
202203310202,115.0,0.4
202203310232,98.0,1.3
202203310302,103.0,0.4
202203310332,143.0,0.4
202203310402,83.0,0.4
202203310432,134.0,0.9
202203310502,146.0,0.4
202203310532,,0.0
202203310602,149.0,0.4
202203310632,,0.0
202203310702,,0.0
202203310732,,0.0
202203310802,,0.0
202203310832,,0.0
202203310902,118.0,1.8
202203310932,148.0,0.9
202203311002,,0.0
202203311102,139.0,0.4
202203311132,182.0,0.9
202203311202,,0.0
202203311232,162.0,0.9
202203311302,163.0,1.3
202203311332,153.0,0.9
202203311402,195.0,0.4
202203311432,135.0,1.3
202203311502,160.0,2.2
202203311532,171.0,0.9
202203311602,169.0,1.3
202203311632,154.0,2.2
202203311702,122.0,2.7
202203311732,213.0,0.4
202203311802,199.0,1.3
202203311832,144.0,4.0
202203311902,141.0,0.9
202203312002,141.0,1.8
202203312032,162.0,0.9
202203312102,160.0,1.8
202203312132,90.0,1.3
202203312202,142.0,1.8
202203312232,,0.0
202203312302,215.0,1.8
202203312332,139.0,0.4
202204010002,140.0,0.4
202204010032,,0.0
202204010102,,0.0
202204010132,,0.0
202204010202,,0.0
202204010232,,0.0
202204010302,,0.0
202204010332,,0.0
202204010402,,0.0
202204010432,,0.0
202204010502,,0.0
202204010532,,0.0
202204010602,151.0,0.4
202204010632,,0.0
202204010702,,0.0
202204010732,,0.0
202204010802,,0.0
202204010832,,0.0
202204010902,,0.0
202204010933,,0.0
202204011003,,0.0
202204011033,,0.0
202204011103,,0.0
202204011133,,0.0
202204011203,,0.0
202204011233,,0.0
202204011303,189.0,0.9
202204011333,152.0,0.4
202204011403,,0.0
202204011433,269.0,1.8
202204011503,168.0,0.9
202204011533,6.0,1.8
202204011633,156.0,0.4
202204011733,160.0,1.3
202204011803,147.0,0.4
202204011833,136.0,0.9
202204011903,145.0,0.4
202204011933,292.0,0.9
202204012003,283.0,0.4
202204012033,184.0,0.4
202204012103,153.0,0.9
202204012133,,0.0
202204012203,116.0,0.4
202204012233,315.0,1.8
202204012303,153.0,0.4
202204012333,,0.0
202204020003,,0.0
202204020033,,0.0
202204020103,185.0,0.4
202204020133,,0.0
202204020203,,0.0
202204020233,,0.0
202204020303,,0.0
202204020333,,0.0
202204020403,,0.0
202204020433,,0.0
202204020503,,0.0
202204020533,,0.0
202204020633,,0.0
202204020703,,0.0
202204020733,,0.0
202204020803,,0.0
202204020833,,0.0
202204020903,,0.0
202204020933,,0.0
202204021003,,0.0
202204021033,,0.0
202204021103,,0.0
202204021133,,0.0
202204021203,167.0,0.4
202204021233,,0.0
202204021303,,0.0
202204021333,168.0,0.4
202204021403,,0.0
202204021433,,0.0
202204021503,181.0,0.4
202204021533,323.0,0.4
202204021603,129.0,0.4
202204021633,124.0,0.9
202204021703,,0.0
202204021733,,0.0
202204021803,,0.0
202204021833,128.0,0.4
202204021903,289.0,0.9
202204021933,152.0,0.4
202204022003,,0.0
202204022033,,0.0
202204022103,198.0,0.9
202204022133,149.0,1.8
202204022203,138.0,1.3
202204022233,136.0,0.9
202204022303,143.0,0.4
202204022333,141.0,0.9
202204030003,,0.0
202204030033,,0.0
202204030103,,0.0
202204030133,,0.0
202204030203,,0.0
202204030233,,0.0
202204030303,,0.0
202204030333,,0.0
202204030403,,0.0
202204030433,,0.0
202204030503,,0.0
202204030533,,0.0
202204030603,,0.0
202204030633,,0.0
202204030703,162.0,0.4
202204030733,,0.0
202204030803,,0.0
202204030833,,0.0
202204030903,163.0,0.4
202204030933,,0.0
202204031003,,0.0
202204031033,180.0,0.4
202204031103,,0.0
202204031133,189.0,0.4
202204031233,171.0,0.4
202204031303,261.0,1.8
202204031333,224.0,0.4
202204031433,286.0,1.8
202204031503,331.0,0.9
202204031533,290.0,1.3
202204031633,91.0,0.4
202204031703,222.0,1.8
202204031733,213.0,0.9
202204031803,179.0,0.9
202204031833,159.0,0.9
202204031903,212.0,1.8
202204031933,342.0,1.3
202204032033,189.0,0.9
202204032103,172.0,0.4
202204032133,235.0,0.9
202204032203,152.0,0.9
202204032233,268.0,1.3
202204032303,,0.0
202204032333,318.0,1.3
202204040003,,0.0
202204040033,,0.0
202204040103,149.0,0.4
202204040133,163.0,0.4
202204040203,,0.0
202204040233,,0.0
202204040303,,0.0
202204040333,,0.0
202204040403,,0.0
202204040433,,0.0
202204040504,,0.0
202204040534,,0.0
202204040604,,0.0
202204040634,,0.0
202204040704,,0.0
202204040804,,0.0
202204040834,,0.0
202204040904,,0.0
202204040934,,0.0
202204041004,,0.0
202204041034,,0.0
202204041104,,0.0
202204041134,,0.0
202204041204,,0.0
202204041234,,0.0
202204041304,,0.0
202204041334,,0.0
202204041404,46.0,0.9
202204041434,102.0,0.4
202204041504,111.0,0.4
202204041534,89.0,0.4
202204041604,138.0,1.3
202204041634,36.0,0.4
202204041704,90.0,0.4
202204041734,80.0,0.9
202204041804,114.0,0.9
202204041834,118.0,0.4
202204041904,139.0,1.3
202204041934,,0.0
202204042004,165.0,0.9
202204042034,110.0,0.4
202204042104,116.0,0.9
202204042134,118.0,0.4
202204042204,111.0,0.4
202204042234,109.0,1.3
202204042304,141.0,0.9
202204042334,,0.0
202204050104,,0.0
202204050134,,0.0
202204050204,,0.0
202204050234,,0.0
202204050304,,0.0
202204050404,,0.0
202204050434,,0.0
202204050504,,0.0
202204050534,,0.0
202204050604,,0.0
202204050634,,0.0
202204050704,,0.0
202204050734,,0.0
202204050804,,0.0
202204050834,,0.0
202204050904,98.0,0.4
202204050934,112.0,0.4
202204051004,,0.0
202204051034,110.0,1.3
202204051104,,0.0
202204051134,134.0,0.4
202204051204,,0.0
202204051234,22.0,1.3
202204051304,248.0,1.8
202204051334,179.0,1.8
202204051404,141.0,0.4
202204051434,95.0,0.4
202204051504,,0.0
202204051534,42.0,0.4
202204051604,187.0,0.4
202204051634,,0.0
202204051704,,0.0
202204051734,82.0,1.3
202204051804,156.0,1.3
202204051834,152.0,0.9
202204051904,140.0,0.4
202204051934,185.0,3.6
202204052004,190.0,1.3
202204052034,157.0,0.4
202204052105,148.0,2.2
202204052135,158.0,0.9
202204052205,141.0,1.3
202204052235,152.0,2.2
202204052305,154.0,3.1
202204052335,148.0,0.4
202204060005,,0.0
202204060035,,0.0
202204060105,,0.0
202204060135,,0.0
202204060205,,0.0
202204060235,164.0,0.4
202204060305,,0.0
202204060335,,0.0
202204060405,,0.0
202204060435,,0.0
202204060505,,0.0
202204060535,,0.0
202204060605,,0.0
202204060635,,0.0
202204060705,113.0,0.4
202204060735,,0.0
202204060805,,0.0
202204060905,,0.0
202204060935,131.0,0.4
202204061005,,0.0
202204061035,,0.0
202204061205,,0.0
202204061235,117.0,0.4
202204061305,124.0,0.4
202204061335,,0.0
202204061405,157.0,1.3
202204061435,159.0,0.4
202204061505,183.0,0.9
202204061535,167.0,1.3
202204061605,101.0,0.9
202204061635,137.0,1.3
202204061705,172.0,1.8
202204061735,151.0,1.3
202204061805,139.0,0.9
202204061835,130.0,0.4
202204061905,159.0,1.3
202204061935,94.0,1.3
202204062005,95.0,0.9
202204062035,167.0,2.2
202204062105,130.0,0.4
202204062135,198.0,0.9
202204062205,158.0,0.4
202204062235,242.0,1.3
202204062305,165.0,2.2
202204062335,220.0,1.3
202204070005,,0.0
202204070035,233.0,1.3
202204070105,173.0,0.9
202204070135,215.0,0.9
202204070205,170.0,0.4
202204070235,154.0,0.9
202204070305,161.0,0.4
202204070335,170.0,0.4
202204070405,,0.0
202204070435,180.0,0.4
202204070505,,0.0
202204070535,,0.0
202204070605,191.0,0.4
202204070635,166.0,0.4
202204070705,,0.0
202204070735,,0.0
202204070835,154.0,0.9
202204070905,152.0,0.4
202204070935,,0.0
202204071005,,0.0
202204071106,,0.0
202204071136,,0.0
202204071206,,0.0
202204071236,,0.0
202204071306,158.0,1.8
202204071336,153.0,2.2
202204071406,180.0,2.2
202204071436,161.0,0.9
202204071536,205.0,1.8
202204071606,128.0,1.8
202204071706,181.0,2.7
202204071736,128.0,1.3
202204071806,164.0,2.7
202204071906,189.0,2.7
202204071936,147.0,2.2
202204072006,72.0,1.3
202204072036,111.0,2.2
202204072106,109.0,1.8
202204072136,141.0,1.3
202204072206,125.0,3.1
202204072236,209.0,3.6
202204072306,153.0,0.9
202204072336,122.0,1.3
202204080006,106.0,1.3
202204080036,132.0,1.3
202204080106,110.0,1.3
202204080136,103.0,0.4
202204080206,100.0,0.4
202204080236,,0.0
202204080306,,0.0
202204080336,,0.0
202204080406,,0.0
202204080436,,0.0
202204080506,,0.0
202204080606,110.0,0.4
202204080636,107.0,0.4
202204080706,,0.0
202204080736,,0.0
202204080806,,0.0
202204080836,,0.0
202204080906,129.0,1.3
202204080936,,0.0
202204081006,,0.0
202204081036,,0.0
202204081106,,0.0
202204081136,,0.0
202204081206,,0.0
202204081236,,0.0
202204081306,91.0,0.9
202204081336,104.0,0.9
202204081406,107.0,0.9
202204081436,,0.0
202204081506,136.0,1.3
202204081536,121.0,1.3
202204081606,139.0,1.3
202204081636,138.0,0.4
202204081706,112.0,0.4
202204081736,149.0,0.9
202204081806,96.0,0.4
202204081836,144.0,1.3
202204081906,143.0,2.2
202204081936,118.0,0.9
202204082006,,0.0
202204082036,117.0,0.9
202204082106,83.0,0.9
202204082136,,0.0
202204082206,126.0,0.4
202204082236,,0.0
202204082306,121.0,0.4
202204082336,111.0,0.9
202204090006,80.0,0.4
202204090136,111.0,0.4
202204090206,,0.0
202204090236,122.0,0.9
202204090306,110.0,0.4
202204090336,87.0,0.4
202204090406,,0.0
202204090436,,0.0
202204090506,,0.0
202204090536,,0.0
202204090606,78.0,1.3
202204090636,68.0,0.9
202204090706,105.0,0.4
202204090736,92.0,1.3
202204090806,,0.0
202204090837,,0.0
202204090907,131.0,0.4
202204090937,105.0,1.3
202204091037,,0.0
202204091107,,0.0
202204091137,,0.0
202204091207,,0.0
202204091237,88.0,0.4
202204091307,90.0,0.9
202204091337,117.0,2.2
202204091407,101.0,0.9
202204091437,149.0,1.8
202204091507,91.0,1.3
202204091537,110.0,0.9
202204091607,58.0,1.3
202204091637,89.0,1.3
202204091707,134.0,2.7
202204091737,158.0,1.8
202204091807,61.0,3.1
202204091837,67.0,1.3
202204091907,126.0,3.6
202204091937,44.0,1.3
202204092007,28.0,2.7
202204092037,48.0,1.3
202204092107,43.0,2.2
202204092137,91.0,0.4
202204092207,21.0,0.9
202204092237,59.0,2.2
202204092307,68.0,1.3
202204092337,63.0,2.2
202204100007,,0.0
202204100037,,0.0
202204100107,,0.0
202204100137,,0.0
202204100207,,0.0
202204100307,,0.0
202204100337,97.0,0.4
202204100407,88.0,0.4
202204100437,,0.0
202204100537,,0.0
202204100607,,0.0
202204100637,,0.0
202204100707,,0.0
202204100737,,0.0
202204100807,,0.0
202204100837,,0.0
202204100907,98.0,0.4
202204100937,,0.0
202204101007,,0.0
202204101037,,0.0
202204101107,,0.0
202204101137,,0.0
202204101207,,0.0
202204101237,,0.0
202204101307,70.0,0.4
202204101337,70.0,0.4
202204101407,,0.0
202204101437,349.0,0.9
202204101507,74.0,0.4
202204101537,53.0,0.4
202204101607,22.0,1.3
202204101637,48.0,0.9
202204101707,319.0,1.3
202204101737,17.0,1.8
202204101807,358.0,1.8
202204101837,329.0,3.1
202204101907,66.0,1.3
202204101937,47.0,0.9
202204102007,14.0,2.2
202204102037,50.0,0.4
202204102107,38.0,1.3
202204102137,356.0,1.3
202204102207,70.0,1.3
202204102237,56.0,1.3
202204102337,25.0,1.8
202204110007,27.0,1.8
202204110037,352.0,1.3
202204110107,36.0,0.9
202204110137,49.0,1.3
202204110207,29.0,0.9
202204110237,358.0,1.3
202204110307,49.0,1.3
202204110337,352.0,1.8
202204110407,30.0,1.3
202204110437,57.0,0.4
202204110507,,0.0
202204110537,64.0,0.4
202204110607,32.0,1.3
202204110637,337.0,0.9
202204110707,51.0,0.4
202204110737,,0.0
202204110807,63.0,0.4
202204110837,60.0,0.4
202204110907,,0.0
202204110938,,0.0
202204111008,,0.0
202204111038,,0.0
202204111108,,0.0
202204111208,,0.0
202204111238,,0.0
202204111338,,0.0
202204111408,,0.0
202204111438,61.0,0.4
202204111508,,0.0
202204111538,64.0,0.4
202204111608,47.0,0.9
202204111638,32.0,1.8
202204111708,,0.0
202204111738,47.0,0.4
202204111808,325.0,0.9
202204111838,16.0,0.9
202204111908,27.0,0.4
202204111938,28.0,0.4
202204112008,3.0,0.9
202204112038,348.0,2.2
202204112108,313.0,1.8
202204112208,60.0,1.3
202204112238,51.0,0.9
202204112308,53.0,0.9
202204112338,54.0,0.9
202204120008,26.0,1.3
202204120038,,0.0
202204120108,,0.0
202204120138,55.0,0.4
202204120208,59.0,0.4
202204120238,35.0,0.9
202204120308,5.0,0.9
202204120338,54.0,0.4
202204120408,,0.0
202204120438,349.0,0.9
202204120508,350.0,2.2
202204120538,51.0,0.4
202204120608,,0.0
202204120638,18.0,0.9
202204120708,337.0,0.9
202204120738,,0.0
202204120808,,0.0
202204120838,62.0,0.4
202204120908,,0.0
202204120938,,0.0
202204121008,,0.0
202204121038,,0.0
202204121108,,0.0
202204121138,88.0,0.4
202204121208,57.0,0.4
202204121238,31.0,0.9
202204121308,60.0,0.9
202204121338,21.0,0.4
202204121408,,0.0
202204121438,61.0,0.9
202204121508,354.0,0.9
202204121538,49.0,0.4
202204121608,56.0,0.4
202204121638,28.0,2.7
202204121708,338.0,0.9
202204121738,304.0,3.1
202204121808,326.0,4.9
202204121838,61.0,2.2
202204121908,33.0,0.9
202204121938,73.0,0.4
202204122008,316.0,1.8
202204122038,66.0,1.3
202204122108,36.0,1.3
202204122138,62.0,0.9
202204122208,65.0,0.4
202204122238,48.0,0.4
202204122308,40.0,1.3
202204122338,56.0,0.9
202204130008,65.0,0.4
202204130038,52.0,0.4
202204130108,,0.0
202204130138,64.0,0.4
202204130208,52.0,0.4
202204130238,40.0,0.9
202204130308,56.0,0.4
202204130338,65.0,0.4
202204130408,87.0,0.4
202204130509,57.0,0.4
202204130539,47.0,1.3
202204130609,33.0,1.3
202204130639,21.0,1.8
202204130709,46.0,0.9
202204130739,,0.0
202204130809,53.0,0.9
202204130839,53.0,0.9
202204130909,56.0,1.3
202204130939,56.0,1.3
202204131009,33.0,1.3
202204131039,101.0,2.2
202204131109,49.0,0.9
202204131139,,0.0
202204131209,,0.0
202204131239,27.0,0.9
202204131309,71.0,1.3
202204131339,10.0,2.7
202204131409,33.0,2.2
202204131439,,0.0
202204131509,28.0,1.3
202204131539,39.0,0.9
202204131609,21.0,0.4
202204131639,16.0,1.8
202204131709,31.0,1.8
202204131809,18.0,3.6
202204131839,24.0,2.7
202204131909,40.0,4.0
202204131939,75.0,0.9
202204132009,72.0,3.1
202204132039,49.0,1.3
202204132109,138.0,4.0
202204132139,122.0,0.9
202204132209,44.0,3.1
202204132239,53.0,0.9
202204132309,,0.0
202204132339,97.0,0.4
202204140009,63.0,2.2
202204140039,102.0,0.9
202204140109,98.0,1.8
202204140139,90.0,0.4
202204140209,97.0,0.4
202204140239,100.0,0.4
202204140309,96.0,0.4
202204140339,,0.0
202204140439,120.0,0.9
202204140509,,0.0
202204140539,96.0,0.9
202204140609,116.0,0.4
202204140639,127.0,0.9
202204140709,,0.0
202204140739,118.0,0.9
202204140809,,0.0
202204140839,160.0,1.3
202204140909,,0.0
202204140939,77.0,1.3
202204141009,254.0,1.3
202204141039,146.0,0.9
202204141109,134.0,0.4
202204141139,,0.0
202204141209,148.0,0.4
202204141239,160.0,0.4
202204141309,139.0,0.4
202204141339,144.0,0.4
202204141409,147.0,0.4
202204141439,222.0,1.8
202204141509,237.0,1.3
202204141539,169.0,0.4
202204141609,144.0,0.9
202204141639,113.0,0.9
202204141710,,0.0
202204141739,219.0,1.3
202204141809,123.0,0.4
202204141839,,0.0
202204141909,150.0,0.9
202204141940,,0.0
202204142010,229.0,1.3
202204142040,154.0,1.3
202204142110,122.0,0.4
202204142140,,0.0
202204142210,242.0,0.9
202204142240,,0.0
202204142310,,0.0
202204142340,135.0,0.4
202204150010,,0.0
202204150040,,0.0
202204150110,,0.0
202204150140,162.0,0.4
202204150210,,0.0
202204150240,,0.0
202204150310,,0.0
202204150340,,0.0
202204150410,,0.0
202204150440,,0.0
202204150510,,0.0
202204150540,,0.0
202204150610,,0.0
202204150640,,0.0
202204150710,,0.0
202204150740,,0.0
202204150810,,0.0
202204150840,160.0,0.4
202204150910,,0.0
202204150940,,0.0
202204151010,,0.0
202204151040,,0.0
202204151110,,0.0
202204151140,,0.0
202204151210,,0.0
202204151240,,0.0
202204151310,,0.0
202204151340,,0.0
202204151440,68.0,0.9
202204151510,75.0,1.3
202204151540,196.0,0.4
202204151610,237.0,0.4
202204151640,69.0,1.3
202204151710,57.0,1.8
202204151740,50.0,1.3
202204151810,101.0,2.2
202204151840,29.0,0.9
202204151910,80.0,1.3
202204151940,70.0,1.8
202204152010,58.0,0.4
202204152040,50.0,2.2
202204152110,105.0,0.4
202204152140,80.0,0.9
202204152210,92.0,1.3
202204152240,57.0,0.9
202204152310,,0.0
202204152340,,0.0
202204160010,,0.0
202204160040,,0.0
202204160110,,0.0
202204160140,,0.0
202204160210,89.0,0.4
202204160240,87.0,0.4
202204160310,99.0,0.4
202204160340,49.0,0.4
202204160410,,0.0
202204160440,,0.0
202204160510,,0.0
202204160540,,0.0
202204160610,,0.0
202204160640,,0.0
202204160710,,0.0
202204160740,118.0,0.9
202204160810,253.0,1.8
202204160840,86.0,1.3
202204160910,231.0,1.3
202204160940,181.0,0.4
202204161010,,0.0
202204161040,,0.0
202204161110,,0.0
202204161140,310.0,1.3
202204161210,,0.0
202204161240,,0.0
202204161310,126.0,0.4
202204161340,105.0,0.4
202204161410,,0.0
202204161440,,0.0
202204161510,,0.0
202204161540,,0.0
202204161610,118.0,0.4
202204161640,,0.0
202204161710,,0.0
202204161740,,0.0
202204161810,161.0,0.9
202204161840,105.0,0.4
202204161940,126.0,0.4
202204162011,154.0,0.4
202204162041,,0.0
202204162111,136.0,0.4
202204162211,,0.0
202204162241,115.0,0.4
202204162311,,0.0
202204162341,,0.0
202204170011,,0.0
202204170041,,0.0
202204170111,,0.0
202204170141,,0.0
202204170211,,0.0
202204170241,,0.0
202204170311,,0.0
202204170341,,0.0
202204170411,,0.0
202204170441,,0.0
202204170511,,0.0
202204170541,,0.0
202204170611,,0.0
202204170641,,0.0
202204170711,,0.0
202204170741,,0.0
202204170811,,0.0
202204170841,,0.0
202204170911,152.0,0.4
202204170941,,0.0
202204171011,,0.0
202204171041,,0.0
202204171111,,0.0
202204171141,,0.0
202204171211,163.0,0.4
202204171241,227.0,1.8
202204171311,,0.0
202204171341,,0.0
202204171411,162.0,1.3
202204171441,,0.0
202204171511,121.0,0.4
202204171541,,0.0
202204171611,,0.0
202204171641,146.0,0.4
202204171741,200.0,1.3
202204171811,,0.0
202204171841,140.0,0.4
202204171911,223.0,0.4
202204171941,120.0,0.4
202204172011,99.0,0.9
202204172041,181.0,0.9
202204172111,,0.0
202204172141,166.0,0.4
202204172211,,0.0
202204172241,,0.0
202204172311,153.0,0.4
202204172341,,0.0
202204180041,,0.0
202204180111,,0.0
202204180141,96.0,0.4
202204180211,150.0,1.3
202204180241,,0.0
202204180311,,0.0
202204180341,,0.0
202204180411,,0.0
202204180441,,0.0
202204180511,,0.0
202204180541,,0.0
202204180611,,0.0
202204180641,,0.0
202204180741,,0.0
202204180811,,0.0
202204180841,,0.0
202204180911,,0.0
202204180941,124.0,0.9
202204181011,,0.0
202204181041,169.0,0.9
202204181111,101.0,0.4
202204181141,141.0,2.2
202204181211,131.0,0.4
202204181311,244.0,1.3
202204181341,149.0,0.4
202204181411,145.0,0.4
202204181441,135.0,1.3
202204181511,229.0,1.8
202204181541,162.0,0.9
202204181611,135.0,1.8
202204181641,277.0,1.3
202204181711,,0.0
202204181742,165.0,1.3
202204181812,155.0,0.4
202204181842,185.0,0.9
202204181912,120.0,0.4
202204181942,176.0,0.9
202204182012,229.0,1.3
202204182042,143.0,1.8
202204182112,129.0,0.4
202204182142,190.0,1.3
202204182212,89.0,0.4
202204182242,,0.0
202204182312,207.0,1.3
202204182342,232.0,1.8
202204190012,,0.0
202204190042,,0.0
202204190112,,0.0
202204190142,153.0,0.4
202204190212,160.0,0.4
202204190242,,0.0
202204190312,,0.0
202204190342,,0.0
202204190412,,0.0
202204190442,,0.0
202204190512,,0.0
202204190542,,0.0
202204190612,,0.0
202204190642,,0.0
202204190712,,0.0
202204190742,,0.0
202204190812,,0.0
202204190842,,0.0
202204190912,,0.0
202204190942,,0.0
202204191012,,0.0
202204191042,,0.0
202204191142,,0.0
202204191212,,0.0
202204191242,,0.0
202204191312,,0.0
202204191342,,0.0
202204191412,278.0,1.8
202204191442,291.0,1.3
202204191512,103.0,1.3
202204191542,227.0,0.9
202204191612,128.0,1.3
202204191642,135.0,0.9
202204191712,,0.0
202204191742,178.0,0.4
202204191812,124.0,0.9
202204191912,219.0,1.3
202204191942,,0.0
202204192012,142.0,0.4
202204192042,213.0,0.9
202204192112,87.0,0.4
202204192142,,0.0
202204192212,,0.0
202204192242,,0.0
202204192312,,0.0
202204192342,155.0,0.4
202204200012,,0.0
202204200042,,0.0
202204200112,,0.0
202204200142,,0.0
202204200212,,0.0
202204200242,,0.0
202204200312,,0.0
202204200342,,0.0
202204200412,,0.0
202204200442,,0.0
202204200512,,0.0
202204200542,,0.0
202204200612,,0.0
202204200642,,0.0
202204200712,,0.0
202204200742,,0.0
202204200812,,0.0
202204200842,,0.0
202204200912,,0.0
202204200942,,0.0
202204201012,,0.0
202204201042,,0.0
202204201112,,0.0
202204201142,,0.0
202204201212,,0.0
202204201242,,0.0
202204201312,169.0,0.4
202204201343,171.0,0.4
202204201413,65.0,0.9
202204201443,117.0,0.4
202204201513,153.0,0.4
202204201543,126.0,1.3
202204201613,19.0,0.9
202204201643,49.0,1.8
202204201713,105.0,0.4
202204201743,58.0,0.4
202204201813,63.0,0.9
202204201843,,0.0
202204201913,90.0,0.4
202204201943,67.0,1.3
202204202043,64.0,1.3
202204202113,34.0,1.3
202204202143,73.0,0.4
202204202213,139.0,0.4
202204202243,104.0,0.4
202204202313,110.0,0.4
202204202343,,0.0
202204210013,,0.0
202204210043,,0.0
202204210113,,0.0
202204210143,,0.0
202204210213,101.0,0.4
202204210243,,0.0
202204210313,,0.0
202204210343,,0.0
202204210413,,0.0
202204210443,99.0,0.4
202204210513,,0.0
202204210543,,0.0
202204210613,96.0,0.4
202204210643,,0.0
202204210713,,0.0
202204210743,,0.0
202204210813,,0.0
202204210843,,0.0
202204210913,,0.0
202204211013,,0.0
202204211043,,0.0
202204211113,,0.0
202204211143,,0.0
202204211213,,0.0
202204211243,67.0,0.4
202204211313,97.0,0.4
202204211343,90.0,0.4
202204211413,107.0,0.4
202204211443,101.0,0.4
202204211513,65.0,0.4
202204211543,,0.0
202204211613,62.0,1.3
202204211643,136.0,0.4
202204211713,87.0,0.4
202204211743,79.0,0.4
202204211813,61.0,0.4
202204211843,103.0,0.4
202204211913,88.0,1.3
202204211943,135.0,1.3
202204212013,55.0,1.8
202204212043,88.0,0.4
202204212213,,0.0
202204212243,123.0,0.4
202204212313,,0.0
202204212343,,0.0
202204220013,,0.0
202204220043,,0.0
202204220113,,0.0
202204220143,,0.0
202204220213,,0.0
202204220243,,0.0
202204220313,,0.0
202204220343,,0.0
202204220413,,0.0
202204220443,,0.0
202204220513,,0.0
202204220543,,0.0
202204220613,,0.0
202204220713,,0.0
202204220743,,0.0
202204220813,,0.0
202204220843,,0.0
202204220913,,0.0
202204221013,,0.0
202204221043,,0.0
202204221113,,0.0
202204221143,,0.0
202204221213,,0.0
202204221243,,0.0
202204221314,,0.0
202204221344,141.0,0.4
202204221414,102.0,0.4
202204221444,113.0,0.4
202204221544,73.0,0.4
202204221614,94.0,0.9
202204221644,108.0,0.4
202204221714,108.0,0.9
202204221744,141.0,0.4
202204221814,43.0,0.4
202204221844,,0.0
202204221914,,0.0
202204221944,36.0,1.3
202204222014,121.0,0.4
202204222044,,0.0
202204222114,87.0,0.4
202204222144,98.0,0.4
202204222214,,0.0
202204222244,,0.0
202204222314,147.0,0.9
202204222344,,0.0
202204230114,,0.0
202204230144,,0.0
202204230214,,0.0
202204230244,,0.0
202204230314,,0.0
202204230344,,0.0
202204230414,,0.0
202204230444,,0.0
202204230514,,0.0
202204230544,,0.0
202204230614,,0.0
202204230644,,0.0
202204230714,,0.0
202204230744,,0.0
202204230814,,0.0
202204230844,,0.0
202204230914,,0.0
202204230944,,0.0
202204231014,,0.0
202204231044,,0.0
202204231144,,0.0
202204231214,,0.0
202204231244,,0.0
202204231314,,0.0
202204231344,,0.0
202204231414,63.0,0.4
202204231444,155.0,0.4
202204231544,121.0,1.8
202204231614,38.0,0.9
202204231644,100.0,0.9
202204231714,68.0,0.4
202204231744,50.0,1.3
202204231814,59.0,1.3
202204231844,79.0,0.9
202204231914,48.0,1.8
202204231944,40.0,1.3
202204232014,69.0,1.3
202204232044,144.0,0.4
202204232114,127.0,0.4
202204232144,116.0,0.4
202204232214,129.0,2.2
202204232244,113.0,0.4
202204232314,,0.0
202204232344,91.0,0.4
202204240014,,0.0
202204240044,,0.0
202204240114,,0.0
202204240144,,0.0
202204240214,,0.0
202204240244,,0.0
202204240314,,0.0
202204240344,136.0,0.4
202204240414,,0.0
202204240444,,0.0
202204240544,,0.0
202204240644,,0.0
202204240714,,0.0
202204240744,,0.0
202204240814,,0.0
202204240844,,0.0
202204240914,,0.0
202204240944,,0.0
202204241015,,0.0
202204241045,,0.0
202204241115,,0.0
202204241145,,0.0
202204241215,,0.0
202204241245,126.0,0.4
202204241315,,0.0
202204241345,93.0,0.4
202204241415,81.0,1.3
202204241445,102.0,0.9
202204241515,100.0,0.9
202204241545,104.0,0.4
202204241615,16.0,0.9
202204241645,78.0,0.4
202204241715,79.0,0.4
202204241745,64.0,1.3
202204241815,101.0,1.3
202204241845,55.0,1.3
202204241915,177.0,0.9
202204241945,67.0,1.3
202204242015,113.0,0.4
202204242045,87.0,0.4
202204242115,109.0,0.4
202204242145,104.0,0.4
202204242215,,0.0
202204242245,64.0,1.8
202204242315,,0.0
202204242345,,0.0
202204250015,,0.0
202204250045,,0.0
202204250115,,0.0
202204250215,,0.0
202204250245,,0.0
202204250315,,0.0
202204250345,,0.0
202204250415,,0.0
202204250445,,0.0
202204250515,,0.0
202204250545,,0.0
202204250615,,0.0
202204250645,,0.0
202204250715,,0.0
202204250745,,0.0
202204250815,,0.0
202204250845,,0.0
202204250915,,0.0
202204250945,,0.0
202204251015,,0.0
202204251045,,0.0
202204251115,,0.0
202204251145,,0.0
202204251215,,0.0
202204251245,,0.0
202204251315,117.0,0.4
202204251345,,0.0
202204251415,101.0,0.4
202204251445,137.0,0.9
202204251515,104.0,0.9
202204251545,97.0,0.9
202204251615,124.0,0.4
202204251645,149.0,0.9
202204251715,145.0,0.4
202204251745,133.0,0.9
202204251815,105.0,0.4
202204251845,,0.0
202204251915,149.0,3.1
202204251945,140.0,0.9
202204252015,,0.0
202204252045,,0.0
202204252115,94.0,1.3
202204252145,,0.0
202204252215,113.0,0.4
202204252245,113.0,0.4
202204252315,129.0,0.4
202204252345,,0.0
202204260015,,0.0
202204260045,,0.0
202204260115,,0.0
202204260145,,0.0
202204260215,,0.0
202204260245,,0.0
202204260315,,0.0
202204260345,,0.0
202204260415,,0.0
202204260515,126.0,0.4
202204260615,193.0,0.4
202204260645,83.0,1.3
202204260715,,0.0
202204260745,147.0,0.4
202204260815,,0.0
202204260845,201.0,1.3
202204260915,,0.0
202204260945,,0.0
202204261015,,0.0
202204261045,,0.0
202204261115,123.0,0.4
202204261145,,0.0
202204261215,145.0,0.4
202204261245,,0.0
202204261315,248.0,1.3
202204261346,,0.0
202204261415,,0.0
202204261446,129.0,0.4
202204261516,,0.0
202204261546,123.0,0.4
202204261616,120.0,0.9
202204261646,147.0,0.4
202204261716,163.0,0.9
202204261746,100.0,0.9
202204261816,154.0,0.4
202204261846,189.0,1.3
202204261916,179.0,0.4
202204261946,106.0,1.3
202204262016,147.0,0.4
202204262046,,0.0
202204262116,,0.0
202204262146,148.0,0.9
202204262216,136.0,0.4
202204262316,171.0,0.9
202204262346,,0.0
202204270016,,0.0
202204270046,,0.0
202204270116,,0.0
202204270146,,0.0
202204270216,,0.0
202204270246,,0.0
202204270316,,0.0
202204270346,,0.0
202204270416,,0.0
202204270446,,0.0
202204270516,,0.0
202204270546,,0.0
202204270616,,0.0
202204270646,,0.0
202204270746,,0.0
202204270816,,0.0
202204270846,,0.0
202204270916,,0.0
202204270946,,0.0
202204271016,,0.0
202204271046,,0.0
202204271116,,0.0
202204271146,,0.0
202204271246,139.0,0.4
202204271316,,0.0
202204271446,13.0,0.9
202204271516,,0.0
202204271546,173.0,0.4
202204271616,352.0,1.3
202204271646,,0.0
202204271716,289.0,0.4
202204271746,145.0,0.9
202204271816,,0.0
202204271846,322.0,1.3
202204271916,22.0,0.9
202204272016,211.0,0.9
202204272046,292.0,0.9
202204272116,147.0,0.4
202204272146,181.0,0.9
202204272216,,0.0
202204272246,,0.0
202204272316,154.0,0.4
202204272346,,0.0
202204280016,,0.0
202204280046,,0.0
202204280116,,0.0
202204280146,,0.0
202204280246,,0.0
202204280316,,0.0
202204280346,,0.0
202204280416,,0.0
202204280446,,0.0
202204280516,,0.0
202204280546,,0.0
202204280850,,0.0
202204280920,,0.0
202204280950,,0.0
202204281020,,0.0
202204281150,,0.0
202204281320,,0.0
202204281350,,0.0
202204281420,100.0,0.9
202204281450,89.0,0.4
202204281520,108.0,0.4
202204281550,96.0,0.4
202204281620,197.0,0.9
202204281650,126.0,0.4
202204281720,96.0,0.4
202204281750,,0.0
202204281820,132.0,0.4
202204281850,,0.0
202204281920,140.0,0.9
202204281950,112.0,0.4
202204282020,208.0,0.4
202204282050,164.0,0.4
202204282120,114.0,0.4
202204282150,52.0,0.9
202204282220,,0.0
202204282250,,0.0
202204282320,,0.0
202204282350,,0.0
202204290020,,0.0
202204290050,,0.0
202204290120,,0.0
202204290150,,0.0
202204290220,,0.0
202204290250,,0.0
202204290320,,0.0
202204290350,,0.0
202204290420,,0.0
202204290451,,0.0
202204290551,,0.0
202204290651,,0.0
202204290721,,0.0
202204290751,,0.0
202204290821,,0.0
202204290851,,0.0
202204290921,,0.0
202204290951,,0.0
202204291021,,0.0
202204291051,,0.0
202204291121,,0.0
202204291151,,0.0
202204291221,,0.0
202204291251,,0.0
202204291321,,0.0
202204291351,194.0,0.9
202204291421,117.0,0.4
202204291451,327.0,0.9
202204291521,153.0,0.4
202204291551,112.0,0.4
202204291621,140.0,0.9
202204291651,68.0,0.4
202204291721,124.0,0.4
202204291751,115.0,0.4
202204291821,117.0,0.4
202204291851,,0.0
202204291921,128.0,0.9
202204291951,128.0,1.3
202204292021,120.0,0.4
202204292051,80.0,1.3
202204292121,134.0,1.3
202204292151,,0.0
202204292221,73.0,0.4
202204292251,53.0,0.9
202204292321,,0.0
202204292351,110.0,0.4
202204300021,,0.0
202204300051,,0.0
202204300121,,0.0
202204300151,,0.0
202204300221,,0.0
202204300251,,0.0
202204300321,,0.0
202204300351,,0.0
202204300421,,0.0
202204300451,,0.0
202204300521,,0.0
202204300551,,0.0
202204300621,,0.0
202204300721,,0.0
202204300751,,0.0
202204300821,,0.0
202204300851,,0.0
202204300921,,0.0
202204300951,,0.0
202204301021,,0.0
202204301051,,0.0
202204301121,,0.0
202204301151,,0.0
202204301221,,0.0
202204301251,112.0,0.9
202204301321,,0.0
202204301351,,0.0
202204301421,,0.0
202204301451,,0.0
202204301521,122.0,0.4
202204301551,115.0,0.9
202204301621,114.0,0.4
202204301651,,0.0
202204301721,111.0,0.4
202204301821,95.0,0.9
202204301851,,0.0
202204301921,90.0,0.9
202204302021,116.0,0.4
202204302051,,0.0
202204302121,118.0,0.4
202204302151,,0.0
202204302221,134.0,0.9
202204302251,,0.0
202204302321,152.0,0.4
202204302351,,0.0
202205010051,,0.0
202205010121,,0.0
202205010151,,0.0
202205010221,,0.0
202205010251,,0.0
202205010321,,0.0
202205010351,,0.0
202205010421,,0.0
202205010451,,0.0
202205010521,115.0,0.4
202205010551,,0.0
202205010621,,0.0
202205010652,,0.0
202205010752,,0.0
202205010822,,0.0
202205010852,,0.0
202205010922,,0.0
202205010952,,0.0
202205011022,,0.0
202205011052,,0.0
202205011122,107.0,0.4
202205011152,,0.0
202205011222,117.0,0.4
202205011252,,0.0
202205011322,,0.0
202205011352,91.0,0.4
202205011422,,0.0
202205011452,,0.0
202205011522,,0.0
202205011552,,0.0
202205011622,,0.0
202205011652,,0.0
202205011722,105.0,0.4
202205011752,93.0,0.4
202205011822,,0.0
202205011852,168.0,0.9
202205011922,,0.0
202205011952,94.0,0.4
202205012022,113.0,1.8
202205012052,113.0,0.4
202205012122,111.0,0.9
202205012152,134.0,0.9
202205012222,119.0,0.4
202205012252,119.0,1.8
202205012322,121.0,0.4
202205012352,,0.0
202205020022,,0.0
202205020052,,0.0
202205020122,,0.0
202205020152,,0.0
202205020222,,0.0
202205020252,,0.0
202205020322,,0.0
202205020352,,0.0
202205020422,,0.0
202205020452,,0.0
202205020522,,0.0
202205020552,,0.0
202205020622,,0.0
202205020652,,0.0
202205020722,,0.0
202205020752,,0.0
202205020822,,0.0
202205020852,,0.0
202205020922,,0.0
202205021022,,0.0
202205021052,,0.0
202205021122,,0.0
202205021152,,0.0
202205021222,,0.0
202205021252,,0.0
202205021322,,0.0
202205021352,,0.0
202205021422,75.0,0.9
202205021452,100.0,0.4
202205021522,93.0,0.4
202205021552,,0.0
202205021622,,0.0
202205021652,90.0,0.9
202205021722,117.0,1.3
202205021752,36.0,0.9
202205021822,117.0,0.4
202205021852,105.0,0.9
202205021922,,0.0
202205021952,,0.0
202205022022,81.0,0.9
202205022052,57.0,0.4
202205022122,,0.0
202205022152,,0.0
202205022222,,0.0
202205022252,,0.0
202205022322,,0.0
202205022352,,0.0
202205030022,,0.0
202205030052,,0.0
202205030122,85.0,0.4
202205030152,,0.0
202205030222,,0.0
202205030252,,0.0
202205030322,,0.0
202205030352,,0.0
202205030422,,0.0
202205030452,,0.0
202205030522,,0.0
202205030552,,0.0
202205030622,,0.0
202205030652,,0.0
202205030722,,0.0
202205030752,,0.0
202205030822,,0.0
202205030858,,0.0
202205030928,,0.0
202205030958,,0.0
202205031028,,0.0
202205031058,86.0,0.4
202205031128,,0.0
202205031158,126.0,0.4
202205031228,,0.0
202205031258,,0.0
202205031328,,0.0
202205031358,124.0,0.4
202205031428,58.0,1.3
202205031458,130.0,1.3
202205031528,117.0,1.8
202205031559,103.0,0.9
202205031629,116.0,0.9
202205031659,128.0,0.9
202205031729,144.0,2.7
202205031759,123.0,0.4
202205031829,107.0,1.8
202205031859,150.0,0.9
202205031929,60.0,0.4
202205031959,100.0,0.9
202205032029,104.0,0.9
202205032059,114.0,0.4
202205032129,121.0,0.4
202205032159,136.0,0.9
202205032229,,0.0
202205032259,,0.0
202205032329,,0.0
202205032359,,0.0
202205040029,,0.0
202205040059,,0.0
202205040129,,0.0
202205040159,,0.0
202205040259,,0.0
202205040329,,0.0
202205040359,,0.0
202205040429,,0.0
202205040459,,0.0
202205040529,,0.0
202205040559,,0.0
202205040629,,0.0
202205040659,,0.0
202205040729,,0.0
202205040829,,0.0
202205040859,,0.0
202205040929,,0.0
202205040959,,0.0
202205041029,,0.0
202205041059,,0.0
202205041129,,0.0
202205041159,,0.0
202205041229,,0.0
202205041259,,0.0
202205041329,127.0,0.4
202205041359,,0.0
202205041429,,0.0
202205041459,,0.0
202205041529,,0.0
202205041559,,0.0
202205041629,143.0,0.9
202205041659,113.0,0.4
202205041729,,0.0
202205041759,,0.0
202205041859,121.0,0.4
202205041929,94.0,0.4
202205041959,123.0,0.4
202205042029,,0.0
202205042059,104.0,0.4
202205042129,,0.0
202205042159,,0.0
202205042229,,0.0
202205042259,,0.0
202205042329,,0.0
202205042359,,0.0
202205050159,,0.0
202205050229,,0.0
202205050259,,0.0
202205050329,109.0,0.4
202205050359,,0.0
202205050429,,0.0
202205050459,,0.0
202205050529,,0.0
202205050559,,0.0
202205050629,,0.0
202205050659,,0.0
202205050729,,0.0
202205050759,,0.0
202205050829,,0.0
202205050859,,0.0
202205050929,,0.0
202205050959,,0.0
202205051029,,0.0
202205051059,,0.0
202205051129,,0.0
202205051159,,0.0
202205051229,,0.0
202205051259,,0.0
202205051329,,0.0
202205051359,,0.0
202205051429,120.0,0.4
202205051459,,0.0
202205051529,103.0,0.4
202205051559,98.0,0.4
202205051629,123.0,0.4
202205051659,25.0,0.4
202205051729,109.0,0.9
202205051759,135.0,0.4
202205051830,117.0,0.4
202205051930,134.0,0.4
202205052000,124.0,0.4
202205052030,104.0,1.3
202205052100,100.0,1.3
202205052130,,0.0
202205052200,123.0,0.4
202205052230,,0.0
202205052300,,0.0
202205052330,,0.0
202205060000,,0.0
202205060030,,0.0
202205060100,,0.0
202205060200,,0.0
202205060230,126.0,0.4
202205060300,,0.0
202205060330,,0.0
202205060400,164.0,3.1
202205060430,,0.0
202205060500,,0.0
202205060530,141.0,0.4
202205060600,,0.0
202205060630,,0.0
202205060700,,0.0
202205060730,,0.0
202205060800,,0.0
202205060830,,0.0
202205060930,,0.0
202205061000,,0.0
202205061030,,0.0
202205061100,,0.0
202205061130,,0.0
202205061200,,0.0
202205061230,,0.0
202205061300,,0.0
202205061330,115.0,0.4
202205061400,,0.0
202205061430,85.0,0.9
202205061500,112.0,0.4
202205061530,77.0,1.8
202205061600,185.0,1.8
202205061630,136.0,3.6
202205061700,159.0,2.2
202205061730,151.0,1.3
202205061800,108.0,2.2
202205061830,149.0,2.2
202205061900,132.0,2.2
202205061930,121.0,0.4
202205062000,111.0,2.7
202205062030,108.0,2.7
202205062100,168.0,0.9
202205062130,96.0,0.9
202205062200,126.0,0.9
202205062230,,0.0
202205062300,148.0,2.2
202205062330,213.0,1.3
202205070000,,0.0
202205070030,,0.0
202205070100,,0.0
202205070130,136.0,0.4
202205070200,128.0,0.4
202205070230,134.0,0.4
202205070300,,0.0
202205070330,124.0,0.4
202205070430,142.0,0.4
202205070500,152.0,1.3
202205070530,,0.0
202205070600,152.0,0.4
202205070630,,0.0
202205070700,,0.0
202205070730,,0.0
202205070800,,0.0
202205070830,,0.0
202205070900,,0.0
202205070930,,0.0
202205071000,,0.0
202205071030,,0.0
202205071100,,0.0
202205071130,,0.0
202205071200,,0.0
202205071230,162.0,0.9
202205071300,,0.0
202205071330,119.0,0.4
202205071400,130.0,0.4
202205071430,102.0,1.3
202205071500,204.0,0.9
202205071530,,0.0
202205071600,,0.0
202205071630,138.0,0.9
202205071701,143.0,0.4
202205071801,,0.0
202205071831,,0.0
202205071901,157.0,0.9
202205071931,102.0,0.4
202205072001,,0.0
202205072031,189.0,0.9
202205072101,,0.0
202205072131,,0.0
202205072201,,0.0
202205072231,134.0,0.4
202205072301,165.0,0.4
202205072331,156.0,0.4
202205080001,169.0,0.4
202205080031,,0.0
202205080101,,0.0
202205080131,,0.0
202205080201,,0.0
202205080231,,0.0
202205080301,,0.0
202205080331,,0.0
202205080431,,0.0
202205080501,,0.0
202205080531,,0.0
202205080601,151.0,0.4
202205080631,,0.0
202205080701,,0.0
202205080731,,0.0
202205080801,,0.0
202205080831,,0.0
202205080901,,0.0
202205080931,,0.0
202205081001,,0.0
202205081031,,0.0
202205081101,,0.0
202205081131,,0.0
202205081201,,0.0
202205081231,,0.0
202205081301,162.0,0.4
202205081331,161.0,0.4
202205081401,136.0,0.4
202205081431,175.0,0.4
202205081501,188.0,0.9
202205081601,228.0,1.3
202205081631,,0.0
202205081701,121.0,0.9
202205081731,,0.0
202205081801,143.0,0.4
202205081831,126.0,0.4
202205081901,105.0,0.4
202205081931,,0.0
202205082001,114.0,0.4
202205082031,,0.0
202205082101,121.0,0.4
202205082131,109.0,0.4
202205082201,123.0,0.4
202205082231,,0.0
202205082301,,0.0
202205082331,,0.0
202205090001,,0.0
202205090031,,0.0
202205090101,,0.0
202205090131,,0.0
202205090201,,0.0
202205090231,,0.0
202205090301,,0.0
202205090331,,0.0
202205090401,,0.0
202205090431,,0.0
202205090501,,0.0
202205090531,,0.0
202205090601,,0.0
202205090631,,0.0
202205090701,,0.0
202205090731,,0.0
202205090801,,0.0
202205090831,,0.0
202205090901,,0.0
202205090931,,0.0
202205091001,,0.0
202205091031,,0.0
202205091101,,0.0
202205091131,,0.0
202205091201,,0.0
202205091231,,0.0
202205091301,24.0,0.4
202205091331,135.0,0.9
202205091401,66.0,0.4
202205091431,,0.0
202205091501,112.0,0.4
202205091531,262.0,1.3
202205091601,,0.0
202205091631,97.0,0.9
202205091701,,0.0
202205091731,106.0,0.4
202205091801,117.0,0.4
202205091831,171.0,0.9
202205091901,133.0,0.4
202205091932,,0.0
202205092002,,0.0
202205092032,,0.0
202205092102,112.0,1.3
202205092132,,0.0
202205092202,,0.0
202205092232,,0.0
202205092302,,0.0
202205092332,,0.0
202205100002,,0.0
202205100032,,0.0
202205100102,,0.0
202205100132,,0.0
202205100202,,0.0
202205100232,,0.0
202205100302,,0.0
202205100332,,0.0
202205100402,,0.0
202205100432,,0.0
202205100502,,0.0
202205100532,,0.0
202205100602,,0.0
202205100632,,0.0
202205100702,,0.0
202205100732,,0.0
202205100802,,0.0
202205100832,,0.0
202205100932,,0.0
202205101002,,0.0
202205101032,,0.0
202205101102,,0.0
202205101132,,0.0
202205101202,,0.0
202205101232,,0.0
202205101302,,0.0
202205101332,,0.0
202205101402,,0.0
202205101432,46.0,0.4
202205101502,170.0,0.4
202205101602,,0.0
202205101632,131.0,0.4
202205101702,123.0,0.4
202205101732,176.0,0.9
202205101802,,0.0
202205101832,111.0,0.4
202205101902,175.0,0.4
202205101932,,0.0
202205102002,,0.0
202205102032,153.0,0.4
202205102132,134.0,0.4
202205102202,,0.0
202205102232,,0.0
202205102302,,0.0
202205102332,,0.0
202205110002,,0.0
202205110032,,0.0
202205110102,,0.0
202205110132,,0.0
202205110202,,0.0
202205110232,,0.0
202205110302,,0.0
202205110332,,0.0
202205110402,,0.0
202205110432,,0.0
202205110502,,0.0
202205110532,,0.0
202205110602,,0.0
202205110632,,0.0
202205110702,,0.0
202205110732,,0.0
202205110802,,0.0
202205110832,,0.0
202205110902,,0.0
202205110932,,0.0
202205111002,,0.0
202205111032,,0.0
202205111102,,0.0
202205111132,,0.0
202205111202,,0.0
202205111232,,0.0
202205111302,,0.0
202205111332,,0.0
202205111402,,0.0
202205111432,118.0,0.4
202205111502,,0.0
202205111532,,0.0
202205111602,146.0,0.4
202205111632,163.0,0.4
202205111702,,0.0
202205111732,171.0,0.4
202205111802,187.0,0.4
202205111832,,0.0
202205111903,,0.0
202205111933,129.0,1.3
202205112003,221.0,0.9
202205112033,,0.0
202205112103,,0.0
202205112133,,0.0
202205112203,,0.0
202205112233,,0.0
202205112303,,0.0
202205120003,,0.0
202205120033,,0.0
202205120103,,0.0
202205120133,,0.0
202205120203,,0.0
202205120233,,0.0
202205120303,,0.0
202205120333,,0.0
202205120403,,0.0
202205120433,,0.0
202205120503,,0.0
202205120533,,0.0
202205120603,,0.0
202205120633,,0.0
202205120703,,0.0
202205120733,,0.0
202205120803,,0.0
202205120833,,0.0
202205120903,,0.0
202205120933,,0.0
202205121003,,0.0
202205121033,,0.0
202205121103,,0.0
202205121133,,0.0
202205121203,,0.0
202205121233,,0.0
202205121303,,0.0
202205121333,164.0,0.4
202205121403,119.0,0.4
202205121433,49.0,0.4
202205121533,138.0,0.4
202205121603,93.0,0.4
202205121633,108.0,0.4
202205121703,,0.0
202205121733,,0.0
202205121833,,0.0
202205121903,,0.0
202205121933,159.0,0.4
202205122003,,0.0
202205122033,,0.0
202205122103,113.0,0.4
202205122133,140.0,0.4
202205122203,165.0,0.4
202205122233,,0.0
202205122303,,0.0
202205122333,,0.0
202205130003,,0.0
202205130033,,0.0
202205130103,,0.0
202205130133,,0.0
202205130203,,0.0
202205130233,,0.0
202205130303,,0.0
202205130333,,0.0
202205130403,,0.0
202205130433,,0.0
202205130503,,0.0
202205130533,,0.0
202205130603,,0.0
202205130633,,0.0
202205130703,,0.0
202205130733,,0.0
202205130803,,0.0
202205130833,,0.0
202205130903,,0.0
202205130933,,0.0
202205131003,,0.0
202205131033,,0.0
202205131103,,0.0
202205131133,,0.0
202205131203,,0.0
202205131303,,0.0
202205131333,,0.0
202205131403,124.0,0.4
202205131433,,0.0
202205131503,133.0,0.4
202205131533,,0.0
202205131603,62.0,0.4
202205131634,,0.0
202205131704,263.0,0.9
202205131734,177.0,0.4
202205131804,,0.0
202205131834,136.0,0.4
202205131934,,0.0
202205132034,,0.0
202205132104,,0.0
202205132134,111.0,0.4
202205132204,,0.0
202205132234,,0.0
202205132304,,0.0
202205132334,,0.0
202205140004,,0.0
202205140034,,0.0
202205140104,,0.0
202205140134,,0.0
202205140204,,0.0
202205140234,,0.0
202205140304,,0.0
202205140334,,0.0
202205140404,,0.0
202205140434,,0.0
202205140504,,0.0
202205140534,,0.0
202205140634,,0.0
202205140704,,0.0
202205140734,,0.0
202205140804,,0.0
202205140834,,0.0
202205140904,,0.0
202205140934,,0.0
202205141004,,0.0
202205141034,,0.0
202205141104,,0.0
202205141134,,0.0
202205141204,,0.0
202205141234,,0.0
202205141304,,0.0
202205141334,,0.0
202205141404,,0.0
202205141434,,0.0
202205141504,191.0,0.4
202205141534,131.0,0.9
202205141604,140.0,0.4
202205141634,46.0,0.4
202205141704,161.0,0.4
202205141734,,0.0
202205141804,122.0,0.4
202205141834,143.0,0.4
202205141904,119.0,0.4
202205141934,,0.0
202205142034,185.0,0.4
202205142104,,0.0
202205142134,,0.0
202205142204,144.0,0.4
202205142234,,0.0
202205142304,,0.0
202205142334,,0.0
202205150034,,0.0
202205150104,,0.0
202205150134,,0.0
202205150204,,0.0
202205150234,,0.0
202205150304,,0.0
202205150334,,0.0
202205150404,,0.0
202205150504,,0.0
202205150534,,0.0
202205150604,,0.0
202205150634,,0.0
202205150704,,0.0
202205150734,,0.0
202205150804,,0.0
202205150834,,0.0
202205150904,,0.0
202205150934,,0.0
202205151004,,0.0
202205151034,,0.0
202205151104,,0.0
202205151134,179.0,0.4
202205151204,,0.0
202205151234,,0.0
202205151304,,0.0
202205151334,,0.0
202205151404,,0.0
202205151434,,0.0
202205151504,,0.0
202205151534,148.0,0.4
202205151604,148.0,0.4
202205151634,,0.0
202205151735,,0.0
202205151805,,0.0
202205151835,,0.0
202205151905,134.0,0.4
202205151935,97.0,0.4
202205152005,,0.0
202205152035,119.0,0.4
202205152105,,0.0
202205152205,,0.0
202205152235,148.0,0.9
202205152305,,0.0
202205152335,142.0,0.4
202205160005,,0.0
202205160035,,0.0
202205160105,,0.0
202205160135,,0.0
202205160205,,0.0
202205160235,,0.0
202205160305,,0.0
202205160335,,0.0
202205160435,,0.0
202205160505,,0.0
202205160535,132.0,0.4
202205160605,,0.0
202205160635,,0.0
202205160705,,0.0
202205160735,,0.0
202205160835,,0.0
202205160905,,0.0
202205160935,,0.0
202205161035,,0.0
202205161105,,0.0
202205161135,,0.0
202205161205,,0.0
202205161235,,0.0
202205161335,,0.0
202205161405,85.0,0.9
202205161435,,0.0
202205161505,127.0,0.9
202205161535,130.0,0.4
202205161605,152.0,0.4
202205161635,124.0,0.4
202205161705,,0.0
202205161735,100.0,0.4
202205161805,,0.0
202205161835,,0.0
202205161905,123.0,0.4
202205161935,155.0,0.4
202205162005,219.0,0.9
202205162035,156.0,0.4
202205162105,101.0,0.4
202205162135,,0.0
202205162205,,0.0
202205162235,154.0,0.4
202205162305,,0.0
202205162335,,0.0
202205170005,,0.0
202205170035,,0.0
202205170105,,0.0
202205170135,,0.0
202205170205,,0.0
202205170235,,0.0
202205170305,,0.0
202205170335,,0.0
202205170405,,0.0
202205170435,,0.0
202205170505,,0.0
202205170535,,0.0
202205170605,,0.0
202205170635,,0.0
202205170705,,0.0
202205170735,,0.0
202205170805,,0.0
202205170835,,0.0
202205170905,,0.0
202205170935,,0.0
202205171005,,0.0
202205171035,,0.0
202205171105,,0.0
202205171135,,0.0
202205171205,,0.0
202205171235,,0.0
202205171305,,0.0
202205171335,148.0,0.4
202205171405,,0.0
202205171505,126.0,0.4
202205171535,,0.0
202205171605,147.0,0.4
202205171705,110.0,0.9
202205171735,,0.0
202205171805,,0.0
202205171835,,0.0
202205171905,122.0,0.4
202205171935,109.0,0.9
202205172006,146.0,0.9
202205172036,80.0,0.9
202205172106,,0.0
202205172136,,0.0
202205172206,,0.0
202205172236,,0.0
202205172306,,0.0
202205172336,,0.0
202205180006,,0.0
202205180036,,0.0
202205180106,,0.0
202205180136,,0.0
202205180206,,0.0
202205180306,,0.0
202205180336,,0.0
202205180406,,0.0
202205180436,,0.0
202205180506,,0.0
202205180536,,0.0
202205180606,,0.0
202205180636,,0.0
202205180706,,0.0
202205180736,,0.0
202205180806,,0.0
202205180836,,0.0
202205180906,,0.0
202205180936,,0.0
202205181036,,0.0
202205181106,,0.0
202205181136,,0.0
202205181206,,0.0
202205181236,,0.0
202205181306,,0.0
202205181336,,0.0
202205181406,,0.0
202205181436,119.0,0.4
202205181506,,0.0
202205181536,,0.0
202205181606,229.0,1.3
202205181636,,0.0
202205181706,140.0,0.4
202205181736,136.0,0.4
202205181806,,0.0
202205181836,,0.0
202205181936,109.0,0.9
202205182036,130.0,0.4
202205182106,139.0,1.3
202205182136,111.0,0.4
202205182206,137.0,0.4
202205182236,,0.0
202205182306,,0.0
202205182336,130.0,0.4
202205190006,,0.0
202205190036,,0.0
202205190106,,0.0
202205190136,,0.0
202205190206,,0.0
202205190236,,0.0
202205190306,,0.0
202205190336,,0.0
202205190406,,0.0
202205190436,,0.0
202205190506,,0.0
202205190636,,0.0
202205190706,,0.0
202205190736,,0.0
202205190806,,0.0
202205190836,,0.0
202205190906,,0.0
202205190936,,0.0
202205191106,,0.0
202205191136,,0.0
202205191206,,0.0
202205191236,,0.0
202205191306,,0.0
202205191336,,0.0
202205191406,127.0,0.9
202205191436,124.0,0.4
202205191506,122.0,0.9
202205191536,124.0,0.4
202205191606,101.0,0.4
202205191636,120.0,0.4
202205191706,116.0,0.4
202205191736,,0.0
202205191806,75.0,0.4
202205191836,127.0,1.3
202205191906,157.0,0.9
202205191936,133.0,0.4
202205192006,116.0,0.4
202205192036,150.0,0.9
202205192106,,0.0
202205192137,,0.0
202205192207,81.0,0.9
202205192237,108.0,0.4
202205192307,126.0,0.9
202205192337,,0.0
202205200007,,0.0
202205200107,,0.0
202205200137,,0.0
202205200207,,0.0
202205200237,,0.0
202205200307,,0.0
202205200337,,0.0
202205200407,,0.0
202205200437,,0.0
202205200537,,0.0
202205200607,,0.0
202205200637,124.0,0.4
202205200707,,0.0
202205200737,,0.0
202205200807,,0.0
202205200837,,0.0
202205200907,,0.0
202205200937,,0.0
202205201007,,0.0
202205201037,,0.0
202205201107,,0.0
202205201137,,0.0
202205201207,,0.0
202205201237,,0.0
202205201307,,0.0
202205201337,125.0,0.4
202205201407,,0.0
202205201437,99.0,0.9
202205201507,200.0,0.4
202205201537,,0.0
202205201607,134.0,0.4
202205201637,110.0,0.4
202205201707,80.0,1.3
202205201737,160.0,0.9
202205201807,131.0,0.4
202205201837,95.0,0.4
202205201907,130.0,0.4
202205201937,133.0,0.9
202205202007,,0.0
202205202037,,0.0
202205202107,157.0,1.3
202205202137,102.0,0.4
202205202207,114.0,0.4
202205202237,132.0,0.4
202205202307,117.0,0.4
202205202337,,0.0
202205210007,,0.0
202205210037,,0.0
202205210107,,0.0
202205210137,,0.0
202205210207,,0.0
202205210237,,0.0
202205210307,,0.0
202205210337,,0.0
202205210437,,0.0
202205210507,,0.0
202205210537,,0.0
202205210607,127.0,0.4
202205210637,,0.0
202205210707,,0.0
202205210737,,0.0
202205210807,,0.0
202205210837,,0.0
202205210907,,0.0
202205210937,,0.0
202205211007,,0.0
202205211037,,0.0
202205211107,,0.0
202205211137,,0.0
202205211207,,0.0
202205211237,,0.0
202205211307,,0.0
202205211337,,0.0
202205211407,121.0,0.4
202205211437,150.0,0.4
202205211507,115.0,0.4
202205211537,117.0,0.4
202205211607,,0.0
202205211637,,0.0
202205211707,,0.0
202205211737,107.0,0.4
202205211807,116.0,0.4
202205211837,153.0,1.3
202205211907,134.0,0.9
202205211937,131.0,0.9
202205212007,,0.0
202205212037,128.0,0.9
202205212107,128.0,1.3
202205212137,,0.0
202205212207,137.0,0.4
202205212237,131.0,0.9
202205212307,,0.0
202205212337,,0.0
202205220007,,0.0
202205220037,117.0,0.4
202205220108,122.0,0.4
202205220138,,0.0
202205220238,,0.0
202205220308,,0.0
202205220338,,0.0
202205220408,,0.0
202205220438,,0.0
202205220508,,0.0
202205220538,,0.0
202205220638,,0.0
202205220708,,0.0
202205220738,,0.0
202205220808,,0.0
202205220838,,0.0
202205220908,,0.0
202205220938,,0.0
202205221008,,0.0
202205221038,,0.0
202205221108,,0.0
202205221138,,0.0
202205221208,,0.0
202205221238,,0.0
202205221308,,0.0
202205221338,,0.0
202205221408,114.0,0.4
202205221438,117.0,0.9
202205221508,74.0,0.4
202205221538,,0.0
202205221608,,0.0
202205221638,153.0,0.4
202205221708,359.0,0.9
202205221738,,0.0
202205221808,121.0,0.4
202205221838,,0.0
202205221908,,0.0
202205221938,,0.0
202205222008,,0.0
202205222038,,0.0
202205222108,,0.0
202205222138,,0.0
202205222208,,0.0
202205222238,,0.0
202205222308,,0.0
202205222338,,0.0
202205230008,,0.0
202205230038,,0.0
202205230108,,0.0
202205230138,122.0,0.4
202205230208,111.0,1.8
202205230238,109.0,0.4
202205230308,,0.0
202205230438,,0.0
202205230538,,0.0
202205230608,,0.0
202205230638,,0.0
202205230708,,0.0
202205230738,,0.0
202205230808,,0.0
202205230838,,0.0
202205230908,,0.0
202205230938,,0.0
202205231008,,0.0
202205231138,,0.0
202205231208,,0.0
202205231238,,0.0
202205231308,,0.0
202205231338,,0.0
202205231408,,0.0
202205231438,,0.0
202205231508,115.0,0.4
202205231538,,0.0
202205231608,,0.0
202205231638,,0.0
202205231708,126.0,0.4
202205231738,125.0,0.9
202205231808,,0.0
202205231838,138.0,0.9
202205231908,153.0,0.4
202205231938,99.0,1.3
202205232008,114.0,0.4
202205232038,,0.0
202205232108,111.0,0.4
202205232138,135.0,0.4
202205232208,,0.0
202205232238,,0.0
202205232308,,0.0
202205232338,,0.0
202205240009,,0.0
202205240039,,0.0
202205240109,,0.0
202205240139,,0.0
202205240209,141.0,0.4
202205240239,,0.0
202205240309,,0.0
202205240339,,0.0
202205240439,107.0,0.4
202205240509,,0.0
202205240539,,0.0
202205240609,,0.0
202205240639,,0.0
202205240709,,0.0
202205240739,,0.0
202205240809,,0.0
202205240839,,0.0
202205240909,,0.0
202205240939,,0.0
202205241009,,0.0
202205241039,,0.0
202205241109,,0.0
202205241139,,0.0
202205241209,,0.0
202205241239,,0.0
202205241309,,0.0
202205241339,,0.0
202205241409,,0.0
202205241439,,0.0
202205241509,95.0,0.4
202205241539,,0.0
202205241609,,0.0
202205241639,,0.0
202205241709,,0.0
202205241739,,0.0
202205241809,,0.0
202205241839,,0.0
202205241909,11.0,0.4
202205241939,,0.0
202205242009,115.0,0.4
202205242039,,0.0
202205242109,,0.0
202205242139,,0.0
202205242209,70.0,0.4
202205242239,,0.0
202205242309,,0.0
202205242339,,0.0
202205250009,,0.0
202205250039,,0.0
202205250109,,0.0
202205250139,,0.0
202205250209,,0.0
202205250239,,0.0
202205250309,,0.0
202205250339,,0.0
202205250409,,0.0
202205250439,,0.0
202205250509,,0.0
202205250539,,0.0
202205250609,,0.0
202205250639,,0.0
202205250709,,0.0
202205250809,,0.0
202205250839,,0.0
202205250909,,0.0
202205250939,,0.0
202205251009,,0.0
202205251039,,0.0
202205251109,,0.0
202205251139,,0.0
202205251209,,0.0
202205251239,,0.0
202205251309,129.0,0.4
202205251339,142.0,0.4
202205251409,122.0,0.4
202205251439,,0.0
202205251509,111.0,0.4
202205251539,297.0,0.4
202205251639,253.0,0.4
202205251709,129.0,1.3
202205251739,,0.0
202205251809,130.0,0.4
202205251839,,0.0
202205251909,169.0,0.4
202205251939,110.0,0.4
202205252009,136.0,0.4
202205252109,,0.0
202205252139,,0.0
202205252209,,0.0
202205252240,,0.0
202205252310,,0.0
202205252340,,0.0
202205260010,,0.0
202205260040,,0.0
202205260110,,0.0
202205260140,,0.0
202205260210,144.0,0.9
202205260240,129.0,0.4
202205260310,121.0,0.4
202205260340,,0.0
202205260410,,0.0
202205260440,,0.0
202205260510,,0.0
202205260540,,0.0
202205260610,,0.0
202205260640,97.0,0.4
202205260710,141.0,0.9
202205260740,,0.0
202205260810,102.0,0.4
202205260840,,0.0
202205260910,,0.0
202205260940,146.0,0.4
202205261010,,0.0
202205261040,49.0,0.4
202205261110,,0.0
202205261140,118.0,0.4
202205261210,154.0,0.4
202205261240,,0.0
202205261310,,0.0
202205261340,187.0,0.9
202205261410,,0.0
202205261440,125.0,0.9
202205261510,135.0,0.4
202205261540,,0.0
202205261610,120.0,0.9
202205261640,,0.0
202205261710,139.0,0.4
202205261740,109.0,0.9
202205261810,149.0,1.3
202205261840,,0.0
202205261910,133.0,0.9
202205261940,,0.0
202205262010,,0.0
202205262040,120.0,0.4
202205262210,,0.0
202205262240,,0.0
202205262310,,0.0
202205262340,,0.0
202205270010,,0.0
202205270040,,0.0
202205270110,,0.0
202205270140,,0.0
202205270210,,0.0
202205270240,,0.0
202205270340,,0.0
202205270410,,0.0
202205270440,,0.0
202205270540,,0.0
202205270610,,0.0
202205270640,,0.0
202205270710,,0.0
202205270740,,0.0
202205270810,,0.0
202205270840,,0.0
202205270940,,0.0
202205271010,,0.0
202205271040,,0.0
202205271110,,0.0
202205271210,,0.0
202205271240,115.0,0.4
202205271310,109.0,0.9
202205271340,114.0,0.4
202205271410,123.0,1.3
202205271440,,0.0
202205271510,165.0,2.2
202205271540,109.0,2.2
202205271610,149.0,0.4
202205271640,128.0,0.9
202205271710,138.0,1.3
202205271740,140.0,0.4
202205271810,115.0,0.4
202205271840,142.0,1.3
202205271910,151.0,0.9
202205271940,,0.0
202205272010,135.0,0.9
202205272040,132.0,0.4
202205272110,161.0,0.9
202205272140,122.0,0.4
202205272211,164.0,0.4
202205272241,,0.0
202205272311,149.0,0.4
202205280041,,0.0
202205280141,,0.0
202205280211,,0.0
202205280311,,0.0
202205280341,,0.0
202205280411,,0.0
202205280441,,0.0
202205280511,,0.0
202205280541,,0.0
202205280611,,0.0
202205280641,,0.0
202205280711,,0.0
202205280741,,0.0
202205280811,,0.0
202205280841,,0.0
202205280911,,0.0
202205280941,,0.0
202205281011,,0.0
202205281041,,0.0
202205281111,,0.0
202205281141,,0.0
202205281211,,0.0
202205281241,,0.0
202205281311,,0.0
202205281341,,0.0
202205281411,146.0,0.4
202205281441,,0.0
202205281511,,0.0
202205281541,158.0,0.4
202205281611,,0.0
202205281641,105.0,0.4
202205281711,,0.0
202205281741,,0.0
202205281841,,0.0
202205281911,132.0,0.4
202205281941,,0.0
202205282011,,0.0
202205282111,,0.0
202205282141,,0.0
202205282211,,0.0
202205282241,149.0,0.4
202205282311,,0.0
202205282341,,0.0
202205290011,,0.0
202205290041,,0.0
202205290111,,0.0
202205290141,,0.0
202205290211,,0.0
202205290241,,0.0
202205290311,,0.0
202205290341,,0.0
202205290411,,0.0
202205290511,,0.0
202205290541,,0.0
202205290611,,0.0
202205290641,,0.0
202205290711,,0.0
202205290741,,0.0
202205290811,,0.0
202205290841,,0.0
202205290911,,0.0
202205290941,,0.0
202205291011,,0.0
202205291041,,0.0
202205291111,,0.0
202205291141,,0.0
202205291211,,0.0
202205291241,,0.0
202205291311,,0.0
202205291341,,0.0
202205291411,,0.0
202205291441,,0.0
202205291511,,0.0
202205291541,,0.0
202205291611,143.0,0.4
202205291641,,0.0
202205291711,,0.0
202205291741,,0.0
202205291811,,0.0
202205291841,,0.0
202205291911,120.0,0.9
202205291941,,0.0
202205292011,116.0,0.4
202205292041,,0.0
202205292111,,0.0
202205292141,,0.0
202205292212,,0.0
202205292242,126.0,0.4
202205292312,,0.0
202205292342,,0.0
202205300012,,0.0
202205300042,,0.0
202205300112,,0.0
202205300142,,0.0
202205300212,,0.0
202205300242,,0.0
202205300312,,0.0
202205300342,,0.0
202205300412,,0.0
202205300442,,0.0
202205300512,,0.0
202205300542,,0.0
202205300642,,0.0
202205300712,,0.0
202205300742,,0.0
202205300812,,0.0
202205300912,,0.0
202205300942,,0.0
202205301012,,0.0
202205301042,,0.0
202205301112,,0.0
202205301142,,0.0
202205301212,,0.0
202205301242,,0.0
202205301312,132.0,0.4
202205301342,,0.0
202205301412,137.0,0.4
202205301442,,0.0
202205301512,105.0,0.4
202205301542,,0.0
202205301612,104.0,0.4
202205301742,,0.0
202205301812,,0.0
202205301842,132.0,0.4
202205301912,134.0,0.4
202205301942,105.0,0.4
202205302012,,0.0
202205302042,128.0,0.4
202205302112,,0.0
202205302142,129.0,0.4
202205302212,,0.0
202205302242,,0.0
202205302312,,0.0
202205302342,,0.0
202205310012,,0.0
202205310042,,0.0
202205310112,,0.0
202205310142,,0.0
202205310212,,0.0
202205310242,,0.0
202205310312,,0.0
202205310342,,0.0
202205310412,,0.0
202205310442,,0.0
202205310512,,0.0
202205310542,,0.0
202205310712,,0.0
202205310742,,0.0
202205310812,,0.0
202205310842,,0.0
202205310912,,0.0
202205310942,,0.0
202205311012,,0.0
202205311042,,0.0
202205311112,,0.0
202205311142,,0.0
202205311242,,0.0
202205311312,,0.0
202205311412,,0.0
202205311442,,0.0
202205311512,,0.0
202205311542,122.0,0.4
202205311612,,0.0
202205311642,103.0,0.4
202205311712,146.0,0.4
202205311743,,0.0
202205311813,,0.0
202205311843,,0.0
202205311913,,0.0
202205311943,,0.0
202205312013,140.0,0.9
202205312043,,0.0
202205312113,,0.0
202205312143,,0.0
202205312213,,0.0
202205312243,,0.0
202205312313,,0.0
202205312343,,0.0
202206010013,,0.0
202206010043,,0.0
202206010143,,0.0
202206010213,,0.0
202206010243,,0.0
202206010313,,0.0
202206010343,,0.0
202206010413,,0.0
202206010443,,0.0
202206010513,,0.0
202206010543,,0.0
202206010613,,0.0
202206010643,,0.0
202206010713,,0.0
202206010743,,0.0
202206010813,,0.0
202206010913,,0.0
202206010943,,0.0
202206011013,,0.0
202206011043,,0.0
202206011113,,0.0
202206011143,,0.0
202206011213,,0.0
202206011243,,0.0
202206011313,,0.0
202206011343,,0.0
202206011413,,0.0
202206011443,226.0,0.4
202206011513,,0.0
202206011543,,0.0
202206011613,,0.0
202206011643,,0.0
202206011713,,0.0
202206011743,113.0,0.4
202206011813,120.0,0.4
202206011843,,0.0
202206011913,130.0,0.4
202206011943,,0.0
202206012013,,0.0
202206012043,,0.0
202206012113,,0.0
202206012143,,0.0
202206012213,,0.0
202206012243,,0.0
202206012313,,0.0
202206012343,,0.0
202206020043,,0.0
202206020143,,0.0
202206020213,,0.0
202206020243,,0.0
202206020313,,0.0
202206020343,,0.0
202206020413,,0.0
202206020443,,0.0
202206020513,,0.0
202206020543,,0.0
202206020613,,0.0
202206020643,,0.0
202206020713,,0.0
202206020743,,0.0
202206020813,,0.0
202206020844,,0.0
202206020944,,0.0
202206021014,,0.0
202206021044,,0.0
202206021114,,0.0
202206021144,,0.0
202206021214,,0.0
202206021244,,0.0
202206021314,,0.0
202206021344,,0.0
202206021414,,0.0
202206021444,,0.0
202206021514,,0.0
202206021544,,0.0
202206021614,141.0,0.4
202206021644,163.0,1.3
202206021714,111.0,0.4
202206021744,,0.0
202206021814,136.0,0.4
202206021844,,0.0
202206021914,,0.0
202206021944,,0.0
202206022014,,0.0
202206022044,,0.0
202206022114,,0.0
202206022144,,0.0
202206022214,,0.0
202206022244,,0.0
202206022314,,0.0
202206022344,,0.0
202206030014,,0.0
202206030044,,0.0
202206030114,,0.0
202206030144,,0.0
202206030214,,0.0
202206030244,,0.0
202206030314,,0.0
202206030344,,0.0
202206030414,,0.0
202206030444,,0.0
202206030514,,0.0
202206030544,,0.0
202206030614,,0.0
202206030644,,0.0
202206030714,,0.0
202206030744,,0.0
202206030814,,0.0
202206030844,,0.0
202206030914,,0.0
202206030944,,0.0
202206031014,,0.0
202206031044,,0.0
202206031114,,0.0
202206031144,,0.0
202206031214,,0.0
202206031314,,0.0
202206031344,,0.0
202206031414,,0.0
202206031444,,0.0
202206031514,,0.0
202206031544,,0.0
202206031614,,0.0
202206031644,,0.0
202206031714,,0.0
202206031744,,0.0
202206031814,,0.0
202206031844,,0.0
202206031914,134.0,0.4
202206031944,,0.0
202206032014,,0.0
202206032044,,0.0
202206032114,,0.0
202206032144,288.0,0.9
202206032214,,0.0
202206032244,,0.0
202206032314,,0.0
202206032344,,0.0
202206040014,,0.0
202206040044,,0.0
202206040144,,0.0
202206040244,,0.0
202206040314,,0.0
202206040344,,0.0
202206040414,,0.0
202206040444,,0.0
202206040514,,0.0
202206040544,,0.0
202206040614,,0.0
202206040644,,0.0
202206040714,,0.0
202206040744,,0.0
202206040814,,0.0
202206040844,,0.0
202206040914,,0.0
202206040944,,0.0
202206041014,,0.0
202206041044,,0.0
202206041114,,0.0
202206041145,,0.0
202206041214,,0.0
202206041245,,0.0
202206041315,,0.0
202206041345,132.0,0.4
202206041415,,0.0
202206041445,,0.0
202206041515,111.0,0.4
202206041545,131.0,0.4
202206041615,123.0,1.8
202206041645,119.0,0.4
202206041715,121.0,1.8
202206041745,188.0,0.4
202206041815,124.0,0.4
202206041845,,0.0
202206041915,145.0,0.4
202206041945,161.0,0.4
202206042015,,0.0
202206042045,,0.0
202206042115,,0.0
202206042145,,0.0
202206042215,,0.0
202206042245,,0.0
202206042315,,0.0
202206042345,,0.0
202206050015,,0.0
202206050045,,0.0
202206050115,,0.0
202206050145,,0.0
202206050215,,0.0
202206050245,,0.0
202206050315,,0.0
202206050345,,0.0
202206050415,,0.0
202206050445,,0.0
202206050515,,0.0
202206050545,,0.0
202206050615,,0.0
202206050645,,0.0
202206050715,,0.0
202206050815,,0.0
202206050845,,0.0
202206050945,,0.0
202206051015,,0.0
202206051045,,0.0
202206051115,,0.0
202206051145,,0.0
202206051215,,0.0
202206051245,,0.0
202206051315,,0.0
202206051345,107.0,0.4
202206051415,,0.0
202206051545,111.0,0.4
202206051645,,0.0
202206051715,,0.0
202206051745,91.0,0.4
202206051815,132.0,0.4
202206051845,,0.0
202206051915,,0.0
202206051945,,0.0
202206052015,,0.0
202206052045,,0.0
202206052115,120.0,0.4
202206052145,,0.0
202206052245,,0.0
202206052315,,0.0
202206052345,,0.0
202206060015,,0.0
202206060045,,0.0
202206060115,,0.0
202206060215,,0.0
202206060245,,0.0
202206060315,,0.0
202206060345,,0.0
202206060415,,0.0
202206060445,,0.0
202206060515,,0.0
202206060546,,0.0
202206060616,,0.0
202206060646,,0.0
202206060716,,0.0
202206060746,,0.0
202206060816,,0.0
202206060846,,0.0
202206060916,,0.0
202206060946,,0.0
202206061016,,0.0
202206061046,,0.0
202206061146,,0.0
202206061216,,0.0
202206061246,107.0,0.4
202206061316,,0.0
202206061346,,0.0
202206061416,112.0,0.4
202206061446,168.0,0.4
202206061516,130.0,0.4
202206061546,107.0,0.4
202206061616,55.0,0.9
202206061646,119.0,0.4
202206061716,,0.0
202206061746,129.0,0.9
202206061816,,0.0
202206061846,,0.0
202206061916,125.0,0.4
202206061946,,0.0
202206062016,,0.0
202206062046,,0.0
202206062146,,0.0
202206062216,,0.0
202206062246,117.0,0.4
202206062316,,0.0
202206070016,,0.0
202206070046,,0.0
202206070116,,0.0
202206070146,,0.0
202206070216,,0.0
202206070246,,0.0
202206070316,,0.0
202206070346,,0.0
202206070416,,0.0
202206070446,,0.0
202206070516,106.0,0.4
202206070546,,0.0
202206070616,103.0,0.4
202206070646,,0.0
202206070716,,0.0
202206070746,,0.0
202206070816,,0.0
202206070846,,0.0
202206070916,,0.0
202206070946,,0.0
202206071016,,0.0
202206071046,,0.0
202206071116,,0.0
202206071146,,0.0
202206071216,,0.0
202206071246,,0.0
202206071316,,0.0
202206071346,,0.0
202206071416,,0.0
202206071446,124.0,0.4
202206071516,140.0,1.3
202206071546,99.0,0.9
202206071616,,0.0
202206071646,,0.0
202206071716,148.0,1.3
202206071746,105.0,0.4
202206071846,99.0,0.4
202206071916,100.0,0.4
202206071946,99.0,0.4
202206072016,114.0,0.9
202206072046,,0.0
202206072116,161.0,0.9
202206072146,,0.0
202206072216,,0.0
202206072246,104.0,0.4
202206072316,106.0,0.4
202206072346,,0.0
202206080016,,0.0
202206080046,,0.0
202206080117,,0.0
202206080147,,0.0
202206080217,,0.0
202206080247,,0.0
202206080317,,0.0
202206080347,,0.0
202206080417,,0.0
202206080447,,0.0
202206080517,,0.0
202206080547,100.0,0.9
202206080617,,0.0
202206080647,,0.0
202206080717,,0.0
202206080747,,0.0
202206080817,,0.0
202206080847,,0.0
202206080917,,0.0
202206080947,,0.0
202206081017,,0.0
202206081047,,0.0
202206081117,,0.0
202206081147,,0.0
202206081217,,0.0
202206081247,,0.0
202206081347,,0.0
202206081417,,0.0
202206081447,,0.0
202206081517,,0.0
202206081547,,0.0
202206081617,,0.0
202206081647,,0.0
202206081717,,0.0
202206081747,90.0,0.4
202206081847,,0.0
202206081917,,0.0
202206081947,,0.0
202206082017,,0.0
202206082047,,0.0
202206082117,,0.0
202206082147,,0.0
202206082217,,0.0
202206082317,,0.0
202206082347,152.0,0.4
202206090017,129.0,0.4
202206090117,,0.0
202206090147,,0.0
202206090217,,0.0
202206090247,,0.0
202206090317,,0.0
202206090347,,0.0
202206090417,,0.0
202206090447,,0.0
202206090517,,0.0
202206090547,,0.0
202206090617,,0.0
202206090647,,0.0
202206090717,,0.0
202206090747,,0.0
202206090817,,0.0
202206090847,,0.0
202206090917,,0.0
202206090947,,0.0
202206091017,,0.0
202206091047,,0.0
202206091117,,0.0
202206091147,,0.0
202206091217,,0.0
202206091247,,0.0
202206091317,,0.0
202206091347,,0.0
202206091417,,0.0
202206091447,,0.0
202206091517,,0.0
202206091547,,0.0
202206091617,122.0,0.4
202206091717,,0.0
202206091747,,0.0
202206091817,,0.0
202206091847,,0.0
202206091917,,0.0
202206091947,,0.0
202206092017,,0.0
202206092047,125.0,0.9
202206092117,,0.0
202206092147,,0.0
202206092217,,0.0
202206092247,,0.0
202206092317,,0.0
202206092347,,0.0
202206100017,,0.0
202206100047,,0.0
202206100117,,0.0
202206100147,,0.0
202206100247,,0.0
202206100317,,0.0
202206100347,,0.0
202206100417,,0.0
202206100447,,0.0
202206100517,,0.0
202206100617,,0.0
202206100647,,0.0
202206100718,,0.0
202206100818,,0.0
202206100848,,0.0
202206100918,,0.0
202206100948,,0.0
202206101018,,0.0
202206101048,,0.0
202206101118,,0.0
202206101148,,0.0
202206101218,,0.0
202206101248,,0.0
202206101318,,0.0
202206101348,,0.0
202206101418,,0.0
202206101448,172.0,0.4
202206101518,,0.0
202206101648,,0.0
202206101718,,0.0
202206101748,,0.0
202206101818,,0.0
202206101848,,0.0
202206101918,,0.0
202206101948,,0.0
202206102018,,0.0
202206102048,,0.0
202206102118,,0.0
202206102148,,0.0
202206102218,,0.0
202206102248,,0.0
202206102318,,0.0
202206102348,,0.0
202206110018,,0.0
202206110048,,0.0
202206110118,,0.0
202206110148,,0.0
202206110218,,0.0
202206110248,,0.0
202206110318,,0.0
202206110348,,0.0
202206110418,,0.0
202206110448,,0.0
202206110518,,0.0
202206110548,,0.0
202206110618,,0.0
202206110648,,0.0
202206110718,,0.0
202206110748,,0.0
202206110848,,0.0
202206110918,,0.0
202206110948,,0.0
202206111018,,0.0
202206111118,,0.0
202206111148,,0.0
202206111218,,0.0
202206111248,,0.0
202206111318,,0.0
202206111348,,0.0
202206111418,,0.0
202206111448,,0.0
202206111548,,0.0
202206111618,,0.0
202206111648,80.0,0.9
202206111718,124.0,0.4
202206111748,118.0,0.9
202206111818,,0.0
202206111848,,0.0
202206111918,137.0,0.4
202206111948,117.0,0.4
202206112018,146.0,0.4
202206112048,,0.0
202206112118,,0.0
202206112148,,0.0
202206112218,,0.0
202206112248,,0.0
202206112318,,0.0
202206112348,,0.0
202206120018,,0.0
202206120048,,0.0
202206120119,,0.0
202206120149,,0.0
202206120219,,0.0
202206120249,,0.0
202206120319,,0.0
202206120349,,0.0
202206120419,,0.0
202206120449,,0.0
202206120519,,0.0
202206120549,,0.0
202206120619,,0.0
202206120649,,0.0
202206120719,,0.0
202206120749,,0.0
202206120819,,0.0
202206120849,,0.0
202206120919,,0.0
202206121019,,0.0
202206121049,,0.0
202206121119,,0.0
202206121149,,0.0
202206121219,,0.0
202206121249,,0.0
202206121319,,0.0
202206121349,,0.0
202206121419,,0.0
202206121449,,0.0
202206121519,114.0,0.9
202206121549,106.0,0.4
202206121619,122.0,1.3
202206121649,130.0,0.4
202206121719,176.0,1.3
202206121749,152.0,1.3
202206121819,,0.0
202206121849,122.0,0.4
202206121919,,0.0
202206121949,,0.0
202206122019,,0.0
202206122049,143.0,0.4
202206122119,121.0,0.4
202206122149,,0.0
202206122219,,0.0
202206122249,,0.0
202206122319,,0.0
202206122349,,0.0
202206130019,,0.0
202206130049,,0.0
202206130119,,0.0
202206130149,,0.0
202206130219,,0.0
202206130249,,0.0
202206130319,,0.0
202206130349,,0.0
202206130419,,0.0
202206130449,,0.0
202206130519,,0.0
202206130549,,0.0
202206130619,,0.0
202206130649,,0.0
202206130719,,0.0
202206130749,,0.0
202206130819,,0.0
202206130849,,0.0
202206130919,,0.0
202206130949,,0.0
202206131019,,0.0
202206131049,,0.0
202206131119,,0.0
202206131149,,0.0
202206131219,,0.0
202206131249,,0.0
202206131319,,0.0
202206131349,,0.0
202206131419,135.0,0.4
202206131449,,0.0
202206131519,,0.0
202206131549,116.0,0.4
202206131619,,0.0
202206131649,,0.0
202206131719,117.0,0.4
202206131749,175.0,0.4
202206131819,141.0,0.4
202206131849,137.0,0.9
202206131919,119.0,0.9
202206131949,117.0,0.9
202206132019,,0.0
202206132049,,0.0
202206132119,,0.0
202206132149,,0.0
202206132219,126.0,0.4
202206132249,,0.0
202206132319,,0.0
202206132349,,0.0
202206140019,,0.0
202206140050,,0.0
202206140120,,0.0
202206140150,,0.0
202206140220,,0.0
202206140250,,0.0
202206140320,,0.0
202206140350,,0.0
202206140420,,0.0
202206140450,,0.0
202206140520,,0.0
202206140550,,0.0
202206140620,,0.0
202206140650,,0.0
202206140720,,0.0
202206140750,,0.0
202206140820,,0.0
202206140850,,0.0
202206140920,,0.0
202206141020,,0.0
202206141050,,0.0
202206141120,,0.0
202206141220,,0.0
202206141250,,0.0
202206141320,,0.0
202206141350,,0.0
202206141420,,0.0
202206141450,,0.0
202206141520,135.0,0.4
202206141550,116.0,0.4
202206141620,,0.0
202206141650,133.0,0.4
202206141720,,0.0
202206141750,144.0,0.4
202206141820,155.0,0.4
202206141850,147.0,1.3
202206141920,,0.0
202206141950,,0.0
202206142020,,0.0
202206142120,,0.0
202206142150,,0.0
202206142220,,0.0
202206142250,,0.0
202206142320,,0.0
202206142350,,0.0
202206150020,,0.0
202206150050,,0.0
202206150120,,0.0
202206150150,,0.0
202206150220,,0.0
202206150250,,0.0
202206150320,,0.0
202206150350,,0.0
202206150420,,0.0
202206150450,,0.0
202206150520,,0.0
202206150550,,0.0
202206150620,,0.0
202206150650,,0.0
202206150720,,0.0
202206150750,,0.0
202206150820,,0.0
202206150850,,0.0
202206150920,,0.0
202206150950,,0.0
202206151020,,0.0
202206151050,,0.0
202206151120,,0.0
202206151150,,0.0
202206151220,,0.0
202206151250,,0.0
202206151320,,0.0
202206151350,,0.0
202206151420,,0.0
202206151520,,0.0
202206151550,,0.0
202206151620,,0.0
202206151650,,0.0
202206151720,,0.0
202206151820,,0.0
202206151851,,0.0
202206151921,133.0,0.4
202206151951,126.0,0.9
202206152021,,0.0
202206152051,,0.0
202206152121,,0.0
202206152151,,0.0
202206152221,,0.0
202206152251,,0.0
202206152321,,0.0
202206152351,,0.0
202206160021,,0.0
202206160051,,0.0
202206160151,,0.0
202206160221,,0.0
202206160321,,0.0
202206160351,101.0,2.2
202206160451,,0.0
202206160521,,0.0
202206160551,,0.0
202206160621,133.0,0.4
202206160651,94.0,0.4
202206160721,,0.0
202206160751,,0.0
202206160821,,0.0
202206160851,118.0,0.4
202206160921,,0.0
202206160951,,0.0
202206161021,,0.0
202206161051,,0.0
202206161121,,0.0
202206161151,,0.0
202206161251,,0.0
202206161321,,0.0
202206161421,,0.0
202206161451,,0.0
202206161521,,0.0
202206161551,,0.0
202206161621,129.0,0.4
202206161651,136.0,0.4
202206161721,,0.0
202206161751,,0.0
202206161821,168.0,0.9
202206161851,,0.0
202206161921,,0.0
202206161951,,0.0
202206162021,130.0,0.4
202206162051,,0.0
202206162121,,0.0
202206162151,,0.0
202206162221,127.0,0.4
202206162251,,0.0
202206162321,,0.0
202206170021,,0.0
202206170051,,0.0
202206170121,,0.0
202206170151,,0.0
202206170221,,0.0
202206170251,,0.0
202206170321,,0.0
202206170351,,0.0
202206170451,,0.0
202206170521,,0.0
202206170551,,0.0
202206170621,,0.0
202206170651,,0.0
202206170721,,0.0
202206170751,,0.0
202206170821,106.0,0.9
202206170851,113.0,0.9
202206170921,,0.0
202206171021,,0.0
202206171051,,0.0
202206171121,,0.0
202206171151,,0.0
202206171221,,0.0
202206171251,,0.0
202206171321,,0.0
202206171351,,0.0
202206171421,,0.0
202206171451,,0.0
202206171521,,0.0
202206171551,,0.0
202206171621,,0.0
202206171651,,0.0
202206171721,136.0,0.4
202206171751,114.0,0.4
202206171821,,0.0
202206171851,,0.0
202206171921,,0.0
202206171952,,0.0
202206172022,148.0,0.9
202206172051,,0.0
202206172122,138.0,0.4
202206172152,,0.0
202206172222,,0.0
202206172252,,0.0
202206172352,,0.0
202206180022,,0.0
202206180052,,0.0
202206180122,,0.0
202206180152,,0.0
202206180222,,0.0
202206180252,,0.0
202206180322,,0.0
202206180352,,0.0
202206180422,,0.0
202206180452,,0.0
202206180522,,0.0
202206180552,,0.0
202206180622,,0.0
202206180722,,0.0
202206180752,,0.0
202206180822,,0.0
202206180852,,0.0
202206180922,,0.0
202206180952,,0.0
202206181052,,0.0
202206181122,,0.0
202206181152,,0.0
202206181222,,0.0
202206181252,,0.0
202206181322,,0.0
202206181352,,0.0
202206181422,,0.0
202206181452,,0.0
202206181522,175.0,0.4
202206181552,,0.0
202206181622,,0.0
202206181652,,0.0
202206181722,126.0,0.4
202206181752,,0.0
202206181822,126.0,0.4
202206181852,114.0,0.9
202206181922,,0.0
202206181952,,0.0
202206182022,,0.0
202206182052,113.0,0.4
202206182122,,0.0
202206182152,,0.0
202206182222,,0.0
202206182252,,0.0
202206182322,,0.0
202206182352,,0.0
202206190022,,0.0
202206190052,,0.0
202206190122,,0.0
202206190152,,0.0
202206190222,,0.0
202206190252,,0.0
202206190322,,0.0
202206190352,,0.0
202206190422,,0.0
202206190452,,0.0
202206190522,,0.0
202206190652,,0.0
202206190722,,0.0
202206190752,,0.0
202206190822,,0.0
202206190852,,0.0
202206190922,,0.0
202206190952,,0.0
202206191022,,0.0
202206191052,,0.0
202206191122,,0.0
202206191152,,0.0
202206191222,,0.0
202206191322,,0.0
202206191352,,0.0
202206191422,,0.0
202206191452,,0.0
202206191522,,0.0
202206191552,133.0,0.4
202206191652,39.0,0.4
202206191722,66.0,0.4
202206191752,,0.0
202206191822,165.0,0.4
202206191852,120.0,0.4
202206191922,,0.0
202206191952,,0.0
202206192022,143.0,0.4
202206192052,113.0,0.4
202206192122,,0.0
202206192152,,0.0
202206192222,,0.0
202206192252,,0.0
202206192322,,0.0
202206192352,,0.0
202206200022,,0.0
202206200052,,0.0
202206200122,,0.0
202206200152,,0.0
202206200222,,0.0
202206200252,,0.0
202206200322,,0.0
202206200352,,0.0
202206200422,,0.0
202206200452,,0.0
202206200522,,0.0
202206200623,,0.0
202206200653,,0.0
202206200723,,0.0
202206200753,,0.0
202206200823,,0.0
202206200853,,0.0
202206200923,,0.0
202206201023,,0.0
202206201053,,0.0
202206201123,,0.0
202206201153,,0.0
202206201253,,0.0
202206201323,,0.0
202206201353,,0.0
202206201423,96.0,0.4
202206201453,62.0,0.4
202206201523,114.0,0.4
202206201553,,0.0
202206201653,116.0,0.4
202206201723,98.0,0.4
202206201753,,0.0
202206201823,166.0,0.4
202206201853,,0.0
202206201953,,0.0
202206202023,,0.0
202206202053,,0.0
202206202123,,0.0
202206202153,,0.0
202206202253,,0.0
202206202323,,0.0
202206202353,,0.0
202206210023,,0.0
202206210053,,0.0
202206210123,,0.0
202206210153,,0.0
202206210223,,0.0
202206210253,,0.0
202206210323,,0.0
202206210353,,0.0
202206210423,,0.0
202206210453,,0.0
202206210523,,0.0
202206210623,,0.0
202206210716,,0.0
202206210746,,0.0
202206210816,,0.0
202206210846,,0.0
202206210916,,0.0
202206210946,,0.0
202206211016,,0.0
202206211046,,0.0
202206211116,,0.0
202206211146,,0.0
202206211216,,0.0
202206211246,,0.0
202206211316,,0.0
202206211346,,0.0
202206211416,,0.0
202206211546,123.0,0.4
202206211616,,0.0
202206211646,,0.0
202206211746,,0.0
202206211816,111.0,0.4
202206211846,120.0,0.4
202206211916,209.0,0.4
202206211946,116.0,0.4
202206212016,,0.0
202206212046,,0.0
202206212116,,0.0
202206212146,139.0,0.9
202206212216,,0.0
202206212246,,0.0
202206212316,,0.0
202206212346,,0.0
202206220016,,0.0
202206220046,,0.0
202206220116,,0.0
202206220146,,0.0
202206220216,,0.0
202206220246,,0.0
202206220316,,0.0
202206220346,,0.0
202206220416,,0.0
202206220446,,0.0
202206220516,,0.0
202206220546,,0.0
202206220616,,0.0
202206220646,,0.0
202206220716,,0.0
202206220746,,0.0
202206220816,,0.0
202206220846,,0.0
202206220916,,0.0
202206220946,,0.0
202206221046,,0.0
202206221116,,0.0
202206221146,,0.0
202206221216,,0.0
202206221246,,0.0
202206221316,,0.0
202206221346,,0.0
202206221416,,0.0
202206221447,,0.0
202206221517,,0.0
202206221547,109.0,0.9
202206221617,,0.0
202206221717,,0.0
202206221747,,0.0
202206221847,,0.0
202206221917,,0.0
202206221947,,0.0
202206222017,122.0,0.4
202206222047,,0.0
202206222147,,0.0
202206222217,,0.0
202206222247,,0.0
202206222317,,0.0
202206222347,,0.0
202206230047,,0.0
202206230117,,0.0
202206230147,,0.0
202206230217,,0.0
202206230247,,0.0
202206230317,,0.0
202206230347,,0.0
202206230417,,0.0
202206230517,,0.0
202206230547,,0.0
202206230617,,0.0
202206230647,,0.0
202206230717,,0.0
202206230747,,0.0
202206230817,,0.0
202206230847,,0.0
202206230917,,0.0
202206230947,,0.0
202206231017,,0.0
202206231047,,0.0
202206231117,,0.0
202206231147,,0.0
202206231217,,0.0
202206231247,,0.0
202206231317,,0.0
202206231347,,0.0
202206231417,,0.0
202206231447,,0.0
202206231517,,0.0
202206231547,,0.0
202206231617,,0.0
202206231647,134.0,0.4
202206231717,314.0,0.9
202206231747,,0.0
202206231817,,0.0
202206231847,127.0,0.4
202206231917,,0.0
202206231947,,0.0
202206232017,,0.0
202206232047,,0.0
202206232117,,0.0
202206232147,,0.0
202206232217,,0.0
202206232247,,0.0
202206232317,,0.0
202206232347,,0.0
202206240017,,0.0
202206240047,,0.0
202206240117,,0.0
202206240147,,0.0
202206240217,,0.0
202206240247,,0.0
202206240317,,0.0
202206240347,,0.0
202206240417,,0.0
202206240447,,0.0
202206240517,,0.0
202206240547,,0.0
202206240617,,0.0
202206240647,,0.0
202206240717,,0.0
202206240747,,0.0
202206240817,,0.0
202206240847,,0.0
202206240917,,0.0
202206240947,,0.0
202206241017,,0.0
202206241117,,0.0
202206241147,,0.0
202206241247,,0.0
202206241317,,0.0
202206241347,,0.0
202206241417,,0.0
202206241447,,0.0
202206241517,,0.0
202206241547,,0.0
202206241617,121.0,0.4
202206241647,,0.0
202206241718,,0.0
202206241748,108.0,0.4
202206241818,125.0,0.4
202206241848,,0.0
202206241918,,0.0
202206241948,100.0,0.9
202206242018,152.0,0.9
202206242048,,0.0
202206242118,,0.0
202206242148,141.0,0.4
202206242218,,0.0
202206242248,,0.0
202206242318,,0.0
202206242348,,0.0
202206250018,,0.0
202206250048,,0.0
202206250118,,0.0
202206250148,,0.0
202206250218,,0.0
202206250248,,0.0
202206250318,,0.0
202206250348,,0.0
202206250418,,0.0
202206250448,,0.0
202206250518,,0.0
202206250548,,0.0
202206250618,,0.0
202206250648,,0.0
202206250718,,0.0
202206250748,,0.0
202206250818,,0.0
202206250848,,0.0
202206250918,,0.0
202206250948,,0.0
202206251018,,0.0
202206251048,,0.0
202206251148,,0.0
202206251218,,0.0
202206251248,,0.0
202206251318,,0.0
202206251348,108.0,0.4
202206251448,117.0,0.4
202206251518,153.0,0.4
202206251548,,0.0
202206251618,161.0,0.4
202206251648,,0.0
202206251718,,0.0
202206251748,,0.0
202206251818,,0.0
202206251848,118.0,0.4
202206251918,,0.0
202206251948,,0.0
202206252018,82.0,0.4
202206252048,115.0,0.4
202206252118,,0.0
202206252148,,0.0
202206252218,91.0,0.4
202206252248,,0.0
202206252318,,0.0
202206252348,,0.0
202206260018,118.0,0.4
202206260048,,0.0
202206260118,112.0,0.4
202206260148,,0.0
202206260218,,0.0
202206260248,,0.0
202206260318,,0.0
202206260348,,0.0
202206260418,,0.0
202206260448,,0.0
202206260518,,0.0
202206260548,,0.0
202206260618,,0.0
202206260718,,0.0
202206260748,,0.0
202206260818,,0.0
202206260848,,0.0
202206260918,,0.0
202206260948,,0.0
202206261018,,0.0
202206261048,,0.0
202206261118,,0.0
202206261148,,0.0
202206261218,,0.0
202206261248,,0.0
202206261318,,0.0
202206261348,104.0,0.9
202206261418,,0.0
202206261448,,0.0
202206261549,,0.0
202206261619,118.0,0.4
202206261649,,0.0
202206261719,,0.0
202206261749,,0.0
202206261819,306.0,1.3
202206261849,,0.0
202206261919,,0.0
202206261949,,0.0
202206262019,156.0,0.4
202206262049,,0.0
202206262119,,0.0
202206262149,,0.0
202206262219,,0.0
202206262249,,0.0
202206262319,,0.0
202206262349,,0.0
202206270019,137.0,0.4
202206270049,166.0,0.9
202206270119,,0.0
202206270149,,0.0
202206270219,,0.0
202206270249,,0.0
202206270319,,0.0
202206270349,,0.0
202206270419,,0.0
202206270449,,0.0
202206270519,,0.0
202206270549,,0.0
202206270619,,0.0
202206270649,,0.0
202206270719,,0.0
202206270749,,0.0
202206270819,,0.0
202206270849,,0.0
202206270919,,0.0
202206270949,,0.0
202206271019,,0.0
202206271049,,0.0
202206271119,,0.0
202206271149,,0.0
202206271219,,0.0
202206271249,,0.0
202206271319,148.0,0.4
202206271349,,0.0
202206271419,,0.0
202206271449,,0.0
202206271519,194.0,0.4
202206271549,181.0,0.4
202206271619,,0.0
202206271649,302.0,1.3
202206271719,160.0,0.9
202206271749,118.0,0.4
202206271819,166.0,0.9
202206271849,144.0,1.3
202206271919,183.0,1.3
202206271949,107.0,0.4
202206272019,,0.0
202206272049,154.0,0.4
202206272119,160.0,0.4
202206272149,,0.0
202206272219,,0.0
202206272249,,0.0
202206272319,,0.0
202206272349,,0.0
202206280019,,0.0
202206280049,,0.0
202206280119,,0.0
202206280149,,0.0
202206280219,,0.0
202206280249,,0.0
202206280319,,0.0
202206280349,,0.0
202206280419,,0.0
202206280449,,0.0
202206280519,,0.0
202206280549,,0.0
202206280619,,0.0
202206280649,,0.0
202206280719,,0.0
202206280749,,0.0
202206280819,,0.0
202206280919,,0.0
202206280949,,0.0
202206281019,,0.0
202206281049,,0.0
202206281119,,0.0
202206281149,,0.0
202206281219,,0.0
202206281249,,0.0
202206281349,,0.0
202206281419,,0.0
202206281449,154.0,0.4
202206281519,,0.0
202206281549,,0.0
202206281619,,0.0
202206281649,,0.0
202206281720,,0.0
202206281750,,0.0
202206281820,,0.0
202206281850,,0.0
202206281920,,0.0
202206281950,139.0,1.3
202206282020,,0.0
202206282050,133.0,0.4
202206282120,,0.0
202206282150,,0.0
202206282220,,0.0
202206282250,,0.0
202206282320,,0.0
202206282350,,0.0
202206290020,,0.0
202206290050,,0.0
202206290120,,0.0
202206290150,,0.0
202206290220,,0.0
202206290250,,0.0
202206290320,,0.0
202206290350,,0.0
202206290420,,0.0
202206290450,,0.0
202206290520,,0.0
202206290550,,0.0
202206290620,,0.0
202206290650,,0.0
202206290720,,0.0
202206290750,,0.0
202206290820,,0.0
202206290850,,0.0
202206290920,,0.0
202206290950,,0.0
202206291020,,0.0
202206291050,,0.0
202206291120,,0.0
202206291150,,0.0
202206291220,,0.0
202206291250,,0.0
202206291320,,0.0
202206291350,,0.0
202206291420,,0.0
202206291450,,0.0
202206291550,,0.0
202206291620,,0.0
202206291650,128.0,0.4
202206291720,,0.0
202206291750,152.0,0.4
202206291820,,0.0
202206291850,141.0,0.4
202206291920,146.0,0.4
202206291950,122.0,0.4
202206292020,,0.0
202206292120,136.0,0.4
202206292150,154.0,0.4
202206292220,,0.0
202206292250,,0.0
202206292320,,0.0
202206292350,90.0,0.4
202206300020,130.0,0.4
202206300050,127.0,0.4
202206300120,,0.0
202206300150,,0.0
202206300250,,0.0
202206300320,,0.0
202206300350,,0.0
202206300420,,0.0
202206300450,,0.0
202206300550,,0.0
202206300620,,0.0
202206300650,,0.0
202206300750,,0.0
202206300850,,0.0
202206300920,,0.0
202206300950,,0.0
202206301020,,0.0
202206301050,,0.0
202206301120,,0.0
202206301150,,0.0
202206301250,,0.0
202206301321,,0.0
202206301351,,0.0
202206301421,,0.0
202206301451,112.0,0.4
202206301521,232.0,0.9
202206301551,133.0,0.4
202206301621,,0.0
202206301651,83.0,0.4
202206301721,137.0,0.4
202206301751,126.0,0.4
202206301821,,0.0
202206301921,112.0,0.4
202206301951,118.0,0.4
202206302021,,0.0
202206302051,118.0,0.4
202206302121,249.0,0.9
202206302151,,0.0
202206302221,,0.0
202206302251,,0.0
202206302321,,0.0
202206302351,,0.0
202207010021,,0.0
202207010051,,0.0
202207010121,,0.0
202207010151,,0.0
202207010221,,0.0
202207010251,,0.0
202207010321,,0.0
202207010351,,0.0
202207010421,,0.0
202207010451,,0.0
202207010521,,0.0
202207010551,,0.0
202207010621,,0.0
202207010651,,0.0
202207010721,,0.0
202207010751,,0.0
202207010821,,0.0
202207010851,,0.0
202207010921,,0.0
202207010951,,0.0
202207011021,,0.0
202207011051,,0.0
202207011121,,0.0
202207011151,,0.0
202207011221,,0.0
202207011251,,0.0
202207011321,,0.0
202207011351,,0.0
202207011421,,0.0
202207011451,101.0,0.4
202207011521,,0.0
202207011551,,0.0
202207011621,84.0,0.4
202207011651,123.0,0.4
202207011721,130.0,0.4
202207011751,,0.0
202207011821,,0.0
202207011851,95.0,0.4
202207011951,,0.0
202207012021,,0.0
202207012051,,0.0
202207012121,139.0,0.9
202207012151,144.0,0.4
202207012221,,0.0
202207012251,,0.0
202207012321,138.0,0.4
202207012351,,0.0
202207020021,,0.0
202207020051,,0.0
202207020121,,0.0
202207020151,,0.0
202207020221,,0.0
202207020251,,0.0
202207020321,,0.0
202207020351,,0.0
202207020421,110.0,0.9
202207020451,,0.0
202207020521,,0.0
202207020551,,0.0
202207020621,,0.0
202207020651,,0.0
202207020721,,0.0
202207020751,,0.0
202207020821,,0.0
202207020851,,0.0
202207020921,,0.0
202207020951,,0.0
202207021051,,0.0
202207021121,,0.0
202207021151,,0.0
202207021221,,0.0
202207021251,,0.0
202207021321,,0.0
202207021351,,0.0
202207021421,129.0,0.4
202207021451,,0.0
202207021521,123.0,0.4
202207021551,122.0,0.9
202207021621,,0.0
202207021651,,0.0
202207021721,128.0,0.4
202207021751,,0.0
202207021821,,0.0
202207021851,,0.0
202207021921,171.0,1.3
202207022022,,0.0
202207022122,,0.0
202207022152,,0.0
202207022222,126.0,0.4
202207022252,,0.0
202207022322,,0.0
202207022352,,0.0
202207030022,,0.0
202207030052,,0.0
202207030122,,0.0
202207030152,,0.0
202207030222,,0.0
202207030252,,0.0
202207030322,,0.0
202207030352,,0.0
202207030422,126.0,0.4
202207030522,,0.0
202207030552,,0.0
202207030622,,0.0
202207030652,,0.0
202207030722,,0.0
202207030752,,0.0
202207030822,,0.0
202207030852,,0.0
202207030922,,0.0
202207030952,,0.0
202207031022,,0.0
202207031052,,0.0
202207031122,,0.0
202207031152,,0.0
202207031222,,0.0
202207031252,,0.0
202207031322,,0.0
202207031352,,0.0
202207031422,126.0,0.9
202207031452,,0.0
202207031522,138.0,0.4
202207031552,101.0,0.9
202207031622,,0.0
202207031652,,0.0
202207031722,,0.0
202207031752,,0.0
202207031852,,0.0
202207031922,,0.0
202207031952,,0.0
202207032022,,0.0
202207032052,,0.0
202207032122,,0.0
202207032152,143.0,2.2
202207032222,,0.0
202207032252,135.0,0.4
202207032322,,0.0
202207032352,,0.0
202207040022,,0.0
202207040052,,0.0
202207040122,,0.0
202207040152,,0.0
202207040222,,0.0
202207040252,,0.0
202207040322,,0.0
202207040352,,0.0
202207040452,,0.0
202207040522,,0.0
202207040552,,0.0
202207040622,,0.0
202207040652,,0.0
202207040722,,0.0
202207040752,,0.0
202207040822,,0.0
202207040852,,0.0
202207040922,,0.0
202207040952,,0.0
202207041022,,0.0
202207041052,,0.0
202207041122,,0.0
202207041152,,0.0
202207041222,,0.0
202207041252,,0.0
202207041322,,0.0
202207041352,,0.0
202207041452,,0.0
202207041522,,0.0
202207041622,,0.0
202207041652,116.0,0.4
202207041722,113.0,0.4
202207041752,,0.0
202207041822,159.0,1.3
202207041852,,0.0
202207041922,,0.0
202207042053,,0.0
202207042123,,0.0
202207042153,,0.0
202207042253,,0.0
202207042323,,0.0
202207042353,135.0,0.9
202207050023,,0.0
202207050053,,0.0
202207050123,,0.0
202207050153,,0.0
202207050223,,0.0
202207050253,,0.0
202207050323,,0.0
202207050353,,0.0
202207050423,,0.0
202207050523,,0.0
202207050553,,0.0
202207050623,,0.0
202207050653,,0.0
202207050723,,0.0
202207050753,,0.0
202207050823,,0.0
202207050853,,0.0
202207050923,,0.0
202207050953,,0.0
202207051023,,0.0
202207051053,,0.0
202207051123,,0.0
202207051153,,0.0
202207051223,,0.0
202207051323,,0.0
202207051353,,0.0
202207051423,109.0,0.4
202207051453,112.0,0.4
202207051523,,0.0
202207051553,,0.0
202207051623,,0.0
202207051653,134.0,0.4
202207051723,115.0,0.4
202207051753,130.0,0.4
202207051823,,0.0
202207051853,,0.0
202207051923,124.0,0.9
202207051953,,0.0
202207052023,115.0,0.4
202207052053,,0.0
202207052123,,0.0
202207052223,,0.0
202207052253,,0.0
202207052323,,0.0
202207052353,,0.0
202207060023,,0.0
202207060053,,0.0
202207060123,,0.0
202207060153,,0.0
202207060223,,0.0
202207060323,,0.0
202207060353,,0.0
202207060423,,0.0
202207060453,,0.0
202207060523,,0.0
202207060553,,0.0
202207060653,,0.0
202207060723,,0.0
202207060753,,0.0
202207060823,,0.0
202207060853,,0.0
202207060923,,0.0
202207060953,,0.0
202207061023,,0.0
202207061053,,0.0
202207061123,,0.0
202207061153,,0.0
202207061223,,0.0
202207061253,,0.0
202207061353,139.0,0.4
202207061423,,0.0
202207061453,,0.0
202207061523,,0.0
202207061553,,0.0
202207061623,,0.0
202207061653,131.0,0.4
202207061723,137.0,0.4
202207061753,,0.0
202207061853,,0.0
202207061923,,0.0
202207061953,118.0,0.4
202207062023,105.0,0.4
202207062053,,0.0
202207062123,,0.0
202207062153,187.0,0.4
202207062223,114.0,1.3
202207062253,,0.0
202207062323,,0.0
202207062354,,0.0
202207070024,,0.0
202207070054,,0.0
202207070124,,0.0
202207070154,,0.0
202207070224,,0.0
202207070254,,0.0
202207070324,,0.0
202207070354,,0.0
202207070424,,0.0
202207070454,,0.0
202207070524,,0.0
202207070554,,0.0
202207070624,,0.0
202207070654,,0.0
202207070724,,0.0
202207070754,,0.0
202207070824,,0.0
202207070924,,0.0
202207070954,,0.0
202207071024,,0.0
202207071054,,0.0
202207071124,,0.0
202207071154,,0.0
202207071224,,0.0
202207071254,,0.0
202207071324,,0.0
202207071354,132.0,0.4
202207071424,142.0,0.9
202207071454,122.0,0.4
202207071524,126.0,0.4
202207071554,,0.0
202207071624,109.0,0.4
202207071654,,0.0
202207071724,,0.0
202207071754,139.0,1.3
202207071824,,0.0
202207071854,,0.0
202207071924,,0.0
202207071954,148.0,1.3
202207072024,,0.0
202207072054,133.0,0.4
202207072124,124.0,1.3
202207072154,132.0,0.4
202207072224,,0.0
202207072254,,0.0
202207072324,,0.0
202207072354,,0.0
202207080024,,0.0
202207080054,,0.0
202207080124,,0.0
202207080154,,0.0
202207080224,,0.0
202207080254,134.0,0.4
202207080324,114.0,0.4
202207080354,,0.0
202207080424,,0.0
202207080454,,0.0
202207080524,,0.0
202207080554,,0.0
202207080624,,0.0
202207080654,,0.0
202207080724,,0.0
202207080754,,0.0
202207080824,,0.0
202207080854,,0.0
202207080924,,0.0
202207080954,,0.0
202207081024,,0.0
202207081054,,0.0
202207081124,,0.0
202207081154,,0.0
202207081224,,0.0
202207081254,,0.0
202207081324,,0.0
202207081354,,0.0
202207081424,,0.0
202207081454,113.0,0.4
202207081524,,0.0
202207081554,,0.0
202207081624,,0.0
202207081654,123.0,0.4
202207081724,135.0,1.3
202207081754,199.0,0.9
202207081824,,0.0
202207081854,,0.0
202207081954,,0.0
202207082024,130.0,0.4
202207082054,132.0,1.3
202207082124,102.0,0.4
202207082154,,0.0
202207082224,126.0,0.4
202207082254,,0.0
202207082324,,0.0
202207082354,,0.0
202207090024,,0.0
202207090054,,0.0
202207090124,,0.0
202207090154,,0.0
202207090224,,0.0
202207090255,,0.0
202207090325,,0.0
202207090355,,0.0
202207090425,,0.0
202207090455,,0.0
202207090525,,0.0
202207090555,,0.0
202207090625,,0.0
202207090655,,0.0
202207090725,,0.0
202207090755,,0.0
202207090825,,0.0
202207090855,,0.0
202207090925,,0.0
202207090955,,0.0
202207091025,,0.0
202207091055,,0.0
202207091129,,0.0
202207091159,,0.0
202207091229,133.0,0.4
202207091329,133.0,0.4
202207091359,,0.0
202207091429,,0.0
202207091459,132.0,0.4
202207091529,146.0,0.4
202207091559,133.0,0.4
202207091629,150.0,0.4
202207091659,163.0,0.4
202207091729,,0.0
202207091759,130.0,0.9
202207091829,126.0,0.4
202207091859,150.0,0.4
202207091929,,0.0
202207091959,100.0,0.4
202207092029,,0.0
202207092059,,0.0
202207092129,127.0,0.4
202207092159,,0.0
202207092229,153.0,1.3
202207092259,,0.0
202207092329,,0.0
202207092359,,0.0
202207100029,,0.0
202207100059,,0.0
202207100159,,0.0
202207100229,,0.0
202207100259,,0.0
202207100329,,0.0
202207100359,,0.0
202207100429,,0.0
202207100459,,0.0
202207100559,,0.0
202207100629,,0.0
202207100659,,0.0
202207100730,,0.0
202207100800,,0.0
202207100830,,0.0
202207100900,,0.0
202207100930,,0.0
202207101000,,0.0
202207101030,,0.0
202207101100,,0.0
202207101130,,0.0
202207101200,,0.0
202207101230,,0.0
202207101300,,0.0
202207101330,,0.0
202207101400,126.0,0.4
202207101430,128.0,0.4
202207101500,,0.0
202207101530,,0.0
202207101630,,0.0
202207101700,,0.0
202207101730,106.0,0.4
202207101800,133.0,0.4
202207101830,129.0,0.9
202207101900,,0.0
202207101930,143.0,0.4
202207102000,,0.0
202207102030,139.0,0.4
202207102100,113.0,0.4
202207102130,94.0,1.3
202207102200,107.0,0.9
202207102230,,0.0
202207102300,,0.0
202207102330,,0.0
202207110000,,0.0
202207110030,,0.0
202207110100,,0.0
202207110130,,0.0
202207110200,,0.0
202207110230,,0.0
202207110300,,0.0
202207110330,,0.0
202207110400,,0.0
202207110430,,0.0
202207110500,,0.0
202207110530,,0.0
202207110600,,0.0
202207110630,,0.0
202207110700,,0.0
202207110730,,0.0
202207110830,,0.0
202207110900,,0.0
202207111000,,0.0
202207111030,,0.0
202207111100,,0.0
202207111130,,0.0
202207111200,,0.0
202207111230,,0.0
202207111300,,0.0
202207111330,321.0,0.4
202207111400,,0.0
202207111430,,0.0
202207111500,,0.0
202207111530,,0.0
202207111600,,0.0
202207111630,,0.0
202207111700,121.0,0.4
202207111730,,0.0
202207111800,142.0,0.4
202207111830,,0.0
202207111900,133.0,0.4
202207111930,132.0,0.4
202207112000,,0.0
202207112030,,0.0
202207112100,120.0,0.4
202207112130,139.0,0.4
202207112200,255.0,1.3
202207112230,,0.0
202207112300,,0.0
202207112330,,0.0
202207120000,,0.0
202207120030,,0.0
202207120100,,0.0
202207120130,,0.0
202207120230,,0.0
202207120301,,0.0
202207120401,,0.0
202207120431,,0.0
202207120501,,0.0
202207120531,,0.0
202207120601,,0.0
202207120631,,0.0
202207120701,,0.0
202207120731,,0.0
202207120801,,0.0
202207120831,,0.0
202207120901,,0.0
202207120931,,0.0
202207121001,,0.0
202207121031,,0.0
202207121101,,0.0
202207121131,,0.0
202207121201,,0.0
202207121231,,0.0
202207121301,,0.0
202207121331,120.0,0.4
202207121401,139.0,0.4
202207121431,,0.0
202207121501,,0.0
202207121531,,0.0
202207121601,,0.0
202207121631,,0.0
202207121701,,0.0
202207121731,,0.0
202207121831,121.0,0.4
202207121901,,0.0
202207121931,136.0,0.4
202207122001,,0.0
202207122031,108.0,0.4
202207122101,,0.0
202207122131,130.0,0.4
202207122201,,0.0
202207122231,,0.0
202207122301,,0.0
202207130001,,0.0
202207130031,,0.0
202207130101,,0.0
202207130131,,0.0
202207130201,,0.0
202207130231,,0.0
202207130301,,0.0
202207130331,,0.0
202207130431,123.0,0.4
202207130501,,0.0
202207130531,,0.0
202207130601,,0.0
202207130631,,0.0
202207130701,,0.0
202207130731,115.0,0.4
202207130801,84.0,0.4
202207130831,126.0,0.4
202207130901,,0.0
202207130931,,0.0
202207131001,130.0,0.4
202207131031,,0.0
202207131101,,0.0
202207131131,,0.0
202207131201,,0.0
202207131231,,0.0
202207131301,,0.0
202207131331,130.0,0.4
202207131401,137.0,0.4
202207131431,124.0,0.4
202207131501,,0.0
202207131531,168.0,0.4
202207131601,,0.0
202207131631,,0.0
202207131701,142.0,0.4
202207131731,115.0,0.4
202207131801,,0.0
202207131831,152.0,0.9
202207131901,,0.0
202207131931,125.0,0.4
202207132001,,0.0
202207132101,,0.0
202207132131,,0.0
202207132201,,0.0
202207132231,,0.0
202207132301,,0.0
202207132331,,0.0
202207140001,,0.0
202207140031,,0.0
202207140101,,0.0
202207140131,,0.0
202207140201,,0.0
202207140231,,0.0
202207140301,,0.0
202207140331,,0.0
202207140401,,0.0
202207140431,,0.0
202207140501,,0.0
202207140531,,0.0
202207140601,,0.0
202207140631,,0.0
202207140702,,0.0
202207140732,,0.0
202207140802,,0.0
202207140832,,0.0
202207140902,,0.0
202207140932,,0.0
202207141002,,0.0
202207141032,,0.0
202207141102,,0.0
202207141132,,0.0
202207141202,,0.0
202207141232,,0.0
202207141302,,0.0
202207141332,,0.0
202207141402,,0.0
202207141432,,0.0
202207141502,122.0,0.4
202207141532,,0.0
202207141602,,0.0
202207141632,,0.0
202207141702,,0.0
202207141732,,0.0
202207141802,115.0,0.4
202207141832,,0.0
202207141902,,0.0
202207141932,,0.0
202207142002,145.0,0.4
202207142032,,0.0
202207142102,,0.0
202207142132,,0.0
202207142202,,0.0
202207142232,,0.0
202207142302,,0.0
202207150002,,0.0
202207150032,,0.0
202207150102,,0.0
202207150132,,0.0
202207150202,,0.0
202207150232,,0.0
202207150302,,0.0
202207150332,,0.0
202207150402,,0.0
202207150432,,0.0
202207150502,,0.0
202207150532,,0.0
202207150602,,0.0
202207150632,,0.0
202207150702,,0.0
202207150732,,0.0
202207150802,,0.0
202207150832,,0.0
202207150902,,0.0
202207150932,,0.0
202207151002,,0.0
202207151032,,0.0
202207151102,,0.0
202207151132,,0.0
202207151202,,0.0
202207151232,,0.0
202207151302,,0.0
202207151332,,0.0
202207151402,,0.0
202207151432,,0.0
202207151502,95.0,0.9
202207151602,,0.0
202207151632,122.0,0.4
202207151702,,0.0
202207151732,,0.0
202207151802,,0.0
202207151832,,0.0
202207151902,,0.0
202207151932,128.0,0.4
202207152002,142.0,0.4
202207152032,,0.0
202207152102,,0.0
202207152132,129.0,0.4
202207152202,,0.0
202207152232,,0.0
202207152302,,0.0
202207152332,,0.0
202207160002,,0.0
202207160032,,0.0
202207160102,,0.0
202207160132,,0.0
202207160202,,0.0
202207160232,,0.0
202207160302,,0.0
202207160333,,0.0
202207160403,,0.0
202207160433,,0.0
202207160533,,0.0
202207160603,,0.0
202207160633,,0.0
202207160703,,0.0
202207160733,,0.0
202207160803,,0.0
202207160833,,0.0
202207160903,,0.0
202207160933,,0.0
202207161003,,0.0
202207161033,,0.0
202207161103,,0.0
202207161133,,0.0
202207161203,,0.0
202207161233,,0.0
202207161303,,0.0
202207161333,126.0,0.4
202207161403,,0.0
202207161433,,0.0
202207161503,,0.0
202207161533,153.0,0.4
202207161603,,0.0
202207161633,115.0,0.4
202207161703,,0.0
202207161733,,0.0
202207161803,,0.0
202207161833,,0.0
202207161903,,0.0
202207161933,105.0,0.4
202207162003,128.0,0.4
202207162033,119.0,0.4
202207162103,,0.0
202207162133,,0.0
202207162203,,0.0
202207162233,,0.0
202207162303,,0.0
202207170003,,0.0
202207170033,,0.0
202207170103,,0.0
202207170133,,0.0
202207170203,,0.0
202207170233,,0.0
202207170333,,0.0
202207170403,,0.0
202207170433,,0.0
202207170503,,0.0
202207170533,,0.0
202207170603,,0.0
202207170633,,0.0
202207170703,,0.0
202207170733,,0.0
202207170803,,0.0
202207170833,,0.0
202207170903,,0.0
202207170933,,0.0
202207171003,,0.0
202207171033,,0.0
202207171103,,0.0
202207171133,,0.0
202207171203,,0.0
202207171233,,0.0
202207171303,,0.0
202207171333,,0.0
202207171403,,0.0
202207171433,90.0,0.4
202207171503,112.0,0.4
202207171533,,0.0
202207171603,,0.0
202207171633,126.0,0.4
202207171703,107.0,0.4
202207171733,114.0,0.4
202207171803,131.0,0.9
202207171833,121.0,0.4
202207171903,123.0,0.4
202207171933,126.0,0.9
202207172003,,0.0
202207172033,120.0,0.4
202207172103,,0.0
202207172133,,0.0
202207172203,,0.0
202207172233,282.0,0.4
202207172303,,0.0
202207172333,,0.0
202207180003,,0.0
202207180033,138.0,0.4
202207180103,,0.0
202207180133,,0.0
202207180234,,0.0
202207180304,,0.0
202207180334,,0.0
202207180404,,0.0
202207180434,,0.0
202207180504,,0.0
202207180534,,0.0
202207180604,,0.0
202207180634,,0.0
202207180704,,0.0
202207180734,,0.0
202207180804,,0.0
202207180834,,0.0
202207180904,,0.0
202207180934,,0.0
202207181004,,0.0
202207181104,,0.0
202207181134,,0.0
202207181204,,0.0
202207181234,,0.0
202207181304,120.0,0.4
202207181334,,0.0
202207181404,136.0,0.4
202207181434,126.0,0.4
202207181504,,0.0
202207181534,,0.0
202207181604,,0.0
202207181634,,0.0
202207181704,,0.0
202207181734,130.0,0.4
202207181804,170.0,0.4
202207181834,,0.0
202207181904,159.0,0.9
202207181934,122.0,0.4
202207182004,142.0,0.9
202207182034,,0.0
202207182104,,0.0
202207182134,,0.0
202207182204,,0.0
202207182234,,0.0
202207182304,,0.0
202207182334,,0.0
202207190004,,0.0
202207190034,,0.0
202207190104,,0.0
202207190134,,0.0
202207190204,,0.0
202207190234,,0.0
202207190304,,0.0
202207190334,,0.0
202207190404,,0.0
202207190434,,0.0
202207190504,,0.0
202207190534,,0.0
202207190604,133.0,1.3
202207190634,,0.0
202207190704,,0.0
202207190734,,0.0
202207190804,,0.0
202207190834,,0.0
202207190904,,0.0
202207190934,,0.0
202207191004,,0.0
202207191034,,0.0
202207191104,,0.0
202207191134,,0.0
202207191204,,0.0
202207191304,118.0,0.4
202207191334,,0.0
202207191404,,0.0
202207191434,105.0,1.8
202207191504,,0.0
202207191534,135.0,1.3
202207191604,129.0,0.9
202207191634,139.0,0.4
202207191704,112.0,0.4
202207191734,131.0,0.9
202207191804,89.0,0.9
202207191834,119.0,0.4
202207191904,134.0,0.4
202207191934,155.0,2.2
202207192004,,0.0
202207192034,,0.0
202207192104,136.0,0.4
202207192134,,0.0
202207192204,,0.0
202207192234,,0.0
202207192304,,0.0
202207192334,,0.0
202207200004,,0.0
202207200034,,0.0
202207200105,,0.0
202207200135,,0.0
202207200205,,0.0
202207200235,,0.0
202207200335,,0.0
202207200405,,0.0
202207200435,,0.0
202207200505,,0.0
202207200535,,0.0
202207200635,,0.0
202207200735,,0.0
202207200805,,0.0
202207200835,,0.0
202207200905,,0.0
202207200935,,0.0
202207201005,,0.0
202207201035,,0.0
202207201105,,0.0
202207201135,,0.0
202207201205,,0.0
202207201235,,0.0
202207201305,115.0,0.9
202207201335,,0.0
202207201405,161.0,0.9
202207201435,129.0,0.4
202207201505,,0.0
202207201535,,0.0
202207201605,,0.0
202207201635,135.0,0.4
202207201705,138.0,0.4
202207201735,,0.0
202207201805,103.0,1.8
202207201835,141.0,1.3
202207201905,136.0,0.4
202207201935,143.0,0.4
202207202005,134.0,0.4
202207202035,139.0,1.8
202207202105,140.0,0.4
202207202135,116.0,0.4
202207202205,157.0,0.9
202207202235,,0.0
202207202305,140.0,0.9
202207202335,,0.0
202207210005,,0.0
202207210035,,0.0
202207210105,,0.0
202207210135,,0.0
202207210205,,0.0
202207210235,,0.0
202207210305,,0.0
202207210335,,0.0
202207210405,,0.0
202207210435,,0.0
202207210505,,0.0
202207210535,,0.0
202207210605,,0.0
202207210635,,0.0
202207210705,,0.0
202207210735,,0.0
202207210805,,0.0
202207210835,,0.0
202207210905,,0.0
202207210935,,0.0
202207211005,,0.0
202207211035,,0.0
202207211105,,0.0
202207211135,,0.0
202207211205,,0.0
202207211235,,0.0
202207211305,,0.0
202207211335,110.0,1.3
202207211405,120.0,0.9
202207211435,133.0,0.4
202207211505,134.0,0.4
202207211535,142.0,1.8
202207211605,,0.0
202207211636,,0.0
202207211706,,0.0
202207211736,,0.0
202207211806,142.0,0.4
202207211836,,0.0
202207211906,,0.0
202207211936,100.0,0.4
202207212006,124.0,0.9
202207212106,,0.0
202207212136,,0.0
202207212206,,0.0
202207212236,,0.0
202207212306,100.0,0.4
202207212336,,0.0
202207220006,,0.0
202207220036,,0.0
202207220106,,0.0
202207220136,,0.0
202207220206,,0.0
202207220236,,0.0
202207220306,,0.0
202207220336,,0.0
202207220406,,0.0
202207220436,,0.0
202207220506,,0.0
202207220536,,0.0
202207220606,,0.0
202207220636,,0.0
202207220706,,0.0
202207220736,,0.0
202207220806,,0.0
202207220836,,0.0
202207220906,,0.0
202207220936,,0.0
202207221006,,0.0
202207221036,,0.0
202207221106,,0.0
202207221136,,0.0
202207221206,,0.0
202207221236,,0.0
202207221306,122.0,0.4
202207221336,,0.0
202207221406,,0.0
202207221506,142.0,0.4
202207221536,145.0,0.4
202207221606,139.0,0.4
202207221636,139.0,0.9
202207221706,139.0,0.4
202207221736,130.0,0.4
202207221806,,0.0
202207221836,134.0,0.9
202207221936,118.0,0.4
202207222006,183.0,0.9
202207222036,134.0,0.4
202207222106,,0.0
202207222136,135.0,0.4
202207222206,,0.0
202207222236,,0.0
202207222306,,0.0
202207222336,,0.0
202207230006,,0.0
202207230036,,0.0
202207230106,,0.0
202207230136,,0.0
202207230206,,0.0
202207230236,,0.0
202207230306,,0.0
202207230336,,0.0
202207230406,,0.0
202207230436,,0.0
202207230506,,0.0
202207230536,,0.0
202207230606,,0.0
202207230636,,0.0
202207230706,,0.0
202207230736,,0.0
202207230836,,0.0
202207230906,,0.0
202207230936,,0.0
202207231006,,0.0
202207231036,,0.0
202207231106,,0.0
202207231136,,0.0
202207231206,,0.0
202207231237,,0.0
202207231307,,0.0
202207231337,,0.0
202207231407,,0.0
202207231437,,0.0
202207231507,,0.0
202207231537,,0.0
202207231607,,0.0
202207231637,,0.0
202207231707,,0.0
202207231737,,0.0
202207231807,,0.0
202207231837,,0.0
202207231907,169.0,0.9
202207231937,,0.0
202207232007,294.0,0.4
202207232037,,0.0
202207232107,129.0,0.4
202207232137,,0.0
202207232207,127.0,0.4
202207232237,184.0,0.9
202207232307,144.0,0.9
202207232337,,0.0
202207240007,,0.0
202207240037,,0.0
202207240107,,0.0
202207240137,,0.0
202207240207,,0.0
202207240237,,0.0
202207240307,,0.0
202207240337,,0.0
202207240407,,0.0
202207240437,,0.0
202207240507,,0.0
202207240537,,0.0
202207240607,,0.0
202207240637,,0.0
202207240707,,0.0
202207240737,,0.0
202207240807,,0.0
202207240837,,0.0
202207240907,,0.0
202207240937,,0.0
202207241007,,0.0
202207241037,,0.0
202207241107,,0.0
202207241137,,0.0
202207241207,,0.0
202207241237,,0.0
202207241307,,0.0
202207241337,,0.0
202207241407,,0.0
202207241437,146.0,0.9
202207241507,,0.0
202207241537,,0.0
202207241607,117.0,0.4
202207241637,,0.0
202207241707,,0.0
202207241737,,0.0
202207241807,151.0,0.4
202207241837,,0.0
202207241907,132.0,0.9
202207241937,,0.0
202207242007,,0.0
202207242037,,0.0
202207242107,,0.0
202207242137,,0.0
202207242207,,0.0
202207242237,139.0,0.4
202207242307,,0.0
202207242337,,0.0
202207250007,,0.0
202207250037,,0.0
202207250107,,0.0
202207250137,,0.0
202207250207,,0.0
202207250237,,0.0
202207250307,,0.0
202207250337,,0.0
202207250407,,0.0
202207250437,,0.0
202207250507,,0.0
202207250537,,0.0
202207250607,,0.0
202207250707,,0.0
202207250737,,0.0
202207250807,,0.0
202207250837,,0.0
202207250907,,0.0
202207250937,,0.0
202207251007,,0.0
202207251037,,0.0
202207251107,,0.0
202207251137,,0.0
202207251207,,0.0
202207251237,,0.0
202207251307,,0.0
202207251337,,0.0
202207251407,,0.0
202207251437,129.0,0.4
202207251508,,0.0
202207251538,117.0,0.4
202207251608,,0.0
202207251708,,0.0
202207251738,126.0,0.4
202207251808,,0.0
202207251838,,0.0
202207251908,133.0,0.4
202207251938,,0.0
202207252008,,0.0
202207252038,126.0,0.4
202207252108,,0.0
202207252138,129.0,0.4
202207252208,,0.0
202207252238,,0.0
202207252308,,0.0
202207252338,,0.0
202207260008,,0.0
202207260108,,0.0
202207260138,,0.0
202207260208,,0.0
202207260308,,0.0
202207260408,,0.0
202207260438,,0.0
202207260508,,0.0
202207260538,,0.0
202207260608,,0.0
202207260638,,0.0
202207260708,,0.0
202207260738,,0.0
202207260838,,0.0
202207260908,,0.0
202207260938,,0.0
202207261008,,0.0
202207261038,,0.0
202207261108,,0.0
202207261138,,0.0
202207261208,,0.0
202207261238,,0.0
202207261308,118.0,0.9
202207261338,,0.0
202207261408,,0.0
202207261438,129.0,0.4
202207261508,,0.0
202207261538,,0.0
202207261608,141.0,0.9
202207261708,66.0,0.9
202207261738,114.0,0.4
202207261808,,0.0
202207261838,138.0,0.4
202207261938,102.0,0.4
202207262008,105.0,0.4
202207262038,124.0,0.9
202207262108,128.0,0.4
202207262138,149.0,0.4
202207262208,,0.0
202207262238,118.0,0.4
202207262338,,0.0
202207270008,,0.0
202207270038,,0.0
202207270108,,0.0
202207270138,,0.0
202207270208,,0.0
202207270238,,0.0
202207270308,,0.0
202207270338,,0.0
202207270408,,0.0
202207270438,,0.0
202207270508,,0.0
202207270638,,0.0
202207270708,,0.0
202207270738,,0.0
202207270808,,0.0
202207270838,,0.0
202207270908,,0.0
202207270938,,0.0
202207271008,,0.0
202207271038,,0.0
202207271108,,0.0
202207271139,,0.0
202207271209,,0.0
202207271239,,0.0
202207271339,,0.0
202207271409,133.0,0.4
202207271439,122.0,0.4
202207271509,,0.0
202207271539,121.0,0.4
202207271609,,0.0
202207271639,116.0,0.4
202207271709,146.0,0.4
202207271809,122.0,0.4
202207271839,121.0,0.4
202207271909,,0.0
202207271939,134.0,0.4
202207272009,,0.0
202207272039,,0.0
202207272109,112.0,0.4
202207272139,95.0,0.4
202207272209,117.0,0.4
202207272239,,0.0
202207272309,,0.0
202207272339,,0.0
202207280009,,0.0
202207280039,,0.0
202207280109,,0.0
202207280139,,0.0
202207280209,,0.0
202207280239,,0.0
202207280309,,0.0
202207280339,,0.0
202207280409,,0.0
202207280439,,0.0
202207280509,,0.0
202207280539,,0.0
202207280609,,0.0
202207280709,,0.0
202207280739,,0.0
202207280809,,0.0
202207280839,,0.0
202207280909,,0.0
202207280939,,0.0
202207281009,,0.0
202207281039,,0.0
202207281109,,0.0
202207281139,,0.0
202207281209,,0.0
202207281239,,0.0
202207281339,132.0,0.9
202207281409,,0.0
202207281439,,0.0
202207281509,135.0,0.4
202207281539,161.0,0.4
202207281609,155.0,1.3
202207281639,119.0,0.4
202207281709,152.0,1.8
202207281739,,0.0
202207281809,,0.0
202207281839,,0.0
202207281909,120.0,0.9
202207281939,124.0,0.9
202207282009,116.0,0.4
202207282039,,0.0
202207282109,122.0,0.4
202207282139,,0.0
202207282209,147.0,1.3
202207282239,130.0,0.9
202207282309,111.0,0.4
202207282339,124.0,0.4
202207290009,,0.0
202207290039,,0.0
202207290109,,0.0
202207290139,,0.0
202207290209,,0.0
202207290239,,0.0
202207290309,,0.0
202207290339,,0.0
202207290409,,0.0
202207290439,,0.0
202207290509,,0.0
202207290539,,0.0
202207290610,,0.0
202207290639,,0.0
202207290710,,0.0
202207290740,,0.0
202207290810,,0.0
202207290840,,0.0
202207290910,,0.0
202207290940,,0.0
202207291010,,0.0
202207291040,,0.0
202207291110,,0.0
202207291140,,0.0
202207291210,,0.0
202207291240,,0.0
202207291310,145.0,1.3
202207291340,132.0,0.4
202207291410,113.0,0.9
202207291440,150.0,1.3
202207291510,129.0,0.4
202207291540,108.0,1.3
202207291610,74.0,0.4
202207291640,189.0,2.2
202207291710,113.0,0.4
202207291740,,0.0
202207291810,117.0,0.4
202207291840,108.0,0.9
202207291910,,0.0
202207291940,133.0,0.4
202207292010,121.0,0.9
202207292040,,0.0
202207292110,138.0,0.9
202207292140,130.0,0.4
202207292210,130.0,0.4
202207292240,,0.0
202207292310,,0.0
202207292340,122.0,0.4
202207300010,,0.0
202207300040,139.0,0.4
202207300110,129.0,0.4
202207300140,73.0,0.9
202207300210,,0.0
202207300240,153.0,0.4
202207300310,,0.0
202207300340,,0.0
202207300410,,0.0
202207300440,,0.0
202207300510,,0.0
202207300540,,0.0
202207300610,,0.0
202207300640,,0.0
202207300710,,0.0
202207300740,,0.0
202207300810,,0.0
202207300840,,0.0
202207300910,,0.0
202207300940,,0.0
202207301010,,0.0
202207301040,,0.0
202207301110,,0.0
202207301140,,0.0
202207301210,,0.0
202207301240,,0.0
202207301310,,0.0
202207301340,,0.0
202207301410,113.0,0.4
202207301440,,0.0
202207301510,,0.0
202207301540,,0.0
202207301610,124.0,0.4
202207301640,75.0,0.4
202207301710,71.0,1.8
202207301740,,0.0
202207301810,,0.0
202207301840,,0.0
202207301910,127.0,1.3
202207301940,130.0,0.4
202207302010,,0.0
202207302040,131.0,0.4
202207302110,,0.0
202207302140,,0.0
202207302210,,0.0
202207302241,116.0,0.4
202207302311,,0.0
202207302341,,0.0
202207310011,,0.0
202207310041,,0.0
202207310111,,0.0
202207310141,,0.0
202207310211,,0.0
202207310241,,0.0
202207310311,,0.0
202207310341,,0.0
202207310411,,0.0
202207310441,,0.0
202207310511,,0.0
202207310541,,0.0
202207310611,,0.0
202207310641,,0.0
202207310711,,0.0
202207310741,,0.0
202207310811,,0.0
202207310841,,0.0
202207310911,,0.0
202207310941,,0.0
202207311011,,0.0
202207311041,,0.0
202207311111,,0.0
202207311141,,0.0
202207311211,,0.0
202207311241,,0.0
202207311311,,0.0
202207311341,,0.0
202207311411,,0.0
202207311441,,0.0
202207311511,,0.0
202207311541,,0.0
202207311611,,0.0
202207311641,141.0,0.4
202207311711,,0.0
202207311811,,0.0
202207311841,,0.0
202207311911,,0.0
202207311941,,0.0
202207312011,127.0,0.4
202207312041,,0.0
202207312111,121.0,0.4
202207312141,,0.0
202207312211,,0.0
202207312241,141.0,0.4
202207312311,106.0,0.4
202207312341,,0.0
202208010011,,0.0
202208010041,,0.0
202208010111,,0.0
202208010141,,0.0
202208010211,,0.0
202208010241,,0.0
202208010311,,0.0
202208010411,,0.0
202208010441,,0.0
202208010511,,0.0
202208010541,,0.0
202208010611,,0.0
202208010641,,0.0
202208010711,,0.0
202208010811,,0.0
202208010841,,0.0
202208010911,,0.0
202208010941,,0.0
202208011011,,0.0
202208011111,,0.0
202208011141,,0.0
202208011241,,0.0
202208011311,,0.0
202208011341,,0.0
202208011411,,0.0
202208011441,,0.0
202208011511,125.0,0.4
202208011541,,0.0
202208011611,,0.0
202208011641,,0.0
202208011711,,0.0
202208011741,129.0,0.4
202208011811,,0.0
202208011841,118.0,0.4
202208011911,109.0,0.9
202208011941,,0.0
202208012011,127.0,0.4
202208012041,,0.0
202208012111,107.0,0.4
202208012141,137.0,0.4
202208012212,,0.0
202208012242,136.0,0.4
202208012312,,0.0
202208012342,,0.0
202208020012,,0.0
202208020042,,0.0
202208020112,,0.0
202208020142,,0.0
202208020212,,0.0
202208020242,,0.0
202208020312,,0.0
202208020342,,0.0
202208020412,,0.0
202208020442,,0.0
202208020512,,0.0
202208020542,,0.0
202208020612,,0.0
202208020642,,0.0
202208020742,,0.0
202208020812,,0.0
202208020842,,0.0
202208020912,,0.0
202208020942,,0.0
202208021012,,0.0
202208021042,,0.0
202208021112,,0.0
202208021142,,0.0
202208021212,,0.0
202208021242,,0.0
202208021312,,0.0
202208021342,,0.0
202208021412,,0.0
202208021442,,0.0
202208021512,,0.0
202208021542,,0.0
202208021612,,0.0
202208021642,,0.0
202208021712,,0.0
202208021742,136.0,0.4
202208021812,128.0,0.4
202208021842,,0.0
202208021912,,0.0
202208021942,119.0,0.4
202208022012,92.0,0.4
202208022042,,0.0
202208022112,156.0,0.4
202208022142,,0.0
202208022212,,0.0
202208022242,,0.0
202208022312,,0.0
202208022342,,0.0
202208030012,,0.0
202208030042,117.0,0.9
202208030112,,0.0
202208030142,,0.0
202208030212,,0.0
202208030242,120.0,0.4
202208030342,,0.0
202208030412,,0.0
202208030442,,0.0
202208030512,,0.0
202208030542,,0.0
202208030612,,0.0
202208030642,,0.0
202208030712,,0.0
202208030742,,0.0
202208030812,,0.0
202208030842,,0.0
202208030912,,0.0
202208030942,,0.0
202208031012,,0.0
202208031042,,0.0
202208031112,,0.0
202208031142,,0.0
202208031212,,0.0
202208031242,,0.0
202208031312,,0.0
202208031342,,0.0
202208031412,124.0,0.9
202208031442,,0.0
202208031512,,0.0
202208031542,,0.0
202208031612,,0.0
202208031642,155.0,0.4
202208031712,,0.0
202208031742,,0.0
202208031812,,0.0
202208031842,,0.0
202208031912,152.0,0.4
202208031942,,0.0
202208032012,,0.0
202208032042,115.0,0.4
202208032112,122.0,0.4
202208032142,,0.0
202208032212,,0.0
202208032242,117.0,0.4
202208032312,,0.0
202208032342,,0.0
202208040013,,0.0
202208040043,,0.0
202208040113,,0.0
202208040143,,0.0
202208040213,,0.0
202208040243,,0.0
202208040313,,0.0
202208040343,,0.0
202208040413,,0.0
202208040443,,0.0
202208040513,,0.0
202208040543,,0.0
202208040613,,0.0
202208040643,,0.0
202208040713,,0.0
202208040743,,0.0
202208040813,,0.0
202208040843,,0.0
202208040913,,0.0
202208040943,,0.0
202208041013,,0.0
202208041043,,0.0
202208041113,,0.0
202208041143,,0.0
202208041213,,0.0
202208041243,,0.0
202208041313,,0.0
202208041343,,0.0
202208041413,129.0,0.4
202208041443,,0.0
202208041513,128.0,0.4
202208041543,,0.0
202208041613,,0.0
202208041643,,0.0
202208041713,,0.0
202208041743,,0.0
202208041813,,0.0
202208041843,,0.0
202208041913,,0.0
202208041943,,0.0
202208042013,134.0,0.4
202208042043,,0.0
202208042113,128.0,0.4
202208042143,,0.0
202208042213,,0.0
202208042243,,0.0
202208042313,,0.0
202208050013,,0.0
202208050043,,0.0
202208050113,,0.0
202208050143,,0.0
202208050213,,0.0
202208050243,,0.0
202208050313,,0.0
202208050343,,0.0
202208050413,,0.0
202208050443,,0.0
202208050513,,0.0
202208050613,,0.0
202208050643,,0.0
202208050713,,0.0
202208050743,,0.0
202208050813,,0.0
202208050843,,0.0
202208050913,,0.0
202208050943,,0.0
202208051013,,0.0
202208051043,,0.0
202208051113,,0.0
202208051213,,0.0
202208051243,,0.0
202208051313,,0.0
202208051343,136.0,0.4
202208051413,,0.0
202208051443,,0.0
202208051513,,0.0
202208051543,,0.0
202208051613,,0.0
202208051644,126.0,0.4
202208051714,,0.0
202208051744,120.0,0.4
202208051814,,0.0
202208051844,163.0,0.9
202208051914,,0.0
202208051944,126.0,0.4
202208052014,,0.0
202208052044,,0.0
202208052114,114.0,0.4
202208052144,135.0,0.4
202208052244,,0.0
202208052314,,0.0
202208052344,,0.0
202208060014,,0.0
202208060044,,0.0
202208060144,,0.0
202208060214,,0.0
202208060244,,0.0
202208060314,,0.0
202208060344,,0.0
202208060444,,0.0
202208060514,,0.0
202208060544,,0.0
202208060614,,0.0
202208060644,,0.0
202208060714,,0.0
202208060744,,0.0
202208060814,,0.0
202208060844,,0.0
202208060914,,0.0
202208060944,,0.0
202208061014,,0.0
202208061044,,0.0
202208061114,,0.0
202208061144,,0.0
202208061214,,0.0
202208061244,,0.0
202208061344,,0.0
202208061414,,0.0
202208061444,,0.0
202208061514,,0.0
202208061544,,0.0
202208061614,,0.0
202208061644,126.0,0.4
202208061714,129.0,0.4
202208061744,,0.0
202208061814,,0.0
202208061844,,0.0
202208061914,113.0,0.4
202208061944,,0.0
202208062014,,0.0
202208062044,,0.0
202208062114,,0.0
202208062144,,0.0
202208062214,,0.0
202208062244,,0.0
202208062344,,0.0
202208070014,,0.0
202208070044,,0.0
202208070114,,0.0
202208070144,,0.0
202208070214,,0.0
202208070244,,0.0
202208070314,,0.0
202208070344,,0.0
202208070414,,0.0
202208070444,,0.0
202208070514,,0.0
202208070544,,0.0
202208070614,,0.0
202208070644,,0.0
202208070714,,0.0
202208070744,,0.0
202208070814,,0.0
202208070844,,0.0
202208070914,,0.0
202208070944,,0.0
202208071014,,0.0
202208071044,,0.0
202208071114,,0.0
202208071144,,0.0
202208071214,,0.0
202208071244,,0.0
202208071314,,0.0
202208071344,110.0,0.4
202208071415,,0.0
202208071444,,0.0
202208071544,67.0,0.4
202208071615,119.0,0.4
202208071645,,0.0
202208071715,153.0,0.4
202208071815,,0.0
202208071845,135.0,0.4
202208071915,,0.0
202208071945,138.0,0.4
202208072015,127.0,0.4
202208072045,180.0,0.9
202208072115,,0.0
202208072145,,0.0
202208072215,,0.0
202208072245,,0.0
202208072315,,0.0
202208072345,,0.0
202208080015,,0.0
202208080045,,0.0
202208080115,,0.0
202208080145,,0.0
202208080215,,0.0
202208080245,,0.0
202208080315,,0.0
202208080345,,0.0
202208080415,,0.0
202208080445,,0.0
202208080515,,0.0
202208080545,,0.0
202208080645,,0.0
202208080715,,0.0
202208080745,,0.0
202208080815,,0.0
202208080845,,0.0
202208080915,,0.0
202208080945,,0.0
202208081015,,0.0
202208081045,,0.0
202208081115,,0.0
202208081145,,0.0
202208081215,,0.0
202208081245,,0.0
202208081315,,0.0
202208081415,,0.0
202208081445,,0.0
202208081515,,0.0
202208081545,,0.0
202208081615,,0.0
202208081645,,0.0
202208081815,,0.0
202208081845,,0.0
202208081915,,0.0
202208081945,,0.0
202208082015,,0.0
202208082045,,0.0
202208082115,,0.0
202208082145,,0.0
202208082215,,0.0
202208082245,,0.0
202208082345,,0.0
202208090045,,0.0
202208090115,,0.0
202208090145,,0.0
202208090215,,0.0
202208090245,,0.0
202208090315,,0.0
202208090345,,0.0
202208090415,,0.0
202208090445,,0.0
202208090515,,0.0
202208090615,,0.0
202208090645,,0.0
202208090715,,0.0
202208090745,,0.0
202208090815,,0.0
202208090845,,0.0
202208090915,,0.0
202208090945,,0.0
202208091015,,0.0
202208091045,,0.0
202208091115,,0.0
202208091145,,0.0
202208091215,,0.0
202208091245,,0.0
202208091315,,0.0
202208091345,,0.0
202208091415,,0.0
202208091445,,0.0
202208091515,,0.0
202208091545,,0.0
202208091616,138.0,0.4
202208091646,130.0,0.4
202208091716,136.0,0.4
202208091746,,0.0
202208091816,,0.0
202208091846,,0.0
202208091916,,0.0
202208091946,,0.0
202208092016,,0.0
202208092116,,0.0
202208092146,141.0,0.4
202208092216,,0.0
202208092246,,0.0
202208092316,,0.0
202208092346,,0.0
202208100016,,0.0
202208100046,151.0,0.4
202208100116,,0.0
202208100146,,0.0
202208100216,,0.0
202208100246,,0.0
202208100316,,0.0
202208100346,,0.0
202208100416,,0.0
202208100446,,0.0
202208100516,,0.0
202208100546,,0.0
202208100616,,0.0
202208100646,,0.0
202208100716,,0.0
202208100746,,0.0
202208100816,,0.0
202208100846,,0.0
202208100916,,0.0
202208100946,,0.0
202208101016,,0.0
202208101046,,0.0
202208101116,,0.0
202208101146,,0.0
202208101216,,0.0
202208101246,,0.0
202208101416,,0.0
202208101446,,0.0
202208101516,136.0,0.9
202208101546,,0.0
202208101616,146.0,0.4
202208101646,152.0,0.9
202208101716,,0.0
202208101746,140.0,0.4
202208101816,,0.0
202208101846,143.0,0.4
202208101916,,0.0
202208101946,128.0,0.4
202208102016,,0.0
202208102046,129.0,0.4
202208102116,126.0,0.4
202208102146,136.0,0.9
202208102216,,0.0
202208102246,140.0,0.4
202208102346,111.0,0.4
202208110016,,0.0
202208110046,,0.0
202208110116,,0.0
202208110146,,0.0
202208110216,,0.0
202208110246,,0.0
202208110316,,0.0
202208110346,,0.0
202208110446,,0.0
202208110516,,0.0
202208110546,,0.0
202208110646,,0.0
202208110716,,0.0
202208110746,,0.0
202208110816,,0.0
202208110846,,0.0
202208110916,,0.0
202208110946,,0.0
202208111016,,0.0
202208111046,,0.0
202208111116,,0.0
202208111146,,0.0
202208111216,,0.0
202208111246,,0.0
202208111316,,0.0
202208111347,,0.0
202208111417,,0.0
202208111447,,0.0
202208111517,131.0,0.4
202208111547,136.0,0.4
202208111617,,0.0
202208111647,134.0,0.4
202208111717,,0.0
202208111747,,0.0
202208111817,,0.0
202208111847,,0.0
202208111917,,0.0
202208111947,,0.0
202208112147,,0.0
202208112217,,0.0
202208112247,,0.0
202208112317,,0.0
202208112347,,0.0
202208120017,,0.0
202208120047,,0.0
202208120117,,0.0
202208120147,,0.0
202208120217,,0.0
202208120247,,0.0
202208120317,159.0,0.9
202208120347,,0.0
202208120417,,0.0
202208120447,,0.0
202208120517,,0.0
202208120547,,0.0
202208120617,,0.0
202208120647,,0.0
202208120717,,0.0
202208120747,,0.0
202208120817,,0.0
202208120847,,0.0
202208120917,,0.0
202208120947,,0.0
202208121017,,0.0
202208121047,,0.0
202208121117,,0.0
202208121147,,0.0
202208121217,,0.0
202208121247,,0.0
202208121347,,0.0
202208121417,,0.0
202208121447,,0.0
202208121517,,0.0
202208121547,,0.0
202208121617,129.0,0.4
202208121647,,0.0
202208121717,141.0,0.9
202208121747,147.0,0.4
202208121817,,0.0
202208121847,,0.0
202208121917,126.0,0.4
202208121947,,0.0
202208122017,,0.0
202208122047,128.0,0.4
202208122117,,0.0
202208122147,,0.0
202208122217,,0.0
202208122247,,0.0
202208122317,,0.0
202208122347,,0.0
202208130047,,0.0
202208130117,,0.0
202208130147,,0.0
202208130217,,0.0
202208130247,,0.0
202208130317,,0.0
202208130347,,0.0
202208130417,,0.0
202208130447,,0.0
202208130517,,0.0
202208130547,,0.0
202208130617,,0.0
202208130647,,0.0
202208130717,,0.0
202208130747,,0.0
202208130817,,0.0
202208130847,,0.0
202208130917,,0.0
202208130947,,0.0
202208131017,,0.0
202208131047,,0.0
202208131117,,0.0
202208131147,,0.0
202208131217,,0.0
202208131247,,0.0
202208131318,,0.0
202208131348,,0.0
202208131418,,0.0
202208131448,94.0,0.4
202208131518,,0.0
202208131548,,0.0
202208131618,,0.0
202208131648,,0.0
202208131718,,0.0
202208131748,120.0,0.9
202208131818,,0.0
202208131848,,0.0
202208131918,166.0,0.9
202208131948,160.0,0.4
202208132018,134.0,0.4
202208132048,135.0,0.4
202208132118,,0.0
202208132148,,0.0
202208132218,,0.0
202208132248,,0.0
202208132318,,0.0
202208132348,,0.0
202208140018,,0.0
202208140048,,0.0
202208140118,,0.0
202208140148,,0.0
202208140218,,0.0
202208140248,,0.0
202208140318,,0.0
202208140348,,0.0
202208140418,,0.0
202208140518,,0.0
202208140548,,0.0
202208140618,,0.0
202208140648,,0.0
202208140718,,0.0
202208140748,,0.0
202208140818,,0.0
202208140918,,0.0
202208140948,,0.0
202208141018,,0.0
202208141048,,0.0
202208141118,,0.0
202208141148,,0.0
202208141218,,0.0
202208141248,,0.0
202208141318,,0.0
202208141348,103.0,0.4
202208141418,,0.0
202208141448,,0.0
202208141518,,0.0
202208141548,,0.0
202208141618,,0.0
202208141648,,0.0
202208141718,,0.0
202208141748,130.0,0.9
202208141818,130.0,0.4
202208141848,,0.0
202208141918,143.0,0.4
202208141948,,0.0
202208142018,134.0,0.4
202208142048,,0.0
202208142118,,0.0
202208142148,,0.0
202208142218,,0.0
202208142248,,0.0
202208142318,,0.0
202208142348,,0.0
202208150018,,0.0
202208150048,,0.0
202208150118,,0.0
202208150148,,0.0
202208150218,,0.0
202208150248,,0.0
202208150318,,0.0
202208150348,,0.0
202208150418,,0.0
202208150448,,0.0
202208150518,,0.0
202208150548,,0.0
202208150618,,0.0
202208150648,,0.0
202208150718,,0.0
202208150748,,0.0
202208150818,,0.0
202208150848,,0.0
202208150918,,0.0
202208150949,,0.0
202208151019,,0.0
202208151049,,0.0
202208151119,,0.0
202208151149,,0.0
202208151219,,0.0
202208151249,,0.0
202208151319,,0.0
202208151349,124.0,0.4
202208151419,120.0,0.4
202208151449,,0.0
202208151519,,0.0
202208151549,,0.0
202208151619,124.0,0.4
202208151649,120.0,0.4
202208151719,122.0,0.4
202208151749,148.0,0.4
202208151819,,0.0
202208151849,117.0,0.4
202208151919,,0.0
202208151949,83.0,2.2
202208152019,139.0,0.9
202208152049,159.0,0.9
202208152119,91.0,0.4
202208152149,,0.0
202208152219,,0.0
202208152319,103.0,1.3
202208152349,,0.0
202208160019,,0.0
202208160049,,0.0
202208160119,,0.0
202208160149,,0.0
202208160219,,0.0
202208160249,,0.0
202208160319,,0.0
202208160349,,0.0
202208160419,,0.0
202208160449,,0.0
202208160519,,0.0
202208160549,,0.0
202208160619,,0.0
202208160649,,0.0
202208160719,,0.0
202208160749,,0.0
202208160819,,0.0
202208160849,,0.0
202208160919,,0.0
202208160949,,0.0
202208161019,,0.0
202208161049,,0.0
202208161119,,0.0
202208161149,,0.0
202208161219,,0.0
202208161249,,0.0
202208161319,,0.0
202208161419,,0.0
202208161449,,0.0
202208161519,,0.0
202208161549,139.0,0.4
202208161619,,0.0
202208161649,,0.0
202208161719,,0.0
202208161749,126.0,0.4
202208161819,136.0,0.4
202208161849,,0.0
202208161919,,0.0
202208161949,,0.0
202208162019,,0.0
202208162049,134.0,0.4
202208162119,,0.0
202208162149,142.0,0.4
202208162219,,0.0
202208162249,,0.0
202208162319,,0.0
202208162349,,0.0
202208170019,,0.0
202208170049,,0.0
202208170119,,0.0
202208170149,,0.0
202208170219,,0.0
202208170249,,0.0
202208170319,,0.0
202208170349,,0.0
202208170419,,0.0
202208170449,,0.0
202208170519,,0.0
202208170549,,0.0
202208170619,,0.0
202208170649,,0.0
202208170719,,0.0
202208170749,,0.0
202208170819,,0.0
202208170849,,0.0
202208170919,,0.0
202208170949,,0.0
202208171019,,0.0
202208171049,,0.0
202208171119,,0.0
202208171149,,0.0
202208171219,,0.0
202208171250,,0.0
202208171320,,0.0
202208171350,,0.0
202208171420,,0.0
202208171450,,0.0
202208171520,,0.0
202208171550,,0.0
202208171620,,0.0
202208171650,,0.0
202208171720,,0.0
202208171750,,0.0
202208171820,134.0,0.4
202208171850,,0.0
202208171920,,0.0
202208171950,,0.0
202208172020,,0.0
202208172050,,0.0
202208172120,,0.0
202208172150,,0.0
202208172220,,0.0
202208172250,,0.0
202208172320,,0.0
202208172350,,0.0
202208180020,,0.0
202208180050,,0.0
202208180120,,0.0
202208180150,,0.0
202208180220,,0.0
202208180250,,0.0
202208180320,,0.0
202208180350,,0.0
202208180420,,0.0
202208180450,,0.0
202208180520,,0.0
202208180550,,0.0
202208180620,,0.0
202208180650,,0.0
202208180720,,0.0
202208180750,,0.0
202208180820,,0.0
202208180850,,0.0
202208180920,,0.0
202208180950,,0.0
202208181020,,0.0
202208181050,,0.0
202208181120,,0.0
202208181150,,0.0
202208181220,,0.0
202208181250,,0.0
202208181320,,0.0
202208181350,,0.0
202208181420,124.0,0.4
202208181450,107.0,0.4
202208181520,123.0,0.4
202208181550,120.0,0.4
202208181620,,0.0
202208181650,,0.0
202208181720,,0.0
202208181750,113.0,0.4
202208181820,121.0,0.4
202208181850,,0.0
202208181920,,0.0
202208181950,,0.0
202208182020,,0.0
202208182050,,0.0
202208182120,,0.0
202208182150,,0.0
202208182220,,0.0
202208182250,,0.0
202208182320,,0.0
202208182350,,0.0
202208190020,,0.0
202208190050,,0.0
202208190120,,0.0
202208190150,,0.0
202208190221,,0.0
202208190251,,0.0
202208190320,,0.0
202208190351,,0.0
202208190421,,0.0
202208190451,,0.0
202208190521,,0.0
202208190551,,0.0
202208190621,,0.0
202208190651,,0.0
202208190721,,0.0
202208190751,,0.0
202208190821,,0.0
202208190851,,0.0
202208190921,,0.0
202208191021,,0.0
202208191121,,0.0
202208191151,,0.0
202208191221,,0.0
202208191251,,0.0
202208191321,,0.0
202208191351,,0.0
202208191421,,0.0
202208191451,,0.0
202208191521,,0.0
202208191551,169.0,0.4
202208191621,129.0,0.4
202208191651,109.0,0.4
202208191721,,0.0
202208191751,,0.0
202208191821,,0.0
202208191851,116.0,0.4
202208191921,,0.0
202208191951,,0.0
202208192021,135.0,0.4
202208192051,,0.0
202208192121,,0.0
202208192151,,0.0
202208192221,,0.0
202208192251,,0.0
202208192321,,0.0
202208192351,,0.0
202208200021,,0.0
202208200051,,0.0
202208200121,,0.0
202208200151,,0.0
202208200221,,0.0
202208200251,,0.0
202208200351,,0.0
202208200421,,0.0
202208200451,,0.0
202208200521,,0.0
202208200551,,0.0
202208200621,,0.0
202208200651,,0.0
202208200721,,0.0
202208200751,,0.0
202208200821,,0.0
202208200851,,0.0
202208200921,,0.0
202208200951,,0.0
202208201021,137.0,0.4
202208201051,,0.0
202208201121,,0.0
202208201151,,0.0
202208201221,,0.0
202208201251,,0.0
202208201321,132.0,0.4
202208201351,124.0,0.4
202208201421,129.0,0.4
202208201451,,0.0
202208201521,,0.0
202208201551,123.0,0.4
202208201621,,0.0
202208201651,124.0,0.4
202208201721,131.0,0.4
202208201751,117.0,0.4
202208201821,122.0,0.4
202208201851,,0.0
202208201921,150.0,0.9
202208201951,,0.0
202208202021,,0.0
202208202051,132.0,0.4
202208202121,162.0,0.4
202208202151,,0.0
202208202221,,0.0
202208202251,130.0,0.4
202208202321,,0.0
202208202351,,0.0
202208210021,131.0,0.4
202208210051,,0.0
202208210121,,0.0
202208210151,170.0,1.8
202208210221,,0.0
202208210251,,0.0
202208210322,,0.0
202208210352,,0.0
202208210422,,0.0
202208210452,,0.0
202208210522,,0.0
202208210552,,0.0
202208210622,,0.0
202208210652,,0.0
202208210722,134.0,0.4
202208210752,,0.0
202208210822,,0.0
202208210852,,0.0
202208210922,,0.0
202208210952,,0.0
202208211022,,0.0
202208211052,,0.0
202208211122,,0.0
202208211152,128.0,0.4
202208211222,,0.0
202208211252,,0.0
202208211322,,0.0
202208211352,124.0,0.4
202208211422,,0.0
202208211452,,0.0
202208211522,,0.0
202208211552,134.0,0.4
202208211622,157.0,0.4
202208211652,,0.0
202208211752,,0.0
202208211822,,0.0
202208211852,,0.0
202208211922,,0.0
202208211952,172.0,0.9
202208212022,,0.0
202208212052,,0.0
202208212122,,0.0
202208212152,,0.0
202208212222,,0.0
202208212252,,0.0
202208212322,129.0,0.4
202208212352,,0.0
202208220022,,0.0
202208220052,,0.0
202208220122,,0.0
202208220152,,0.0
202208220222,,0.0
202208220252,,0.0
202208220322,,0.0
202208220352,,0.0
202208220422,,0.0
202208220452,,0.0
202208220522,,0.0
202208220552,,0.0
202208220652,,0.0
202208220722,,0.0
202208220752,,0.0
202208220822,,0.0
202208220852,,0.0
202208220922,,0.0
202208220952,,0.0
202208221022,,0.0
202208221052,,0.0
202208221122,,0.0
202208221152,,0.0
202208221222,,0.0
202208221252,,0.0
202208221322,,0.0
202208221352,,0.0
202208221422,,0.0
202208221452,,0.0
202208221522,,0.0
202208221552,,0.0
202208221622,,0.0
202208221652,,0.0
202208221722,,0.0
202208221752,,0.0
202208221822,,0.0
202208221852,144.0,0.9
202208221922,,0.0
202208221952,,0.0
202208222022,,0.0
202208222052,123.0,0.4
202208222152,126.0,0.4
202208222222,,0.0
202208222252,,0.0
202208222322,,0.0
202208222352,129.0,0.4
202208230022,,0.0
202208230052,,0.0
202208230122,,0.0
202208230152,,0.0
202208230223,,0.0
202208230253,,0.0
202208230423,,0.0
202208230453,,0.0
202208230523,,0.0
202208230553,,0.0
202208230623,,0.0
202208230653,,0.0
202208230723,,0.0
202208230753,,0.0
202208230823,,0.0
202208230853,,0.0
202208230953,,0.0
202208231023,,0.0
202208231053,,0.0
202208231123,,0.0
202208231153,,0.0
202208231223,,0.0
202208231253,,0.0
202208231353,,0.0
202208231423,,0.0
202208231453,129.0,0.9
202208231523,,0.0
202208231553,118.0,0.9
202208231623,,0.0
202208231653,,0.0
202208231723,131.0,0.9
202208231753,,0.0
202208231823,,0.0
202208231853,,0.0
202208231923,,0.0
202208231953,118.0,0.4
202208232023,,0.0
202208232123,,0.0
202208232153,,0.0
202208232223,,0.0
202208232253,,0.0
202208232323,,0.0
202208232353,,0.0
202208240023,,0.0
202208240053,,0.0
202208240123,,0.0
202208240153,,0.0
202208240253,,0.0
202208240323,,0.0
202208240353,,0.0
202208240423,,0.0
202208240453,,0.0
202208240523,,0.0
202208240553,,0.0
202208240623,,0.0
202208240653,,0.0
202208240723,,0.0
202208240753,,0.0
202208240823,,0.0
202208240923,,0.0
202208240953,,0.0
202208241023,,0.0
202208241053,,0.0
202208241123,,0.0
202208241153,,0.0
202208241223,,0.0
202208241253,,0.0
202208241323,,0.0
202208241353,,0.0
202208241423,,0.0
202208241453,,0.0
202208241523,,0.0
202208241553,,0.0
202208241623,,0.0
202208241653,,0.0
202208241723,,0.0
202208241753,,0.0
202208241823,116.0,0.4
202208241853,,0.0
202208241953,,0.0
202208242024,,0.0
202208242054,,0.0
202208242124,,0.0
202208242154,,0.0
202208242224,,0.0
202208242254,,0.0
202208242324,,0.0
202208242354,,0.0
202208250024,,0.0
202208250054,,0.0
202208250124,,0.0
202208250154,,0.0
202208250224,,0.0
202208250254,,0.0
202208250324,,0.0
202208250354,,0.0
202208250424,,0.0
202208250454,,0.0
202208250524,,0.0
202208250554,,0.0
202208250624,,0.0
202208250654,,0.0
202208250724,,0.0
202208250754,,0.0
202208250824,,0.0
202208250854,,0.0
202208250924,,0.0
202208251024,,0.0
202208251054,,0.0
202208251124,,0.0
202208251154,,0.0
202208251224,,0.0
202208251254,,0.0
202208251324,,0.0
202208251354,,0.0
202208251424,,0.0
202208251454,,0.0
202208251524,,0.0
202208251554,,0.0
202208251624,,0.0
202208251654,,0.0
202208251724,,0.0
202208251754,,0.0
202208251824,128.0,0.4
202208251854,131.0,0.4
202208251924,,0.0
202208251954,126.0,0.4
202208252024,,0.0
202208252124,,0.0
202208252154,,0.0
202208252224,,0.0
202208252254,,0.0
202208252324,127.0,0.4
202208252354,,0.0
202208260024,,0.0
202208260054,,0.0
202208260124,,0.0
202208260154,,0.0
202208260224,,0.0
202208260254,,0.0
202208260354,,0.0
202208260424,,0.0
202208260454,,0.0
202208260524,,0.0
202208260554,,0.0
202208260624,,0.0
202208260654,,0.0
202208260724,,0.0
202208260754,,0.0
202208260824,,0.0
202208260854,,0.0
202208260924,,0.0
202208261024,,0.0
202208261055,,0.0
202208261125,,0.0
202208261155,,0.0
202208261225,,0.0
202208261255,,0.0
202208261325,,0.0
202208261355,,0.0
202208261455,,0.0
202208261525,,0.0
202208261555,,0.0
202208261655,109.0,0.4
202208261725,,0.0
202208261755,123.0,0.4
202208261825,,0.0
202208261855,179.0,0.9
202208261925,,0.0
202208261955,,0.0
202208262025,148.0,0.4
202208262055,,0.0
202208262155,,0.0
202208262225,,0.0
202208262255,,0.0
202208262325,,0.0
202208262355,,0.0
202208270025,,0.0
202208270055,,0.0
202208270125,,0.0
202208270155,,0.0
202208270225,,0.0
202208270255,,0.0
202208270325,,0.0
202208270355,,0.0
202208270455,,0.0
202208270525,,0.0
202208270555,,0.0
202208270655,,0.0
202208270725,,0.0
202208270755,,0.0
202208270825,,0.0
202208270855,,0.0
202208270925,,0.0
202208270955,,0.0
202208271025,,0.0
202208271055,,0.0
202208271125,,0.0
202208271225,,0.0
202208271255,,0.0
202208271325,,0.0
202208271355,,0.0
202208271425,,0.0
202208271455,,0.0
202208271525,,0.0
202208271555,,0.0
202208271625,,0.0
202208271655,,0.0
202208271725,,0.0
202208271825,,0.0
202208271855,,0.0
202208271925,,0.0
202208271955,,0.0
202208272025,,0.0
202208272055,,0.0
202208272125,,0.0
202208272155,,0.0
202208272225,,0.0
202208272255,,0.0
202208272325,,0.0
202208272355,,0.0
202208280025,,0.0
202208280055,,0.0
202208280125,,0.0
202208280155,,0.0
202208280225,,0.0
202208280255,,0.0
202208280325,,0.0
202208280355,,0.0
202208280425,,0.0
202208280455,,0.0
202208280525,,0.0
202208280555,,0.0
202208280625,,0.0
202208280655,,0.0
202208280725,,0.0
202208280755,,0.0
202208280825,,0.0
202208280855,,0.0
202208280925,,0.0
202208280955,,0.0
202208281025,,0.0
202208281055,,0.0
202208281125,,0.0
202208281155,,0.0
202208281226,,0.0
202208281326,,0.0
202208281356,,0.0
202208281426,,0.0
202208281456,,0.0
202208281526,126.0,0.4
202208281626,132.0,0.4
202208281656,,0.0
202208281726,,0.0
202208281756,131.0,0.4
202208281826,120.0,0.4
202208281856,,0.0
202208281926,,0.0
202208281956,141.0,0.4
202208282026,176.0,0.9
202208282056,127.0,0.4
202208282126,163.0,0.9
202208282156,,0.0
202208282226,,0.0
202208282256,,0.0
202208282326,,0.0
202208282356,,0.0
202208290026,,0.0
202208290056,,0.0
202208290126,,0.0
202208290156,,0.0
202208290226,,0.0
202208290256,,0.0
202208290326,,0.0
202208290356,,0.0
202208290426,,0.0
202208290456,,0.0
202208290526,,0.0
202208290556,,0.0
202208290626,,0.0
202208290656,,0.0
202208290726,,0.0
202208290756,,0.0
202208290826,,0.0
202208290856,,0.0
202208290926,,0.0
202208290956,,0.0
202208291026,,0.0
202208291056,,0.0
202208291126,,0.0
202208291156,,0.0
202208291226,,0.0
202208291256,,0.0
202208291326,,0.0
202208291356,,0.0
202208291456,133.0,0.4
202208291526,,0.0
202208291556,,0.0
202208291726,116.0,0.4
202208291756,133.0,0.4
202208291826,126.0,0.9
202208291956,,0.0
202208292026,134.0,1.3
202208292056,164.0,0.4
202208292126,144.0,0.4
202208292156,132.0,0.4
202208292226,,0.0
202208292256,,0.0
202208292326,,0.0
202208300026,,0.0
202208300056,,0.0
202208300126,,0.0
202208300156,,0.0
202208300226,,0.0
202208300256,,0.0
202208300326,,0.0
202208300356,,0.0
202208300426,,0.0
202208300456,,0.0
202208300526,,0.0
202208300556,,0.0
202208300626,120.0,0.4
202208300656,,0.0
202208300726,,0.0
202208300756,,0.0
202208300826,,0.0
202208300856,,0.0
202208300927,,0.0
202208300957,,0.0
202208301057,,0.0
202208301127,,0.0
202208301157,,0.0
202208301227,,0.0
202208301257,,0.0
202208301327,,0.0
202208301357,,0.0
202208301427,,0.0
202208301457,,0.0
202208301527,130.0,0.4
202208301557,127.0,0.4
202208301627,86.0,1.8
202208301657,,0.0
202208301727,,0.0
202208301757,,0.0
202208301827,,0.0
202208301857,,0.0
202208301927,,0.0
202208301957,,0.0
202208302027,,0.0
202208302057,134.0,0.4
202208302127,,0.0
202208302157,,0.0
202208302227,,0.0
202208302257,,0.0
202208302327,,0.0
202208302357,,0.0
202208310027,,0.0
202208310057,,0.0
202208310127,,0.0
202208310157,,0.0
202208310227,,0.0
202208310257,,0.0
202208310327,,0.0
202208310357,,0.0
202208310427,,0.0
202208310457,,0.0
202208310527,,0.0
202208310557,,0.0
202208310627,120.0,0.4
202208310657,,0.0
202208310727,,0.0
202208310757,,0.0
202208310827,,0.0
202208310927,,0.0
202208310957,,0.0
202208311027,,0.0
202208311057,,0.0
202208311127,,0.0
202208311157,,0.0
202208311227,,0.0
202208311257,,0.0
202208311327,,0.0
202208311357,,0.0
202208311427,,0.0
202208311457,,0.0
202208311527,,0.0
202208311557,,0.0
202208311627,105.0,0.4
202208311657,98.0,0.4
202208311727,,0.0
202208311757,,0.0
202208311827,,0.0
202208311857,,0.0
202208311927,119.0,0.4
202208311957,,0.0
202208312027,100.0,0.9
202208312057,130.0,0.4
202208312127,,0.0
202208312157,,0.0
202208312227,,0.0
202208312257,,0.0
202208312327,,0.0
202208312357,,0.0
202209010027,,0.0
202209010057,,0.0
202209010127,,0.0
202209010157,,0.0
202209010227,,0.0
202209010257,,0.0
202209010327,,0.0
202209010357,,0.0
202209010427,,0.0
202209010457,,0.0
202209010527,,0.0
202209010557,,0.0
202209010627,,0.0
202209010657,,0.0
202209010727,,0.0
202209010757,,0.0
202209010827,,0.0
202209010857,,0.0
202209010927,,0.0
202209010957,,0.0
202209011027,,0.0
202209011057,,0.0
202209011127,,0.0
202209011157,,0.0
202209011257,,0.0
202209011327,,0.0
202209011357,,0.0
202209011427,,0.0
202209011457,,0.0
202209011527,,0.0
202209011557,,0.0
202209011627,111.0,0.4
202209011657,,0.0
202209011727,,0.0
202209011757,,0.0
202209011827,,0.0
202209011857,104.0,0.4
202209011928,131.0,0.9
202209011958,,0.0
202209012028,,0.0
202209012058,,0.0
202209012128,,0.0
202209012158,,0.0
202209012228,,0.0
202209012258,,0.0
202209012328,,0.0
202209012358,,0.0
202209020028,,0.0
202209020058,,0.0
202209020128,,0.0
202209020158,,0.0
202209020228,,0.0
202209020258,,0.0
202209020328,,0.0
202209020358,,0.0
202209020428,,0.0
202209020458,,0.0
202209020528,,0.0
202209020558,,0.0
202209020628,,0.0
202209020658,,0.0
202209020728,,0.0
202209020758,,0.0
202209020828,,0.0
202209020858,,0.0
202209020928,,0.0
202209020958,,0.0
202209021028,,0.0
202209021058,,0.0
202209021128,,0.0
202209021158,,0.0
202209021228,,0.0
202209021258,,0.0
202209021328,,0.0
202209021358,107.0,0.4
202209021428,,0.0
202209021458,148.0,0.4
202209021528,,0.0
202209021558,,0.0
202209021628,325.0,0.9
202209021658,106.0,0.4
202209021728,83.0,0.4
202209021758,,0.0
202209021828,,0.0
202209021858,,0.0
202209021928,,0.0
202209021958,,0.0
202209022028,,0.0
202209022058,,0.0
202209022128,,0.0
202209022158,,0.0
202209022228,,0.0
202209022258,,0.0
202209022358,,0.0
202209030028,,0.0
202209030058,,0.0
202209030158,,0.0
202209030228,,0.0
202209030258,,0.0
202209030328,,0.0
202209030358,,0.0
202209030428,,0.0
202209030458,,0.0
202209030528,,0.0
202209030558,,0.0
202209030628,,0.0
202209030658,,0.0
202209030728,,0.0
202209030758,,0.0
202209030828,,0.0
202209030858,,0.0
202209030928,,0.0
202209030958,,0.0
202209031028,,0.0
202209031058,,0.0
202209031128,,0.0
202209031158,,0.0
202209031228,,0.0
202209031258,,0.0
202209031328,,0.0
202209031358,,0.0
202209031428,,0.0
202209031558,,0.0
202209031628,,0.0
202209031658,,0.0
202209031728,108.0,0.4
202209031759,82.0,0.9
202209031829,121.0,0.9
202209031859,100.0,0.4
202209031929,,0.0
202209031959,,0.0
202209032029,,0.0
202209032059,,0.0
202209032129,,0.0
202209032159,112.0,0.4
202209032229,,0.0
202209032259,,0.0
202209032329,,0.0
202209032359,,0.0
202209040029,,0.0
202209040059,,0.0
202209040129,,0.0
202209040159,,0.0
202209040229,,0.0
202209040259,,0.0
202209040329,,0.0
202209040359,,0.0
202209040429,,0.0
202209040459,,0.0
202209040529,,0.0
202209040559,,0.0
202209040629,,0.0
202209040659,,0.0
202209040729,,0.0
202209040759,,0.0
202209040829,,0.0
202209040859,,0.0
202209040929,,0.0
202209040959,,0.0
202209041059,,0.0
202209041129,,0.0
202209041159,,0.0
202209041229,,0.0
202209041259,,0.0
202209041329,,0.0
202209041359,,0.0
202209041429,,0.0
202209041459,115.0,0.4
202209041529,,0.0
202209041559,,0.0
202209041629,,0.0
202209041729,,0.0
202209041759,,0.0
202209041829,,0.0
202209041859,137.0,0.4
202209041929,144.0,0.4
202209041959,,0.0
202209042059,117.0,0.9
202209042129,,0.0
202209042159,,0.0
202209042229,,0.0
202209042259,,0.0
202209042329,,0.0
202209042359,,0.0
202209050029,,0.0
202209050059,,0.0
202209050159,,0.0
202209050229,,0.0
202209050259,,0.0
202209050329,,0.0
202209050359,,0.0
202209050429,,0.0
202209050459,,0.0
202209050529,,0.0
202209050559,,0.0
202209050629,,0.0
202209050659,,0.0
202209050729,,0.0
202209050800,,0.0
202209050830,136.0,0.4
202209050900,,0.0
202209050930,,0.0
202209051000,,0.0
202209051030,,0.0
202209051100,,0.0
202209051130,,0.0
202209051200,,0.0
202209051230,,0.0
202209051300,,0.0
202209051330,,0.0
202209051400,,0.0
202209051430,,0.0
202209051500,,0.0
202209051530,117.0,0.4
202209051600,,0.0
202209051630,,0.0
202209051700,,0.0
202209051730,,0.0
202209051800,147.0,0.4
202209051830,,0.0
202209051900,,0.0
202209051930,,0.0
202209052000,,0.0
202209052030,,0.0
202209052100,,0.0
202209052130,,0.0
202209052200,,0.0
202209052230,,0.0
202209052300,,0.0
202209052330,,0.0
202209060000,,0.0
202209060030,,0.0
202209060100,144.0,0.4
202209060130,,0.0
202209060200,,0.0
202209060230,,0.0
202209060300,,0.0
202209060330,,0.0
202209060500,,0.0
202209060530,,0.0
202209060600,,0.0
202209060630,,0.0
202209060700,,0.0
202209060730,,0.0
202209060800,,0.0
202209060830,,0.0
202209060900,,0.0
202209061000,,0.0
202209061030,,0.0
202209061100,,0.0
202209061130,,0.0
202209061200,,0.0
202209061300,,0.0
202209061330,,0.0
202209061400,,0.0
202209061430,,0.0
202209061500,,0.0
202209061530,,0.0
202209061600,,0.0
202209061630,,0.0
202209061700,,0.0
202209061730,,0.0
202209061800,,0.0
202209061830,,0.0
202209061900,,0.0
202209061930,,0.0
202209062000,,0.0
202209062030,,0.0
202209062100,,0.0
202209062130,117.0,1.3
202209062200,,0.0
202209062230,,0.0
202209062300,,0.0
202209062330,,0.0
202209070000,326.0,0.9
202209070030,126.0,0.9
202209070100,105.0,0.4
202209070130,,0.0
202209070200,,0.0
202209070230,135.0,0.4
202209070300,,0.0
202209070330,126.0,0.4
202209070400,,0.0
202209070430,,0.0
202209070500,,0.0
202209070530,,0.0
202209070600,,0.0
202209070630,,0.0
202209070700,,0.0
202209070730,,0.0
202209070800,,0.0
202209070830,,0.0
202209070900,,0.0
202209070930,,0.0
202209071000,,0.0
202209071030,,0.0
202209071100,,0.0
202209071130,,0.0
202209071200,,0.0
202209071231,,0.0
202209071301,,0.0
202209071331,,0.0
202209071401,,0.0
202209071501,,0.0
202209071531,,0.0
202209071601,125.0,0.4
202209071631,,0.0
202209071701,,0.0
202209071731,63.0,0.4
202209071801,,0.0
202209071831,92.0,0.4
202209071901,129.0,0.4
202209071931,,0.0
202209072001,,0.0
202209072031,,0.0
202209072101,,0.0
202209072131,,0.0
202209072201,,0.0
202209072231,,0.0
202209072331,,0.0
202209080001,,0.0
202209080031,,0.0
202209080101,,0.0
202209080131,,0.0
202209080201,,0.0
202209080231,,0.0
202209080301,,0.0
202209080331,,0.0
202209080431,,0.0
202209080501,,0.0
202209080531,,0.0
202209080601,,0.0
202209080631,,0.0
202209080701,,0.0
202209080731,,0.0
202209080801,,0.0
202209080831,,0.0
202209080901,,0.0
202209080931,,0.0
202209081001,,0.0
202209081031,,0.0
202209081101,,0.0
202209081131,,0.0
202209081201,,0.0
202209081231,,0.0
202209081301,,0.0
202209081331,,0.0
202209081401,296.0,1.3
202209081431,118.0,0.4
202209081501,73.0,0.9
202209081531,,0.0
202209081601,,0.0
202209081631,129.0,0.4
202209081701,146.0,0.4
202209081731,,0.0
202209081801,171.0,0.4
202209081831,159.0,0.9
202209081901,,0.0
202209081931,143.0,0.9
202209082001,156.0,0.4
202209082031,145.0,0.4
202209082131,,0.0
202209082201,,0.0
202209082231,,0.0
202209082301,,0.0
202209082331,,0.0
202209090001,,0.0
202209090031,,0.0
202209090101,,0.0
202209090131,,0.0
202209090201,,0.0
202209090301,,0.0
202209090331,,0.0
202209090401,,0.0
202209090431,,0.0
202209090501,,0.0
202209090601,,0.0
202209090631,,0.0
202209090701,,0.0
202209090731,,0.0
202209090801,,0.0
202209090831,,0.0
202209090901,,0.0
202209090931,,0.0
202209091001,130.0,0.4
202209091031,,0.0
202209091101,,0.0
202209091131,,0.0
202209091201,,0.0
202209091231,,0.0
202209091302,,0.0
202209091402,,0.0
202209091432,149.0,0.4
202209091502,83.0,0.4
202209091532,,0.0
202209091602,109.0,0.9
202209091632,,0.0
202209091702,88.0,0.9
202209091732,,0.0
202209091802,,0.0
202209091832,116.0,0.4
202209091902,81.0,1.3
202209091932,130.0,0.4
202209092002,,0.0
202209092032,,0.0
202209092102,,0.0
202209092132,,0.0
202209092202,,0.0
202209092232,,0.0
202209092302,,0.0
202209092332,,0.0
202209100002,109.0,0.4
202209100032,355.0,0.4
202209100102,,0.0
202209100132,,0.0
202209100202,,0.0
202209100232,,0.0
202209100302,,0.0
202209100332,135.0,0.4
202209100402,136.0,0.4
202209100432,,0.0
202209100502,,0.0
202209100532,,0.0
202209100602,,0.0
202209100632,,0.0
202209100702,,0.0
202209100732,,0.0
202209100802,,0.0
202209100832,,0.0
202209100902,,0.0
202209101002,,0.0
202209101032,,0.0
202209101132,,0.0
202209101202,,0.0
202209101232,,0.0
202209101302,,0.0
202209101332,,0.0
202209101402,,0.0
202209101432,,0.0
202209101502,29.0,0.9
202209101532,,0.0
202209101602,,0.0
202209101632,,0.0
202209101702,,0.0
202209101732,155.0,0.4
202209101802,97.0,0.4
202209101832,126.0,0.4
202209101902,,0.0
202209101932,,0.0
202209102002,,0.0
202209102032,93.0,1.3
202209102102,112.0,0.4
202209102132,,0.0
202209102202,,0.0
202209102232,137.0,0.4
202209102302,,0.0
202209102332,,0.0
202209110002,,0.0
202209110032,,0.0
202209110102,,0.0
202209110202,,0.0
202209110302,,0.0
202209110332,,0.0
202209110402,,0.0
202209110432,,0.0
202209110502,,0.0
202209110532,,0.0
202209110602,,0.0
202209110632,,0.0
202209110702,,0.0
202209110732,,0.0
202209110832,,0.0
202209110902,,0.0
202209110932,,0.0
202209111002,,0.0
202209111032,,0.0
202209111102,,0.0
202209111132,,0.0
202209111202,,0.0
202209111232,,0.0
202209111302,,0.0
202209111332,,0.0
202209111402,142.0,0.4
202209111432,,0.0
202209111502,,0.0
202209111532,157.0,0.4
202209111602,,0.0
202209111632,,0.0
202209111703,138.0,0.9
202209111733,141.0,0.4
202209111803,,0.0
202209111833,118.0,0.4
202209111903,,0.0
202209111933,140.0,0.4
202209112003,,0.0
202209112033,,0.0
202209112103,,0.0
202209112133,132.0,0.4
202209112203,,0.0
202209112233,,0.0
202209112303,,0.0
202209112333,,0.0
202209120003,,0.0
202209120033,,0.0
202209120103,,0.0
202209120133,,0.0
202209120203,,0.0
202209120233,,0.0
202209120303,,0.0
202209120333,,0.0
202209120403,,0.0
202209120433,,0.0
202209120503,,0.0
202209120533,,0.0
202209120603,,0.0
202209120703,,0.0
202209120733,,0.0
202209120803,,0.0
202209120833,,0.0
202209120903,,0.0
202209120933,,0.0
202209121003,,0.0
202209121033,,0.0
202209121103,,0.0
202209121133,,0.0
202209121203,,0.0
202209121233,,0.0
202209121303,,0.0
202209121333,,0.0
202209121403,,0.0
202209121433,140.0,0.4
202209121503,,0.0
202209121533,138.0,0.4
202209121603,,0.0
202209121633,,0.0
202209121703,75.0,1.3
202209121733,149.0,0.4
202209121803,,0.0
202209121833,124.0,0.9
202209121903,131.0,0.4
202209121933,126.0,0.4
202209122003,133.0,0.4
202209122103,,0.0
202209122133,,0.0
202209122203,61.0,0.4
202209122233,,0.0
202209122333,,0.0
202209130003,,0.0
202209130033,,0.0
202209130103,,0.0
202209130133,,0.0
202209130203,,0.0
202209130233,,0.0
202209130303,,0.0
202209130333,,0.0
202209130403,,0.0
202209130433,,0.0
202209130503,,0.0
202209130533,,0.0
202209130603,,0.0
202209130633,,0.0
202209130703,,0.0
202209130733,,0.0
202209130803,,0.0
202209130833,,0.0
202209130903,,0.0
202209130933,,0.0
202209131003,,0.0
202209131103,,0.0
202209131133,,0.0
202209131203,,0.0
202209131233,,0.0
202209131303,,0.0
202209131333,,0.0
202209131403,,0.0
202209131433,,0.0
202209131504,,0.0
202209131534,140.0,0.4
202209131604,122.0,0.4
202209131634,122.0,0.4
202209131704,,0.0
202209131734,,0.0
202209131804,188.0,0.4
202209131834,,0.0
202209131904,,0.0
202209131934,117.0,0.4
202209132004,,0.0
202209132034,,0.0
202209132104,137.0,0.4
202209132134,135.0,0.4
202209132204,,0.0
202209132234,,0.0
202209132304,,0.0
202209132334,,0.0
202209140004,,0.0
202209140034,,0.0
202209140104,,0.0
202209140134,,0.0
202209140204,,0.0
202209140234,,0.0
202209140304,,0.0
202209140334,,0.0
202209140404,,0.0
202209140434,,0.0
202209140504,,0.0
202209140534,,0.0
202209140604,,0.0
202209140634,,0.0
202209140704,,0.0
202209140734,,0.0
202209140804,,0.0
202209140834,,0.0
202209140904,,0.0
202209140934,,0.0
202209141004,,0.0
202209141034,,0.0
202209141104,,0.0
202209141204,,0.0
202209141234,,0.0
202209141304,,0.0
202209141334,,0.0
202209141404,,0.0
202209141434,,0.0
202209141504,,0.0
202209141604,,0.0
202209141634,345.0,0.9
202209141704,,0.0
202209141734,92.0,0.4
202209141804,,0.0
202209141834,143.0,0.4
202209141904,93.0,0.4
202209141934,124.0,0.4
202209142004,,0.0
202209142034,123.0,0.4
202209142104,,0.0
202209142134,,0.0
202209142204,,0.0
202209142234,,0.0
202209142304,,0.0
202209142334,,0.0
202209150034,,0.0
202209150104,,0.0
202209150134,,0.0
202209150204,,0.0
202209150234,,0.0
202209150304,,0.0
202209150334,,0.0
202209150404,,0.0
202209150434,,0.0
202209150504,,0.0
202209150534,,0.0
202209150604,,0.0
202209150704,,0.0
202209150734,,0.0
202209150804,,0.0
202209150834,,0.0
202209150904,,0.0
202209150934,,0.0
202209151004,,0.0
202209151034,,0.0
202209151105,,0.0
202209151135,,0.0
202209151205,,0.0
202209151235,,0.0
202209151305,,0.0
202209151335,,0.0
202209151405,,0.0
202209151505,129.0,0.4
202209151535,,0.0
202209151605,,0.0
202209151635,87.0,0.4
202209151705,,0.0
202209151735,130.0,0.4
202209151805,,0.0
202209151835,,0.0
202209151905,,0.0
202209151935,,0.0
202209152005,,0.0
202209152035,,0.0
202209152105,,0.0
202209152135,,0.0
202209152205,129.0,0.9
202209152235,,0.0
202209152305,,0.0
202209152335,,0.0
202209160005,,0.0
202209160035,,0.0
202209160105,,0.0
202209160135,,0.0
202209160205,,0.0
202209160235,,0.0
202209160305,,0.0
202209160335,,0.0
202209160405,,0.0
202209160435,,0.0
202209160505,,0.0
202209160535,,0.0
202209160605,,0.0
202209160635,,0.0
202209160705,,0.0
202209160735,,0.0
202209160805,,0.0
202209160835,,0.0
202209160935,,0.0
202209161005,,0.0
202209161105,,0.0
202209161135,,0.0
202209161205,,0.0
202209161235,,0.0
202209161305,,0.0
202209161335,,0.0
202209161405,,0.0
202209161435,149.0,0.4
202209161505,,0.0
202209161605,,0.0
202209161705,159.0,0.9
202209161805,119.0,0.4
202209161835,118.0,0.4
202209161905,,0.0
202209161935,,0.0
202209162005,123.0,0.4
202209162035,136.0,0.4
202209162105,,0.0
202209162135,140.0,0.4
202209162205,,0.0
202209162235,,0.0
202209162305,,0.0
202209162335,,0.0
202209170005,,0.0
202209170035,,0.0
202209170105,,0.0
202209170135,,0.0
202209170205,,0.0
202209170235,,0.0
202209170305,,0.0
202209170335,,0.0
202209170405,,0.0
202209170435,,0.0
202209170505,,0.0
202209170535,,0.0
202209170605,,0.0
202209170635,,0.0
202209170705,,0.0
202209170735,,0.0
202209170835,,0.0
202209170905,,0.0
202209170935,,0.0
202209171005,,0.0
202209171035,,0.0
202209171105,,0.0
202209171135,,0.0
202209171206,,0.0
202209171306,,0.0
202209171336,,0.0
202209171406,,0.0
202209171436,,0.0
202209171506,,0.0
202209171536,,0.0
202209171606,120.0,0.4
202209171636,,0.0
202209171706,,0.0
202209171736,,0.0
202209171906,109.0,0.4
202209171936,,0.0
202209172006,147.0,0.4
202209172036,159.0,0.9
202209172106,,0.0
202209172136,,0.0
202209172206,,0.0
202209172236,,0.0
202209172306,,0.0
202209172336,,0.0
202209180006,,0.0
202209180036,,0.0
202209180106,,0.0
202209180136,,0.0
202209180206,,0.0
202209180236,,0.0
202209180306,,0.0
202209180336,,0.0
202209180406,,0.0
202209180436,,0.0
202209180506,,0.0
202209180536,,0.0
202209180606,,0.0
202209180636,,0.0
202209180706,,0.0
202209180736,,0.0
202209180806,,0.0
202209180836,,0.0
202209180906,,0.0
202209180936,,0.0
202209181006,,0.0
202209181106,,0.0
202209181136,,0.0
202209181206,,0.0
202209181236,,0.0
202209181306,,0.0
202209181336,,0.0
202209181406,,0.0
202209181436,,0.0
202209181506,130.0,0.4
202209181536,,0.0
202209181606,,0.0
202209181636,,0.0
202209181706,124.0,0.4
202209181736,,0.0
202209181806,,0.0
202209181836,112.0,0.4
202209181906,,0.0
202209181936,106.0,0.4
202209182006,130.0,0.4
202209182036,155.0,0.4
202209182106,139.0,0.4
202209182136,,0.0
202209182206,,0.0
202209182236,,0.0
202209182306,,0.0
202209182336,,0.0
202209190006,,0.0
202209190036,,0.0
202209190106,,0.0
202209190136,,0.0
202209190206,,0.0
202209190236,,0.0
202209190306,,0.0
202209190336,,0.0
202209190406,,0.0
202209190436,,0.0
202209190506,,0.0
202209190536,,0.0
202209190606,,0.0
202209190636,,0.0
202209190706,,0.0
202209190736,,0.0
202209190806,,0.0
202209190836,,0.0
202209190936,,0.0
202209191006,,0.0
202209191036,,0.0
202209191106,,0.0
202209191136,,0.0
202209191206,,0.0
202209191236,,0.0
202209191336,,0.0
202209191406,,0.0
202209191436,,0.0
202209191506,,0.0
202209191536,,0.0
202209191606,109.0,0.4
202209191637,,0.0
202209191707,,0.0
202209191737,81.0,0.4
202209191807,,0.0
202209191837,107.0,0.4
202209191907,,0.0
202209191937,116.0,0.4
202209192007,99.0,0.4
202209192037,,0.0
202209192107,,0.0
202209192137,,0.0
202209192207,,0.0
202209192237,,0.0
202209192307,,0.0
202209192337,,0.0
202209200007,,0.0
202209200037,,0.0
202209200107,,0.0
202209200137,,0.0
202209200207,,0.0
202209200237,,0.0
202209200307,,0.0
202209200337,,0.0
202209200407,,0.0
202209200437,,0.0
202209200507,,0.0
202209200537,,0.0
202209200607,,0.0
202209200637,,0.0
202209200707,,0.0
202209200737,,0.0
202209200807,,0.0
202209200837,,0.0
202209200907,,0.0
202209200937,,0.0
202209201007,,0.0
202209201037,,0.0
202209201137,,0.0
202209201207,,0.0
202209201237,,0.0
202209201307,,0.0
202209201337,,0.0
202209201407,,0.0
202209201437,,0.0
202209201507,119.0,0.4
202209201537,,0.0
202209201607,109.0,0.4
202209201637,,0.0
202209201707,,0.0
202209201737,,0.0
202209201807,102.0,0.4
202209201837,126.0,0.9
202209201937,,0.0
202209202007,126.0,0.4
202209202037,134.0,0.4
202209202107,129.0,0.4
202209202207,,0.0
202209202237,,0.0
202209202307,,0.0
202209202337,,0.0
202209210007,,0.0
202209210037,,0.0
202209210107,,0.0
202209210137,,0.0
202209210207,,0.0
202209210237,,0.0
202209210307,,0.0
202209210337,,0.0
202209210407,,0.0
202209210437,,0.0
202209210507,,0.0
202209210537,,0.0
202209210607,,0.0
202209210637,,0.0
202209210707,,0.0
202209210737,,0.0
202209210807,,0.0
202209210837,,0.0
202209210907,,0.0
202209210937,,0.0
202209211007,,0.0
202209211037,,0.0
202209211107,,0.0
202209211137,,0.0
202209211207,,0.0
202209211237,,0.0
202209211307,,0.0
202209211407,,0.0
202209211437,,0.0
202209211507,105.0,0.4
202209211537,,0.0
202209211607,,0.0
202209211637,,0.0
202209211707,,0.0
202209211737,,0.0
202209211807,,0.0
202209211838,,0.0
202209211908,,0.0
202209211938,,0.0
202209212008,,0.0
202209212038,,0.0
202209212108,,0.0
202209212138,,0.0
202209212208,,0.0
202209212238,,0.0
202209212308,,0.0
202209220008,,0.0
202209220038,,0.0
202209220108,,0.0
202209220138,,0.0
202209220208,,0.0
202209220238,,0.0
202209220308,,0.0
202209220338,,0.0
202209220408,,0.0
202209220438,,0.0
202209220508,,0.0
202209220538,,0.0
202209220608,,0.0
202209220638,,0.0
202209220738,,0.0
202209220808,,0.0
202209220838,,0.0
202209220908,,0.0
202209220938,,0.0
202209221008,,0.0
202209221038,,0.0
202209221108,,0.0
202209221208,,0.0
202209221238,,0.0
202209221308,,0.0
202209221408,134.0,0.4
202209221438,122.0,0.4
202209221508,,0.0
202209221538,122.0,0.4
202209221608,,0.0
202209221638,132.0,0.4
202209221708,,0.0
202209221738,119.0,0.4
202209221838,,0.0
202209221908,,0.0
202209221938,66.0,0.4
202209222008,115.0,0.4
202209222038,117.0,0.4
202209222108,128.0,0.4
202209222138,157.0,0.9
202209222208,136.0,0.4
202209222238,129.0,0.4
202209222308,150.0,0.4
202209222338,,0.0
202209230008,,0.0
202209230038,,0.0
202209230108,,0.0
202209230138,,0.0
202209230208,,0.0
202209230238,,0.0
202209230308,,0.0
202209230338,,0.0
202209230408,155.0,0.4
202209230508,,0.0
202209230538,151.0,0.4
202209230608,,0.0
202209230708,,0.0
202209230738,213.0,0.4
202209230808,,0.0
202209230838,,0.0
202209230908,,0.0
202209230938,,0.0
202209231008,,0.0
202209231038,,0.0
202209231108,,0.0
202209231138,,0.0
202209231208,,0.0
202209231308,,0.0
202209231339,213.0,0.4
202209231408,152.0,0.4
202209231439,,0.0
202209231509,66.0,0.4
202209231539,,0.0
202209231609,166.0,0.4
202209231639,,0.0
202209231709,147.0,0.9
202209231739,,0.0
202209231809,135.0,0.9
202209231839,114.0,0.4
202209231909,188.0,0.9
202209231939,,0.0
202209232009,145.0,0.4
202209232039,,0.0
202209232109,,0.0
202209232139,,0.0
202209232209,,0.0
202209232239,,0.0
202209232309,,0.0
202209232339,,0.0
202209240009,,0.0
202209240039,,0.0
202209240109,,0.0
202209240139,,0.0
202209240209,159.0,0.4
202209240239,,0.0
202209240309,,0.0
202209240509,,0.0
202209240609,,0.0
202209240639,,0.0
202209240709,,0.0
202209240739,,0.0
202209240809,,0.0
202209240839,,0.0
202209240909,,0.0
202209240939,,0.0
202209241009,,0.0
202209241039,,0.0
202209241109,,0.0
202209241139,,0.0
202209241209,,0.0
202209241239,,0.0
202209241309,,0.0
202209241339,,0.0
202209241409,,0.0
202209241439,,0.0
202209241509,123.0,0.4
202209241539,115.0,0.4
202209241609,121.0,0.4
202209241639,,0.0
202209241709,134.0,0.4
202209241739,,0.0
202209241809,148.0,0.4
202209241839,,0.0
202209241909,124.0,0.4
202209241939,138.0,0.9
202209242009,,0.0
202209242039,,0.0
202209242109,,0.0
202209242139,,0.0
202209242209,,0.0
202209242239,,0.0
202209242309,,0.0
202209242339,,0.0
202209250009,,0.0
202209250039,145.0,0.4
202209250109,,0.0
202209250139,,0.0
202209250209,,0.0
202209250239,,0.0
202209250309,,0.0
202209250339,,0.0
202209250409,,0.0
202209250439,,0.0
202209250510,,0.0
202209250540,,0.0
202209250610,,0.0
202209250640,,0.0
202209250710,,0.0
202209250740,,0.0
202209250810,,0.0
202209250840,,0.0
202209250910,,0.0
202209250940,,0.0
202209251010,,0.0
202209251040,,0.0
202209251110,,0.0
202209251140,,0.0
202209251210,,0.0
202209251240,,0.0
202209251310,,0.0
202209251340,,0.0
202209251410,,0.0
202209251440,,0.0
202209251510,,0.0
202209251540,174.0,0.4
202209251610,,0.0
202209251640,,0.0
202209251710,138.0,0.4
202209251740,,0.0
202209251810,,0.0
202209251840,,0.0
202209251910,,0.0
202209251940,,0.0
202209252010,135.0,0.4
202209252040,,0.0
202209252110,,0.0
202209252140,128.0,0.4
202209252210,,0.0
202209252240,,0.0
202209252310,,0.0
202209252340,,0.0
202209260010,,0.0
202209260040,,0.0
202209260110,,0.0
202209260140,,0.0
202209260210,,0.0
202209260240,,0.0
202209260310,,0.0
202209260340,,0.0
202209260410,,0.0
202209260440,,0.0
202209260510,,0.0
202209260540,,0.0
202209260610,,0.0
202209260640,,0.0
202209260710,,0.0
202209260740,,0.0
202209260810,,0.0
202209260910,,0.0
202209260940,,0.0
202209261040,,0.0
202209261110,,0.0
202209261140,,0.0
202209261210,,0.0
202209261240,,0.0
202209261310,,0.0
202209261340,,0.0
202209261410,,0.0
202209261440,,0.0
202209261510,112.0,0.4
202209261540,137.0,0.4
202209261610,,0.0
202209261640,,0.0
202209261710,,0.0
202209261740,,0.0
202209261810,111.0,0.9
202209261840,155.0,0.9
202209261910,120.0,0.4
202209262010,,0.0
202209262040,,0.0
202209262110,120.0,0.9
202209262210,,0.0
202209262240,,0.0
202209262310,,0.0
202209262340,,0.0
202209270010,,0.0
202209270040,,0.0
202209270110,,0.0
202209270140,,0.0
202209270210,,0.0
202209270240,,0.0
202209270310,,0.0
202209270340,,0.0
202209270410,,0.0
202209270440,,0.0
202209270510,,0.0
202209270540,,0.0
202209270610,,0.0
202209270640,,0.0
202209270711,,0.0
202209270741,,0.0
202209270810,,0.0
202209270841,,0.0
202209270910,,0.0
202209270941,,0.0
202209271011,,0.0
202209271041,,0.0
202209271111,,0.0
202209271141,,0.0
202209271211,,0.0
202209271241,,0.0
202209271311,,0.0
202209271341,,0.0
202209271411,,0.0
202209271441,133.0,0.4
202209271511,81.0,0.9
202209271541,91.0,0.4
202209271641,,0.0
202209271711,96.0,0.9
202209271741,119.0,0.4
202209271811,117.0,0.9
202209271841,,0.0
202209271911,116.0,0.9
202209271941,150.0,0.4
202209272011,357.0,0.4
202209272041,,0.0
202209272111,189.0,0.4
202209272211,119.0,0.9
202209272241,,0.0
202209272311,,0.0
202209272341,,0.0
202209280011,,0.0
202209280041,,0.0
202209280111,,0.0
202209280141,,0.0
202209280211,,0.0
202209280241,,0.0
202209280311,,0.0
202209280511,,0.0
202209280541,,0.0
202209280611,,0.0
202209280641,,0.0
202209280711,,0.0
202209280741,,0.0
202209280811,,0.0
202209280841,,0.0
202209280941,,0.0
202209281011,,0.0
202209281041,,0.0
202209281111,,0.0
202209281141,,0.0
202209281211,,0.0
202209281241,,0.0
202209281311,,0.0
202209281341,,0.0
202209281411,,0.0
202209281441,158.0,0.4
202209281511,174.0,0.9
202209281541,142.0,0.4
202209281611,130.0,0.4
202209281641,5.0,0.9
202209281711,224.0,0.9
202209281741,160.0,0.4
202209281811,132.0,0.4
202209281841,123.0,0.9
202209281911,121.0,1.3
202209281941,169.0,0.4
202209282011,113.0,0.4
202209282041,198.0,0.4
202209282111,118.0,0.9
202209282211,,0.0
202209282241,,0.0
202209282311,,0.0
202209282341,,0.0
202209290011,,0.0
202209290111,,0.0
202209290141,,0.0
202209290211,130.0,0.4
202209290241,,0.0
202209290311,,0.0
202209290341,126.0,0.4
202209290411,,0.0
202209290441,134.0,0.4
202209290511,,0.0
202209290541,138.0,0.9
202209290611,,0.0
202209290641,136.0,0.4
202209290711,,0.0
202209290741,,0.0
202209290811,,0.0
202209290841,,0.0
202209290911,,0.0
202209290941,,0.0
202209291011,,0.0
202209291041,,0.0
202209291142,,0.0
202209291212,,0.0
202209291242,,0.0
202209291312,136.0,0.4
202209291342,114.0,0.9
202209291412,323.0,0.9
202209291442,94.0,0.4
202209291512,,0.0
202209291542,,0.0
202209291612,160.0,0.4
202209291642,,0.0
202209291712,170.0,0.9
202209291742,,0.0
202209291812,111.0,0.9
202209291842,191.0,0.9
202209291912,118.0,0.9
202209291942,,0.0
202209292012,108.0,0.9
202209292042,39.0,1.3
202209292112,163.0,0.4
202209292142,,0.0
202209292212,172.0,0.9
202209292242,,0.0
202209292312,,0.0
202209292342,,0.0
202209300012,,0.0
202209300042,,0.0
202209300112,,0.0
202209300142,,0.0
202209300212,,0.0
202209300242,,0.0
202209300312,,0.0
202209300342,,0.0
202209300412,,0.0
202209300442,,0.0
202209300512,,0.0
202209300542,,0.0
202209300642,,0.0
202209300712,,0.0
202209300812,,0.0
202209300842,143.0,0.4
202209300912,,0.0
202209300942,,0.0
202209301012,,0.0
202209301042,,0.0
202209301112,,0.0
202209301212,,0.0
202209301312,,0.0
202209301342,,0.0
202209301412,168.0,0.4
202209301442,164.0,0.4
202209301512,,0.0
202209301542,,0.0
202209301612,135.0,0.4
202209301642,70.0,0.9
202209301712,113.0,1.3
202209301742,111.0,0.4
202209301812,190.0,0.9
202209301842,143.0,0.4
202209301912,153.0,0.4
202209301942,175.0,0.4
202209302012,107.0,0.9
202209302042,,0.0
202209302112,,0.0
202209302142,192.0,0.4
202209302212,,0.0
202209302242,,0.0
202209302312,,0.0
202209302342,,0.0
202210010012,,0.0
202210010042,,0.0
202210010112,,0.0
202210010142,,0.0
202210010212,,0.0
202210010242,,0.0
202210010312,,0.0
202210010342,,0.0
202210010412,,0.0
202210010442,,0.0
202210010512,,0.0
202210010542,,0.0
202210010612,,0.0
202210010643,,0.0
202210010713,,0.0
202210010743,,0.0
202210010813,,0.0
202210010843,,0.0
202210010913,,0.0
202210010943,,0.0
202210011013,,0.0
202210011043,,0.0
202210011113,,0.0
202210011143,,0.0
202210011213,,0.0
202210011243,,0.0
202210011313,,0.0
202210011343,,0.0
202210011413,130.0,0.4
202210011443,,0.0
202210011513,160.0,0.4
202210011543,286.0,0.9
202210011613,,0.0
202210011643,,0.0
202210011713,132.0,0.9
202210011743,146.0,0.4
202210011813,136.0,0.4
202210011843,,0.0
202210011913,144.0,0.4
202210011943,155.0,0.9
202210012013,,0.0
202210012043,262.0,0.4
202210012113,,0.0
202210012143,121.0,0.4
202210012213,,0.0
202210012243,,0.0
202210012313,,0.0
202210012343,,0.0
202210020013,,0.0
202210020043,,0.0
202210020113,,0.0
202210020143,,0.0
202210020213,,0.0
202210020243,,0.0
202210020313,,0.0
202210020343,,0.0
202210020413,,0.0
202210020443,,0.0
202210020513,,0.0
202210020543,,0.0
202210020613,,0.0
202210020643,,0.0
202210020713,,0.0
202210020743,,0.0
202210020813,,0.0
202210020843,,0.0
202210020913,,0.0
202210020943,,0.0
202210021013,,0.0
202210021043,,0.0
202210021113,,0.0
202210021143,,0.0
202210021213,,0.0
202210021243,,0.0
202210021313,,0.0
202210021343,,0.0
202210021413,,0.0
202210021443,135.0,0.4
202210021513,123.0,0.4
202210021543,236.0,1.8
202210021613,126.0,0.9
202210021643,,0.0
202210021713,113.0,0.4
202210021743,104.0,0.4
202210021813,,0.0
202210021843,,0.0
202210021913,112.0,0.4
202210021943,125.0,0.4
202210022013,165.0,0.4
202210022043,,0.0
202210022113,,0.0
202210022143,,0.0
202210022213,148.0,0.4
202210022243,,0.0
202210022313,,0.0
202210022343,,0.0
202210030013,,0.0
202210030043,,0.0
202210030113,,0.0
202210030143,,0.0
202210030213,,0.0
202210030243,,0.0
202210030313,,0.0
202210030343,,0.0
202210030413,,0.0
202210030443,,0.0
202210030513,,0.0
202210030543,,0.0
202210030613,,0.0
202210030643,,0.0
202210030713,,0.0
202210030743,,0.0
202210030813,,0.0
202210030843,,0.0
202210030913,,0.0
202210030943,,0.0
202210031013,,0.0
202210031043,,0.0
202210031113,,0.0
202210031143,,0.0
202210031214,,0.0
202210031244,,0.0
202210031314,,0.0
202210031344,,0.0
202210031414,,0.0
202210031444,113.0,0.4
202210031514,203.0,0.4
202210031544,133.0,0.9
202210031614,122.0,0.4
202210031644,124.0,0.4
202210031714,122.0,0.4
202210031744,,0.0
202210031814,110.0,0.4
202210031844,,0.0
202210031914,,0.0
202210031944,,0.0
202210032014,,0.0
202210032044,,0.0
202210032114,,0.0
202210032144,,0.0
202210032214,128.0,0.4
202210032244,,0.0
202210032314,,0.0
202210032344,,0.0
202210040014,,0.0
202210040044,,0.0
202210040114,,0.0
202210040144,,0.0
202210040214,,0.0
202210040244,,0.0
202210040314,,0.0
202210040344,,0.0
202210040414,,0.0
202210040444,,0.0
202210040514,,0.0
202210040544,,0.0
202210040614,,0.0
202210040644,,0.0
202210040714,,0.0
202210040744,,0.0
202210040814,,0.0
202210040844,,0.0
202210040914,,0.0
202210040944,,0.0
202210041014,,0.0
202210041044,,0.0
202210041114,,0.0
202210041144,,0.0
202210041214,,0.0
202210041244,,0.0
202210041314,,0.0
202210041344,,0.0
202210041414,,0.0
202210041444,,0.0
202210041514,,0.0
202210041544,114.0,0.4
202210041644,119.0,0.4
202210041744,120.0,0.4
202210041814,,0.0
202210041844,,0.0
202210041914,142.0,0.4
202210041944,,0.0
202210042014,,0.0
202210042044,,0.0
202210042114,,0.0
202210042144,,0.0
202210042214,,0.0
202210042244,,0.0
202210042314,159.0,0.4
202210042344,,0.0
202210050014,,0.0
202210050044,,0.0
202210050114,,0.0
202210050144,,0.0
202210050214,,0.0
202210050244,,0.0
202210050314,,0.0
202210050344,,0.0
202210050414,,0.0
202210050514,,0.0
202210050545,,0.0
202210050614,,0.0
202210050645,,0.0
202210050714,,0.0
202210050744,,0.0
202210050815,,0.0
202210050845,,0.0
202210050915,,0.0
202210050945,,0.0
202210051015,,0.0
202210051045,,0.0
202210051115,,0.0
202210051145,,0.0
202210051215,,0.0
202210051245,,0.0
202210051315,,0.0
202210051345,,0.0
202210051415,,0.0
202210051445,104.0,0.4
202210051515,,0.0
202210051545,109.0,0.4
202210051615,,0.0
202210051645,,0.0
202210051715,111.0,0.4
202210051745,,0.0
202210051815,,0.0
202210051845,124.0,0.4
202210051915,119.0,0.4
202210051945,113.0,0.4
202210052015,,0.0
202210052045,,0.0
202210052115,,0.0
202210052145,,0.0
202210052215,,0.0
202210052245,,0.0
202210052315,,0.0
202210052345,,0.0
202210060015,,0.0
202210060045,,0.0
202210060115,,0.0
202210060145,,0.0
202210060215,,0.0
202210060245,,0.0
202210060315,,0.0
202210060345,,0.0
202210060415,,0.0
202210060445,,0.0
202210060515,,0.0
202210060545,,0.0
202210060615,,0.0
202210060645,,0.0
202210060715,,0.0
202210060745,,0.0
202210060815,,0.0
202210060845,,0.0
202210060915,,0.0
202210060945,,0.0
202210061015,,0.0
202210061045,,0.0
202210061145,,0.0
202210061215,,0.0
202210061315,,0.0
202210061345,,0.0
202210061415,,0.0
202210061445,,0.0
202210061515,,0.0
202210061545,130.0,0.4
202210061615,,0.0
202210061645,111.0,0.4
202210061715,83.0,0.4
202210061745,124.0,0.4
202210061815,,0.0
202210061845,137.0,0.9
202210061915,,0.0
202210061945,158.0,0.4
202210062015,,0.0
202210062045,,0.0
202210062115,,0.0
202210062145,,0.0
202210062215,,0.0
202210062245,,0.0
202210062315,,0.0
202210062345,,0.0
202210070015,,0.0
202210070046,,0.0
202210070116,,0.0
202210070146,,0.0
202210070216,,0.0
202210070246,,0.0
202210070316,,0.0
202210070346,,0.0
202210070416,,0.0
202210070446,,0.0
202210070516,,0.0
202210070546,,0.0
202210070616,,0.0
202210070646,,0.0
202210070716,,0.0
202210070746,,0.0
202210070816,,0.0
202210070846,,0.0
202210070916,,0.0
202210070946,,0.0
202210071016,,0.0
202210071046,,0.0
202210071116,,0.0
202210071146,,0.0
202210071216,,0.0
202210071246,,0.0
202210071316,,0.0
202210071346,,0.0
202210071416,,0.0
202210071446,,0.0
202210071516,,0.0
202210071616,,0.0
202210071646,128.0,0.4
202210071716,,0.0
202210071746,129.0,0.4
202210071816,105.0,0.4
202210071846,,0.0
202210071916,128.0,0.9
202210071946,,0.0
202210072016,,0.0
202210072046,150.0,0.4
202210072146,,0.0
202210072216,149.0,0.4
202210072246,,0.0
202210072316,,0.0
202210072346,,0.0
202210080016,,0.0
202210080046,,0.0
202210080116,,0.0
202210080146,,0.0
202210080216,,0.0
202210080246,,0.0
202210080316,,0.0
202210080346,,0.0
202210080416,,0.0
202210080446,,0.0
202210080546,,0.0
202210080616,,0.0
202210080646,,0.0
202210080716,,0.0
202210080746,,0.0
202210080816,,0.0
202210080846,,0.0
202210080916,,0.0
202210080946,,0.0
202210081016,,0.0
202210081046,,0.0
202210081116,,0.0
202210081146,,0.0
202210081216,,0.0
202210081246,,0.0
202210081316,,0.0
202210081347,,0.0
202210081417,138.0,0.4
202210081447,,0.0
202210081547,42.0,1.3
202210081617,,0.0
202210081647,115.0,0.4
202210081717,,0.0
202210081747,,0.0
202210081817,103.0,0.9
202210081847,,0.0
202210081917,148.0,0.4
202210081947,125.0,0.4
202210082017,147.0,0.4
202210082047,,0.0
202210082117,130.0,0.4
202210082147,,0.0
202210082217,,0.0
202210082247,,0.0
202210082317,,0.0
202210082347,,0.0
202210090017,,0.0
202210090047,,0.0
202210090117,,0.0
202210090147,,0.0
202210090217,,0.0
202210090247,,0.0
202210090317,,0.0
202210090347,,0.0
202210090417,,0.0
202210090447,,0.0
202210090517,,0.0
202210090547,,0.0
202210090617,,0.0
202210090647,,0.0
202210090717,,0.0
202210090747,,0.0
202210090817,,0.0
202210090847,,0.0
202210090917,,0.0
202210090947,,0.0
202210091017,,0.0
202210091047,,0.0
202210091117,,0.0
202210091147,,0.0
202210091217,,0.0
202210091247,,0.0
202210091317,,0.0
202210091347,168.0,0.4
202210091417,,0.0
202210091447,,0.0
202210091517,115.0,0.4
202210091547,,0.0
202210091617,111.0,0.4
202210091647,,0.0
202210091717,63.0,0.9
202210091747,152.0,0.4
202210091817,258.0,0.9
202210091847,164.0,0.4
202210091917,,0.0
202210091947,195.0,0.9
202210092017,,0.0
202210092047,148.0,0.4
202210092117,,0.0
202210092147,134.0,0.4
202210092217,,0.0
202210092247,,0.0
202210092317,,0.0
202210092347,,0.0
202210100017,,0.0
202210100047,,0.0
202210100117,,0.0
202210100147,,0.0
202210100217,,0.0
202210100247,,0.0
202210100317,,0.0
202210100347,,0.0
202210100417,,0.0
202210100447,,0.0
202210100517,,0.0
202210100547,,0.0
202210100617,,0.0
202210100647,,0.0
202210100717,,0.0
202210100747,,0.0
202210100817,,0.0
202210100847,,0.0
202210100947,,0.0
202210101017,,0.0
202210101047,,0.0
202210101117,,0.0
202210101148,,0.0
202210101218,,0.0
202210101248,,0.0
202210101318,,0.0
202210101348,,0.0
202210101418,,0.0
202210101448,,0.0
202210101548,,0.0
202210101618,87.0,0.9
202210101648,113.0,0.4
202210101718,,0.0
202210101748,149.0,0.4
202210101818,,0.0
202210101848,176.0,0.4
202210101918,,0.0
202210101948,339.0,0.9
202210102018,145.0,0.4
202210102048,,0.0
202210102118,174.0,0.4
202210102148,,0.0
202210102218,,0.0
202210102248,,0.0
202210102318,,0.0
202210102348,,0.0
202210110018,,0.0
202210110048,,0.0
202210110118,,0.0
202210110148,,0.0
202210110218,,0.0
202210110318,,0.0
202210110348,,0.0
202210110418,,0.0
202210110448,,0.0
202210110518,,0.0
202210110548,,0.0
202210110618,,0.0
202210110648,,0.0
202210110718,,0.0
202210110748,,0.0
202210110818,,0.0
202210110848,,0.0
202210110918,,0.0
202210110948,,0.0
202210111018,,0.0
202210111048,,0.0
202210111118,,0.0
202210111148,,0.0
202210111218,,0.0
202210111248,,0.0
202210111318,,0.0
202210111348,,0.0
202210111418,,0.0
202210111448,108.0,0.4
202210111518,80.0,0.9
202210111548,140.0,0.4
202210111618,113.0,0.4
202210111648,,0.0
202210111718,153.0,1.3
202210111748,,0.0
202210111818,119.0,0.4
202210111848,,0.0
202210111918,113.0,0.4
202210111948,,0.0
202210112018,94.0,0.9
202210112048,71.0,0.4
202210112118,229.0,0.9
202210112148,,0.0
202210112218,,0.0
202210112248,,0.0
202210112318,,0.0
202210112348,,0.0
202210120018,,0.0
202210120048,,0.0
202210120118,,0.0
202210120148,,0.0
202210120218,,0.0
202210120248,,0.0
202210120318,,0.0
202210120348,134.0,0.4
202210120418,,0.0
202210120448,,0.0
202210120518,,0.0
202210120548,,0.0
202210120618,,0.0
202210120648,,0.0
202210120719,,0.0
202210120749,,0.0
202210120819,,0.0
202210120849,105.0,0.4
202210120919,,0.0
202210120949,,0.0
202210121019,,0.0
202210121049,,0.0
202210121119,,0.0
202210121219,,0.0
202210121249,,0.0
202210121319,,0.0
202210121419,119.0,0.4
202210121449,131.0,0.4
202210121519,137.0,0.4
202210121549,,0.0
202210121619,,0.0
202210121649,,0.0
202210121719,,0.0
202210121749,,0.0
202210121819,,0.0
202210121849,153.0,0.4
202210121919,,0.0
202210121949,,0.0
202210122019,,0.0
202210122049,152.0,0.9
202210122119,89.0,0.4
202210122149,98.0,0.4
202210122219,108.0,0.4
202210122249,,0.0
202210122319,,0.0
202210122349,,0.0
202210130049,,0.0
202210130119,,0.0
202210130149,,0.0
202210130219,140.0,0.4
202210130249,,0.0
202210130319,,0.0
202210130349,,0.0
202210130419,,0.0
202210130449,156.0,0.4
202210130519,,0.0
202210130549,,0.0
202210130619,,0.0
202210130649,,0.0
202210130719,,0.0
202210130819,,0.0
202210130849,157.0,0.4
202210130919,,0.0
202210130949,,0.0
202210131019,,0.0
202210131049,,0.0
202210131119,137.0,0.4
202210131149,126.0,0.4
202210131219,,0.0
202210131249,,0.0
202210131319,,0.0
202210131349,,0.0
202210131449,155.0,0.9
202210131519,142.0,0.4
202210131549,106.0,1.3
202210131619,,0.0
202210131649,118.0,0.4
202210131749,122.0,0.4
202210131819,97.0,2.2
202210131849,,0.0
202210131919,118.0,0.4
202210131949,,0.0
202210132019,116.0,0.9
202210132049,124.0,0.4
202210132119,114.0,0.9
202210132149,100.0,0.4
202210132219,103.0,0.4
202210132249,,0.0
202210132319,,0.0
202210132349,,0.0
202210140019,,0.0
202210140049,,0.0
202210140119,,0.0
202210140149,,0.0
202210140219,,0.0
202210140249,,0.0
202210140319,,0.0
202210140349,,0.0
202210140419,,0.0
202210140449,,0.0
202210140519,,0.0
202210140549,,0.0
202210140619,,0.0
202210140649,,0.0
202210140719,,0.0
202210140749,,0.0
202210140819,,0.0
202210140919,,0.0
202210140949,,0.0
202210141019,,0.0
202210141049,,0.0
202210141120,,0.0
202210141150,,0.0
202210141220,,0.0
202210141250,,0.0
202210141320,,0.0
202210141350,,0.0
202210141420,,0.0
202210141450,,0.0
202210141520,117.0,0.9
202210141550,,0.0
202210141620,,0.0
202210141650,,0.0
202210141720,134.0,0.4
202210141750,128.0,0.4
202210141820,,0.0
202210141850,,0.0
202210141920,126.0,0.4
202210141950,117.0,0.4
202210142020,121.0,0.4
202210142050,,0.0
202210142120,135.0,1.3
202210142150,100.0,0.4
202210142220,,0.0
202210142250,,0.0
202210142320,,0.0
202210142350,,0.0
202210150020,,0.0
202210150050,,0.0
202210150120,,0.0
202210150150,,0.0
202210150250,,0.0
202210150320,,0.0
202210150350,,0.0
202210150420,,0.0
202210150450,,0.0
202210150520,,0.0
202210150550,,0.0
202210150620,,0.0
202210150650,,0.0
202210150720,,0.0
202210150750,,0.0
202210150820,,0.0
202210150850,,0.0
202210150920,,0.0
202210150950,135.0,0.4
202210151020,,0.0
202210151050,,0.0
202210151120,,0.0
202210151150,,0.0
202210151220,,0.0
202210151250,,0.0
202210151320,,0.0
202210151420,,0.0
202210151450,128.0,0.4
202210151520,,0.0
202210151550,122.0,0.4
202210151650,150.0,1.8
202210151720,172.0,0.9
202210151750,158.0,0.9
202210151820,137.0,1.8
202210151850,,0.0
202210151950,,0.0
202210152020,,0.0
202210152050,,0.0
202210152120,,0.0
202210152150,,0.0
202210152220,,0.0
202210152250,,0.0
202210152320,,0.0
202210152350,,0.0
202210160020,,0.0
202210160050,,0.0
202210160120,,0.0
202210160150,,0.0
202210160220,,0.0
202210160250,,0.0
202210160320,,0.0
202210160350,,0.0
202210160420,,0.0
202210160450,,0.0
202210160520,,0.0
202210160550,,0.0
202210160620,,0.0
202210160650,,0.0
202210160720,,0.0
202210160750,,0.0
202210160820,,0.0
202210160850,,0.0
202210160920,135.0,0.4
202210160950,,0.0
202210161020,,0.0
202210161120,,0.0
202210161150,,0.0
202210161220,,0.0
202210161250,,0.0
202210161320,,0.0
202210161351,,0.0
202210161420,143.0,0.4
202210161450,122.0,0.4
202210161521,128.0,0.4
202210161551,160.0,0.4
202210161621,,0.0
202210161651,98.0,0.9
202210161721,122.0,0.4
202210161751,126.0,0.4
202210161821,,0.0
202210161851,154.0,1.3
202210161921,134.0,0.9
202210161951,128.0,0.9
202210162021,138.0,0.9
202210162051,155.0,0.9
202210162121,,0.0
202210162151,,0.0
202210162221,,0.0
202210162251,,0.0
202210162321,,0.0
202210162351,,0.0
202210170021,,0.0
202210170051,,0.0
202210170121,,0.0
202210170151,,0.0
202210170221,,0.0
202210170251,,0.0
202210170321,,0.0
202210170351,,0.0
202210170421,,0.0
202210170451,,0.0
202210170521,,0.0
202210170551,,0.0
202210170621,,0.0
202210170651,,0.0
202210170721,,0.0
202210170751,,0.0
202210170821,,0.0
202210170851,,0.0
202210170921,,0.0
202210171021,,0.0
202210171051,,0.0
202210171121,,0.0
202210171151,,0.0
202210171221,,0.0
202210171251,,0.0
202210171321,,0.0
202210171351,,0.0
202210171421,,0.0
202210171451,94.0,1.3
202210171521,,0.0
202210171551,165.0,0.4
202210171621,218.0,1.8
202210171651,157.0,0.9
202210171721,129.0,0.4
202210171751,118.0,0.4
202210171851,,0.0
202210171921,132.0,0.9
202210171951,155.0,2.2
202210172021,134.0,0.9
202210172051,130.0,0.4
202210172121,90.0,1.3
202210172151,128.0,0.9
202210172221,,0.0
202210172251,118.0,0.4
202210172321,,0.0
202210172351,,0.0
202210180021,130.0,0.9
202210180051,,0.0
202210180121,,0.0
202210180151,,0.0
202210180221,,0.0
202210180251,,0.0
202210180321,,0.0
202210180351,,0.0
202210180421,,0.0
202210180451,,0.0
202210180551,,0.0
202210180621,,0.0
202210180651,,0.0
202210180721,,0.0
202210180751,,0.0
202210180821,,0.0
202210180851,,0.0
202210180921,,0.0
202210180951,,0.0
202210181021,,0.0
202210181051,,0.0
202210181121,,0.0
202210181151,,0.0
202210181221,,0.0
202210181251,,0.0
202210181321,,0.0
202210181351,106.0,0.9
202210181421,81.0,0.4
202210181451,46.0,1.3
202210181521,124.0,0.9
202210181551,126.0,0.9
202210181621,196.0,0.4
202210181651,,0.0
202210181721,123.0,0.4
202210181751,122.0,0.4
202210181821,80.0,1.8
202210181922,251.0,0.9
202210181952,116.0,0.9
202210182022,128.0,0.4
202210182122,167.0,0.9
202210182152,,0.0
202210182222,,0.0
202210182322,,0.0
202210182352,,0.0
202210190022,,0.0
202210190052,,0.0
202210190122,,0.0
202210190152,,0.0
202210190222,,0.0
202210190252,,0.0
202210190322,,0.0
202210190352,,0.0
202210190422,,0.0
202210190452,,0.0
202210190522,,0.0
202210190552,,0.0
202210190622,,0.0
202210190652,,0.0
202210190722,,0.0
202210190752,,0.0
202210190822,,0.0
202210190852,,0.0
202210190922,,0.0
202210190952,,0.0
202210191022,,0.0
202210191052,,0.0
202210191122,,0.0
202210191152,,0.0
202210191222,,0.0
202210191252,,0.0
202210191322,,0.0
202210191352,135.0,0.4
202210191422,126.0,0.4
202210191452,123.0,0.4
202210191522,124.0,0.4
202210191552,99.0,0.4
202210191622,126.0,0.4
202210191652,,0.0
202210191722,119.0,0.4
202210191752,,0.0
202210191822,,0.0
202210191852,112.0,0.9
202210191922,,0.0
202210191952,,0.0
202210192022,122.0,0.4
202210192052,154.0,0.9
202210192122,148.0,0.4
202210192152,165.0,0.9
202210192252,,0.0
202210192322,,0.0
202210192352,,0.0
202210200022,,0.0
202210200052,,0.0
202210200122,,0.0
202210200152,,0.0
202210200222,,0.0
202210200252,,0.0
202210200322,,0.0
202210200352,,0.0
202210200422,,0.0
202210200452,,0.0
202210200522,,0.0
202210200552,,0.0
202210200622,,0.0
202210200652,,0.0
202210200722,,0.0
202210200752,,0.0
202210200852,,0.0
202210200922,,0.0
202210200952,,0.0
202210201022,,0.0
202210201052,,0.0
202210201152,,0.0
202210201222,,0.0
202210201252,,0.0
202210201322,,0.0
202210201352,,0.0
202210201422,,0.0
202210201452,,0.0
202210201522,137.0,1.3
202210201552,,0.0
202210201622,129.0,1.3
202210201652,82.0,0.9
202210201722,77.0,0.9
202210201752,,0.0
202210201822,142.0,1.3
202210201852,115.0,0.4
202210201953,102.0,0.4
202210202023,125.0,0.9
202210202053,176.0,0.9
202210202123,128.0,0.4
202210202153,131.0,0.4
202210202223,,0.0
202210202253,,0.0
202210210023,,0.0
202210210053,,0.0
202210210123,,0.0
202210210153,,0.0
202210210223,,0.0
202210210253,,0.0
202210210323,,0.0
202210210353,,0.0
202210210423,,0.0
202210210453,,0.0
202210210523,,0.0
202210210623,,0.0
202210210653,,0.0
202210210723,,0.0
202210210753,,0.0
202210210823,,0.0
202210210853,,0.0
202210210923,,0.0
202210210953,,0.0
202210211023,,0.0
202210211053,,0.0
202210211123,,0.0
202210211153,,0.0
202210211223,,0.0
202210211253,,0.0
202210211323,,0.0
202210211353,,0.0
202210211423,,0.0
202210211453,120.0,0.4
202210211523,,0.0
202210211553,,0.0
202210211623,113.0,0.4
202210211653,97.0,0.4
202210211723,99.0,1.3
202210211753,,0.0
202210211823,17.0,0.9
202210211853,128.0,0.4
202210211923,,0.0
202210211953,132.0,1.8
202210212023,,0.0
202210212053,,0.0
202210212123,141.0,0.4
202210212153,131.0,0.4
202210212253,,0.0
202210212323,,0.0
202210212353,,0.0
202210220023,,0.0
202210220053,,0.0
202210220123,,0.0
202210220153,,0.0
202210220223,,0.0
202210220323,,0.0
202210220353,,0.0
202210220423,,0.0
202210220453,,0.0
202210220523,,0.0
202210220553,,0.0
202210220623,,0.0
202210220653,,0.0
202210220753,,0.0
202210220823,,0.0
202210220853,,0.0
202210220953,,0.0
202210221054,,0.0
202210221124,,0.0
202210221154,,0.0
202210221224,,0.0
202210221254,,0.0
202210221324,,0.0
202210221354,,0.0
202210221424,,0.0
202210221454,,0.0
202210221524,117.0,0.4
202210221554,118.0,0.4
202210221624,,0.0
202210221654,142.0,0.4
202210221754,103.0,0.4
202210221824,118.0,0.4
202210221854,,0.0
202210221924,133.0,0.4
202210221954,143.0,0.4
202210222024,,0.0
202210222054,,0.0
202210222124,,0.0
202210222154,153.0,0.4
202210222224,,0.0
202210222254,,0.0
202210222324,,0.0
202210222354,,0.0
202210230024,,0.0
202210230054,,0.0
202210230124,,0.0
202210230154,,0.0
202210230224,,0.0
202210230254,,0.0
202210230324,,0.0
202210230354,,0.0
202210230424,,0.0
202210230454,,0.0
202210230524,,0.0
202210230554,,0.0
202210230624,,0.0
202210230654,,0.0
202210230724,,0.0
202210230754,,0.0
202210230824,,0.0
202210230854,,0.0
202210230924,,0.0
202210230954,,0.0
202210231024,,0.0
202210231054,,0.0
202210231124,,0.0
202210231154,,0.0
202210231224,,0.0
202210231254,,0.0
202210231324,,0.0
202210231354,,0.0
202210231424,,0.0
202210231454,,0.0
202210231524,,0.0
202210231554,,0.0
202210231624,,0.0
202210231654,,0.0
202210231754,112.0,0.4
202210231824,134.0,0.4
202210231854,,0.0
202210231924,136.0,0.9
202210231954,117.0,0.4
202210232024,,0.0
202210232054,,0.0
202210232124,,0.0
202210232154,,0.0
202210232224,,0.0
202210232254,,0.0
202210232324,162.0,0.4
202210232354,,0.0
202210240024,142.0,0.4
202210240054,,0.0
202210240124,,0.0
202210240154,,0.0
202210240224,,0.0
202210240254,,0.0
202210240324,,0.0
202210240354,,0.0
202210240424,,0.0
202210240454,,0.0
202210240524,,0.0
202210240554,,0.0
202210240624,,0.0
202210240654,,0.0
202210240724,,0.0
202210240754,,0.0
202210240855,,0.0
202210240925,,0.0
202210240955,,0.0
202210241025,,0.0
202210241055,,0.0
202210241125,,0.0
202210241155,,0.0
202210241225,,0.0
202210241255,,0.0
202210241325,,0.0
202210241355,,0.0
202210241425,120.0,0.4
202210241455,,0.0
202210241555,116.0,0.4
202210241625,67.0,0.9
202210241655,126.0,0.4
202210241725,,0.0
202210241755,349.0,0.9
202210241825,146.0,0.4
202210241855,132.0,0.4
202210241925,64.0,0.9
202210241955,118.0,0.4
202210242025,77.0,0.4
202210242055,101.0,0.9
202210242125,124.0,0.4
202210242155,,0.0
202210242225,,0.0
202210242255,,0.0
202210242325,,0.0
202210242355,,0.0
202210250025,,0.0
202210250055,,0.0
202210250125,,0.0
202210250155,,0.0
202210250225,,0.0
202210250255,,0.0
202210250325,,0.0
202210250355,,0.0
202210250425,,0.0
202210250455,,0.0
202210250525,,0.0
202210250555,,0.0
202210250625,,0.0
202210250655,,0.0
202210250725,,0.0
202210250755,,0.0
202210250825,,0.0
202210250855,117.0,0.4
202210250925,,0.0
202210250955,,0.0
202210251025,,0.0
202210251055,,0.0
202210251125,,0.0
202210251155,,0.0
202210251225,117.0,0.4
202210251255,,0.0
202210251325,,0.0
202210251355,,0.0
202210251425,,0.0
202210251455,90.0,0.4
202210251525,99.0,0.9
202210251555,105.0,0.4
202210251625,,0.0
202210251655,102.0,0.4
202210251725,128.0,0.4
202210251755,125.0,0.4
202210251825,58.0,1.3
202210251855,74.0,0.9
202210251925,44.0,0.9
202210251955,69.0,0.9
202210252025,,0.0
202210252055,112.0,0.4
202210252155,,0.0
202210252225,,0.0
202210252255,120.0,0.4
202210252325,150.0,0.4
202210252355,,0.0
202210260025,,0.0
202210260055,,0.0
202210260125,129.0,0.9
202210260155,130.0,0.4
202210260225,119.0,1.3
202210260255,,0.0
202210260325,121.0,0.4
202210260355,,0.0
202210260425,,0.0
202210260455,,0.0
202210260525,,0.0
202210260555,,0.0
202210260625,,0.0
202210260655,124.0,1.3
202210260725,123.0,1.3
202210260755,126.0,1.3
202210260825,,0.0
202210260855,,0.0
202210260925,,0.0
202210260955,,0.0
202210261025,,0.0
202210261055,,0.0
202210261125,,0.0
202210261155,,0.0
202210261226,,0.0
202210261325,,0.0
202210261356,124.0,0.4
202210261426,139.0,0.9
202210261456,111.0,0.4
202210261526,,0.0
202210261556,,0.0
202210261626,134.0,0.4
202210261726,,0.0
202210261756,109.0,0.4
202210261826,115.0,0.4
202210261856,193.0,0.9
202210261926,292.0,1.8
202210261956,178.0,0.9
202210262026,,0.0
202210262056,146.0,0.4
202210262126,102.0,0.4
202210262156,140.0,0.4
202210262226,,0.0
202210262256,,0.0
202210262326,,0.0
202210262356,,0.0
202210270056,,0.0
202210270156,,0.0
202210270226,,0.0
202210270256,,0.0
202210270326,,0.0
202210270426,,0.0
202210270456,,0.0
202210270526,,0.0
202210270556,,0.0
202210270626,,0.0
202210270656,,0.0
202210270726,,0.0
202210270756,,0.0
202210270826,,0.0
202210270856,,0.0
202210270926,,0.0
202210271026,,0.0
202210271056,,0.0
202210271126,,0.0
202210271156,,0.0
202210271226,,0.0
202210271256,,0.0
202210271326,,0.0
202210271426,159.0,0.4
202210271456,,0.0
202210271526,,0.0
202210271556,121.0,0.4
202210271626,,0.0
202210271656,164.0,0.9
202210271726,151.0,0.4
202210271756,135.0,0.4
202210271826,,0.0
202210271856,170.0,0.4
202210271926,178.0,1.3
202210271956,,0.0
202210272026,105.0,0.4
202210272056,,0.0
202210272126,,0.0
202210272156,,0.0
202210272226,,0.0
202210272256,,0.0
202210272326,,0.0
202210272356,,0.0
202210280026,155.0,0.4
202210280056,,0.0
202210280156,,0.0
202210280226,,0.0
202210280256,,0.0
202210280326,,0.0
202210280356,,0.0
202210280427,,0.0
202210280457,,0.0
202210280527,,0.0
202210280557,,0.0
202210280627,,0.0
202210280657,,0.0
202210280727,,0.0
202210280757,,0.0
202210280827,,0.0
202210280857,,0.0
202210280927,,0.0
202210280957,,0.0
202210281027,,0.0
202210281057,,0.0
202210281127,,0.0
202210281157,,0.0
202210281257,,0.0
202210281327,,0.0
202210281357,,0.0
202210281427,,0.0
202210281457,,0.0
202210281527,,0.0
202210281557,,0.0
202210281627,99.0,0.9
202210281657,126.0,0.4
202210281727,254.0,1.8
202210281757,65.0,1.3
202210281827,128.0,0.4
202210281857,189.0,1.3
202210281927,291.0,1.3
202210281957,,0.0
202210282027,152.0,0.4
202210282057,146.0,0.4
202210282127,,0.0
202210282157,,0.0
202210282227,142.0,0.4
202210282257,,0.0
202210282327,,0.0
202210282357,,0.0
202210290027,,0.0
202210290057,,0.0
202210290127,,0.0
202210290157,,0.0
202210290227,,0.0
202210290257,,0.0
202210290327,,0.0
202210290357,,0.0
202210290427,,0.0
202210290457,,0.0
202210290527,,0.0
202210290557,,0.0
202210290627,,0.0
202210290657,,0.0
202210290727,,0.0
202210290757,,0.0
202210290827,,0.0
202210290857,,0.0
202210290927,,0.0
202210290957,122.0,0.4
202210291027,,0.0
202210291057,,0.0
202210291127,,0.0
202210291157,,0.0
202210291227,134.0,0.4
202210291257,,0.0
202210291327,,0.0
202210291357,60.0,0.4
202210291427,124.0,1.3
202210291457,273.0,0.9
202210291527,304.0,0.9
202210291557,58.0,1.3
202210291627,129.0,0.9
202210291657,136.0,0.4
202210291727,91.0,1.3
202210291757,110.0,0.4
202210291827,,0.0
202210291857,,0.0
202210291927,,0.0
202210291957,,0.0
202210292027,,0.0
202210292057,,0.0
202210292127,144.0,0.4
202210292157,133.0,0.4
202210292227,,0.0
202210292257,,0.0
202210292327,,0.0
202210300027,97.0,0.9
202210300057,,0.0
202210300127,126.0,0.4
202210300157,,0.0
202210300227,,0.0
202210300257,,0.0
202210300327,135.0,0.4
202210300357,,0.0
202210300427,,0.0
202210300457,,0.0
202210300527,,0.0
202210300557,,0.0
202210300627,,0.0
202210300657,,0.0
202210300727,118.0,0.4
202210300757,162.0,0.4
202210300827,118.0,0.4
202210300858,,0.0
202210300928,,0.0
202210300958,102.0,0.9
202210301028,,0.0
202210301058,,0.0
202210301128,93.0,0.4
202210301158,131.0,0.4
202210301228,132.0,0.4
202210301258,,0.0
202210301358,,0.0
202210301428,,0.0
202210301458,,0.0
202210301528,111.0,0.4
202210301558,,0.0
202210301628,,0.0
202210301658,,0.0
202210301728,,0.0
202210301758,,0.0
202210301828,,0.0
202210301858,108.0,0.4
202210301928,,0.0
202210301958,50.0,1.3
202210302028,,0.0
202210302058,,0.0
202210302128,,0.0
202210302158,,0.0
202210302228,,0.0
202210302258,,0.0
202210302328,,0.0
202210302358,136.0,0.4
202210310028,,0.0
202210310058,,0.0
202210310158,,0.0
202210310228,,0.0
202210310258,,0.0
202210310328,,0.0
202210310358,,0.0
202210310428,,0.0
202210310458,,0.0
202210310528,,0.0
202210310558,,0.0
202210310628,,0.0
202210310658,,0.0
202210310728,,0.0
202210310758,,0.0
202210310828,,0.0
202210310858,,0.0
202210310928,,0.0
202210310958,,0.0
202210311028,,0.0
202210311058,,0.0
202210311128,,0.0
202210311158,,0.0
202210311228,,0.0
202210311258,,0.0
202210311328,,0.0
202210311358,,0.0
202210311428,,0.0
202210311458,,0.0
202210311528,,0.0
202210311558,117.0,0.4
202210311628,,0.0
202210311658,,0.0
202210311728,112.0,0.9
202210311758,104.0,0.9
202210311828,140.0,0.9
202210311858,,0.0
202210311928,120.0,0.4
202210311958,118.0,0.4
202210312028,,0.0
202210312128,,0.0
202210312158,,0.0
202210312228,,0.0
202210312258,,0.0
202210312328,,0.0
202210312358,,0.0
202211010028,,0.0
202211010058,,0.0
202211010128,,0.0
202211010158,,0.0
202211010228,,0.0
202211010258,,0.0
202211010328,,0.0
202211010358,,0.0
202211010428,,0.0
202211010458,,0.0
202211010528,,0.0
202211010558,,0.0
202211010628,,0.0
202211010658,,0.0
202211010728,,0.0
202211010758,,0.0
202211010828,,0.0
202211010858,,0.0
202211010928,,0.0
202211010958,,0.0
202211011028,,0.0
202211011058,,0.0
202211011128,,0.0
202211011158,,0.0
202211011228,,0.0
202211011258,,0.0
202211011328,,0.0
202211011358,,0.0
202211011428,,0.0
202211011458,,0.0
202211011528,,0.0
202211011558,,0.0
202211011629,121.0,0.9
202211011658,,0.0
202211011729,144.0,0.4
202211011759,,0.0
202211011829,106.0,0.9
202211011859,181.0,0.4
202211011929,106.0,0.4
202211011959,,0.0
202211012029,,0.0
202211012059,115.0,0.4
202211012129,,0.0
202211012159,,0.0
202211012229,,0.0
202211012259,,0.0
202211012329,,0.0
202211012359,,0.0
202211020029,,0.0
202211020059,,0.0
202211020129,,0.0
202211020159,,0.0
202211020229,,0.0
202211020259,,0.0
202211020329,,0.0
202211020359,,0.0
202211020429,,0.0
202211020459,,0.0
202211020529,,0.0
202211020559,,0.0
202211020629,,0.0
202211020659,,0.0
202211020729,166.0,0.4
202211020759,,0.0
202211020829,,0.0
202211020859,,0.0
202211020929,,0.0
202211020959,,0.0
202211021029,,0.0
202211021059,,0.0
202211021129,,0.0
202211021159,,0.0
202211021229,,0.0
202211021259,,0.0
202211021329,,0.0
202211021359,,0.0
202211021429,,0.0
202211021459,,0.0
202211021529,,0.0
202211021559,,0.0
202211021629,131.0,0.4
202211021659,120.0,0.4
202211021729,128.0,0.4
202211021759,,0.0
202211021829,146.0,0.4
202211021859,,0.0
202211021929,131.0,0.4
202211021959,,0.0
202211022029,,0.0
202211022059,,0.0
202211022129,,0.0
202211022159,,0.0
202211022229,,0.0
202211022329,,0.0
202211022359,,0.0
202211030029,,0.0
202211030059,,0.0
202211030129,,0.0
202211030159,,0.0
202211030229,,0.0
202211030259,,0.0
202211030329,132.0,0.4
202211030359,,0.0
202211030429,,0.0
202211030459,,0.0
202211030529,,0.0
202211030559,,0.0
202211030629,,0.0
202211030659,,0.0
202211030729,,0.0
202211030759,,0.0
202211030829,,0.0
202211030900,,0.0
202211030930,,0.0
202211031000,,0.0
202211031030,,0.0
202211031100,,0.0
202211031130,,0.0
202211031200,,0.0
202211031230,,0.0
202211031300,,0.0
202211031330,,0.0
202211031400,,0.0
202211031430,,0.0
202211031500,,0.0
202211031530,109.0,0.4
202211031600,,0.0
202211031630,54.0,0.4
202211031700,127.0,0.4
202211031730,107.0,0.4
202211031800,136.0,0.4
202211031830,102.0,0.4
202211031900,93.0,0.4
202211031930,72.0,0.9
202211032000,142.0,0.4
202211032030,112.0,0.4
202211032100,118.0,0.4
202211032130,,0.0
202211032200,,0.0
202211032230,,0.0
202211032300,,0.0
202211032330,,0.0
202211040000,,0.0
202211040030,,0.0
202211040100,,0.0
202211040130,,0.0
202211040200,,0.0
202211040230,,0.0
202211040300,,0.0
202211040330,,0.0
202211040400,,0.0
202211040430,,0.0
202211040500,,0.0
202211040530,,0.0
202211040600,,0.0
202211040630,,0.0
202211040700,,0.0
202211040730,,0.0
202211040800,,0.0
202211040830,,0.0
202211040900,,0.0
202211040930,,0.0
202211041000,,0.0
202211041030,,0.0
202211041100,,0.0
202211041130,,0.0
202211041200,,0.0
202211041230,,0.0
202211041330,,0.0
202211041400,111.0,0.4
202211041430,,0.0
202211041500,22.0,3.1
202211041530,105.0,0.4
202211041600,53.0,0.9
202211041700,237.0,0.9
202211041730,210.0,0.4
202211041800,172.0,0.9
202211041830,100.0,0.9
202211041900,150.0,0.9
202211041930,108.0,1.8
202211042000,89.0,0.4
202211042030,111.0,0.9
202211042100,,0.0
202211042200,,0.0
202211042230,,0.0
202211042300,,0.0
202211042330,,0.0
202211050000,,0.0
202211050030,,0.0
202211050100,,0.0
202211050300,,0.0
202211050330,,0.0
202211050401,,0.0
202211050431,100.0,0.4
202211050501,,0.0
202211050531,,0.0
202211050601,,0.0
202211050631,,0.0
202211050701,,0.0
202211050731,,0.0
202211050801,,0.0
202211050831,,0.0
202211050901,,0.0
202211050931,,0.0
202211051001,,0.0
202211051031,63.0,0.9
202211051101,,0.0
202211051131,106.0,0.4
202211051201,121.0,0.4
202211051231,,0.0
202211051301,88.0,0.4
202211051331,119.0,0.4
202211051401,126.0,0.4
202211051431,,0.0
202211051501,,0.0
202211051531,100.0,0.9
202211051601,,0.0
202211051631,,0.0
202211051701,,0.0
202211051731,,0.0
202211051801,95.0,0.9
202211051831,103.0,0.4
202211051901,98.0,0.4
202211051931,94.0,0.9
202211052001,,0.0
202211052031,112.0,0.9
202211052101,,0.0
202211052131,,0.0
202211052201,103.0,0.4
202211052231,,0.0
202211052301,,0.0
202211052331,,0.0
202211060001,,0.0
202211060031,,0.0
202211060101,,0.0
202211060131,,0.0
202211060201,,0.0
202211060231,,0.0
202211060301,,0.0
202211060331,,0.0
202211060401,,0.0
202211060431,,0.0
202211060501,,0.0
202211060531,,0.0
202211060601,,0.0
202211060701,,0.0
202211060731,,0.0
202211060801,,0.0
202211060831,,0.0
202211060901,,0.0
202211060931,,0.0
202211061001,,0.0
202211061031,,0.0
202211061101,,0.0
202211061131,,0.0
202211061201,,0.0
202211061231,,0.0
202211061301,,0.0
202211061331,,0.0
202211061401,,0.0
202211061431,,0.0
202211061501,,0.0
202211061531,100.0,0.9
202211061601,,0.0
202211061631,,0.0
202211061701,,0.0
202211061731,,0.0
202211061801,,0.0
202211061831,48.0,1.3
202211061901,80.0,0.4
202211061931,89.0,0.9
202211062001,108.0,0.4
202211062031,,0.0
202211062101,107.0,0.9
202211062131,,0.0
202211062201,,0.0
202211062231,,0.0
202211062301,,0.0
202211062331,,0.0
202211070001,,0.0
202211070031,,0.0
202211070101,,0.0
202211070131,,0.0
202211070231,,0.0
202211070301,,0.0
202211070331,,0.0
202211070401,,0.0
202211070431,,0.0
202211070501,,0.0
202211070532,,0.0
202211070602,,0.0
202211070632,,0.0
202211070702,,0.0
202211070732,,0.0
202211070802,,0.0
202211070832,,0.0
202211070902,,0.0
202211070932,,0.0
202211071002,,0.0
202211071032,,0.0
202211071102,,0.0
202211071132,,0.0
202211071202,,0.0
202211071232,,0.0
202211071302,,0.0
202211071332,,0.0
202211071402,,0.0
202211071432,92.0,0.4
202211071502,,0.0
202211071532,,0.0
202211071602,96.0,0.4
202211071632,81.0,0.9
202211071702,,0.0
202211071732,103.0,0.9
202211071802,6.0,1.3
202211071832,114.0,0.4
202211071902,111.0,0.4
202211071932,121.0,0.4
202211072002,,0.0
202211072032,141.0,0.9
202211072132,,0.0
202211072202,158.0,0.9
202211072232,132.0,0.4
202211072332,,0.0
202211080002,,0.0
202211080032,,0.0
202211080102,125.0,0.4
202211080132,137.0,0.4
202211080202,,0.0
202211080232,,0.0
202211080302,,0.0
202211080332,,0.0
202211080402,137.0,0.4
202211080432,,0.0
202211080502,,0.0
202211080532,,0.0
202211080602,,0.0
202211080632,,0.0
202211080732,,0.0
202211080802,,0.0
202211080832,,0.0
202211080902,,0.0
202211080932,,0.0
202211081032,,0.0
202211081102,,0.0
202211081132,,0.0
202211081202,,0.0
202211081232,,0.0
202211081302,,0.0
202211081332,,0.0
202211081402,136.0,0.4
202211081432,108.0,0.4
202211081502,,0.0
202211081532,225.0,0.4
202211081602,,0.0
202211081632,,0.0
202211081702,139.0,0.4
202211081732,91.0,0.4
202211081802,171.0,1.8
202211081832,,0.0
202211081902,126.0,0.4
202211081932,157.0,0.4
202211082002,133.0,0.4
202211082033,145.0,0.4
202211082103,133.0,0.4
202211082133,,0.0
202211082203,137.0,0.4
202211082233,,0.0
202211082303,,0.0
202211082333,,0.0
202211090003,,0.0
202211090033,,0.0
202211090103,,0.0
202211090133,,0.0
202211090203,,0.0
202211090233,,0.0
202211090303,,0.0
202211090403,,0.0
202211090433,,0.0
202211090503,,0.0
202211090533,,0.0
202211090633,,0.0
202211090703,,0.0
202211090733,,0.0
202211090803,133.0,0.9
202211090833,,0.0
202211090903,,0.0
202211090933,,0.0
202211091003,,0.0
202211091033,,0.0
202211091103,,0.0
202211091133,,0.0
202211091203,,0.0
202211091233,,0.0
202211091303,,0.0
202211091333,,0.0
202211091403,245.0,0.4
202211091433,328.0,0.9
202211091503,150.0,0.9
202211091533,,0.0
202211091603,,0.0
202211091633,69.0,1.8
202211091703,,0.0
202211091733,41.0,1.8
202211091803,160.0,1.3
202211091833,,0.0
202211091903,41.0,0.4
202211091933,115.0,0.4
202211092003,126.0,0.4
202211092033,,0.0
202211092103,136.0,0.4
202211092133,,0.0
202211092203,,0.0
202211092233,,0.0
202211092303,,0.0
202211092333,,0.0
202211100003,,0.0
202211100033,148.0,0.4
202211100103,133.0,0.4
202211100133,141.0,0.4
202211100203,,0.0
202211100233,138.0,0.4
202211100303,,0.0
202211100333,,0.0
202211100403,,0.0
202211100433,,0.0
202211100503,,0.0
202211100533,,0.0
202211100603,,0.0
202211100633,,0.0
202211100703,,0.0
202211100733,,0.0
202211100803,,0.0
202211100833,,0.0
202211100903,,0.0
202211100933,,0.0
202211101003,,0.0
202211101033,,0.0
202211101103,,0.0
202211101133,,0.0
202211101203,,0.0
202211101303,,0.0
202211101333,137.0,0.4
202211101403,90.0,0.9
202211101433,126.0,0.9
202211101503,147.0,1.3
202211101533,266.0,1.3
202211101603,140.0,0.4
202211101633,83.0,0.9
202211101703,15.0,3.1
202211101733,33.0,0.9
202211101803,198.0,1.3
202211101833,146.0,0.4
202211101903,250.0,0.9
202211101934,272.0,1.3
202211102034,21.0,0.4
202211102104,156.0,0.4
202211102134,250.0,0.4
202211102204,,0.0
202211102234,,0.0
202211102304,,0.0
202211102334,180.0,0.9
202211110004,148.0,0.4
202211110034,189.0,0.4
202211110104,,0.0
202211110134,154.0,0.4
202211110204,154.0,0.4
202211110234,,0.0
202211110304,188.0,0.4
202211110334,254.0,0.9
202211110404,,0.0
202211110434,,0.0
202211110504,,0.0
202211110534,,0.0
202211110604,206.0,0.4
202211110634,,0.0
202211110704,161.0,0.4
202211110734,,0.0
202211110804,,0.0
202211110834,230.0,0.4
202211110904,152.0,0.4
202211110934,,0.0
202211111004,,0.0
202211111034,170.0,0.4
202211111104,,0.0
202211111134,,0.0
202211111204,,0.0
202211111234,172.0,0.4
202211111304,158.0,0.4
202211111404,138.0,0.4
202211111434,140.0,0.4
202211111504,155.0,1.8
202211111534,140.0,0.4
202211111604,167.0,2.2
202211111634,130.0,1.8
202211111704,139.0,0.4
202211111734,141.0,1.3
202211111804,,0.0
202211111834,151.0,0.4
202211111904,205.0,0.4
202211111934,185.0,0.9
202211112004,166.0,1.3
202211112204,,0.0
202211112234,140.0,0.4
202211112304,,0.0
202211112334,,0.0
202211120004,,0.0
202211120034,,0.0
202211120104,,0.0
202211120134,,0.0
202211120204,,0.0
202211120234,,0.0
202211120304,,0.0
202211120334,,0.0
202211120404,,0.0
202211120434,,0.0
202211120504,,0.0
202211120534,,0.0
202211120604,,0.0
202211120634,,0.0
202211120704,,0.0
202211120734,,0.0
202211120804,,0.0
202211120834,,0.0
202211120904,,0.0
202211120934,,0.0
202211121004,,0.0
202211121034,,0.0
202211121104,,0.0
202211121134,149.0,1.3
202211121204,112.0,0.4
202211121235,,0.0
202211121305,175.0,0.4
202211121335,191.0,0.4
202211121405,146.0,0.9
202211121435,214.0,1.3
202211121505,147.0,0.4
202211121535,122.0,0.4
202211121605,91.0,0.9
202211121635,176.0,1.3
202211121705,133.0,0.9
202211121735,157.0,0.9
202211121805,145.0,0.4
202211121835,131.0,0.4
202211121905,161.0,0.9
202211121935,,0.0
202211122005,,0.0
202211122035,152.0,0.9
202211122105,177.0,2.2
202211122135,130.0,0.9
202211122205,184.0,0.9
202211122235,146.0,0.4
202211122335,,0.0
202211130005,166.0,0.4
202211130035,151.0,0.4
202211130105,,0.0
202211130135,251.0,0.4
202211130205,145.0,3.1
202211130235,142.0,0.4
202211130305,110.0,1.3
202211130335,,0.0
202211130405,,0.0
202211130435,86.0,0.9
202211130505,202.0,1.3
202211130535,126.0,0.9
202211130605,132.0,0.4
202211130635,170.0,0.9
202211130705,261.0,1.8
202211130735,244.0,1.3
202211130805,238.0,1.3
202211130835,84.0,0.9
202211130905,202.0,0.9
202211130935,168.0,0.9
202211131035,149.0,0.4
202211131105,253.0,0.9
202211131135,214.0,1.3
202211131205,173.0,1.3
202211131235,,0.0
202211131305,253.0,1.3
202211131335,173.0,1.3
202211131405,142.0,0.4
202211131435,214.0,1.3
202211131505,144.0,0.4
202211131535,340.0,1.8
202211131605,121.0,0.9
202211131635,265.0,2.2
202211131705,245.0,1.3
202211131735,31.0,1.3
202211131805,118.0,0.4
202211131835,76.0,0.9
202211131905,,0.0
202211131935,310.0,1.8
202211132005,,0.0
202211132035,228.0,1.8
202211132105,162.0,0.9
202211132135,151.0,0.4
202211132205,231.0,1.3
202211132235,191.0,0.4
202211132305,,0.0
202211132335,,0.0
202211140005,158.0,0.4
202211140035,157.0,0.4
202211140105,78.0,0.4
202211140136,192.0,0.4
202211140206,199.0,0.4
202211140235,196.0,0.4
202211140306,,0.0
202211140336,,0.0
202211140406,,0.0
202211140436,,0.0
202211140536,,0.0
202211140606,,0.0
202211140636,,0.0
202211140706,,0.0
202211140736,,0.0
202211140806,,0.0
202211140836,,0.0
202211140906,,0.0
202211141006,,0.0
202211141036,,0.0
202211141106,,0.0
202211141136,,0.0
202211141206,,0.0
202211141236,,0.0
202211141306,,0.0
202211141336,,0.0
202211141406,,0.0
202211141436,154.0,0.4
202211141506,294.0,1.8
202211141606,122.0,0.4
202211141636,,0.0
202211141706,46.0,1.3
202211141736,128.0,0.4
202211141806,36.0,0.9
202211141836,114.0,0.4
202211141906,57.0,0.9
202211141936,,0.0
202211142006,140.0,0.4
202211142036,130.0,0.4
202211142106,,0.0
202211142136,119.0,0.4
202211142206,76.0,0.4
202211142236,,0.0
202211142306,,0.0
202211142336,,0.0
202211150006,,0.0
202211150036,138.0,0.4
202211150106,,0.0
202211150136,158.0,0.4
202211150236,,0.0
202211150306,,0.0
202211150336,,0.0
202211150406,,0.0
202211150436,,0.0
202211150506,153.0,0.4
202211150536,,0.0
202211150606,,0.0
202211150636,,0.0
202211150706,,0.0
202211150736,,0.0
202211150806,154.0,0.4
202211150836,,0.0
202211150906,185.0,0.9
202211150936,,0.0
202211151006,165.0,0.4
202211151036,181.0,0.4
202211151106,138.0,0.4
202211151136,,0.0
202211151206,,0.0
202211151236,148.0,0.4
202211151306,,0.0
202211151336,,0.0
202211151406,138.0,0.4
202211151436,,0.0
202211151506,,0.0
202211151536,,0.0
202211151606,,0.0
202211151636,,0.0
202211151706,,0.0
202211151736,,0.0
202211151836,148.0,0.4
202211151906,147.0,0.4
202211151936,,0.0
202211152006,,0.0
202211152036,142.0,0.4
202211152106,168.0,0.4
202211152136,234.0,0.9
202211152206,158.0,0.9
202211152236,159.0,0.9
202211152306,161.0,1.3
202211152336,,0.0
202211160006,157.0,0.4
202211160036,153.0,0.9
202211160106,198.0,1.3
202211160136,108.0,0.9
202211160206,165.0,0.9
202211160236,167.0,0.4
202211160307,148.0,0.4
202211160337,,0.0
202211160407,137.0,1.8
202211160437,230.0,1.8
202211160537,140.0,1.3
202211160607,147.0,0.4
202211160637,,0.0
202211160707,,0.0
202211160737,177.0,0.9
202211160807,158.0,0.4
202211160837,,0.0
202211160907,,0.0
202211160937,150.0,0.4
202211161007,238.0,1.3
202211161037,165.0,0.9
202211161107,150.0,0.4
202211161137,190.0,1.3
202211161207,,0.0
202211161307,,0.0
202211161337,,0.0
202211161407,186.0,0.9
202211161437,164.0,0.4
202211161507,269.0,0.9
202211161537,132.0,1.3
202211161607,137.0,0.4
202211161637,186.0,1.8
202211161707,122.0,1.3
202211161737,147.0,0.9
202211161807,254.0,1.8
202211161837,167.0,1.8
202211161907,,0.0
202211161937,129.0,1.3
202211162007,237.0,0.9
202211162037,166.0,1.8
202211162107,110.0,0.9
202211162137,133.0,0.4
202211162207,141.0,0.4
202211162237,149.0,0.4
202211162307,123.0,0.4
202211162337,,0.0
202211170007,,0.0
202211170037,,0.0
202211170107,,0.0
202211170137,,0.0
202211170207,,0.0
202211170237,,0.0
202211170307,,0.0
202211170337,,0.0
202211170407,,0.0
202211170437,,0.0
202211170507,,0.0
202211170607,,0.0
202211170637,,0.0
202211170707,,0.0
202211170737,,0.0
202211170807,,0.0
202211170837,,0.0
202211170907,,0.0
202211170937,,0.0
202211171007,,0.0
202211171037,,0.0
202211171107,,0.0
202211171137,,0.0
202211171207,,0.0
202211171237,,0.0
202211171307,,0.0
202211171337,,0.0
202211171407,139.0,0.4
202211171437,131.0,0.9
202211171507,208.0,1.3
202211171537,176.0,1.3
202211171607,110.0,0.4
202211171637,155.0,1.3
202211171707,284.0,1.8
202211171737,128.0,0.4
202211171807,145.0,2.2
202211171837,,0.0
202211171907,257.0,0.4
202211171937,178.0,0.9
202211172007,121.0,1.3
202211172037,148.0,1.3
202211172107,116.0,1.8
202211172137,162.0,0.9
202211172207,101.0,0.4
202211172237,,0.0
202211172307,,0.0
202211172337,,0.0
202211180007,,0.0
202211180037,,0.0
202211180107,,0.0
202211180138,,0.0
202211180208,,0.0
202211180238,,0.0
202211180308,,0.0
202211180338,,0.0
202211180408,,0.0
202211180438,,0.0
202211180508,,0.0
202211180608,,0.0
202211180638,,0.0
202211180708,,0.0
202211180738,,0.0
202211180908,,0.0
202211180938,,0.0
202211181008,,0.0
202211181038,,0.0
202211181108,,0.0
202211181138,,0.0
202211181208,,0.0
202211181238,,0.0
202211181308,,0.0
202211181338,,0.0
202211181408,,0.0
202211181438,,0.0
202211181508,,0.0
202211181538,,0.0
202211181608,,0.0
202211181638,155.0,0.9
202211181708,,0.0
202211181738,152.0,0.4
202211181808,130.0,0.4
202211181838,83.0,0.4
202211181908,105.0,1.3
202211181938,157.0,1.3
202211182008,86.0,1.8
202211182038,,0.0
202211182108,133.0,0.4
202211182138,146.0,0.4
202211182208,,0.0
202211182238,,0.0
202211182308,,0.0
202211182338,,0.0
202211190008,,0.0
202211190038,,0.0
202211190108,,0.0
202211190138,,0.0
202211190208,,0.0
202211190308,,0.0
202211190338,,0.0
202211190408,,0.0
202211190438,,0.0
202211190508,,0.0
202211190538,,0.0
202211190608,,0.0
202211190638,,0.0
202211190708,,0.0
202211190738,,0.0
202211190808,,0.0
202211190838,,0.0
202211190908,,0.0
202211190938,,0.0
202211191008,,0.0
202211191038,,0.0
202211191108,,0.0
202211191138,,0.0
202211191208,,0.0
202211191308,,0.0
202211191338,,0.0
202211191508,196.0,0.9
202211191538,,0.0
202211191608,84.0,0.4
202211191638,,0.0
202211191708,98.0,0.9
202211191738,70.0,1.3
202211191808,,0.0
202211191838,133.0,0.4
202211191908,98.0,0.4
202211191938,134.0,1.3
202211192008,,0.0
202211192038,135.0,0.4
202211192108,,0.0
202211192138,131.0,0.4
202211192208,147.0,0.4
202211192238,146.0,0.4
202211192308,,0.0
202211192338,,0.0
202211200009,,0.0
202211200039,,0.0
202211200109,,0.0
202211200139,,0.0
202211200209,,0.0
202211200239,,0.0
202211200309,,0.0
202211200339,,0.0
202211200409,,0.0
202211200509,,0.0
202211200539,,0.0
202211200609,,0.0
202211200709,,0.0
202211200739,,0.0
202211200809,,0.0
202211200839,,0.0
202211200909,,0.0
202211200939,,0.0
202211201009,,0.0
202211201039,,0.0
202211201109,,0.0
202211201139,,0.0
202211201209,,0.0
202211201239,,0.0
202211201309,,0.0
202211201339,,0.0
202211201409,,0.0
202211201439,,0.0
202211201509,270.0,1.3
202211201539,163.0,1.3
202211201609,220.0,1.3
202211201709,140.0,0.4
202211201739,152.0,0.9
202211201809,,0.0
202211201839,268.0,1.8
202211201909,191.0,1.3
202211201939,179.0,0.9
202211202009,93.0,1.3
202211202039,147.0,0.4
202211202109,118.0,0.4
202211202139,,0.0
202211202209,,0.0
202211202239,,0.0
202211202309,,0.0
202211202339,,0.0
202211210009,,0.0
202211210039,,0.0
202211210109,,0.0
202211210139,,0.0
202211210209,,0.0
202211210239,153.0,0.4
202211210309,,0.0
202211210339,,0.0
202211210409,,0.0
202211210439,,0.0
202211210509,,0.0
202211210539,,0.0
202211210609,,0.0
202211210639,,0.0
202211210709,,0.0
202211210739,,0.0
202211210809,,0.0
202211210839,,0.0
202211210909,,0.0
202211210939,,0.0
202211211009,,0.0
202211211039,,0.0
202211211109,,0.0
202211211139,,0.0
202211211209,,0.0
202211211239,,0.0
202211211309,,0.0
202211211409,117.0,0.4
202211211439,,0.0
202211211509,,0.0
202211211539,,0.0
202211211609,,0.0
202211211639,73.0,0.4
202211211709,,0.0
202211211739,147.0,0.9
202211211809,135.0,0.4
202211211839,186.0,1.3
202211211909,,0.0
202211211939,,0.0
202211212009,,0.0
202211212039,,0.0
202211212109,100.0,0.4
202211212139,,0.0
202211212209,,0.0
202211212239,,0.0
202211212309,,0.0
202211212339,,0.0
202211220010,,0.0
202211220040,,0.0
202211220110,,0.0
202211220140,,0.0
202211220240,,0.0
202211220310,,0.0
202211220410,,0.0
202211220440,,0.0
202211220510,,0.0
202211220540,131.0,0.4
202211220610,,0.0
202211220640,,0.0
202211220710,,0.0
202211220740,,0.0
202211220810,,0.0
202211220840,,0.0
202211220910,141.0,0.4
202211220940,,0.0
202211221010,,0.0
202211221040,,0.0
202211221110,,0.0
202211221140,,0.0
202211221210,,0.0
202211221240,,0.0
202211221310,116.0,0.4
202211221340,124.0,0.4
202211221410,118.0,0.4
202211221440,,0.0
202211221510,130.0,0.9
202211221540,,0.0
202211221610,,0.0
202211221640,117.0,0.4
202211221710,,0.0
202211221740,,0.0
202211221810,124.0,0.9
202211221840,,0.0
202211221910,103.0,0.4
202211221940,107.0,0.4
202211222010,154.0,0.9
202211222040,195.0,0.9
202211222110,,0.0
202211222140,,0.0
202211222210,,0.0
202211222240,,0.0
202211222310,,0.0
202211222340,,0.0
202211230010,,0.0
202211230040,,0.0
202211230110,,0.0
202211230140,,0.0
202211230210,,0.0
202211230240,,0.0
202211230310,,0.0
202211230340,134.0,0.4
202211230410,,0.0
202211230510,,0.0
202211230540,,0.0
202211230610,,0.0
202211230640,,0.0
202211230710,,0.0
202211230810,,0.0
202211230840,,0.0
202211230910,,0.0
202211230940,,0.0
202211231010,,0.0
202211231040,,0.0
202211231110,,0.0
202211231140,,0.0
202211231210,,0.0
202211231240,,0.0
202211231310,,0.0
202211231340,,0.0
202211231410,,0.0
202211231440,,0.0
202211231511,,0.0
202211231541,,0.0
202211231611,,0.0
202211231641,,0.0
202211231711,,0.0
202211231741,93.0,0.4
202211231811,120.0,0.4
202211231841,,0.0
202211231911,98.0,0.4
202211231941,,0.0
202211232011,119.0,0.4
202211232041,129.0,0.4
202211232141,,0.0
202211232211,,0.0
202211232241,,0.0
202211232311,,0.0
202211240011,,0.0
202211240041,,0.0
202211240111,,0.0
202211240141,,0.0
202211240211,,0.0
202211240241,,0.0
202211240311,,0.0
202211240411,,0.0
202211240441,154.0,0.4
202211240511,,0.0
202211240541,,0.0
202211240611,,0.0
202211240641,,0.0
202211240711,,0.0
202211240741,,0.0
202211240811,,0.0
202211240841,142.0,0.4
202211240911,,0.0
202211240941,,0.0
202211241011,,0.0
202211241041,,0.0
202211241111,,0.0
202211241141,,0.0
202211241211,,0.0
202211241241,,0.0
202211241311,,0.0
202211241411,,0.0
202211241441,,0.0
202211241511,,0.0
202211241611,322.0,1.3
202211241641,,0.0
202211241711,142.0,0.4
202211241741,118.0,0.4
202211241811,,0.0
202211241841,116.0,1.3
202211241911,150.0,0.4
202211241941,120.0,1.3
202211242011,122.0,0.4
202211242041,266.0,0.4
202211242111,,0.0
202211242141,278.0,1.3
202211242211,,0.0
202211242241,,0.0
202211242311,115.0,0.9
202211242341,,0.0
202211250011,133.0,0.4
202211250041,,0.0
202211250111,151.0,0.4
202211250141,,0.0
202211250211,,0.0
202211250241,,0.0
202211250311,,0.0
202211250341,,0.0
202211250411,,0.0
202211250441,,0.0
202211250511,,0.0
202211250541,,0.0
202211250611,,0.0
202211250641,,0.0
202211250711,,0.0
202211250741,130.0,0.4
202211250811,,0.0
202211250841,182.0,0.4
202211250911,,0.0
202211250941,,0.0
202211251011,136.0,0.4
202211251041,,0.0
202211251111,,0.0
202211251141,,0.0
202211251211,148.0,0.4
202211251241,207.0,0.9
202211251311,166.0,0.4
202211251342,302.0,0.9
202211251442,267.0,1.3
202211251512,195.0,0.9
202211251542,256.0,2.2
202211251612,142.0,0.4
202211251642,,0.0
202211251712,134.0,0.9
202211251742,83.0,0.9
202211251812,175.0,0.4
202211251842,,0.0
202211251912,191.0,0.9
202211251942,243.0,1.3
202211252012,134.0,0.4
202211252042,140.0,1.3
202211252112,127.0,0.4
202211252142,219.0,1.8
202211252212,167.0,0.4
202211252242,,0.0
202211252312,,0.0
202211260012,,0.0
202211260042,166.0,0.4
202211260112,,0.0
202211260142,,0.0
202211260212,,0.0
202211260242,,0.0
202211260312,,0.0
202211260342,,0.0
202211260412,181.0,0.4
202211260442,168.0,0.4
202211260512,,0.0
202211260542,,0.0
202211260612,,0.0
202211260642,,0.0
202211260712,181.0,0.4
202211260742,184.0,0.4
202211260812,,0.0
202211260842,,0.0
202211260912,,0.0
202211260942,,0.0
202211261012,168.0,0.4
202211261042,,0.0
202211261112,,0.0
202211261142,,0.0
202211261212,,0.0
202211261242,,0.0
202211261312,179.0,0.4
202211261342,,0.0
202211261412,,0.0
202211261512,220.0,0.9
202211261542,74.0,0.9
202211261612,,0.0
202211261642,,0.0
202211261712,,0.0
202211261742,,0.0
202211261812,171.0,0.4
202211261842,124.0,0.9
202211261912,277.0,0.4
202211261942,124.0,0.4
202211262012,,0.0
202211262042,,0.0
202211262112,3.0,0.4
202211262142,,0.0
202211262212,34.0,0.9
202211262242,114.0,0.4
202211262312,93.0,0.4
202211262342,26.0,1.8
202211270012,95.0,0.9
202211270042,,0.0
202211270112,7.0,1.8
202211270142,,0.0
202211270212,157.0,0.4
202211270242,82.0,0.4
202211270312,276.0,1.3
202211270342,,0.0
202211270412,86.0,0.4
202211270442,85.0,0.4
202211270512,,0.0
202211270542,45.0,0.9
202211270612,,0.0
202211270642,100.0,0.4
202211270712,98.0,0.4
202211270742,74.0,0.4
202211270812,,0.0
202211270842,100.0,0.9
202211270912,114.0,0.9
202211270942,128.0,0.9
202211271012,131.0,0.9
202211271042,117.0,1.3
202211271112,103.0,0.9
202211271142,21.0,1.8
202211271212,114.0,2.2
202211271242,128.0,0.4
202211271313,133.0,3.6
202211271343,152.0,1.3
202211271413,162.0,0.4
202211271443,138.0,1.3
202211271513,,0.0
202211271543,127.0,2.2
202211271613,131.0,0.9
202211271643,136.0,1.3
202211271713,124.0,2.7
202211271743,113.0,2.7
202211271813,114.0,1.8
202211271843,140.0,2.2
202211271913,126.0,0.9
202211271943,117.0,1.3
202211272013,77.0,1.3
202211272043,160.0,3.1
202211272113,103.0,1.8
202211272213,119.0,1.3
202211272243,127.0,0.9
202211272313,,0.0
202211272343,,0.0
202211280013,,0.0
202211280043,131.0,0.4
202211280113,127.0,0.4
202211280143,,0.0
202211280213,162.0,1.8
202211280243,137.0,0.4
202211280313,156.0,0.9
202211280343,130.0,0.4
202211280413,,0.0
202211280443,136.0,0.4
202211280513,,0.0
202211280543,,0.0
202211280613,,0.0
202211280643,,0.0
202211280713,,0.0
202211280743,,0.0
202211280813,,0.0
202211280843,,0.0
202211280913,,0.0
202211280943,,0.0
202211281013,,0.0
202211281043,,0.0
202211281113,,0.0
202211281143,,0.0
202211281243,,0.0
202211281313,,0.0
202211281343,,0.0
202211281413,,0.0
202211281443,,0.0
202211281543,177.0,0.9
202211281613,159.0,1.3
202211281643,134.0,0.4
202211281713,117.0,0.4
202211281743,,0.0
202211281813,,0.0
202211281843,133.0,0.4
202211281913,130.0,0.9
202211281943,140.0,0.9
202211282013,,0.0
202211282043,89.0,0.4
202211282113,114.0,0.9
202211282143,,0.0
202211282213,,0.0
202211282243,,0.0
202211282313,,0.0
202211282343,,0.0
202211290013,,0.0
202211290043,,0.0
202211290113,,0.0
202211290143,,0.0
202211290213,,0.0
202211290243,,0.0
202211290313,,0.0
202211290343,,0.0
202211290413,,0.0
202211290443,,0.0
202211290513,,0.0
202211290543,,0.0
202211290613,,0.0
202211290643,,0.0
202211290713,,0.0
202211290743,,0.0
202211290813,,0.0
202211290844,,0.0
202211290914,,0.0
202211291014,,0.0
202211291044,,0.0
202211291114,,0.0
202211291144,,0.0
202211300144,,0.0
202211300244,22.0,1.3
202211300314,71.0,0.4
202211300344,50.0,1.3
202211300414,,0.0
202211300444,93.0,0.4
202211300514,,0.0
202211300544,,0.0
202211300614,161.0,1.3
202211300644,152.0,2.7
202211300714,114.0,0.4
202211300744,,0.0
202211300814,,0.0
202211300844,,0.0
202211300914,134.0,0.4
202211300944,,0.0
202211301014,,0.0
202211301044,,0.0
202211301114,124.0,0.4
202211301144,,0.0
202211301214,156.0,0.4
202211301244,137.0,0.4
202211301314,201.0,0.4
202211301344,122.0,0.9
202211301414,134.0,2.2
202211301444,107.0,1.8
202211301514,167.0,1.3
202211301544,152.0,1.3
202211301614,206.0,2.2
202211301644,203.0,1.3
202211301714,137.0,1.3
202211301744,196.0,2.2
202211301814,207.0,1.3
202211301844,186.0,0.9
202211301914,126.0,1.3
202211301944,170.0,2.2
202211302014,123.0,0.4
202211302044,84.0,1.8
202211302114,213.0,0.9
202211302214,166.0,0.4
202211302244,,0.0
202211302344,,0.0
202212010014,,0.0
202212010044,,0.0
202212010114,,0.0
202212010144,,0.0
202212010214,,0.0
202212010244,,0.0
202212010314,,0.0
202212010344,,0.0
202212010414,,0.0
202212010444,156.0,0.4
202212010514,152.0,0.4
202212010544,184.0,0.4
202212010614,,0.0
202212010644,155.0,0.4
202212010714,,0.0
202212010744,,0.0
202212010814,,0.0
202212010844,,0.0
202212010914,,0.0
202212010944,174.0,0.4
202212011014,196.0,0.9
202212011045,,0.0
202212011115,160.0,0.4
202212011145,153.0,0.4
202212011215,146.0,0.4
202212011245,,0.0
202212011315,,0.0
202212011345,147.0,0.9
202212011415,256.0,1.3
202212011445,241.0,1.8
202212011545,139.0,0.4
202212011615,72.0,0.9
202212011645,203.0,1.3
202212011715,192.0,0.9
202212011745,222.0,0.9
202212011815,174.0,0.4
202212011845,,0.0
202212011915,11.0,0.4
202212011945,138.0,0.4
202212012015,,0.0
202212012045,100.0,0.9
202212012115,179.0,0.9
202212012145,,0.0
202212012215,,0.0
202212012245,,0.0
202212012315,,0.0
202212012345,,0.0
202212020015,,0.0
202212020045,,0.0
202212020115,,0.0
202212020145,,0.0
202212020215,,0.0
202212020245,,0.0
202212020315,,0.0
202212020415,,0.0
202212020445,,0.0
202212020515,,0.0
202212020545,,0.0
202212020615,,0.0
202212020645,149.0,0.4
202212020715,,0.0
202212020745,,0.0
202212020815,,0.0
202212020845,,0.0
202212020915,,0.0
202212020945,,0.0
202212021015,,0.0
202212021045,,0.0
202212021115,149.0,0.4
202212021145,154.0,0.4
202212021215,,0.0
202212021245,70.0,0.4
202212021315,,0.0
202212021345,,0.0
202212021415,,0.0
202212021445,,0.0
202212021515,121.0,0.4
202212021545,,0.0
202212021615,,0.0
202212021645,,0.0
202212021715,,0.0
202212021745,63.0,1.3
202212021815,81.0,2.7
202212021845,86.0,1.8
202212021915,47.0,0.4
202212021945,100.0,0.9
202212022015,71.0,0.9
202212022045,67.0,0.9
202212022115,,0.0
202212022145,,0.0
202212022215,,0.0
202212022245,,0.0
202212022315,,0.0
202212022345,,0.0
202212030015,,0.0
202212030045,,0.0
202212030115,,0.0
202212030145,87.0,0.9
202212030215,80.0,0.4
202212030245,,0.0
202212030315,52.0,1.3
202212030345,86.0,1.8
202212030415,58.0,1.3
202212030445,86.0,0.4
202212030515,86.0,0.4
202212030545,31.0,1.3
202212030645,88.0,1.3
202212030715,71.0,0.9
202212030746,,0.0
202212030816,111.0,0.4
202212030846,,0.0
202212030916,,0.0
202212030946,84.0,0.4
202212031016,,0.0
202212031046,95.0,0.4
202212031116,,0.0
202212031146,,0.0
202212031216,,0.0
202212031316,,0.0
202212031346,,0.0
202212031416,,0.0
202212031446,,0.0
202212031516,,0.0
202212031546,,0.0
202212031616,,0.0
202212031646,,0.0
202212031716,,0.0
202212031746,108.0,0.4
202212031816,112.0,0.4
202212031846,103.0,0.4
202212031916,116.0,0.4
202212031946,178.0,0.9
202212032016,,0.0
202212032046,152.0,0.9
202212032116,126.0,0.4
202212032146,,0.0
202212032216,,0.0
202212032246,,0.0
202212032316,,0.0
202212032346,,0.0
202212040016,131.0,0.4
202212040046,144.0,0.4
202212040146,159.0,0.4
202212040216,150.0,0.4
202212040246,152.0,0.4
202212040316,168.0,0.4
202212040346,,0.0
202212040416,194.0,1.8
202212040446,,0.0
202212040516,164.0,0.9
202212040546,,0.0
202212040646,,0.0
202212040716,,0.0
202212040746,,0.0
202212040816,,0.0
202212040846,,0.0
202212040916,,0.0
202212040946,,0.0
202212041016,189.0,0.4
202212041046,,0.0
202212041116,,0.0
202212041146,,0.0
202212041216,,0.0
202212041246,,0.0
202212041316,,0.0
202212041346,,0.0
202212041416,164.0,0.4
202212041446,,0.0
202212041516,,0.0
202212041546,186.0,0.4
202212041646,146.0,0.4
202212041716,291.0,1.8
202212041746,197.0,0.9
202212041816,144.0,0.4
202212041846,143.0,0.4
202212041916,239.0,1.8
202212041946,169.0,0.4
202212042016,193.0,0.4
202212042046,,0.0
202212042116,,0.0
202212042146,204.0,0.4
202212042216,,0.0
202212042246,,0.0
202212042316,112.0,0.4
202212050016,153.0,0.4
202212050046,,0.0
202212050116,,0.0
202212050146,,0.0
202212050217,155.0,0.4
202212050247,,0.0
202212050317,,0.0
202212050347,,0.0
202212050417,,0.0
202212050517,,0.0
202212050547,,0.0
202212050617,,0.0
202212050647,,0.0
202212050717,164.0,0.4
202212050747,,0.0
202212050817,,0.0
202212050847,,0.0
202212050917,,0.0
202212050947,,0.0
202212051017,,0.0
202212051047,,0.0
202212051117,,0.0
202212051147,,0.0
202212051217,,0.0
202212051247,,0.0
202212051317,,0.0
202212051347,,0.0
202212051417,,0.0
202212051447,,0.0
202212051517,,0.0
202212051547,87.0,0.4
202212051617,,0.0
202212051647,,0.0
202212051717,121.0,0.4
202212051747,,0.0
202212051817,,0.0
202212051847,,0.0
202212051917,,0.0
202212051947,,0.0
202212052017,,0.0
202212052047,149.0,0.4
202212052117,,0.0
202212052147,,0.0
202212052217,,0.0
202212052247,,0.0
202212052317,,0.0
202212052347,,0.0
202212060017,,0.0
202212060047,,0.0
202212060117,,0.0
202212060147,,0.0
202212060217,,0.0
202212060247,,0.0
202212060317,,0.0
202212060347,,0.0
202212060417,,0.0
202212060447,111.0,0.4
202212060517,,0.0
202212060547,,0.0
202212060617,,0.0
202212060647,,0.0
202212060717,,0.0
202212060747,,0.0
202212060847,113.0,0.4
202212060917,,0.0
202212060947,119.0,0.4
202212061017,,0.0
202212061117,113.0,0.4
202212061147,,0.0
202212061217,,0.0
202212061247,,0.0
202212061347,106.0,0.9
202212061417,,0.0
202212061447,126.0,0.4
202212061517,,0.0
202212061547,101.0,0.9
202212061617,117.0,0.9
202212061647,101.0,0.4
202212061747,116.0,0.4
202212061817,110.0,0.4
202212061847,83.0,0.9
202212061917,111.0,1.3
202212061947,95.0,0.9
202212062017,64.0,0.4
202212062047,113.0,0.9
202212062117,,0.0
202212062147,,0.0
202212062217,107.0,0.4
202212062247,109.0,0.4
202212062347,,0.0
202212070017,,0.0
202212070047,110.0,0.4
202212070117,,0.0
202212070147,,0.0
202212070218,,0.0
202212070248,,0.0
202212070318,,0.0
202212070348,,0.0
202212070418,,0.0
202212070448,,0.0
202212070518,,0.0
202212070548,,0.0
202212070618,,0.0
202212070648,,0.0
202212070718,,0.0
202212070748,,0.0
202212070818,,0.0
202212070848,,0.0
202212070918,,0.0
202212070948,,0.0
202212071018,,0.0
202212071048,,0.0
202212071118,,0.0
202212071148,,0.0
202212071218,,0.0
202212071248,,0.0
202212071318,93.0,0.9
202212071348,,0.0
202212071418,101.0,0.4
202212071448,110.0,0.4
202212071518,142.0,1.8
202212071548,114.0,0.4
202212071618,126.0,0.4
202212071648,117.0,0.9
202212071718,130.0,0.9
202212071748,128.0,0.9
202212071818,136.0,0.4
202212071848,111.0,0.9
202212071918,133.0,0.9
202212071948,,0.0
202212072018,,0.0
202212072048,,0.0
202212072118,,0.0
202212072148,,0.0
202212072218,,0.0
202212072248,,0.0
202212072318,,0.0
202212072348,,0.0
202212080018,129.0,0.4
202212080048,,0.0
202212080118,,0.0
202212080148,,0.0
202212080218,,0.0
202212080248,,0.0
202212080318,,0.0
202212080348,,0.0
202212080448,,0.0
202212080518,,0.0
202212080548,,0.0
202212080618,,0.0
202212080648,,0.0
202212080718,,0.0
202212080748,,0.0
202212080848,,0.0
202212080918,,0.0
202212080948,,0.0
202212081048,,0.0
202212081118,,0.0
202212081148,,0.0
202212081218,,0.0
202212081248,,0.0
202212081318,,0.0
202212081348,,0.0
202212081418,,0.0
202212081448,,0.0
202212081518,140.0,0.4
202212081548,121.0,0.9
202212081648,124.0,0.9
202212081718,142.0,1.3
202212081748,142.0,1.3
202212081818,127.0,0.9
202212081848,,0.0
202212081918,150.0,0.9
202212081948,79.0,0.9
202212082018,,0.0
202212082048,141.0,1.8
202212082118,,0.0
202212082149,136.0,0.4
202212082219,,0.0
202212082249,136.0,0.4
202212082319,,0.0
202212082349,,0.0
202212090019,,0.0
202212090119,,0.0
202212090149,,0.0
202212090249,,0.0
202212090319,,0.0
202212090419,,0.0
202212090519,,0.0
202212090549,,0.0
202212090619,,0.0
202212090649,,0.0
202212090719,,0.0
202212090749,,0.0
202212090819,,0.0
202212090849,,0.0
202212090919,111.0,0.4
202212090949,,0.0
202212091049,,0.0
202212091119,,0.0
202212091149,,0.0
202212091219,,0.0
202212091249,,0.0
202212091319,,0.0
202212091349,,0.0
202212091419,,0.0
202212091449,,0.0
202212091519,,0.0
202212091549,121.0,0.4
202212091619,121.0,0.4
202212091649,,0.0
202212091719,,0.0
202212091749,,0.0
202212091849,114.0,0.4
202212091919,134.0,0.9
202212092019,,0.0
202212092049,,0.0
202212092149,,0.0
202212092249,,0.0
202212092319,,0.0
202212092349,,0.0
202212100019,,0.0
202212100049,,0.0
202212100119,,0.0
202212100149,,0.0
202212100219,,0.0
202212100249,,0.0
202212100319,,0.0
202212100349,,0.0
202212100419,,0.0
202212100449,,0.0
202212100519,,0.0
202212100549,144.0,0.4
202212100619,,0.0
202212100649,,0.0
202212100719,,0.0
202212100749,,0.0
202212100819,,0.0
202212100849,,0.0
202212100919,,0.0
202212100949,,0.0
202212101019,,0.0
202212101049,,0.0
202212101149,,0.0
202212101219,115.0,0.4
202212101249,,0.0
202212101319,,0.0
202212101349,,0.0
202212101419,,0.0
202212101449,,0.0
202212101519,110.0,0.4
202212101549,117.0,0.4
202212101619,111.0,0.4
202212101649,,0.0
202212101719,,0.0
202212101749,132.0,0.4
202212101820,131.0,1.3
202212101920,106.0,0.4
202212101950,119.0,0.4
202212102020,111.0,0.4
202212102050,,0.0
202212102120,,0.0
202212102150,136.0,0.4
202212102220,,0.0
202212102250,,0.0
202212102320,,0.0
202212102350,,0.0
202212110020,194.0,0.4
202212110050,,0.0
202212110120,,0.0
202212110150,,0.0
202212110220,40.0,0.4
202212110250,,0.0
202212110320,117.0,0.4
202212110350,,0.0
202212110420,,0.0
202212110450,140.0,0.4
202212110520,,0.0
202212110550,,0.0
202212110620,140.0,0.4
202212110650,,0.0
202212110720,92.0,0.4
202212110750,,0.0
202212110850,78.0,0.4
202212110920,120.0,0.4
202212110950,142.0,0.4
202212111020,,0.0
202212111050,,0.0
202212111120,,0.0
202212111150,,0.0
202212111220,,0.0
202212111250,,0.0
202212111320,,0.0
202212111350,,0.0
202212111420,,0.0
202212111450,,0.0
202212111520,,0.0
202212111550,137.0,0.4
202212111620,,0.0
202212111650,,0.0
202212111720,,0.0
202212111750,,0.0
202212111820,156.0,0.4
202212111850,,0.0
202212111920,,0.0
202212111950,117.0,0.4
202212112020,,0.0
202212112050,,0.0
202212112120,147.0,0.4
202212112150,,0.0
202212112220,,0.0
202212112250,,0.0
202212112350,,0.0
202212120020,160.0,0.4
202212120050,144.0,0.4
202212120150,161.0,0.9
202212120220,153.0,0.9
202212120250,183.0,0.4
202212120320,,0.0
202212120350,,0.0
202212120420,,0.0
202212120450,143.0,0.4
202212120520,,0.0
202212120550,201.0,0.4
202212120620,189.0,0.4
202212120650,178.0,1.3
202212120720,166.0,0.9
202212120750,155.0,0.9
202212120820,,0.0
202212120850,158.0,0.9
202212120920,,0.0
202212120950,,0.0
202212121020,152.0,0.4
202212121050,173.0,0.9
202212121120,,0.0
202212121150,,0.0
202212121220,147.0,0.4
202212121250,,0.0
202212121320,188.0,0.9
202212121350,,0.0
202212121420,,0.0
202212121450,,0.0
202212121520,,0.0
202212121550,,0.0
202212121620,215.0,0.4
202212121650,,0.0
202212121721,164.0,1.3
202212121751,129.0,0.4
202212121821,117.0,0.4
202212121851,134.0,0.4
202212121921,260.0,1.3
202212121951,189.0,0.9
202212122021,128.0,0.4
202212122051,,0.0
202212122121,146.0,0.4
202212122151,,0.0
202212122221,,0.0
202212122251,,0.0
202212122321,,0.0
202212122351,,0.0
202212130021,,0.0
202212130051,,0.0
202212130121,142.0,0.4
202212130151,,0.0
202212130221,,0.0
202212130251,,0.0
202212130321,,0.0
202212130351,,0.0
202212130421,,0.0
202212130451,,0.0
202212130521,,0.0
202212130551,,0.0
202212130621,,0.0
202212130651,,0.0
202212130721,,0.0
202212130751,,0.0
202212130821,111.0,0.4
202212130851,146.0,0.4
202212130921,,0.0
202212130951,138.0,0.4
202212131021,255.0,0.4
202212131051,,0.0
202212131121,,0.0
202212131151,137.0,0.4
202212131221,59.0,1.3
202212131251,,0.0
202212131321,40.0,0.4
202212131351,,0.0
202212131421,97.0,1.3
202212131451,,0.0
202212131521,49.0,1.3
202212131551,103.0,0.4
202212131621,,0.0
202212131651,62.0,1.3
202212131721,120.0,0.4
202212131751,60.0,0.9
202212131821,54.0,1.3
202212131851,96.0,0.4
202212131921,75.0,0.4
202212131951,,0.0
202212132021,347.0,1.3
202212132051,71.0,0.9
202212132121,318.0,1.3
202212132151,34.0,1.3
202212132221,53.0,0.9
202212132251,45.0,1.3
202212132321,99.0,0.4
202212132351,346.0,1.3
202212140021,,0.0
202212140051,,0.0
202212140121,93.0,1.3
202212140151,74.0,0.4
202212140221,,0.0
202212140251,133.0,0.9
202212140321,71.0,0.4
202212140351,90.0,0.9
202212140421,53.0,1.3
202212140451,80.0,0.9
202212140521,33.0,2.7
202212140551,87.0,0.4
202212140621,90.0,0.4
202212140651,97.0,0.4
202212140721,74.0,0.4
202212140751,109.0,1.8
202212140821,82.0,0.4
202212140921,73.0,1.3
202212140951,19.0,0.9
202212141021,95.0,0.4
202212141051,,0.0
202212141121,,0.0
202212141151,99.0,0.4
202212141221,70.0,0.9
202212141252,81.0,0.9
202212141322,27.0,1.3
202212141352,86.0,1.3
202212141422,,0.0
202212141452,79.0,1.3
202212141522,74.0,1.3
202212141552,72.0,1.3
202212141622,78.0,0.9
202212141652,42.0,1.3
202212141722,,0.0
202212141752,,0.0
202212141822,85.0,0.4
202212141852,,0.0
202212141922,,0.0
202212141952,,0.0
202212142022,86.0,0.4
202212142052,,0.0
202212142122,98.0,0.4
202212142152,,0.0
202212142222,,0.0
202212142252,355.0,1.8
202212142322,88.0,0.4
202212142352,111.0,0.4
202212150022,74.0,0.9
202212150052,,0.0
202212150122,69.0,0.4
202212150152,85.0,0.4
202212150222,128.0,1.3
202212150252,175.0,0.4
202212150322,,0.0
202212150352,120.0,0.4
202212150422,140.0,0.9
202212150452,140.0,0.9
202212150522,137.0,0.4
202212150552,,0.0
202212150622,,0.0
202212150652,129.0,0.4
202212150722,,0.0
202212150752,137.0,0.4
202212150822,134.0,0.4
202212150922,,0.0
202212150952,,0.0
202212151022,,0.0
202212151052,,0.0
202212151122,,0.0
202212151152,,0.0
202212151222,,0.0
202212151252,130.0,0.9
202212151322,142.0,0.9
202212151352,116.0,1.3
202212151422,112.0,1.3
202212151452,124.0,2.2
202212151522,136.0,0.9
202212151552,92.0,1.3
202212151622,152.0,0.4
202212151652,124.0,0.9
202212151722,135.0,0.9
202212151752,121.0,1.3
202212151822,113.0,2.2
202212151922,117.0,3.1
202212151952,155.0,1.3
202212152022,89.0,2.7
202212152052,125.0,1.3
202212152122,,0.0
202212152152,115.0,0.4
202212152222,140.0,0.4
202212152252,,0.0
202212152352,,0.0
202212160022,,0.0
202212160052,,0.0
202212160122,,0.0
202212160152,,0.0
202212160222,,0.0
202212160252,,0.0
202212160322,,0.0
202212160352,,0.0
202212160422,,0.0
202212160452,,0.0
202212160522,,0.0
202212160552,,0.0
202212160622,,0.0
202212160652,,0.0
202212160722,,0.0
202212160752,,0.0
202212160822,,0.0
202212160852,,0.0
202212160922,,0.0
202212160952,,0.0
202212161022,,0.0
202212161052,,0.0
202212161153,,0.0
202212161223,,0.0
202212161253,,0.0
202212161323,,0.0
202212161353,,0.0
202212161423,123.0,0.4
202212161453,121.0,0.4
202212161523,120.0,0.9
202212161553,133.0,3.1
202212161623,114.0,0.9
202212161653,120.0,0.4
202212161723,170.0,1.8
202212161753,169.0,1.3
202212161823,114.0,1.3
202212161853,123.0,2.2
202212161923,235.0,1.3
202212161953,,0.0
202212162023,131.0,1.3
202212162053,127.0,1.3
202212162123,147.0,0.4
202212162153,,0.0
202212162223,,0.0
202212162323,,0.0
202212162353,,0.0
202212170023,,0.0
202212170053,,0.0
202212170123,,0.0
202212170153,,0.0
202212170223,,0.0
202212170323,120.0,0.4
202212170353,,0.0
202212170423,121.0,0.4
202212170453,116.0,0.9
202212170523,122.0,0.9
202212170553,122.0,0.4
202212170623,162.0,1.8
202212170653,135.0,0.4
202212170723,120.0,1.3
202212170753,133.0,0.4
202212170823,155.0,1.3
202212170853,158.0,1.3
202212170923,,0.0
202212170953,139.0,0.9
202212171023,135.0,0.4
202212171153,126.0,0.4
202212171223,137.0,0.4
202212171253,129.0,0.4
202212171323,122.0,1.3
202212171353,119.0,1.3
202212171423,133.0,1.8
202212171453,110.0,1.8
202212171523,,0.0
202212171553,122.0,1.8
202212171623,130.0,1.8
202212171723,136.0,1.3
202212171753,117.0,0.4
202212171823,131.0,1.3
202212171923,144.0,1.3
202212171953,126.0,3.1
202212172053,133.0,1.3
202212172123,166.0,3.1
202212172153,129.0,1.3
202212172223,117.0,1.3
202212172253,114.0,0.4
202212172323,,0.0
202212172353,,0.0
202212180023,,0.0
202212180053,119.0,0.4
202212180123,132.0,1.3
202212180153,147.0,0.9
202212180223,115.0,0.4
202212180253,,0.0
202212180323,,0.0
202212180353,,0.0
202212180423,,0.0
202212180453,,0.0
202212180523,,0.0
202212180553,,0.0
202212180623,,0.0
202212180653,,0.0
202212180723,,0.0
202212180753,,0.0
202212180823,,0.0
202212180853,,0.0
202212180923,,0.0
202212181053,,0.0
202212181124,,0.0
202212181154,,0.0
202212181224,,0.0
202212181254,,0.0
202212181324,,0.0
202212181354,,0.0
202212181424,,0.0
202212181454,,0.0
202212181554,178.0,0.9
202212181624,260.0,1.3
202212181654,243.0,1.3
202212181724,259.0,0.9
202212181754,,0.0
202212181824,154.0,1.8
202212181854,,0.0
202212181924,139.0,1.3
202212181954,,0.0
202212182024,194.0,1.3
202212182054,146.0,0.4
202212182124,,0.0
202212182154,,0.0
202212182224,,0.0
202212182254,,0.0
202212182324,,0.0
202212182354,,0.0
202212190024,,0.0
202212190054,,0.0
202212190124,,0.0
202212190154,,0.0
202212190224,,0.0
202212190254,152.0,0.4
202212190324,,0.0
202212190354,,0.0
202212190424,,0.0
202212190454,,0.0
202212190524,,0.0
202212190554,154.0,0.4
202212190624,,0.0
202212190654,,0.0
202212190724,100.0,0.4
202212190754,,0.0
202212190824,161.0,0.4
202212190854,,0.0
202212190924,,0.0
202212190954,,0.0
202212191024,,0.0
202212191054,,0.0
202212191124,,0.0
202212191154,,0.0
202212191224,,0.0
202212191254,,0.0
202212191324,,0.0
202212191424,218.0,0.4
202212191454,109.0,0.4
202212191524,137.0,0.4
202212191554,,0.0
202212191624,118.0,0.4
202212191654,358.0,0.4
202212191724,,0.0
202212191754,,0.0
202212191824,107.0,0.4
202212191854,,0.0
202212191924,,0.0
202212191954,,0.0
202212192024,,0.0
202212192054,,0.0
202212192124,,0.0
202212192154,,0.0
202212192224,,0.0
202212192254,,0.0
202212192324,,0.0
202212192354,,0.0
202212200024,147.0,0.4
202212200054,,0.0
202212200124,,0.0
202212200154,,0.0
202212200224,,0.0
202212200254,,0.0
202212200324,,0.0
202212200354,,0.0
202212200424,,0.0
202212200454,,0.0
202212200524,,0.0
202212200554,,0.0
202212200624,,0.0
202212200654,,0.0
202212200724,,0.0
202212200754,,0.0
202212200824,,0.0
202212200854,,0.0
202212200924,,0.0
202212200955,149.0,0.4
202212201025,,0.0
202212201055,,0.0
202212201125,136.0,0.4
202212201155,186.0,0.4
202212201225,,0.0
202212201255,,0.0
202212201325,,0.0
202212201355,195.0,0.4
202212201425,144.0,0.4
202212201525,178.0,0.9
202212201555,,0.0
202212201625,121.0,0.9
202212201655,,0.0
202212201725,210.0,0.9
202212201755,226.0,0.4
202212201825,,0.0
202212201855,177.0,0.9
202212201925,,0.0
202212201955,269.0,0.4
202212202025,,0.0
202212202055,279.0,1.3
202212202125,123.0,0.9
202212202155,120.0,0.4
202212202225,137.0,0.4
202212202255,146.0,0.4
202212202325,132.0,0.4
202212202355,,0.0
202212210025,139.0,0.4
202212210055,156.0,0.4
202212210125,98.0,0.9
202212210155,,0.0
202212210225,,0.0
202212210255,,0.0
202212210325,144.0,0.4
202212210355,138.0,0.4
202212210425,334.0,1.3
202212210455,208.0,0.4
202212210525,107.0,0.4
202212210555,150.0,0.4
202212210625,153.0,0.4
202212210655,,0.0
202212210725,149.0,0.4
202212210755,,0.0
202212210825,157.0,0.4
202212210855,,0.0
202212210925,,0.0
202212210955,,0.0
202212211025,161.0,0.4
202212211055,143.0,0.4
202212211125,,0.0
202212211155,,0.0
202212211225,,0.0
202212211255,155.0,0.4
202212211325,137.0,0.4
202212211355,,0.0
202212211425,185.0,0.4
202212211455,,0.0
202212211525,317.0,0.4
202212211625,297.0,0.9
202212211655,132.0,0.4
202212211725,,0.0
202212211755,,0.0
202212211825,68.0,1.8
202212211855,,0.0
202212211925,93.0,0.4
202212211955,,0.0
202212212025,95.0,0.9
202212212125,,0.0
202212212155,110.0,0.4
202212212225,,0.0
202212212255,,0.0
202212212325,,0.0
202212212355,,0.0
202212220025,,0.0
202212220125,,0.0
202212220155,,0.0
202212220225,,0.0
202212220255,,0.0
202212220325,,0.0
202212220355,,0.0
202212220425,,0.0
202212220455,,0.0
202212220626,101.0,0.4
202212220656,124.0,0.4
202212220726,107.0,0.4
202212220756,112.0,0.9
202212220826,103.0,0.4
202212220856,,0.0
202212220926,,0.0
202212220956,,0.0
202212221026,101.0,0.4
202212221056,,0.0
202212221126,,0.0
202212221156,,0.0
202212221226,95.0,0.4
202212221256,,0.0
202212221326,,0.0
202212221356,,0.0
202212221426,,0.0
202212221456,123.0,0.9
202212221526,,0.0
202212221556,132.0,0.4
202212221626,74.0,0.9
202212221656,89.0,0.9
202212221726,98.0,1.3
202212221756,,0.0
202212221826,103.0,0.4
202212221856,,0.0
202212221926,,0.0
202212221956,,0.0
202212222026,121.0,0.4
202212222056,,0.0
202212222126,,0.0
202212222156,100.0,0.4
202212222226,102.0,0.4
202212222256,,0.0
202212222326,,0.0
202212222356,115.0,0.4
202212230026,,0.0
202212230056,,0.0
202212230126,,0.0
202212230156,135.0,0.9
202212230226,147.0,1.8
202212230256,122.0,1.3
202212230326,122.0,0.9
202212230356,142.0,2.7
202212230426,136.0,0.4
202212230456,147.0,0.9
202212230526,93.0,3.1
202212230556,147.0,4.9
202212230626,20.0,0.9
202212230656,140.0,1.8
202212230726,113.0,1.3
202212230756,263.0,2.2
202212230826,166.0,1.3
202212230856,157.0,1.8
202212230926,134.0,1.3
202212230956,177.0,2.7
202212231056,165.0,0.4
202212231126,145.0,1.3
202212231156,132.0,1.3
202212231226,124.0,1.8
202212231256,180.0,1.3
202212231326,141.0,0.4
202212231356,,0.0
202212231426,141.0,2.2
202212231456,151.0,2.2
202212231526,110.0,1.8
202212231556,126.0,2.2
202212231626,146.0,2.2
202212231656,140.0,1.3
202212231726,126.0,3.6
202212231756,136.0,3.1
202212231856,63.0,0.9
202212231926,156.0,0.9
202212231956,141.0,2.2
202212232026,175.0,0.4
202212232056,142.0,0.4
202212232126,131.0,1.3
202212232156,126.0,0.4
202212232226,127.0,0.4
202212232256,130.0,0.9
202212232326,137.0,0.9
202212232356,,0.0
202212240026,131.0,0.4
202212240056,101.0,1.8
202212240127,143.0,1.8
202212240157,179.0,0.9
202212240227,119.0,0.9
202212240257,164.0,0.4
202212240327,147.0,0.4
202212240357,114.0,0.9
202212240427,134.0,0.4
202212240457,139.0,0.4
202212240527,108.0,0.4
202212240557,,0.0
202212240627,,0.0
202212240727,138.0,0.4
202212240757,,0.0
202212240827,120.0,0.4
202212240857,127.0,0.9
202212240927,110.0,0.4
202212240957,172.0,0.4
202212241027,117.0,0.4
202212241057,126.0,0.9
202212241127,,0.0
202212241157,,0.0
202212241227,,0.0
202212241257,,0.0
202212241327,129.0,0.4
202212241357,107.0,1.8
202212241427,139.0,1.3
202212241457,155.0,1.8
202212241527,168.0,1.8
202212241557,,0.0
202212241627,130.0,0.4
202212241657,,0.0
202212241727,117.0,0.4
202212241757,156.0,1.8
202212241827,106.0,1.8
202212241857,85.0,2.7
202212241927,110.0,2.2
202212241957,114.0,0.9
202212242027,134.0,0.4
202212242057,118.0,1.3
202212242127,122.0,1.8
202212242157,172.0,1.3
202212242227,124.0,0.9
202212242257,124.0,1.8
202212242327,,0.0
202212242357,115.0,0.4
202212250027,,0.0
202212250057,,0.0
202212250127,116.0,0.4
202212250157,,0.0
202212250227,127.0,0.4
202212250257,,0.0
202212250327,,0.0
202212250357,,0.0
202212250427,,0.0
202212250527,,0.0
202212250557,,0.0
202212250627,,0.0
202212250657,,0.0
202212250727,129.0,0.4
202212250757,,0.0
202212250827,,0.0
202212250857,,0.0
202212250927,119.0,0.4
202212250957,130.0,0.4
202212251027,147.0,0.4
202212251057,,0.0
202212251127,,0.0
202212251157,,0.0
202212251227,,0.0
202212251257,,0.0
202212251327,,0.0
202212251357,,0.0
202212251427,,0.0
202212251457,127.0,0.9
202212251527,139.0,0.4
202212251557,117.0,0.9
202212251627,143.0,0.4
202212251657,127.0,0.9
202212251727,135.0,0.9
202212251757,121.0,0.9
202212251957,126.0,0.4
202212252027,179.0,1.8
202212252057,181.0,0.9
202212252127,195.0,0.9
202212252157,,0.0
202212252227,128.0,1.3
202212252257,,0.0
202212252327,,0.0
202212252358,,0.0
202212260028,,0.0
202212260058,,0.0
202212260158,,0.0
202212260228,,0.0
202212260258,,0.0
202212260358,,0.0
202212260428,,0.0
202212260458,,0.0
202212260528,,0.0
202212260558,,0.0
202212260628,,0.0
202212260658,,0.0
202212260728,,0.0
202212260758,,0.0
202212260828,,0.0
202212260858,,0.0
202212260928,,0.0
202212260958,,0.0
202212261028,,0.0
202212261058,,0.0
202212261128,,0.0
202212261158,,0.0
202212261228,,0.0
202212261258,99.0,0.4
202212261358,,0.0
202212261428,,0.0
202212261458,,0.0
202212261528,98.0,0.4
202212261558,,0.0
202212261628,102.0,0.4
202212261658,129.0,0.4
202212261728,,0.0
202212261758,,0.0
202212261828,,0.0
202212261858,,0.0
202212261928,,0.0
202212261958,,0.0
202212262028,,0.0
202212262058,,0.0
202212262128,,0.0
202212262158,,0.0
202212262228,133.0,0.4
202212262328,,0.0
202212262358,,0.0
202212270028,,0.0
202212270058,,0.0
202212270128,,0.0
202212270158,,0.0
202212270228,,0.0
202212270258,,0.0
202212270328,,0.0
202212270358,,0.0
202212270428,,0.0
202212270458,,0.0
202212270528,,0.0
202212270558,,0.0
202212270628,,0.0
202212270658,,0.0
202212270758,,0.0
202212270828,,0.0
202212270858,,0.0
202212270928,,0.0
202212271028,,0.0
202212271058,,0.0
202212271128,,0.0
202212271158,,0.0
202212271228,,0.0
202212271258,,0.0
202212271328,,0.0
202212271358,,0.0
202212271428,,0.0
202212271458,,0.0
202212271528,,0.0
202212271559,,0.0
202212271629,96.0,0.4
202212271659,142.0,2.2
202212271729,108.0,0.4
202212271759,108.0,0.4
202212271829,119.0,0.4
202212271859,143.0,1.8
202212271929,117.0,0.4
202212271959,117.0,0.9
202212272029,,0.0
202212272059,85.0,0.9
202212272129,131.0,0.4
202212272159,,0.0
202212272229,,0.0
202212272259,,0.0
202212272329,,0.0
202212272359,,0.0
202212280029,,0.0
202212280059,,0.0
202212280129,,0.0
202212280159,,0.0
202212280229,,0.0
202212280259,,0.0
202212280329,,0.0
202212280359,,0.0
202212280429,,0.0
202212280459,,0.0
202212280529,,0.0
202212280559,,0.0
202212280629,,0.0
202212280659,,0.0
202212280729,,0.0
202212280759,,0.0
202212280829,,0.0
202212280859,,0.0
202212280929,,0.0
202212280959,,0.0
202212281029,,0.0
202212281059,,0.0
202212281129,,0.0
202212281159,,0.0
202212281229,,0.0
202212281259,,0.0
202212281329,,0.0
202212281359,,0.0
202212281429,,0.0
202212281459,106.0,0.4
202212281529,46.0,0.9
202212281559,84.0,0.4
202212281629,69.0,0.9
202212281659,50.0,1.3
202212281729,69.0,1.8
202212281759,,0.0
202212281829,,0.0
202212281859,29.0,1.3
202212281929,50.0,1.8
202212281959,78.0,0.4
202212282029,69.0,0.9
202212282059,45.0,0.9
202212282129,86.0,1.3
202212282159,,0.0
202212282229,83.0,0.4
202212282259,,0.0
202212282329,90.0,0.9
202212282359,88.0,0.4
202212290059,89.0,0.4
202212290129,93.0,0.4
202212290159,90.0,0.4
202212290229,88.0,0.4
202212290259,,0.0
202212290329,,0.0
202212290359,,0.0
202212290429,,0.0
202212290459,,0.0
202212290529,,0.0
202212290559,,0.0
202212290659,101.0,0.9
202212290729,122.0,0.4
202212290759,,0.0
202212290829,98.0,0.4
202212290859,,0.0
202212290929,,0.0
202212290959,,0.0
202212291029,,0.0
202212291059,,0.0
202212291129,,0.0
202212291159,,0.0
202212291229,97.0,0.9
202212291259,,0.0
202212291329,95.0,0.4
202212291359,,0.0
202212291429,99.0,0.9
202212291459,81.0,0.9
202212291530,62.0,0.9
202212291600,102.0,0.9
202212291630,,0.0
202212291700,38.0,1.3
202212291730,94.0,0.4
202212291800,100.0,1.3
202212291830,97.0,0.4
202212291900,57.0,0.9
202212291930,58.0,0.9
202212292000,53.0,1.3
202212292030,58.0,1.8
202212292100,,0.0
202212292130,81.0,0.4
202212292200,53.0,0.4
202212292230,,0.0
202212292300,90.0,0.4
202212292330,,0.0
202212300000,,0.0
202212300030,,0.0
202212300100,,0.0
202212300130,,0.0
202212300200,,0.0
202212300230,89.0,0.4
202212300300,,0.0
202212300330,,0.0
202212300400,,0.0
202212300430,84.0,0.9
202212300500,95.0,0.4
202212300530,94.0,0.4
202212300600,99.0,0.4
202212300700,,0.0
202212300730,,0.0
202212300800,,0.0
202212300830,,0.0
202212300900,,0.0
202212300930,,0.0
202212301000,,0.0
202212301030,106.0,0.4
202212301100,,0.0
202212301130,91.0,0.4
202212301200,,0.0
202212301230,88.0,0.9
202212301300,91.0,0.4
202212301330,,0.0
202212301400,58.0,0.9
202212301430,,0.0
202212301500,103.0,0.4
202212301530,14.0,0.9
202212301600,93.0,0.4
202212301630,115.0,0.4
202212301730,69.0,0.9
202212301800,96.0,0.4
202212301830,10.0,1.8
202212301900,44.0,1.8
202212301930,87.0,0.4
202212302000,,0.0
202212302030,94.0,1.8
202212302100,107.0,0.4
202212302130,,0.0
202212302200,,0.0
202212302230,,0.0
202212302300,,0.0
202212302330,,0.0
202212310000,129.0,0.4
202212310030,121.0,1.8
202212310100,,0.0
202212310130,,0.0
202212310200,,0.0
202212310230,,0.0
202212310300,,0.0
202212310330,,0.0
202212310400,,0.0
202212310430,,0.0
202212310500,,0.0
202212310530,,0.0
202212310600,,0.0
202212310630,,0.0
202212310700,,0.0
202212310730,,0.0
202212310800,,0.0
202212310830,,0.0
202212310900,,0.0
202212310930,,0.0
202212311000,,0.0
202212311030,,0.0
202212311100,,0.0
202212311130,,0.0
202212311200,,0.0
202212311230,,0.0
202212311300,,0.0
202212311330,,0.0
202212311400,,0.0
202212311430,,0.0
202212311501,,0.0
202212311531,,0.0
202212311601,,0.0
202212311631,,0.0
202212311701,132.0,1.3
202212311731,113.0,0.9
202212311801,140.0,2.2
202212311831,123.0,1.3
202212311901,,0.0
202212311931,,0.0
202212312001,102.0,0.9
202212312031,86.0,1.3
202212312101,115.0,0.4
202212312131,99.0,0.4
202212312201,,0.0
202212312231,,0.0
202212312301,,0.0
202212312331,,0.0
