timestamp string,wind direction,wind speed
202201010032,211.0,0.4
202201010132,,0.0
202201010232,,0.0
202201010332,199.0,0.4
202201010432,201.0,0.4
202201010532,225.0,1.3
202201010632,223.0,1.8
202201010732,222.0,1.3
202201010832,225.0,1.8
202201010932,230.0,1.8
202201011032,235.0,1.8
202201011132,232.0,1.8
202201011232,225.0,1.3
202201011332,225.0,2.2
202201011432,219.0,1.8
202201011532,220.0,1.8
202201011632,229.0,1.8
202201011832,216.0,2.2
202201011932,230.0,2.7
202201012032,222.0,2.7
202201012132,218.0,2.2
202201012232,213.0,1.3
202201012332,200.0,1.3
202201020032,197.0,1.3
202201020132,211.0,1.8
202201020232,214.0,3.1
202201020332,224.0,2.7
202201020532,221.0,2.2
202201020632,303.0,1.3
202201020732,307.0,0.9
202201020932,269.0,0.9
202201021032,325.0,1.3
202201021132,309.0,0.4
202201021232,,0.0
202201021332,290.0,0.4
202201021432,300.0,0.4
202201021632,212.0,0.4
202201021732,295.0,1.3
202201021832,338.0,1.3
202201021932,325.0,2.2
202201022032,6.0,2.7
202201022132,6.0,2.2
202201022232,346.0,1.8
202201022332,16.0,1.8
202201030032,14.0,1.8
202201030132,353.0,1.8
202201030232,339.0,2.7
202201030332,342.0,3.6
202201030432,334.0,3.6
202201030532,328.0,3.6
202201030632,331.0,3.1
202201030732,,0.0
202201030832,,0.0
202201030932,,0.0
202201031032,,0.0
202201031132,,0.0
202201031232,,0.0
202201031332,,0.0
202201031432,,0.0
202201031732,,0.0
202201031832,,0.0
202201031932,,0.0
202201032032,,0.0
202201032132,356.0,0.4
202201032232,19.0,1.8
202201032332,357.0,1.8
202201040032,358.0,1.3
202201040132,358.0,0.9
202201040232,356.0,0.9
202201040332,343.0,0.9
202201040432,349.0,0.9
202201040532,351.0,0.9
202201040632,357.0,0.9
202201040732,,0.0
202201040832,,0.0
202201040932,,0.0
202201041032,,0.0
202201041132,,0.0
202201041232,118.0,0.4
202201041332,125.0,0.9
202201041432,134.0,0.9
202201041532,131.0,1.3
202201041632,134.0,1.3
202201041732,141.0,1.3
202201041832,131.0,1.8
202201041932,152.0,1.3
202201042032,157.0,1.8
202201042132,171.0,1.3
202201042232,161.0,0.9
202201042332,,0.0
202201050032,174.0,0.9
202201050132,169.0,0.4
202201050232,159.0,1.3
202201050332,175.0,0.9
202201050432,174.0,1.3
202201050532,156.0,0.9
202201050632,150.0,1.3
202201050832,,0.0
202201050932,,0.0
202201051032,203.0,0.4
202201051132,209.0,0.9
202201051232,,0.0
202201051332,192.0,0.4
202201051432,230.0,0.9
202201051532,248.0,1.3
202201051632,224.0,1.3
202201051732,274.0,1.3
202201051832,283.0,1.8
202201051932,272.0,0.9
202201052032,294.0,1.3
202201052232,294.0,0.4
202201052332,,0.0
202201060032,,0.0
202201060132,,0.0
202201060232,,0.0
202201060332,,0.0
202201060432,,0.0
202201060532,,0.0
202201060632,,0.0
202201060732,,0.0
202201060832,,0.0
202201060932,29.0,0.4
202201061032,,0.0
202201061132,1.0,0.4
202201061232,54.0,0.4
202201061332,,0.0
202201061432,84.0,0.4
202201061632,73.0,0.4
202201061732,109.0,1.3
202201061832,127.0,0.4
202201061932,6.0,0.4
202201062032,347.0,2.2
202201062132,350.0,2.2
202201062232,339.0,1.8
202201062332,341.0,1.8
202201070032,348.0,2.7
202201070132,357.0,2.7
202201070232,351.0,2.7
202201070332,337.0,0.9
202201070432,336.0,1.8
202201070532,333.0,1.3
202201070732,345.0,2.2
202201070832,336.0,2.2
202201070932,350.0,1.8
202201071032,346.0,1.3
202201071132,1.0,1.8
202201071232,347.0,1.8
202201071332,355.0,2.7
202201071432,2.0,2.2
202201071532,353.0,2.2
202201071632,45.0,1.3
202201071732,16.0,1.8
202201071832,349.0,1.3
202201071932,131.0,0.4
202201072132,158.0,0.4
202201072232,145.0,0.4
202201072332,,0.0
202201080032,,0.0
202201080132,,0.0
202201080232,,0.0
202201080332,,0.0
202201080432,,0.0
202201080532,,0.0
202201080732,,0.0
202201080832,,0.0
202201080932,,0.0
202201081032,,0.0
202201081132,117.0,0.9
202201081232,119.0,0.9
202201081332,117.0,0.9
202201081432,135.0,1.3
202201081532,133.0,1.8
202201081632,128.0,1.8
202201081732,127.0,1.3
202201081832,132.0,1.8
202201081932,147.0,1.8
202201082032,132.0,2.2
202201082132,136.0,2.2
202201082232,130.0,1.8
202201082332,129.0,1.3
202201090032,127.0,1.8
202201090132,131.0,1.8
202201090332,132.0,1.8
202201090432,129.0,2.2
202201090532,136.0,1.8
202201090632,143.0,1.8
202201090732,144.0,2.2
202201090832,151.0,1.8
202201090932,138.0,1.3
202201091032,149.0,2.2
202201091132,142.0,1.3
202201091232,167.0,1.3
202201091332,141.0,1.3
202201091432,136.0,0.9
202201091532,144.0,0.9
202201091632,139.0,0.4
202201091732,140.0,0.4
202201091832,161.0,0.9
202201091932,236.0,1.3
202201092032,227.0,0.9
202201092132,232.0,1.3
202201092232,298.0,1.8
202201092332,21.0,1.3
202201100032,29.0,1.8
202201100132,6.0,2.2
202201100232,28.0,2.2
202201100332,20.0,1.8
202201100432,23.0,2.7
202201100532,29.0,1.3
202201100632,18.0,1.8
202201100732,6.0,1.3
202201100832,8.0,2.2
202201100932,9.0,2.2
202201101032,21.0,2.2
202201101132,20.0,2.7
202201101332,11.0,0.9
202201101432,42.0,1.8
202201101532,62.0,1.8
202201101632,34.0,1.3
202201101732,4.0,2.2
202201101832,13.0,2.7
202201102032,359.0,1.8
202201102132,347.0,2.7
202201102232,342.0,2.2
202201102332,357.0,1.3
202201110032,353.0,1.8
202201110132,346.0,2.2
202201110332,344.0,3.1
202201110432,355.0,2.7
202201110532,351.0,3.1
202201110632,24.0,1.3
202201110832,31.0,0.4
202201110932,11.0,1.3
202201111032,354.0,1.3
202201111132,348.0,0.4
202201111232,,0.0
202201111332,,0.0
202201111432,57.0,0.9
202201111532,59.0,1.3
202201111632,106.0,1.3
202201111732,131.0,0.9
202201111832,120.0,0.9
202201111932,351.0,1.3
202201112032,341.0,0.9
202201112232,342.0,0.4
202201112332,,0.0
202201120032,,0.0
202201120132,,0.0
202201120232,,0.0
202201120332,,0.0
202201120432,,0.0
202201120532,,0.0
202201120632,,0.0
202201120732,,0.0
202201120832,,0.0
202201120932,,0.0
202201121032,,0.0
202201121132,,0.0
202201121232,,0.0
202201121332,,0.0
202201121432,,0.0
202201121532,213.0,0.9
202201121632,229.0,0.9
202201121732,257.0,1.3
202201121832,182.0,1.3
202201121932,261.0,0.9
202201122032,191.0,1.3
202201122132,194.0,0.9
202201122232,,0.0
202201122332,,0.0
202201130032,,0.0
202201130132,,0.0
202201130232,,0.0
202201130332,,0.0
202201130532,,0.0
202201130632,,0.0
202201130732,288.0,0.9
202201130832,256.0,0.4
202201130932,265.0,0.4
202201131032,264.0,1.3
202201131132,257.0,0.9
202201131232,236.0,0.9
202201131332,241.0,0.4
202201131432,268.0,1.8
202201131532,262.0,1.8
202201131632,289.0,0.9
202201131732,274.0,0.9
202201131832,287.0,2.7
202201132132,310.0,1.8
202201132232,309.0,1.3
202201140032,334.0,1.8
202201140132,345.0,0.9
202201140232,334.0,0.4
202201140332,337.0,1.3
202201140432,358.0,1.8
202201140532,352.0,0.9
202201140632,6.0,0.4
202201140732,337.0,1.3
202201140832,337.0,1.3
202201140932,19.0,1.3
202201141032,341.0,0.9
202201141132,,0.0
202201141232,,0.0
202201141432,6.0,0.9
202201141532,14.0,1.8
202201141632,340.0,0.9
202201141732,9.0,0.9
202201141832,31.0,1.3
202201141932,346.0,1.3
202201142132,35.0,0.9
202201142232,353.0,0.9
202201142332,,0.0
202201150032,,0.0
202201150132,,0.0
202201150232,,0.0
202201150332,,0.0
202201150432,,0.0
202201150532,273.0,0.4
202201150632,,0.0
202201150732,299.0,0.4
202201150832,57.0,0.4
202201150932,,0.0
202201151032,,0.0
202201151132,,0.0
202201151232,,0.0
202201151332,,0.0
202201151432,88.0,0.9
202201151532,,0.0
202201151632,86.0,0.9
202201151732,92.0,0.4
202201151832,88.0,0.9
202201151932,115.0,0.9
202201152032,85.0,1.3
202201152132,106.0,1.8
202201152232,94.0,2.2
202201152332,91.0,1.3
202201160032,102.0,1.3
202201160132,99.0,1.8
202201160232,110.0,1.3
202201160332,106.0,2.2
202201160432,111.0,2.7
202201160532,112.0,2.7
202201160632,111.0,2.7
202201160732,109.0,3.1
202201160832,107.0,2.7
202201160932,111.0,4.5
202201161032,113.0,4.0
202201161132,97.0,3.1
202201161232,123.0,1.8
202201161332,124.0,1.3
202201161432,15.0,0.9
202201162032,102.0,0.4
202201162132,,0.0
202201162232,277.0,0.4
202201162332,321.0,1.8
202201170032,321.0,1.8
202201170132,320.0,3.1
202201170232,316.0,2.7
202201170332,316.0,2.2
202201170432,313.0,1.8
202201170532,285.0,1.8
202201170632,311.0,1.8
202201170732,301.0,1.8
202201170832,322.0,2.7
202201170932,304.0,2.2
202201171032,311.0,2.7
202201171132,309.0,2.2
202201171232,319.0,2.7
202201171332,311.0,2.2
202201171432,309.0,2.7
202201171532,314.0,2.2
202201171632,313.0,2.7
202201171732,321.0,2.2
202201171832,321.0,2.2
202201171932,327.0,2.2
202201172132,308.0,1.8
202201172232,321.0,0.9
202201172332,304.0,0.4
202201180032,325.0,1.3
202201180132,329.0,1.3
202201180232,301.0,0.9
202201180332,289.0,0.4
202201180432,302.0,0.4
202201180632,325.0,0.9
202201180732,321.0,1.3
202201180832,322.0,1.3
202201180932,313.0,0.9
202201181032,289.0,0.9
202201181132,,0.0
202201181232,,0.0
202201181332,,0.0
202201181432,77.0,0.4
202201181532,,0.0
202201181632,129.0,0.9
202201181732,321.0,0.4
202201181832,345.0,0.9
202201181932,179.0,0.4
202201182032,186.0,0.9
202201182132,171.0,0.9
202201182232,,0.0
202201182332,,0.0
202201190032,,0.0
202201190132,,0.0
202201190232,,0.0
202201190332,,0.0
202201190432,,0.0
202201190532,,0.0
202201190632,,0.0
202201190732,,0.0
202201190832,,0.0
202201190932,,0.0
202201191032,199.0,0.4
202201191132,,0.0
202201191232,,0.0
202201191332,,0.0
202201191432,,0.0
202201191532,206.0,0.9
202201191632,237.0,2.2
202201191732,209.0,1.8
202201191832,201.0,1.3
202201191932,177.0,1.8
202201192032,182.0,1.3
202201192132,207.0,1.3
202201192232,160.0,0.4
202201192332,173.0,0.4
202201200032,167.0,0.4
202201200132,181.0,0.4
202201200232,175.0,0.4
202201200332,186.0,0.4
202201200432,190.0,0.4
202201200532,207.0,0.4
202201200732,212.0,0.4
202201200832,245.0,0.4
202201201032,0.0,1.8
202201201132,5.0,2.2
202201201232,7.0,1.8
202201201332,354.0,2.7
202201201532,5.0,1.8
202201201632,5.0,1.8
202201201732,359.0,2.7
202201201832,355.0,2.2
202201201932,,1.8
202201202032,357.0,2.7
202201202132,6.0,2.7
202201202232,353.0,2.2
202201202332,4.0,2.7
202201210032,357.0,2.2
202201210132,352.0,2.2
202201210232,13.0,1.3
202201210332,15.0,2.2
202201210532,12.0,0.9
202201210632,15.0,1.3
202201210732,9.0,1.3
202201210832,12.0,1.3
202201210932,9.0,0.9
202201211032,20.0,0.9
202201211132,35.0,0.4
202201211232,55.0,1.3
202201211332,45.0,0.9
202201211532,11.0,1.3
202201211632,29.0,0.9
202201211732,47.0,0.9
202201211832,348.0,0.9
202201211932,25.0,0.9
202201212032,7.0,1.3
202201212232,23.0,1.8
202201212332,18.0,0.9
202201220032,16.0,1.8
202201220132,26.0,1.3
202201220232,10.0,0.4
202201220332,27.0,0.4
202201220432,67.0,1.3
202201220532,48.0,1.3
202201220632,67.0,0.4
202201220732,30.0,0.4
202201220832,40.0,0.4
202201220932,27.0,0.4
202201221032,36.0,0.9
202201221132,12.0,0.4
202201221232,113.0,0.9
202201221332,38.0,0.9
202201221432,301.0,0.9
202201221532,327.0,0.9
202201221632,317.0,0.4
202201221732,221.0,0.9
202201221832,233.0,0.9
202201221932,322.0,1.3
202201222032,14.0,1.3
202201222132,320.0,0.9
202201222232,320.0,0.9
202201222332,320.0,0.4
202201230032,283.0,0.4
202201230132,295.0,0.4
202201230232,,0.0
202201230332,,0.0
202201230432,338.0,0.4
202201230532,342.0,1.8
202201230632,336.0,1.3
202201230732,,0.0
202201230832,,0.0
202201230932,,0.0
202201231032,,0.0
202201231132,343.0,1.3
202201231232,330.0,1.3
202201231332,332.0,0.9
202201231432,324.0,1.3
202201231532,323.0,1.8
202201231632,306.0,2.2
202201231732,302.0,2.2
202201231832,302.0,3.1
202201231932,286.0,0.9
202201232032,278.0,2.2
202201232132,274.0,1.8
202201232232,264.0,0.9
202201232332,226.0,0.4
202201240032,222.0,0.4
202201240132,,0.0
202201240232,,0.0
202201240332,,0.0
202201240432,,0.0
202201240632,280.0,0.9
202201240732,289.0,0.9
202201240832,293.0,1.3
202201240932,291.0,1.3
202201241032,292.0,0.4
202201241132,,0.0
202201241232,,0.0
202201241332,,0.0
202201241432,,0.0
202201241632,226.0,1.3
202201241732,222.0,1.3
202201241832,242.0,1.8
202201241932,235.0,1.8
202201242032,208.0,1.3
202201242132,173.0,0.9
202201242232,203.0,0.9
202201242332,229.0,0.9
202201250032,,0.0
202201250132,,0.0
202201250232,241.0,0.9
202201250332,227.0,0.4
202201250432,230.0,0.4
202201250532,,0.0
202201250632,253.0,0.4
202201250732,,0.0
202201250832,281.0,0.9
202201250932,288.0,0.4
202201251032,284.0,0.9
202201251132,298.0,0.4
202201251232,288.0,0.4
202201251332,295.0,0.4
202201251432,300.0,0.4
202201251532,326.0,1.3
202201251632,24.0,1.8
202201251732,7.0,1.3
202201251832,334.0,1.8
202201251932,351.0,1.8
202201252032,355.0,1.3
202201252132,338.0,1.3
202201252232,345.0,1.3
202201252332,350.0,1.8
202201260032,354.0,1.8
202201260132,,1.8
202201260232,11.0,2.2
202201260332,17.0,1.8
202201260432,13.0,1.8
202201260532,6.0,1.3
202201260632,11.0,1.3
202201260732,358.0,1.8
202201260832,17.0,2.2
202201260932,0.0,2.2
202201261032,18.0,1.3
202201261132,3.0,1.3
202201261232,6.0,1.8
202201261332,21.0,1.8
202201261432,23.0,1.8
202201261532,54.0,2.2
202201261632,51.0,2.2
202201261732,37.0,1.8
202201261832,84.0,1.3
202201261932,3.0,1.8
202201262032,354.0,0.9
202201262132,14.0,1.8
202201262232,345.0,1.3
202201262332,337.0,0.9
202201270032,,0.0
202201270132,34.0,0.4
202201270232,,0.0
202201270332,,0.0
202201270432,,0.0
202201270532,,0.0
202201270632,,0.0
202201270732,,0.0
202201270832,,0.0
202201271032,,0.0
202201271132,,0.0
202201271232,105.0,0.4
202201271332,108.0,0.4
202201271432,133.0,0.9
202201271532,132.0,1.3
202201271632,130.0,0.9
202201271832,152.0,1.3
202201271932,161.0,0.9
202201272032,133.0,1.3
202201272132,157.0,0.9
202201272232,164.0,0.4
202201272332,,0.0
202201280032,,0.0
202201280132,,0.0
202201280232,,0.0
202201280332,,0.0
202201280432,,0.0
202201280532,,0.0
202201280632,,0.0
202201280732,,0.0
202201280832,,0.0
202201280932,,0.0
202201281032,,0.0
202201281132,,0.0
202201281232,,0.0
202201281332,354.0,1.3
202201281432,8.0,0.9
202201281532,344.0,2.2
202201281632,354.0,2.2
202201281732,313.0,2.2
202201281832,349.0,3.1
202201281932,350.0,2.2
202201282032,351.0,2.7
202201282132,352.0,1.8
202201282232,336.0,1.8
202201282332,346.0,2.2
202201290032,353.0,2.2
202201290132,349.0,1.8
202201290332,353.0,2.7
202201290432,346.0,3.1
202201290532,351.0,3.6
202201290732,340.0,4.0
202201290832,346.0,3.1
202201290932,353.0,2.2
202201291032,25.0,1.3
202201291132,23.0,1.8
202201291232,345.0,2.7
202201291432,359.0,1.8
202201291532,349.0,1.8
202201291632,51.0,1.8
202201291732,8.0,1.8
202201291832,321.0,0.9
202201291932,309.0,1.8
202201292032,8.0,1.8
202201292132,306.0,1.8
202201292232,305.0,0.9
202201292332,281.0,0.9
202201300032,,0.0
202201300132,312.0,0.4
202201300232,,0.0
202201300332,,0.0
202201300432,,0.0
202201300532,,0.0
202201300632,,0.0
202201300732,,0.0
202201300832,,0.0
202201301032,235.0,0.4
202201301132,233.0,0.9
202201301232,,0.0
202201301332,239.0,0.4
202201301432,214.0,0.9
202201301532,257.0,2.2
202201301632,250.0,1.8
202201301732,256.0,1.8
202201301932,286.0,1.8
202201302032,280.0,2.2
202201302132,277.0,2.7
202201302232,294.0,1.8
202201302332,,0.0
202201310032,,0.0
202201310132,,0.0
202201310232,,0.0
202201310332,,0.0
202201310432,,0.0
202201310532,,0.0
202201310632,319.0,0.4
202201310732,320.0,0.4
202201310832,,0.0
202201310932,327.0,0.4
202201311032,,0.0
202201311132,,0.0
202201311232,,0.0
202201311332,,0.0
202201311432,,0.0
202201311532,99.0,0.9
202201311632,135.0,0.9
202201311732,153.0,0.9
202201311832,235.0,0.9
202201311932,318.0,0.4
202201312032,225.0,0.4
202201312132,242.0,0.9
202201312232,,0.0
202201312332,,0.0
202202010032,,0.0
202202010232,,0.0
202202010332,,0.0
202202010432,,0.0
202202010532,,0.0
202202010632,,0.0
202202010732,,0.0
202202010832,,0.0
202202010932,,0.0
202202011032,,0.0
202202011132,,0.0
202202011232,125.0,0.9
202202011332,125.0,0.4
202202011432,127.0,1.8
202202011532,144.0,1.8
202202011632,147.0,2.2
202202011732,126.0,1.8
202202011932,148.0,2.2
202202012032,143.0,2.2
202202012132,161.0,1.8
202202012232,136.0,1.8
202202012332,145.0,0.9
202202020032,126.0,1.3
202202020132,126.0,1.8
202202020232,123.0,1.3
202202020332,120.0,1.8
202202020432,125.0,1.3
202202020632,128.0,2.2
202202020732,133.0,2.2
202202020832,135.0,1.8
202202020932,132.0,1.8
202202021032,138.0,2.2
202202021132,130.0,2.2
202202021232,121.0,1.8
202202021332,129.0,2.2
202202021432,130.0,2.2
202202021532,126.0,2.2
202202021632,138.0,2.7
202202021732,146.0,1.8
202202021832,136.0,2.7
202202021932,145.0,1.8
202202022032,130.0,1.8
202202022132,120.0,1.3
202202022232,119.0,1.3
202202022332,133.0,1.8
202202030032,129.0,1.8
202202030132,122.0,2.2
202202030232,109.0,0.9
202202030332,108.0,1.3
202202030432,120.0,0.9
202202030532,119.0,0.9
202202030632,121.0,0.9
202202030732,117.0,1.3
202202030832,106.0,1.3
202202030932,118.0,1.3
202202031032,123.0,0.9
202202031132,125.0,1.8
202202031232,131.0,1.3
202202031332,148.0,1.3
202202031432,146.0,1.8
202202031532,151.0,1.3
202202031632,165.0,1.3
202202031732,147.0,1.3
202202031832,151.0,0.9
202202031932,155.0,1.3
202202032032,189.0,1.3
202202032132,189.0,0.9
202202032232,176.0,1.3
202202032332,188.0,1.3
202202040032,212.0,1.3
202202040132,217.0,1.3
202202040232,233.0,1.3
202202040332,273.0,1.8
202202040432,298.0,2.2
202202040532,310.0,1.8
202202040632,320.0,1.3
202202040732,4.0,0.9
202202040832,306.0,0.4
202202040932,308.0,1.3
202202041032,328.0,2.2
202202041132,326.0,1.3
202202041232,327.0,1.3
202202041332,316.0,1.3
202202041432,318.0,1.3
202202041532,348.0,1.3
202202041632,319.0,1.8
202202041732,351.0,1.8
202202041832,331.0,1.3
202202041932,319.0,1.8
202202042032,340.0,2.2
202202042132,324.0,1.8
202202042332,345.0,1.8
202202050032,341.0,2.2
202202050132,334.0,2.7
202202050232,332.0,2.2
202202050332,340.0,1.8
202202050432,350.0,2.7
202202050532,349.0,2.7
202202050632,358.0,2.2
202202050732,351.0,2.2
202202050832,342.0,1.3
202202050932,357.0,1.8
202202051032,356.0,1.8
202202051132,348.0,1.3
202202051232,4.0,1.8
202202051332,22.0,1.3
202202051432,35.0,1.8
202202051532,27.0,3.1
202202051632,13.0,2.2
202202051732,357.0,2.2
202202051932,26.0,1.8
202202052032,43.0,1.3
202202052132,352.0,1.3
202202052232,13.0,0.9
202202052332,349.0,0.9
202202060032,,0.0
202202060132,,0.0
202202060232,,0.0
202202060332,,0.0
202202060432,,0.0
202202060532,,0.0
202202060632,,0.0
202202060732,,0.0
202202060832,,0.0
202202060932,126.0,0.4
202202061032,125.0,0.4
202202061132,128.0,0.9
202202061232,121.0,0.9
202202061332,136.0,2.2
202202061432,130.0,1.8
202202061532,125.0,2.2
202202061632,120.0,1.3
202202061732,121.0,1.8
202202061832,147.0,1.3
202202061932,145.0,1.3
202202062032,131.0,0.9
202202062132,93.0,0.9
202202062232,160.0,0.4
202202062332,120.0,0.4
202202070032,,0.0
202202070132,,0.0
202202070232,,0.0
202202070332,,0.0
202202070432,,0.0
202202070532,,0.0
202202070632,,0.0
202202070732,,0.0
202202070832,,0.0
202202070932,,0.0
202202071032,,0.0
202202071132,229.0,0.4
202202071232,,0.0
202202071332,,0.0
202202071432,,0.0
202202071532,,0.0
202202071632,325.0,1.3
202202071832,330.0,0.9
202202071932,289.0,1.3
202202072032,325.0,2.2
202202072132,313.0,1.8
202202072232,333.0,1.3
202202072332,326.0,1.3
202202080032,317.0,0.9
202202080132,325.0,2.2
202202080232,337.0,0.9
202202080332,334.0,1.8
202202080432,347.0,0.4
202202080532,344.0,0.9
202202080632,357.0,0.9
202202080732,8.0,1.3
202202080932,,0.0
202202081032,4.0,0.4
202202081132,,0.0
202202081232,1.0,0.9
202202081332,37.0,0.4
202202081432,61.0,0.9
202202081532,28.0,0.9
202202081632,13.0,2.2
202202081732,19.0,1.3
202202081832,357.0,1.8
202202081932,1.0,1.3
202202082032,331.0,0.9
202202082132,344.0,1.8
202202082232,327.0,0.9
202202082332,287.0,0.4
202202090032,,0.0
202202090232,,0.0
202202090332,,0.0
202202090432,,0.0
202202090532,,0.0
202202090632,,0.0
202202090732,,0.0
202202090832,,0.0
202202090932,,0.0
202202091032,,0.0
202202091132,,0.0
202202091232,,0.0
202202091332,,0.0
202202091432,163.0,0.4
202202091532,254.0,1.8
202202091632,261.0,1.3
202202091732,246.0,2.2
202202091832,241.0,2.2
202202091932,279.0,2.2
202202092032,276.0,2.2
202202092132,276.0,1.8
202202092232,266.0,1.8
202202092332,260.0,0.9
202202100032,,0.0
202202100132,,0.0
202202100232,,0.0
202202100332,,0.0
202202100432,,0.0
202202100532,,0.0
202202100632,,0.0
202202100732,,0.0
202202100832,,0.0
202202100932,,0.0
202202101032,,0.0
202202101132,,0.0
202202101232,,0.0
202202101332,283.0,0.9
202202101432,296.0,1.3
202202101532,268.0,1.8
202202101632,312.0,1.8
202202101732,308.0,2.2
202202101832,316.0,1.8
202202101932,292.0,2.2
202202102032,297.0,2.7
202202102132,287.0,1.3
202202102232,332.0,0.4
202202102332,,0.0
202202110032,,0.0
202202110132,,0.0
202202110232,,0.0
202202110332,,0.0
202202110432,,0.0
202202110532,,0.0
202202110632,,0.0
202202110732,,0.0
202202110832,227.0,1.3
202202110932,231.0,0.9
202202111032,,0.0
202202111132,,0.0
202202111232,,0.0
202202111332,237.0,1.3
202202111432,244.0,1.3
202202111532,228.0,1.8
202202111732,236.0,2.7
202202111832,246.0,2.7
202202111932,232.0,1.8
202202112032,224.0,1.3
202202112132,221.0,2.2
202202112232,214.0,1.3
202202112332,211.0,0.9
202202120032,225.0,0.9
202202120132,227.0,0.9
202202120232,228.0,0.9
202202120332,227.0,0.9
202202120432,,0.0
202202120532,231.0,0.9
202202120632,,0.0
202202120732,230.0,0.9
202202120832,237.0,0.9
202202120932,270.0,0.9
202202121032,268.0,0.9
202202121132,264.0,0.9
202202121232,254.0,0.9
202202121332,295.0,1.8
202202121432,354.0,1.3
202202121532,23.0,1.3
202202121632,351.0,2.2
202202121732,33.0,1.3
202202121832,343.0,1.8
202202121932,321.0,1.8
202202122032,330.0,2.2
202202122132,350.0,1.8
202202122332,354.0,2.2
202202130032,346.0,1.8
202202130132,351.0,2.7
202202130232,348.0,1.8
202202130332,352.0,1.8
202202130432,358.0,1.8
202202130532,359.0,2.2
202202130632,356.0,2.2
202202130732,2.0,1.8
202202130832,355.0,2.2
202202130932,344.0,2.7
202202131032,3.0,1.8
202202131132,348.0,1.8
202202131232,3.0,0.9
202202131332,351.0,1.3
202202131432,12.0,1.8
202202131532,25.0,2.7
202202131632,345.0,2.2
202202131732,354.0,2.7
202202131832,350.0,2.7
202202131932,334.0,2.2
202202132032,328.0,2.2
202202132132,347.0,1.8
202202132232,319.0,1.3
202202132332,314.0,0.9
202202140132,312.0,0.9
202202140232,312.0,0.9
202202140332,317.0,1.3
202202140432,,0.0
202202140632,,0.0
202202140732,,0.0
202202140832,,0.0
202202140932,,0.0
202202141032,,0.0
202202141132,,0.0
202202141232,,0.0
202202141332,,0.0
202202141532,310.0,1.8
202202141632,337.0,2.2
202202141732,307.0,2.2
202202141832,300.0,1.8
202202141932,284.0,1.8
202202142032,295.0,1.8
202202142132,289.0,1.8
202202142332,,0.0
202202150032,,0.0
202202150132,,0.0
202202150232,,0.0
202202150332,,0.0
202202150432,,0.0
202202150532,,0.0
202202150632,,0.0
202202150732,,0.0
202202150832,,0.0
202202150932,,0.0
202202151032,,0.0
202202151132,,0.0
202202151232,,0.0
202202151332,,0.0
202202151432,,0.0
202202151532,146.0,1.3
202202151732,136.0,1.3
202202151832,156.0,1.3
202202151932,152.0,1.8
202202152032,158.0,0.9
202202152132,173.0,0.9
202202152232,154.0,0.9
202202152332,138.0,0.9
202202160032,129.0,0.4
202202160132,139.0,0.9
202202160232,150.0,0.9
202202160332,157.0,0.9
202202160432,158.0,0.9
202202160532,156.0,1.3
202202160632,160.0,0.9
202202160732,159.0,0.9
202202160832,153.0,0.9
202202160932,141.0,0.9
202202161032,144.0,1.3
202202161132,146.0,0.9
202202161232,140.0,0.9
202202161332,143.0,1.3
202202161432,131.0,1.8
202202161532,147.0,1.8
202202161632,147.0,2.2
202202161732,171.0,1.3
202202161832,137.0,2.2
202202161932,165.0,1.8
202202162032,196.0,1.8
202202162132,186.0,1.3
202202162332,182.0,0.9
202202170032,182.0,0.4
202202170132,185.0,0.4
202202170232,201.0,0.4
202202170332,,0.0
202202170432,173.0,0.4
202202170532,201.0,0.4
202202170632,174.0,0.9
202202170732,172.0,1.3
202202170832,183.0,1.3
202202170932,162.0,1.3
202202171032,159.0,1.3
202202171132,163.0,1.3
202202171232,153.0,1.3
202202171332,155.0,1.8
202202171432,154.0,1.3
202202171532,175.0,1.8
202202171632,193.0,0.9
202202171732,193.0,1.8
202202171832,193.0,1.8
202202171932,196.0,2.2
202202172032,181.0,1.3
202202172132,209.0,1.3
202202172232,194.0,1.3
202202172332,201.0,1.3
202202180032,180.0,1.8
202202180132,288.0,2.7
202202180232,260.0,1.3
202202180332,273.0,1.8
202202180432,269.0,1.3
202202180532,306.0,2.2
202202180632,311.0,1.8
202202180732,328.0,2.7
202202180832,322.0,2.2
202202180932,336.0,2.2
202202181032,341.0,2.2
202202181132,358.0,2.2
202202181232,352.0,1.8
202202181332,8.0,2.2
202202181432,342.0,2.7
202202181532,344.0,2.2
202202181632,352.0,2.2
202202181732,338.0,2.7
202202181832,359.0,2.2
202202181932,343.0,1.3
202202182032,2.0,2.2
202202182132,,1.3
202202182232,9.0,0.9
202202182332,339.0,0.4
202202190032,,0.0
202202190132,345.0,1.3
202202190232,50.0,0.4
202202190332,351.0,0.9
202202190432,357.0,1.3
202202190532,,0.0
202202190632,347.0,0.9
202202190732,338.0,0.4
202202190832,,0.0
202202190932,,0.0
202202191032,8.0,0.4
202202191132,326.0,1.3
202202191232,335.0,1.3
202202191332,342.0,1.3
202202191432,338.0,1.3
202202191532,333.0,2.2
202202191632,351.0,2.2
202202191732,11.0,2.2
202202191832,333.0,1.8
202202191932,340.0,1.8
202202192132,337.0,2.2
202202192232,3.0,1.8
202202192332,357.0,1.3
202202200032,312.0,0.9
202202200132,,0.0
202202200232,335.0,0.9
202202200332,335.0,1.3
202202200532,,0.0
202202200632,,0.0
202202200732,,0.0
202202200832,,0.0
202202200932,,0.0
202202201032,,0.0
202202201132,,0.0
202202201232,,0.0
202202201332,,0.0
202202201432,121.0,1.3
202202201532,124.0,2.2
202202201632,143.0,2.2
202202201732,150.0,2.2
202202201832,140.0,2.2
202202201932,139.0,2.2
202202202032,158.0,1.3
202202202132,147.0,1.3
202202202332,179.0,0.4
202202210032,,0.0
202202210132,,0.0
202202210232,,0.0
202202210332,,0.0
202202210432,164.0,0.4
202202210532,186.0,0.4
202202210632,154.0,0.4
202202210732,,0.0
202202210832,,0.0
202202210932,,0.0
202202211032,,0.0
202202211132,,0.0
202202211232,,0.0
202202211332,,0.0
202202211432,121.0,0.9
202202211532,128.0,1.3
202202211632,142.0,1.3
202202211732,137.0,1.3
202202211832,154.0,0.9
202202211932,189.0,0.4
202202212032,164.0,1.3
202202212132,138.0,0.9
202202212232,140.0,1.3
202202212332,137.0,1.8
202202220032,133.0,1.8
202202220132,171.0,1.3
202202220232,148.0,1.3
202202220332,135.0,1.3
202202220432,135.0,1.3
202202220632,164.0,1.8
202202220732,179.0,1.3
202202220832,182.0,0.9
202202220932,180.0,0.9
202202221032,166.0,1.3
202202221132,173.0,0.9
202202221232,159.0,1.3
202202221332,177.0,0.9
202202221432,197.0,0.9
202202221532,176.0,0.9
202202221732,199.0,0.9
202202221832,158.0,0.4
202202222032,168.0,0.9
202202222132,150.0,0.4
202202222232,167.0,0.4
202202222332,141.0,0.4
202202230032,169.0,0.4
202202230132,175.0,0.4
202202230232,181.0,0.4
202202230332,,0.0
202202230432,,0.0
202202230532,192.0,0.9
202202230632,221.0,1.8
202202230732,227.0,1.3
202202230832,186.0,0.9
202202230932,358.0,1.8
202202231032,43.0,0.4
202202231132,21.0,0.9
202202231332,,0.0
202202231432,346.0,0.4
202202231532,17.0,0.9
202202231632,353.0,0.9
202202231732,101.0,0.4
202202231832,258.0,0.9
202202231932,315.0,1.3
202202232032,319.0,0.9
202202232132,290.0,0.4
202202232232,340.0,1.3
202202232332,336.0,0.9
202202240032,,0.0
202202240132,253.0,0.4
202202240232,6.0,0.4
202202240332,342.0,0.9
202202240432,,0.0
202202240532,84.0,0.4
202202240632,140.0,0.4
202202240732,,0.0
202202240832,,0.0
202202240932,,0.0
202202241032,,0.0
202202241132,,0.0
202202241232,,0.0
202202241332,237.0,0.4
202202241432,251.0,1.3
202202241532,233.0,1.8
202202241632,237.0,0.9
202202241732,233.0,1.3
202202241832,223.0,0.9
202202241932,201.0,0.4
202202242032,180.0,0.4
202202242132,190.0,0.9
202202242232,208.0,0.9
202202242332,235.0,0.9
202202250032,209.0,0.4
202202250132,216.0,0.4
202202250232,,0.0
202202250332,198.0,0.4
202202250432,201.0,0.4
202202250532,184.0,0.9
202202250632,226.0,2.2
202202250732,221.0,1.3
202202250832,212.0,1.3
202202250932,304.0,1.8
202202251032,317.0,1.8
202202251132,316.0,2.2
202202251232,345.0,2.7
202202251332,328.0,0.9
202202251432,346.0,2.2
202202251532,9.0,1.8
202202251632,337.0,2.2
202202251732,6.0,2.2
202202251832,350.0,2.2
202202251932,326.0,2.2
202202252032,348.0,1.8
202202252132,349.0,2.2
202202252232,342.0,1.3
202202252332,346.0,1.3
202202260032,329.0,0.9
202202260132,351.0,1.3
202202260232,350.0,1.8
202202260332,19.0,1.3
202202260432,29.0,1.8
202202260532,357.0,1.3
202202260632,7.0,1.8
202202260732,8.0,1.8
202202260832,18.0,1.3
202202260932,354.0,1.3
202202261032,9.0,1.3
202202261132,6.0,1.3
202202261232,10.0,0.4
202202261332,35.0,1.3
202202261432,59.0,1.3
202202261532,5.0,0.9
202202261632,52.0,0.9
202202261732,87.0,0.4
202202261832,357.0,1.8
202202261932,24.0,2.2
202202262032,33.0,1.3
202202262132,359.0,0.9
202202262232,82.0,0.4
202202262332,49.0,0.4
202202270032,59.0,0.4
202202270132,109.0,0.4
202202270232,34.0,0.4
202202270332,27.0,0.4
202202270432,8.0,0.9
202202270532,,0.0
202202270632,,0.0
202202270732,,0.0
202202270832,72.0,0.4
202202270932,28.0,0.4
202202271032,51.0,0.4
202202271132,,0.0
202202271232,,0.0
202202271332,,0.0
202202271432,358.0,0.4
202202271532,71.0,0.4
202202271632,78.0,0.4
202202271732,42.0,0.4
202202271832,40.0,0.9
202202271932,351.0,1.3
202202272032,337.0,1.8
202202272132,359.0,1.3
202202272232,54.0,0.9
202202272332,,0.0
202202280132,18.0,0.9
202202280232,357.0,1.3
202202280332,4.0,0.9
202202280432,28.0,0.4
202202280532,0.0,0.4
202202280632,6.0,0.9
202202280732,357.0,1.3
202202280832,12.0,1.3
202202280932,10.0,0.9
202202281032,,0.0
202202281132,311.0,0.4
202202281232,,0.0
202202281332,53.0,0.9
202202281432,46.0,1.3
202202281532,69.0,1.8
202202281632,25.0,1.3
202202281732,31.0,0.9
202202281832,47.0,0.9
202202281932,25.0,1.3
202202282032,356.0,1.8
202202282132,5.0,0.9
202202282232,,0.0
202203010032,,0.0
202203010132,,0.0
202203010232,,0.0
202203010332,,0.0
202203010432,,0.0
202203010532,,0.0
202203010632,,0.0
202203010732,,0.0
202203010832,,0.0
202203010932,,0.0
202203011032,,0.0
202203011132,,0.0
202203011232,,0.0
202203011332,,0.0
202203011432,44.0,0.4
202203011532,111.0,0.9
202203011632,1.0,1.3
202203011732,13.0,0.9
202203011832,317.0,0.9
202203011932,333.0,2.2
202203012032,304.0,1.8
202203012132,328.0,1.8
202203012232,295.0,1.3
202203012332,266.0,0.4
202203020032,301.0,1.3
202203020132,297.0,0.9
202203020232,299.0,0.9
202203020332,297.0,0.4
202203020432,,0.0
202203020532,302.0,1.3
202203020732,317.0,2.2
202203020832,319.0,1.8
202203020932,319.0,1.8
202203021032,332.0,1.8
202203021132,323.0,1.8
202203021232,332.0,1.3
202203021332,322.0,1.3
202203021432,325.0,1.3
202203021532,322.0,1.8
202203021632,313.0,1.8
202203021732,309.0,1.3
202203021832,324.0,1.8
202203021932,337.0,1.8
202203022032,310.0,2.2
202203022132,338.0,1.8
202203022232,308.0,1.8
202203022332,244.0,0.4
202203030032,,0.0
202203030132,293.0,0.4
202203030232,,0.0
202203030332,,0.0
202203030432,,0.0
202203030532,277.0,0.9
202203030632,269.0,0.4
202203030732,287.0,0.9
202203030832,294.0,0.9
202203030932,293.0,1.3
202203031032,303.0,0.9
202203031132,,0.0
202203031232,309.0,0.4
202203031332,297.0,0.4
202203031432,318.0,1.8
202203031532,337.0,1.8
202203031632,321.0,1.8
202203031732,279.0,1.3
202203031832,304.0,1.8
202203031932,336.0,1.8
202203032032,281.0,1.8
202203032132,296.0,1.8
202203032232,297.0,1.3
202203032332,290.0,0.4
202203040032,,0.0
202203040132,291.0,0.4
202203040232,,0.0
202203040332,324.0,0.4
202203040432,312.0,1.3
202203040532,305.0,0.4
202203040632,,0.0
202203040732,,0.0
202203040832,,0.0
202203040932,,0.0
202203041032,,0.0
202203041132,,0.0
202203041232,,0.0
202203041332,,0.0
202203041432,132.0,0.9
202203041532,132.0,1.8
202203041632,119.0,2.2
202203041732,164.0,1.3
202203041832,143.0,1.3
202203041932,124.0,1.3
202203042032,160.0,1.3
202203042132,147.0,0.9
202203042232,146.0,0.9
202203042332,103.0,0.4
202203050032,125.0,0.4
202203050132,130.0,0.9
202203050232,134.0,1.3
202203050332,136.0,0.9
202203050432,132.0,1.3
202203050532,136.0,1.3
202203050632,134.0,0.4
202203050732,134.0,0.9
202203050832,147.0,0.9
202203050932,129.0,0.9
202203051032,105.0,0.4
202203051132,125.0,0.9
202203051232,122.0,0.9
202203051332,143.0,1.3
202203051432,144.0,1.3
202203051532,144.0,1.8
202203051632,156.0,1.8
202203051732,187.0,1.8
202203051832,189.0,1.8
202203051932,181.0,2.2
202203052032,204.0,1.8
202203052132,185.0,1.3
202203052232,200.0,1.3
202203052332,184.0,0.9
202203060032,209.0,0.4
202203060132,200.0,0.4
202203060232,195.0,0.9
202203060332,182.0,0.4
202203060432,181.0,0.9
202203060532,197.0,0.4
202203060632,,0.0
202203060732,,0.0
202203060832,222.0,0.4
202203060932,,0.0
202203061032,,0.0
202203061132,,0.0
202203061232,,0.0
202203061332,173.0,0.4
202203061432,188.0,1.3
202203061532,180.0,1.3
202203061632,204.0,1.8
202203061732,211.0,1.8
202203061832,198.0,1.8
202203061932,218.0,1.3
202203062032,185.0,0.9
202203062132,212.0,1.3
202203062232,233.0,1.8
202203062332,,0.0
202203070032,,0.0
202203070132,,0.0
202203070232,,0.0
202203070332,,0.0
202203070432,199.0,0.9
202203070532,196.0,0.9
202203070632,193.0,0.4
202203070732,188.0,0.9
202203070832,179.0,0.4
202203070932,202.0,1.3
202203071032,225.0,1.8
202203071132,212.0,1.3
202203071232,182.0,0.9
202203071332,199.0,0.9
202203071432,206.0,1.3
202203071532,220.0,1.3
202203071632,228.0,2.2
202203071732,216.0,2.2
202203071832,270.0,1.3
202203071932,315.0,4.0
202203072032,324.0,3.1
202203072132,316.0,1.3
202203072232,325.0,1.8
202203072332,312.0,1.3
202203080132,336.0,1.8
202203080232,340.0,1.3
202203080332,352.0,1.3
202203080432,358.0,0.9
202203080532,358.0,1.3
202203080632,355.0,1.8
202203080732,9.0,2.2
202203080832,13.0,1.8
202203080932,21.0,0.9
202203081032,17.0,1.8
202203081132,17.0,1.3
202203081232,30.0,1.3
202203081332,30.0,1.3
202203081432,70.0,0.9
202203081532,37.0,1.3
202203081632,73.0,1.3
202203081732,13.0,1.3
202203081832,50.0,0.9
202203081932,141.0,0.9
202203082032,133.0,0.4
202203082132,139.0,0.9
202203082232,121.0,0.9
202203082332,72.0,0.4
202203090032,328.0,0.4
202203090132,344.0,0.4
202203090232,24.0,1.3
202203090332,119.0,0.4
202203090432,,0.0
202203090532,119.0,1.3
202203090632,87.0,1.8
202203090732,128.0,0.9
202203090832,107.0,0.4
202203090932,,0.0
202203091032,288.0,0.9
202203091132,316.0,2.2
202203091232,330.0,1.8
202203091332,334.0,2.2
202203091432,353.0,3.1
202203091532,15.0,1.8
202203091632,10.0,1.8
202203091732,3.0,2.7
202203091832,1.0,2.2
202203091932,359.0,1.3
202203092032,355.0,1.3
202203092132,345.0,1.8
202203092232,358.0,1.3
202203092332,358.0,0.9
202203100032,357.0,1.3
202203100132,359.0,1.3
202203100232,323.0,1.3
202203100332,348.0,1.3
202203100432,4.0,1.3
202203100532,20.0,0.4
202203100732,56.0,0.9
202203100832,18.0,0.9
202203101032,241.0,0.4
202203101132,,0.0
202203101232,,0.0
202203101332,78.0,0.4
202203101432,109.0,0.9
202203101532,109.0,0.9
202203101632,129.0,0.9
202203101732,324.0,1.3
202203101832,36.0,0.9
202203101932,332.0,1.3
202203102032,10.0,1.3
202203102132,309.0,1.3
202203102232,324.0,1.3
202203102332,325.0,0.4
202203110032,264.0,0.9
202203110132,,0.0
202203110232,,0.0
202203110332,79.0,0.4
202203110432,,0.0
202203110532,,0.0
202203110632,,0.0
202203110732,145.0,0.4
202203110832,131.0,0.4
202203110932,93.0,0.4
202203111032,126.0,0.9
202203111132,124.0,0.4
202203111232,118.0,0.4
202203111332,117.0,0.4
202203111432,103.0,0.4
202203111532,136.0,0.9
202203111632,133.0,1.3
202203111732,142.0,0.9
202203111832,99.0,0.4
202203111932,126.0,1.3
202203112032,123.0,0.4
202203112132,181.0,0.9
202203112232,154.0,0.4
202203112332,140.0,0.4
202203120032,,0.0
202203120132,,0.0
202203120232,126.0,0.4
202203120332,121.0,0.4
202203120432,339.0,3.6
202203120532,351.0,4.0
202203120632,354.0,3.1
202203120732,2.0,4.0
202203120832,354.0,3.6
202203120932,359.0,3.6
202203121032,342.0,3.1
202203121132,348.0,3.1
202203121232,349.0,4.0
202203121332,340.0,4.9
202203121432,338.0,4.5
202203121532,334.0,4.0
202203121732,348.0,4.0
202203121832,340.0,3.1
202203121932,332.0,3.6
202203122032,353.0,4.0
202203122132,336.0,2.7
202203122232,348.0,3.6
202203130032,334.0,0.9
202203130132,351.0,0.9
202203130232,344.0,0.4
202203130332,321.0,0.9
202203130432,333.0,0.9
202203130532,279.0,0.4
202203130632,,0.0
202203130732,,0.0
202203130832,,0.0
202203130932,,0.0
202203131132,,0.0
202203131232,,0.0
202203131332,,0.0
202203131432,233.0,0.4
202203131532,218.0,1.3
202203131632,290.0,1.3
202203131732,238.0,1.3
202203131832,236.0,1.3
202203131932,231.0,1.3
202203132032,229.0,1.3
202203132132,219.0,0.9
202203132232,212.0,0.4
202203132332,182.0,0.4
202203140032,256.0,0.4
202203140132,,0.0
202203140232,,0.0
202203140332,,0.0
202203140432,,0.0
202203140532,,0.0
202203140632,,0.0
202203140832,,0.0
202203140932,,0.0
202203141032,,0.0
202203141132,,0.0
202203141232,,0.0
202203141332,,0.0
202203141432,135.0,0.4
202203141532,158.0,1.3
202203141632,166.0,1.3
202203141732,153.0,1.3
202203141832,140.0,2.7
202203141932,221.0,1.8
202203142032,201.0,1.8
202203142232,167.0,1.3
202203142332,180.0,0.4
202203150032,,0.0
202203150132,,0.0
202203150232,,0.0
202203150332,,0.0
202203150432,,0.0
202203150532,,0.0
202203150632,,0.0
202203150732,,0.0
202203150832,,0.0
202203150932,,0.0
202203151032,,0.0
202203151132,,0.0
202203151232,,0.0
202203151332,120.0,0.4
202203151432,100.0,0.4
202203151532,123.0,0.9
202203151632,103.0,0.9
202203151732,104.0,1.3
202203151832,97.0,0.9
202203151932,80.0,0.9
202203152032,95.0,1.3
202203152232,98.0,1.8
202203152332,100.0,0.9
202203160032,105.0,1.3
202203160132,103.0,1.3
202203160232,107.0,1.8
202203160332,105.0,1.8
202203160432,111.0,2.2
202203160532,105.0,0.9
202203160632,87.0,1.3
202203160732,95.0,1.8
202203160832,112.0,1.8
202203160932,106.0,1.8
202203161032,110.0,1.8
202203161132,94.0,1.3
202203161232,110.0,1.3
202203161332,114.0,1.8
202203161432,111.0,1.3
202203161532,106.0,1.3
202203161632,121.0,1.3
202203161732,120.0,0.9
202203161832,122.0,0.9
202203161932,108.0,0.9
202203162032,124.0,1.8
202203162132,138.0,1.8
202203162232,129.0,0.4
202203162332,138.0,0.9
202203170032,,0.0
202203170132,,0.0
202203170232,,0.0
202203170332,,0.0
202203170432,,0.0
202203170532,274.0,0.4
202203170632,266.0,0.4
202203170732,,0.0
202203170832,235.0,0.4
202203170932,269.0,0.4
202203171032,,0.0
202203171132,,0.0
202203171232,,0.0
202203171332,,0.0
202203171432,108.0,0.4
202203171532,162.0,1.3
202203171632,144.0,1.8
202203171732,148.0,1.3
202203171832,197.0,1.3
202203171932,154.0,1.3
202203172032,203.0,1.3
202203172132,260.0,1.3
202203172232,165.0,0.4
202203172332,180.0,0.4
202203180032,,0.0
202203180132,,0.0
202203180232,,0.0
202203180332,,0.0
202203180432,,0.0
202203180732,,0.0
202203180832,,0.0
202203180932,,0.0
202203181032,,0.0
202203181132,,0.0
202203181232,,0.0
202203181332,185.0,0.4
202203181432,193.0,0.4
202203181532,112.0,1.8
202203181632,125.0,1.8
202203181732,132.0,2.2
202203181832,140.0,1.3
202203181932,155.0,1.8
202203182032,141.0,1.3
202203182132,152.0,0.9
202203182232,135.0,0.9
202203182332,166.0,0.4
202203190032,172.0,0.9
202203190132,184.0,0.9
202203190232,172.0,1.3
202203190332,182.0,0.9
202203190432,191.0,0.4
202203190532,218.0,1.3
202203190632,235.0,1.3
202203190732,287.0,2.2
202203190832,272.0,1.8
202203190932,253.0,1.8
202203191032,276.0,2.2
202203191132,268.0,1.8
202203191232,271.0,1.8
202203191332,263.0,1.8
202203191432,247.0,1.3
202203191532,264.0,1.8
202203191632,279.0,1.8
202203191732,290.0,2.2
202203191832,282.0,2.7
202203191932,303.0,2.2
202203192032,300.0,2.2
202203192132,328.0,2.2
202203192232,326.0,2.2
202203192332,315.0,2.2
202203200032,323.0,1.3
202203200132,336.0,0.9
202203200232,22.0,0.9
202203200432,,0.0
202203200532,284.0,0.4
202203200632,,0.0
202203200732,,0.0
202203200832,,0.0
202203200932,,0.0
202203201032,,0.0
202203201132,,0.0
202203201232,,0.0
202203201332,,0.0
202203201432,305.0,1.8
202203201532,333.0,1.3
202203201632,313.0,2.2
202203201732,349.0,2.2
202203201932,345.0,2.7
202203202032,343.0,1.8
202203202132,333.0,1.3
202203202232,3.0,1.8
202203202332,342.0,1.3
202203210032,330.0,0.4
202203210132,344.0,0.4
202203210232,,0.0
202203210332,284.0,0.4
202203210432,,0.0
202203210532,25.0,0.4
202203210732,,0.0
202203210832,,0.0
202203210932,,0.0
202203211132,,0.0
202203211232,,0.0
202203211332,,0.0
202203211432,142.0,1.3
202203211632,130.0,1.8
202203211732,139.0,1.8
202203211832,160.0,2.2
202203211932,134.0,2.2
202203212032,165.0,1.3
202203212132,184.0,0.9
202203212232,152.0,1.3
202203212332,136.0,0.9
202203220032,134.0,0.4
202203220132,128.0,0.4
202203220232,154.0,0.4
202203220332,145.0,1.3
202203220432,160.0,0.9
202203220532,147.0,0.9
202203220632,164.0,0.4
202203220732,157.0,0.9
202203220832,148.0,1.3
202203220932,146.0,1.3
202203221032,138.0,0.9
202203221132,142.0,1.3
202203221232,144.0,1.3
202203221332,136.0,1.8
202203221432,147.0,1.3
202203221532,151.0,2.2
202203221632,166.0,2.2
202203221732,139.0,2.7
202203221832,167.0,2.2
202203221932,144.0,3.1
202203222032,145.0,1.3
202203222132,146.0,2.2
202203222232,147.0,2.2
202203222332,143.0,2.7
202203230132,154.0,2.2
202203230232,148.0,1.8
202203230332,289.0,1.3
202203230432,135.0,2.2
202203230532,138.0,1.8
202203230632,150.0,1.8
202203230732,149.0,1.3
202203230832,141.0,1.3
202203230932,147.0,0.9
202203231032,180.0,0.9
202203231132,175.0,1.3
202203231232,177.0,0.4
202203231332,197.0,0.9
202203231432,258.0,1.8
202203231532,239.0,2.7
202203231632,224.0,1.8
202203231732,220.0,2.2
202203231832,230.0,2.7
202203231932,256.0,2.7
202203232032,211.0,2.2
202203232132,237.0,2.7
202203232232,277.0,2.2
202203232332,279.0,2.7
202203240032,278.0,1.8
202203240132,296.0,2.2
202203240232,309.0,1.3
202203240332,309.0,1.8
202203240432,308.0,0.9
202203240532,321.0,1.3
202203240632,320.0,1.8
202203240732,324.0,1.3
202203240832,338.0,0.9
202203240932,347.0,1.3
202203241032,,0.0
202203241132,,0.0
202203241232,,0.0
202203241332,141.0,0.4
202203241432,164.0,0.4
202203241532,279.0,2.2
202203241632,286.0,2.7
202203241732,287.0,2.7
202203241832,276.0,3.6
202203241932,253.0,2.2
202203242032,296.0,2.2
202203242132,293.0,2.2
202203242232,283.0,1.3
202203242332,279.0,1.8
202203250032,272.0,0.4
202203250132,,0.0
202203250232,,0.0
202203250332,,0.0
202203250432,,0.0
202203250532,,0.0
202203250632,310.0,0.4
202203250732,317.0,1.8
202203250832,335.0,1.3
202203250932,343.0,1.3
202203251032,,0.0
202203251132,286.0,0.4
202203251232,304.0,0.9
202203251332,322.0,1.8
202203251432,306.0,1.8
202203251532,310.0,1.8
202203251632,297.0,2.2
202203251732,306.0,2.7
202203251932,307.0,2.7
202203252032,307.0,2.2
202203252132,310.0,2.7
202203252232,309.0,2.7
202203252332,314.0,1.8
202203260032,311.0,1.3
202203260132,313.0,1.3
202203260232,323.0,1.3
202203260332,323.0,0.9
202203260432,307.0,0.4
202203260532,,0.0
202203260632,288.0,0.9
202203260732,287.0,2.7
202203260932,330.0,2.2
202203261032,322.0,1.8
202203261132,312.0,1.3
202203261232,294.0,1.8
202203261332,295.0,1.8
202203261432,310.0,3.1
202203261532,307.0,4.0
202203261632,319.0,3.1
202203261732,316.0,3.6
202203261832,307.0,3.6
202203261932,319.0,3.6
202203262032,283.0,3.6
202203262232,317.0,3.6
202203262332,316.0,3.1
202203270032,323.0,2.2
202203270132,318.0,2.2
202203270232,316.0,2.2
202203270332,320.0,2.2
202203270432,311.0,1.3
202203270532,297.0,0.9
202203270632,319.0,1.8
202203270832,329.0,1.8
202203270932,324.0,1.3
202203271032,338.0,1.3
202203271132,323.0,1.8
202203271232,344.0,1.8
202203271332,353.0,2.7
202203271432,343.0,2.7
202203271532,3.0,3.1
202203271632,350.0,3.1
202203271732,333.0,2.7
202203271832,1.0,2.7
202203271932,309.0,2.2
202203272032,300.0,2.2
202203272132,322.0,1.8
202203272232,326.0,1.8
202203272332,349.0,1.8
202203280032,334.0,0.9
202203280132,332.0,0.9
202203280232,347.0,0.4
202203280332,178.0,0.4
202203280432,,0.0
202203280732,,0.0
202203280832,38.0,1.3
202203280932,,0.0
202203281032,294.0,0.4
202203281132,288.0,0.4
202203281232,,0.0
202203281332,34.0,0.9
202203281432,59.0,1.3
202203281532,12.0,1.3
202203281632,330.0,1.8
202203281732,24.0,2.2
202203281832,322.0,1.8
202203281932,4.0,1.8
202203282032,323.0,1.8
202203282132,331.0,1.3
202203282232,347.0,1.8
202203282332,330.0,0.9
202203290032,287.0,0.4
202203290132,,0.0
202203290232,,0.0
202203290332,,0.0
202203290432,,0.0
202203290532,,0.0
202203290632,,0.0
202203290732,20.0,0.9
202203290832,,0.0
202203290932,,0.0
202203291032,,0.0
202203291132,,0.0
202203291232,137.0,0.4
202203291332,71.0,0.4
202203291432,138.0,1.8
202203291532,153.0,1.3
202203291632,143.0,1.8
202203291732,170.0,1.8
202203291832,181.0,1.8
202203292032,188.0,1.3
202203292132,196.0,1.8
202203292232,176.0,0.9
202203292332,208.0,0.4
202203300032,199.0,0.4
202203300232,203.0,0.4
202203300332,178.0,0.4
202203300432,151.0,1.3
202203300532,168.0,0.9
202203300632,163.0,0.9
202203300732,188.0,0.9
202203300832,166.0,0.9
202203300932,162.0,0.9
202203301032,153.0,0.4
202203301132,125.0,0.9
202203301232,121.0,0.9
202203301332,132.0,1.3
202203301432,136.0,1.8
202203301532,150.0,2.7
202203301632,167.0,2.2
202203301732,157.0,2.2
202203301832,164.0,2.7
202203301932,165.0,3.1
202203302032,196.0,2.2
202203302132,200.0,2.7
202203302332,177.0,2.7
202203310032,181.0,1.8
202203310132,194.0,1.3
202203310232,190.0,2.2
202203310332,203.0,1.8
202203310432,201.0,1.8
202203310532,175.0,1.3
202203310632,243.0,0.9
202203310732,194.0,0.9
202203310832,203.0,0.9
202203310932,220.0,0.9
202203311032,231.0,0.9
202203311132,273.0,0.9
202203311232,258.0,0.9
202203311332,234.0,1.3
202203311432,244.0,1.3
202203311632,283.0,2.7
202203311732,284.0,1.8
202203311832,279.0,2.7
202203311932,250.0,2.7
202203312032,287.0,2.2
202203312132,299.0,2.2
202203312232,296.0,2.2
202203312332,289.0,1.3
202204010032,231.0,0.4
202204010132,221.0,0.4
202204010332,246.0,1.3
202204010532,274.0,0.4
202204010632,293.0,0.9
202204010732,321.0,0.4
202204010832,309.0,1.3
202204010932,301.0,1.3
202204011032,325.0,0.9
202204011132,185.0,0.4
202204011232,346.0,0.9
202204011332,9.0,2.2
202204011432,356.0,2.7
202204011532,311.0,2.2
202204011632,335.0,2.2
202204011732,352.0,1.3
202204011832,285.0,0.9
202204011932,331.0,1.8
202204012032,31.0,1.8
202204012132,0.0,1.3
202204012232,330.0,1.3
202204012332,331.0,0.9
202204020032,,0.0
202204020132,306.0,0.4
202204020232,311.0,0.4
202204020332,,0.0
202204020432,,0.0
202204020632,,0.0
202204020732,,0.0
202204020832,,0.0
202204020932,279.0,0.4
202204021032,,0.0
202204021132,,0.0
202204021232,,0.0
202204021332,26.0,0.9
202204021432,100.0,0.9
202204021532,143.0,1.3
202204021632,182.0,0.9
202204021732,135.0,0.9
202204021832,137.0,1.3
202204021932,114.0,1.3
202204022032,253.0,1.8
202204022132,270.0,1.3
202204022232,248.0,1.3
202204022332,267.0,0.9
202204030032,257.0,0.4
202204030132,,0.0
202204030232,,0.0
202204030332,274.0,0.4
202204030432,,0.0
202204030532,,0.0
202204030632,,0.0
202204030732,,0.0
202204030832,,0.0
202204030932,,0.0
202204031032,,0.0
202204031132,336.0,0.9
202204031232,17.0,1.3
202204031332,25.0,1.8
202204031432,3.0,2.7
202204031632,6.0,2.7
202204031732,339.0,2.2
202204031932,356.0,2.2
202204032032,333.0,1.8
202204032132,346.0,1.8
202204032232,333.0,1.3
202204032332,318.0,1.3
202204040032,316.0,1.3
202204040132,314.0,0.9
202204040232,,0.0
202204040332,,0.0
202204040432,,0.0
202204040532,,0.0
202204040632,,0.0
202204040732,,0.0
202204040832,,0.0
202204040932,,0.0
202204041032,,0.0
202204041132,,0.0
202204041332,139.0,1.8
202204041432,148.0,1.8
202204041532,139.0,1.8
202204041632,159.0,1.3
202204041732,218.0,1.3
202204041832,198.0,1.3
202204041932,289.0,1.8
202204042032,236.0,1.3
202204042132,218.0,0.9
202204042232,313.0,0.4
202204042332,184.0,0.4
202204050032,,0.0
202204050132,,0.0
202204050332,,0.0
202204050432,,0.0
202204050532,,0.0
202204050632,,0.0
202204050832,,0.0
202204050932,,0.0
202204051032,,0.0
202204051132,105.0,0.4
202204051232,67.0,0.4
202204051332,,0.0
202204051432,111.0,1.3
202204051532,119.0,0.9
202204051632,116.0,2.7
202204051732,127.0,1.3
202204051832,125.0,2.2
202204051932,165.0,1.3
202204052032,202.0,0.4
202204052132,256.0,1.8
202204052232,262.0,2.2
202204052332,262.0,1.3
202204060032,286.0,1.3
202204060232,332.0,1.3
202204060432,,0.0
202204060532,,0.0
202204060632,,0.0
202204060732,,0.0
202204060832,,0.0
202204061132,,0.0
202204061232,,0.0
202204061332,,0.0
202204061432,155.0,0.4
202204061532,,0.0
202204061632,233.0,0.9
202204061732,224.0,1.8
202204061832,218.0,2.2
202204062032,214.0,1.3
202204062132,222.0,0.4
202204062232,226.0,0.9
202204062332,328.0,2.2
202204070032,357.0,2.2
202204070132,354.0,1.3
202204070232,347.0,1.3
202204070332,334.0,1.8
202204070432,343.0,1.8
202204070532,336.0,1.3
202204070632,335.0,1.3
202204070732,333.0,0.9
202204070832,335.0,1.3
202204070932,305.0,0.9
202204071032,327.0,0.9
202204071132,316.0,1.3
202204071232,302.0,1.3
202204071332,312.0,1.3
202204071432,310.0,2.2
202204071632,294.0,2.2
202204071732,281.0,3.6
202204071832,287.0,3.1
202204071932,298.0,2.7
202204072032,322.0,2.2
202204072132,301.0,3.1
202204072232,311.0,2.2
202204072332,318.0,3.6
202204080032,314.0,1.8
202204080132,310.0,1.3
202204080232,292.0,0.9
202204080332,281.0,0.4
202204080432,,0.0
202204080532,276.0,0.4
202204080632,261.0,0.9
202204080732,253.0,0.4
202204080832,244.0,0.9
202204080932,244.0,0.4
202204081032,252.0,0.9
202204081132,250.0,0.9
202204081232,274.0,1.8
202204081332,283.0,1.8
202204081432,273.0,1.8
202204081532,284.0,2.2
202204081632,267.0,1.8
202204081832,269.0,1.8
202204081932,309.0,1.8
202204082032,279.0,1.3
202204082132,295.0,2.7
202204082232,306.0,1.8
202204082332,279.0,1.8
202204090032,306.0,1.3
202204090232,306.0,0.9
202204090332,313.0,1.3
202204090432,304.0,0.9
202204090532,307.0,0.9
202204090632,297.0,0.9
202204090732,303.0,1.3
202204090832,300.0,0.9
202204090932,301.0,0.9
202204091032,333.0,1.3
202204091132,307.0,0.9
202204091232,297.0,0.9
202204091332,284.0,1.3
202204091432,304.0,2.7
202204091632,341.0,2.7
202204091732,332.0,3.1
202204091832,299.0,2.7
202204091932,302.0,2.2
202204092032,312.0,3.1
202204092132,297.0,3.1
202204092232,315.0,2.2
202204092332,302.0,2.7
202204100132,293.0,0.4
202204100232,296.0,0.9
202204100332,,0.0
202204100432,,0.0
202204100632,,0.0
202204100732,,0.0
202204100832,,0.0
202204101032,,0.0
202204101132,,0.0
202204101232,,0.0
202204101432,163.0,0.9
202204101532,202.0,1.3
202204101632,237.0,1.3
202204101732,230.0,1.3
202204101832,219.0,1.3
202204101932,239.0,1.3
202204102032,187.0,1.3
202204102132,188.0,1.3
202204102232,183.0,1.3
202204102332,201.0,0.4
202204110032,238.0,0.4
202204110132,201.0,0.4
202204110232,205.0,0.9
202204110332,,0.0
202204110432,205.0,0.4
202204110532,222.0,1.3
202204110632,219.0,0.9
202204110732,213.0,0.9
202204110832,,0.0
202204110932,242.0,0.4
202204111032,,0.0
202204111332,222.0,0.4
202204111432,258.0,0.9
202204111532,256.0,0.9
202204111632,150.0,0.9
202204111732,183.0,0.9
202204111832,169.0,0.9
202204111932,161.0,1.8
202204112132,159.0,0.9
202204112332,154.0,0.4
202204120132,209.0,0.4
202204120232,,0.0
202204120332,,0.0
202204120432,,0.0
202204120532,,0.0
202204120732,200.0,0.4
202204120932,219.0,0.9
202204121032,215.0,0.4
202204121232,200.0,0.9
202204121332,314.0,0.4
202204121432,215.0,0.9
202204121532,152.0,0.9
202204121632,197.0,1.3
202204121732,232.0,2.2
202204121832,228.0,1.8
202204121932,181.0,1.3
202204122032,176.0,1.8
202204122132,227.0,1.8
202204122232,213.0,1.3
202204122332,206.0,1.3
202204130032,202.0,0.9
202204130232,197.0,0.4
202204130332,195.0,0.4
202204130432,196.0,0.9
202204130532,166.0,0.9
202204130632,223.0,0.4
202204130732,189.0,0.9
202204130832,169.0,0.4
202204131032,175.0,1.3
202204131132,215.0,1.3
202204131232,219.0,1.8
202204131332,205.0,1.3
202204131432,196.0,1.3
202204131532,180.0,1.3
202204131632,187.0,1.8
202204131732,174.0,1.8
202204131832,173.0,1.8
202204131932,180.0,2.2
202204132032,189.0,1.3
202204132132,213.0,1.3
202204132232,180.0,1.3
202204132332,179.0,1.3
202204140032,204.0,1.3
202204140132,161.0,0.9
202204140332,,0.0
202204140532,15.0,0.4
202204140632,10.0,1.3
202204140732,126.0,1.3
202204140832,,0.0
202204140932,248.0,0.4
202204141032,263.0,0.4
202204141132,,0.0
202204141332,1.0,2.2
202204141432,0.0,3.6
202204141532,343.0,1.8
202204141632,7.0,1.8
202204141732,342.0,1.3
202204141832,337.0,2.2
202204141932,330.0,1.8
202204142032,335.0,2.2
202204142132,333.0,2.2
202204142232,344.0,1.8
202204142332,356.0,1.3
202204150032,326.0,0.9
202204150132,345.0,0.4
202204150232,,0.0
202204150332,,0.0
202204150432,,0.0
202204150532,,0.0
202204150632,,0.0
202204150732,,0.0
202204150832,,0.0
202204150932,,0.0
202204151032,,0.0
202204151132,,0.0
202204151232,26.0,0.4
202204151332,97.0,1.3
202204151432,149.0,1.8
202204151532,144.0,1.3
202204151632,137.0,1.8
202204151732,122.0,2.2
202204151832,191.0,1.8
202204151932,161.0,1.8
202204152032,163.0,1.3
202204152132,168.0,1.3
202204152232,171.0,0.9
202204152332,147.0,0.9
202204160032,,0.0
202204160132,181.0,0.4
202204160332,172.0,0.9
202204160432,,0.0
202204160532,157.0,0.4
202204160632,165.0,0.9
202204160732,141.0,0.4
202204160932,19.0,0.9
202204161032,169.0,0.9
202204161132,202.0,0.4
202204161232,224.0,0.9
202204161332,233.0,0.9
202204161432,251.0,1.3
202204161532,351.0,0.4
202204161632,298.0,1.3
202204161832,261.0,0.9
202204161932,267.0,0.9
202204162032,285.0,0.9
202204162132,283.0,0.4
202204162232,326.0,0.9
202204162332,213.0,0.4
202204170032,3.0,0.4
202204170132,207.0,0.4
202204170232,,0.0
202204170332,,0.0
202204170432,,0.0
202204170532,,0.0
202204170632,,0.0
202204170732,,0.0
202204170832,,0.0
202204170932,,0.0
202204171032,22.0,0.4
202204171132,,0.0
202204171232,48.0,0.9
202204171332,48.0,0.9
202204171432,,0.0
202204171532,47.0,1.3
202204171632,183.0,0.4
202204171732,103.0,0.4
202204171832,116.0,1.3
202204171932,214.0,0.4
202204172032,130.0,0.4
202204172132,103.0,0.4
202204172232,165.0,0.4
202204172332,80.0,0.4
202204180032,101.0,0.4
202204180132,70.0,0.4
202204180232,,0.0
202204180332,,0.0
202204180432,125.0,0.9
202204180532,,0.0
202204180632,,0.0
202204180732,,0.0
202204180832,272.0,0.4
202204180932,277.0,0.4
202204181032,302.0,0.4
202204181132,311.0,1.3
202204181232,310.0,1.3
202204181332,75.0,0.4
202204181432,,0.9
202204181532,345.0,2.2
202204181632,344.0,1.8
202204181732,357.0,2.2
202204181832,346.0,2.2
202204181932,340.0,3.6
202204182032,354.0,2.7
202204182132,355.0,2.7
202204182232,354.0,2.7
202204182332,346.0,1.8
202204190032,352.0,0.9
202204190132,356.0,0.9
202204190232,21.0,0.9
202204190332,7.0,1.3
202204190432,7.0,1.3
202204190532,352.0,0.4
202204190632,,0.0
202204190832,,0.0
202204190932,,1.3
202204191032,7.0,1.3
202204191132,,0.0
202204191232,47.0,0.4
202204191432,1.0,2.7
202204191532,5.0,2.7
202204191632,322.0,1.8
202204191732,1.0,2.2
202204191832,325.0,1.3
202204191932,347.0,2.2
202204192032,1.0,1.8
202204192132,326.0,1.3
202204192232,5.0,0.9
202204192332,47.0,0.4
202204200032,,0.0
202204200332,,0.0
202204200432,,0.0
202204200832,,0.0
202204200932,,0.0
202204201032,,0.0
202204201132,,0.0
202204201232,116.0,0.9
202204201332,126.0,2.2
202204201432,134.0,2.7
202204201532,120.0,2.7
202204201632,137.0,2.2
202204201732,132.0,2.2
202204201832,151.0,2.2
202204201932,148.0,1.8
202204202032,167.0,1.8
202204202132,149.0,1.3
202204202232,140.0,1.3
202204202332,150.0,0.4
202204210032,147.0,1.3
202204210132,149.0,0.9
202204210232,144.0,1.8
202204210332,170.0,0.9
202204210432,161.0,0.9
202204210532,159.0,1.3
202204210632,176.0,0.4
202204210832,147.0,1.3
202204210932,147.0,0.9
202204211032,153.0,1.3
202204211132,136.0,0.9
202204211332,140.0,1.3
202204211432,142.0,1.3
202204211532,177.0,1.3
202204211632,171.0,1.3
202204211732,168.0,1.3
202204211832,165.0,1.8
202204211932,217.0,0.9
202204212032,186.0,1.8
202204212132,170.0,0.9
202204212232,157.0,0.9
202204212332,,0.0
202204220032,,0.0
202204220132,,0.0
202204220232,,0.0
202204220332,,0.0
202204220432,,0.0
202204220532,,0.0
202204220632,,0.0
202204220732,,0.0
202204220832,,0.0
202204220932,,0.0
202204221032,,0.0
202204221132,,0.0
202204221232,,0.0
202204221332,111.0,0.4
202204221432,172.0,0.9
202204221532,235.0,0.9
202204221632,148.0,1.3
202204221732,186.0,1.3
202204221832,151.0,1.8
202204222032,120.0,1.8
202204222132,163.0,1.3
202204222232,130.0,1.3
202204222332,147.0,0.4
202204230032,,0.0
202204230132,,0.0
202204230232,,0.0
202204230332,,0.0
202204230432,,0.0
202204230532,,0.0
202204230732,,0.0
202204230832,,0.0
202204231032,,0.0
202204231132,,0.0
202204231232,,0.0
202204231332,183.0,0.4
202204231432,186.0,0.9
202204231532,193.0,0.9
202204231732,152.0,1.8
202204231832,160.0,1.3
202204231932,147.0,1.8
202204232032,217.0,1.8
202204232132,160.0,1.3
202204232232,154.0,1.3
202204232332,150.0,0.9
202204240032,129.0,0.4
202204240132,152.0,0.4
202204240232,,0.0
202204240332,,0.0
202204240432,,0.0
202204240532,,0.0
202204240632,,0.0
202204240732,169.0,0.4
202204240832,145.0,0.4
202204240932,213.0,0.4
202204241032,,0.0
202204241132,,0.0
202204241232,150.0,0.4
202204241332,180.0,0.9
202204241432,183.0,1.3
202204241532,152.0,1.8
202204241632,160.0,0.9
202204241732,172.0,1.3
202204241832,175.0,1.3
202204241932,187.0,1.3
202204242032,195.0,1.3
202204242132,202.0,0.4
202204242232,154.0,0.4
202204242332,,0.0
202204250032,,0.0
202204250132,,0.0
202204250232,,0.0
202204250332,,0.0
202204250432,,0.0
202204250532,,0.0
202204250632,,0.0
202204250732,,0.0
202204250832,,0.0
202204250932,,0.0
202204251032,,0.0
202204251132,,0.0
202204251232,,0.0
202204251332,227.0,0.9
202204251432,254.0,1.8
202204251532,228.0,1.3
202204251632,225.0,1.8
202204251732,234.0,1.8
202204251832,218.0,1.8
202204251932,263.0,1.3
202204252132,203.0,0.9
202204252232,205.0,0.9
202204252332,207.0,0.4
202204260032,240.0,0.4
202204260132,,0.0
202204260232,,0.0
202204260332,,0.0
202204260432,,0.0
202204260532,,0.0
202204260632,275.0,0.4
202204260932,346.0,0.9
202204261032,357.0,1.3
202204261132,348.0,1.3
202204261232,5.0,0.9
202204261332,353.0,0.9
202204261432,20.0,0.9
202204261532,15.0,0.9
202204261632,345.0,1.3
202204261732,342.0,1.3
202204261832,19.0,1.8
202204261932,353.0,1.3
202204262032,30.0,1.3
202204262232,332.0,1.3
202204262332,351.0,1.3
202204270032,342.0,1.3
202204270132,25.0,0.4
202204270232,348.0,0.9
202204270332,6.0,1.8
202204270432,357.0,1.8
202204270532,9.0,1.3
202204270632,11.0,0.4
202204270732,13.0,0.4
202204270832,41.0,0.9
202204270932,39.0,1.3
202204271032,66.0,0.9
202204271132,44.0,1.8
202204271232,56.0,1.8
202204271332,39.0,2.2
202204271432,57.0,2.2
202204271532,80.0,1.3
202204271632,33.0,2.2
202204271732,22.0,1.8
202204271832,68.0,1.8
202204272132,57.0,2.2
202204272232,52.0,1.8
202204272332,35.0,1.3
202204280032,,0.0
202204280132,,0.0
202204280232,,0.0
202204280332,,0.0
202204280432,,0.0
202204280532,,0.0
202204280632,,0.0
202204280732,,0.0
202204280832,,0.0
202204280932,,0.0
202204281032,,0.0
202204281132,,0.0
202204281232,,0.0
202204281332,122.0,0.9
202204281432,127.0,0.9
202204281532,131.0,0.9
202204281832,165.0,0.9
202204281932,163.0,1.3
202204282032,147.0,1.3
202204282132,144.0,0.9
202204282232,132.0,0.9
202204282332,,0.0
202204290032,,0.0
202204290132,,0.0
202204290232,,0.0
202204290332,,0.0
202204290432,,0.0
202204290532,,0.0
202204290632,,0.0
202204290732,,0.0
202204290832,,0.0
202204290932,,0.0
202204291032,,0.0
202204291132,,0.0
202204291232,,0.0
202204291332,,0.0
202204291432,198.0,0.9
202204291532,226.0,1.3
202204291632,174.0,1.3
202204291732,205.0,1.3
202204291832,213.0,0.9
202204291932,209.0,1.3
202204292032,162.0,0.9
202204292132,189.0,1.3
202204292232,188.0,0.9
202204292332,204.0,0.4
202204300032,,0.0
202204300232,,0.0
202204300332,,0.0
202204300432,,0.0
202204300532,,0.0
202204300632,,0.0
202204300732,,0.0
202204300832,,0.0
202204300932,,0.0
202204301032,,0.0
202204301132,,0.0
202204301232,,0.0
202204301332,122.0,0.9
202204301432,184.0,0.4
202204301532,140.0,0.9
202204301632,214.0,0.9
202204301732,172.0,0.9
202204301832,159.0,1.3
202204301932,183.0,0.9
202204302032,171.0,0.9
202204302132,211.0,0.9
202204302232,169.0,0.4
202204302332,192.0,0.4
202205010032,,0.0
202205010132,231.0,0.4
202205010232,250.0,0.4
202205010332,230.0,0.4
202205010432,,0.0
202205010532,,0.0
202205010632,,0.0
202205010732,,0.0
202205010832,233.0,0.4
202205010932,217.0,0.4
202205011032,222.0,0.4
202205011132,218.0,0.4
202205011232,207.0,0.9
202205011332,247.0,0.4
202205011432,293.0,0.9
202205011532,295.0,1.3
202205011632,295.0,1.3
202205011732,286.0,1.3
202205011832,223.0,0.9
202205011932,257.0,1.3
202205012032,245.0,0.4
202205012132,257.0,1.3
202205012232,255.0,0.4
202205012332,234.0,0.9
202205020032,,0.0
202205020132,,0.0
202205020232,,0.0
202205020332,209.0,0.4
202205020432,,0.0
202205020532,,0.0
202205020632,,0.0
202205020732,,0.0
202205020832,,0.0
202205020932,,0.0
202205021032,,0.0
202205021132,,0.0
202205021232,,0.0
202205021332,,0.0
202205021432,184.0,0.9
202205021532,138.0,0.9
202205021632,187.0,0.9
202205021732,211.0,0.4
202205021832,245.0,0.9
202205021932,214.0,0.9
202205022032,283.0,0.4
202205022132,277.0,1.3
202205022232,242.0,0.4
202205022332,,0.0
202205030032,,0.0
202205030132,,0.0
202205030232,,0.0
202205030332,,0.0
202205030432,,0.0
202205030532,,0.0
202205030732,,0.0
202205030832,,0.0
202205030932,225.0,0.4
202205031032,,0.0
202205031132,237.0,0.4
202205031232,227.0,0.9
202205031332,261.0,0.9
202205031432,243.0,1.3
202205031532,255.0,1.3
202205031632,233.0,2.2
202205031732,264.0,1.3
202205031832,215.0,1.3
202205031932,213.0,1.3
202205032032,228.0,0.9
202205032132,223.0,1.3
202205032232,223.0,1.3
202205032332,228.0,0.4
202205040032,,0.0
202205040132,,0.0
202205040232,,0.0
202205040332,,0.0
202205040432,,0.0
202205040532,,0.0
202205040632,,0.0
202205040732,225.0,0.4
202205040832,,0.0
202205040932,286.0,0.4
202205041032,,0.0
202205041132,,0.0
202205041232,,0.0
202205041332,217.0,0.4
202205041432,276.0,0.9
202205041532,214.0,0.4
202205041632,285.0,0.9
202205041732,317.0,1.3
202205041832,304.0,0.9
202205041932,313.0,1.3
202205042032,329.0,0.9
202205042132,313.0,1.3
202205042232,340.0,0.9
202205042332,342.0,0.9
202205050032,356.0,0.9
202205050132,335.0,0.9
202205050232,323.0,0.4
202205050332,,0.0
202205050432,,0.0
202205050532,,0.0
202205050632,,0.0
202205050732,,0.0
202205050832,,0.0
202205050932,,0.0
202205051032,,0.0
202205051232,,0.0
202205051332,125.0,0.4
202205051432,142.0,0.4
202205051532,166.0,0.4
202205051632,249.0,0.9
202205051732,169.0,0.9
202205051832,222.0,0.4
202205051932,192.0,0.9
202205052032,184.0,0.4
202205052132,201.0,0.4
202205052232,216.0,0.9
202205052332,235.0,0.4
202205060032,,0.0
202205060132,,0.0
202205060232,,0.0
202205060332,,0.0
202205060432,,0.0
202205060532,242.0,0.9
202205060632,284.0,0.9
202205060732,,0.0
202205060832,,0.0
202205060932,,0.0
202205061032,217.0,0.4
202205061132,224.0,1.3
202205061232,230.0,0.4
202205061332,234.0,0.9
202205061432,229.0,1.8
202205061532,215.0,1.8
202205061632,248.0,1.8
202205061732,229.0,1.8
202205061832,243.0,2.7
202205061932,256.0,2.2
202205062032,340.0,1.3
202205062132,282.0,1.3
202205062232,333.0,0.4
202205062332,287.0,1.8
202205070032,291.0,0.4
202205070132,311.0,0.4
202205070232,267.0,0.4
202205070332,288.0,0.4
202205070432,284.0,0.9
202205070532,312.0,0.9
202205070632,269.0,0.9
202205070732,301.0,1.3
202205070832,288.0,0.9
202205070932,293.0,0.9
202205071032,273.0,0.9
202205071132,315.0,0.4
202205071232,326.0,0.4
202205071332,301.0,0.9
202205071432,322.0,1.3
202205071532,324.0,1.8
202205071632,353.0,0.9
202205071732,345.0,0.4
202205071832,297.0,1.3
202205071932,334.0,0.9
202205072032,308.0,1.8
202205072132,322.0,1.3
202205072232,334.0,0.4
202205072332,346.0,0.9
202205080032,339.0,0.4
202205080132,353.0,0.4
202205080232,327.0,0.4
202205080432,336.0,0.4
202205080532,320.0,0.4
202205080632,352.0,0.4
202205080732,,0.0
202205080832,308.0,0.4
202205080932,,0.0
202205081032,4.0,0.4
202205081132,,0.0
202205081232,50.0,0.4
202205081332,94.0,0.9
202205081432,67.0,0.4
202205081532,81.0,0.9
202205081632,88.0,0.9
202205081732,138.0,0.4
202205081832,156.0,0.4
202205081932,109.0,0.4
202205082032,141.0,0.4
202205082132,15.0,0.4
202205082232,121.0,0.9
202205082332,130.0,0.4
202205090032,,0.0
202205090132,,0.0
202205090232,,0.0
202205090332,,0.0
202205090532,,0.0
202205090632,119.0,0.4
202205090732,,0.0
202205090832,,0.0
202205090932,,0.0
202205091032,,0.0
202205091132,119.0,0.4
202205091232,112.0,0.9
202205091332,147.0,0.4
202205091432,126.0,0.9
202205091532,146.0,0.9
202205091632,135.0,1.3
202205091732,101.0,0.9
202205091832,115.0,0.9
202205091932,118.0,0.9
202205092032,161.0,0.9
202205092232,,0.0
202205092332,,0.0
202205100032,,0.0
202205100132,,0.0
202205100232,,0.0
202205100332,,0.0
202205100432,,0.0
202205100532,,0.0
202205100632,,0.0
202205100732,,0.0
202205100832,,0.0
202205100932,,0.0
202205101032,,0.0
202205101132,,0.0
202205101232,,0.0
202205101332,137.0,0.4
202205101432,126.0,0.4
202205101532,99.0,0.9
202205101632,126.0,0.9
202205101732,168.0,0.4
202205101832,120.0,0.9
202205101932,114.0,0.9
202205102032,252.0,0.9
202205102132,298.0,0.4
202205102232,,0.0
202205102332,,0.0
202205110032,,0.0
202205110132,,0.0
202205110232,,0.0
202205110332,,0.0
202205110432,,0.0
202205110532,,0.0
202205110632,,0.0
202205110732,,0.0
202205110832,,0.0
202205110932,,0.0
202205111032,,0.0
202205111132,,0.0
202205111232,,0.0
202205111332,104.0,0.4
202205111432,149.0,0.4
202205111532,221.0,0.4
202205111632,100.0,0.4
202205111732,82.0,0.9
202205111832,113.0,0.9
202205111932,,0.0
202205112032,,0.0
202205112132,114.0,0.4
202205112232,,0.0
202205112332,,0.0
202205120032,,0.0
202205120232,,0.0
202205120332,,0.0
202205120432,,0.0
202205120532,,0.0
202205120632,,0.0
202205120732,,0.0
202205120832,,0.0
202205120932,,0.0
202205121032,,0.0
202205121132,,0.0
202205121232,95.0,0.4
202205121432,121.0,0.4
202205121532,125.0,1.3
202205121632,43.0,0.4
202205121732,254.0,0.9
202205121832,257.0,0.4
202205121932,240.0,0.9
202205122032,96.0,0.9
202205122132,110.0,0.9
202205122232,91.0,0.4
202205122332,,0.0
202205130032,,0.0
202205130132,,0.0
202205130232,,0.0
202205130332,,0.0
202205130432,,0.0
202205130532,133.0,0.4
202205130632,111.0,0.4
202205130732,102.0,0.4
202205130832,117.0,0.4
202205130932,,0.0
202205131032,,0.0
202205131132,116.0,0.4
202205131232,119.0,1.3
202205131332,103.0,0.4
202205131432,124.0,0.4
202205131532,131.0,0.9
202205131632,194.0,0.9
202205131732,134.0,0.4
202205131832,108.0,0.9
202205131932,171.0,0.4
202205132032,102.0,0.4
202205132132,165.0,0.4
202205132232,106.0,0.4
202205132332,,0.0
202205140032,,0.0
202205140132,,0.0
202205140232,,0.0
202205140332,,0.0
202205140432,,0.0
202205140532,246.0,0.4
202205140632,,0.0
202205140732,,0.0
202205140832,,0.0
202205140932,,0.0
202205141032,,0.0
202205141132,,0.0
202205141332,110.0,0.4
202205141432,178.0,0.4
202205141532,143.0,0.4
202205141632,155.0,0.4
202205141732,236.0,0.9
202205141832,160.0,0.4
202205141932,,0.0
202205142032,136.0,0.4
202205142132,233.0,0.4
202205142232,,0.0
202205142332,,0.0
202205150032,,0.0
202205150132,,0.0
202205150232,,0.0
202205150332,,0.0
202205150432,,0.0
202205150532,,0.0
202205150632,,0.0
202205150732,72.0,0.4
202205150832,,0.0
202205150932,18.0,1.3
202205151032,,0.0
202205151132,,0.0
202205151232,,0.0
202205151432,264.0,0.9
202205151532,296.0,0.9
202205151632,302.0,0.4
202205151732,331.0,0.9
202205151832,350.0,0.9
202205151932,14.0,0.9
202205152132,13.0,0.4
202205152232,18.0,0.4
202205152332,,0.0
202205160032,,0.0
202205160132,266.0,0.4
202205160232,,0.0
202205160332,,0.0
202205160432,,0.0
202205160532,,0.0
202205160632,,0.0
202205160732,,0.0
202205160832,,0.0
202205160932,,0.0
202205161032,,0.0
202205161132,295.0,0.9
202205161232,320.0,0.9
202205161332,344.0,0.9
202205161432,,0.0
202205161532,343.0,0.9
202205161632,300.0,0.9
202205161732,339.0,1.3
202205161832,1.0,1.3
202205161932,343.0,0.9
202205162032,287.0,0.9
202205162132,4.0,0.9
202205162232,330.0,0.9
202205162332,353.0,0.4
202205170032,328.0,0.4
202205170132,,0.0
202205170232,327.0,0.4
202205170332,,0.0
202205170432,,0.0
202205170532,,0.0
202205170632,,0.0
202205170732,,0.0
202205170832,,0.0
202205170932,,0.0
202205171032,,0.0
202205171132,,0.0
202205171232,,0.0
202205171332,71.0,0.4
202205171432,99.0,0.9
202205171532,88.0,0.9
202205171632,39.0,1.3
202205171732,64.0,0.9
202205171832,8.0,0.9
202205171932,359.0,0.9
202205172032,108.0,0.4
202205172132,,0.0
202205172232,7.0,0.4
202205172332,,0.0
202205180032,,0.0
202205180132,,0.0
202205180232,,0.0
202205180332,,0.0
202205180432,,0.0
202205180532,,0.0
202205180632,,0.0
202205180732,,0.0
202205180832,,0.0
202205180932,,0.0
202205181032,,0.0
202205181132,,0.0
202205181232,,0.0
202205181332,71.0,0.4
202205181532,215.0,0.4
202205181632,221.0,0.9
202205181732,226.0,0.9
202205181832,232.0,0.9
202205181932,233.0,0.9
202205182032,215.0,0.9
202205182132,233.0,0.4
202205182232,230.0,0.9
202205182332,,0.0
202205190032,,0.0
202205190232,,0.0
202205190332,,0.0
202205190432,,0.0
202205190532,,0.0
202205190632,,0.0
202205190732,224.0,0.4
202205190832,,0.0
202205190932,,0.0
202205191032,,0.0
202205191232,255.0,0.9
202205191332,272.0,0.9
202205191432,233.0,0.9
202205191532,251.0,1.3
202205191632,239.0,1.3
202205191732,232.0,0.9
202205191832,231.0,1.3
202205191932,251.0,0.9
202205192032,245.0,0.9
202205192132,245.0,0.9
202205192232,232.0,0.4
202205192332,,0.0
202205200032,,0.0
202205200132,,0.0
202205200232,,0.0
202205200332,,0.0
202205200432,,0.0
202205200532,,0.0
202205200632,207.0,0.4
202205200732,218.0,0.4
202205200832,,0.0
202205200932,,0.0
202205201032,,0.0
202205201132,,0.0
202205201232,209.0,0.4
202205201332,224.0,0.9
202205201432,221.0,0.4
202205201532,230.0,0.9
202205201632,230.0,0.9
202205201732,210.0,0.9
202205201832,214.0,0.4
202205201932,212.0,0.9
202205202032,217.0,0.9
202205202132,234.0,0.4
202205202232,214.0,0.9
202205202332,,0.0
202205210032,,0.0
202205210132,,0.0
202205210232,,0.0
202205210332,,0.0
202205210432,,0.0
202205210532,,0.0
202205210632,,0.0
202205210732,,0.0
202205210932,230.0,0.4
202205211032,,0.0
202205211132,,0.0
202205211232,,0.0
202205211332,239.0,0.4
202205211432,199.0,0.4
202205211532,237.0,0.4
202205211632,228.0,0.9
202205211732,211.0,0.9
202205211832,158.0,0.4
202205211932,235.0,0.4
202205212032,227.0,0.4
202205212132,,0.0
202205212232,,0.0
202205212332,,0.0
202205220032,,0.0
202205220232,,0.0
202205220332,,0.0
202205220432,,0.0
202205220532,,0.0
202205220632,,0.0
202205220732,232.0,0.4
202205220832,,0.0
202205220932,,0.0
202205221032,,0.0
202205221132,,0.0
202205221232,,0.0
202205221332,223.0,0.9
202205221432,208.0,0.4
202205221532,216.0,0.4
202205221632,254.0,0.4
202205221732,191.0,0.4
202205221832,284.0,0.4
202205221932,261.0,0.4
202205222032,180.0,0.9
202205222132,,0.0
202205222232,,0.0
202205222332,,0.0
202205230032,,0.0
202205230132,,0.0
202205230232,78.0,0.9
202205230332,,0.0
202205230432,,0.0
202205230532,38.0,0.4
202205230632,,0.0
202205230732,,0.0
202205230832,,0.0
202205230932,,0.0
202205231032,,0.0
202205231132,103.0,0.4
202205231232,,0.0
202205231432,357.0,0.4
202205231532,5.0,0.4
202205231632,5.0,0.9
202205231832,343.0,0.9
202205232032,319.0,0.9
202205232132,304.0,0.9
202205232232,311.0,0.4
202205232332,,0.0
202205240032,,0.0
202205240132,355.0,0.4
202205240232,,0.0
202205240332,,0.0
202205240432,,0.0
202205240532,,0.0
202205240632,,0.0
202205240732,,0.0
202205240832,,0.0
202205240932,,0.0
202205241032,,0.0
202205241132,,0.0
202205241232,,0.0
202205241332,61.0,0.4
202205241432,,0.0
202205241532,106.0,0.4
202205241632,111.0,0.9
202205241732,109.0,0.4
202205241832,137.0,0.4
202205242032,124.0,0.4
202205242132,122.0,0.4
202205242232,129.0,0.4
202205242332,103.0,0.4
202205250032,,0.0
202205250132,232.0,0.4
202205250232,,0.0
202205250332,,0.0
202205250432,,0.0
202205250532,,0.0
202205250732,,0.0
202205250832,,0.0
202205250932,,0.0
202205251032,,0.0
202205251132,115.0,0.9
202205251232,126.0,0.9
202205251332,116.0,0.4
202205251432,110.0,1.3
202205251532,114.0,0.9
202205251632,128.0,0.4
202205251732,165.0,0.4
202205251832,126.0,0.4
202205251932,110.0,0.4
202205252032,111.0,0.9
202205252132,148.0,0.4
202205252232,129.0,0.4
202205252332,122.0,0.4
202205260132,112.0,0.4
202205260232,110.0,0.4
202205260332,111.0,0.4
202205260432,108.0,0.4
202205260532,188.0,0.4
202205260632,159.0,0.4
202205260732,224.0,0.4
202205260832,228.0,0.4
202205260932,220.0,0.9
202205261032,227.0,0.4
202205261132,225.0,0.4
202205261232,,0.0
202205261332,141.0,0.4
202205261432,231.0,0.4
202205261532,140.0,0.4
202205261632,238.0,0.4
202205261732,234.0,0.4
202205261832,216.0,0.9
202205261932,224.0,0.9
202205262032,187.0,0.9
202205262132,,0.0
202205262232,207.0,0.9
202205262332,225.0,0.9
202205270032,208.0,0.4
202205270232,,0.0
202205270332,,0.0
202205270432,252.0,0.4
202205270532,213.0,0.4
202205270632,218.0,0.4
202205270732,,0.0
202205270832,,0.0
202205270932,244.0,0.4
202205271032,214.0,0.4
202205271132,242.0,0.4
202205271232,220.0,0.9
202205271332,229.0,1.3
202205271432,245.0,0.9
202205271532,274.0,0.9
202205271632,267.0,1.8
202205271732,270.0,1.3
202205271832,292.0,0.9
202205271932,295.0,1.3
202205272032,314.0,0.9
202205272132,303.0,1.3
202205272232,316.0,0.9
202205272332,309.0,0.4
202205280032,337.0,0.4
202205280132,,0.0
202205280232,,0.0
202205280332,,0.0
202205280432,,0.0
202205280532,,0.0
202205280632,,0.0
202205280732,305.0,0.4
202205280832,292.0,0.4
202205280932,,0.0
202205281032,,0.0
202205281132,,0.0
202205281232,71.0,0.4
202205281332,36.0,0.4
202205281432,41.0,0.4
202205281532,293.0,0.4
202205281632,303.0,0.4
202205281732,276.0,0.9
202205281832,276.0,0.4
202205281932,14.0,0.9
202205282032,251.0,0.4
202205282132,,0.0
202205282232,,0.0
202205282332,,0.0
202205290032,,0.0
202205290132,,0.0
202205290232,,0.0
202205290332,,0.0
202205290432,,0.0
202205290532,,0.0
202205290632,,0.0
202205290732,,0.0
202205290832,,0.0
202205290932,,0.0
202205291132,,0.0
202205291232,,0.0
202205291332,,0.0
202205291432,125.0,0.4
202205291632,168.0,0.9
202205291732,203.0,0.9
202205291832,189.0,0.4
202205291932,160.0,0.4
202205292032,197.0,0.4
202205292132,126.0,0.4
202205292232,,0.0
202205292332,,0.0
202205300032,,0.0
202205300132,,0.0
202205300232,,0.0
202205300332,,0.0
202205300432,,0.0
202205300532,,0.0
202205300632,,0.0
202205300732,,0.0
202205300832,,0.0
202205300932,,0.0
202205301032,,0.0
202205301132,,0.0
202205301232,,0.0
202205301332,,0.0
202205301432,211.0,0.4
202205301532,163.0,0.4
202205301632,157.0,0.4
202205301732,137.0,0.4
202205301832,173.0,0.9
202205301932,227.0,0.4
202205302032,244.0,0.4
202205302132,93.0,0.4
202205302232,,0.0
202205302332,107.0,0.4
202205310032,,0.0
202205310132,266.0,0.4
202205310232,,0.0
202205310332,,0.0
202205310432,,0.0
202205310532,100.0,0.4
202205310632,,0.0
202205310732,,0.0
202205310832,,0.0
202205310932,,0.0
202205311032,,0.0
202205311132,,0.0
202205311232,,0.0
202205311332,99.0,0.4
202205311432,103.0,0.4
202205311632,122.0,0.4
202205311732,126.0,0.4
202205311832,133.0,0.9
202205311932,88.0,0.4
202205312032,,0.0
202205312232,,0.0
202205312332,,0.0
202206010032,,0.0
202206010132,,0.0
202206010232,,0.0
202206010332,,0.0
202206010432,,0.0
202206010532,,0.0
202206010632,,0.0
202206010732,,0.0
202206010832,,0.0
202206010932,,0.0
202206011032,,0.0
202206011132,,0.0
202206011232,63.0,0.4
202206011332,,0.0
202206011432,35.0,0.4
202206011532,35.0,0.4
202206011632,38.0,0.9
202206011732,172.0,0.4
202206011832,62.0,0.4
202206011932,,0.0
202206012032,254.0,0.4
202206012132,,0.0
202206012232,,0.0
202206012332,,0.0
202206020032,,0.0
202206020132,,0.0
202206020232,,0.0
202206020332,,0.0
202206020432,,0.0
202206020532,,0.0
202206020632,,0.0
202206020732,,0.0
202206020832,,0.0
202206020932,,0.0
202206021032,,0.0
202206021232,,0.0
202206021332,343.0,0.4
202206021432,330.0,0.4
202206021532,246.0,0.9
202206021632,245.0,0.4
202206021732,307.0,0.4
202206021832,283.0,0.4
202206021932,344.0,1.8
202206022032,,0.0
202206022132,271.0,0.9
202206022232,,0.0
202206022332,348.0,0.9
202206030032,5.0,0.4
202206030132,,0.0
202206030232,,0.0
202206030332,,0.0
202206030432,,0.0
202206030532,,0.0
202206030632,,0.0
202206030732,,0.0
202206030832,,0.0
202206030932,,0.0
202206031032,,0.0
202206031132,,0.0
202206031232,357.0,0.4
202206031332,352.0,0.4
202206031432,31.0,0.4
202206031532,14.0,0.4
202206031732,30.0,0.4
202206031832,19.0,0.9
202206031932,338.0,0.4
202206032032,10.0,0.4
202206032132,0.0,0.4
202206032232,22.0,0.4
202206032332,23.0,0.4
202206040032,,0.0
202206040132,,0.0
202206040232,,0.0
202206040332,,0.0
202206040432,,0.0
202206040532,,0.0
202206040632,,0.0
202206040732,,0.0
202206040832,,0.0
202206040932,,0.0
202206041032,,0.0
202206041132,,0.0
202206041232,76.0,0.4
202206041332,62.0,0.4
202206041432,95.0,0.9
202206041532,108.0,0.9
202206041632,90.0,0.9
202206041732,87.0,0.9
202206041832,62.0,0.9
202206041932,,0.0
202206042032,127.0,0.4
202206042132,34.0,0.4
202206042232,,0.0
202206042332,,0.0
202206050032,,0.0
202206050132,,0.0
202206050232,,0.0
202206050332,,0.0
202206050432,,0.0
202206050632,,0.0
202206050732,,0.0
202206050832,,0.0
202206050932,,0.0
202206051032,,0.0
202206051132,,0.0
202206051232,,0.0
202206051332,130.0,0.4
202206051532,130.0,0.4
202206051632,153.0,0.9
202206051732,191.0,0.9
202206051832,123.0,0.4
202206051932,175.0,0.9
202206052032,,0.0
202206052132,155.0,0.4
202206052332,,0.0
202206060032,,0.0
202206060132,,0.0
202206060232,,0.0
202206060332,,0.0
202206060432,,0.0
202206060532,,0.0
202206060632,,0.0
202206060732,,0.0
202206060932,,0.0
202206061032,,0.0
202206061132,,0.0
202206061232,111.0,0.4
202206061332,121.0,0.4
202206061432,129.0,0.4
202206061532,155.0,0.4
202206061632,139.0,0.4
202206061832,177.0,0.4
202206061932,135.0,0.9
202206062032,200.0,0.4
202206062132,,0.0
202206062232,130.0,0.4
202206062332,,0.0
202206070032,,0.0
202206070232,,0.0
202206070332,,0.0
202206070432,,0.0
202206070532,,0.0
202206070632,,0.0
202206070732,,0.0
202206070832,,0.0
202206070932,,0.0
202206071032,,0.0
202206071132,,0.0
202206071232,,0.0
202206071332,213.0,0.4
202206071432,,0.0
202206071532,,0.0
202206071632,,0.0
202206071732,,0.0
202206071832,199.0,0.4
202206071932,,0.0
202206072132,,0.0
202206072232,,0.0
202206072332,,0.0
202206080032,250.0,0.4
202206080132,,0.0
202206080232,,0.0
202206080332,,0.0
202206080432,,0.0
202206080532,,0.0
202206080632,,0.0
202206080732,,0.0
202206080832,,0.0
202206080932,,0.0
202206081032,,0.0
202206081132,,0.0
202206081232,245.0,0.4
202206081332,230.0,0.4
202206081432,216.0,0.4
202206081532,235.0,0.9
202206081632,259.0,0.9
202206081732,203.0,0.4
202206081832,231.0,0.4
202206081932,233.0,0.4
202206082032,272.0,0.9
202206082132,224.0,0.4
202206082232,218.0,0.4
202206082332,254.0,0.9
202206090032,,0.0
202206090132,284.0,1.8
202206090232,214.0,0.4
202206090332,,0.0
202206090432,,0.0
202206090532,302.0,0.9
202206090632,268.0,0.4
202206090732,,0.0
202206090832,305.0,0.4
202206090932,,0.0
202206091132,330.0,0.9
202206091332,329.0,0.4
202206091432,31.0,0.4
202206091532,335.0,0.4
202206091632,9.0,0.4
202206091732,24.0,0.9
202206091832,326.0,0.9
202206091932,11.0,0.9
202206092132,327.0,0.9
202206092232,28.0,0.9
202206092332,8.0,0.4
202206100032,,0.0
202206100132,,0.0
202206100232,,0.0
202206100332,,0.0
202206100432,,0.0
202206100532,,0.0
202206100632,,0.0
202206100732,,0.0
202206100832,,0.0
202206100932,,0.0
202206101032,,0.0
202206101132,,0.0
202206101232,,0.0
202206101332,57.0,0.4
202206101432,48.0,0.9
202206101532,84.0,0.4
202206101632,90.0,0.4
202206101732,,0.0
202206101832,161.0,0.4
202206101932,,0.0
202206102032,,0.0
202206102132,,0.0
202206102232,,0.0
202206102332,,0.0
202206110032,,0.0
202206110132,,0.0
202206110232,,0.0
202206110332,,0.0
202206110432,,0.0
202206110532,,0.0
202206110632,,0.0
202206110832,,0.0
202206110932,,0.0
202206111032,,0.0
202206111132,,0.0
202206111232,,0.0
202206111332,,0.0
202206111432,259.0,0.4
202206111532,326.0,0.4
202206111632,314.0,0.4
202206111732,156.0,0.4
202206111832,269.0,0.4
202206111932,,0.0
202206112032,,0.0
202206112132,,0.0
202206112232,,0.0
202206112332,,0.0
202206120132,,0.0
202206120232,,0.0
202206120332,,0.0
202206120432,,0.0
202206120532,,0.0
202206120632,,0.0
202206120932,,0.0
202206121032,,0.0
202206121232,,0.0
202206121332,,0.0
202206121432,,0.0
202206121532,,0.0
202206121632,225.0,0.4
202206121732,269.0,0.4
202206121832,200.0,0.4
202206121932,288.0,0.4
202206122032,186.0,0.4
202206122132,233.0,0.4
202206122232,240.0,0.4
202206122332,,0.0
202206130032,,0.0
202206130132,,0.0
202206130232,,0.0
202206130332,,0.0
202206130432,,0.0
202206130532,,0.0
202206130632,,0.0
202206130732,,0.0
202206130832,,0.0
202206130932,,0.0
202206131032,,0.0
202206131132,,0.0
202206131232,,0.0
202206131332,,0.0
202206131432,275.0,0.9
202206131532,267.0,0.4
202206131732,256.0,0.4
202206131832,195.0,1.3
202206131932,151.0,0.4
202206132032,,0.0
202206132132,254.0,0.4
202206132232,,0.0
202206132332,,0.0
202206140032,,0.0
202206140132,,0.0
202206140232,,0.0
202206140332,,0.0
202206140432,,0.0
202206140632,,0.0
202206140732,,0.0
202206140832,,0.0
202206140932,,0.0
202206141032,,0.0
202206141132,,0.0
202206141232,,0.0
202206141332,319.0,0.4
202206141432,311.0,0.9
202206141532,314.0,0.4
202206141732,228.0,0.4
202206141832,247.0,0.4
202206141932,226.0,0.4
202206142032,,0.0
202206142132,314.0,0.9
202206142232,,0.0
202206142332,,0.0
202206150032,,0.0
202206150132,,0.0
202206150232,,0.0
202206150332,,0.0
202206150532,,0.0
202206150632,,0.0
202206150732,,0.0
202206150832,,0.0
202206150932,268.0,0.4
202206151032,,0.0
202206151132,,0.0
202206151232,,0.0
202206151332,66.0,0.4
202206151432,17.0,0.9
202206151532,10.0,0.4
202206151632,22.0,0.9
202206151732,42.0,0.9
202206151832,23.0,0.4
202206151932,36.0,0.4
202206152032,49.0,0.4
202206152132,,0.0
202206152232,,0.0
202206152332,,0.0
202206160032,,0.0
202206160132,,0.0
202206160232,267.0,0.4
202206160332,296.0,0.4
202206160432,,0.0
202206160532,,0.0
202206160632,,0.0
202206160732,,0.0
202206160832,,0.0
202206160932,,0.0
202206161032,,0.0
202206161232,,0.0
202206161432,,0.0
202206161532,,0.0
202206161632,,0.0
202206161732,211.0,0.4
202206161832,38.0,0.4
202206162032,28.0,0.4
202206162132,,0.0
202206162232,,0.0
202206162332,,0.0
202206170032,,0.0
202206170232,,0.0
202206170332,,0.0
202206170432,,0.0
202206170532,184.0,0.4
202206170632,238.0,0.4
202206170732,,0.0
202206170832,,0.0
202206170932,,0.0
202206171032,,0.0
202206171132,,0.0
202206171232,,0.0
202206171332,,0.0
202206171432,4.0,0.9
202206171532,352.0,0.9
202206171632,308.0,1.3
202206171732,308.0,0.9
202206171832,352.0,0.9
202206171932,334.0,1.3
202206172032,,0.0
202206172132,106.0,0.4
202206172232,,0.0
202206172332,214.0,0.4
202206180032,,0.0
202206180132,,0.0
202206180232,,0.0
202206180332,346.0,0.4
202206180432,,0.0
202206180532,,0.0
202206180632,320.0,0.4
202206180732,,0.0
202206180832,,0.0
202206180932,,0.0
202206181032,,0.0
202206181132,,0.0
202206181232,11.0,0.4
202206181332,31.0,0.4
202206181432,341.0,0.4
202206181532,23.0,0.9
202206181632,11.0,0.9
202206181732,21.0,0.9
202206181832,49.0,0.9
202206181932,19.0,0.9
202206182132,359.0,0.9
202206182232,16.0,0.9
202206182332,13.0,0.9
202206190032,11.0,0.4
202206190132,16.0,0.4
202206190232,33.0,0.4
202206190332,39.0,0.4
202206190432,21.0,0.4
202206190632,,0.0
202206190732,57.0,0.9
202206190832,63.0,0.4
202206190932,36.0,0.4
202206191032,,0.0
202206191132,,0.0
202206191232,65.0,0.4
202206191332,64.0,0.4
202206191432,60.0,0.9
202206191532,102.0,0.9
202206191632,96.0,0.4
202206191732,97.0,0.4
202206191832,77.0,0.4
202206191932,150.0,0.4
202206192032,34.0,0.4
202206192132,53.0,0.9
202206192232,58.0,0.9
202206192332,,0.0
202206200032,,0.0
202206200132,,0.0
202206200232,,0.0
202206200332,,0.0
202206200432,,0.0
202206200532,,0.0
202206200632,,0.0
202206200732,,0.0
202206200832,,0.0
202206200932,,0.0
202206201032,,0.0
202206201132,,0.0
202206201232,,0.0
202206201332,79.0,0.4
202206201432,101.0,0.4
202206201532,94.0,0.9
202206201632,150.0,0.4
202206201732,185.0,0.4
202206201832,37.0,0.4
202206201932,96.0,0.9
202206202032,220.0,0.4
202206202132,,0.0
202206202232,,0.0
202206202332,,0.0
202206210032,,0.0
202206210132,,0.0
202206210232,,0.0
202206210332,,0.0
202206210432,,0.0
202206210532,,0.0
202206210632,,0.0
202206210732,,0.0
202206210932,,0.0
202206211032,,0.0
202206211132,,0.0
202206211232,,0.0
202206211332,,0.0
202206211432,349.0,0.4
202206211532,345.0,0.4
202206211632,357.0,0.9
202206211732,358.0,0.9
202206211832,7.0,0.9
202206211932,66.0,0.4
202206212032,55.0,0.4
202206212132,5.0,0.4
202206212232,,0.0
202206212332,,0.0
202206220032,,0.0
202206220132,,0.0
202206220232,,0.0
202206220332,,0.0
202206220432,,0.0
202206220532,,0.0
202206220632,,0.0
202206220732,,0.0
202206220832,,0.0
202206220932,,0.0
202206221032,,0.0
202206221132,,0.0
202206221232,,0.0
202206221332,91.0,0.4
202206221432,352.0,0.9
202206221532,2.0,0.9
202206221632,349.0,0.9
202206221732,22.0,0.9
202206221832,29.0,0.9
202206221932,294.0,1.3
202206222032,342.0,0.4
202206222132,325.0,0.4
202206222232,318.0,0.9
202206222332,331.0,0.4
202206230032,,0.0
202206230132,,0.0
202206230232,264.0,0.4
202206230332,,0.0
202206230432,,0.0
202206230532,,0.0
202206230632,310.0,0.4
202206230732,,0.0
202206230832,,0.0
202206230932,,0.0
202206231032,,0.0
202206231132,,0.0
202206231232,355.0,0.4
202206231332,4.0,0.4
202206231432,286.0,0.4
202206231532,333.0,0.9
202206231632,330.0,0.9
202206231732,352.0,0.4
202206231832,4.0,0.9
202206231932,6.0,0.9
202206232032,343.0,0.9
202206232232,338.0,0.4
202206232332,2.0,0.4
202206240032,351.0,0.4
202206240132,,0.0
202206240232,,0.0
202206240332,,0.0
202206240432,,0.0
202206240532,,0.0
202206240632,,0.0
202206240732,,0.0
202206240832,,0.0
202206240932,260.0,0.4
202206241032,,0.0
202206241132,,0.0
202206241232,,0.0
202206241332,95.0,0.4
202206241432,123.0,0.4
202206241532,40.0,0.4
202206241632,57.0,0.4
202206241732,260.0,0.4
202206241832,62.0,0.4
202206241932,,0.0
202206242032,149.0,0.4
202206242132,,0.0
202206242232,,0.0
202206242332,127.0,0.4
202206250032,,0.0
202206250132,,0.0
202206250232,,0.0
202206250332,,0.0
202206250432,,0.0
202206250532,,0.0
202206250632,,0.0
202206250732,,0.0
202206250832,,0.0
202206250932,,0.0
202206251032,,0.0
202206251132,,0.0
202206251232,132.0,0.4
202206251432,117.0,0.4
202206251632,122.0,0.9
202206251732,133.0,0.4
202206251832,136.0,0.4
202206251932,144.0,0.9
202206252032,176.0,0.4
202206252232,112.0,0.4
202206252332,,0.0
202206260032,,0.0
202206260132,,0.0
202206260232,,0.0
202206260332,246.0,0.4
202206260432,,0.0
202206260532,,0.0
202206260632,,0.0
202206260732,,0.0
202206260832,,0.0
202206260932,,0.0
202206261032,,0.0
202206261132,,0.0
202206261232,,0.0
202206261332,,0.0
202206261432,,0.0
202206261532,271.0,0.4
202206261632,342.0,0.4
202206261732,225.0,0.4
202206261832,267.0,0.4
202206261932,289.0,0.4
202206262032,,0.0
202206262132,13.0,0.9
202206262232,272.0,0.4
202206270032,,0.0
202206270132,,0.0
202206270232,,0.0
202206270332,,0.0
202206270432,,0.0
202206270532,,0.0
202206270632,,0.0
202206270732,,0.0
202206270832,,0.0
202206270932,,0.0
202206271032,,0.0
202206271132,,0.0
202206271232,,0.0
202206271332,,0.0
202206271432,45.0,0.4
202206271532,96.0,0.4
202206271632,67.0,0.4
202206271732,40.0,0.9
202206271832,355.0,0.4
202206271932,10.0,0.9
202206272032,338.0,0.4
202206272132,15.0,0.4
202206272232,1.0,0.4
202206272332,,0.0
202206280132,,0.0
202206280232,,0.0
202206280332,,0.0
202206280432,,0.0
202206280532,,0.0
202206280632,,0.0
202206280832,,0.0
202206280932,,0.0
202206281032,,0.0
202206281232,,0.0
202206281332,34.0,0.4
202206281432,,0.0
202206281532,102.0,0.4
202206281632,119.0,0.4
202206281732,122.0,0.4
202206281832,62.0,0.4
202206281932,67.0,0.4
202206282032,,0.0
202206282132,103.0,0.4
202206282232,118.0,0.4
202206282332,273.0,0.4
202206290032,,0.0
202206290132,,0.0
202206290232,,0.0
202206290332,,0.0
202206290432,,0.0
202206290532,,0.0
202206290632,,0.0
202206290732,,0.0
202206290832,,0.0
202206290932,,0.0
202206291032,,0.0
202206291132,96.0,0.4
202206291232,,0.0
202206291332,114.0,0.4
202206291432,,0.0
202206291532,,0.0
202206291632,106.0,0.4
202206291732,,0.0
202206291832,143.0,0.4
202206292132,,0.0
202206292232,,0.0
202206292332,,0.0
202206300032,,0.0
202206300132,,0.0
202206300232,,0.0
202206300332,,0.0
202206300432,,0.0
202206300532,,0.0
202206300632,,0.0
202206300732,,0.0
202206300832,,0.0
202206300932,,0.0
202206301032,,0.0
202206301132,,0.0
202206301232,,0.0
202206301332,,0.0
202206301432,,0.0
202206301532,,0.0
202206301632,146.0,0.4
202206301732,104.0,0.4
202206301832,50.0,0.4
202206301932,,0.0
202206302032,,0.0
202206302132,,0.0
202206302232,,0.0
202206302332,,0.0
202207010032,,0.0
202207010132,,0.0
202207010232,,0.0
202207010332,,0.0
202207010432,,0.0
202207010532,,0.0
202207010632,,0.0
202207010732,,0.0
202207010832,,0.0
202207011032,,0.0
202207011132,,0.0
202207011232,,0.0
202207011332,,0.0
202207011432,142.0,0.4
202207011532,278.0,0.4
202207011632,347.0,0.4
202207011732,305.0,0.4
202207011832,242.0,0.4
202207011932,,0.0
202207012032,148.0,0.4
202207012132,115.0,0.4
202207012232,,0.0
202207012332,,0.0
202207020032,,0.0
202207020132,,0.0
202207020232,,0.0
202207020332,,0.0
202207020432,236.0,0.4
202207020532,,0.0
202207020632,,0.0
202207020732,,0.0
202207020832,,0.0
202207020932,,0.0
202207021032,,0.0
202207021132,,0.0
202207021232,,0.0
202207021332,,0.0
202207021432,334.0,0.9
202207021532,,0.0
202207021632,,0.0
202207021732,265.0,0.4
202207021932,277.0,0.4
202207022032,100.0,0.4
202207022132,7.0,0.4
202207022232,,0.0
202207022332,,0.0
202207030032,,0.0
202207030132,240.0,0.4
202207030232,,0.0
202207030332,,0.0
202207030432,,0.0
202207030532,,0.0
202207030632,,0.0
202207030732,,0.0
202207030932,,0.0
202207031032,,0.0
202207031132,304.0,0.4
202207031232,315.0,0.9
202207031332,328.0,0.9
202207031432,291.0,0.4
202207031532,305.0,0.4
202207031732,299.0,0.9
202207031832,94.0,0.4
202207031932,,0.0
202207032032,,0.0
202207032132,,0.0
202207032232,,0.0
202207032332,,0.0
202207040032,,0.0
202207040132,,0.0
202207040232,,0.0
202207040332,,0.0
202207040432,,0.0
202207040532,,0.0
202207040632,,0.0
202207040732,,0.0
202207040832,,0.0
202207040932,,0.0
202207041032,,0.0
202207041132,,0.0
202207041232,,0.0
202207041332,,0.0
202207041432,,0.0
202207041532,,0.0
202207041632,,0.0
202207041732,218.0,0.4
202207041832,108.0,0.4
202207041932,,0.0
202207042032,244.0,0.4
202207042132,262.0,0.4
202207042332,,0.0
202207050032,,0.0
202207050132,,0.0
202207050232,,0.0
202207050332,,0.0
202207050432,,0.0
202207050532,,0.0
202207050632,,0.0
202207050732,,0.0
202207050832,,0.0
202207051032,,0.0
202207051132,,0.0
202207051232,,0.0
202207051332,243.0,0.4
202207051432,56.0,0.4
202207051532,166.0,0.4
202207051632,,0.0
202207051732,155.0,0.4
202207051832,,0.0
202207051932,,0.0
202207052032,,0.0
202207052132,234.0,0.4
202207052232,,0.0
202207052332,,0.0
202207060032,,0.0
202207060132,,0.0
202207060232,,0.0
202207060332,,0.0
202207060432,,0.0
202207060532,,0.0
202207060632,,0.0
202207060732,,0.0
202207060832,,0.0
202207060932,,0.0
202207061032,,0.0
202207061132,,0.0
202207061232,,0.0
202207061332,,0.0
202207061432,312.0,0.9
202207061532,315.0,0.4
202207061632,259.0,0.4
202207061732,210.0,0.4
202207061832,232.0,0.4
202207061932,232.0,0.9
202207062032,238.0,0.4
202207062132,251.0,0.4
202207062232,253.0,0.4
202207062332,,0.0
202207070032,339.0,0.9
202207070132,282.0,0.4
202207070232,,0.0
202207070332,,0.0
202207070432,,0.0
202207070532,,0.0
202207070632,,0.0
202207070732,,0.0
202207070832,,0.0
202207070932,,0.0
202207071032,,0.0
202207071132,,0.0
202207071232,,0.0
202207071332,274.0,0.4
202207071432,12.0,0.4
202207071532,340.0,0.4
202207071632,286.0,0.4
202207071932,221.0,0.4
202207072032,245.0,0.4
202207072132,50.0,0.4
202207072232,,0.0
202207072332,44.0,0.4
202207080032,,0.0
202207080132,14.0,0.4
202207080232,216.0,0.4
202207080332,,0.0
202207080432,,0.0
202207080532,243.0,0.4
202207080632,,0.0
202207080732,,0.0
202207080832,,0.0
202207081032,,0.0
202207081132,,0.0
202207081232,,0.0
202207081332,313.0,0.4
202207081432,304.0,0.4
202207081532,,0.0
202207081632,339.0,0.4
202207081732,228.0,0.4
202207081832,259.0,0.4
202207081932,324.0,0.4
202207082032,322.0,0.4
202207082132,236.0,0.4
202207082232,78.0,0.4
202207082332,,0.0
202207090032,,0.0
202207090132,,0.0
202207090232,,0.0
202207090332,,0.0
202207090432,,0.0
202207090532,,0.0
202207090632,,0.0
202207090732,,0.0
202207090832,,0.0
202207090932,,0.0
202207091132,,0.0
202207091232,357.0,0.4
202207091332,,0.0
202207091432,,0.0
202207091532,,0.0
202207091632,118.0,0.4
202207091732,141.0,0.4
202207091832,,0.0
202207091932,304.0,0.4
202207092032,163.0,0.4
202207092132,,0.0
202207092232,,0.0
202207092332,,0.0
202207100032,,0.0
202207100132,245.0,0.9
202207100232,256.0,0.4
202207100332,61.0,0.4
202207100532,,0.0
202207100632,296.0,0.4
202207100732,324.0,0.9
202207100832,308.0,0.9
202207100932,,0.0
202207101032,,0.0
202207101132,,0.0
202207101232,340.0,0.4
202207101332,310.0,0.4
202207101432,338.0,0.4
202207101532,12.0,0.4
202207101632,337.0,0.4
202207101732,315.0,0.9
202207101832,319.0,0.4
202207101932,21.0,0.4
202207102032,18.0,0.4
202207102132,342.0,0.9
202207102232,352.0,0.9
202207102332,30.0,0.4
202207110032,,0.0
202207110132,,0.0
202207110232,,0.0
202207110332,,0.0
202207110432,,0.0
202207110532,,0.0
202207110632,116.0,0.4
202207110732,118.0,0.4
202207110932,97.0,0.4
202207111032,127.0,0.4
202207111132,,0.0
202207111232,,0.0
202207111332,,0.0
202207111432,100.0,0.9
202207111532,87.0,0.9
202207111632,100.0,0.4
202207111732,93.0,0.4
202207111832,130.0,0.4
202207111932,108.0,0.9
202207112032,153.0,0.4
202207112132,139.0,0.4
202207112232,,0.0
202207112332,,0.0
202207120032,,0.0
202207120232,,0.0
202207120332,,0.0
202207120432,,0.0
202207120532,,0.0
202207120632,,0.0
202207120732,,0.0
202207120832,,0.0
202207120932,,0.0
202207121032,,0.0
202207121132,,0.0
202207121332,215.0,0.4
202207121432,292.0,0.4
202207121532,315.0,0.4
202207121632,78.0,0.4
202207121732,130.0,0.4
202207121832,121.0,0.4
202207122032,120.0,0.4
202207122232,,0.0
202207122332,,0.0
202207130032,,0.0
202207130132,,0.0
202207130232,,0.0
202207130332,,0.0
202207130432,,0.0
202207130532,,0.0
202207130632,,0.0
202207130732,,0.0
202207130832,239.0,0.4
202207131032,,0.0
202207131132,,0.0
202207131232,,0.0
202207131432,7.0,0.4
202207131532,325.0,0.4
202207131632,335.0,0.4
202207131732,,0.0
202207131832,313.0,1.3
202207131932,344.0,0.9
202207132032,340.0,0.9
202207132132,336.0,0.4
202207132232,,0.0
202207132332,,0.0
202207140032,,0.0
202207140132,,0.0
202207140232,,0.0
202207140332,,0.0
202207140432,,0.0
202207140532,,0.0
202207140732,,0.0
202207140832,,0.0
202207140932,,0.0
202207141032,,0.0
202207141132,,0.0
202207141232,,0.0
202207141332,,0.0
202207141432,,0.0
202207141632,,0.0
202207141732,125.0,0.4
202207141832,46.0,0.4
202207141932,70.0,0.9
202207142032,50.0,0.4
202207142132,84.0,0.4
202207142232,,0.0
202207142332,,0.0
202207150032,,0.0
202207150132,,0.0
202207150232,,0.0
202207150332,,0.0
202207150432,,0.0
202207150532,,0.0
202207150632,,0.0
202207150732,,0.0
202207150832,,0.0
202207150932,,0.0
202207151032,,0.0
202207151132,,0.0
202207151232,,0.0
202207151332,,0.0
202207151432,73.0,0.4
202207151532,106.0,0.4
202207151632,90.0,0.4
202207151732,,0.0
202207151832,177.0,0.4
202207151932,72.0,0.4
202207152032,,0.0
202207152132,335.0,0.4
202207152232,,0.0
202207152332,,0.0
202207160032,,0.0
202207160132,,0.0
202207160232,,0.0
202207160432,,0.0
202207160532,,0.0
202207160632,,0.0
202207160732,,0.0
202207160832,,0.0
202207160932,,0.0
202207161032,,0.0
202207161132,,0.0
202207161232,,0.0
202207161332,,0.0
202207161432,,0.0
202207161532,199.0,0.4
202207161732,99.0,0.9
202207161832,158.0,0.4
202207161932,107.0,0.4
202207162032,46.0,0.4
202207162132,170.0,0.4
202207162232,,0.0
202207162332,,0.0
202207170032,,0.0
202207170232,,0.0
202207170332,,0.0
202207170432,,0.0
202207170532,,0.0
202207170632,,0.0
202207170732,,0.0
202207170832,,0.0
202207170932,,0.0
202207171032,,0.0
202207171132,,0.0
202207171232,,0.0
202207171332,213.0,0.4
202207171432,214.0,0.4
202207171532,242.0,0.9
202207171732,127.0,0.4
202207171832,236.0,0.9
202207171932,271.0,0.9
202207172032,223.0,0.9
202207172132,249.0,0.4
202207172232,260.0,0.9
202207172332,247.0,0.4
202207180032,,0.0
202207180132,,0.0
202207180232,,0.0
202207180332,,0.0
202207180432,,0.0
202207180532,,0.0
202207180732,,0.0
202207180832,,0.0
202207180932,,0.0
202207181032,,0.0
202207181132,254.0,0.4
202207181232,223.0,0.4
202207181332,224.0,0.9
202207181432,242.0,0.4
202207181532,227.0,1.3
202207181632,228.0,0.9
202207181732,283.0,0.9
202207181832,284.0,0.9
202207181932,278.0,0.4
202207182032,305.0,0.4
202207182232,,0.0
202207190032,,0.0
202207190132,,0.0
202207190232,,0.0
202207190332,,0.0
202207190432,,0.0
202207190532,234.0,1.3
202207190632,216.0,0.4
202207190732,,0.0
202207190832,,0.0
202207190932,,0.0
202207191032,,0.0
202207191132,,0.0
202207191232,,0.0
202207191332,250.0,0.9
202207191432,245.0,0.4
202207191532,242.0,0.9
202207191632,9.0,0.4
202207191732,222.0,0.4
202207191832,229.0,0.9
202207191932,222.0,0.9
202207192132,247.0,0.4
202207192232,,0.0
202207192332,243.0,0.4
202207200032,,0.0
202207200132,,0.0
202207200232,,0.0
202207200332,,0.0
202207200432,,0.0
202207200532,,0.0
202207200632,,0.0
202207200732,,0.0
202207200832,,0.0
202207201032,,0.0
202207201132,,0.0
202207201232,238.0,0.4
202207201332,260.0,0.9
202207201432,255.0,0.9
202207201532,267.0,0.9
202207201632,272.0,0.9
202207201732,243.0,0.4
202207201832,210.0,0.4
202207201932,240.0,0.9
202207202032,229.0,0.9
202207202132,221.0,0.4
202207202232,238.0,0.4
202207202332,218.0,0.4
202207210032,204.0,0.4
202207210132,229.0,0.4
202207210232,,0.0
202207210332,235.0,0.4
202207210432,226.0,0.4
202207210532,235.0,0.9
202207210632,239.0,0.9
202207210732,238.0,0.9
202207210832,232.0,0.4
202207210932,,0.0
202207211032,,0.0
202207211132,211.0,0.4
202207211332,113.0,0.9
202207211432,,0.0
202207211532,,0.0
202207211632,,0.0
202207211732,,0.0
202207211832,127.0,0.4
202207211932,225.0,0.4
202207212032,120.0,0.4
202207212132,142.0,0.9
202207212332,179.0,0.4
202207220032,239.0,0.4
202207220132,,0.0
202207220232,99.0,0.4
202207220332,,0.0
202207220432,293.0,0.4
202207220532,252.0,0.4
202207220632,248.0,0.4
202207220732,,0.0
202207220832,,0.0
202207220932,344.0,0.4
202207221032,,0.0
202207221132,,0.0
202207221232,,0.0
202207221332,,0.0
202207221432,,0.0
202207221532,93.0,0.4
202207221632,111.0,0.9
202207221732,172.0,0.4
202207221832,243.0,0.4
202207221932,192.0,0.4
202207222032,,0.0
202207222132,,0.0
202207222232,242.0,0.4
202207222332,,0.0
202207230032,,0.0
202207230132,,0.0
202207230232,,0.0
202207230332,,0.0
202207230432,,0.0
202207230532,,0.0
202207230632,,0.0
202207230832,,0.0
202207230932,,0.0
202207231032,,0.0
202207231132,,0.0
202207231232,,0.0
202207231332,243.0,0.4
202207231432,,0.0
202207231532,248.0,0.4
202207231632,151.0,0.4
202207231732,242.0,0.9
202207231832,192.0,0.4
202207231932,157.0,0.4
202207232132,171.0,0.4
202207232232,244.0,0.9
202207232332,,0.0
202207240132,,0.0
202207240232,,0.0
202207240332,,0.0
202207240432,,0.0
202207240532,,0.0
202207240632,,0.0
202207240732,,0.0
202207240832,,0.0
202207240932,,0.0
202207241032,,0.0
202207241132,,0.0
202207241332,238.0,0.9
202207241432,263.0,0.9
202207241532,263.0,0.9
202207241632,236.0,0.9
202207241732,159.0,0.4
202207241832,147.0,0.4
202207241932,237.0,1.3
202207242032,,0.0
202207242132,230.0,0.4
202207242232,249.0,0.4
202207242332,,0.0
202207250032,,0.0
202207250132,,0.0
202207250232,,0.0
202207250332,,0.0
202207250432,,0.0
202207250532,,0.0
202207250632,,0.0
202207250732,,0.0
202207250832,,0.0
202207250932,,0.0
202207251032,,0.0
202207251132,,0.0
202207251232,245.0,0.4
202207251332,261.0,0.4
202207251432,303.0,0.4
202207251532,269.0,0.4
202207251632,307.0,0.9
202207251732,243.0,0.4
202207251832,,0.0
202207251932,,0.0
202207252032,236.0,0.4
202207252132,257.0,0.4
202207252232,,0.0
202207252332,,0.0
202207260032,,0.0
202207260132,,0.0
202207260232,,0.0
202207260332,,0.0
202207260532,,0.0
202207260632,,0.0
202207260732,,0.0
202207260932,,0.0
202207261032,,0.0
202207261132,,0.0
202207261232,257.0,0.4
202207261432,248.0,0.9
202207261532,239.0,0.9
202207261632,234.0,0.4
202207261732,227.0,0.9
202207261832,215.0,0.4
202207261932,250.0,0.9
202207262032,212.0,0.4
202207262132,172.0,0.4
202207262332,,0.0
202207270032,,0.0
202207270132,,0.0
202207270232,,0.0
202207270332,,0.0
202207270432,,0.0
202207270532,,0.0
202207270632,,0.0
202207270732,,0.0
202207270832,,0.0
202207270932,,0.0
202207271032,,0.0
202207271132,,0.0
202207271232,216.0,0.4
202207271332,243.0,0.4
202207271432,236.0,0.9
202207271532,280.0,0.9
202207271632,253.0,0.9
202207271732,239.0,0.9
202207271832,260.0,0.9
202207271932,253.0,0.9
202207272032,243.0,0.9
202207272132,175.0,0.4
202207272232,240.0,0.4
202207272332,,0.0
202207280032,,0.0
202207280132,,0.0
202207280232,,0.0
202207280332,,0.0
202207280432,,0.0
202207280532,,0.0
202207280632,,0.0
202207280732,,0.0
202207280832,,0.0
202207280932,,0.0
202207281032,,0.0
202207281132,,0.0
202207281232,,0.0
202207281332,241.0,0.4
202207281432,257.0,0.4
202207281532,261.0,0.9
202207281632,251.0,0.9
202207281732,240.0,0.9
202207281932,251.0,0.4
202207282032,249.0,0.9
202207282132,238.0,0.4
202207282232,,0.0
202207282332,,0.0
202207290032,222.0,0.9
202207290132,,0.0
202207290232,224.0,0.4
202207290332,,0.0
202207290532,,0.0
202207290632,,0.0
202207290732,,0.0
202207290832,,0.0
202207290932,,0.0
202207291032,,0.0
202207291132,,0.0
202207291232,207.0,0.4
202207291332,243.0,0.4
202207291432,288.0,0.4
202207291532,279.0,0.9
202207291632,257.0,0.4
202207291732,264.0,1.3
202207291832,326.0,0.9
202207291932,276.0,0.4
202207292032,218.0,0.4
202207292132,,0.0
202207292232,,0.0
202207292332,,0.0
202207300132,,0.0
202207300232,207.0,0.4
202207300332,,0.0
202207300432,,0.0
202207300532,,0.0
202207300632,,0.0
202207300732,,0.0
202207300832,,0.0
202207300932,,0.0
202207301032,,0.0
202207301132,,0.0
202207301232,,0.0
202207301332,,0.0
202207301432,,0.0
202207301532,130.0,0.4
202207301632,124.0,0.4
202207301732,109.0,0.4
202207301832,228.0,0.4
202207301932,142.0,0.4
202207302032,305.0,2.7
202207302132,,0.0
202207302232,,0.0
202207302332,,0.0
202207310032,,0.0
202207310132,,0.0
202207310232,224.0,0.4
202207310332,,0.0
202207310432,,0.0
202207310632,,0.0
202207310732,,0.0
202207310832,,0.0
202207310932,,0.0
202207311032,,0.0
202207311132,,0.0
202207311232,,0.0
202207311332,,0.0
202207311432,243.0,0.4
202207311532,265.0,0.4
202207311632,228.0,0.9
202207311732,242.0,0.9
202207311832,218.0,0.4
202207312032,227.0,0.9
202207312132,241.0,1.3
202207312232,,0.0
202207312332,301.0,0.4
202208010032,,0.0
202208010132,281.0,0.4
202208010232,,0.0
202208010332,,0.0
202208010432,,0.0
202208010532,,0.0
202208010632,,0.0
202208010732,,0.0
202208010832,,0.0
202208011032,,0.0
202208011132,,0.0
202208011232,,0.0
202208011332,291.0,0.4
202208011432,319.0,0.4
202208011532,323.0,0.9
202208011632,306.0,0.9
202208011732,,0.0
202208011832,335.0,0.4
202208012032,310.0,0.4
202208012132,,0.0
202208012232,319.0,0.4
202208012332,,0.0
202208020032,,0.0
202208020132,,0.0
202208020232,,0.0
202208020332,,0.0
202208020432,,0.0
202208020532,,0.0
202208020632,,0.0
202208020732,278.0,0.4
202208020832,281.0,0.4
202208020932,282.0,0.4
202208021032,,0.0
202208021132,322.0,0.4
202208021232,,0.0
202208021332,328.0,0.4
202208021432,273.0,0.9
202208021532,296.0,0.4
202208021632,224.0,0.4
202208021732,242.0,0.4
202208021832,313.0,0.9
202208021932,310.0,0.4
202208022032,320.0,0.4
202208022132,286.0,0.4
202208022232,,0.0
202208022332,,0.0
202208030032,,0.0
202208030132,,0.0
202208030332,,0.0
202208030432,,0.0
202208030532,,0.0
202208030632,,0.0
202208030732,,0.0
202208030832,,0.0
202208030932,,0.0
202208031032,,0.0
202208031132,,0.0
202208031232,,0.0
202208031332,,0.0
202208031432,113.0,0.4
202208031532,101.0,0.9
202208031632,123.0,0.4
202208031732,109.0,0.4
202208031832,227.0,0.4
202208031932,253.0,0.9
202208032032,144.0,0.4
202208032132,176.0,0.4
202208032232,,0.0
202208032332,,0.0
202208040032,,0.0
202208040132,,0.0
202208040232,,0.0
202208040332,,0.0
202208040432,131.0,0.4
202208040532,,0.0
202208040632,,0.0
202208040732,,0.0
202208040832,,0.0
202208040932,,0.0
202208041032,,0.0
202208041132,,0.0
202208041232,,0.0
202208041332,102.0,0.4
202208041432,145.0,0.4
202208041532,125.0,0.9
202208041632,80.0,0.4
202208041732,212.0,0.4
202208041832,231.0,0.4
202208041932,143.0,0.4
202208042032,111.0,0.4
202208042132,,0.0
202208042332,,0.0
202208050032,,0.0
202208050132,,0.0
202208050232,,0.0
202208050332,,0.0
202208050432,,0.0
202208050532,,0.0
202208050632,,0.0
202208050732,,0.0
202208050832,,0.0
202208050932,,0.0
202208051032,,0.0
202208051132,,0.0
202208051232,,0.0
202208051332,,0.0
202208051432,,0.0
202208051532,75.0,0.4
202208051632,193.0,0.9
202208051732,223.0,0.4
202208051832,239.0,0.4
202208051932,229.0,0.9
202208052032,218.0,0.4
202208052132,,0.0
202208052232,,0.0
202208052332,,0.0
202208060032,,0.0
202208060132,,0.0
202208060232,,0.0
202208060332,,0.0
202208060432,,0.0
202208060532,,0.0
202208060632,,0.0
202208060732,,0.0
202208060832,,0.0
202208060932,,0.0
202208061032,,0.0
202208061132,,0.0
202208061232,,0.0
202208061332,128.0,0.4
202208061432,204.0,0.4
202208061532,105.0,0.4
202208061632,73.0,0.4
202208061732,153.0,0.4
202208061832,99.0,0.4
202208061932,266.0,0.9
202208062032,192.0,0.4
202208062132,223.0,0.4
202208062232,43.0,0.4
202208062332,336.0,0.4
202208070032,,0.0
202208070132,,0.0
202208070232,,0.0
202208070332,,0.0
202208070432,,0.0
202208070532,,0.0
202208070632,,0.0
202208070732,,0.0
202208070932,,0.0
202208071032,,0.0
202208071132,,0.0
202208071232,,0.0
202208071332,,0.0
202208071432,167.0,0.4
202208071532,182.0,0.4
202208071632,209.0,0.4
202208071732,227.0,0.4
202208071832,273.0,0.4
202208071932,257.0,0.4
202208072132,111.0,0.4
202208072232,,0.0
202208072332,,0.0
202208080032,,0.0
202208080132,,0.0
202208080232,,0.0
202208080332,,0.0
202208080432,,0.0
202208080632,,0.0
202208080832,,0.0
202208080932,,0.0
202208081032,,0.0
202208081232,,0.0
202208081332,,0.0
202208081532,263.0,0.4
202208081632,358.0,0.4
202208081732,,0.0
202208081832,,0.0
202208082032,,0.0
202208082132,,0.0
202208082232,,0.0
202208082332,,0.0
202208090032,,0.0
202208090132,,0.0
202208090332,,0.0
202208090432,,0.0
202208090532,,0.0
202208090632,,0.0
202208090732,,0.0
202208090832,,0.0
202208091032,,0.0
202208091132,,0.0
202208091232,,0.0
202208091332,,0.0
202208091432,222.0,0.4
202208091532,325.0,0.4
202208091632,162.0,0.4
202208091832,,0.0
202208091932,,0.0
202208092032,,0.0
202208092132,,0.0
202208092232,,0.0
202208100032,,0.0
202208100132,,0.0
202208100232,,0.0
202208100332,,0.0
202208100432,,0.0
202208100532,,0.0
202208100632,,0.0
202208100732,,0.0
202208100832,,0.0
202208100932,,0.0
202208101032,,0.0
202208101132,,0.0
202208101232,,0.0
202208101332,,0.0
202208101432,,0.0
202208101532,,0.0
202208101632,,0.0
202208101832,,0.0
202208101932,348.0,0.4
202208102032,,0.0
202208102132,,0.0
202208102232,,0.0
202208102332,,0.0
202208110032,,0.0
202208110132,,0.0
202208110232,,0.0
202208110332,,0.0
202208110432,,0.0
202208110532,,0.0
202208110632,,0.0
202208110732,,0.0
202208110832,,0.0
202208110932,,0.0
202208111032,,0.0
202208111232,,0.0
202208111432,,0.0
202208111532,323.0,0.4
202208111632,,0.0
202208111732,174.0,0.4
202208111832,,0.0
202208111932,295.0,0.4
202208112032,,0.0
202208112132,234.0,0.4
202208112232,,0.0
202208112332,,0.0
202208120032,,0.0
202208120132,,0.0
202208120232,320.0,0.4
202208120332,,0.0
202208120432,,0.0
202208120532,328.0,0.4
202208120632,,0.0
202208120732,306.0,0.4
202208120832,,0.0
202208120932,,0.0
202208121032,,0.0
202208121132,,0.0
202208121232,,0.0
202208121332,,0.0
202208121432,56.0,0.4
202208121532,8.0,0.4
202208121632,316.0,0.4
202208121732,6.0,0.9
202208121832,5.0,0.4
202208121932,14.0,0.9
202208122032,344.0,0.9
202208122132,10.0,0.4
202208122232,,0.0
202208122332,,0.0
202208130032,,0.0
202208130132,,0.0
202208130232,,0.0
202208130432,,0.0
202208130532,,0.0
202208130632,,0.0
202208130732,,0.0
202208130832,,0.0
202208130932,,0.0
202208131032,,0.0
202208131132,,0.0
202208131232,,0.0
202208131332,99.0,0.9
202208131432,132.0,0.4
202208131532,112.0,0.4
202208131632,134.0,0.4
202208131732,135.0,0.4
202208131832,122.0,0.9
202208131932,182.0,0.4
202208132032,,0.0
202208132132,,0.0
202208132232,,0.0
202208132332,,0.0
202208140032,,0.0
202208140132,,0.0
202208140232,,0.0
202208140332,,0.0
202208140432,,0.0
202208140532,,0.0
202208140632,,0.0
202208140732,,0.0
202208140832,,0.0
202208140932,,0.0
202208141032,,0.0
202208141132,,0.0
202208141232,,0.0
202208141432,250.0,0.4
202208141532,224.0,0.4
202208141732,226.0,0.4
202208141832,223.0,0.4
202208141932,279.0,0.4
202208142032,249.0,0.4
202208142132,229.0,0.4
202208142232,242.0,0.4
202208142332,,0.0
202208150032,,0.0
202208150232,,0.0
202208150332,,0.0
202208150432,,0.0
202208150532,,0.0
202208150632,,0.0
202208150832,,0.0
202208150932,,0.0
202208151032,,0.0
202208151132,,0.0
202208151232,,0.0
202208151332,254.0,0.4
202208151432,261.0,0.4
202208151532,250.0,0.4
202208151632,247.0,0.9
202208151732,279.0,0.9
202208151832,272.0,0.9
202208151932,267.0,0.9
202208152032,266.0,0.4
202208152132,282.0,0.4
202208152232,289.0,0.4
202208152332,272.0,0.4
202208160032,326.0,0.4
202208160132,,0.0
202208160232,,0.0
202208160332,,0.0
202208160432,,0.0
202208160532,,0.0
202208160632,,0.0
202208160732,,0.0
202208160832,,0.0
202208160932,,0.0
202208161032,,0.0
202208161132,,0.0
202208161232,,0.0
202208161332,,0.0
202208161432,87.0,0.4
202208161532,332.0,0.4
202208161632,342.0,0.4
202208161732,10.0,0.4
202208161832,8.0,0.9
202208161932,,0.0
202208162032,,0.0
202208162132,323.0,0.4
202208162232,322.0,0.4
202208162332,350.0,0.4
202208170032,,0.0
202208170132,,0.0
202208170232,,0.0
202208170332,,0.0
202208170432,,0.0
202208170532,,0.0
202208170632,,0.0
202208170732,,0.0
202208170832,,0.0
202208170932,,0.0
202208171032,,0.0
202208171132,,0.0
202208171332,78.0,0.4
202208171432,59.0,0.4
202208171532,130.0,0.4
202208171632,,0.0
202208171732,239.0,0.4
202208171832,249.0,0.4
202208171932,290.0,0.9
202208172032,,0.0
202208172132,,0.0
202208172232,350.0,0.4
202208172332,322.0,0.4
202208180032,,0.0
202208180132,,0.0
202208180232,,0.0
202208180332,,0.0
202208180432,,0.0
202208180532,,0.0
202208180732,,0.0
202208180832,,0.0
202208181032,,0.0
202208181132,,0.0
202208181232,,0.0
202208181332,,0.0
202208181432,52.0,0.9
202208181532,110.0,0.4
202208181632,144.0,0.4
202208181732,122.0,0.4
202208181832,187.0,0.4
202208181932,,0.0
202208182032,,0.0
202208182232,,0.0
202208182332,,0.0
202208190032,,0.0
202208190132,,0.0
202208190332,,0.0
202208190532,,0.0
202208190632,,0.0
202208190732,,0.0
202208190832,,0.0
202208190932,,0.0
202208191032,,0.0
202208191132,,0.0
202208191232,,0.0
202208191332,,0.0
202208191432,142.0,0.4
202208191532,126.0,0.4
202208191632,115.0,0.4
202208191732,140.0,0.4
202208191832,100.0,0.4
202208191932,273.0,0.4
202208192032,53.0,0.9
202208192132,,0.0
202208192232,105.0,0.4
202208192332,102.0,0.4
202208200032,,0.0
202208200132,,0.0
202208200332,,0.0
202208200432,,0.0
202208200532,,0.0
202208200632,,0.0
202208200732,,0.0
202208200832,,0.0
202208200932,,0.0
202208201032,,0.0
202208201232,,0.0
202208201332,,0.0
202208201432,,0.0
202208201532,,0.0
202208201632,,0.0
202208201732,204.0,0.4
202208201832,214.0,0.4
202208201932,162.0,0.4
202208202032,215.0,0.4
202208202132,208.0,0.4
202208202232,,0.0
202208202332,,0.0
202208210032,,0.0
202208210132,,0.0
202208210232,,0.0
202208210332,,0.0
202208210432,220.0,0.4
202208210532,,0.0
202208210632,,0.0
202208210732,,0.0
202208210832,218.0,0.4
202208210932,,0.0
202208211032,228.0,0.4
202208211132,239.0,0.4
202208211232,,0.0
202208211332,233.0,0.4
202208211432,,0.0
202208211632,252.0,0.4
202208211732,238.0,0.4
202208211832,233.0,0.4
202208211932,265.0,0.4
202208212032,272.0,0.4
202208212132,,0.0
202208212232,253.0,0.4
202208212332,,0.0
202208220032,,0.0
202208220132,,0.0
202208220232,,0.0
202208220332,,0.0
202208220432,,0.0
202208220532,,0.0
202208220632,,0.0
202208220732,305.0,0.4
202208220832,,0.0
202208220932,,0.0
202208221032,329.0,0.4
202208221132,,0.0
202208221232,,0.0
202208221332,,0.0
202208221432,,0.0
202208221532,,0.0
202208221632,,0.0
202208221732,288.0,0.4
202208221832,221.0,0.9
202208221932,271.0,0.4
202208222032,240.0,0.9
202208222132,251.0,0.9
202208222232,239.0,0.4
202208230032,,0.0
202208230132,,0.0
202208230232,,0.0
202208230332,,0.0
202208230432,281.0,0.4
202208230532,330.0,0.4
202208230632,,0.0
202208230732,,0.0
202208230832,,0.0
202208230932,,0.0
202208231032,,0.0
202208231132,,0.0
202208231332,,0.0
202208231432,228.0,0.4
202208231532,97.0,0.4
202208231632,,0.0
202208231732,,0.0
202208231832,,0.0
202208231932,106.0,0.4
202208232032,,0.0
202208232132,74.0,0.4
202208232232,,0.0
202208232332,,0.0
202208240132,266.0,0.4
202208240332,,0.0
202208240432,,0.0
202208240532,,0.0
202208240632,,0.0
202208240732,,0.0
202208240832,,0.0
202208240932,,0.0
202208241032,,0.0
202208241132,,0.0
202208241232,,0.0
202208241332,,0.0
202208241432,,0.0
202208241532,143.0,0.4
202208241632,139.0,0.4
202208241832,179.0,0.4
202208241932,154.0,0.4
202208242032,,0.0
202208242232,,0.0
202208242332,,0.0
202208250032,,0.0
202208250132,,0.0
202208250232,,0.0
202208250332,,0.0
202208250432,,0.0
202208250532,,0.0
202208250632,,0.0
202208250732,,0.0
202208250832,,0.0
202208250932,,0.0
202208251032,,0.0
202208251132,,0.0
202208251332,,0.0
202208251432,103.0,0.9
202208251532,151.0,0.4
202208251632,117.0,0.4
202208251732,104.0,0.4
202208251832,148.0,0.4
202208251932,,0.0
202208252032,147.0,0.4
202208252132,144.0,0.4
202208252232,,0.0
202208252332,,0.0
202208260032,,0.0
202208260132,,0.0
202208260232,,0.0
202208260332,,0.0
202208260432,,0.0
202208260532,,0.0
202208260632,,0.0
202208260732,,0.0
202208260832,,0.0
202208260932,,0.0
202208261032,,0.0
202208261132,,0.0
202208261232,,0.0
202208261332,,0.0
202208261432,25.0,0.4
202208261532,252.0,0.4
202208261632,244.0,0.4
202208261732,71.0,0.4
202208261832,265.0,0.4
202208261932,139.0,0.4
202208262032,107.0,0.4
202208262132,,0.0
202208262332,,0.0
202208270032,,0.0
202208270132,,0.0
202208270232,,0.0
202208270332,,0.0
202208270432,,0.0
202208270532,,0.0
202208270632,,0.0
202208270732,,0.0
202208270832,,0.0
202208270932,,0.0
202208271032,,0.0
202208271132,,0.0
202208271232,,0.0
202208271332,,0.0
202208271432,100.0,0.4
202208271532,130.0,0.4
202208271632,243.0,0.4
202208271732,123.0,0.4
202208271832,138.0,0.4
202208271932,,0.0
202208272032,,0.0
202208272132,,0.0
202208272232,,0.0
202208272332,,0.0
202208280032,,0.0
202208280132,,0.0
202208280232,,0.0
202208280332,,0.0
202208280432,,0.0
202208280532,,0.0
202208280632,,0.0
202208280732,,0.0
202208280832,,0.0
202208280932,,0.0
202208281032,,0.0
202208281132,,0.0
202208281232,,0.0
202208281332,107.0,0.4
202208281432,,0.0
202208281532,123.0,0.4
202208281632,118.0,0.4
202208281732,120.0,0.4
202208281832,126.0,0.4
202208282032,72.0,0.4
202208282132,,0.0
202208282232,,0.0
202208282332,,0.0
202208290032,,0.0
202208290132,,0.0
202208290232,,0.0
202208290332,,0.0
202208290532,,0.0
202208290632,,0.0
202208290732,,0.0
202208290832,,0.0
202208290932,,0.0
202208291032,,0.0
202208291232,,0.0
202208291332,,0.0
202208291432,,0.0
202208291532,85.0,0.4
202208291632,153.0,0.4
202208291732,131.0,0.4
202208291832,103.0,0.9
202208291932,167.0,0.4
202208292032,,0.0
202208292132,,0.0
202208292232,,0.0
202208292332,,0.0
202208300032,,0.0
202208300232,,0.0
202208300332,,0.0
202208300432,,0.0
202208300532,,0.0
202208300732,,0.0
202208300932,,0.0
202208301032,,0.0
202208301132,,0.0
202208301232,,0.0
202208301332,,0.0
202208301432,,0.0
202208301532,211.0,0.4
202208301632,239.0,0.4
202208301732,283.0,0.9
202208301832,,0.0
202208301932,,0.0
202208302032,332.0,0.4
202208302232,,0.0
202208302332,,0.0
202208310032,,0.0
202208310232,,0.0
202208310332,,0.0
202208310432,,0.0
202208310532,,0.0
202208310632,,0.0
202208310732,,0.0
202208310832,,0.0
202208310932,,0.0
202208311032,,0.0
202208311132,,0.0
202208311232,,0.0
202208311332,,0.0
202208311432,56.0,0.9
202208311532,48.0,0.4
202208311632,359.0,0.9
202208311732,345.0,0.9
202208311832,54.0,0.9
202208311932,20.0,0.4
202208312032,1.0,0.9
202208312132,14.0,0.4
202208312232,,0.0
202209010132,,0.0
202209010232,,0.0
202209010332,,0.0
202209010432,,0.0
202209010532,,0.0
202209010632,,0.0
202209010732,,0.0
202209010832,,0.0
202209010932,,0.0
202209011032,,0.0
202209011132,,0.0
202209011232,,0.0
202209011332,70.0,0.4
202209011432,100.0,0.4
202209011532,8.0,0.9
202209011632,119.0,0.4
202209011732,164.0,0.4
202209011832,96.0,0.4
202209011932,54.0,0.4
202209012032,312.0,0.4
202209012132,,0.0
202209012232,,0.0
202209012332,,0.0
202209020032,,0.0
202209020132,,0.0
202209020232,,0.0
202209020332,,0.0
202209020432,,0.0
202209020532,,0.0
202209020632,,0.0
202209020732,,0.0
202209020832,,0.0
202209020932,,0.0
202209021032,,0.0
202209021132,,0.0
202209021232,,0.0
202209021332,125.0,0.4
202209021432,91.0,0.9
202209021632,109.0,0.4
202209021732,133.0,0.4
202209021832,105.0,1.3
202209021932,97.0,0.4
202209022032,,0.0
202209022132,107.0,0.9
202209022232,117.0,0.9
202209022332,130.0,0.4
202209030032,,0.0
202209030132,,0.0
202209030232,,0.0
202209030332,,0.0
202209030432,,0.0
202209030532,,0.0
202209030632,,0.0
202209030732,,0.0
202209030832,,0.0
202209030932,,0.0
202209031032,,0.0
202209031132,,0.0
202209031232,124.0,0.4
202209031332,127.0,0.4
202209031432,130.0,0.4
202209031632,127.0,0.4
202209031732,123.0,0.4
202209031832,206.0,0.4
202209031932,135.0,0.4
202209032032,122.0,0.4
202209032132,121.0,0.4
202209032232,,0.0
202209032332,,0.0
202209040032,,0.0
202209040132,,0.0
202209040232,,0.0
202209040332,,0.0
202209040432,,0.0
202209040532,,0.0
202209040632,112.0,0.4
202209040732,111.0,0.4
202209040832,,0.0
202209041032,,0.0
202209041132,58.0,0.4
202209041232,70.0,0.4
202209041332,,0.0
202209041432,104.0,0.4
202209041532,98.0,0.4
202209041632,,0.0
202209041732,46.0,0.4
202209041832,,0.0
202209042032,111.0,0.4
202209042132,,0.0
202209042232,,0.0
202209042332,,0.0
202209050032,,0.0
202209050132,102.0,0.4
202209050232,135.0,0.4
202209050332,134.0,0.4
202209050432,105.0,0.4
202209050532,,0.0
202209050632,,0.0
202209050732,,0.0
202209050832,,0.0
202209050932,,0.0
202209051032,,0.0
202209051232,,0.0
202209051332,,0.0
202209051432,244.0,0.4
202209051532,,0.0
202209051732,293.0,0.9
202209051932,325.0,0.4
202209052032,,0.0
202209052132,,0.0
202209052232,,0.0
202209052332,,0.0
202209061232,,0.0
202209061332,,0.0
202209061432,,0.0
202209061532,323.0,0.4
202209061632,15.0,0.4
202209061732,,0.0
202209061832,,0.0
202209061932,,0.0
202209062032,216.0,0.4
202209062132,,0.0
202209062232,,0.0
202209062332,295.0,0.4
202209070032,,0.0
202209070132,,0.0
202209070232,,0.0
202209070332,233.0,0.4
202209070532,,0.0
202209070632,,0.0
202209070732,,0.0
202209070832,,0.0
202209070932,300.0,0.4
202209071032,340.0,0.4
202209071132,,0.0
202209071232,336.0,0.4
202209071332,354.0,0.4
202209071432,41.0,0.4
202209071532,16.0,0.4
202209071632,58.0,0.9
202209071732,15.0,0.9
202209071832,16.0,0.9
202209071932,355.0,0.4
202209072032,348.0,0.4
202209072132,,0.0
202209072232,338.0,0.4
202209072332,,0.0
202209080032,9.0,0.4
202209080132,,0.0
202209080232,,0.0
202209080332,60.0,0.4
202209080432,,0.0
202209080532,,0.0
202209080732,,0.0
202209080832,,0.0
202209080932,,0.0
202209081032,,0.0
202209081132,,0.0
202209081232,40.0,0.4
202209081332,,0.0
202209081432,60.0,0.4
202209081532,123.0,0.4
202209081632,101.0,0.4
202209081732,82.0,0.9
202209081832,100.0,0.4
202209081932,48.0,0.9
202209082032,71.0,0.9
202209082132,,0.0
202209082232,,0.0
202209082332,,0.0
202209090032,,0.0
202209090232,,0.0
202209090332,,0.0
202209090432,,0.0
202209090532,,0.0
202209090632,,0.0
202209090732,99.0,0.4
202209090832,,0.0
202209090932,110.0,0.4
202209091032,126.0,0.4
202209091132,102.0,0.4
202209091232,120.0,0.9
202209091332,134.0,0.4
202209091432,,0.0
202209091532,89.0,0.9
202209091732,119.0,0.4
202209091832,100.0,0.9
202209091932,103.0,0.9
202209092032,90.0,0.9
202209092132,122.0,0.4
202209092232,108.0,0.4
202209092332,,0.0
202209100032,,0.0
202209100132,105.0,0.4
202209100232,112.0,0.4
202209100332,104.0,0.9
202209100432,112.0,0.4
202209100632,98.0,0.4
202209100732,111.0,1.3
202209100832,113.0,0.9
202209100932,104.0,0.4
202209101032,104.0,0.9
202209101132,93.0,0.4
202209101232,99.0,0.4
202209101332,90.0,0.4
202209101432,111.0,0.4
202209101532,113.0,0.4
202209101632,111.0,0.4
202209101732,96.0,0.4
202209101832,115.0,0.4
202209101932,111.0,0.4
202209102032,126.0,0.4
202209102132,,0.0
202209102232,,0.0
202209102332,,0.0
202209110032,,0.0
202209110132,,0.0
202209110232,,0.0
202209110332,,0.0
202209110432,,0.0
202209110532,,0.0
202209110632,,0.0
202209110732,,0.0
202209110832,,0.0
202209110932,,0.0
202209111032,,0.0
202209111132,,0.0
202209111332,,0.0
202209111432,252.0,0.4
202209111532,174.0,0.4
202209111632,213.0,0.4
202209111732,240.0,0.4
202209111932,221.0,0.4
202209112032,232.0,0.4
202209112132,303.0,0.4
202209112232,,0.0
202209112332,241.0,0.4
202209120032,,0.0
202209120132,,0.0
202209120232,,0.0
202209120332,,0.0
202209120432,,0.0
202209120532,,0.0
202209120632,,0.0
202209120732,325.0,0.4
202209120832,,0.0
202209120932,348.0,0.4
202209121032,,0.0
202209121132,,0.0
202209121232,335.0,0.4
202209121332,328.0,0.9
202209121432,354.0,0.9
202209121532,343.0,0.9
202209121632,8.0,0.9
202209121732,35.0,0.9
202209121832,357.0,0.4
202209121932,345.0,0.9
202209122032,318.0,0.4
202209122132,321.0,0.4
202209122232,331.0,0.4
202209130032,,0.0
202209130132,,0.0
202209130232,,0.0
202209130332,,0.0
202209130432,,0.0
202209130632,,0.0
202209130732,,0.0
202209130832,,0.0
202209130932,,0.0
202209131032,,0.0
202209131132,,0.0
202209131232,,0.0
202209131332,,0.0
202209131432,314.0,0.4
202209131532,322.0,1.3
202209131632,286.0,0.9
202209131732,41.0,0.9
202209131832,5.0,0.9
202209131932,355.0,0.9
202209132032,356.0,0.4
202209132132,302.0,0.4
202209132232,,0.0
202209132332,,0.0
202209140032,,0.0
202209140132,,0.0
202209140232,,0.0
202209140332,,0.0
202209140432,,0.0
202209140532,,0.0
202209140632,,0.0
202209140732,,0.0
202209140832,,0.0
202209140932,,0.0
202209141032,,0.0
202209141132,,0.0
202209141232,,0.0
202209141332,,0.0
202209141432,52.0,0.4
202209141532,112.0,0.4
202209141632,77.0,0.9
202209141732,87.0,0.4
202209141832,97.0,0.4
202209142032,0.0,0.4
202209142132,75.0,0.4
202209142232,21.0,0.4
202209142332,,0.0
202209150032,,0.0
202209150132,,0.0
202209150232,,0.0
202209150332,,0.0
202209150432,,0.0
202209150532,,0.0
202209150632,,0.0
202209150732,,0.0
202209150832,,0.0
202209150932,,0.0
202209151032,,0.0
202209151132,,0.0
202209151232,,0.0
202209151332,,0.0
202209151432,108.0,0.4
202209151532,114.0,0.4
202209151632,139.0,0.4
202209151732,102.0,0.4
202209151832,80.0,0.9
202209151932,122.0,0.4
202209152032,101.0,0.4
202209152132,94.0,0.4
202209152232,,0.0
202209152332,,0.0
202209160132,,0.0
202209160232,,0.0
202209160332,,0.0
202209160432,,0.0
202209160532,,0.0
202209160632,,0.0
202209160732,,0.0
202209160832,,0.0
202209160932,,0.0
202209161032,,0.0
202209161132,,0.0
202209161232,,0.0
202209161332,,0.0
202209161432,40.0,0.4
202209161532,108.0,0.9
202209161632,81.0,0.9
202209161832,99.0,0.4
202209161932,131.0,0.4
202209162032,96.0,0.4
202209162132,83.0,0.4
202209162232,,0.0
202209162332,,0.0
202209170032,,0.0
202209170132,,0.0
202209170232,,0.0
202209170332,,0.0
202209170432,,0.0
202209170532,,0.0
202209170632,,0.0
202209170732,,0.0
202209170832,,0.0
202209170932,,0.0
202209171032,,0.0
202209171132,,0.0
202209171232,,0.0
202209171332,,0.0
202209171432,124.0,0.4
202209171532,138.0,0.4
202209171732,121.0,0.9
202209171832,97.0,0.9
202209171932,105.0,0.4
202209172032,124.0,0.4
202209172132,175.0,0.4
202209172232,,0.0
202209172332,,0.0
202209180032,,0.0
202209180232,,0.0
202209180332,,0.0
202209180432,,0.0
202209180532,,0.0
202209180632,,0.0
202209180732,,0.0
202209180832,,0.0
202209180932,,0.0
202209181032,,0.0
202209181232,,0.0
202209181332,,0.0
202209181432,130.0,0.4
202209181532,112.0,0.9
202209181632,102.0,0.4
202209181732,71.0,0.9
202209181832,102.0,0.9
202209182032,,0.0
202209182132,120.0,0.4
202209182232,,0.0
202209182332,,0.0
202209190032,,0.0
202209190132,,0.0
202209190432,,0.0
202209190532,,0.0
202209190632,,0.0
202209190732,,0.0
202209190832,,0.0
202209190932,,0.0
202209191032,,0.0
202209191232,,0.0
202209191332,,0.0
202209191432,,0.0
202209191532,277.0,0.4
202209191632,18.0,0.9
202209191732,29.0,0.4
202209191832,44.0,0.4
202209191932,31.0,0.4
202209192232,,0.0
202209192332,,0.0
202209200032,,0.0
202209200132,,0.0
202209200232,,0.0
202209200332,,0.0
202209200432,,0.0
202209200532,,0.0
202209200632,,0.0
202209200732,,0.0
202209200832,,0.0
202209200932,,0.0
202209201032,,0.0
202209201132,,0.0
202209201232,,0.0
202209201332,65.0,0.4
202209201432,2.0,0.9
202209201532,2.0,0.9
202209201632,326.0,0.9
202209201732,14.0,0.9
202209201832,352.0,0.9
202209201932,336.0,0.9
202209202032,356.0,0.4
202209202132,,0.0
202209202232,,0.0
202209202332,,0.0
202209210032,,0.0
202209210132,,0.0
202209210232,,0.0
202209210332,,0.0
202209210432,,0.0
202209210532,,0.0
202209210632,,0.0
202209210732,,0.0
202209210832,,0.0
202209210932,,0.0
202209211032,,0.0
202209211132,,0.0
202209211232,,0.0
202209211332,,0.0
202209211432,,0.0
202209211532,87.0,0.4
202209211632,146.0,0.4
202209211732,,0.0
202209211832,317.0,0.4
202209211932,126.0,0.4
202209212032,,0.0
202209212132,,0.0
202209212232,,0.0
202209212332,,0.0
202209220032,,0.0
202209220132,,0.0
202209220232,,0.0
202209220332,,0.0
202209220432,,0.0
202209220532,,0.0
202209220632,,0.0
202209220732,,0.0
202209220832,,0.0
202209220932,,0.0
202209221032,,0.0
202209221132,,0.0
202209221232,,0.0
202209221432,3.0,0.4
202209221532,345.0,0.9
202209221632,334.0,0.4
202209221732,328.0,0.9
202209221832,358.0,0.9
202209221932,15.0,1.3
202209222032,323.0,1.3
202209222132,4.0,0.9
202209222232,11.0,0.4
202209222332,357.0,0.9
202209230032,16.0,0.4
202209230132,22.0,0.4
202209230232,31.0,0.4
202209230332,6.0,0.4
202209230432,,0.0
202209230532,13.0,0.4
202209230632,,0.0
202209230732,,0.0
202209230832,,0.0
202209230932,16.0,0.4
202209231032,32.0,0.9
202209231132,55.0,0.4
202209231232,59.0,0.4
202209231432,31.0,0.4
202209231532,75.0,0.9
202209231732,72.0,0.4
202209231832,,0.0
202209231932,,0.0
202209232032,161.0,0.4
202209232232,,0.0
202209232332,,0.0
202209240032,,0.0
202209240132,,0.0
202209240232,,0.0
202209240332,,0.0
202209240432,,0.0
202209240532,,0.0
202209240632,,0.0
202209240732,,0.0
202209240832,,0.0
202209240932,,0.0
202209241032,,0.0
202209241132,,0.0
202209241232,,0.0
202209241332,,0.0
202209241432,241.0,0.4
202209241532,252.0,0.9
202209241632,141.0,0.4
202209241732,130.0,0.4
202209241832,161.0,0.4
202209241932,180.0,0.4
202209242032,233.0,0.9
202209242132,211.0,0.4
202209242232,,0.0
202209242332,,0.0
202209250232,,0.0
202209250332,,0.0
202209250432,,0.0
202209250532,,0.0
202209250632,,0.0
202209250732,,0.0
202209250832,277.0,0.4
202209250932,,0.0
202209251032,,0.0
202209251132,,0.0
202209251232,,0.0
202209251332,,0.0
202209251432,339.0,0.4
202209251532,273.0,0.9
202209251632,319.0,1.3
202209251732,,0.0
202209251832,291.0,0.4
202209251932,276.0,0.4
202209252032,291.0,1.3
202209252132,313.0,0.9
202209252232,268.0,0.4
202209252332,272.0,0.4
202209260032,,0.0
202209260132,,0.0
202209260232,,0.0
202209260332,,0.0
202209260432,311.0,0.4
202209260532,,0.0
202209260632,,0.0
202209260732,,0.0
202209260832,,0.0
202209260932,,0.0
202209261032,,0.0
202209261132,,0.0
202209261232,,0.0
202209261332,,0.0
202209261432,,
202209261532,308.0,0.4
202209261632,333.0,1.3
202209261732,352.0,1.3
202209261832,329.0,1.3
202209261932,297.0,0.9
202209262032,319.0,0.9
202209262132,336.0,0.9
202209262232,5.0,0.4
202209262332,,0.0
202209270032,,0.0
202209270132,,0.0
202209270232,317.0,0.4
202209270332,320.0,0.4
202209270432,340.0,0.4
202209270532,,0.0
202209270632,,0.0
202209270732,,0.0
202209270832,,0.0
202209271032,,0.0
202209271132,,0.0
202209271232,,0.0
202209271332,34.0,0.9
202209271432,45.0,0.9
202209271532,31.0,1.3
202209271632,355.0,0.9
202209271732,22.0,1.3
202209271832,319.0,1.3
202209271932,,1.3
202209272032,358.0,1.3
202209272132,1.0,0.4
202209272232,,0.0
202209272332,,0.0
202209280032,,0.0
202209280132,,0.0
202209280232,,0.0
202209280332,,0.0
202209280432,,0.0
202209280532,,0.0
202209280632,,0.0
202209280732,,0.0
202209280832,,0.0
202209280932,,0.0
202209281032,,0.0
202209281132,,0.0
202209281232,,0.0
202209281332,71.0,0.4
202209281432,30.0,0.9
202209281532,47.0,1.3
202209281632,92.0,0.9
202209281732,78.0,0.9
202209281832,18.0,1.3
202209281932,31.0,0.9
202209282032,22.0,0.4
202209282132,17.0,0.9
202209282232,46.0,0.4
202209282332,26.0,0.4
202209290032,,0.0
202209290132,26.0,0.9
202209290232,23.0,0.9
202209290332,50.0,0.4
202209290432,42.0,0.9
202209290532,61.0,1.3
202209290632,50.0,0.9
202209290732,53.0,1.3
202209290832,36.0,1.3
202209290932,45.0,0.9
202209291032,62.0,0.9
202209291132,39.0,0.9
202209291232,48.0,0.9
202209291332,52.0,1.3
202209291432,53.0,1.3
202209291532,57.0,0.9
202209291632,51.0,0.9
202209291732,59.0,1.3
202209291832,29.0,0.9
202209291932,57.0,0.9
202209292032,31.0,1.3
202209292132,33.0,0.9
202209292232,356.0,0.4
202209292332,,0.0
202209300032,,0.0
202209300132,,0.0
202209300232,14.0,0.4
202209300332,,0.0
202209300432,,0.0
202209300532,,0.0
202209300632,,0.0
202209300732,68.0,0.4
202209300832,20.0,0.4
202209300932,44.0,0.4
202209301032,55.0,0.4
202209301132,28.0,0.4
202209301332,36.0,0.9
202209301632,14.0,0.9
202209301732,347.0,0.9
202209301832,357.0,0.9
202209301932,24.0,1.3
202209302032,11.0,0.9
202209302132,15.0,0.4
202209302232,12.0,0.4
202209302332,358.0,0.4
202210010032,,0.0
202210010132,345.0,0.4
202210010232,12.0,0.4
202210010332,6.0,0.4
202210010532,14.0,0.4
202210010632,,0.0
202210010732,,0.0
202210010832,336.0,0.4
202210010932,,0.0
202210011032,313.0,0.4
202210011132,4.0,0.4
202210011232,6.0,1.3
202210011332,348.0,0.9
202210011432,355.0,1.3
202210011532,29.0,0.9
202210011632,346.0,0.9
202210011732,337.0,1.3
202210011832,8.0,0.9
202210011932,350.0,1.3
202210012032,358.0,0.9
202210012132,14.0,0.9
202210012232,19.0,0.9
202210012332,355.0,0.4
202210020032,,0.0
202210020132,,0.0
202210020232,,0.0
202210020332,,0.0
202210020432,,0.0
202210020532,,0.0
202210020632,,0.0
202210020732,,0.0
202210020832,,0.0
202210020932,,0.0
202210021032,,0.0
202210021132,,0.0
202210021232,5.0,0.9
202210021332,27.0,0.9
202210021432,27.0,1.3
202210021532,26.0,1.3
202210021632,22.0,1.3
202210021732,21.0,1.3
202210021832,25.0,1.3
202210021932,7.0,1.3
202210022032,1.0,1.3
202210022132,74.0,0.9
202210022232,38.0,1.3
202210022332,35.0,0.9
202210030032,37.0,1.3
202210030232,25.0,1.8
202210030332,31.0,0.9
202210030432,53.0,0.4
202210030532,21.0,0.9
202210030632,44.0,0.9
202210030732,30.0,0.4
202210030832,50.0,0.4
202210030932,,0.0
202210031032,,0.0
202210031132,,0.0
202210031232,,0.0
202210031532,90.0,0.4
202210031632,272.0,0.4
202210031732,197.0,0.4
202210031832,322.0,0.4
202210031932,31.0,0.4
202210032032,353.0,0.4
202210032132,,0.4
202210032232,13.0,0.4
202210032332,,0.0
202210040032,,0.0
202210040132,,0.0
202210040232,,0.0
202210040332,,0.0
202210040432,,0.0
202210040532,,0.0
202210040632,,0.0
202210040732,,0.0
202210040832,,0.0
202210041032,,0.0
202210041132,,0.0
202210041232,,0.0
202210041332,,0.0
202210041532,148.0,0.4
202210041632,291.0,0.4
202210041732,272.0,0.9
202210041832,307.0,0.9
202210042032,307.0,0.9
202210042132,321.0,0.4
202210042232,,0.0
202210042332,,0.0
202210050032,,0.0
202210050132,,0.0
202210050232,,0.0
202210050332,,0.0
202210050432,,0.0
202210050532,,0.0
202210050632,,0.0
202210050732,,0.0
202210050832,,0.0
202210050932,,0.0
202210051032,,0.0
202210051132,,0.0
202210051232,,0.0
202210051332,,0.0
202210051432,,0.0
202210051532,72.0,0.9
202210051632,35.0,0.9
202210051732,39.0,0.4
202210051832,18.0,0.9
202210051932,324.0,0.9
202210052032,357.0,0.9
202210052132,348.0,0.4
202210052232,,0.0
202210052332,,0.0
202210060032,,0.0
202210060132,,0.0
202210060232,,0.0
202210060332,,0.0
202210060432,,0.0
202210060532,,0.0
202210060632,,0.0
202210060732,,0.0
202210060832,,0.0
202210060932,,0.0
202210061032,,0.0
202210061132,,0.0
202210061232,,0.0
202210061332,,0.0
202210061432,,0.0
202210061532,335.0,0.4
202210061632,33.0,0.4
202210061732,288.0,0.4
202210061832,338.0,0.9
202210061932,13.0,0.4
202210062032,352.0,0.4
202210062132,,0.0
202210062232,,0.0
202210062332,,0.0
202210070032,,0.0
202210070132,,0.0
202210070232,,0.0
202210070332,,0.0
202210070432,,0.0
202210070532,,0.0
202210070632,,0.0
202210070732,,0.0
202210070832,,0.0
202210070932,,0.0
202210071032,,0.0
202210071132,,0.0
202210071232,,0.0
202210071432,,0.0
202210071532,42.0,0.4
202210071632,348.0,0.9
202210071832,349.0,0.9
202210071932,10.0,0.4
202210072032,16.0,0.9
202210072132,336.0,0.4
202210072232,,0.0
202210072332,,0.0
202210080132,,0.0
202210080232,323.0,0.4
202210080332,358.0,0.9
202210080432,9.0,0.4
202210080532,,0.0
202210080632,,0.0
202210080732,,0.0
202210080832,,0.0
202210080932,,0.0
202210081032,,0.0
202210081132,,0.0
202210081232,,0.0
202210081332,32.0,0.4
202210081432,16.0,0.9
202210081632,49.0,0.9
202210081732,339.0,0.9
202210081832,347.0,1.3
202210082032,324.0,0.9
202210082132,339.0,0.4
202210082232,329.0,0.4
202210082332,290.0,0.4
202210090032,,0.0
202210090132,338.0,0.4
202210090232,,0.0
202210090332,,0.0
202210090532,,0.0
202210090632,,0.0
202210090732,,0.0
202210090832,,0.0
202210090932,,0.0
202210091032,,0.0
202210091132,,0.0
202210091232,,0.0
202210091332,33.0,0.4
202210091432,43.0,0.4
202210091532,8.0,0.9
202210091632,34.0,0.9
202210091732,295.0,0.4
202210091832,355.0,0.9
202210091932,323.0,0.9
202210092032,359.0,0.9
202210092132,11.0,0.4
202210092232,,0.0
202210092332,,0.0
202210100032,,0.0
202210100132,,0.0
202210100232,,0.0
202210100332,,0.0
202210100432,,0.0
202210100532,,0.0
202210100632,,0.0
202210100732,,0.0
202210100832,,0.0
202210100932,,0.0
202210101032,,0.0
202210101132,,0.0
202210101232,,0.0
202210101332,,0.0
202210101432,75.0,0.4
202210101532,78.0,1.3
202210101732,108.0,0.4
202210101832,105.0,0.4
202210101932,284.0,0.4
202210102032,4.0,0.4
202210102132,89.0,0.4
202210102232,,0.0
202210102332,,0.0
202210110032,,0.0
202210110132,,0.0
202210110232,,0.0
202210110332,,0.0
202210110432,,0.0
202210110532,,0.0
202210110632,,0.0
202210110732,,0.0
202210110832,,0.0
202210110932,,0.0
202210111032,,0.0
202210111132,,0.0
202210111232,,0.0
202210111332,,0.0
202210111432,129.0,0.9
202210111532,139.0,0.9
202210111632,127.0,0.4
202210111732,103.0,0.9
202210111832,163.0,0.4
202210111932,109.0,0.4
202210112032,180.0,0.4
202210112132,,0.0
202210112232,,0.0
202210112332,,0.0
202210120032,,0.0
202210120132,,0.0
202210120232,,0.0
202210120332,,0.0
202210120432,,0.0
202210120532,,0.0
202210120632,,0.0
202210120732,,0.0
202210120832,,0.0
202210120932,,0.0
202210121032,,0.0
202210121132,127.0,0.4
202210121232,189.0,0.4
202210121332,,0.0
202210121432,135.0,0.4
202210121632,159.0,0.4
202210121732,,0.0
202210121832,243.0,0.4
202210121932,,0.0
202210122032,223.0,0.4
202210122132,196.0,0.4
202210122232,246.0,0.4
202210122332,,0.0
202210130032,,0.0
202210130132,,0.0
202210130232,135.0,0.4
202210130332,235.0,0.4
202210130432,,0.0
202210130532,,0.0
202210130632,,0.0
202210130732,,0.0
202210130832,220.0,0.4
202210130932,,0.0
202210131032,260.0,0.4
202210131132,,0.0
202210131232,258.0,0.4
202210131332,281.0,0.9
202210131532,302.0,0.9
202210131632,329.0,1.3
202210131732,271.0,1.3
202210131832,304.0,1.3
202210131932,332.0,1.8
202210132032,283.0,1.3
202210132132,297.0,1.3
202210132232,321.0,0.9
202210132332,314.0,0.4
202210140032,,0.0
202210140132,,0.0
202210140232,,0.0
202210140332,,0.0
202210140432,,0.0
202210140532,,0.0
202210140632,,0.0
202210140732,,0.0
202210140832,,0.0
202210140932,,0.0
202210141032,,0.0
202210141132,,0.0
202210141232,,0.0
202210141332,,0.0
202210141432,253.0,0.4
202210141532,271.0,0.9
202210141632,277.0,0.9
202210141732,260.0,0.9
202210141832,264.0,0.9
202210141932,301.0,1.3
202210142032,269.0,1.3
202210142132,,0.0
202210142232,,0.0
202210142332,,0.0
202210150032,,0.0
202210150132,,0.0
202210150232,,0.0
202210150332,,0.0
202210150432,,0.0
202210150532,,0.0
202210150632,,0.0
202210150732,,0.0
202210150832,,0.0
202210150932,,0.0
202210151032,,0.0
202210151232,,0.0
202210151332,,0.0
202210151432,239.0,0.9
202210151532,234.0,1.3
202210151632,255.0,1.3
202210151832,255.0,1.8
202210151932,254.0,0.9
202210152032,254.0,0.9
202210152132,,0.0
202210152232,,0.0
202210152332,,0.0
202210160032,,0.0
202210160132,,0.0
202210160332,,0.0
202210160432,,0.0
202210160532,,0.0
202210160632,,0.0
202210160732,,0.0
202210161432,224.0,0.4
202210161532,247.0,1.3
202210161632,263.0,1.3
202210161732,250.0,0.9
202210161832,316.0,1.3
202210161932,303.0,0.9
202210162032,236.0,0.4
202210162232,,0.0
202210162332,,0.0
202210170032,,0.0
202210170132,,0.0
202210170232,,0.0
202210170332,,0.0
202210170432,,0.0
202210170532,,0.0
202210170632,,0.0
202210170732,300.0,0.4
202210170832,272.0,0.4
202210170932,,0.0
202210171032,,0.0
202210171132,,0.0
202210171232,312.0,0.4
202210171332,315.0,0.4
202210171432,328.0,0.9
202210171532,308.0,0.9
202210171632,283.0,1.3
202210171732,313.0,1.3
202210171832,293.0,1.8
202210172032,310.0,1.8
202210172132,309.0,1.3
202210172232,1.0,0.4
202210172332,301.0,0.4
202210180032,,0.0
202210180132,,0.9
202210180232,340.0,0.4
202210180332,345.0,0.9
202210180432,358.0,1.3
202210180532,1.0,1.3
202210180632,0.0,0.9
202210180832,332.0,0.4
202210180932,,0.0
202210181032,,0.0
202210181132,,0.0
202210181232,,0.0
202210181332,355.0,0.9
202210181532,352.0,1.3
202210181632,333.0,1.8
202210181732,356.0,1.3
202210181832,35.0,1.3
202210181932,6.0,1.3
202210182032,354.0,1.8
202210182132,337.0,0.9
202210182232,354.0,0.9
202210182332,337.0,0.4
202210190032,,0.0
202210190232,,0.0
202210190332,,0.0
202210190432,323.0,0.9
202210190532,,0.0
202210190632,,0.0
202210190732,302.0,0.4
202210190832,291.0,0.4
202210190932,293.0,0.9
202210191032,306.0,0.9
202210191132,311.0,0.4
202210191232,316.0,0.9
202210191332,327.0,1.3
202210191432,331.0,1.3
202210191532,333.0,1.3
202210191632,335.0,1.3
202210191732,2.0,1.8
202210191832,333.0,0.9
202210191932,8.0,1.3
202210192032,341.0,1.3
202210192132,319.0,0.9
202210192232,,0.0
202210192332,,0.0
202210200032,,0.0
202210200132,,0.0
202210200232,,0.0
202210200332,,0.0
202210200432,,0.0
202210200532,,0.0
202210200632,,0.0
202210200732,,0.0
202210200832,,0.0
202210200932,,0.0
202210201032,,0.0
202210201132,,0.0
202210201232,,0.0
202210201332,,0.0
202210201432,,0.0
202210201532,256.0,1.3
202210201632,276.0,1.3
202210201832,262.0,1.3
202210201932,295.0,1.3
202210202032,313.0,0.9
202210202132,292.0,0.9
202210202232,,0.0
202210202332,,0.0
202210210032,,0.0
202210210132,,0.0
202210210232,,0.0
202210210332,,0.0
202210210432,,0.0
202210210532,,0.0
202210210632,,0.0
202210210732,,0.0
202210210832,,0.0
202210210932,,0.0
202210211032,,0.0
202210211132,,0.0
202210211232,,0.0
202210211332,,0.0
202210211432,,0.0
202210211532,286.0,0.4
202210211732,125.0,0.9
202210211832,181.0,0.4
202210211932,206.0,0.4
202210212032,180.0,0.4
202210212132,,0.0
202210212232,,0.0
202210212332,,0.0
202210220032,,0.0
202210220132,,0.0
202210220232,,0.0
202210220332,,0.0
202210220432,,0.0
202210220632,,0.0
202210220732,,0.0
202210220832,,0.0
202210220932,,0.0
202210221032,,0.0
202210221132,,0.0
202210221232,,0.0
202210221332,,0.0
202210221432,145.0,0.4
202210221632,195.0,0.9
202210221732,186.0,0.4
202210221832,221.0,0.4
202210221932,137.0,0.4
202210222032,,0.0
202210222132,,0.0
202210222232,,0.0
202210222332,,0.0
202210230032,,0.0
202210230132,,0.0
202210230232,,0.0
202210230332,,0.0
202210230432,,0.0
202210230532,,0.0
202210230632,,0.0
202210230732,,0.0
202210230832,,0.0
202210230932,,0.0
202210231032,,0.0
202210231132,,0.0
202210231232,,0.0
202210231332,,0.0
202210231432,,0.0
202210231532,196.0,0.4
202210231632,203.0,0.9
202210231732,164.0,0.9
202210231832,127.0,0.9
202210231932,138.0,0.9
202210232032,191.0,0.4
202210232132,217.0,0.4
202210232232,,0.0
202210232332,,0.0
202210240032,,0.0
202210240132,,0.0
202210240232,,0.0
202210240332,,0.0
202210240432,,0.0
202210240532,,0.0
202210240632,,0.0
202210240732,,0.0
202210240832,,0.0
202210240932,,0.0
202210241032,,0.0
202210241132,,0.0
202210241232,,0.0
202210241332,,0.0
202210241432,144.0,0.4
202210241532,143.0,0.9
202210241632,207.0,0.9
202210241832,142.0,0.9
202210241932,150.0,0.9
202210242032,201.0,0.4
202210242132,213.0,0.4
202210242232,,0.0
202210242332,,0.0
202210250032,,0.0
202210250132,,0.0
202210250232,,0.0
202210250332,,0.0
202210250432,,0.0
202210250532,,0.0
202210250632,,0.0
202210250732,,0.0
202210250832,,0.0
202210250932,,0.0
202210251132,,0.0
202210251232,,0.0
202210251332,116.0,0.4
202210251432,173.0,0.4
202210251532,164.0,0.9
202210251632,128.0,0.9
202210251732,125.0,0.9
202210251832,190.0,1.3
202210251932,138.0,1.3
202210252032,153.0,1.3
202210252132,160.0,0.9
202210252232,240.0,0.4
202210252332,166.0,0.4
202210260032,224.0,0.9
202210260132,,0.0
202210260232,262.0,0.9
202210260332,250.0,0.4
202210260432,286.0,1.3
202210260532,282.0,0.9
202210260632,,0.0
202210260732,,0.0
202210260832,292.0,0.4
202210260932,299.0,0.4
202210261032,328.0,1.3
202210261132,316.0,1.3
202210261232,318.0,0.9
202210261432,336.0,0.9
202210261532,354.0,1.3
202210261632,333.0,0.9
202210261732,16.0,0.9
202210261832,344.0,1.3
202210261932,15.0,0.9
202210262132,2.0,0.9
202210262232,7.0,0.9
202210262332,29.0,0.9
202210270032,19.0,0.9
202210270132,24.0,0.9
202210270232,14.0,0.9
202210270332,22.0,0.9
202210270432,46.0,0.9
202210270532,32.0,0.4
202210270632,25.0,0.9
202210270732,30.0,0.4
202210270832,4.0,0.4
202210270932,39.0,0.4
202210271032,,0.0
202210271132,,0.0
202210271232,,0.0
202210271332,75.0,0.4
202210271432,49.0,0.9
202210271532,92.0,0.9
202210271632,109.0,1.3
202210271732,108.0,0.9
202210271832,108.0,0.9
202210271932,90.0,0.9
202210272032,47.0,0.9
202210272132,122.0,0.4
202210272232,,0.0
202210272332,,0.0
202210280032,,0.0
202210280132,,0.0
202210280232,,0.0
202210280332,,0.0
202210280432,,0.0
202210280532,121.0,0.4
202210280632,124.0,1.3
202210280732,120.0,0.4
202210280832,101.0,0.4
202210280932,,0.0
202210281032,,0.0
202210281132,,0.0
202210281232,,0.0
202210281332,113.0,0.4
202210281432,111.0,1.3
202210281532,118.0,1.8
202210281732,138.0,0.9
202210281832,137.0,0.9
202210281932,114.0,0.9
202210282032,104.0,0.9
202210282132,105.0,0.4
202210282232,,0.0
202210282332,,0.0
202210290132,,0.0
202210290232,,0.0
202210290332,,0.0
202210290432,,0.0
202210290532,,0.0
202210290632,166.0,0.4
202210290732,,0.0
202210290832,,0.0
202210290932,,0.0
202210291032,,0.0
202210291132,,0.0
202210291232,,0.0
202210291332,,0.0
202210291432,96.0,1.3
202210291532,129.0,1.3
202210291632,135.0,1.3
202210291732,115.0,1.3
202210291932,141.0,1.3
202210292132,113.0,1.3
202210292232,127.0,0.9
202210292332,124.0,1.3
202210300032,118.0,1.3
202210300132,126.0,0.9
202210300232,103.0,0.9
202210300332,112.0,0.9
202210300432,121.0,0.9
202210300532,117.0,1.3
202210300632,146.0,0.9
202210300732,122.0,1.3
202210300832,121.0,0.9
202210300932,120.0,1.3
202210301032,136.0,1.3
202210301132,133.0,1.3
202210301232,139.0,0.9
202210301332,132.0,1.3
202210301432,141.0,1.8
202210301532,134.0,1.3
202210301632,139.0,0.9
202210301732,143.0,1.3
202210302032,133.0,1.3
202210302232,129.0,0.9
202210302332,119.0,0.9
202210310032,133.0,1.3
202210310132,156.0,0.4
202210310232,,0.0
202210310332,148.0,0.4
202210310432,130.0,0.4
202210310532,126.0,0.4
202210310632,170.0,0.4
202210310732,,0.0
202210310832,,0.0
202210311032,,0.0
202210311132,,0.0
202210311232,,0.0
202210311332,,0.0
202210311432,240.0,0.9
202210311532,246.0,0.4
202210311632,247.0,0.9
202210311732,258.0,0.9
202210311832,252.0,0.9
202210311932,258.0,0.4
202210312032,273.0,0.9
202210312232,,0.0
202210312332,,0.0
202211010032,,0.0
202211010132,,0.0
202211010232,,0.0
202211010332,,0.0
202211010532,284.0,0.4
202211010632,294.0,0.4
202211010732,294.0,0.4
202211010832,,0.0
202211010932,,0.0
202211011032,,0.0
202211011132,,0.0
202211011232,312.0,0.4
202211011332,,0.0
202211011432,45.0,0.9
202211011532,11.0,1.3
202211011832,57.0,0.9
202211011932,21.0,1.3
202211012032,302.0,1.3
202211012132,29.0,0.9
202211012232,,0.0
202211020032,,0.0
202211020132,289.0,0.4
202211020232,,0.0
202211020332,,0.0
202211020432,236.0,0.4
202211020532,,0.0
202211020632,,0.0
202211020732,,0.0
202211020832,,0.0
202211020932,,0.0
202211021032,38.0,0.4
202211021132,21.0,0.4
202211021232,,0.0
202211021432,50.0,0.4
202211021532,136.0,1.8
202211021632,160.0,0.9
202211021732,110.0,0.9
202211021832,176.0,0.9
202211021932,80.0,0.4
202211022032,164.0,0.4
202211022132,,0.0
202211022232,,0.0
202211022332,,0.0
202211030032,,0.0
202211030132,,0.0
202211030232,,0.0
202211030332,,0.0
202211030432,,0.0
202211030532,,0.0
202211030632,,0.0
202211030732,,0.0
202211030832,,0.0
202211030932,,0.0
202211031032,,0.0
202211031132,,0.0
202211031232,,0.0
202211031332,,0.0
202211031432,113.0,0.4
202211031532,113.0,1.3
202211031632,149.0,0.9
202211031732,109.0,0.9
202211031832,171.0,0.4
202211031932,158.0,0.9
202211032032,133.0,0.9
202211032132,80.0,0.9
202211032232,,0.0
202211032332,,0.0
202211040032,,0.0
202211040132,,0.0
202211040332,,0.0
202211040432,,0.0
202211040532,,0.0
202211040632,,0.0
202211040732,,0.0
202211040832,,0.0
202211040932,,0.0
202211041032,,0.0
202211041132,,0.0
202211041232,,0.0
202211041332,140.0,0.4
202211041432,135.0,0.9
202211041532,147.0,1.3
202211041632,116.0,1.8
202211041732,130.0,1.3
202211041832,122.0,1.3
202211041932,187.0,1.3
202211042032,167.0,0.9
202211042132,142.0,1.3
202211042232,127.0,0.9
202211042332,137.0,0.4
202211050032,136.0,0.9
202211050132,157.0,0.4
202211050232,134.0,1.3
202211050332,132.0,0.4
202211050432,138.0,0.4
202211050532,128.0,0.4
202211050632,141.0,0.9
202211050732,144.0,0.9
202211050832,142.0,0.9
202211050932,151.0,0.4
202211051032,178.0,0.4
202211051132,139.0,0.9
202211051232,150.0,0.9
202211051332,153.0,1.3
202211051432,155.0,1.3
202211051532,177.0,1.3
202211051632,233.0,0.9
202211051732,218.0,0.9
202211051832,215.0,1.3
202211051932,204.0,1.3
202211052032,179.0,0.4
202211052132,181.0,0.4
202211052232,180.0,0.4
202211052332,130.0,0.9
202211060032,155.0,0.4
202211060132,213.0,0.4
202211060232,,0.0
202211060332,234.0,0.4
202211060432,,0.0
202211060532,,0.0
202211060632,,0.0
202211060732,,0.0
202211060832,,0.0
202211060932,,0.0
202211061032,,0.0
202211061132,,0.0
202211061232,,0.0
202211061332,,0.0
202211061432,179.0,0.4
202211061532,186.0,0.9
202211061632,171.0,0.4
202211061732,217.0,1.3
202211061832,158.0,0.9
202211061932,209.0,0.9
202211062032,,0.0
202211062132,249.0,0.4
202211062232,,0.0
202211062332,,0.0
202211070032,260.0,0.4
202211070132,,0.0
202211070232,,0.0
202211070432,,0.0
202211070532,,0.0
202211070632,,0.0
202211070732,,0.0
202211070832,,0.0
202211070932,,0.0
202211071032,,0.0
202211071132,,0.0
202211071232,,0.0
202211071432,,0.0
202211071532,95.0,1.3
202211071632,126.0,0.4
202211071732,108.0,0.9
202211071832,159.0,0.9
202211071932,43.0,0.4
202211072032,40.0,1.3
202211072132,38.0,0.9
202211072232,31.0,0.9
202211072332,34.0,0.4
202211080032,,0.0
202211080132,,0.0
202211080332,21.0,0.9
202211080432,,0.0
202211080532,23.0,0.9
202211080632,,0.0
202211080732,67.0,0.4
202211080832,,0.0
202211080932,59.0,0.4
202211081032,0.0,0.4
202211081132,19.0,0.4
202211081232,39.0,0.4
202211081332,30.0,0.4
202211081432,110.0,0.4
202211081532,107.0,2.2
202211081632,96.0,2.2
202211081732,110.0,1.8
202211081832,127.0,0.9
202211081932,61.0,1.3
202211082032,100.0,0.9
202211082132,76.0,0.9
202211082232,,0.0
202211082332,,0.0
202211090032,,0.0
202211090132,,0.0
202211090232,,0.0
202211090332,,0.0
202211090432,142.0,0.9
202211090532,124.0,0.9
202211090632,132.0,1.3
202211090732,128.0,1.8
202211090832,125.0,1.3
202211090932,134.0,0.9
202211091032,128.0,0.9
202211091132,120.0,0.4
202211091232,130.0,0.9
202211091332,146.0,0.9
202211091432,139.0,1.3
202211091532,110.0,1.3
202211091632,125.0,2.2
202211091732,132.0,1.8
202211091832,133.0,1.8
202211091932,121.0,1.8
202211092032,111.0,1.8
202211092132,122.0,1.3
202211092232,124.0,0.9
202211092332,,0.0
202211100032,,0.0
202211100132,93.0,0.4
202211100232,,0.0
202211100332,130.0,0.4
202211100432,122.0,1.8
202211100532,127.0,1.8
202211100632,115.0,1.8
202211100732,124.0,1.3
202211100832,126.0,1.3
202211100932,105.0,0.9
202211101032,92.0,0.9
202211101132,84.0,0.4
202211101232,105.0,0.4
202211101332,95.0,1.3
202211101432,87.0,1.3
202211101532,114.0,2.2
202211101632,105.0,2.2
202211101832,83.0,1.3
202211101932,106.0,1.8
202211102032,95.0,0.9
202211102132,100.0,1.8
202211102232,41.0,0.9
202211102332,56.0,1.3
202211110032,59.0,1.3
202211110132,70.0,0.9
202211110232,87.0,1.8
202211110332,92.0,1.3
202211110432,83.0,0.9
202211110532,80.0,1.8
202211110632,55.0,0.9
202211110732,49.0,0.9
202211110832,34.0,0.9
202211110932,36.0,0.9
202211111032,37.0,1.8
202211111132,30.0,1.8
202211111232,42.0,1.8
202211111332,59.0,1.3
202211111432,356.0,1.3
202211111532,346.0,1.8
202211111632,317.0,2.2
202211111732,321.0,0.9
202211111832,327.0,2.2
202211111932,331.0,1.8
202211112032,330.0,1.8
202211112132,337.0,1.3
202211112232,320.0,1.3
202211112332,320.0,1.3
202211120032,334.0,1.3
202211120132,324.0,0.4
202211120232,,0.0
202211120332,,0.0
202211120432,,0.0
202211120532,,0.0
202211120632,,0.0
202211120732,,0.0
202211120832,,0.0
202211120932,,0.0
202211121032,,0.0
202211121132,,0.0
202211121232,,0.0
202211121332,232.0,0.9
202211121432,280.0,1.8
202211121532,322.0,2.2
202211121632,335.0,1.8
202211121732,348.0,2.7
202211121832,337.0,1.8
202211121932,332.0,1.3
202211122032,335.0,2.2
202211122132,343.0,2.2
202211122232,338.0,2.7
202211122332,332.0,2.2
202211130032,356.0,1.3
202211130132,358.0,0.9
202211130232,350.0,1.8
202211130332,340.0,2.7
202211130432,338.0,1.3
202211130532,356.0,1.8
202211130632,342.0,2.7
202211130732,358.0,1.8
202211130832,7.0,1.8
202211130932,13.0,1.8
202211131032,1.0,1.3
202211131132,355.0,1.3
202211131232,3.0,2.2
202211131332,19.0,1.8
202211131432,9.0,2.2
202211131532,7.0,2.2
202211131632,17.0,2.2
202211131732,6.0,2.2
202211131832,17.0,2.2
202211131932,30.0,1.8
202211132032,,1.8
202211132132,20.0,1.3
202211132332,38.0,1.3
202211140032,22.0,1.3
202211140132,29.0,1.3
202211140232,52.0,0.9
202211140332,60.0,0.4
202211140432,59.0,0.4
202211140532,,0.0
202211140732,,0.0
202211140832,103.0,0.4
202211140932,121.0,1.3
202211141032,121.0,1.3
202211141132,114.0,0.9
202211141232,124.0,1.3
202211141332,129.0,1.3
202211141432,113.0,2.2
202211141532,139.0,1.8
202211141632,130.0,1.3
202211141732,143.0,1.8
202211141832,133.0,2.2
202211141932,121.0,1.3
202211142032,121.0,0.4
202211142132,133.0,0.9
202211142232,137.0,0.9
202211142332,119.0,0.9
202211150032,120.0,1.3
202211150132,133.0,1.3
202211150232,137.0,1.3
202211150332,124.0,1.8
202211150432,133.0,1.3
202211150532,130.0,1.8
202211150632,116.0,0.9
202211150732,111.0,1.3
202211150832,136.0,1.3
202211150932,128.0,1.3
202211151032,98.0,0.9
202211151132,124.0,0.9
202211151232,119.0,0.9
202211151332,117.0,1.3
202211151432,118.0,0.4
202211151532,113.0,0.9
202211151632,,0.0
202211151732,59.0,0.4
202211151832,,0.0
202211152032,,0.0
202211152132,327.0,1.3
202211152232,354.0,1.3
202211152332,331.0,1.8
202211160032,338.0,1.3
202211160132,346.0,1.8
202211160232,338.0,1.8
202211160332,1.0,0.9
202211160432,324.0,1.3
202211160532,340.0,1.3
202211160632,354.0,0.9
202211160732,349.0,1.8
202211160832,338.0,1.3
202211160932,338.0,0.9
202211161032,2.0,1.8
202211161132,20.0,1.8
202211161232,12.0,1.3
202211161332,13.0,2.2
202211161432,9.0,1.8
202211161532,3.0,1.3
202211161632,2.0,2.2
202211161732,304.0,1.8
202211161832,354.0,2.2
202211161932,338.0,2.7
202211162032,319.0,1.8
202211162132,334.0,1.8
202211162232,323.0,0.4
202211162332,305.0,0.4
202211170032,295.0,0.9
202211170132,293.0,0.4
202211170232,313.0,0.4
202211170332,,0.0
202211170432,,0.0
202211170532,,0.0
202211170632,,0.0
202211170732,,0.0
202211170832,327.0,0.4
202211170932,354.0,1.3
202211171032,358.0,0.9
202211171232,357.0,0.9
202211171332,352.0,0.9
202211171432,8.0,1.3
202211171532,327.0,2.2
202211171632,358.0,1.3
202211171732,305.0,0.9
202211171832,332.0,1.8
202211171932,350.0,2.2
202211172032,,2.2
202211172132,321.0,1.3
202211172232,334.0,0.4
202211172332,325.0,0.9
202211180032,322.0,0.4
202211180132,,0.0
202211180232,292.0,0.4
202211180332,,0.0
202211180432,,0.0
202211180532,,0.0
202211180732,337.0,0.4
202211180832,3.0,0.4
202211180932,,0.0
202211181032,,0.0
202211181132,,0.0
202211181232,,0.0
202211181332,,0.0
202211181432,32.0,0.9
202211181532,13.0,0.9
202211181732,348.0,1.3
202211181832,295.0,1.3
202211182032,320.0,0.9
202211182132,295.0,1.8
202211182232,314.0,0.4
202211182332,,0.0
202211190032,,0.0
202211190132,296.0,0.4
202211190232,270.0,0.4
202211190332,,0.0
202211190432,331.0,0.9
202211190532,330.0,0.9
202211190632,,0.0
202211190732,328.0,0.4
202211190832,320.0,0.9
202211190932,,0.0
202211191032,,0.0
202211191132,,0.0
202211191232,,0.0
202211191332,,0.0
202211191432,,0.0
202211191532,317.0,1.3
202211191632,324.0,0.9
202211191732,286.0,1.8
202211191832,290.0,1.3
202211191932,260.0,1.3
202211192032,272.0,1.3
202211192132,273.0,1.3
202211192232,274.0,0.4
202211192332,292.0,0.4
202211200032,,0.0
202211200132,251.0,0.9
202211200232,,0.0
202211200332,209.0,0.4
202211200432,301.0,0.4
202211200532,341.0,0.4
202211200632,343.0,0.9
202211200732,,0.0
202211200832,,0.0
202211200932,331.0,0.4
202211201032,333.0,0.4
202211201132,325.0,0.4
202211201232,10.0,0.4
202211201332,357.0,0.4
202211201432,60.0,0.4
202211201532,356.0,1.3
202211201632,20.0,2.2
202211201732,21.0,1.8
202211201832,36.0,1.3
202211201932,24.0,1.8
202211202032,29.0,1.3
202211202132,353.0,1.8
202211202232,357.0,0.4
202211202332,,0.0
202211210032,,0.0
202211210132,,0.0
202211210232,,0.0
202211210332,,0.0
202211210432,,0.0
202211210532,,0.0
202211210632,,0.0
202211210732,,0.0
202211210832,,0.0
202211210932,,0.0
202211211032,,0.0
202211211132,,0.0
202211211232,,0.0
202211211332,,0.0
202211211432,144.0,0.4
202211211532,100.0,0.9
202211211632,164.0,1.3
202211211732,147.0,0.9
202211211832,233.0,0.9
202211211932,151.0,0.9
202211212032,117.0,0.4
202211212132,169.0,0.4
202211212232,,0.0
202211212332,,0.0
202211220032,,0.0
202211220132,,0.0
202211220232,,0.0
202211220332,,0.0
202211220432,,0.0
202211220532,,0.0
202211220632,,0.0
202211220732,,0.0
202211220832,,0.0
202211220932,,0.0
202211221032,,0.0
202211221132,,0.0
202211221232,,0.0
202211221332,,0.0
202211221432,,0.0
202211221532,,0.0
202211221632,70.0,0.4
202211221732,92.0,0.4
202211221832,134.0,0.9
202211221932,145.0,0.9
202211222032,,0.0
202211222132,150.0,0.4
202211222232,,0.0
202211222332,,0.0
202211230032,,0.0
202211230132,,0.0
202211230232,,0.0
202211230332,,0.0
202211230432,,0.0
202211230532,,0.0
202211230632,,0.0
202211230732,,0.0
202211230832,,0.0
202211230932,,0.0
202211231032,,0.0
202211231232,,0.0
202211231332,,0.0
202211231432,,0.0
202211231532,120.0,0.4
202211231632,68.0,0.4
202211231732,100.0,1.3
202211231832,93.0,1.3
202211231932,92.0,0.9
202211232032,117.0,0.4
202211232132,89.0,0.9
202211232232,,0.0
202211232332,,0.0
202211240032,,0.0
202211240132,,0.0
202211240332,,0.0
202211240432,,0.0
202211240532,,0.0
202211240632,,0.0
202211240732,,0.0
202211240832,,0.0
202211240932,121.0,0.4
202211241132,144.0,0.4
202211241232,131.0,0.9
202211241332,113.0,0.4
202211241432,131.0,1.3
202211241532,130.0,1.3
202211241632,132.0,1.8
202211241732,135.0,1.3
202211241832,108.0,1.8
202211241932,115.0,1.3
202211242032,119.0,1.3
202211242132,108.0,0.4
202211242232,113.0,0.4
202211242332,117.0,0.4
202211250032,138.0,0.9
202211250132,135.0,0.9
202211250232,130.0,1.3
202211250332,157.0,1.3
202211250432,118.0,0.4
202211250532,,0.0
202211250632,,0.0
202211250832,121.0,0.4
202211250932,,0.0
202211251032,,0.0
202211251132,,0.0
202211251332,355.0,0.4
202211251432,23.0,1.3
202211251532,41.0,0.4
202211251632,46.0,0.4
202211251732,35.0,0.4
202211251832,8.0,1.3
202211251932,2.0,2.7
202211252032,34.0,2.2
202211252132,25.0,1.3
202211252232,9.0,1.3
202211252332,2.0,0.9
202211260032,,0.0
202211260132,338.0,0.4
202211260232,,0.0
202211260332,,0.0
202211260432,,0.0
202211260532,6.0,0.4
202211260632,9.0,0.9
202211260732,2.0,0.9
202211260832,,0.0
202211260932,,0.0
202211261032,,0.0
202211261132,,0.0
202211261232,132.0,0.4
202211261332,125.0,0.9
202211261432,115.0,1.3
202211261532,131.0,1.8
202211261632,116.0,1.8
202211261732,134.0,2.2
202211261832,136.0,1.8
202211261932,140.0,1.3
202211262032,142.0,1.3
202211262132,156.0,1.3
202211262232,140.0,1.8
202211262332,139.0,0.9
202211270032,142.0,1.8
202211270132,132.0,0.9
202211270232,136.0,0.9
202211270332,125.0,1.8
202211270432,134.0,1.8
202211270532,128.0,1.3
202211270632,133.0,2.2
202211270732,142.0,1.8
202211270832,133.0,1.8
202211270932,154.0,0.9
202211271032,172.0,0.4
202211271132,206.0,0.9
202211271232,235.0,1.8
202211271332,239.0,0.9
202211271432,244.0,1.3
202211271532,255.0,2.2
202211271632,257.0,2.2
202211271732,265.0,1.8
202211271832,263.0,2.7
202211271932,272.0,2.7
202211272032,262.0,2.7
202211272132,267.0,1.8
202211272332,263.0,0.9
202211280032,,0.0
202211280132,,0.0
202211280232,317.0,0.4
202211280332,318.0,1.3
202211280432,321.0,1.3
202211280632,296.0,1.3
202211280732,320.0,0.9
202211280832,300.0,0.4
202211280932,314.0,0.9
202211281032,317.0,0.9
202211281132,316.0,0.9
202211281232,313.0,0.9
202211281332,330.0,1.8
202211281432,337.0,1.8
202211281532,19.0,0.9
202211281632,293.0,0.4
202211281732,346.0,1.3
202211281932,298.0,1.3
202211282032,352.0,0.9
202211282132,267.0,0.4
202211282232,,0.0
202211282332,,0.0
202211290032,,0.0
202211290132,,0.0
202211290232,,0.0
202211290332,,0.0
202211290432,,0.0
202211290532,,0.0
202211290632,,0.0
202211290732,,0.0
202211290832,,0.0
202211290932,,0.0
202211291032,,0.0
202211291232,,0.0
202211291332,,0.0
202211291432,136.0,0.4
202211291532,146.0,1.8
202211291632,140.0,1.8
202211291732,153.0,1.8
202211291832,139.0,1.8
202211291932,129.0,1.8
202211292032,155.0,1.3
202211292132,152.0,2.2
202211292232,181.0,1.3
202211292332,189.0,1.3
202211300032,211.0,0.4
202211300132,46.0,0.9
202211300232,39.0,2.2
202211300332,118.0,2.2
202211300432,130.0,1.8
202211300532,132.0,1.8
202211300632,134.0,1.8
202211300732,141.0,0.4
202211300832,178.0,0.4
202211300932,,0.0
202211301032,238.0,0.4
202211301132,243.0,1.3
202211301232,259.0,0.4
202211301332,305.0,0.9
202211301432,9.0,2.2
202211301632,335.0,2.7
202211301732,349.0,2.2
202211301832,14.0,2.2
202211301932,353.0,1.8
202211302032,325.0,1.8
202211302132,347.0,1.8
202211302232,340.0,0.9
202211302332,12.0,0.9
202212010032,,0.0
202212010132,351.0,0.9
202212010232,349.0,0.9
202212010332,,0.0
202212010432,319.0,0.4
202212010532,99.0,0.4
202212010632,47.0,0.4
202212010732,16.0,1.8
202212010832,28.0,0.9
202212010932,26.0,1.3
202212011132,23.0,1.3
202212011232,33.0,1.3
202212011332,34.0,1.3
202212011432,49.0,1.8
202212011532,55.0,1.3
202212011632,65.0,1.8
202212011732,106.0,1.3
202212011832,111.0,0.9
202212011932,133.0,0.4
202212012032,166.0,0.4
202212012132,110.0,0.4
202212012232,,0.0
202212012332,,0.0
202212020032,,0.0
202212020132,,0.0
202212020232,,0.0
202212020332,142.0,0.4
202212020432,129.0,0.9
202212020532,118.0,0.4
202212020632,143.0,0.4
202212020732,131.0,0.9
202212020832,131.0,0.9
202212020932,,0.0
202212021032,120.0,1.3
202212021132,107.0,0.9
202212021332,128.0,1.3
202212021432,137.0,0.9
202212021532,149.0,1.3
202212021632,141.0,1.3
202212021832,147.0,1.3
202212021932,171.0,1.3
202212022032,152.0,0.9
202212022132,149.0,0.9
202212022232,151.0,0.9
202212022332,180.0,0.9
202212030032,141.0,0.9
202212030132,144.0,0.9
202212030232,135.0,0.9
202212030332,135.0,0.9
202212030432,144.0,0.9
202212030532,168.0,0.4
202212030632,158.0,1.3
202212030732,145.0,1.3
202212030832,145.0,0.9
202212030932,,0.0
202212031032,200.0,0.4
202212031132,185.0,0.4
202212031332,214.0,0.4
202212031432,220.0,0.9
202212031532,256.0,0.4
202212031632,231.0,0.4
202212031732,212.0,0.4
202212031832,,0.0
202212031932,,0.0
202212032032,,0.0
202212032132,,0.0
202212032232,,0.0
202212032332,332.0,0.4
202212040032,12.0,1.8
202212040132,7.0,1.3
202212040232,21.0,0.4
202212040332,4.0,0.4
202212040432,,0.0
202212040532,,0.0
202212040632,,0.0
202212040732,,0.0
202212040832,,0.0
202212040932,,0.0
202212041032,,0.0
202212041132,,0.0
202212041232,,0.0
202212041332,,0.0
202212041432,,0.0
202212041532,,0.0
202212041632,,0.0
202212041732,52.0,0.4
202212041832,340.0,1.8
202212041932,327.0,0.9
202212042032,357.0,1.3
202212042132,32.0,0.4
202212042232,,0.0
202212042332,,0.0
202212050032,102.0,0.4
202212050132,,0.0
202212050232,,0.0
202212050332,,0.0
202212050432,,0.0
202212050532,,0.0
202212050632,,0.0
202212050732,,0.0
202212050832,,0.0
202212050932,,0.0
202212051032,,0.0
202212051132,,0.0
202212051232,,0.0
202212051332,,0.0
202212051532,142.0,0.4
202212051632,117.0,0.9
202212051732,99.0,0.9
202212051832,,0.0
202212051932,154.0,0.9
202212052032,151.0,0.4
202212052132,122.0,0.4
202212052232,124.0,0.9
202212052332,129.0,0.9
202212060032,135.0,0.9
202212060132,128.0,0.9
202212060232,126.0,0.4
202212060332,120.0,0.4
202212060432,,0.0
202212060632,,0.0
202212060732,,0.0
202212060832,131.0,0.4
202212060932,138.0,0.4
202212061032,136.0,0.4
202212061132,,0.0
202212061232,,0.0
202212061332,,0.0
202212061432,,0.0
202212061532,,0.0
202212061632,,0.0
202212061732,156.0,0.4
202212061832,,0.0
202212061932,154.0,0.4
202212062032,,0.0
202212062232,,0.0
202212062332,,0.0
202212070032,,0.0
202212070132,,0.0
202212070232,,0.0
202212070432,,0.0
202212070532,,0.0
202212070632,,0.0
202212070732,,0.0
202212070932,,0.0
202212071032,205.0,0.4
202212071132,222.0,0.4
202212071232,236.0,0.9
202212071332,228.0,0.4
202212071432,225.0,1.3
202212071632,257.0,1.8
202212071732,245.0,1.3
202212071832,257.0,1.3
202212071932,263.0,0.9
202212072032,269.0,1.8
202212072132,230.0,0.4
202212072232,240.0,0.4
202212072332,250.0,0.4
202212080032,,0.0
202212080132,284.0,0.4
202212080232,,0.0
202212080332,,0.0
202212080432,232.0,0.4
202212080532,268.0,0.4
202212080632,301.0,0.4
202212080732,,0.0
202212080832,,0.0
202212080932,,0.0
202212081032,,0.0
202212081132,,0.0
202212081232,,0.0
202212081332,,0.0
202212081432,250.0,0.9
202212081532,248.0,0.9
202212081632,270.0,2.2
202212081732,283.0,2.2
202212081832,266.0,1.8
202212082032,279.0,1.3
202212082232,262.0,0.4
202212082332,,0.0
202212090132,,0.0
202212090332,,0.0
202212090432,,0.0
202212090532,,0.0
202212090632,256.0,0.4
202212090732,251.0,1.3
202212090832,254.0,0.9
202212090932,276.0,0.9
202212091032,265.0,0.4
202212091132,250.0,0.4
202212091232,229.0,0.4
202212091332,,0.0
202212091432,,0.0
202212091532,,0.0
202212091632,,0.0
202212091732,,0.0
202212091832,263.0,1.3
202212091932,264.0,0.9
202212092032,248.0,0.9
202212092132,252.0,0.4
202212092232,,0.0
202212092332,286.0,0.4
202212100032,297.0,0.4
202212100132,316.0,0.9
202212100232,323.0,0.9
202212100332,332.0,1.3
202212100432,293.0,0.4
202212100532,,0.0
202212100632,321.0,0.4
202212100732,296.0,0.4
202212100832,,0.0
202212100932,,0.0
202212101032,,0.0
202212101132,,0.0
202212101232,,0.0
202212101332,147.0,0.4
202212101432,158.0,0.9
202212101532,166.0,0.4
202212101632,151.0,1.3
202212101732,148.0,0.9
202212101832,138.0,0.9
202212101932,163.0,0.9
202212102032,139.0,0.9
202212102132,134.0,0.9
202212102232,145.0,1.3
202212102332,7.0,1.8
202212110032,143.0,0.9
202212110132,162.0,1.3
202212110232,106.0,0.4
202212110332,140.0,0.4
202212110432,152.0,0.4
202212110532,,0.0
202212110632,155.0,0.4
202212110732,177.0,0.4
202212110832,,0.0
202212110932,,0.0
202212111032,128.0,0.4
202212111132,159.0,0.4
202212111232,102.0,0.4
202212111332,,0.0
202212111432,123.0,0.4
202212111532,150.0,0.4
202212111632,139.0,0.4
202212111732,,0.0
202212111832,122.0,0.4
202212111932,131.0,0.4
202212112032,,0.0
202212112132,142.0,0.4
202212112232,,0.0
202212112332,,0.0
202212120032,,0.0
202212120232,,0.0
202212120332,,0.0
202212120432,,0.0
202212120632,,0.0
202212120732,49.0,0.4
202212120832,,0.0
202212120932,,0.0
202212121032,85.0,0.4
202212121132,50.0,0.9
202212121232,43.0,0.4
202212121332,46.0,0.4
202212121432,63.0,0.4
202212121532,49.0,0.9
202212121632,59.0,0.9
202212121732,32.0,0.9
202212121832,302.0,0.9
202212121932,,0.0
202212122032,,0.0
202212122132,126.0,0.4
202212122232,,0.0
202212122332,,0.0
202212130032,25.0,0.4
202212130132,,0.0
202212130232,,0.0
202212130332,,0.0
202212130432,,0.0
202212130632,,0.0
202212130732,,0.0
202212130832,115.0,0.4
202212130932,119.0,1.3
202212131032,118.0,1.3
202212131132,117.0,0.9
202212131232,121.0,1.8
202212131332,134.0,1.8
202212131432,128.0,1.8
202212131532,134.0,1.8
202212131632,133.0,1.8
202212131732,140.0,1.8
202212131832,130.0,2.2
202212131932,131.0,1.8
202212132032,135.0,1.8
202212132132,131.0,1.8
202212132232,118.0,1.3
202212132332,129.0,1.3
202212140032,138.0,1.3
202212140132,140.0,1.8
202212140232,146.0,1.8
202212140332,131.0,1.8
202212140432,137.0,1.8
202212140532,131.0,1.8
202212140632,138.0,1.3
202212140732,132.0,1.8
202212140832,130.0,2.2
202212140932,137.0,1.3
202212141032,137.0,1.8
202212141232,140.0,1.8
202212141332,137.0,1.8
202212141432,138.0,1.3
202212141532,136.0,1.8
202212141632,128.0,1.8
202212141732,125.0,1.3
202212141832,125.0,0.9
202212141932,131.0,1.3
202212142032,119.0,1.3
202212142132,122.0,1.8
202212142232,136.0,1.3
202212142332,125.0,1.3
202212150032,112.0,1.3
202212150132,119.0,1.3
202212150232,126.0,1.8
202212150332,131.0,1.8
202212150432,137.0,2.2
202212150532,177.0,0.9
202212150632,165.0,0.9
202212150732,307.0,0.4
202212150832,325.0,1.3
202212150932,301.0,0.9
202212151032,307.0,1.8
202212151132,305.0,1.8
202212151232,286.0,0.4
202212151332,293.0,0.9
202212151432,290.0,1.8
202212151532,309.0,0.9
202212151632,331.0,1.3
202212151732,271.0,2.2
202212151932,282.0,2.2
202212152032,280.0,2.2
202212152132,273.0,1.3
202212152232,250.0,0.9
202212152332,249.0,0.4
202212160032,,0.0
202212160132,243.0,0.4
202212160232,256.0,0.9
202212160332,266.0,0.9
202212160432,269.0,0.9
202212160532,285.0,1.3
202212160632,260.0,0.4
202212160732,,0.0
202212160832,,0.0
202212161032,,0.0
202212161232,,0.0
202212161332,241.0,0.4
202212161432,244.0,0.9
202212161532,278.0,2.2
202212161632,288.0,1.8
202212161732,266.0,2.2
202212161832,260.0,1.8
202212161932,270.0,2.2
202212162032,264.0,2.2
202212162132,258.0,1.3
202212162232,,0.0
202212162332,235.0,0.4
202212170032,225.0,0.4
202212170132,236.0,0.4
202212170232,258.0,1.3
202212170332,257.0,1.3
202212170532,264.0,1.8
202212170632,262.0,1.8
202212170732,278.0,1.8
202212170832,306.0,1.3
202212170932,288.0,1.3
202212171032,308.0,0.9
202212171132,268.0,0.9
202212171232,283.0,0.9
202212171332,288.0,0.4
202212171432,297.0,1.3
202212171632,268.0,2.2
202212171732,266.0,1.8
202212171832,291.0,2.2
202212171932,291.0,2.7
202212172032,292.0,2.7
202212172132,291.0,2.2
202212172232,284.0,1.8
202212172332,270.0,0.4
202212180032,262.0,0.9
202212180132,,0.0
202212180232,271.0,0.4
202212180332,299.0,0.4
202212180432,299.0,0.4
202212180532,32.0,0.4
202212180632,339.0,0.4
202212180732,312.0,0.4
202212180932,48.0,0.4
202212181032,299.0,0.4
202212181132,300.0,0.4
202212181232,271.0,0.4
202212181332,316.0,0.9
202212181432,335.0,1.3
202212181532,355.0,1.8
202212181632,344.0,2.7
202212181732,346.0,1.8
202212181832,348.0,1.8
202212181932,337.0,1.8
202212182032,325.0,1.8
202212182132,338.0,1.8
202212182232,341.0,0.9
202212182332,338.0,0.9
202212190032,,0.0
202212190132,328.0,0.9
202212190232,299.0,0.4
202212190332,328.0,0.9
202212190432,,0.0
202212190532,,0.0
202212190832,,0.0
202212190932,,0.0
202212191132,38.0,0.4
202212191232,,0.0
202212191332,,0.0
202212191432,,0.0
202212191532,97.0,0.9
202212191632,87.0,1.3
202212191732,106.0,1.3
202212191832,147.0,1.3
202212191932,66.0,0.9
202212192032,95.0,0.4
202212192132,60.0,0.4
202212192232,,0.0
202212192332,111.0,0.4
202212200032,,0.0
202212200132,,0.0
202212200232,,0.0
202212200332,,0.0
202212200432,131.0,0.4
202212200532,117.0,0.4
202212200632,119.0,0.4
202212200732,111.0,0.4
202212200832,110.0,0.4
202212200932,114.0,0.4
202212201032,117.0,0.9
202212201132,112.0,0.9
202212201232,,0.0
202212201332,102.0,0.9
202212201432,105.0,0.9
202212201532,51.0,0.4
202212201632,136.0,0.9
202212201732,120.0,0.9
202212201832,117.0,1.3
202212201932,127.0,0.4
202212202032,137.0,0.9
202212202132,122.0,0.4
202212202232,123.0,0.4
202212202332,,0.0
202212210032,,0.0
202212210132,,0.0
202212210232,,0.0
202212210332,123.0,0.4
202212210432,96.0,0.4
202212210532,,0.0
202212210632,112.0,0.9
202212210732,,0.0
202212210832,,0.0
202212211032,,0.0
202212211132,,0.0
202212211232,,0.0
202212211332,,0.0
202212211432,108.0,0.4
202212211532,95.0,1.3
202212211632,125.0,1.8
202212211732,114.0,1.8
202212211832,128.0,1.8
202212211932,152.0,1.3
202212212032,139.0,1.3
202212212132,132.0,1.8
202212212232,118.0,0.4
202212212332,130.0,0.4
202212220032,148.0,0.9
202212220132,136.0,1.3
202212220232,122.0,0.4
202212220332,118.0,0.9
202212220432,133.0,1.3
202212220532,128.0,0.9
202212220632,131.0,0.9
202212220732,123.0,0.9
202212220832,116.0,0.9
202212220932,136.0,0.9
202212221032,128.0,0.9
202212221132,137.0,0.4
202212221232,121.0,0.9
202212221332,148.0,0.4
202212221432,144.0,0.4
202212221532,,0.0
202212221632,134.0,0.4
202212221732,186.0,0.9
202212221832,225.0,1.3
202212221932,209.0,0.4
202212222032,160.0,0.9
202212222132,222.0,0.4
202212222232,237.0,0.9
202212222332,207.0,0.9
202212230032,181.0,0.4
202212230132,202.0,0.9
202212230232,224.0,0.9
202212230332,219.0,1.8
202212230432,275.0,3.6
202212230532,301.0,4.0
202212230632,315.0,4.0
202212230732,317.0,4.5
202212230932,314.0,3.1
202212231032,323.0,2.7
202212231132,319.0,2.7
202212231232,325.0,2.7
202212231332,305.0,2.2
202212231432,316.0,2.7
202212231532,321.0,2.2
202212231632,314.0,3.1
202212231732,315.0,3.1
202212231832,308.0,2.7
202212231932,304.0,3.1
202212232032,327.0,2.2
202212232132,317.0,1.8
202212232232,301.0,1.3
202212232332,289.0,1.8
202212240032,308.0,1.8
202212240132,315.0,2.2
202212240232,308.0,1.8
202212240332,325.0,1.8
202212240432,302.0,1.8
202212240532,325.0,2.7
202212240632,306.0,1.3
202212240732,303.0,1.8
202212240932,307.0,0.9
202212241032,311.0,1.3
202212241132,304.0,0.9
202212241232,302.0,1.3
202212241332,317.0,1.3
202212241432,328.0,1.3
202212241532,313.0,1.8
202212241632,300.0,1.8
202212241732,288.0,2.2
202212241832,269.0,2.2
202212241932,285.0,2.2
202212242032,289.0,1.8
202212242132,308.0,2.2
202212242232,307.0,1.3
202212242332,310.0,0.9
202212250032,318.0,0.4
202212250132,334.0,0.4
202212250232,345.0,0.4
202212250332,330.0,0.9
202212250432,334.0,1.8
202212250532,323.0,2.2
202212250632,328.0,2.2
202212250732,330.0,1.8
202212250932,321.0,1.8
202212251032,317.0,1.8
202212251132,316.0,1.3
202212251232,329.0,1.3
202212251332,317.0,1.3
202212251432,338.0,1.8
202212251532,333.0,0.9
202212251632,344.0,1.3
202212251732,299.0,1.8
202212251832,296.0,2.2
202212251932,294.0,1.8
202212252032,295.0,1.8
202212252132,337.0,0.9
202212252232,303.0,1.3
202212252332,279.0,0.4
202212260032,307.0,0.9
202212260132,294.0,0.9
202212260232,340.0,0.4
202212260332,,0.0
202212260432,272.0,0.4
202212260532,,0.0
202212260632,,0.0
202212260732,,0.0
202212260832,,0.0
202212260932,,0.0
202212261032,,0.0
202212261132,,0.0
202212261332,,0.0
202212261432,,0.0
202212261532,108.0,0.4
202212261632,204.0,0.4
202212261732,207.0,0.4
202212261832,214.0,0.4
202212261932,225.0,0.4
202212262032,,0.0
202212262132,,0.0
202212262232,263.0,0.9
202212262332,245.0,0.4
202212270032,,0.0
202212270132,,0.0
202212270232,,0.0
202212270332,,0.0
202212270532,,0.0
202212270632,,0.0
202212270732,,0.0
202212270832,,0.0
202212270932,,0.0
202212271032,,0.0
202212271132,,0.0
202212271232,,0.0
202212271332,,0.0
202212271432,,0.0
202212271532,116.0,0.4
202212271732,199.0,0.4
202212271832,246.0,0.9
202212271932,225.0,0.9
202212272032,169.0,0.9
202212272132,223.0,0.9
202212272232,,0.0
202212272332,,0.0
202212280032,,0.0
202212280132,,0.0
202212280232,,0.0
202212280332,,0.0
202212280432,,0.0
202212280532,,0.0
202212280632,,0.0
202212280732,,0.0
202212280832,,0.0
202212280932,,0.0
202212281032,,0.0
202212281132,,0.0
202212281232,,0.0
202212281332,,0.0
202212281432,,0.0
202212281532,152.0,0.4
202212281632,167.0,1.3
202212281732,184.0,1.3
202212281832,174.0,1.3
202212281932,164.0,1.8
202212282032,181.0,1.3
202212282132,153.0,0.9
202212282232,150.0,0.4
202212282332,177.0,0.4
202212290032,131.0,0.4
202212290132,200.0,0.4
202212290232,162.0,0.4
202212290332,148.0,0.9
202212290432,146.0,1.3
202212290532,160.0,1.3
202212290632,151.0,0.9
202212290832,143.0,1.3
202212291032,135.0,0.4
202212291132,120.0,0.4
202212291232,123.0,0.4
202212291332,107.0,0.4
202212291432,122.0,1.3
202212291532,146.0,1.3
202212291632,148.0,1.3
202212291732,147.0,1.8
202212291832,186.0,1.8
202212291932,161.0,1.8
202212292032,149.0,1.3
202212292132,181.0,0.9
202212292232,180.0,0.4
202212292332,156.0,0.4
202212300032,138.0,0.4
202212300132,142.0,0.4
202212300332,122.0,0.4
202212300432,,0.0
202212300532,130.0,0.4
202212300632,134.0,0.9
202212300732,135.0,0.4
202212300832,,0.0
202212301032,93.0,0.4
202212301132,108.0,0.4
202212301232,138.0,0.4
202212301332,129.0,0.9
202212301432,140.0,0.9
202212301532,140.0,1.8
202212301632,150.0,1.8
202212301832,117.0,1.3
202212301932,125.0,1.3
202212302032,110.0,0.9
202212302132,131.0,1.3
202212302232,128.0,1.3
202212302332,121.0,1.3
202212310032,136.0,1.3
202212310132,120.0,0.9
202212310232,116.0,1.8
202212310332,137.0,1.3
202212310432,149.0,1.3
202212310532,160.0,1.3
202212310632,148.0,1.3
202212310732,156.0,0.9
202212310832,166.0,0.4
202212310932,,0.0
202212311032,,0.0
202212311132,179.0,0.4
202212311232,,0.0
202212311332,,0.0
202212311432,,0.0
202212311532,249.0,0.9
202212311632,299.0,0.9
202212311732,310.0,1.8
202212311832,355.0,0.4
202212312032,179.0,0.4
202212312132,212.0,0.9
202212312232,204.0,0.4
202212312332,,0.0
