timestamp string,wind direction,wind speed
202201010015,,0.0
202201010045,,0.0
202201010100,163.0,0.4
202201010115,156.0,0.4
202201010130,156.0,0.4
202201010145,,0.0
202201010201,165.0,0.4
202201010216,166.0,0.9
202201010231,179.0,0.9
202201010246,211.0,0.9
202201010300,156.0,0.9
202201010316,204.0,1.3
202201010330,144.0,1.3
202201010345,207.0,1.3
202201010400,144.0,1.3
202201010416,220.0,1.3
202201010431,156.0,0.9
202201010501,239.0,1.8
202201010515,159.0,1.8
202201010531,199.0,1.8
202201010546,152.0,1.3
202201010615,152.0,1.3
202201010632,225.0,1.3
202201010646,147.0,2.2
202201010701,164.0,0.9
202201010717,258.0,0.9
202201010731,173.0,0.9
202201010801,187.0,0.9
202201010816,204.0,1.3
202201010846,219.0,1.8
202201010900,188.0,1.3
202201010915,146.0,1.3
202201010930,144.0,0.9
202201011000,205.0,0.9
202201011015,160.0,0.9
202201011030,181.0,1.3
202201011045,160.0,1.3
202201011100,127.0,1.8
202201011116,227.0,1.8
202201011130,215.0,1.3
202201011146,182.0,1.3
202201011201,261.0,1.3
202201011215,113.0,0.4
202201011231,176.0,1.3
202201011246,226.0,2.7
202201011301,205.0,2.2
202201011315,157.0,1.8
202201011332,243.0,1.3
202201011346,182.0,1.3
202201011416,219.0,2.2
202201011431,155.0,1.8
202201011446,156.0,3.1
202201011501,208.0,1.8
202201011517,151.0,3.1
202201011545,111.0,2.7
202201011600,166.0,2.2
202201011615,181.0,1.8
202201011630,171.0,1.3
202201011645,176.0,2.2
202201011700,144.0,1.8
202201011715,5.0,2.7
202201011730,101.0,2.7
202201011745,251.0,2.7
202201011800,200.0,1.8
202201011816,157.0,2.7
202201011830,162.0,2.7
202201011846,155.0,2.7
202201011901,189.0,3.6
202201011917,216.0,2.7
202201011932,163.0,1.3
202201011946,166.0,1.3
202201012001,258.0,2.2
202201012016,145.0,1.8
202201012032,159.0,2.7
202201012046,200.0,1.8
202201012102,150.0,1.8
202201012116,147.0,1.3
202201012130,182.0,1.8
202201012145,235.0,2.2
202201012200,149.0,2.2
202201012230,133.0,1.8
202201012245,212.0,0.9
202201012300,205.0,2.2
202201012315,142.0,1.8
202201012330,155.0,2.2
202201012345,196.0,2.2
202201020000,153.0,2.2
202201020015,151.0,1.8
202201020030,170.0,2.7
202201020045,198.0,1.8
202201020100,134.0,2.2
202201020130,136.0,2.2
202201020145,160.0,4.0
202201020201,142.0,2.2
202201020215,171.0,1.3
202201020230,195.0,1.3
202201020245,136.0,3.6
202201020300,143.0,3.1
202201020315,178.0,2.2
202201020330,151.0,3.6
202201020345,148.0,3.1
202201020400,140.0,3.1
202201020415,148.0,2.2
202201020446,227.0,2.7
202201020515,234.0,1.8
202201020531,155.0,3.1
202201020546,200.0,3.6
202201020600,161.0,2.2
202201020616,214.0,1.8
202201020631,140.0,1.3
202201020701,155.0,0.4
202201020716,190.0,1.8
202201020731,186.0,0.9
202201020746,321.0,1.8
202201020801,67.0,1.8
202201020816,263.0,0.9
202201020831,,0.0
202201020845,205.0,0.4
202201020900,142.0,0.4
202201020915,293.0,0.4
202201020930,,0.0
202201020945,,0.0
202201021000,,0.0
202201021015,333.0,0.9
202201021100,,0.0
202201021115,,0.0
202201021130,,0.0
202201021145,,0.0
202201021200,,0.0
202201021215,27.0,0.4
202201021231,,0.0
202201021246,,0.0
202201021300,,0.0
202201021316,,0.0
202201021330,,0.0
202201021345,,0.0
202201021401,,0.0
202201021416,,0.0
202201021431,,0.0
202201021446,335.0,0.4
202201021501,,0.0
202201021516,,0.0
202201021531,,0.0
202201021546,,0.0
202201021602,296.0,0.4
202201021616,,0.0
202201021631,,0.0
202201021646,62.0,0.4
202201021702,,0.0
202201021718,261.0,0.4
202201021746,355.0,0.4
202201021818,247.0,0.9
202201021832,274.0,0.9
202201021847,310.0,0.9
202201021900,313.0,0.9
202201021915,325.0,0.4
202201021930,296.0,0.4
202201022000,140.0,0.4
202201022030,296.0,0.9
202201022045,69.0,0.4
202201022100,130.0,0.4
202201022115,,0.0
202201022130,270.0,2.2
202201022145,260.0,0.9
202201022201,79.0,0.9
202201022215,13.0,0.9
202201022230,28.0,0.9
202201022245,44.0,0.4
202201022300,120.0,0.4
202201022315,222.0,1.3
202201022346,138.0,0.4
202201030001,,0.0
202201030016,126.0,0.4
202201030031,17.0,2.2
202201030046,344.0,0.9
202201030101,288.0,0.9
202201030131,221.0,0.9
202201030145,259.0,0.9
202201030200,262.0,0.4
202201030215,264.0,1.8
202201030230,240.0,2.2
202201030245,17.0,0.9
202201030300,86.0,1.8
202201030315,279.0,2.7
202201030330,261.0,2.7
202201030345,321.0,2.2
202201030400,222.0,1.3
202201030416,344.0,1.3
202201030431,261.0,1.3
202201030445,119.0,0.4
202201030501,51.0,0.9
202201030516,127.0,1.3
202201030531,234.0,1.3
202201030547,308.0,2.2
202201030601,216.0,0.9
202201030616,274.0,1.8
202201030631,254.0,1.3
202201030645,248.0,1.3
202201030700,13.0,0.9
202201030715,290.0,1.8
202201030730,242.0,0.9
202201030745,243.0,1.8
202201030800,0.0,0.4
202201030815,266.0,1.3
202201030846,245.0,1.3
202201030915,226.0,1.8
202201030946,342.0,1.3
202201031000,26.0,0.4
202201031015,192.0,0.9
202201031030,303.0,1.3
202201031045,32.0,1.3
202201031101,305.0,1.8
202201031116,280.0,2.2
202201031132,351.0,0.9
202201031146,293.0,0.4
202201031202,273.0,0.9
202201031216,326.0,2.2
202201031231,132.0,0.9
202201031246,287.0,2.2
202201031301,279.0,0.9
202201031317,261.0,0.9
202201031330,285.0,0.9
202201031345,307.0,1.3
202201031400,220.0,1.3
202201031415,85.0,0.9
202201031430,229.0,0.9
202201031445,349.0,0.9
202201031500,272.0,0.4
202201031515,313.0,0.9
202201031530,254.0,0.9
202201031545,311.0,0.9
202201031601,17.0,0.9
202201031616,45.0,1.3
202201031630,57.0,0.4
202201031645,27.0,1.8
202201031701,5.0,0.4
202201031716,336.0,0.4
202201031731,312.0,0.9
202201031746,30.0,0.9
202201031801,355.0,0.9
202201031816,247.0,1.3
202201031832,,0.0
202201031846,51.0,1.3
202201031901,350.0,0.9
202201031917,313.0,1.3
202201031931,306.0,1.3
202201031947,69.0,0.9
202201032002,79.0,0.4
202201032017,26.0,0.9
202201032032,17.0,0.4
202201032046,42.0,1.3
202201032102,69.0,0.9
202201032116,0.0,1.3
202201032132,348.0,0.9
202201032147,5.0,0.9
202201032202,79.0,0.4
202201032215,,0.0
202201032230,329.0,0.4
202201032245,323.0,1.3
202201032300,5.0,0.4
202201032315,198.0,0.4
202201032330,355.0,0.9
202201032345,334.0,0.4
202201040000,300.0,0.9
202201040030,265.0,0.4
202201040045,26.0,0.9
202201040100,309.0,1.3
202201040115,334.0,0.9
202201040130,351.0,0.9
202201040145,290.0,0.4
202201040201,,0.0
202201040215,282.0,0.4
202201040230,48.0,0.9
202201040246,49.0,0.4
202201040300,38.0,0.4
202201040315,22.0,0.9
202201040330,,0.0
202201040345,63.0,0.9
202201040400,,0.0
202201040415,,0.0
202201040431,152.0,0.4
202201040445,43.0,0.4
202201040500,,0.0
202201040515,94.0,0.4
202201040530,5.0,0.4
202201040545,347.0,0.4
202201040601,65.0,0.9
202201040616,,0.0
202201040631,335.0,0.4
202201040646,335.0,0.4
202201040701,,0.0
202201040716,,0.0
202201040747,,0.0
202201040801,,0.0
202201040816,,0.0
202201040831,,0.0
202201040846,,0.0
202201040902,,0.0
202201040916,,0.0
202201040931,,0.0
202201040947,,0.0
202201041017,,0.0
202201041045,,0.0
202201041100,,0.0
202201041115,,0.0
202201041130,,0.0
202201041200,,0.0
202201041215,,0.0
202201041230,,0.0
202201041245,,0.0
202201041300,,0.0
202201041315,,0.0
202201041330,,0.0
202201041345,,0.0
202201041401,,0.0
202201041415,62.0,0.4
202201041430,80.0,0.9
202201041445,,0.0
202201041500,115.0,0.9
202201041515,,0.0
202201041531,148.0,0.9
202201041546,167.0,0.9
202201041601,104.0,0.9
202201041616,145.0,1.3
202201041631,140.0,1.3
202201041646,130.0,0.9
202201041700,137.0,0.9
202201041730,169.0,1.3
202201041745,150.0,1.3
202201041815,114.0,0.9
202201041830,242.0,1.3
202201041846,180.0,1.3
202201041901,166.0,0.9
202201041915,159.0,1.3
202201041930,157.0,1.3
202201041946,146.0,0.9
202201042015,173.0,1.3
202201042031,156.0,0.9
202201042046,141.0,1.8
202201042101,144.0,1.8
202201042116,127.0,3.1
202201042131,124.0,1.8
202201042146,84.0,1.3
202201042202,154.0,0.9
202201042216,148.0,2.2
202201042232,162.0,0.9
202201042248,105.0,0.4
202201042315,139.0,0.9
202201042330,150.0,0.9
202201042345,146.0,0.9
202201050000,130.0,0.4
202201050015,,0.0
202201050030,,0.0
202201050045,,0.0
202201050100,,0.0
202201050115,139.0,0.4
202201050130,,0.0
202201050145,,0.0
202201050200,,0.0
202201050215,156.0,0.4
202201050300,168.0,0.4
202201050315,107.0,0.4
202201050330,138.0,0.4
202201050346,127.0,1.3
202201050400,155.0,0.9
202201050415,184.0,1.3
202201050430,143.0,0.9
202201050445,112.0,0.9
202201050500,133.0,0.9
202201050530,,0.0
202201050546,,0.0
202201050600,192.0,0.4
202201050616,,0.0
202201050631,160.0,0.4
202201050645,203.0,0.4
202201050701,196.0,0.4
202201050730,219.0,0.4
202201050746,,0.0
202201050801,,0.0
202201050815,272.0,0.4
202201050831,,0.0
202201050845,,0.0
202201050901,,0.0
202201050917,,0.0
202201051001,,0.0
202201051017,,0.0
202201051030,,0.0
202201051045,,0.0
202201051100,,0.0
202201051130,,0.0
202201051145,,0.0
202201051200,,0.0
202201051215,,0.0
202201051300,,0.0
202201051315,,0.0
202201051330,,0.0
202201051345,,0.0
202201051400,,0.0
202201051415,,0.0
202201051430,,0.0
202201051445,,0.0
202201051500,,0.0
202201051516,,0.0
202201051531,140.0,0.4
202201051546,157.0,0.9
202201051601,189.0,0.9
202201051616,144.0,0.9
202201051632,196.0,0.9
202201051646,201.0,0.9
202201051701,155.0,0.4
202201051715,236.0,0.9
202201051730,206.0,1.8
202201051745,276.0,0.4
202201051800,305.0,0.9
202201051815,269.0,0.9
202201051830,260.0,0.9
202201051845,271.0,0.9
202201051900,333.0,0.9
202201051916,270.0,0.4
202201051945,202.0,0.4
202201052000,,0.0
202201052015,208.0,0.4
202201052030,205.0,1.3
202201052046,183.0,1.3
202201052100,168.0,0.9
202201052116,159.0,1.3
202201052130,230.0,0.9
202201052146,142.0,0.4
202201052201,,0.0
202201052215,184.0,0.4
202201052246,,0.0
202201052301,,0.0
202201052316,,0.0
202201052331,,0.0
202201052346,,0.0
202201060001,,0.0
202201060018,,0.0
202201060031,,0.0
202201060047,,0.0
202201060101,,0.0
202201060116,,0.0
202201060132,,0.0
202201060147,,0.0
202201060201,,0.0
202201060217,,0.0
202201060232,,0.0
202201060246,,0.0
202201060302,,0.0
202201060316,,0.0
202201060331,,0.0
202201060347,,0.0
202201060401,,0.0
202201060416,,0.0
202201060431,,0.0
202201060448,,0.0
202201060502,,0.0
202201060516,,0.0
202201060548,,0.0
202201060601,,0.0
202201060616,,0.0
202201060631,,0.0
202201060645,,0.0
202201060700,,0.0
202201060715,,0.0
202201060730,,0.0
202201060745,,0.0
202201060800,,0.0
202201060815,132.0,0.4
202201060830,132.0,0.4
202201060846,,0.0
202201060900,,0.0
202201060915,,0.0
202201060930,,0.0
202201061000,,0.0
202201061015,,0.0
202201061030,,0.0
202201061045,,0.0
202201061100,,0.0
202201061116,,0.0
202201061130,,0.0
202201061145,,0.0
202201061200,,0.0
202201061216,,0.0
202201061230,,0.0
202201061300,,0.0
202201061315,54.0,0.4
202201061331,344.0,0.4
202201061346,,0.0
202201061401,,0.0
202201061415,,0.0
202201061432,,0.0
202201061447,,0.0
202201061501,,0.0
202201061515,161.0,0.9
202201061530,103.0,0.4
202201061545,202.0,1.3
202201061600,165.0,2.2
202201061615,159.0,1.3
202201061630,200.0,1.3
202201061645,235.0,0.9
202201061700,159.0,0.9
202201061715,157.0,0.4
202201061730,202.0,0.9
202201061745,279.0,0.4
202201061800,298.0,0.4
202201061816,242.0,0.4
202201061845,,0.0
202201061901,249.0,1.3
202201061916,273.0,0.9
202201061931,333.0,1.3
202201061946,53.0,0.9
202201062001,219.0,1.3
202201062016,215.0,0.9
202201062031,5.0,1.8
202201062046,192.0,2.2
202201062100,238.0,0.9
202201062116,61.0,0.9
202201062131,292.0,1.8
202201062146,316.0,2.7
202201062201,304.0,0.4
202201062216,296.0,1.8
202201062231,284.0,0.9
202201062246,142.0,0.4
202201062301,313.0,0.4
202201062315,323.0,0.4
202201062330,115.0,1.3
202201062345,178.0,0.9
202201070000,89.0,0.9
202201070015,37.0,0.4
202201070030,261.0,1.3
202201070045,135.0,1.3
202201070100,90.0,0.4
202201070115,50.0,0.4
202201070130,75.0,2.2
202201070145,43.0,1.3
202201070200,85.0,0.9
202201070215,305.0,1.3
202201070245,297.0,0.4
202201070300,28.0,1.3
202201070316,99.0,0.4
202201070331,346.0,0.9
202201070346,46.0,0.9
202201070400,290.0,1.8
202201070417,63.0,0.9
202201070431,,0.0
202201070446,19.0,0.4
202201070501,28.0,0.9
202201070516,0.0,0.9
202201070531,,0.0
202201070615,60.0,0.4
202201070630,49.0,1.3
202201070645,36.0,0.4
202201070700,338.0,0.4
202201070715,,0.0
202201070730,26.0,0.4
202201070800,0.0,0.9
202201070815,335.0,0.9
202201070832,,0.0
202201070845,45.0,0.9
202201070900,38.0,0.4
202201070915,271.0,1.3
202201070930,,0.0
202201070945,40.0,0.4
202201071001,80.0,0.4
202201071015,90.0,1.8
202201071031,355.0,0.4
202201071046,74.0,0.9
202201071101,25.0,0.4
202201071131,,0.0
202201071147,63.0,0.4
202201071201,82.0,1.3
202201071218,,0.0
202201071245,335.0,0.4
202201071300,,0.0
202201071315,,0.0
202201071330,28.0,0.4
202201071345,44.0,0.4
202201071400,346.0,0.4
202201071415,15.0,1.3
202201071430,53.0,0.4
202201071445,70.0,0.9
202201071500,300.0,0.9
202201071515,99.0,0.9
202201071531,110.0,0.4
202201071545,25.0,0.4
202201071600,,0.0
202201071616,317.0,0.9
202201071630,9.0,0.4
202201071645,78.0,0.4
202201071702,,0.0
202201071717,26.0,0.9
202201071731,308.0,0.4
202201071746,54.0,1.8
202201071801,99.0,0.4
202201071816,24.0,0.4
202201071832,76.0,0.4
202201071845,,0.0
202201071900,0.0,0.4
202201071915,117.0,1.3
202201071930,279.0,0.4
202201071945,90.0,1.8
202201072000,67.0,0.4
202201072015,76.0,0.4
202201072030,278.0,0.4
202201072045,282.0,0.4
202201072100,,0.0
202201072115,,0.0
202201072145,80.0,0.4
202201072200,34.0,0.4
202201072215,86.0,0.9
202201072230,70.0,0.4
202201072245,,0.0
202201072300,,0.0
202201072315,,0.0
202201072330,,0.0
202201072345,,0.0
202201080000,,0.0
202201080016,,0.0
202201080031,,0.0
202201080045,,0.0
202201080100,,0.0
202201080115,,0.0
202201080130,,0.0
202201080145,,0.0
202201080200,,0.0
202201080216,,0.0
202201080231,,0.0
202201080245,,0.0
202201080301,,0.0
202201080315,,0.0
202201080330,,0.0
202201080345,,0.0
202201080401,,0.0
202201080415,,0.0
202201080430,,0.0
202201080501,,0.0
202201080516,,0.0
202201080530,,0.0
202201080545,,0.0
202201080616,,0.0
202201080631,,0.0
202201080645,,0.0
202201080701,,0.0
202201080715,,0.0
202201080730,,0.0
202201080745,,0.0
202201080801,,0.0
202201080816,,0.0
202201080832,,0.0
202201080846,,0.0
202201080901,,0.0
202201080931,,0.0
202201080947,,0.0
202201081001,,0.0
202201081015,,0.0
202201081030,,0.0
202201081045,,0.0
202201081100,,0.0
202201081115,,0.0
202201081130,,0.0
202201081145,,0.0
202201081200,,0.0
202201081215,,0.0
202201081230,,0.0
202201081245,,0.0
202201081300,,0.0
202201081316,64.0,0.4
202201081330,,0.0
202201081345,78.0,0.9
202201081400,,0.0
202201081416,,0.0
202201081431,46.0,0.9
202201081446,71.0,0.9
202201081501,91.0,1.3
202201081516,118.0,0.9
202201081531,50.0,1.3
202201081545,159.0,0.9
202201081600,93.0,0.9
202201081615,98.0,1.3
202201081630,94.0,1.3
202201081645,121.0,0.9
202201081700,340.0,1.8
202201081716,153.0,1.8
202201081730,162.0,1.3
202201081745,145.0,1.8
202201081800,150.0,0.4
202201081815,145.0,0.9
202201081830,148.0,1.8
202201081845,125.0,0.9
202201081916,168.0,1.8
202201081931,150.0,1.8
202201081946,82.0,0.9
202201082001,155.0,1.3
202201082017,102.0,0.9
202201082032,125.0,1.8
202201082102,112.0,1.8
202201082116,150.0,1.8
202201082132,183.0,0.9
202201082147,130.0,0.9
202201082201,150.0,1.8
202201082215,112.0,0.9
202201082230,151.0,0.9
202201082245,159.0,0.4
202201082300,127.0,0.9
202201082315,111.0,0.4
202201082330,148.0,1.3
202201082345,120.0,0.9
202201090000,135.0,0.9
202201090015,123.0,1.3
202201090045,128.0,1.8
202201090100,88.0,1.8
202201090115,139.0,1.3
202201090145,142.0,0.9
202201090200,128.0,1.3
202201090215,115.0,0.9
202201090230,146.0,0.9
202201090245,179.0,1.3
202201090300,89.0,0.9
202201090315,146.0,1.8
202201090330,119.0,0.9
202201090345,169.0,1.8
202201090400,119.0,1.3
202201090430,143.0,1.3
202201090445,71.0,1.3
202201090500,147.0,1.3
202201090515,180.0,1.3
202201090530,127.0,1.3
202201090545,134.0,0.9
202201090600,121.0,2.2
202201090615,117.0,0.9
202201090631,167.0,0.9
202201090646,89.0,0.9
202201090700,126.0,1.3
202201090716,79.0,0.4
202201090730,132.0,1.8
202201090745,111.0,1.3
202201090801,140.0,0.9
202201090816,221.0,1.8
202201090831,99.0,1.8
202201090845,113.0,0.9
202201090901,95.0,1.8
202201090916,128.0,2.2
202201090931,93.0,1.3
202201090946,150.0,0.9
202201091001,144.0,1.3
202201091016,57.0,0.9
202201091031,122.0,1.8
202201091045,103.0,0.9
202201091100,150.0,0.9
202201091115,157.0,0.9
202201091130,142.0,1.3
202201091145,134.0,0.4
202201091200,128.0,0.4
202201091215,116.0,0.9
202201091230,146.0,0.4
202201091246,157.0,0.9
202201091301,130.0,0.4
202201091315,117.0,1.8
202201091345,150.0,1.3
202201091402,165.0,1.8
202201091416,105.0,2.2
202201091431,137.0,1.3
202201091446,166.0,1.8
202201091501,153.0,0.9
202201091515,159.0,0.4
202201091531,140.0,0.9
202201091545,146.0,0.4
202201091601,161.0,0.9
202201091616,146.0,0.4
202201091631,117.0,0.9
202201091646,150.0,0.4
202201091701,161.0,0.4
202201091719,148.0,0.9
202201091730,162.0,1.3
202201091745,261.0,0.9
202201091800,142.0,1.8
202201091815,169.0,0.9
202201091830,158.0,1.3
202201091845,145.0,0.9
202201091900,253.0,0.9
202201091916,180.0,1.8
202201091945,144.0,0.4
202201092000,138.0,0.9
202201092016,194.0,0.4
202201092031,153.0,0.4
202201092046,211.0,0.4
202201092101,,0.0
202201092130,200.0,0.4
202201092145,,0.0
202201092200,153.0,0.4
202201092215,,0.0
202201092230,,0.0
202201092246,,0.0
202201092300,,0.0
202201092315,,0.0
202201092330,,0.0
202201092346,,0.0
202201100001,,0.0
202201100015,,0.0
202201100031,,0.0
202201100046,59.0,0.9
202201100115,9.0,0.4
202201100130,86.0,1.3
202201100146,43.0,0.9
202201100201,355.0,2.2
202201100232,309.0,0.9
202201100245,355.0,0.9
202201100301,,0.0
202201100316,9.0,0.4
202201100346,111.0,0.9
202201100401,294.0,0.9
202201100416,56.0,0.4
202201100431,16.0,0.4
202201100446,327.0,0.4
202201100500,325.0,1.3
202201100515,292.0,0.9
202201100530,56.0,0.9
202201100545,320.0,0.9
202201100615,355.0,0.4
202201100630,302.0,1.3
202201100700,321.0,0.4
202201100715,15.0,0.9
202201100730,304.0,0.4
202201100745,,0.0
202201100800,316.0,0.4
202201100816,331.0,0.4
202201100845,296.0,0.4
202201100901,305.0,0.9
202201100916,49.0,0.4
202201100931,165.0,0.4
202201100946,13.0,0.4
202201101001,70.0,0.9
202201101016,,0.0
202201101046,347.0,0.4
202201101101,55.0,0.4
202201101116,48.0,0.4
202201101130,338.0,0.4
202201101145,70.0,0.9
202201101201,32.0,0.9
202201101215,13.0,0.4
202201101230,18.0,1.3
202201101245,313.0,0.9
202201101300,22.0,0.9
202201101315,15.0,0.4
202201101331,81.0,0.4
202201101345,5.0,0.9
202201101400,344.0,0.9
202201101415,344.0,0.4
202201101430,12.0,0.9
202201101445,5.0,0.9
202201101501,32.0,0.4
202201101516,5.0,0.4
202201101530,44.0,0.4
202201101546,65.0,0.9
202201101602,257.0,0.4
202201101616,81.0,0.4
202201101632,,0.0
202201101705,72.0,0.4
202201101715,351.0,0.4
202201101730,78.0,1.3
202201101745,291.0,1.3
202201101800,101.0,1.3
202201101830,286.0,1.3
202201101845,347.0,1.3
202201101900,51.0,1.3
202201101915,355.0,1.3
202201101930,49.0,1.8
202201101945,327.0,1.8
202201102000,190.0,0.9
202201102031,330.0,1.3
202201102045,220.0,1.8
202201102100,13.0,1.3
202201102115,71.0,0.9
202201102130,78.0,0.4
202201102145,242.0,0.9
202201102216,,0.0
202201102231,5.0,0.4
202201102301,13.0,0.4
202201102331,,0.0
202201102345,,0.0
202201110001,,0.0
202201110015,,0.0
202201110030,,0.0
202201110046,,0.0
202201110100,,0.0
202201110115,,0.0
202201110131,,0.0
202201110145,,0.0
202201110201,,0.0
202201110216,,0.0
202201110231,,0.0
202201110246,,0.0
202201110301,,0.0
202201110316,,0.0
202201110331,,0.0
202201110347,29.0,0.4
202201110400,49.0,0.4
202201110416,72.0,0.4
202201110431,11.0,0.9
202201110446,74.0,0.4
202201110501,125.0,0.4
202201110515,321.0,0.9
202201110531,344.0,0.4
202201110601,50.0,1.8
202201110616,60.0,0.9
202201110631,87.0,0.9
202201110646,31.0,0.4
202201110702,63.0,0.4
202201110717,38.0,1.3
202201110731,47.0,0.4
202201110745,55.0,0.9
202201110800,,0.0
202201110815,75.0,0.4
202201110830,,0.0
202201110845,,0.0
202201110900,,0.0
202201110915,,0.0
202201110930,,0.0
202201110945,,0.0
202201111000,,0.0
202201111015,,0.0
202201111030,,0.0
202201111045,,0.0
202201111100,,0.0
202201111115,,0.0
202201111131,,0.0
202201111146,,0.0
202201111200,,0.0
202201111247,,0.0
202201111301,,0.0
202201111316,,0.0
202201111331,,0.0
202201111346,,0.0
202201111402,,0.0
202201111415,,0.0
202201111430,,0.0
202201111445,90.0,0.9
202201111500,81.0,0.9
202201111515,77.0,0.9
202201111530,59.0,0.9
202201111545,54.0,0.4
202201111600,81.0,0.4
202201111616,290.0,0.9
202201111630,76.0,0.9
202201111645,0.0,0.4
202201111700,101.0,0.9
202201111716,44.0,0.9
202201111746,317.0,0.4
202201111802,345.0,1.3
202201111831,298.0,0.4
202201111846,75.0,1.8
202201111901,69.0,0.4
202201111917,0.0,0.9
202201111931,331.0,1.3
202201111946,100.0,0.4
202201112000,,0.0
202201112030,298.0,0.9
202201112045,319.0,0.9
202201112100,302.0,0.4
202201112115,278.0,0.9
202201112130,0.0,0.4
202201112145,284.0,0.4
202201112200,282.0,0.4
202201112215,329.0,0.4
202201112230,269.0,0.4
202201112245,,0.0
202201112300,,0.0
202201112315,,0.0
202201112330,,0.0
202201112345,,0.0
202201120000,,0.0
202201120016,,0.0
202201120030,,0.0
202201120045,,0.0
202201120100,,0.0
202201120115,,0.0
202201120130,,0.0
202201120145,,0.0
202201120201,,0.0
202201120215,,0.0
202201120245,,0.0
202201120300,,0.0
202201120315,,0.0
202201120331,,0.0
202201120401,,0.0
202201120415,,0.0
202201120430,,0.0
202201120445,,0.0
202201120500,,0.0
202201120515,,0.0
202201120530,,0.0
202201120546,,0.0
202201120602,,0.0
202201120615,,0.0
202201120631,,0.0
202201120646,,0.0
202201120716,,0.0
202201120731,,0.0
202201120801,,0.0
202201120816,,0.0
202201120831,,0.0
202201120846,,0.0
202201120901,,0.0
202201120917,,0.0
202201120930,,0.0
202201120945,,0.0
202201121000,,0.0
202201121015,,0.0
202201121030,,0.0
202201121045,,0.0
202201121100,,0.0
202201121115,,0.0
202201121130,,0.0
202201121146,,0.0
202201121200,,0.0
202201121215,,0.0
202201121230,,0.0
202201121246,,0.0
202201121300,,0.0
202201121315,,0.0
202201121330,,0.0
202201121346,,0.0
202201121401,,0.0
202201121415,,0.0
202201121446,,0.0
202201121500,,0.0
202201121531,136.0,0.4
202201121546,,0.0
202201121601,186.0,1.3
202201121615,159.0,1.8
202201121630,100.0,1.3
202201121645,136.0,0.9
202201121700,151.0,0.4
202201121715,161.0,0.9
202201121746,71.0,0.4
202201121815,157.0,0.4
202201121831,151.0,0.9
202201121846,293.0,0.4
202201121900,278.0,0.9
202201121916,178.0,0.9
202201121932,266.0,0.4
202201121946,182.0,0.4
202201122001,,0.0
202201122017,125.0,0.9
202201122031,271.0,1.3
202201122046,269.0,0.9
202201122101,148.0,0.4
202201122133,290.0,0.9
202201122146,288.0,0.4
202201122200,,0.0
202201122215,,0.0
202201122230,,0.0
202201122245,,0.0
202201122300,,0.0
202201122330,,0.0
202201122345,,0.0
202201130000,,0.0
202201130015,,0.0
202201130045,,0.0
202201130100,,0.0
202201130115,,0.0
202201130130,,0.0
202201130145,,0.0
202201130201,,0.0
202201130215,,0.0
202201130230,,0.0
202201130245,,0.0
202201130300,,0.0
202201130330,,0.0
202201130345,,0.0
202201130400,,0.0
202201130415,,0.0
202201130430,,0.0
202201130445,,0.0
202201130500,,0.0
202201130515,,0.0
202201130531,,0.0
202201130545,,0.0
202201130600,,0.0
202201130616,,0.0
202201130630,,0.0
202201130645,,0.0
202201130701,,0.0
202201130716,,0.0
202201130731,,0.0
202201130746,,0.0
202201130817,,0.0
202201130831,,0.0
202201130847,,0.0
202201130901,,0.0
202201130916,,0.0
202201130947,,0.0
202201131001,,0.0
202201131019,,0.0
202201131030,,0.0
202201131045,,0.0
202201131100,,0.0
202201131115,,0.0
202201131145,,0.0
202201131200,,0.0
202201131215,,0.0
202201131230,,0.0
202201131245,,0.0
202201131300,,0.0
202201131315,,0.0
202201131330,,0.0
202201131345,,0.0
202201131400,,0.0
202201131416,,0.0
202201131430,129.0,0.4
202201131446,147.0,0.4
202201131501,128.0,0.4
202201131516,238.0,0.9
202201131532,226.0,0.9
202201131546,170.0,0.9
202201131601,260.0,1.8
202201131615,306.0,0.4
202201131630,254.0,0.9
202201131645,293.0,1.3
202201131700,269.0,0.9
202201131715,200.0,0.4
202201131730,100.0,0.9
202201131746,154.0,0.9
202201131800,202.0,1.3
202201131816,142.0,0.9
202201131830,227.0,1.3
202201131846,257.0,0.4
202201131901,227.0,1.3
202201131917,265.0,1.8
202201131931,254.0,2.2
202201131947,318.0,1.8
202201132002,269.0,2.7
202201132032,340.0,0.9
202201132046,227.0,0.9
202201132130,165.0,1.8
202201132145,252.0,1.3
202201132200,311.0,1.3
202201132215,231.0,2.2
202201132230,250.0,0.9
202201132245,,0.0
202201132300,250.0,0.4
202201132315,212.0,0.4
202201132330,,0.0
202201132345,,0.0
202201140000,,0.0
202201140015,,0.0
202201140030,,0.0
202201140045,,0.0
202201140115,,0.0
202201140130,,0.0
202201140145,,0.0
202201140200,,0.0
202201140215,,0.0
202201140230,,0.0
202201140245,,0.0
202201140300,,0.0
202201140315,,0.0
202201140330,,0.0
202201140345,,0.0
202201140400,,0.0
202201140415,,0.0
202201140431,,0.0
202201140445,,0.0
202201140500,,0.0
202201140515,,0.0
202201140530,,0.0
202201140545,,0.0
202201140600,,0.0
202201140615,,0.0
202201140630,,0.0
202201140645,,0.0
202201140701,,0.0
202201140715,,0.0
202201140730,328.0,0.4
202201140801,,0.0
202201140817,,0.0
202201140831,,0.0
202201140846,59.0,0.4
202201140901,,0.0
202201140916,,0.0
202201140930,,0.0
202201140946,,0.0
202201141002,,0.0
202201141016,,0.0
202201141031,,0.0
202201141045,,0.0
202201141101,,0.0
202201141116,,0.0
202201141130,,0.0
202201141145,,0.0
202201141200,,0.0
202201141215,,0.0
202201141230,,0.0
202201141245,,0.0
202201141300,,0.0
202201141315,,0.0
202201141330,,0.0
202201141345,,0.0
202201141401,,0.0
202201141415,,0.0
202201141430,55.0,0.4
202201141445,,0.0
202201141501,,0.0
202201141515,71.0,0.9
202201141531,81.0,0.9
202201141546,75.0,0.4
202201141601,348.0,1.3
202201141616,89.0,0.9
202201141630,149.0,0.9
202201141645,71.0,0.4
202201141700,180.0,0.4
202201141715,87.0,1.3
202201141730,,0.0
202201141745,318.0,0.4
202201141800,20.0,0.9
202201141815,73.0,0.4
202201141901,238.0,0.4
202201141915,266.0,1.3
202201141930,348.0,0.4
202201141945,64.0,0.9
202201142000,285.0,0.4
202201142016,14.0,0.9
202201142030,309.0,0.4
202201142045,350.0,0.4
202201142100,290.0,1.3
202201142115,304.0,0.4
202201142146,341.0,0.4
202201142215,,0.0
202201142232,,0.0
202201142246,,0.0
202201142300,,0.0
202201142316,,0.0
202201142331,,0.0
202201142346,,0.0
202201150001,,0.0
202201150016,,0.0
202201150031,,0.0
202201150047,,0.0
202201150101,,0.0
202201150116,,0.0
202201150131,,0.0
202201150146,,0.0
202201150201,,0.0
202201150231,,0.0
202201150247,,0.0
202201150301,,0.0
202201150316,,0.0
202201150332,,0.0
202201150402,,0.0
202201150417,,0.0
202201150432,54.0,0.4
202201150446,,0.0
202201150516,,0.0
202201150532,,0.0
202201150546,,0.0
202201150601,,0.0
202201150618,,0.0
202201150630,,0.0
202201150645,,0.0
202201150700,,0.0
202201150715,,0.0
202201150730,,0.0
202201150745,,0.0
202201150800,,0.0
202201150815,,0.0
202201150830,,0.0
202201150900,,0.0
202201150915,,0.0
202201150930,,0.0
202201150945,,0.0
202201151000,,0.0
202201151030,,0.0
202201151100,,0.0
202201151115,,0.0
202201151146,,0.0
202201151201,,0.0
202201151215,,0.0
202201151230,,0.0
202201151246,,0.0
202201151300,,0.0
202201151330,,0.0
202201151346,,0.0
202201151402,,0.0
202201151416,,0.0
202201151446,,0.0
202201151501,,0.0
202201151531,,0.0
202201151600,68.0,0.4
202201151615,84.0,1.3
202201151630,31.0,1.3
202201151645,91.0,0.4
202201151700,143.0,0.9
202201151715,132.0,0.9
202201151730,82.0,0.9
202201151746,105.0,2.2
202201151800,89.0,1.8
202201151815,66.0,0.9
202201151830,198.0,0.9
202201151845,88.0,1.8
202201151901,59.0,0.9
202201151916,93.0,0.9
202201151931,117.0,1.3
202201151946,97.0,0.9
202201152001,123.0,2.2
202201152016,53.0,0.9
202201152031,42.0,0.9
202201152046,107.0,0.9
202201152101,,0.0
202201152116,326.0,0.4
202201152132,,0.0
202201152147,,0.0
202201152201,,0.0
202201152217,42.0,0.4
202201152231,44.0,0.4
202201152246,109.0,0.9
202201152301,80.0,0.9
202201152330,69.0,0.4
202201152345,38.0,0.4
202201160000,83.0,0.9
202201160015,84.0,0.4
202201160030,55.0,0.4
202201160045,48.0,1.3
202201160100,9.0,1.3
202201160115,17.0,1.3
202201160130,63.0,0.9
202201160145,96.0,1.3
202201160200,5.0,0.9
202201160215,67.0,0.9
202201160230,71.0,0.9
202201160245,61.0,1.3
202201160301,21.0,1.3
202201160315,44.0,0.9
202201160330,54.0,1.3
202201160345,348.0,1.8
202201160400,111.0,2.7
202201160415,30.0,1.8
202201160430,84.0,2.2
202201160445,69.0,1.8
202201160515,84.0,2.7
202201160530,34.0,2.7
202201160545,63.0,3.6
202201160600,94.0,2.7
202201160616,69.0,2.7
202201160632,148.0,2.2
202201160646,69.0,2.2
202201160701,153.0,3.6
202201160716,82.0,2.7
202201160731,94.0,4.5
202201160745,115.0,3.1
202201160801,107.0,2.7
202201160816,52.0,1.8
202201160831,128.0,2.2
202201160901,214.0,1.3
202201160916,245.0,1.3
202201160931,312.0,0.9
202201160945,,0.0
202201161000,,0.0
202201161015,,0.0
202201161331,253.0,0.4
202201161346,0.0,0.9
202201161400,22.0,0.9
202201161415,324.0,0.4
202201161445,57.0,0.4
202201161515,100.0,1.3
202201161530,350.0,0.4
202201161545,311.0,0.4
202201161600,244.0,0.4
202201161615,67.0,0.4
202201161630,338.0,0.4
202201161645,285.0,0.9
202201161701,,0.0
202201171902,300.0,1.8
202201171917,261.0,1.3
202201171932,310.0,1.3
202201171946,45.0,1.3
202201172001,294.0,0.4
202201172015,263.0,1.3
202201172030,279.0,1.3
202201172045,257.0,0.4
202201172100,,0.0
202201172115,308.0,0.9
202201172130,336.0,0.9
202201172145,347.0,1.3
202201172200,296.0,1.3
202201172215,303.0,0.4
202201172230,265.0,0.9
202201172245,222.0,0.4
202201172300,,0.0
202201172315,,0.0
202201172330,,0.0
202201172346,,0.0
202201180016,,0.0
202201180030,,0.0
202201180046,,0.0
202201180100,,0.0
202201180116,,0.0
202201180130,,0.0
202201180146,,0.0
202201180201,,0.0
202201180215,,0.0
202201180248,,0.0
202201180301,,0.0
202201180316,,0.0
202201180347,,0.0
202201180401,,0.0
202201180417,,0.0
202201180431,,0.0
202201180449,,0.0
202201180501,,0.0
202201180515,,0.0
202201180530,,0.0
202201180545,,0.0
202201180600,,0.0
202201180615,,0.0
202201180630,,0.0
202201180645,,0.0
202201180700,,0.0
202201180715,,0.0
202201180730,,0.0
202201180745,,0.0
202201180800,,0.0
202201180816,,0.0
202201180830,,0.0
202201180846,,0.0
202201180900,,0.0
202201180915,,0.0
202201180931,,0.0
202201180945,,0.0
202201181000,,0.0
202201181015,,0.0
202201181030,,0.0
202201181100,,0.0
202201181115,,0.0
202201181131,,0.0
202201181201,,0.0
202201181216,,0.0
202201181231,,0.0
202201181246,,0.0
202201181300,,0.0
202201181316,,0.0
202201181331,,0.0
202201181346,,0.0
202201181403,,0.0
202201181416,,0.0
202201181430,209.0,0.4
202201181445,,0.0
202201181500,,0.0
202201181515,,0.0
202201181530,168.0,0.4
202201181546,,0.0
202201181600,,0.0
202201181616,,0.0
202201181631,257.0,0.4
202201181645,178.0,0.9
202201181701,111.0,0.4
202201181716,123.0,0.4
202201181747,290.0,0.4
202201181802,152.0,1.3
202201181816,232.0,0.9
202201181831,123.0,0.9
202201181845,,0.0
202201181900,275.0,0.9
202201181915,,0.0
202201181930,155.0,0.4
202201181945,132.0,0.4
202201182000,145.0,0.9
202201182030,240.0,0.9
202201182100,155.0,0.9
202201182115,218.0,0.4
202201182130,167.0,0.4
202201182145,204.0,0.4
202201182201,138.0,0.4
202201182215,,0.0
202201182230,164.0,0.4
202201182245,,0.0
202201182301,,0.0
202201182316,,0.0
202201182330,,0.0
202201182346,,0.0
202201190000,,0.0
202201190016,,0.0
202201190031,,0.0
202201190045,,0.0
202201190101,,0.0
202201190116,,0.0
202201190130,,0.0
202201190145,,0.0
202201190202,,0.0
202201190216,,0.0
202201190230,,0.0
202201190246,,0.0
202201190301,,0.0
202201190316,99.0,0.4
202201190331,146.0,0.9
202201190346,,0.0
202201190403,153.0,2.2
202201190416,201.0,0.9
202201190431,151.0,0.4
202201190446,155.0,0.4
202201190501,103.0,0.4
202201190547,,0.0
202201190601,,0.0
202201190616,,0.0
202201190631,,0.0
202201190646,,0.0
202201190702,,0.0
202201190716,,0.0
202201190730,,0.0
202201190800,,0.0
202201190815,133.0,0.4
202201190830,,0.0
202201190845,,0.0
202201190900,,0.0
202201190915,,0.0
202201190930,,0.0
202201190946,,0.0
202201191000,,0.0
202201191015,,0.0
202201191030,,0.0
202201191045,,0.0
202201191100,133.0,0.4
202201191116,,0.0
202201191134,,0.0
202201191145,,0.0
202201191201,,0.0
202201191215,,0.0
202201191231,292.0,0.4
202201191246,,0.0
202201191301,,0.0
202201191315,,0.0
202201191330,,0.0
202201191346,,0.0
202201191402,,0.0
202201191431,196.0,0.4
202201191445,150.0,0.9
202201191500,113.0,1.3
202201191515,170.0,1.3
202201191530,140.0,0.9
202201191545,169.0,1.8
202201191600,207.0,1.3
202201191615,89.0,1.8
202201191631,166.0,1.3
202201191645,144.0,1.3
202201191701,189.0,0.9
202201191715,149.0,2.7
202201191748,171.0,0.4
202201191801,134.0,1.3
202201191831,212.0,2.2
202201191846,178.0,1.8
202201191902,162.0,2.2
202201191915,254.0,1.8
202201191930,130.0,1.8
202201191945,153.0,1.3
202201192000,142.0,1.8
202201192015,188.0,1.3
202201192030,150.0,0.4
202201192045,154.0,1.3
202201192100,265.0,1.3
202201192115,144.0,1.3
202201192130,149.0,2.7
202201192145,142.0,1.8
202201192200,165.0,0.9
202201192215,119.0,1.3
202201192230,152.0,1.3
202201192246,165.0,1.3
202201192301,105.0,1.3
202201192315,151.0,1.3
202201192331,108.0,0.4
202201192346,133.0,0.9
202201200000,148.0,0.9
202201200015,151.0,0.9
202201200031,140.0,0.9
202201200045,112.0,1.3
202201200100,166.0,1.8
202201200115,123.0,1.8
202201200130,219.0,0.9
202201200146,190.0,1.8
202201200201,165.0,1.8
202201200231,182.0,1.8
202201200245,133.0,1.3
202201200301,159.0,2.2
202201200315,134.0,1.8
202201200332,167.0,1.8
202201200346,240.0,1.3
202201200401,155.0,1.3
202201200416,152.0,1.3
202201200430,254.0,1.8
202201200446,,0.0
202201200500,261.0,0.4
202201200515,179.0,0.4
202201200531,,0.0
202201200546,171.0,0.4
202201200601,,0.0
202201200615,173.0,0.4
202201200631,257.0,0.4
202201200646,,0.0
202201200731,,0.0
202201200747,,0.0
202201200801,,0.0
202201200831,,0.0
202201200845,,0.0
202201200900,,0.0
202201200915,,0.0
202201200930,326.0,0.9
202201200945,275.0,0.4
202201201000,236.0,0.4
202201201015,290.0,1.3
202201201030,277.0,0.4
202201201100,15.0,0.9
202201201115,355.0,1.8
202201201131,25.0,0.9
202201201145,295.0,0.4
202201201201,50.0,0.4
202201201231,9.0,0.9
202201201246,297.0,0.9
202201201301,65.0,0.4
202201201316,5.0,0.9
202201201332,283.0,0.9
202201201346,9.0,0.9
202201201400,303.0,1.3
202201201430,0.0,0.9
202201201445,118.0,0.4
202201201500,82.0,0.9
202201201515,14.0,0.9
202201201530,62.0,1.3
202201201545,86.0,0.4
202201201600,101.0,0.9
202201201616,309.0,1.3
202201201630,80.0,0.4
202201201700,86.0,0.9
202201201715,51.0,0.9
202201201730,333.0,0.9
202201201746,14.0,0.4
202201201800,327.0,1.3
202201201815,83.0,0.4
202201201830,321.0,0.9
202201201846,52.0,0.9
202201201901,26.0,0.4
202201201916,14.0,0.9
202201201931,309.0,0.9
202201201945,38.0,0.9
202201202001,304.0,1.3
202201202016,98.0,0.9
202201202032,31.0,0.9
202201202046,16.0,1.3
202201202102,0.0,1.3
202201202116,55.0,0.9
202201202130,232.0,1.8
202201202145,22.0,2.2
202201202200,313.0,1.3
202201202215,72.0,1.3
202201202230,0.0,0.9
202201202245,5.0,0.4
202201202300,36.0,0.9
202201202315,54.0,1.3
202201202331,329.0,1.3
202201202346,240.0,0.9
202201210000,40.0,0.9
202201210016,29.0,2.2
202201210031,80.0,1.3
202201210047,5.0,1.3
202201210100,5.0,0.4
202201210116,9.0,0.9
202201210130,150.0,1.3
202201210145,269.0,1.3
202201210201,103.0,0.4
202201210217,179.0,0.4
202201210232,355.0,0.9
202201210246,19.0,1.3
202201210301,34.0,0.4
202201210317,47.0,0.9
202201210331,113.0,1.3
202201210346,75.0,0.4
202201210402,334.0,0.9
202201210416,355.0,0.4
202201210430,22.0,0.9
202201210445,336.0,1.3
202201210500,355.0,0.4
202201210515,350.0,0.4
202201210530,,0.0
202201210545,81.0,0.4
202201210600,62.0,0.9
202201210615,297.0,0.9
202201210630,,0.0
202201210645,317.0,0.9
202201210700,331.0,0.9
202201210715,311.0,0.9
202201210730,24.0,0.4
202201210745,310.0,1.8
202201210800,43.0,0.4
202201210816,343.0,0.9
202201210830,48.0,0.4
202201210845,257.0,0.9
202201210901,67.0,0.9
202201210916,300.0,0.4
202201210930,318.0,0.9
202201210945,5.0,0.4
202201211001,9.0,0.4
202201211016,65.0,0.4
202201211030,70.0,0.4
202201211046,20.0,0.4
202201211100,12.0,0.4
202201211116,12.0,0.4
202201211131,355.0,0.4
202201211145,,0.0
202201211201,355.0,0.4
202201211215,5.0,0.4
202201211231,344.0,0.9
202201211246,333.0,0.9
202201211301,22.0,0.4
202201211315,310.0,0.9
202201211331,71.0,1.3
202201211347,309.0,0.9
202201211402,295.0,0.9
202201211417,334.0,0.4
202201211431,329.0,1.3
202201211445,349.0,0.4
202201211500,343.0,1.3
202201211515,321.0,0.9
202201211530,313.0,0.9
202201211545,28.0,0.4
202201211600,,0.0
202201211615,17.0,0.4
202201211630,297.0,0.9
202201211645,,0.0
202201211700,11.0,0.4
202201211715,302.0,0.4
202201211731,340.0,0.4
202201211801,300.0,1.3
202201211830,323.0,0.9
202201211846,55.0,0.9
202201211900,,0.0
202201211916,292.0,0.9
202201211931,72.0,0.9
202201211946,28.0,0.9
202201212015,277.0,0.9
202201212031,26.0,0.9
202201212116,24.0,0.4
202201212131,17.0,1.3
202201212146,32.0,0.9
202201212231,53.0,0.4
202201212246,96.0,0.4
202201212301,,0.0
202201212317,39.0,0.4
202201212331,53.0,0.9
202201212347,,0.0
202201220016,19.0,0.9
202201220046,355.0,0.9
202201220101,322.0,0.4
202201220115,130.0,0.9
202201220130,,0.0
202201220145,34.0,0.4
202201220200,44.0,0.4
202201220215,324.0,0.4
202201220230,,0.0
202201220245,5.0,0.4
202201220300,,0.0
202201220315,,0.0
202201220330,,0.0
202201220345,,0.0
202201220400,,0.0
202201220430,355.0,0.4
202201220445,355.0,0.4
202201220500,,0.0
202201220515,,0.0
202201220530,,0.0
202201220545,321.0,0.4
202201220600,322.0,0.4
202201220615,,0.0
202201220630,,0.0
202201220645,,0.0
202201220701,,0.0
202201220715,,0.0
202201220730,,0.0
202201220746,,0.0
202201220800,42.0,0.4
202201220815,,0.0
202201220845,,0.0
202201220900,312.0,0.4
202201220915,315.0,0.4
202201220930,315.0,0.4
202201220945,315.0,0.4
202201221000,,0.0
202201221015,,0.0
202201221031,,0.0
202201221101,329.0,0.4
202201221115,,0.0
202201221130,322.0,0.4
202201221146,,0.0
202201221201,,0.0
202201221216,,0.0
202201221231,,0.0
202201221247,314.0,0.4
202201221305,314.0,0.4
202201221315,314.0,0.4
202201221330,,0.0
202201221400,,0.0
202201221415,76.0,0.4
202201221430,304.0,0.4
202201221445,24.0,0.9
202201221500,17.0,0.4
202201221516,262.0,0.9
202201221530,319.0,0.4
202201221545,90.0,0.9
202201221600,263.0,1.3
202201221616,81.0,2.2
202201221630,92.0,0.9
202201221646,323.0,0.9
202201221701,287.0,0.9
202201221716,207.0,0.4
202201221746,283.0,0.9
202201221816,248.0,0.9
202201221833,263.0,0.9
202201221845,68.0,0.4
202201221900,,0.0
202201221915,139.0,0.4
202201221930,162.0,0.4
202201221945,279.0,1.3
202201222000,300.0,0.4
202201222015,351.0,0.9
202201222030,292.0,0.4
202201222046,40.0,0.9
202201222100,338.0,0.9
202201222115,296.0,0.9
202201222145,,0.0
202201222200,307.0,0.9
202201222216,307.0,0.9
202201222231,,0.0
202201222246,288.0,0.4
202201222300,,0.0
202201222316,,0.0
202201222330,,0.0
202201222346,,0.0
202201230001,,0.0
202201230016,,0.0
202201230046,,0.0
202201230101,,0.0
202201230116,,0.0
202201230131,,0.0
202201230146,,0.0
202201230216,5.0,0.4
202201230231,,0.0
202201230245,,0.0
202201230301,,0.0
202201230331,,0.0
202201230346,,0.0
202201230401,,0.0
202201230416,,0.0
202201230431,,0.0
202201230447,,0.0
202201230502,,0.0
202201230519,,0.0
202201230531,,0.0
202201230546,,0.0
202201230600,,0.0
202201230615,,0.0
202201230630,,0.0
202201230645,,0.0
202201230700,,0.0
202201230715,,0.0
202201230730,,0.0
202201230745,,0.0
202201230800,,0.0
202201230815,,0.0
202201230830,,0.0
202201230845,,0.0
202201230900,,0.0
202201230915,,0.0
202201230930,,0.0
202201230945,,0.0
202201231001,,0.0
202201231016,,0.0
202201231031,,0.0
202201231046,,0.0
202201231115,,0.0
202201231131,,0.0
202201231145,,0.0
202201231202,,0.0
202201231216,,0.0
202201231230,,0.0
202201231247,,0.0
202201231302,,0.0
202201231316,,0.0
202201231331,,0.0
202201231346,,0.0
202201231401,,0.0
202201231417,43.0,0.4
202201231430,126.0,0.4
202201231445,,0.0
202201231500,,0.0
202201231515,225.0,0.9
202201231531,118.0,0.9
202201231546,331.0,0.4
202201231600,196.0,0.9
202201231615,319.0,0.4
202201231631,286.0,0.4
202201231645,249.0,1.3
202201231701,309.0,1.3
202201231716,348.0,0.9
202201231732,301.0,1.3
202201231746,328.0,0.9
202201231801,210.0,0.4
202201231815,278.0,1.3
202201231830,213.0,1.3
202201231845,294.0,1.3
202201231900,147.0,0.4
202201231915,236.0,1.3
202201231930,233.0,0.9
202201231945,286.0,1.8
202201232001,236.0,1.3
202201232015,103.0,0.4
202201232031,330.0,0.9
202201232045,271.0,1.3
202201232100,259.0,1.8
202201232130,223.0,0.9
202201232145,161.0,0.4
202201232200,239.0,0.9
202201232216,241.0,0.9
202201232230,274.0,0.9
202201232246,290.0,0.4
202201232316,,0.0
202201232331,,0.0
202201232346,,0.0
202201240001,,0.0
202201240016,,0.0
202201240031,,0.0
202201240046,,0.0
202201240101,,0.0
202201240116,,0.0
202201240130,,0.0
202201240146,,0.0
202201240201,,0.0
202201240215,,0.0
202201240232,,0.0
202201240246,,0.0
202201240301,,0.0
202201240318,,0.0
202201240332,,0.0
202201240347,,0.0
202201240402,,0.0
202201240416,,0.0
202201240431,,0.0
202201240446,,0.0
202201240501,,0.0
202201240516,,0.0
202201240531,,0.0
202201240546,,0.0
202201240601,,0.0
202201240617,,0.0
202201240632,,0.0
202201240645,,0.0
202201240700,,0.0
202201240715,,0.0
202201240730,,0.0
202201240745,,0.0
202201240800,,0.0
202201240815,,0.0
202201240830,,0.0
202201240845,,0.0
202201240915,,0.0
202201240930,,0.0
202201240946,,0.0
202201241000,,0.0
202201241015,,0.0
202201241030,,0.0
202201241045,,0.0
202201241100,,0.0
202201241115,,0.0
202201241130,,0.0
202201241145,,0.0
202201241200,,0.0
202201241215,,0.0
202201241245,,0.0
202201241300,,0.0
202201241315,,0.0
202201241331,,0.0
202201241346,,0.0
202201241401,,0.0
202201241416,,0.0
202201241431,,0.0
202201241447,,0.0
202201241501,208.0,0.4
202201241517,,0.0
202201241530,196.0,0.4
202201241545,208.0,0.4
202201241600,242.0,0.4
202201241615,281.0,0.4
202201241630,150.0,0.9
202201241700,148.0,0.4
202201241715,205.0,1.8
202201241730,182.0,0.9
202201241746,304.0,1.3
202201241801,144.0,1.8
202201241816,163.0,1.8
202201241831,150.0,0.9
202201241901,229.0,1.8
202201241916,153.0,2.2
202201241930,172.0,0.9
202201241945,236.0,1.8
202201242000,254.0,0.9
202201242015,181.0,0.9
202201242045,184.0,2.2
202201242115,222.0,1.3
202201242130,148.0,1.3
202201242145,174.0,1.3
202201242200,167.0,0.4
202201242215,,0.0
202201242245,216.0,0.4
202201242315,159.0,0.4
202201242330,240.0,0.9
202201242345,202.0,0.4
202201250000,168.0,0.4
202201250015,,0.0
202201250030,,0.0
202201250045,,0.0
202201250101,,0.0
202201250116,,0.0
202201250130,,0.0
202201250200,,0.0
202201250231,,0.0
202201250245,,0.0
202201250316,,0.0
202201250330,,0.0
202201250345,,0.0
202201250401,,0.0
202201250416,,0.0
202201250430,,0.0
202201250445,,0.0
202201250500,,0.0
202201250515,,0.0
202201250530,,0.0
202201250546,,0.0
202201250601,,0.0
202201250615,,0.0
202201250631,,0.0
202201250646,,0.0
202201250701,,0.0
202201250716,,0.0
202201250730,,0.0
202201250802,,0.0
202201250816,,0.0
202201250830,,0.0
202201250845,,0.0
202201250902,,0.0
202201250917,,0.0
202201250932,,0.0
202201250947,,0.0
202201251002,,0.0
202201251015,,0.0
202201251030,,0.0
202201251100,,0.0
202201251115,,0.0
202201251130,,0.0
202201251145,,0.0
202201251200,,0.0
202201251230,,0.0
202201251245,,0.0
202201251300,,0.0
202201251315,,0.0
202201251330,,0.0
202201251345,,0.0
202201251400,,0.0
202201251415,,0.0
202201251430,,0.0
202201251445,,0.0
202201251502,,0.0
202201251516,,0.0
202201251530,,0.0
202201251546,157.0,0.4
202201251601,44.0,0.4
202201251616,184.0,0.4
202201251631,,0.0
202201251646,82.0,0.4
202201251702,278.0,0.9
202201251717,238.0,0.4
202201251730,290.0,0.4
202201251745,246.0,0.4
202201251801,265.0,0.4
202201251815,328.0,0.4
202201251830,355.0,0.9
202201251845,254.0,0.9
202201251900,284.0,0.9
202201251915,265.0,0.9
202201251930,269.0,0.9
202201251945,263.0,1.3
202201252000,309.0,1.3
202201252016,229.0,0.9
202201252030,305.0,0.9
202201252100,,0.0
202201252115,291.0,0.9
202201252130,248.0,0.9
202201252145,268.0,0.4
202201252215,,0.0
202201252230,,0.0
202201252245,22.0,0.4
202201252300,,0.0
202201252316,,0.0
202201252330,,0.0
202201252345,,0.0
202201260001,,0.0
202201260016,351.0,0.4
202201260030,355.0,0.4
202201260045,35.0,1.3
202201260101,5.0,1.3
202201260115,60.0,0.4
202201260131,97.0,0.4
202201260146,299.0,0.9
202201260201,,0.0
202201260216,326.0,0.9
202201260231,,0.0
202201260246,5.0,0.9
202201260301,340.0,1.3
202201260317,62.0,0.4
202201260332,0.0,0.9
202201260345,271.0,0.4
202201260400,78.0,0.4
202201260415,339.0,0.9
202201260430,216.0,0.4
202201260446,284.0,0.4
202201260500,82.0,0.4
202201260516,340.0,0.4
202201260531,355.0,0.9
202201260546,45.0,0.4
202201260600,341.0,0.4
202201260631,295.0,0.9
202201260645,333.0,0.4
202201260701,80.0,0.9
202201260716,68.0,0.4
202201260731,24.0,0.9
202201260746,59.0,0.4
202201260802,0.0,0.9
202201260816,355.0,0.9
202201260831,,0.0
202201260846,348.0,1.3
202201260901,,0.0
202201260915,333.0,0.4
202201260930,51.0,0.4
202201260945,,0.0
202201261000,346.0,1.8
202201261015,0.0,0.9
202201261032,5.0,0.9
202201261045,313.0,0.9
202201261100,311.0,0.4
202201261115,44.0,0.9
202201261200,312.0,0.4
202201261215,355.0,0.9
202201261230,346.0,0.9
202201261246,,0.0
202201261301,,0.0
202201261316,76.0,0.9
202201261331,337.0,0.4
202201261346,74.0,0.4
202201261402,297.0,0.4
202201261447,259.0,0.4
202201261500,242.0,0.9
202201261515,311.0,0.9
202201261530,34.0,0.9
202201261545,31.0,0.9
202201261600,298.0,1.8
202201261615,0.0,0.9
202201261630,328.0,1.3
202201261645,317.0,0.4
202201261700,0.0,0.9
202201261715,340.0,0.9
202201261730,279.0,1.3
202201261746,330.0,1.3
202201261800,19.0,1.3
202201261815,309.0,1.3
202201261831,24.0,0.9
202201261846,297.0,0.9
202201261900,5.0,1.3
202201261916,21.0,0.9
202201261931,12.0,0.9
202201261946,305.0,0.9
202201262001,312.0,1.8
202201262015,65.0,0.9
202201262033,102.0,0.4
202201262046,270.0,0.4
202201262102,355.0,0.9
202201262117,294.0,0.9
202201262131,49.0,1.3
202201262146,104.0,0.4
202201262202,55.0,0.4
202201262216,81.0,0.4
202201262232,46.0,0.4
202201262246,319.0,0.4
202201262302,,0.0
202201262316,,0.0
202201262332,,0.0
202201262347,,0.0
202201270002,,0.0
202201270016,,0.0
202201270030,,0.0
202201270045,,0.0
202201270100,0.0,0.4
202201270115,,0.0
202201270145,,0.0
202201270200,,0.0
202201270230,,0.0
202201270245,,0.0
202201270300,,0.0
202201270315,,0.0
202201270330,,0.0
202201270400,,0.0
202201270415,,0.0
202201270430,,0.0
202201270445,,0.0
202201270500,,0.0
202201270515,,0.0
202201270530,,0.0
202201270545,,0.0
202201270600,,0.0
202201270615,,0.0
202201270630,,0.0
202201270645,,0.0
202201270700,,0.0
202201270716,,0.0
202201270730,,0.0
202201270745,,0.0
202201270800,,0.0
202201270815,,0.0
202201270830,,0.0
202201270845,,0.0
202201270900,,0.0
202201270915,,0.0
202201270931,,0.0
202201270946,,0.0
202201271001,,0.0
202201271015,,0.0
202201271031,,0.0
202201271045,,0.0
202201271116,,0.0
202201271131,,0.0
202201271146,,0.0
202201271201,,0.0
202201271216,,0.0
202201271231,,0.0
202201271246,,0.0
202201271301,,0.0
202201271316,,0.0
202201271331,,0.0
202201271346,21.0,0.4
202201271401,48.0,0.4
202201271415,84.0,0.4
202201271430,74.0,0.4
202201271445,73.0,0.9
202201271500,,0.0
202201271515,91.0,0.4
202201271530,,0.0
202201271545,115.0,0.4
202201271600,148.0,0.9
202201271615,79.0,0.4
202201271630,88.0,1.8
202201271646,153.0,0.9
202201271717,153.0,0.9
202201271731,96.0,1.3
202201271746,87.0,1.8
202201271802,194.0,0.4
202201271815,313.0,0.4
202201271830,55.0,1.3
202201271845,190.0,0.4
202201271900,37.0,1.3
202201271915,141.0,0.9
202201271930,132.0,0.9
202201271945,64.0,1.3
202201272000,126.0,0.9
202201272015,115.0,1.3
202201272030,126.0,0.4
202201272045,92.0,0.9
202201272116,99.0,0.9
202201272130,,0.0
202201272146,71.0,0.4
202201272201,105.0,0.4
202201272216,,0.0
202201272231,,0.0
202201272246,,0.0
202201272302,,0.0
202201272316,,0.0
202201272331,,0.0
202201272345,,0.0
202201280001,,0.0
202201280017,,0.0
202201280031,,0.0
202201280046,,0.0
202201280116,,0.0
202201280131,,0.0
202201280146,,0.0
202201280201,,0.0
202201280216,,0.0
202201280231,,0.0
202201280246,,0.0
202201280302,,0.0
202201280317,,0.0
202201280331,,0.0
202201280346,,0.0
202201280402,,0.0
202201280447,,0.0
202201280501,,0.0
202201280517,,0.0
202201280532,,0.0
202201280546,,0.0
202201280602,,0.0
202201280615,,0.0
202201280630,,0.0
202201280645,,0.0
202201280700,68.0,0.4
202201280715,,0.0
202201280730,,0.0
202201280745,,0.0
202201280800,,0.0
202201280816,,0.0
202201280830,,0.0
202201280845,,0.0
202201280900,,0.0
202201280915,,0.0
202201280930,,0.0
202201280946,,0.0
202201281001,,0.0
202201281016,,0.0
202201281031,,0.0
202201281045,,0.0
202201281100,,0.0
202201281116,,0.0
202201281131,,0.0
202201281146,,0.0
202201281201,,0.0
202201281216,,0.0
202201281231,44.0,0.4
202201281246,,0.0
202201281301,,0.0
202201281316,94.0,0.4
202201281331,24.0,0.4
202201281347,346.0,0.9
202201281401,,0.0
202201281415,111.0,0.9
202201281430,,0.0
202201281445,157.0,0.4
202201281500,107.0,1.3
202201281515,283.0,1.3
202201281530,302.0,1.3
202201281601,185.0,1.3
202201281615,70.0,1.8
202201281630,288.0,1.3
202201281645,250.0,0.9
202201281700,328.0,0.9
202201281715,273.0,2.2
202201281732,28.0,2.7
202201281745,309.0,1.8
202201281801,257.0,3.1
202201281816,322.0,1.8
202201281831,266.0,0.9
202201281846,296.0,3.1
202201281901,26.0,1.8
202201281931,84.0,1.8
202201281946,329.0,1.8
202201282001,239.0,1.3
202201282016,300.0,1.3
202201282031,289.0,2.7
202201282047,242.0,1.3
202201282102,325.0,1.3
202201282115,298.0,1.3
202201282131,286.0,2.2
202201282147,252.0,2.2
202201282201,304.0,1.3
202201282216,108.0,1.8
202201282233,103.0,0.9
202201282246,318.0,1.8
202201282301,215.0,1.8
202201282316,261.0,2.7
202201282347,199.0,0.4
202201290002,73.0,0.4
202201290016,188.0,0.4
202201290032,283.0,0.4
202201290046,297.0,0.4
202201290102,142.0,0.4
202201290115,250.0,0.9
202201290130,291.0,2.7
202201290145,290.0,1.3
202201290200,319.0,0.9
202201290215,172.0,1.3
202201290230,146.0,2.2
202201290245,66.0,2.2
202201290300,117.0,0.9
202201290315,40.0,1.3
202201290330,327.0,2.2
202201290346,351.0,1.3
202201290400,85.0,2.2
202201290415,296.0,1.3
202201290430,263.0,0.9
202201290445,22.0,1.3
202201290500,347.0,2.2
202201290515,267.0,1.8
202201290545,197.0,1.3
202201290600,141.0,0.9
202201290616,19.0,2.7
202201290631,340.0,1.8
202201290647,293.0,0.9
202201290702,242.0,1.3
202201290716,5.0,0.4
202201290731,330.0,1.8
202201290746,190.0,0.9
202201290801,75.0,0.9
202201290830,103.0,1.3
202201290845,61.0,0.9
202201290900,221.0,0.4
202201290915,59.0,0.9
202201290930,83.0,0.4
202201290945,69.0,0.9
202201291000,271.0,1.3
202201291015,313.0,1.3
202201291030,109.0,1.3
202201291045,355.0,1.3
202201291100,253.0,0.4
202201291115,161.0,0.4
202201291131,119.0,0.9
202201291145,295.0,0.9
202201291201,268.0,0.4
202201291216,292.0,0.9
202201291232,25.0,0.4
202201291246,,0.0
202201291300,57.0,0.4
202201291316,74.0,0.4
202201291331,,0.0
202201291346,111.0,0.9
202201291401,0.0,0.4
202201291418,5.0,1.8
202201291431,113.0,1.3
202201291446,101.0,0.9
202201291500,323.0,0.4
202201291515,60.0,0.9
202201291530,223.0,0.9
202201291600,293.0,0.4
202201291615,303.0,1.3
202201291630,273.0,1.8
202201291645,252.0,0.4
202201291701,325.0,0.9
202201291715,136.0,0.4
202201291730,279.0,0.9
202201291746,211.0,1.8
202201291802,38.0,1.3
202201291816,315.0,0.9
202201291830,290.0,1.3
202201291846,132.0,0.9
202201291915,92.0,0.4
202201291931,277.0,0.9
202201291946,355.0,0.9
202201292001,300.0,2.2
202201292016,302.0,2.2
202201292034,272.0,0.4
202201292047,297.0,1.3
202201292101,144.0,1.3
202201292132,305.0,1.3
202201292147,289.0,0.9
202201292200,289.0,0.9
202201292215,262.0,0.9
202201292230,,0.0
202201292245,273.0,0.9
202201292300,,0.0
202201292315,,0.0
202201292330,,0.0
202201300000,,0.0
202201300015,,0.0
202201300030,,0.0
202201300045,,0.0
202201300100,,0.0
202201300115,,0.0
202201300145,,0.0
202201300200,,0.0
202201300215,,0.0
202201300230,,0.0
202201300245,,0.0
202201300315,,0.0
202201300345,,0.0
202201300400,,0.0
202201300415,,0.0
202201300430,,0.0
202201300445,,0.0
202201300500,,0.0
202201300515,,0.0
202201300531,,0.0
202201300546,,0.0
202201300601,,0.0
202201300616,,0.0
202201300646,,0.0
202201300701,,0.0
202201300715,,0.0
202201300731,,0.0
202201300746,,0.0
202201300801,,0.0
202201300816,,0.0
202201300830,,0.0
202201300846,,0.0
202201300901,,0.0
202201300917,,0.0
202201300930,,0.0
202201300946,,0.0
202201301001,,0.0
202201301018,,0.0
202201301031,,0.0
202201301045,,0.0
202201301100,,0.0
202201301115,,0.0
202201301130,,0.0
202201301145,,0.0
202201301200,,0.0
202201301215,,0.0
202201301230,,0.0
202201301245,,0.0
202201301300,,0.0
202201301315,,0.0
202201301330,,0.0
202201301346,,0.0
202201301400,,0.0
202201301415,211.0,0.4
202201301430,259.0,0.9
202201301446,218.0,1.8
202201301500,228.0,0.4
202201301517,248.0,0.9
202201301530,219.0,1.3
202201301546,165.0,0.9
202201301601,142.0,2.2
202201301616,156.0,1.3
202201301630,250.0,1.3
202201301645,167.0,0.9
202201301700,240.0,1.3
202201301715,217.0,1.8
202201301730,130.0,0.9
202201301745,259.0,0.9
202201301800,205.0,1.3
202201301815,290.0,1.3
202201301831,307.0,2.2
202201301846,265.0,0.9
202201301916,287.0,1.3
202201301931,166.0,1.3
202201301946,281.0,1.3
202201302001,144.0,1.8
202201302031,175.0,0.4
202201302046,202.0,1.3
202201302101,186.0,0.4
202201302116,232.0,0.9
202201302145,219.0,0.9
202201302200,217.0,2.2
202201302215,245.0,0.9
202201302230,211.0,0.9
202201302245,209.0,0.4
202201302300,,0.0
202201302315,,0.0
202201302330,,0.0
202201302345,,0.0
202201310030,,0.0
202201310045,,0.0
202201310100,,0.0
202201310115,,0.0
202201310130,,0.0
202201310145,,0.0
202201310200,,0.0
202201310215,,0.0
202201310230,,0.0
202201310245,,0.0
202201310300,,0.0
202201310315,,0.0
202201310331,,0.0
202201310345,,0.0
202201310400,,0.0
202201310415,,0.0
202201310430,,0.0
202201310500,,0.0
202201310515,,0.0
202201310530,,0.0
202201310545,,0.0
202201310600,,0.0
202201310615,,0.0
202201310630,,0.0
202201310646,,0.0
202201310701,,0.0
202201310715,,0.0
202201310730,,0.0
202201310746,,0.0
202201310801,,0.0
202201310817,,0.0
202201310831,,0.0
202201310845,,0.0
202201310901,,0.0
202201310916,,0.0
202201310932,,0.0
202201310946,,0.0
202201311002,,0.0
202201311016,,0.0
202201311030,,0.0
202201311046,,0.0
202201311101,,0.0
202201311116,,0.0
202201311130,,0.0
202201311145,,0.0
202201311200,,0.0
202201311215,,0.0
202201311230,,0.0
202201311245,,0.0
202201311300,,0.0
202201311315,,0.0
202201311400,,0.0
202201311415,,0.0
202201311430,,0.0
202201311445,,0.0
202201311500,196.0,0.4
202201311516,,0.0
202201311546,,0.0
202201311602,170.0,0.4
202201311615,,0.0
202201311645,,0.0
202201311700,267.0,0.4
202201311715,,0.0
202201311730,284.0,0.4
202201311746,93.0,0.9
202201311800,14.0,0.4
202201311815,,0.0
202201311830,171.0,0.9
202201311845,90.0,0.4
202201311900,220.0,0.9
202201311915,,0.0
202201311932,110.0,0.4
202201311946,191.0,0.4
202201312016,150.0,0.9
202201312031,,0.0
202201312045,138.0,0.9
202201312101,,0.0
202201312132,112.0,0.4
202201312145,,0.0
202201312202,67.0,0.9
202201312216,69.0,0.4
202201312230,,0.0
202201312246,,0.0
202201312300,,0.0
202201312317,,0.0
202201312332,,0.0
202201312346,,0.0
202202010001,67.0,0.4
202202010016,,0.0
202202010031,,0.0
202202010046,,0.0
202202010101,,0.0
202202010116,,0.0
202202010130,,0.0
202202010202,,0.0
202202010217,,0.0
202202010231,,0.0
202202010246,,0.0
202202010317,,0.0
202202010331,,0.0
202202010346,,0.0
202202010401,,0.0
202202010416,,0.0
202202010433,,0.0
202202010445,,0.0
202202010501,,0.0
202202010516,,0.0
202202010532,,0.0
202202010546,,0.0
202202010600,,0.0
202202010615,,0.0
202202010630,,0.0
202202010645,,0.0
202202010700,,0.0
202202010715,,0.0
202202010730,,0.0
202202010745,,0.0
202202010800,,0.0
202202010815,,0.0
202202010830,,0.0
202202010845,,0.0
202202010901,,0.0
202202010915,,0.0
202202010930,,0.0
202202010945,,0.0
202202011000,,0.0
202202011015,,0.0
202202011030,,0.0
202202011046,,0.0
202202011100,,0.0
202202011115,,0.0
202202011130,,0.0
202202011145,,0.0
202202011201,,0.0
202202011216,,0.0
202202011231,,0.0
202202011247,,0.0
202202011301,,0.0
202202011316,67.0,0.9
202202011333,,0.0
202202011347,74.0,0.4
202202011402,63.0,0.9
202202011415,74.0,0.4
202202011430,74.0,0.9
202202011500,,0.0
202202011515,144.0,0.9
202202011530,178.0,1.3
202202011545,90.0,0.9
202202011601,92.0,1.8
202202011616,221.0,1.8
202202011630,120.0,1.8
202202011645,154.0,1.8
202202011701,159.0,0.9
202202011716,137.0,1.8
202202011731,135.0,1.3
202202011746,86.0,2.2
202202011801,146.0,0.9
202202011815,162.0,2.2
202202011830,63.0,1.8
202202011845,128.0,2.2
202202011900,159.0,1.8
202202011915,121.0,1.8
202202011930,167.0,2.7
202202011945,177.0,1.8
202202012000,148.0,1.8
202202012015,154.0,3.1
202202012031,132.0,2.2
202202012045,111.0,1.3
202202012101,150.0,1.3
202202012115,139.0,1.8
202202012130,165.0,2.7
202202012145,172.0,1.3
202202012200,146.0,0.4
202202012215,113.0,1.8
202202012230,169.0,1.8
202202012245,119.0,0.4
202202012300,126.0,0.9
202202012315,141.0,0.9
202202012330,99.0,0.9
202202012345,101.0,0.4
202202020000,98.0,0.4
202202020015,128.0,0.9
202202020030,127.0,0.4
202202020045,123.0,1.3
202202020100,155.0,0.9
202202020115,142.0,1.3
202202020130,100.0,1.3
202202020145,134.0,1.3
202202020215,149.0,0.9
202202020230,105.0,0.4
202202020245,,0.0
202202020300,94.0,0.9
202202020315,27.0,0.9
202202020330,125.0,0.9
202202020345,162.0,0.9
202202020400,96.0,0.4
202202020430,105.0,0.4
202202020445,123.0,0.9
202202020500,24.0,2.2
202202020515,59.0,0.4
202202020545,125.0,0.4
202202020601,104.0,0.4
202202020616,107.0,2.2
202202020632,142.0,0.9
202202020646,170.0,0.4
202202020701,142.0,2.2
202202020716,50.0,1.3
202202020730,88.0,0.9
202202020746,146.0,0.9
202202020801,88.0,1.8
202202020816,106.0,1.8
202202020830,78.0,2.2
202202020845,120.0,1.8
202202020900,142.0,0.9
202202020915,103.0,1.3
202202020930,103.0,1.8
202202020945,76.0,1.3
202202021000,102.0,1.8
202202021015,89.0,1.3
202202021030,109.0,1.3
202202021045,131.0,1.8
202202021100,88.0,0.4
202202021130,103.0,1.8
202202021145,68.0,0.9
202202021200,124.0,1.3
202202021230,90.0,1.3
202202021245,150.0,1.3
202202021300,161.0,1.8
202202021315,105.0,0.9
202202021331,153.0,1.8
202202021346,126.0,1.3
202202021401,140.0,1.3
202202021415,136.0,1.8
202202021431,148.0,0.4
202202021445,109.0,1.3
202202021501,169.0,2.7
202202021515,186.0,1.3
202202021531,130.0,1.8
202202021546,163.0,1.8
202202021602,146.0,1.8
202202021615,157.0,0.4
202202021630,157.0,3.1
202202021645,139.0,1.3
202202021700,109.0,1.8
202202021715,146.0,1.3
202202021730,157.0,2.2
202202021745,75.0,1.3
202202021800,122.0,0.9
202202021815,164.0,1.3
202202021830,122.0,1.3
202202021900,119.0,0.9
202202021915,62.0,0.9
202202021930,,0.0
202202021945,123.0,0.4
202202022000,115.0,0.4
202202022015,119.0,0.4
202202022030,82.0,0.4
202202022046,126.0,0.4
202202022101,103.0,0.4
202202022115,,0.0
202202022130,,0.0
202202022145,297.0,0.4
202202022200,63.0,0.4
202202022215,74.0,0.9
202202022230,153.0,0.9
202202022245,,0.0
202202022300,96.0,0.4
202202022316,57.0,0.4
202202022331,,0.0
202202022346,207.0,1.3
202202030001,109.0,1.3
202202030016,163.0,0.9
202202030030,162.0,0.4
202202030046,32.0,0.9
202202030101,,0.0
202202030115,89.0,0.9
202202030146,15.0,0.4
202202030201,290.0,0.9
202202030216,,0.0
202202030232,,0.0
202202030245,,0.0
202202030301,312.0,0.4
202202030316,306.0,0.4
202202030330,261.0,0.4
202202030346,,0.0
202202030401,,0.0
202202030416,,0.0
202202030431,,0.0
202202030446,,0.0
202202030501,,0.0
202202030516,,0.0
202202030530,,0.0
202202030545,,0.0
202202030600,,0.0
202202030615,,0.0
202202030630,48.0,0.4
202202030645,,0.0
202202030700,74.0,0.4
202202030715,64.0,0.9
202202030730,,0.0
202202030745,34.0,0.4
202202030800,,0.0
202202030815,80.0,0.4
202202030830,90.0,0.9
202202030845,102.0,1.3
202202030900,144.0,0.4
202202030915,165.0,0.9
202202030930,92.0,1.3
202202030945,259.0,0.9
202202031000,126.0,0.9
202202031015,103.0,1.3
202202031030,129.0,1.3
202202031100,175.0,1.8
202202031115,144.0,1.3
202202031130,131.0,0.4
202202031145,154.0,2.2
202202031200,124.0,1.8
202202031230,111.0,1.8
202202031245,139.0,0.9
202202031300,136.0,1.3
202202031315,,0.0
202202031345,123.0,0.4
202202031400,123.0,1.3
202202031416,238.0,0.9
202202031431,146.0,0.9
202202031501,157.0,0.9
202202031517,118.0,1.3
202202031530,152.0,1.8
202202031546,127.0,1.8
202202031600,113.0,0.4
202202031615,144.0,1.8
202202031630,128.0,1.8
202202031645,126.0,1.8
202202031700,171.0,0.9
202202031715,90.0,2.2
202202031730,86.0,1.8
202202031745,180.0,1.8
202202031800,129.0,3.1
202202031830,148.0,1.3
202202031845,105.0,2.7
202202031900,123.0,1.3
202202031915,151.0,2.2
202202031930,113.0,1.3
202202031946,140.0,1.3
202202032000,138.0,1.8
202202032015,167.0,1.3
202202032030,78.0,1.8
202202032045,175.0,2.2
202202032100,174.0,2.2
202202032116,137.0,3.6
202202032130,136.0,3.1
202202032145,185.0,2.2
202202032201,257.0,1.8
202202032216,215.0,1.3
202202032230,179.0,2.7
202202032246,191.0,1.3
202202032301,135.0,2.7
202202032316,167.0,0.4
202202032332,126.0,0.9
202202032346,150.0,0.4
202202040000,144.0,1.3
202202040016,195.0,0.9
202202040031,240.0,0.9
202202040046,268.0,0.4
202202040100,259.0,0.4
202202040115,285.0,0.9
202202040130,245.0,1.3
202202040200,242.0,1.3
202202040215,126.0,0.9
202202040230,18.0,1.3
202202040245,211.0,0.4
202202040300,238.0,1.3
202202040315,92.0,0.9
202202040330,312.0,0.9
202202040345,317.0,0.4
202202040400,,0.0
202202040415,209.0,0.4
202202040430,304.0,0.9
202202040445,260.0,0.4
202202040502,291.0,0.4
202202040530,194.0,0.4
202202040545,262.0,0.9
202202040600,67.0,0.4
202202040615,,0.0
202202040631,,0.0
202202040700,269.0,0.4
202202040716,232.0,0.4
202202040731,270.0,0.4
202202040746,342.0,0.9
202202040800,173.0,0.4
202202040815,205.0,0.9
202202040830,,0.0
202202040845,296.0,0.4
202202040901,278.0,0.9
202202040915,342.0,1.3
202202040930,254.0,0.4
202202040945,311.0,1.3
202202041000,41.0,0.9
202202041015,327.0,0.4
202202041030,327.0,0.4
202202041045,300.0,0.4
202202041100,201.0,0.4
202202041115,213.0,0.9
202202041130,13.0,0.4
202202041200,292.0,1.8
202202041215,281.0,1.3
202202041230,355.0,0.9
202202041245,269.0,0.4
202202041315,228.0,0.4
202202041331,279.0,0.4
202202041345,324.0,0.4
202202041400,276.0,0.9
202202041415,287.0,0.4
202202041431,16.0,1.3
202202041445,46.0,0.4
202202041500,289.0,0.9
202202041516,236.0,1.3
202202041530,339.0,0.9
202202041545,238.0,0.9
202202041600,41.0,0.4
202202041615,325.0,0.9
202202041630,,0.0
202202041645,101.0,0.4
202202041700,86.0,0.4
202202041715,300.0,0.9
202202041730,290.0,0.4
202202041745,330.0,0.9
202202041800,284.0,1.3
202202041815,225.0,0.4
202202041830,284.0,0.4
202202041845,334.0,0.9
202202041900,281.0,0.9
202202041915,261.0,1.8
202202041930,305.0,0.9
202202041945,188.0,1.3
202202042000,,0.0
202202042015,133.0,0.9
202202042030,301.0,1.8
202202042045,345.0,0.9
202202042100,290.0,0.9
202202042115,309.0,0.9
202202042131,,0.0
202202042145,57.0,0.9
202202042200,302.0,1.3
202202042215,293.0,1.3
202202042230,319.0,0.4
202202042245,286.0,1.3
202202042300,54.0,0.4
202202042316,,0.0
202202042331,277.0,0.4
202202042345,296.0,0.9
202202050001,292.0,1.3
202202050015,19.0,0.9
202202050045,73.0,0.9
202202050100,315.0,0.9
202202050115,307.0,0.9
202202050130,38.0,1.3
202202050200,36.0,1.3
202202050215,300.0,1.3
202202050230,312.0,1.3
202202050245,346.0,0.9
202202050300,18.0,1.3
202202050316,151.0,1.3
202202050330,315.0,1.3
202202050345,213.0,0.4
202202050400,30.0,1.3
202202050415,117.0,0.9
202202050445,32.0,0.9
202202050515,,0.0
202202050530,351.0,0.9
202202050545,348.0,0.9
202202050600,38.0,0.9
202202050631,242.0,0.4
202202050645,313.0,1.3
202202050701,90.0,0.9
202202050716,,0.0
202202050731,,0.0
202202050746,329.0,0.9
202202050801,91.0,0.4
202202050816,16.0,0.9
202202050831,,0.0
202202050846,,0.0
202202050900,45.0,0.4
202202050915,,0.0
202202050930,,0.0
202202050945,,0.0
202202051000,71.0,0.4
202202051015,282.0,0.4
202202051045,,0.0
202202051100,351.0,0.4
202202051115,,0.0
202202051130,,0.0
202202051145,273.0,0.4
202202051215,,0.0
202202051230,,0.0
202202051245,,0.0
202202051301,,0.0
202202051315,,0.0
202202051330,5.0,0.4
202202051345,279.0,0.9
202202051401,21.0,1.3
202202051415,343.0,1.3
202202051431,56.0,0.9
202202051446,302.0,0.4
202202051500,70.0,0.4
202202051516,335.0,0.9
202202051530,318.0,0.9
202202051545,33.0,1.3
202202051600,189.0,0.4
202202051615,309.0,1.3
202202051630,279.0,1.3
202202051645,74.0,0.9
202202051700,355.0,1.3
202202051715,121.0,0.9
202202051730,0.0,1.3
202202051745,244.0,0.4
202202051800,286.0,1.3
202202051816,47.0,1.3
202202051831,298.0,1.3
202202051846,319.0,1.3
202202051901,345.0,2.2
202202051916,227.0,0.4
202202051931,36.0,1.3
202202051946,311.0,0.9
202202052001,265.0,0.9
202202052019,49.0,0.9
202202052030,46.0,1.8
202202052045,263.0,1.3
202202052100,5.0,0.9
202202052115,25.0,1.3
202202052130,232.0,0.9
202202052145,16.0,0.4
202202052200,319.0,0.4
202202052215,355.0,0.4
202202052230,5.0,0.9
202202052245,,0.0
202202052300,296.0,0.4
202202052315,,0.0
202202052330,,0.0
202202052345,,0.0
202202060000,,0.0
202202060015,,0.0
202202060030,,0.0
202202060045,,0.0
202202060100,,0.0
202202060115,,0.0
202202060130,,0.0
202202060145,,0.0
202202060200,,0.0
202202060215,,0.0
202202060230,,0.0
202202060300,,0.0
202202060315,,0.0
202202060330,,0.0
202202060345,,0.0
202202060400,,0.0
202202060415,,0.0
202202060430,,0.0
202202060445,,0.0
202202060500,,0.0
202202060515,,0.0
202202060545,,0.0
202202060600,,0.0
202202060615,,0.0
202202060631,,0.0
202202060645,,0.0
202202060700,,0.0
202202060715,,0.0
202202060731,,0.0
202202060746,,0.0
202202060800,,0.0
202202060816,,0.0
202202060830,,0.0
202202060846,,0.0
202202060900,,0.0
202202060916,,0.0
202202060931,,0.0
202202060946,,0.0
202202061001,,0.0
202202061016,,0.0
202202061031,,0.0
202202061046,,0.0
202202061101,,0.0
202202061115,,0.0
202202061130,,0.0
202202061145,,0.0
202202061200,,0.0
202202061215,,0.0
202202061230,,0.0
202202061245,,0.0
202202061300,,0.0
202202061315,,0.0
202202061330,,0.0
202202061400,,0.0
202202061415,78.0,0.4
202202061430,79.0,0.4
202202061446,,0.0
202202061500,128.0,0.9
202202061515,139.0,1.3
202202061546,67.0,0.4
202202061600,153.0,0.9
202202061616,158.0,1.3
202202061630,,0.0
202202061645,168.0,0.9
202202061700,120.0,0.9
202202061715,119.0,0.9
202202061730,170.0,0.4
202202061745,120.0,1.3
202202061800,239.0,1.3
202202061815,139.0,0.9
202202061830,190.0,0.9
202202061845,159.0,0.9
202202061901,71.0,1.8
202202061915,130.0,1.3
202202061930,84.0,0.9
202202062001,61.0,1.3
202202062016,148.0,0.4
202202062031,326.0,0.9
202202062046,134.0,0.9
202202062100,155.0,0.9
202202062117,68.0,0.4
202202062131,61.0,0.9
202202062145,62.0,0.4
202202062201,70.0,0.4
202202062216,,0.0
202202062231,84.0,0.4
202202062246,,0.0
202202062301,,0.0
202202062315,,0.0
202202062330,,0.0
202202062345,,0.0
202202070000,,0.0
202202070015,,0.0
202202070030,,0.0
202202070045,,0.0
202202070100,,0.0
202202070115,,0.0
202202070130,,0.0
202202070145,,0.0
202202070200,,0.0
202202070215,,0.0
202202070230,,0.0
202202070245,,0.0
202202070300,,0.0
202202070315,,0.0
202202070330,,0.0
202202070345,,0.0
202202070400,,0.0
202202070415,,0.0
202202070430,,0.0
202202070445,,0.0
202202070500,,0.0
202202070515,,0.0
202202070530,,0.0
202202070545,,0.0
202202070600,,0.0
202202070615,,0.0
202202070645,,0.0
202202070700,,0.0
202202070716,,0.0
202202070731,,0.0
202202070745,,0.0
202202070800,,0.0
202202070815,,0.0
202202070830,,0.0
202202070845,,0.0
202202070900,,0.0
202202070915,,0.0
202202070930,,0.0
202202070946,,0.0
202202071001,,0.0
202202071015,,0.0
202202071030,,0.0
202202071046,,0.0
202202071100,,0.0
202202071116,,0.0
202202071131,,0.0
202202071145,,0.0
202202071201,,0.0
202202071216,,0.0
202202071233,,0.0
202202071245,,0.0
202202071300,,0.0
202202071315,,0.0
202202071330,,0.0
202202071345,77.0,0.9
202202071400,,0.0
202202071415,,0.0
202202071430,77.0,0.4
202202071445,,0.0
202202071500,78.0,0.4
202202071515,,0.0
202202071530,76.0,0.4
202202071546,,0.0
202202071601,,0.0
202202071615,78.0,0.9
202202071630,304.0,0.9
202202071646,316.0,0.4
202202071700,,0.0
202202071716,153.0,0.4
202202071731,150.0,0.4
202202071745,340.0,0.4
202202071800,258.0,0.9
202202071815,,0.0
202202071830,105.0,0.9
202202071900,185.0,0.4
202202071945,273.0,0.4
202202072000,,0.0
202202072015,229.0,0.9
202202072030,271.0,0.4
202202072100,292.0,0.9
202202072115,340.0,0.9
202202072130,284.0,0.9
202202072145,,0.0
202202072200,259.0,0.4
202202072215,294.0,1.3
202202072245,286.0,1.3
202202072300,279.0,0.4
202202072315,267.0,0.4
202202072330,,0.0
202202072345,,0.0
202202080000,,0.0
202202080015,,0.0
202202080031,,0.0
202202080046,,0.0
202202080100,,0.0
202202080130,,0.0
202202080145,,0.0
202202080201,,0.0
202202080215,,0.0
202202080230,,0.0
202202080245,,0.0
202202080300,,0.0
202202080315,,0.0
202202080330,,0.0
202202080345,,0.0
202202080401,,0.0
202202080415,,0.0
202202080431,,0.0
202202080446,,0.0
202202080501,,0.0
202202080515,,0.0
202202080547,,0.0
202202080601,,0.0
202202080616,,0.0
202202080631,,0.0
202202080648,,0.0
202202080700,,0.0
202202080715,,0.0
202202080730,,0.0
202202080745,,0.0
202202080800,,0.0
202202080815,,0.0
202202080830,,0.0
202202080845,,0.0
202202080900,,0.0
202202080915,,0.0
202202080930,,0.0
202202080945,,0.0
202202081000,,0.0
202202081015,,0.0
202202081030,,0.0
202202081045,,0.0
202202081100,,0.0
202202081115,,0.0
202202081130,277.0,0.4
202202081145,,0.0
202202081200,,0.0
202202081215,,0.0
202202081231,,0.0
202202081245,,0.0
202202081300,,0.0
202202081315,,0.0
202202081330,,0.0
202202081346,,0.0
202202081402,74.0,0.4
202202081416,,0.0
202202081431,83.0,0.4
202202081445,69.0,0.4
202202081500,98.0,1.3
202202081515,79.0,0.4
202202081530,82.0,1.3
202202081545,109.0,0.4
202202081600,61.0,0.4
202202081615,95.0,2.2
202202081630,19.0,0.4
202202081645,320.0,0.4
202202081700,232.0,0.9
202202081715,252.0,0.4
202202081730,109.0,0.4
202202081746,51.0,0.4
202202081800,267.0,1.8
202202081815,95.0,0.9
202202081831,271.0,0.9
202202081846,18.0,0.9
202202081901,136.0,0.9
202202081916,330.0,0.9
202202081930,257.0,1.3
202202081945,292.0,0.4
202202082015,355.0,0.9
202202082030,98.0,0.9
202202082045,236.0,0.9
202202082100,288.0,0.4
202202082115,202.0,0.9
202202082130,301.0,0.9
202202082145,53.0,0.4
202202082200,327.0,0.9
202202082215,12.0,0.4
202202082245,,0.0
202202082300,,0.0
202202082315,,0.0
202202082330,,0.0
202202082345,,0.0
202202090000,,0.0
202202090015,,0.0
202202090030,,0.0
202202090045,,0.0
202202090100,,0.0
202202090115,284.0,0.4
202202090131,,0.0
202202090146,,0.0
202202090200,,0.0
202202090215,,0.0
202202090230,,0.0
202202090246,,0.0
202202090300,,0.0
202202090315,,0.0
202202090330,,0.0
202202090345,,0.0
202202090400,,0.0
202202090416,,0.0
202202090431,,0.0
202202090500,,0.0
202202090515,,0.0
202202090531,,0.0
202202090546,,0.0
202202090601,,0.0
202202090615,,0.0
202202090630,,0.0
202202090645,,0.0
202202090700,,0.0
202202090715,,0.0
202202090731,,0.0
202202090746,,0.0
202202090800,,0.0
202202090816,,0.0
202202090831,,0.0
202202090846,,0.0
202202090901,,0.0
202202090930,,0.0
202202090945,,0.0
202202091000,,0.0
202202091015,,0.0
202202091030,,0.0
202202091045,,0.0
202202091115,,0.0
202202091130,,0.0
202202091145,,0.0
202202091200,,0.0
202202091215,,0.0
202202091245,,0.0
202202091315,,0.0
202202091330,,0.0
202202091345,,0.0
202202091401,,0.0
202202091415,,0.0
202202091445,109.0,0.4
202202091500,278.0,0.9
202202091516,177.0,0.4
202202091532,189.0,0.4
202202091546,169.0,1.3
202202091600,267.0,1.3
202202091615,308.0,0.4
202202091630,184.0,0.9
202202091645,155.0,1.8
202202091715,161.0,2.2
202202091730,261.0,0.4
202202091800,238.0,2.2
202202091815,281.0,2.2
202202091830,226.0,2.2
202202091845,250.0,2.7
202202091901,138.0,0.9
202202091916,279.0,1.3
202202091930,171.0,1.3
202202092031,279.0,1.8
202202092046,238.0,0.9
202202092101,216.0,1.3
202202092115,248.0,1.8
202202092116,324.0,1.3
202202092130,226.0,0.9
202202092145,259.0,1.3
202202092200,160.0,0.4
202202092215,238.0,0.9
202202092230,229.0,1.3
202202092245,244.0,1.3
202202092300,261.0,0.9
202202092315,225.0,0.4
202202092330,,0.0
202202092345,,0.0
202202100000,,0.0
202202100015,,0.0
202202100030,,0.0
202202100045,,0.0
202202100115,,0.0
202202100130,,0.0
202202100145,,0.0
202202100200,,0.0
202202100215,,0.0
202202100230,,0.0
202202100245,,0.0
202202100300,,0.0
202202100315,,0.0
202202100330,,0.0
202202100345,,0.0
202202100400,,0.0
202202100415,,0.0
202202100430,,0.0
202202100445,,0.0
202202100500,,0.0
202202100515,,0.0
202202100530,,0.0
202202100545,,0.0
202202100600,,0.0
202202100616,,0.0
202202100630,,0.0
202202100645,,0.0
202202100715,,0.0
202202100730,,0.0
202202100745,,0.0
202202100800,,0.0
202202100816,,0.0
202202100830,,0.0
202202100846,,0.0
202202100901,,0.0
202202100916,,0.0
202202100930,,0.0
202202100946,,0.0
202202101001,,0.0
202202101015,,0.0
202202101030,,0.0
202202101046,,0.0
202202101100,,0.0
202202101101,,0.0
202202101115,,0.0
202202101130,,0.0
202202101200,,0.0
202202101215,,0.0
202202101230,,0.0
202202101300,,0.0
202202101315,,0.0
202202101330,,0.0
202202101345,,0.0
202202101400,,0.0
202202101415,,0.0
202202101430,,0.0
202202101445,,0.0
202202101500,136.0,0.4
202202101515,150.0,0.4
202202101531,124.0,0.4
202202101546,,0.0
202202101601,150.0,0.4
202202101615,163.0,0.4
202202101630,142.0,0.9
202202101645,159.0,0.9
202202101700,204.0,0.9
202202101715,265.0,0.9
202202101730,284.0,0.9
202202101801,230.0,1.3
202202101815,257.0,0.9
202202101830,196.0,0.4
202202101846,269.0,0.9
202202101900,173.0,1.3
202202101916,160.0,0.9
202202101930,191.0,1.8
202202101945,228.0,1.3
202202102001,257.0,1.8
202202102030,211.0,0.9
202202102101,296.0,2.2
202202102115,127.0,0.9
202202102130,261.0,1.3
202202102145,203.0,0.4
202202102201,261.0,1.3
202202102216,205.0,1.3
202202102230,144.0,0.4
202202102301,228.0,0.4
202202102315,,0.0
202202102330,,0.0
202202102346,,0.0
202202110000,,0.0
202202110016,,0.0
202202110031,,0.0
202202110046,,0.0
202202110101,,0.0
202202110116,,0.0
202202110200,,0.0
202202110215,,0.0
202202110230,,0.0
202202110245,,0.0
202202110300,,0.0
202202110315,,0.0
202202110330,,0.0
202202110345,,0.0
202202110400,,0.0
202202110415,,0.0
202202110430,,0.0
202202110445,,0.0
202202110500,,0.0
202202110515,,0.0
202202110530,,0.0
202202110545,,0.0
202202110600,,0.0
202202110615,,0.0
202202110630,,0.0
202202110645,,0.0
202202110700,,0.0
202202110715,,0.0
202202110730,,0.0
202202110745,,0.0
202202110800,,0.0
202202110815,,0.0
202202110830,,0.0
202202110846,,0.0
202202110900,,0.0
202202110916,,0.0
202202110930,,0.0
202202110945,,0.0
202202111000,,0.0
202202111030,,0.0
202202111100,,0.0
202202111115,,0.0
202202111145,,0.0
202202111200,,0.0
202202111216,,0.0
202202111245,,0.0
202202111316,,0.0
202202111345,,0.0
202202111400,,0.0
202202111415,,0.0
202202111430,,0.0
202202111445,,0.0
202202111500,,0.0
202202111515,268.0,0.4
202202111545,160.0,1.8
202202111615,225.0,1.3
202202111630,267.0,0.4
202202111646,169.0,0.4
202202111716,223.0,1.3
202202111730,217.0,2.2
202202111745,175.0,1.3
202202111800,176.0,1.3
202202111815,213.0,2.7
202202111830,158.0,1.8
202202111845,192.0,1.8
202202111900,146.0,1.3
202202111915,160.0,1.8
202202111930,329.0,0.9
202202111945,135.0,1.3
202202112000,140.0,0.9
202202112015,167.0,0.4
202202112030,198.0,2.2
202202112045,252.0,1.8
202202112101,227.0,1.3
202202112115,201.0,1.3
202202112130,198.0,1.8
202202112145,185.0,1.3
202202112200,150.0,1.8
202202112215,157.0,2.2
202202112245,273.0,1.3
202202112301,192.0,0.9
202202112315,209.0,0.4
202202112331,,0.0
202202112345,,0.0
202202120000,,0.0
202202120015,,0.0
202202120031,,0.0
202202120045,,0.0
202202120101,,0.0
202202120115,,0.0
202202120131,,0.0
202202120145,,0.0
202202120200,,0.0
202202120216,,0.0
202202120230,,0.0
202202120245,,0.0
202202120302,,0.0
202202120315,,0.0
202202120330,,0.0
202202120345,,0.0
202202120400,,0.0
202202120415,302.0,0.4
202202120431,162.0,0.4
202202120445,,0.0
202202120500,,0.0
202202120515,,0.0
202202120530,,0.0
202202120547,,0.0
202202120601,,0.0
202202120616,,0.0
202202120630,,0.0
202202120645,,0.0
202202120700,,0.0
202202120715,,0.0
202202120730,,0.0
202202120745,,0.0
202202120800,,0.0
202202120815,,0.0
202202120830,,0.0
202202120845,,0.0
202202120916,,0.0
202202120945,,0.0
202202121000,,0.0
202202121016,197.0,0.4
202202121030,,0.0
202202121045,197.0,0.4
202202121100,,0.0
202202121115,,0.0
202202121130,,0.0
202202121145,,0.0
202202121200,,0.0
202202121216,,0.0
202202121230,,0.0
202202121246,313.0,0.9
202202121301,,0.0
202202121316,,0.0
202202121331,,0.0
202202121346,,0.0
202202121400,,0.0
202202121415,138.0,0.4
202202121430,139.0,0.4
202202121445,250.0,0.4
202202121500,296.0,0.9
202202121515,340.0,0.9
202202121530,17.0,0.4
202202121545,327.0,0.9
202202121600,57.0,0.4
202202121615,275.0,0.9
202202121631,297.0,0.4
202202121645,265.0,1.3
202202121700,69.0,0.4
202202121715,57.0,0.4
202202121731,355.0,0.9
202202121746,188.0,0.4
202202121800,163.0,0.4
202202121815,350.0,0.9
202202121816,331.0,1.3
202202121830,355.0,0.4
202202121845,330.0,0.4
202202121900,80.0,0.9
202202121930,313.0,0.9
202202121945,18.0,0.9
202202122000,315.0,0.9
202202122015,284.0,0.4
202202122030,59.0,0.9
202202122045,321.0,1.3
202202122100,238.0,0.9
202202122130,329.0,1.3
202202122145,266.0,0.9
202202122200,315.0,1.3
202202122215,5.0,0.9
202202122230,311.0,0.9
202202122245,71.0,0.9
202202122300,31.0,0.4
202202122315,113.0,1.3
202202122330,63.0,0.9
202202122345,40.0,0.9
202202130000,317.0,0.9
202202130015,40.0,0.4
202202130030,52.0,0.9
202202130100,48.0,0.4
202202130115,15.0,0.4
202202130130,0.0,1.3
202202130145,319.0,1.8
202202130200,94.0,0.4
202202130215,25.0,0.4
202202130230,40.0,2.2
202202130245,,0.0
202202130300,355.0,0.9
202202130315,303.0,0.9
202202130330,32.0,1.3
202202130345,44.0,0.4
202202130400,24.0,1.3
202202130416,300.0,0.9
202202130431,337.0,0.9
202202130445,321.0,0.9
202202130501,294.0,0.9
202202130515,13.0,1.3
202202130531,341.0,0.9
202202130546,344.0,1.3
202202130601,0.0,0.9
202202130615,61.0,0.9
202202130630,30.0,0.4
202202130645,61.0,0.4
202202130700,0.0,0.4
202202130715,244.0,0.9
202202130730,13.0,1.3
202202130745,280.0,1.3
202202130800,72.0,0.4
202202130815,14.0,0.9
202202130845,5.0,0.9
202202130900,321.0,0.4
202202130915,292.0,0.9
202202130930,47.0,0.4
202202130945,28.0,0.9
202202131000,46.0,0.9
202202131015,32.0,0.9
202202131045,5.0,0.4
202202131100,38.0,0.4
202202131115,61.0,0.9
202202131130,347.0,0.9
202202131145,323.0,0.9
202202131200,277.0,0.4
202202131215,292.0,0.9
202202131230,261.0,1.8
202202131245,193.0,0.9
202202131301,271.0,1.8
202202131316,0.0,1.3
202202131331,322.0,1.3
202202131345,287.0,0.4
202202131400,205.0,1.8
202202131415,327.0,0.9
202202131430,313.0,0.4
202202131445,279.0,1.3
202202131500,171.0,0.4
202202131515,29.0,1.3
202202131545,355.0,1.8
202202131600,349.0,0.9
202202131615,107.0,0.9
202202131630,221.0,1.3
202202131645,32.0,1.8
202202131701,291.0,2.2
202202131716,175.0,1.3
202202131730,292.0,0.9
202202131745,349.0,0.9
202202131830,288.0,0.9
202202131845,337.0,2.2
202202131915,119.0,0.4
202202131945,50.0,1.3
202202132000,277.0,0.4
202202132015,271.0,1.3
202202132030,222.0,1.3
202202132045,214.0,1.8
202202132100,215.0,1.3
202202132115,205.0,1.8
202202132130,268.0,1.8
202202132145,215.0,0.9
202202132200,296.0,0.4
202202132215,250.0,0.9
202202132230,249.0,0.4
202202132246,96.0,0.4
202202132300,315.0,1.3
202202132315,276.0,0.4
202202132330,,0.0
202202132346,,0.0
202202140000,,0.0
202202140015,,0.0
202202140030,,0.0
202202140045,,0.0
202202140100,,0.0
202202140115,,0.0
202202140130,,0.0
202202140146,,0.0
202202140200,,0.0
202202140215,282.0,0.4
202202140231,,0.0
202202140245,246.0,0.4
202202140300,,0.0
202202140315,,0.0
202202140330,,0.0
202202140345,,0.0
202202140400,,0.0
202202140415,,0.0
202202140430,,0.0
202202140445,,0.0
202202140500,,0.0
202202140516,,0.0
202202140530,,0.0
202202140545,,0.0
202202140601,,0.0
202202140615,,0.0
202202140631,,0.0
202202140646,,0.0
202202140700,,0.0
202202140715,,0.0
202202140730,,0.0
202202140746,,0.0
202202140801,,0.0
202202140830,,0.0
202202140900,,0.0
202202140930,,0.0
202202141015,,0.0
202202141030,,0.0
202202141100,,0.0
202202141115,,0.0
202202141145,,0.0
202202141200,,0.0
202202141215,,0.0
202202141245,,0.0
202202141301,,0.0
202202141330,,0.0
202202141345,,0.0
202202141401,,0.0
202202141415,188.0,0.4
202202141445,161.0,0.4
202202141515,155.0,0.4
202202141530,227.0,0.9
202202141545,150.0,0.4
202202141601,294.0,0.9
202202141615,189.0,0.9
202202141631,275.0,1.3
202202141646,307.0,0.4
202202141715,80.0,0.4
202202141745,292.0,0.4
202202141800,262.0,1.3
202202141815,219.0,0.4
202202141830,144.0,0.9
202202141845,53.0,1.3
202202141900,170.0,0.4
202202141915,157.0,0.4
202202141930,152.0,1.3
202202141945,207.0,0.4
202202142000,136.0,0.4
202202142015,157.0,0.9
202202142031,264.0,0.9
202202142045,211.0,0.9
202202142100,208.0,1.3
202202142116,,0.0
202202142130,,0.0
202202142145,328.0,0.4
202202142200,259.0,0.4
202202142215,299.0,0.4
202202142231,152.0,0.4
202202142245,,0.0
202202142300,234.0,0.4
202202142315,,0.0
202202142330,,0.0
202202150000,,0.0
202202150016,,0.0
202202150031,,0.0
202202150045,,0.0
202202150100,,0.0
202202150116,,0.0
202202150130,,0.0
202202150146,,0.0
202202150201,,0.0
202202150216,,0.0
202202150231,,0.0
202202150245,,0.0
202202150315,,0.0
202202150330,,0.0
202202150345,,0.0
202202150401,,0.0
202202150416,,0.0
202202150432,,0.0
202202150445,,0.0
202202150501,,0.0
202202150545,,0.0
202202150600,,0.0
202202150615,,0.0
202202150631,,0.0
202202150645,,0.0
202202150700,,0.0
202202150715,,0.0
202202150730,,0.0
202202150745,,0.0
202202150800,,0.0
202202150815,,0.0
202202150830,,0.0
202202150845,,0.0
202202150900,,0.0
202202150915,,0.0
202202150930,,0.0
202202150945,,0.0
202202151000,,0.0
202202151015,,0.0
202202151030,,0.0
202202151045,,0.0
202202151100,,0.0
202202151115,,0.0
202202151130,,0.0
202202151145,,0.0
202202151200,,0.0
202202151215,,0.0
202202151230,,0.0
202202151246,,0.0
202202151300,,0.0
202202151316,,0.0
202202151330,,0.0
202202151346,,0.0
202202151401,,0.0
202202151415,,0.0
202202151430,,0.0
202202151445,152.0,0.4
202202151500,,0.0
202202151515,151.0,0.4
202202151530,,0.0
202202151545,150.0,0.4
202202151600,,0.0
202202151615,174.0,0.4
202202151630,164.0,1.8
202202151645,229.0,0.9
202202151700,135.0,0.9
202202151715,118.0,1.8
202202151730,126.0,0.9
202202151747,175.0,1.8
202202151801,152.0,2.2
202202151816,182.0,1.3
202202151831,154.0,1.8
202202151915,148.0,0.9
202202151930,177.0,1.3
202202151945,139.0,3.1
202202152000,93.0,1.3
202202152030,196.0,1.3
202202152045,150.0,1.3
202202152100,144.0,1.3
202202152115,80.0,2.2
202202152130,163.0,2.2
202202152200,94.0,0.9
202202152215,136.0,1.3
202202152230,140.0,1.3
202202152245,157.0,0.4
202202152300,142.0,1.8
202202152315,103.0,0.9
202202152330,152.0,0.9
202202152345,157.0,0.4
202202160000,111.0,0.4
202202160015,134.0,0.4
202202160030,114.0,0.4
202202160045,,0.0
202202160100,,0.0
202202160115,121.0,0.9
202202160130,93.0,0.9
202202160145,123.0,0.9
202202160200,125.0,0.9
202202160215,148.0,1.8
202202160230,146.0,1.3
202202160245,161.0,1.8
202202160315,142.0,1.8
202202160330,150.0,1.3
202202160345,150.0,0.9
202202160401,136.0,0.9
202202160415,132.0,1.3
202202160430,96.0,1.3
202202160446,151.0,0.9
202202160500,152.0,0.9
202202160515,153.0,0.9
202202160531,127.0,1.3
202202160545,159.0,0.9
202202160600,136.0,1.8
202202160615,140.0,1.3
202202160630,116.0,0.9
202202160645,150.0,1.8
202202160701,180.0,1.8
202202160715,128.0,1.8
202202160731,206.0,1.8
202202160746,96.0,2.7
202202160801,150.0,2.7
202202160815,181.0,1.3
202202160900,136.0,1.3
202202160915,161.0,1.3
202202160930,155.0,1.8
202202160945,119.0,0.9
202202161000,194.0,2.2
202202161015,167.0,0.4
202202161030,156.0,0.4
202202161045,171.0,0.9
202202161100,119.0,0.4
202202161130,142.0,1.8
202202161145,126.0,0.9
202202161201,148.0,0.9
202202161215,112.0,0.9
202202161230,82.0,1.8
202202161245,124.0,0.9
202202161300,134.0,1.3
202202161315,140.0,1.8
202202161330,147.0,1.8
202202161345,165.0,0.4
202202161400,157.0,1.3
202202161415,95.0,0.4
202202161430,157.0,1.8
202202161446,151.0,1.8
202202161500,145.0,0.9
202202161516,135.0,0.9
202202161531,219.0,0.9
202202161545,146.0,1.8
202202161600,184.0,2.2
202202161615,171.0,2.2
202202161630,111.0,2.2
202202161645,162.0,1.3
202202161700,169.0,0.9
202202161715,202.0,0.9
202202161730,101.0,2.2
202202161745,119.0,2.2
202202161800,36.0,2.2
202202161815,216.0,1.8
202202161831,143.0,1.3
202202161845,189.0,2.2
202202161900,123.0,0.4
202202161915,154.0,3.1
202202161930,183.0,2.2
202202161945,150.0,2.2
202202162001,171.0,1.8
202202162016,123.0,1.8
202202162031,150.0,1.8
202202162045,137.0,2.7
202202162101,155.0,2.7
202202162116,138.0,1.8
202202162131,143.0,1.8
202202162146,117.0,1.8
202202162201,154.0,1.8
202202162216,151.0,0.9
202202162230,229.0,1.8
202202162245,149.0,2.2
202202162300,148.0,0.9
202202162315,126.0,0.9
202202162330,134.0,1.3
202202162345,110.0,0.4
202202170000,103.0,0.4
202202170015,125.0,1.3
202202170030,99.0,1.3
202202170045,128.0,1.8
202202170100,146.0,1.8
202202170115,113.0,1.3
202202170130,93.0,1.8
202202170145,123.0,1.3
202202170200,162.0,1.3
202202170215,124.0,1.3
202202170230,107.0,1.8
202202170245,137.0,0.9
202202170300,125.0,1.3
202202170315,122.0,0.9
202202170330,136.0,2.2
202202170345,158.0,0.9
202202170445,118.0,0.9
202202170500,125.0,0.9
202202170515,152.0,0.4
202202170530,173.0,0.9
202202170545,161.0,0.4
202202170600,,0.0
202202170615,93.0,0.4
202202170632,106.0,0.9
202202170645,134.0,0.4
202202170700,129.0,0.9
202202170715,119.0,1.3
202202170730,123.0,1.3
202202170745,158.0,0.9
202202170800,97.0,1.8
202202170815,132.0,2.7
202202170830,166.0,1.8
202202170846,130.0,1.3
202202170901,94.0,2.7
202202170915,149.0,1.3
202202170930,158.0,0.9
202202170945,165.0,2.2
202202171000,107.0,2.7
202202171016,159.0,2.2
202202171031,136.0,2.7
202202171045,120.0,1.8
202202171100,149.0,1.3
202202171115,111.0,2.2
202202171130,105.0,1.3
202202171145,138.0,1.8
202202171200,119.0,2.2
202202171215,149.0,2.7
202202171230,128.0,3.6
202202171245,183.0,2.2
202202171300,130.0,2.7
202202171315,152.0,2.7
202202171330,123.0,1.3
202202171345,147.0,2.2
202202171400,115.0,1.3
202202171415,144.0,2.7
202202171431,171.0,2.2
202202171445,120.0,1.8
202202171500,157.0,0.9
202202171515,142.0,1.3
202202171531,135.0,2.7
202202171547,147.0,1.3
202202171601,125.0,2.2
202202171616,146.0,3.1
202202171646,128.0,2.7
202202171700,103.0,2.7
202202171716,172.0,2.7
202202171730,158.0,3.6
202202171745,165.0,2.7
202202171800,256.0,2.2
202202171815,138.0,3.6
202202171830,154.0,2.7
202202171845,104.0,3.6
202202171900,187.0,2.2
202202171915,138.0,1.8
202202171930,183.0,2.7
202202171945,163.0,3.6
202202172000,158.0,3.1
202202172015,227.0,2.7
202202172030,152.0,4.5
202202172045,155.0,3.6
202202172100,160.0,2.2
202202172115,93.0,3.1
202202172130,151.0,3.1
202202172145,152.0,3.6
202202172200,193.0,2.2
202202172216,167.0,2.7
202202172230,156.0,5.4
202202172245,150.0,4.5
202202172301,185.0,3.1
202202172315,134.0,1.8
202202172330,204.0,4.5
202202172345,146.0,2.7
202202180001,164.0,4.0
202202180015,107.0,3.1
202202180031,136.0,3.6
202202180046,149.0,2.7
202202180101,232.0,1.3
202202180116,273.0,3.1
202202180146,103.0,0.9
202202180201,,0.0
202202180215,,0.0
202202180230,,0.0
202202180245,,0.0
202202180300,,0.0
202202180315,,0.0
202202180330,,0.0
202202180345,,0.0
202202180400,188.0,0.4
202202180415,239.0,1.3
202202180430,200.0,0.4
202202180445,347.0,1.3
202202180500,44.0,0.9
202202180530,288.0,1.3
202202180545,287.0,1.3
202202180600,225.0,1.3
202202180616,297.0,1.3
202202180630,323.0,1.8
202202180646,308.0,0.9
202202180716,100.0,0.9
202202180730,346.0,1.8
202202180745,269.0,1.3
202202180801,230.0,0.9
202202180815,349.0,1.3
202202180846,32.0,0.4
202202180900,288.0,0.9
202202180915,232.0,0.9
202202180930,274.0,2.2
202202181000,326.0,0.4
202202181015,276.0,0.4
202202181030,215.0,0.4
202202181045,335.0,0.9
202202181100,302.0,0.9
202202181115,288.0,2.7
202202181130,351.0,1.3
202202181145,236.0,0.9
202202181201,269.0,0.9
202202181215,64.0,0.9
202202181231,178.0,1.3
202202181245,21.0,1.8
202202181301,263.0,0.4
202202181316,16.0,0.9
202202181331,18.0,0.9
202202181345,316.0,1.3
202202181401,339.0,0.4
202202181416,355.0,0.9
202202181445,351.0,1.3
202202181500,317.0,0.9
202202181515,284.0,1.8
202202181530,19.0,0.4
202202181545,61.0,0.9
202202181600,34.0,1.3
202202181630,27.0,0.4
202202181645,86.0,0.9
202202181700,104.0,1.3
202202181730,13.0,0.9
202202181745,296.0,0.9
202202181800,292.0,0.4
202202181815,83.0,0.9
202202181830,10.0,0.9
202202181845,55.0,0.9
202202181900,59.0,1.3
202202181916,161.0,0.9
202202181930,273.0,0.9
202202181945,294.0,1.3
202202182000,42.0,1.3
202202182015,45.0,1.8
202202182030,277.0,1.8
202202182045,38.0,0.9
202202182100,343.0,1.3
202202182115,304.0,1.3
202202182130,355.0,0.4
202202182215,304.0,0.4
202202182246,,0.0
202202182300,287.0,0.9
202202182315,,0.0
202202182330,,0.0
202202182345,,0.0
202202190001,,0.0
202202190015,,0.0
202202190031,,0.0
202202190046,,0.0
202202190100,,0.0
202202190116,,0.0
202202190131,,0.0
202202190146,,0.0
202202190201,,0.0
202202190216,,0.0
202202190230,,0.0
202202190245,,0.0
202202190301,,0.0
202202190315,,0.0
202202190331,,0.0
202202190400,,0.0
202202190415,,0.0
202202190430,,0.0
202202190445,,0.0
202202190500,,0.0
202202190515,,0.0
202202190530,,0.0
202202190545,,0.0
202202190600,,0.0
202202190630,,0.0
202202190645,,0.0
202202190700,,0.0
202202190715,,0.0
202202190730,,0.0
202202190745,,0.0
202202190800,,0.0
202202190815,,0.0
202202190830,,0.0
202202190845,,0.0
202202190900,,0.0
202202190915,,0.0
202202190930,,0.0
202202190946,,0.0
202202191002,,0.0
202202191015,,0.0
202202191030,,0.0
202202191046,,0.0
202202191100,,0.0
202202191130,,0.0
202202191146,,0.0
202202191201,,0.0
202202191216,,0.0
202202191230,,0.0
202202191245,,0.0
202202191300,,0.0
202202191315,,0.0
202202191330,,0.0
202202191400,63.0,0.9
202202191415,79.0,0.4
202202191430,,0.0
202202191446,122.0,0.9
202202191500,88.0,0.4
202202191515,306.0,0.9
202202191530,317.0,0.9
202202191545,300.0,1.3
202202191600,49.0,0.9
202202191616,312.0,0.4
202202191630,250.0,1.3
202202191645,65.0,1.3
202202191700,75.0,2.2
202202191715,300.0,1.3
202202191730,46.0,1.8
202202191745,313.0,1.3
202202191800,331.0,0.9
202202191815,0.0,1.3
202202191830,5.0,0.4
202202191845,350.0,1.8
202202191900,304.0,1.3
202202191930,,0.0
202202191945,232.0,0.9
202202192000,338.0,0.9
202202192015,67.0,0.4
202202192030,18.0,0.9
202202192045,86.0,1.3
202202192100,292.0,0.9
202202192115,57.0,0.4
202202192130,,0.0
202202192146,333.0,0.4
202202192200,101.0,0.4
202202192216,331.0,0.9
202202192230,348.0,0.4
202202192245,284.0,0.4
202202192301,,0.0
202202192315,,0.0
202202192331,,0.0
202202192346,,0.0
202202200001,,0.0
202202200032,,0.0
202202200046,,0.0
202202200101,,0.0
202202200130,,0.0
202202200145,,0.0
202202200200,,0.0
202202200231,,0.0
202202200246,,0.0
202202200301,,0.0
202202200317,,0.0
202202200331,,0.0
202202200400,,0.0
202202200415,,0.0
202202200430,,0.0
202202200445,,0.0
202202200500,,0.0
202202200530,,0.0
202202200545,,0.0
202202200600,,0.0
202202200615,,0.0
202202200630,,0.0
202202200645,,0.0
202202200700,,0.0
202202200715,,0.0
202202200730,,0.0
202202200745,,0.0
202202200800,,0.0
202202200815,,0.0
202202200830,,0.0
202202200845,,0.0
202202200900,,0.0
202202200915,,0.0
202202200930,,0.0
202202200945,,0.0
202202201000,,0.0
202202201015,,0.0
202202201030,,0.0
202202201100,,0.0
202202201116,,0.0
202202201130,,0.0
202202201145,,0.0
202202201200,,0.0
202202201216,,0.0
202202201230,,0.0
202202201246,,0.0
202202201301,49.0,0.4
202202201315,49.0,0.4
202202201333,49.0,0.4
202202201346,71.0,0.9
202202201415,44.0,0.9
202202201430,88.0,0.4
202202201445,,0.0
202202201500,72.0,2.2
202202201515,86.0,0.9
202202201530,123.0,0.9
202202201545,80.0,1.8
202202201600,147.0,0.9
202202201615,65.0,1.3
202202201631,87.0,0.9
202202201645,95.0,1.3
202202201700,51.0,1.3
202202201715,76.0,1.8
202202201731,134.0,1.3
202202201745,112.0,1.3
202202201800,67.0,1.3
202202201815,165.0,1.8
202202201830,86.0,1.3
202202201845,98.0,1.8
202202201900,136.0,1.3
202202201915,104.0,2.2
202202201930,98.0,1.3
202202201945,157.0,0.4
202202202000,145.0,0.9
202202202015,140.0,1.8
202202202030,181.0,1.3
202202202045,155.0,0.9
202202202101,159.0,0.9
202202202116,178.0,1.8
202202202130,229.0,0.9
202202202145,155.0,1.8
202202202200,117.0,1.8
202202202230,144.0,1.3
202202202245,211.0,0.9
202202202301,135.0,1.3
202202202315,146.0,0.9
202202202331,,0.0
202202202345,,0.0
202202210001,167.0,0.9
202202210016,150.0,0.9
202202210030,,0.0
202202210046,,0.0
202202210115,,0.0
202202210130,,0.0
202202210146,,0.0
202202210200,,0.0
202202210215,,0.0
202202210230,,0.0
202202210245,,0.0
202202210300,134.0,0.4
202202210316,149.0,0.9
202202210345,150.0,0.4
202202210401,170.0,0.4
202202210416,,0.0
202202210431,,0.0
202202210446,,0.0
202202210501,,0.0
202202210515,,0.0
202202210516,,0.0
202202210530,169.0,0.4
202202210545,169.0,0.4
202202210600,154.0,0.4
202202210615,156.0,0.4
202202210630,134.0,0.4
202202210645,,0.0
202202210700,,0.0
202202210715,,0.0
202202210730,,0.0
202202210745,,0.0
202202210800,,0.0
202202210815,,0.0
202202210830,,0.0
202202210845,,0.0
202202210900,,0.0
202202210915,,0.0
202202210931,,0.0
202202210945,,0.0
202202211000,,0.0
202202211015,,0.0
202202211030,79.0,0.4
202202211045,,0.0
202202211100,,0.0
202202211115,,0.0
202202211130,,0.0
202202211145,,0.0
202202211201,,0.0
202202211215,,0.0
202202211231,,0.0
202202211245,,0.0
202202211300,80.0,0.4
202202211316,154.0,0.4
202202211331,105.0,0.9
202202211345,115.0,0.4
202202211416,,0.0
202202211431,,0.0
202202211445,,0.0
202202211500,,0.0
202202211515,,0.0
202202211530,,0.0
202202211545,,0.0
202202211600,185.0,0.4
202202211615,131.0,0.4
202202211630,,0.0
202202211645,142.0,0.9
202202211700,132.0,0.4
202202211715,,0.0
202202211730,238.0,0.4
202202211745,,0.0
202202211800,198.0,0.4
202202211815,219.0,0.4
202202211830,121.0,0.9
202202211845,95.0,0.9
202202211900,56.0,0.9
202202211915,55.0,0.4
202202211930,132.0,1.3
202202211945,132.0,0.9
202202212000,,0.0
202202212015,69.0,0.4
202202212030,109.0,0.4
202202212045,136.0,0.9
202202212101,114.0,1.3
202202212115,65.0,1.3
202202212130,109.0,0.9
202202212145,,0.0
202202212201,273.0,0.9
202202212215,110.0,0.4
202202212231,99.0,0.4
202202212245,96.0,1.3
202202212315,119.0,0.4
202202212346,123.0,1.3
202202220000,329.0,0.4
202202220015,125.0,0.9
202202220031,118.0,0.9
202202220046,90.0,0.9
202202220101,140.0,0.4
202202220116,131.0,1.3
202202220131,134.0,0.9
202202220145,127.0,0.4
202202220200,106.0,0.4
202202220215,,0.0
202202220246,279.0,1.3
202202220301,90.0,1.3
202202220317,136.0,0.9
202202220331,88.0,1.3
202202220346,113.0,0.9
202202220401,133.0,1.8
202202220416,115.0,0.9
202202220446,151.0,0.9
202202220500,172.0,2.2
202202220515,172.0,0.9
202202220530,171.0,0.4
202202220545,85.0,1.3
202202220600,155.0,0.9
202202220615,96.0,0.9
202202220630,42.0,0.9
202202220645,134.0,1.3
202202220715,182.0,0.4
202202220730,207.0,0.9
202202220745,254.0,0.4
202202220800,166.0,0.4
202202220815,142.0,0.9
202202220830,155.0,0.4
202202220845,168.0,1.8
202202220900,93.0,0.4
202202220915,154.0,0.9
202202220930,211.0,0.9
202202220946,163.0,1.3
202202221000,109.0,0.4
202202221016,120.0,1.3
202202221030,148.0,1.3
202202221045,155.0,0.9
202202221115,153.0,1.3
202202221130,111.0,1.8
202202221145,123.0,2.2
202202221200,119.0,1.8
202202221215,120.0,1.8
202202221230,137.0,1.8
202202221245,153.0,1.3
202202221315,124.0,2.2
202202221331,141.0,0.9
202202221346,146.0,0.9
202202221400,150.0,0.9
202202221416,174.0,0.4
202202221431,142.0,1.3
202202221500,,0.0
202202221515,121.0,0.4
202202221530,140.0,0.4
202202221545,126.0,1.3
202202221615,159.0,0.4
202202221630,117.0,1.3
202202221645,145.0,0.4
202202221700,150.0,0.9
202202221715,121.0,0.9
202202221730,159.0,0.4
202202221745,150.0,0.4
202202221800,106.0,0.4
202202221815,132.0,0.4
202202221830,150.0,0.4
202202221845,145.0,0.4
202202221900,144.0,0.9
202202221915,116.0,0.9
202202221930,,0.0
202202221945,153.0,0.4
202202222015,105.0,0.9
202202222031,126.0,2.2
202202222046,146.0,1.3
202202222100,199.0,2.2
202202222115,166.0,1.3
202202222130,108.0,0.9
202202222145,148.0,2.2
202202222200,176.0,1.8
202202222215,145.0,0.9
202202222230,142.0,0.9
202202222245,168.0,0.9
202202222300,153.0,1.3
202202222330,117.0,1.3
202202222345,151.0,1.8
202202230000,163.0,2.2
202202230030,119.0,1.3
202202230045,154.0,1.8
202202230100,175.0,0.9
202202230115,141.0,1.3
202202230130,155.0,0.9
202202230145,153.0,0.9
202202230200,188.0,1.8
202202230215,168.0,1.8
202202230231,134.0,2.2
202202230245,156.0,1.3
202202230300,153.0,1.3
202202230315,161.0,0.4
202202230330,144.0,0.9
202202230345,160.0,1.8
202202230401,143.0,1.8
202202230430,144.0,3.6
202202230445,136.0,1.8
202202230515,140.0,2.2
202202230530,186.0,1.3
202202230545,159.0,0.9
202202230600,142.0,1.8
202202230615,184.0,1.3
202202230631,139.0,0.9
202202230645,237.0,1.3
202202230700,202.0,1.3
202202230715,180.0,0.9
202202230746,162.0,1.3
202202230801,157.0,0.9
202202230815,155.0,1.3
202202230830,186.0,0.9
202202230846,223.0,1.3
202202230915,153.0,1.8
202202230931,195.0,1.8
202202230945,235.0,0.9
202202231001,214.0,0.9
202202231016,210.0,1.8
202202231031,205.0,1.3
202202231047,141.0,1.3
202202231101,163.0,0.9
202202231115,151.0,0.9
202202231130,138.0,2.7
202202231145,229.0,1.3
202202231200,321.0,0.4
202202231230,26.0,0.4
202202231245,154.0,0.4
202202231300,338.0,0.4
202202231315,355.0,0.4
202202231330,,0.0
202202231345,,0.0
202202231400,,0.0
202202231415,,0.0
202202231430,,0.0
202202231445,,0.0
202202231500,,0.0
202202231530,292.0,0.4
202202231545,15.0,0.4
202202231600,58.0,0.4
202202231615,77.0,0.4
202202231630,355.0,0.9
202202231646,98.0,0.9
202202231701,,0.0
202202231715,69.0,0.9
202202231731,111.0,0.4
202202231746,224.0,0.4
202202231800,273.0,0.9
202202231815,308.0,1.3
202202231830,277.0,0.4
202202231845,196.0,0.9
202202231900,,0.0
202202231915,,0.0
202202231930,165.0,0.4
202202231945,248.0,0.9
202202232000,,0.0
202202232015,241.0,0.4
202202232030,152.0,0.4
202202232045,319.0,0.4
202202232100,254.0,0.4
202202232115,298.0,0.4
202202232130,275.0,0.4
202202232145,296.0,0.4
202202232200,306.0,0.9
202202232215,252.0,0.4
202202232230,321.0,0.4
202202232245,,0.0
202202232300,,0.0
202202232315,,0.0
202202232330,,0.0
202202232345,,0.0
202202240001,,0.0
202202240015,,0.0
202202240030,,0.0
202202240045,,0.0
202202240100,,0.0
202202240115,,0.0
202202240130,,0.0
202202240145,,0.0
202202240200,317.0,0.4
202202240216,,0.0
202202240230,,0.0
202202240245,279.0,0.4
202202240300,,0.0
202202240315,,0.0
202202240330,65.0,0.4
202202240345,,0.0
202202240401,,0.0
202202240415,,0.0
202202240430,61.0,0.4
202202240445,,0.0
202202240501,,0.0
202202240516,,0.0
202202240531,,0.0
202202240545,,0.0
202202240600,,0.0
202202240615,,0.0
202202240630,,0.0
202202240645,,0.0
202202240700,,0.0
202202240715,61.0,0.4
202202240730,,0.0
202202240815,,0.0
202202240830,,0.0
202202240845,,0.0
202202240900,201.0,0.4
202202240915,,0.0
202202240930,,0.0
202202240945,,0.0
202202241000,,0.0
202202241015,,0.0
202202241030,,0.0
202202241045,,0.0
202202241100,,0.0
202202241116,,0.0
202202241130,,0.0
202202241145,,0.0
202202241200,,0.0
202202241216,,0.0
202202241230,,0.0
202202241245,,0.0
202202241300,,0.0
202202241315,,0.0
202202241330,,0.0
202202241345,,0.0
202202241400,,0.0
202202241415,,0.0
202202241431,,0.0
202202241446,,0.0
202202241501,,0.0
202202241516,,0.0
202202241545,,0.0
202202241600,,0.0
202202241615,,0.0
202202241630,,0.0
202202241645,,0.0
202202241700,,0.0
202202241715,,0.0
202202241745,151.0,1.3
202202241801,150.0,0.4
202202241815,225.0,0.9
202202241830,168.0,0.9
202202241845,,0.0
202202241900,133.0,0.4
202202241915,142.0,0.9
202202241930,140.0,0.9
202202241945,141.0,0.9
202202242000,134.0,1.3
202202242016,110.0,1.3
202202242030,114.0,0.9
202202242101,171.0,1.8
202202242115,148.0,2.2
202202242131,143.0,1.8
202202242146,140.0,1.3
202202242200,184.0,0.9
202202242215,260.0,0.9
202202242230,145.0,1.3
202202242245,207.0,1.3
202202242300,156.0,0.4
202202242315,84.0,0.4
202202242330,132.0,0.4
202202242345,,0.0
202202250000,,0.0
202202250015,,0.0
202202250030,,0.0
202202250045,,0.0
202202250100,136.0,0.4
202202250115,,0.0
202202250130,141.0,0.4
202202250145,102.0,0.4
202202250200,150.0,0.9
202202250215,143.0,0.4
202202250245,128.0,0.9
202202250315,159.0,0.9
202202250330,118.0,1.3
202202250345,165.0,0.9
202202250400,143.0,1.3
202202250445,188.0,1.8
202202250500,186.0,2.2
202202250515,211.0,0.9
202202250530,140.0,0.4
202202250545,182.0,0.9
202202250601,153.0,0.9
202202250615,153.0,1.3
202202250630,148.0,1.8
202202250645,141.0,2.2
202202250715,142.0,1.8
202202250730,168.0,1.3
202202250745,181.0,1.3
202202250800,241.0,1.3
202202250815,221.0,0.9
202202250830,153.0,1.8
202202250845,197.0,0.4
202202250900,198.0,1.3
202202250915,257.0,3.1
202202250930,277.0,1.3
202202250945,324.0,0.9
202202251001,151.0,0.9
202202251016,,0.0
202202251030,333.0,0.4
202202251045,102.0,0.4
202202251100,253.0,0.9
202202251115,298.0,1.3
202202251130,299.0,1.3
202202251145,96.0,0.4
202202251200,285.0,0.4
202202251216,298.0,0.4
202202251230,86.0,0.4
202202251300,302.0,0.4
202202251315,22.0,0.4
202202251330,46.0,0.9
202202251345,61.0,0.4
202202251401,,0.0
202202251415,79.0,0.9
202202251430,340.0,0.9
202202251446,,0.0
202202251500,344.0,0.9
202202251516,342.0,0.4
202202251531,329.0,0.4
202202251545,306.0,0.9
202202251600,77.0,0.9
202202251615,,0.0
202202251630,269.0,0.9
202202251700,18.0,0.9
202202251715,346.0,1.3
202202251745,318.0,1.3
202202251800,9.0,0.9
202202251815,336.0,0.9
202202251845,80.0,0.9
202202251900,49.0,1.3
202202251916,326.0,1.3
202202251930,44.0,0.9
202202251945,128.0,1.3
202202252000,73.0,0.9
202202252015,351.0,1.3
202202252030,223.0,1.3
202202252046,39.0,0.9
202202252100,47.0,0.4
202202252115,104.0,0.9
202202252131,297.0,0.9
202202252145,5.0,0.9
202202252200,342.0,0.4
202202252215,311.0,0.4
202202252231,281.0,0.4
202202252245,,0.0
202202252300,338.0,0.4
202202252316,313.0,0.4
202202252331,273.0,0.4
202202252346,43.0,0.4
202202260000,355.0,0.4
202202260030,40.0,0.9
202202260045,49.0,0.4
202202260100,,0.0
202202260116,51.0,0.4
202202260130,,0.0
202202260145,350.0,0.4
202202260201,34.0,0.9
202202260217,155.0,0.4
202202260231,,0.0
202202260245,355.0,0.9
202202260300,27.0,0.4
202202260315,286.0,0.4
202202260330,,0.0
202202260345,71.0,0.4
202202260400,340.0,0.4
202202260415,70.0,0.9
202202260430,336.0,0.4
202202260445,80.0,0.4
202202260500,284.0,0.9
202202260515,17.0,0.9
202202260530,5.0,0.4
202202260545,,0.0
202202260600,280.0,0.4
202202260615,55.0,0.4
202202260630,109.0,0.4
202202260645,35.0,0.9
202202260700,,0.0
202202260715,84.0,0.4
202202260730,33.0,0.9
202202260745,,0.0
202202260800,321.0,0.4
202202260830,63.0,0.9
202202260845,83.0,0.9
202202260915,19.0,0.4
202202260930,346.0,0.4
202202260945,,0.0
202202261000,,0.0
202202261031,25.0,0.9
202202261047,67.0,0.4
202202261101,0.0,0.4
202202261116,68.0,0.4
202202261130,21.0,0.4
202202261145,108.0,0.4
202202261200,355.0,0.4
202202261215,314.0,0.4
202202261246,37.0,0.4
202202261300,56.0,0.9
202202261315,,0.0
202202261330,59.0,0.4
202202261400,97.0,0.4
202202261415,57.0,0.9
202202261445,57.0,0.4
202202261500,,0.0
202202261515,294.0,0.9
202202261530,327.0,0.4
202202261545,,0.0
202202261600,,0.0
202202261615,84.0,0.9
202202261631,307.0,0.9
202202261645,323.0,0.4
202202261701,,0.0
202202261716,36.0,0.4
202202261730,355.0,0.9
202202261746,342.0,0.9
202202261801,267.0,0.9
202202261815,269.0,0.4
202202261831,200.0,0.4
202202261846,289.0,0.4
202202261901,344.0,0.4
202202261916,311.0,0.9
202202261931,289.0,0.9
202202261946,351.0,0.9
202202262001,288.0,0.4
202202262030,67.0,0.9
202202262045,312.0,0.4
202202262100,,0.0
202202262115,24.0,1.3
202202262130,67.0,0.4
202202262145,334.0,0.9
202202262200,312.0,0.4
202202262215,257.0,0.4
202202262230,322.0,0.4
202202262245,,0.0
202202262300,68.0,0.4
202202262330,30.0,0.4
202202262345,0.0,0.4
202202270015,63.0,0.4
202202270045,,0.0
202202270101,,0.0
202202270115,,0.0
202202270130,,0.0
202202270145,,0.0
202202270200,,0.0
202202270215,,0.0
202202270230,,0.0
202202270246,,0.0
202202270300,,0.0
202202270316,,0.0
202202270345,34.0,0.4
202202270400,,0.0
202202270415,,0.0
202202270430,,0.0
202202270446,,0.0
202202270500,,0.0
202202270515,47.0,0.4
202202270530,76.0,0.4
202202270546,71.0,0.4
202202270600,,0.0
202202270616,,0.0
202202270631,,0.0
202202270645,,0.0
202202270700,62.0,0.4
202202270717,350.0,0.4
202202270730,78.0,0.4
202202270745,53.0,0.4
202202270800,84.0,1.3
202202270815,87.0,0.4
202202270830,,0.0
202202270845,,0.0
202202270900,344.0,0.4
202202270915,300.0,0.4
202202270930,338.0,0.4
202202270945,96.0,0.4
202202271000,355.0,0.4
202202271015,71.0,0.4
202202271030,55.0,0.9
202202271045,79.0,0.4
202202271100,78.0,0.4
202202271115,,0.0
202202271130,140.0,0.4
202202271145,,0.0
202202271200,191.0,0.4
202202271230,,0.0
202202271301,,0.0
202202271315,,0.0
202202271331,,0.0
202202271401,222.0,0.4
202202271415,,0.0
202202271430,279.0,0.4
202202271445,,0.0
202202271501,74.0,0.4
202202271515,,0.0
202202271530,,0.0
202202271546,,0.0
202202271600,270.0,0.4
202202271616,285.0,0.4
202202271631,,0.0
202202271646,100.0,0.4
202202271701,282.0,0.9
202202271716,277.0,0.4
202202271731,287.0,0.9
202202271746,300.0,0.9
202202271800,294.0,0.9
202202271815,292.0,0.9
202202271830,288.0,0.4
202202271845,24.0,0.4
202202271900,,0.0
202202271915,298.0,0.9
202202271945,296.0,1.3
202202272000,241.0,0.9
202202272015,290.0,0.4
202202272030,286.0,0.9
202202272045,288.0,0.9
202202272100,319.0,0.9
202202272115,,0.0
202202272130,313.0,0.4
202202272145,,0.0
202202272200,275.0,0.4
202202272215,281.0,0.4
202202272230,,0.0
202202272245,,0.0
202202272315,,0.0
202202272330,,0.0
202202272345,,0.0
202202280000,,0.0
202202280015,,0.0
202202280030,,0.0
202202280045,30.0,1.3
202202280100,331.0,0.9
202202280115,341.0,0.4
202202280130,12.0,0.9
202202280145,5.0,0.4
202202280200,11.0,0.9
202202280215,298.0,0.4
202202280230,,0.0
202202280245,32.0,0.4
202202280300,49.0,0.4
202202280315,,0.0
202202280330,,0.0
202202280345,,0.0
202202280400,,0.0
202202280415,251.0,0.4
202202280430,,0.0
202202280445,,0.0
202202280500,,0.0
202202280515,,0.0
202202280530,,0.0
202202280545,,0.0
202202280600,,0.0
202202280615,,0.0
202202280630,,0.0
202202280645,,0.0
202202280700,,0.0
202202280715,,0.0
202202280746,,0.0
202202280801,,0.0
202202280816,,0.0
202202280831,,0.0
202202280846,,0.0
202202280901,,0.0
202202280915,,0.0
202202280931,,0.0
202202280946,,0.0
202202281015,,0.0
202202281030,,0.0
202202281045,,0.0
202202281100,,0.0
202202281115,,0.0
202202281130,,0.0
202202281145,,0.0
202202281200,,0.0
202202281215,,0.0
202202281230,,0.0
202202281245,,0.0
202202281300,,0.0
202202281315,,0.0
202202281330,,0.0
202202281345,,0.0
202202281400,46.0,0.4
202202281430,74.0,0.4
202202281445,69.0,1.3
202202281501,329.0,0.4
202202281515,106.0,2.7
202202281545,298.0,0.9
202202281600,31.0,1.8
202202281615,0.0,1.3
202202281630,98.0,1.3
202202281645,300.0,1.3
202202281700,75.0,0.9
202202281715,65.0,2.7
202202281745,44.0,1.8
202202281800,80.0,0.9
202202281815,51.0,1.3
202202281831,21.0,0.9
202202281845,77.0,0.9
202202281900,309.0,0.4
202202281916,298.0,3.1
202202281930,321.0,0.4
202202281946,11.0,1.3
202202282000,97.0,0.9
202202282015,181.0,0.9
202202282031,317.0,1.8
202202282046,317.0,1.3
202202282100,285.0,0.9
202202282116,266.0,0.9
202202282131,13.0,0.4
202202282145,302.0,0.4
202202282200,355.0,0.4
202202282215,250.0,0.4
202202282230,,0.0
202202282245,55.0,0.4
202202282300,,0.0
202202282315,43.0,0.4
202202282345,,0.0
202203010000,,0.0
202203010015,,0.0
202203010030,,0.0
202203010045,,0.0
202203010100,,0.0
202203010115,,0.0
202203010130,,0.0
202203010145,,0.0
202203010200,,0.0
202203010215,,0.0
202203010230,,0.0
202203010245,,0.0
202203010300,,0.0
202203010315,,0.0
202203010330,,0.0
202203010345,,0.0
202203010400,,0.0
202203010415,,0.0
202203010430,,0.0
202203010445,,0.0
202203010500,,0.0
202203010515,,0.0
202203010545,,0.0
202203010600,,0.0
202203010630,,0.0
202203010646,,0.0
202203010701,,0.0
202203010715,,0.0
202203010730,,0.0
202203010801,,0.0
202203010831,,0.0
202203010900,,0.0
202203010915,,0.0
202203010931,,0.0
202203010945,,0.0
202203011001,,0.0
202203011015,,0.0
202203011031,,0.0
202203011046,,0.0
202203011101,,0.0
202203011117,,0.0
202203011131,,0.0
202203011145,,0.0
202203011200,,0.0
202203011215,44.0,0.4
202203011230,,0.0
202203011245,,0.0
202203011300,,0.0
202203011315,49.0,0.4
202203011330,,0.0
202203011345,,0.0
202203011400,57.0,0.4
202203011415,65.0,0.4
202203011430,66.0,0.4
202203011445,99.0,0.4
202203011500,126.0,0.4
202203011515,66.0,1.3
202203011530,74.0,0.4
202203011545,95.0,1.3
202203011601,,0.0
202203011615,46.0,0.4
202203011630,106.0,0.4
202203011645,146.0,0.4
202203011700,66.0,0.9
202203011715,67.0,0.9
202203011730,316.0,0.4
202203011745,304.0,0.4
202203011815,154.0,0.4
202203011830,24.0,0.4
202203011845,201.0,0.4
202203011900,55.0,0.9
202203011916,257.0,1.3
202203011930,215.0,0.9
202203011945,,0.0
202203012000,140.0,0.9
202203012015,217.0,1.3
202203012030,338.0,0.9
202203012045,304.0,1.3
202203012100,31.0,0.4
202203012116,312.0,1.8
202203012131,241.0,1.3
202203012201,284.0,0.9
202203012216,311.0,0.9
202203012231,183.0,0.4
202203012247,266.0,0.4
202203012301,,0.0
202203012316,,0.0
202203012331,,0.0
202203012346,,0.0
202203020001,,0.0
202203020015,,0.0
202203020030,,0.0
202203020045,,0.0
202203020100,,0.0
202203020115,,0.0
202203020130,,0.0
202203020145,,0.0
202203020200,,0.0
202203020230,,0.0
202203020245,,0.0
202203020300,,0.0
202203020315,,0.0
202203020330,,0.0
202203020345,,0.0
202203020400,,0.0
202203020415,,0.0
202203020430,,0.0
202203020445,,0.0
202203020500,,0.0
202203020515,,0.0
202203020530,,0.0
202203020545,,0.0
202203020600,,0.0
202203020615,,0.0
202203020630,,0.0
202203020645,,0.0
202203020700,,0.0
202203020715,,0.0
202203020730,,0.0
202203020745,,0.0
202203020800,,0.0
202203020815,,0.0
202203020832,,0.0
202203020846,,0.0
202203020900,,0.0
202203020916,,0.0
202203020930,,0.0
202203020946,,0.0
202203021000,,0.0
202203021016,,0.0
202203021030,,0.0
202203021046,,0.0
202203021100,,0.0
202203021115,,0.0
202203021146,,0.0
202203021201,,0.0
202203021218,,0.0
202203021231,,0.0
202203021245,,0.0
202203021300,,0.0
202203021315,,0.0
202203021330,,0.0
202203021345,,0.0
202203021400,,0.0
202203021415,190.0,0.4
202203021430,,0.0
202203021446,157.0,0.9
202203021500,157.0,0.4
202203021515,157.0,0.4
202203021531,138.0,0.9
202203021545,190.0,0.4
202203021601,170.0,0.4
202203021616,167.0,0.4
202203021630,156.0,0.9
202203021645,152.0,0.4
202203021700,123.0,0.9
202203021715,211.0,0.4
202203021730,265.0,0.4
202203021745,297.0,0.9
202203021800,298.0,0.9
202203021815,138.0,1.3
202203021830,158.0,0.9
202203021845,117.0,0.9
202203021900,99.0,0.4
202203021915,319.0,0.4
202203021930,49.0,0.9
202203022000,146.0,0.4
202203022015,274.0,0.4
202203022031,215.0,1.8
202203022100,175.0,0.4
202203022116,297.0,0.4
202203022130,277.0,1.3
202203022146,294.0,0.9
202203022215,298.0,0.9
202203022246,302.0,0.4
202203022301,,0.0
202203022315,197.0,0.4
202203022331,,0.0
202203022346,,0.0
202203030000,,0.0
202203030016,,0.0
202203030032,,0.0
202203030047,,0.0
202203030100,,0.0
202203030116,,0.0
202203030131,,0.0
202203030200,,0.0
202203030215,,0.0
202203030230,,0.0
202203030245,,0.0
202203030300,,0.0
202203030315,,0.0
202203030400,,0.0
202203030415,,0.0
202203030430,,0.0
202203030445,,0.0
202203030515,,0.0
202203030530,,0.0
202203030545,,0.0
202203030600,,0.0
202203030615,,0.0
202203030630,,0.0
202203030700,,0.0
202203030715,,0.0
202203030730,,0.0
202203030745,,0.0
202203030800,,0.0
202203030815,,0.0
202203030830,,0.0
202203030900,,0.0
202203030915,,0.0
202203030930,,0.0
202203030945,,0.0
202203031001,,0.0
202203031016,,0.0
202203031031,,0.0
202203031046,,0.0
202203031100,,0.0
202203031117,,0.0
202203031131,,0.0
202203031146,,0.0
202203031200,,0.0
202203031215,,0.0
202203031230,,0.0
202203031300,,0.0
202203031315,,0.0
202203031330,,0.0
202203031345,,0.0
202203031400,,0.0
202203031415,,0.0
202203031430,215.0,0.4
202203031445,192.0,0.4
202203031500,190.0,0.4
202203031515,167.0,0.4
202203031530,,0.0
202203031546,155.0,0.4
202203031602,158.0,1.3
202203031631,298.0,0.4
202203031645,263.0,1.3
202203031700,98.0,0.4
202203031715,300.0,0.9
202203031730,319.0,1.3
202203031800,74.0,0.4
202203031815,275.0,0.9
202203031830,298.0,1.3
202203031845,19.0,0.9
202203031915,284.0,1.8
202203031931,348.0,0.4
202203031945,5.0,0.4
202203032000,226.0,1.3
202203032015,154.0,0.4
202203032030,88.0,0.9
202203032100,175.0,0.9
202203032115,144.0,0.4
202203032131,238.0,0.4
202203032145,124.0,0.4
202203032200,,0.0
202203032215,266.0,0.4
202203032230,108.0,0.4
202203032245,286.0,0.9
202203032300,,0.0
202203032315,,0.0
202203032330,,0.0
202203032345,,0.0
202203040000,,0.0
202203040015,,0.0
202203040031,,0.0
202203040045,,0.0
202203040100,,0.0
202203040115,,0.0
202203040145,,0.0
202203040200,,0.0
202203040216,,0.0
202203040230,,0.0
202203040245,,0.0
202203040300,,0.0
202203040315,,0.0
202203040331,,0.0
202203040345,,0.0
202203040400,,0.0
202203040416,,0.0
202203040431,,0.0
202203040446,,0.0
202203040500,,0.0
202203040516,,0.0
202203040531,,0.0
202203040545,,0.0
202203040601,,0.0
202203040616,,0.0
202203040630,,0.0
202203040645,,0.0
202203040700,,0.0
202203040715,,0.0
202203040730,,0.0
202203040745,,0.0
202203040800,,0.0
202203040815,,0.0
202203040845,,0.0
202203040900,,0.0
202203040915,,0.0
202203040930,,0.0
202203040945,,0.0
202203041000,,0.0
202203041015,,0.0
202203041031,,0.0
202203041045,,0.0
202203041100,179.0,0.4
202203041115,,0.0
202203041130,,0.0
202203041145,,0.0
202203041200,,0.0
202203041215,,0.0
202203041231,,0.0
202203041245,,0.0
202203041300,,0.0
202203041316,,0.0
202203041331,,0.0
202203041346,104.0,0.9
202203041400,,0.0
202203041415,,0.0
202203041445,89.0,0.4
202203041500,113.0,0.4
202203041530,,0.0
202203041545,,0.0
202203041600,74.0,0.4
202203041615,85.0,0.9
202203041631,140.0,1.3
202203041646,111.0,0.9
202203041700,88.0,1.3
202203041716,49.0,1.8
202203041747,65.0,0.9
202203041800,150.0,1.3
202203041830,173.0,1.8
202203041900,146.0,1.8
202203041915,165.0,1.8
202203041930,161.0,1.3
202203041945,130.0,0.4
202203042000,173.0,1.3
202203042015,209.0,1.3
202203042030,115.0,1.3
202203042045,102.0,1.3
202203042100,156.0,1.3
202203042115,120.0,1.8
202203042130,159.0,1.3
202203042200,331.0,1.8
202203042215,128.0,1.3
202203042230,151.0,0.9
202203042245,123.0,0.9
202203042315,148.0,0.4
202203042330,149.0,0.9
202203042345,134.0,0.4
202203050001,,0.0
202203050015,126.0,0.4
202203050031,114.0,0.4
202203050045,169.0,0.4
202203050101,143.0,0.4
202203050116,,0.0
202203050130,,0.0
202203050145,,0.0
202203050200,,0.0
202203050215,,0.0
202203050230,,0.0
202203050246,,0.0
202203050301,,0.0
202203050315,,0.0
202203050330,,0.0
202203050345,,0.0
202203050400,,0.0
202203050417,,0.0
202203050431,,0.0
202203050445,107.0,0.4
202203050500,,0.0
202203050516,,0.0
202203050530,180.0,0.4
202203050546,154.0,0.4
202203050601,,0.0
202203050616,189.0,0.4
202203050631,190.0,0.4
202203050646,,0.0
202203050701,,0.0
202203050717,202.0,0.4
202203050730,,0.0
202203050745,,0.0
202203050800,,0.0
202203050815,,0.0
202203050830,,0.0
202203050845,,0.0
202203050915,,0.0
202203050945,,0.0
202203051000,,0.0
202203051015,,0.0
202203051030,,0.0
202203051045,,0.0
202203051100,,0.0
202203051116,,0.0
202203051130,,0.0
202203051145,,0.0
202203051200,128.0,0.4
202203051216,,0.0
202203051231,71.0,0.4
202203051245,,0.0
202203051301,82.0,0.9
202203051316,205.0,0.4
202203051331,115.0,0.4
202203051345,125.0,0.4
202203051401,123.0,1.3
202203051415,151.0,2.7
202203051430,138.0,2.2
202203051500,136.0,2.7
202203051515,112.0,1.8
202203051530,166.0,1.3
202203051545,114.0,1.3
202203051600,237.0,1.3
202203051615,128.0,1.8
202203051630,153.0,1.3
202203051645,126.0,2.2
202203051700,229.0,1.8
202203051716,80.0,2.2
202203051745,155.0,0.9
202203051800,180.0,1.8
202203051815,134.0,2.7
202203051830,171.0,2.2
202203051845,163.0,2.2
202203051900,222.0,3.1
202203051915,186.0,2.2
202203051931,234.0,1.8
202203051946,169.0,2.7
202203052001,161.0,0.9
202203052016,236.0,2.2
202203052031,152.0,1.8
202203052045,155.0,1.8
202203052100,254.0,1.3
202203052115,207.0,1.8
202203052130,119.0,1.8
202203052145,193.0,1.3
202203052200,252.0,1.3
202203052215,153.0,2.7
202203052230,166.0,3.6
202203052245,145.0,1.8
202203052300,190.0,1.8
202203052315,155.0,1.3
202203052330,147.0,1.3
202203052345,126.0,0.4
202203060000,183.0,0.9
202203060015,142.0,0.9
202203060030,132.0,0.9
202203060045,156.0,0.9
202203060100,152.0,1.3
202203060115,154.0,0.4
202203060130,148.0,0.4
202203060200,,0.0
202203060215,163.0,0.4
202203060230,154.0,0.9
202203060245,172.0,0.9
202203060300,157.0,0.4
202203060315,157.0,0.9
202203060330,161.0,1.3
202203060346,167.0,1.3
202203060400,219.0,0.9
202203060415,161.0,0.9
202203060430,177.0,1.3
202203060445,184.0,1.3
202203060500,180.0,1.8
202203060515,244.0,2.2
202203060530,222.0,1.8
202203060545,154.0,1.3
202203060600,149.0,0.9
202203060615,200.0,1.3
202203060630,148.0,1.3
202203060645,171.0,1.3
202203060700,190.0,0.4
202203060715,,0.0
202203060731,186.0,0.4
202203060746,228.0,0.4
202203060816,,0.0
202203060830,,0.0
202203060901,,0.0
202203060916,,0.0
202203060930,,0.0
202203060945,,0.0
202203061000,,0.0
202203061030,,0.0
202203061045,,0.0
202203061100,,0.0
202203061115,,0.0
202203061130,,0.0
202203061145,,0.0
202203061200,,0.0
202203061215,,0.0
202203061230,,0.0
202203061245,,0.0
202203061300,,0.0
202203061315,,0.0
202203061330,,0.0
202203061345,137.0,0.9
202203061400,226.0,0.4
202203061415,186.0,0.4
202203061430,128.0,1.3
202203061445,159.0,0.9
202203061500,152.0,1.3
202203061515,138.0,1.8
202203061530,154.0,1.8
202203061545,169.0,0.9
202203061600,157.0,1.3
202203061616,112.0,1.3
202203061631,140.0,1.8
202203061646,78.0,0.9
202203061700,124.0,1.8
202203061715,172.0,0.9
202203061732,128.0,1.3
202203061816,169.0,0.9
202203061830,158.0,0.4
202203061845,160.0,1.3
202203061900,195.0,0.9
202203061915,181.0,0.9
202203061930,186.0,1.3
202203061945,173.0,0.4
202203062000,215.0,0.9
202203062016,236.0,0.9
202203062030,183.0,2.2
202203062045,187.0,1.8
202203062100,216.0,1.3
202203062116,145.0,1.8
202203062130,101.0,1.3
202203062145,198.0,0.9
202203062200,217.0,0.9
202203062215,139.0,1.3
202203062230,134.0,1.3
202203062246,217.0,0.9
202203062300,160.0,0.4
202203062315,111.0,0.4
202203062345,,0.0
202203070001,,0.0
202203070015,,0.0
202203070031,,0.0
202203070045,,0.0
202203070100,,0.0
202203070115,,0.0
202203070131,,0.0
202203070146,,0.0
202203070201,,0.0
202203070216,138.0,0.4
202203070231,157.0,1.3
202203070245,165.0,2.2
202203070300,170.0,2.7
202203070315,163.0,1.3
202203070330,156.0,1.3
202203070345,127.0,1.3
202203070400,136.0,1.8
202203070415,141.0,1.3
202203070430,184.0,0.9
202203070445,154.0,1.3
202203070500,158.0,1.8
202203070515,151.0,1.8
202203070530,182.0,1.3
202203070545,163.0,2.2
202203070600,213.0,0.9
202203070615,133.0,0.9
202203070630,178.0,2.2
202203070645,216.0,1.3
202203070700,150.0,1.3
202203070715,149.0,1.3
202203070730,169.0,1.3
202203070745,220.0,2.2
202203070800,198.0,1.8
202203070815,177.0,1.3
202203070830,162.0,2.7
202203070845,210.0,0.4
202203070900,191.0,0.9
202203070916,218.0,1.8
202203070930,190.0,0.9
202203070945,170.0,0.9
202203071000,166.0,1.3
202203071015,157.0,0.4
202203071030,149.0,0.9
202203071045,175.0,0.4
202203071100,183.0,0.9
202203071116,248.0,0.9
202203071130,134.0,1.3
202203071145,145.0,1.3
202203071201,173.0,0.9
202203071216,159.0,1.3
202203071231,189.0,0.9
202203071246,167.0,0.9
202203071300,,0.0
202203071315,202.0,2.2
202203071330,157.0,1.3
202203071347,166.0,2.2
202203071400,136.0,1.8
202203071430,215.0,2.2
202203071500,120.0,1.8
202203071515,223.0,2.2
202203071530,227.0,2.7
202203071545,223.0,1.8
202203071600,211.0,2.2
202203071615,147.0,2.2
202203071630,90.0,1.8
202203071645,167.0,2.7
202203071700,161.0,3.1
202203071715,212.0,1.3
202203071745,150.0,1.8
202203071801,158.0,3.1
202203071816,187.0,1.8
202203071830,333.0,1.8
202203071845,291.0,1.8
202203071900,355.0,0.9
202203071916,290.0,1.8
202203071930,223.0,0.4
202203071945,291.0,1.3
202203072046,288.0,1.3
202203072101,302.0,1.8
202203072116,119.0,0.4
202203072132,53.0,0.4
202203072146,257.0,1.3
202203072200,325.0,0.9
202203072216,287.0,0.9
202203072231,259.0,0.4
202203072246,43.0,0.4
202203072300,346.0,0.9
202203072315,13.0,0.9
202203072330,,0.0
202203072345,277.0,0.9
202203080000,311.0,0.4
202203080015,,0.0
202203080030,69.0,0.4
202203080045,196.0,0.4
202203080100,223.0,0.4
202203080115,,0.0
202203080130,,0.0
202203080200,,0.0
202203080215,,0.0
202203080230,,0.0
202203080300,80.0,0.4
202203080315,330.0,0.9
202203080331,317.0,0.9
202203080345,336.0,0.9
202203080400,348.0,0.4
202203080415,64.0,0.4
202203080430,57.0,0.4
202203080516,334.0,0.4
202203080532,74.0,0.9
202203080546,40.0,0.4
202203080616,336.0,0.4
202203080632,311.0,0.9
202203080645,306.0,0.4
202203080700,34.0,0.4
202203080715,94.0,0.9
202203080730,73.0,0.4
202203080745,75.0,0.9
202203080800,,0.0
202203080830,0.0,1.3
202203080845,66.0,0.4
202203080900,77.0,0.4
202203080915,0.0,0.4
202203080930,,0.0
202203080945,,0.0
202203081000,,0.0
202203081015,315.0,0.4
202203081030,,0.0
202203081045,,0.0
202203081100,,0.0
202203081115,55.0,0.4
202203081130,,0.0
202203081145,,0.0
202203081200,85.0,0.4
202203081215,,0.0
202203081230,,0.0
202203081245,347.0,0.9
202203081300,23.0,0.4
202203081315,28.0,0.4
202203081330,44.0,0.9
202203081346,60.0,0.9
202203081400,,0.0
202203081415,292.0,0.4
202203081430,73.0,0.9
202203081446,80.0,0.9
202203081502,,0.0
202203081515,41.0,0.4
202203081530,,0.0
202203081546,,0.0
202203081600,,0.0
202203081616,,0.0
202203081631,74.0,0.4
202203081647,51.0,0.4
202203081700,,0.0
202203081715,84.0,0.4
202203081745,,0.0
202203081800,,0.0
202203081815,78.0,0.4
202203081830,,0.0
202203081845,74.0,0.4
202203081900,57.0,0.4
202203081915,72.0,0.9
202203081930,,0.0
202203081945,54.0,0.4
202203082000,43.0,0.4
202203082015,80.0,0.9
202203082030,36.0,0.9
202203082045,59.0,0.4
202203082100,55.0,0.4
202203082115,,0.0
202203082145,47.0,0.9
202203082200,75.0,0.4
202203082215,,0.0
202203082246,321.0,0.4
202203082300,,0.0
202203082315,223.0,0.9
202203082330,,0.0
202203082345,303.0,0.4
202203090000,28.0,0.4
202203090015,,0.0
202203090030,80.0,0.4
202203090045,,0.0
202203090100,78.0,0.4
202203090116,0.0,0.4
202203090130,,0.0
202203090147,57.0,1.3
202203090200,71.0,1.3
202203090215,138.0,0.4
202203090231,280.0,0.4
202203090245,72.0,0.4
202203090300,67.0,0.9
202203090316,63.0,0.4
202203090331,107.0,0.4
202203090346,,0.0
202203090400,69.0,0.4
202203090415,115.0,0.9
202203090430,80.0,0.4
202203090445,65.0,0.9
202203090500,,0.0
202203090515,71.0,0.4
202203090530,78.0,1.3
202203090545,73.0,0.9
202203090615,78.0,1.3
202203090630,99.0,0.9
202203090645,138.0,0.9
202203090700,59.0,0.9
202203090715,,0.0
202203090730,70.0,0.4
202203090745,299.0,1.3
202203090815,97.0,0.4
202203090830,171.0,0.4
202203090845,118.0,0.4
202203090900,298.0,0.4
202203090915,340.0,1.3
202203090930,217.0,0.4
202203091000,292.0,1.3
202203091015,291.0,0.4
202203091030,243.0,1.3
202203091045,,0.0
202203091100,,0.0
202203091115,331.0,0.4
202203091131,231.0,0.9
202203091145,11.0,0.4
202203091200,56.0,0.4
202203091216,271.0,0.4
202203091246,63.0,0.9
202203091300,214.0,0.9
202203091315,284.0,0.9
202203091330,46.0,0.4
202203091345,5.0,0.9
202203091400,334.0,1.3
202203091415,161.0,0.9
202203091430,36.0,0.4
202203091445,34.0,1.3
202203091515,284.0,0.4
202203091530,82.0,0.9
202203091545,346.0,0.9
202203091600,325.0,0.9
202203091615,59.0,0.4
202203091645,309.0,0.9
202203091700,34.0,0.9
202203091715,31.0,0.4
202203091730,30.0,0.4
202203091745,56.0,0.4
202203091800,304.0,0.9
202203091815,348.0,0.4
202203091830,62.0,0.4
202203091845,19.0,0.4
202203091900,74.0,0.9
202203091915,48.0,1.3
202203091945,73.0,0.4
202203092000,,0.0
202203092015,,0.0
202203092030,249.0,0.9
202203092045,328.0,0.4
202203092101,80.0,0.9
202203092147,59.0,0.4
202203092200,,0.0
202203092216,,0.0
202203092231,0.0,0.4
202203092246,0.0,0.9
202203092300,,0.0
202203092315,,0.0
202203092331,,0.0
202203092346,,0.0
202203100001,,0.0
202203100016,,0.0
202203100030,,0.0
202203100045,,0.0
202203100100,,0.0
202203100115,,0.0
202203100130,,0.0
202203100145,,0.0
202203100200,,0.0
202203100215,,0.0
202203100230,,0.0
202203100245,348.0,0.4
202203100300,,0.0
202203100315,82.0,0.4
202203100330,,0.0
202203100345,,0.0
202203100400,,0.0
202203100415,,0.0
202203100430,,0.0
202203100445,,0.0
202203100500,,0.0
202203100515,,0.0
202203100530,,0.0
202203100545,,0.0
202203100600,,0.0
202203100615,,0.0
202203100630,,0.0
202203100700,,0.0
202203100715,,0.0
202203100730,,0.0
202203100745,,0.0
202203100800,,0.0
202203100815,,0.0
202203100830,88.0,0.4
202203100845,,0.0
202203100900,,0.0
202203100915,,0.0
202203100930,,0.0
202203100945,,0.0
202203101015,,0.0
202203101030,,0.0
202203101045,,0.0
202203101100,,0.0
202203101115,,0.0
202203101130,,0.0
202203101145,,0.0
202203101200,,0.0
202203101215,,0.0
202203101230,,0.0
202203101245,,0.0
202203101301,,0.0
202203101315,,0.0
202203101330,,0.0
202203101345,98.0,0.4
202203101400,,0.0
202203101415,84.0,0.4
202203101430,72.0,0.4
202203101445,92.0,1.8
202203101500,111.0,0.4
202203101515,313.0,0.4
202203101531,71.0,1.3
202203101545,,0.0
202203101601,296.0,0.4
202203101615,277.0,0.9
202203101646,304.0,0.4
202203101700,337.0,0.4
202203101715,292.0,1.8
202203101730,12.0,0.9
202203101745,254.0,0.9
202203101800,51.0,1.3
202203101815,295.0,1.3
202203101830,279.0,1.3
202203101845,302.0,1.3
202203101900,344.0,0.9
202203101915,223.0,0.4
202203101945,288.0,0.9
202203102015,52.0,1.3
202203102030,,0.0
202203102045,90.0,0.4
202203102115,86.0,0.4
202203102130,,0.0
202203102145,152.0,0.4
202203102200,,0.0
202203102215,294.0,1.3
202203102230,150.0,0.4
202203102245,308.0,0.9
202203102300,212.0,0.4
202203102316,,0.0
202203102330,,0.0
202203102345,,0.0
202203110000,,0.0
202203110015,,0.0
202203110030,,0.0
202203110045,148.0,0.4
202203110100,,0.0
202203110115,,0.0
202203110130,,0.0
202203110145,,0.0
202203110200,,0.0
202203110216,,0.0
202203110231,,0.0
202203110245,,0.0
202203110300,,0.0
202203110315,,0.0
202203110331,,0.0
202203110345,,0.0
202203110400,,0.0
202203110415,,0.0
202203110430,,0.0
202203110445,,0.0
202203110516,,0.0
202203110531,,0.0
202203110546,,0.0
202203110600,,0.0
202203110615,,0.0
202203110630,,0.0
202203110645,,0.0
202203110700,,0.0
202203110715,,0.0
202203110730,,0.0
202203110745,,0.0
202203110800,,0.0
202203110815,,0.0
202203110830,,0.0
202203110845,,0.0
202203110900,,0.0
202203110930,,0.0
202203110945,,0.0
202203111015,,0.0
202203111030,,0.0
202203111045,,0.0
202203111100,,0.0
202203111115,138.0,0.4
202203111130,,0.0
202203111200,138.0,0.4
202203111215,,0.0
202203111230,,0.0
202203111245,138.0,0.4
202203111300,,0.0
202203111315,,0.0
202203111330,77.0,0.4
202203111345,78.0,0.4
202203111400,85.0,0.4
202203111415,76.0,0.4
202203111431,,0.0
202203111446,71.0,0.4
202203111501,71.0,0.4
202203111515,66.0,0.4
202203111530,66.0,0.4
202203111545,72.0,0.4
202203111600,73.0,0.4
202203111615,,0.0
202203111630,,0.0
202203111645,105.0,0.4
202203111700,64.0,1.3
202203111715,131.0,0.4
202203111730,,0.0
202203111745,,0.0
202203111800,75.0,0.4
202203111815,90.0,0.4
202203111831,,0.0
202203111845,171.0,0.4
202203111900,17.0,0.4
202203111916,169.0,0.4
202203111931,139.0,0.9
202203111945,119.0,0.9
202203112000,,0.0
202203112015,88.0,0.9
202203112030,,0.0
202203112045,62.0,0.4
202203112100,309.0,0.4
202203112115,257.0,0.9
202203112130,158.0,0.4
202203112145,,0.0
202203112215,,0.0
202203112230,,0.0
202203112245,141.0,0.4
202203112300,113.0,0.4
202203112315,56.0,1.3
202203112330,,0.0
202203120000,132.0,0.4
202203120015,,0.0
202203120030,103.0,0.4
202203120045,163.0,0.4
202203120100,184.0,0.4
202203120115,94.0,0.9
202203120131,92.0,1.3
202203120145,142.0,0.4
202203120200,226.0,0.4
202203120216,157.0,1.3
202203120230,,0.0
202203120245,206.0,0.4
202203120301,,0.0
202203120316,171.0,0.4
202203120330,171.0,0.4
202203120346,300.0,1.8
202203120401,333.0,1.3
202203120415,341.0,0.9
202203120431,55.0,1.3
202203120446,309.0,1.3
202203120500,329.0,1.8
202203120516,279.0,1.3
202203120530,96.0,2.2
202203120545,19.0,1.8
202203120600,51.0,2.7
202203120615,94.0,2.2
202203120630,166.0,0.9
202203120645,27.0,3.1
202203120700,350.0,1.3
202203120715,28.0,2.2
202203120730,132.0,1.3
202203120745,42.0,1.3
202203120800,322.0,0.9
202203120815,198.0,0.9
202203120830,94.0,0.4
202203120845,300.0,0.9
202203120900,279.0,1.8
202203120915,253.0,1.8
202203120931,296.0,1.8
202203120946,0.0,1.3
202203121001,286.0,1.8
202203121016,342.0,2.7
202203121030,340.0,1.3
202203121045,228.0,2.7
202203121100,319.0,1.3
202203121115,241.0,1.3
202203121130,79.0,1.3
202203121145,346.0,1.3
202203121215,59.0,1.3
202203121230,258.0,1.3
202203121245,294.0,2.2
202203121300,253.0,1.8
202203121315,153.0,1.8
202203121330,334.0,1.8
202203121345,279.0,1.3
202203121400,294.0,1.8
202203121415,292.0,2.2
202203121430,231.0,2.7
202203121445,226.0,1.3
202203121500,275.0,2.2
202203121515,327.0,3.1
202203121531,323.0,1.8
202203121545,310.0,3.6
202203121600,204.0,1.3
202203121615,289.0,1.8
202203121630,193.0,2.2
202203121645,342.0,1.3
202203121700,293.0,2.2
202203121715,286.0,3.1
202203121730,324.0,2.2
202203121745,320.0,2.2
202203121800,44.0,2.7
202203121815,323.0,1.8
202203121830,0.0,1.3
202203121845,298.0,2.2
202203121900,277.0,1.3
202203121915,36.0,2.2
202203121930,38.0,1.3
202203121945,58.0,2.7
202203122000,315.0,1.8
202203122030,80.0,2.7
202203122045,290.0,2.2
202203122100,337.0,1.8
202203122115,295.0,2.2
202203122130,197.0,1.8
202203122145,257.0,1.8
202203122200,265.0,1.3
202203122215,269.0,1.8
202203122230,327.0,1.3
202203122245,331.0,1.8
202203122300,341.0,0.9
202203122315,344.0,1.3
202203122330,285.0,0.9
202203122345,341.0,0.4
202203130000,100.0,0.4
202203130015,,0.0
202203130031,,0.0
202203130046,344.0,0.4
202203130100,29.0,0.4
202203130115,,0.0
202203130131,53.0,0.4
202203130146,,0.0
202203130200,,0.0
202203130201,,0.0
202203130215,,0.0
202203130245,,0.0
202203130300,,0.0
202203130315,,0.0
202203130330,,0.0
202203130400,,0.0
202203130415,,0.0
202203130430,,0.0
202203130445,98.0,0.4
202203130500,,0.0
202203130515,,0.0
202203130530,,0.0
202203130545,,0.0
202203130600,,0.0
202203130615,,0.0
202203130630,,0.0
202203130645,,0.0
202203130700,,0.0
202203130715,98.0,0.4
202203130730,,0.0
202203130745,,0.0
202203130800,,0.0
202203130815,,0.0
202203130830,,0.0
202203130845,,0.0
202203130900,,0.0
202203130915,,0.0
202203130930,,0.0
202203130945,,0.0
202203131000,,0.0
202203131016,,0.0
202203131046,,0.0
202203131100,,0.0
202203131115,,0.0
202203131130,,0.0
202203131145,,0.0
202203131200,,0.0
202203131215,,0.0
202203131230,,0.0
202203131245,,0.0
202203131300,,0.0
202203131315,,0.0
202203131330,,0.0
202203131345,78.0,0.4
202203131400,170.0,0.4
202203131415,,0.0
202203131431,9.0,0.9
202203131445,182.0,0.4
202203131500,283.0,0.4
202203131516,276.0,0.9
202203131530,88.0,0.4
202203131545,,0.0
202203131600,185.0,0.9
202203131615,146.0,1.3
202203131630,165.0,0.4
202203131645,107.0,0.4
202203131700,89.0,0.9
202203131715,142.0,0.9
202203131730,242.0,0.9
202203131745,189.0,0.4
202203131800,217.0,0.9
202203131815,290.0,0.9
202203131831,216.0,0.9
202203131845,241.0,0.9
202203131900,30.0,0.4
202203131915,155.0,0.4
202203131930,277.0,0.9
202203131945,153.0,1.3
202203132000,112.0,0.4
202203132015,171.0,0.4
202203132031,82.0,0.9
202203132045,98.0,0.4
202203132100,103.0,0.4
202203132115,223.0,0.9
202203132130,176.0,0.9
202203132145,144.0,0.9
202203132200,100.0,0.4
202203132230,190.0,0.4
202203132245,154.0,0.4
202203132300,152.0,0.9
202203132315,187.0,0.4
202203132345,,0.0
202203140000,,0.0
202203140015,,0.0
202203140030,,0.0
202203140100,,0.0
202203140115,,0.0
202203140130,,0.0
202203140145,,0.0
202203140200,,0.0
202203140215,,0.0
202203140245,,0.0
202203140315,,0.0
202203140330,,0.0
202203140345,,0.0
202203140400,,0.0
202203140415,,0.0
202203140430,,0.0
202203140445,,0.0
202203140500,,0.0
202203140515,,0.0
202203140530,,0.0
202203140545,,0.0
202203140600,,0.0
202203140615,,0.0
202203140630,,0.0
202203140646,,0.0
202203140701,,0.0
202203140715,,0.0
202203140730,,0.0
202203140800,,0.0
202203140815,,0.0
202203140830,,0.0
202203140845,,0.0
202203140900,,0.0
202203140916,,0.0
202203140931,,0.0
202203140946,,0.0
202203141002,,0.0
202203141015,,0.0
202203141030,,0.0
202203141045,,0.0
202203141100,,0.0
202203141115,,0.0
202203141145,,0.0
202203141200,,0.0
202203141215,,0.0
202203141230,,0.0
202203141245,,0.0
202203141300,,0.0
202203141315,,0.0
202203141345,,0.0
202203141400,,0.0
202203141415,102.0,0.4
202203141430,102.0,0.4
202203141445,168.0,1.8
202203141500,84.0,1.3
202203141516,146.0,1.3
202203141530,76.0,1.3
202203141545,153.0,1.3
202203141600,169.0,0.9
202203141615,148.0,1.8
202203141630,153.0,1.3
202203141645,125.0,2.7
202203141700,159.0,2.2
202203141715,166.0,2.2
202203141730,198.0,2.7
202203141745,228.0,1.3
202203141800,180.0,1.8
202203141815,146.0,0.9
202203141830,117.0,1.3
202203141845,134.0,0.9
202203141900,142.0,0.9
202203141915,164.0,1.8
202203141931,206.0,1.3
202203141945,143.0,0.9
202203142000,96.0,0.4
202203142031,243.0,1.3
202203142101,234.0,1.3
202203142115,104.0,0.9
202203142130,257.0,1.8
202203142145,113.0,0.9
202203142200,159.0,1.3
202203142215,146.0,0.4
202203142245,92.0,1.3
202203142300,,0.0
202203142315,140.0,0.9
202203142330,148.0,0.4
202203142345,172.0,0.4
202203150000,161.0,0.4
202203150015,,0.0
202203150030,120.0,0.4
202203150045,121.0,0.4
202203150100,98.0,0.9
202203150130,155.0,0.4
202203150200,,0.0
202203150215,,0.0
202203150300,,0.0
202203150315,,0.0
202203150330,,0.0
202203150345,,0.0
202203150400,,0.0
202203150415,,0.0
202203150430,,0.0
202203150445,,0.0
202203150500,118.0,0.9
202203150515,,0.0
202203150530,,0.0
202203150545,,0.0
202203150600,,0.0
202203150615,,0.0
202203150630,,0.0
202203150645,,0.0
202203150700,,0.0
202203150715,,0.0
202203150730,,0.0
202203150746,,0.0
202203150800,42.0,0.4
202203150815,,0.0
202203150830,,0.0
202203150845,,0.0
202203150900,,0.0
202203150915,,0.0
202203150930,81.0,0.4
202203150945,,0.0
202203151000,30.0,0.4
202203151015,77.0,0.4
202203151030,63.0,0.4
202203151045,,0.0
202203151100,132.0,0.4
202203151115,,0.0
202203151130,319.0,0.4
202203151200,50.0,0.9
202203151215,80.0,1.3
202203151245,94.0,0.9
202203151330,80.0,1.8
202203151345,75.0,0.4
202203151400,73.0,0.9
202203151415,104.0,0.9
202203151430,101.0,0.4
202203151445,73.0,1.3
202203151500,,0.0
202203151515,62.0,0.4
202203151531,,0.0
202203151545,,0.0
202203151600,,0.0
202203151615,69.0,0.4
202203151631,74.0,0.4
202203151646,52.0,0.9
202203151701,83.0,0.4
202203151715,78.0,0.4
202203151730,,0.0
202203151800,67.0,0.4
202203151815,65.0,0.9
202203151830,69.0,2.2
202203151845,57.0,0.9
202203151900,113.0,1.8
202203151915,50.0,1.3
202203151930,99.0,2.2
202203151945,82.0,2.2
202203152000,74.0,0.4
202203152015,59.0,0.4
202203152030,,0.0
202203152045,,0.0
202203152115,,0.0
202203152130,,0.0
202203152145,60.0,0.4
202203152200,,0.0
202203152215,92.0,0.4
202203152230,,0.0
202203152245,58.0,0.4
202203152300,63.0,0.9
202203152315,67.0,0.9
202203152330,79.0,0.9
202203152345,59.0,0.9
202203160015,140.0,2.2
202203160031,89.0,0.4
202203160045,78.0,0.9
202203160100,56.0,1.3
202203160116,107.0,1.8
202203160130,146.0,1.3
202203160146,146.0,1.8
202203160200,145.0,2.2
202203160215,82.0,1.8
202203160230,123.0,2.2
202203160300,116.0,1.3
202203160315,130.0,2.2
202203160330,131.0,1.3
202203160345,105.0,1.3
202203160400,96.0,1.3
202203160415,69.0,1.8
202203160445,117.0,0.4
202203160500,116.0,0.9
202203160515,,0.0
202203160530,249.0,0.4
202203160545,309.0,0.4
202203160600,,0.0
202203160615,,0.0
202203160645,,0.0
202203160700,67.0,0.4
202203160715,67.0,0.4
202203160730,65.0,1.3
202203160745,,0.0
202203160800,,0.0
202203160815,,0.0
202203160830,,0.0
202203160845,66.0,0.4
202203160900,74.0,1.3
202203160915,82.0,0.4
202203160930,,0.0
202203160945,62.0,0.9
202203161001,,0.0
202203161015,,0.0
202203161030,,0.0
202203161045,,0.0
202203161100,,0.0
202203161115,,0.0
202203161130,,0.0
202203161145,,0.0
202203161215,,0.0
202203161231,,0.0
202203161245,,0.0
202203161300,,0.0
202203161316,,0.0
202203161331,,0.0
202203161346,,0.0
202203161400,,0.0
202203161415,76.0,0.4
202203161430,114.0,0.4
202203161445,,0.0
202203161500,134.0,0.9
202203161515,,0.0
202203161530,140.0,0.4
202203161545,,0.0
202203161600,,0.0
202203161615,172.0,0.4
202203161630,192.0,0.4
202203161645,,0.0
202203161700,197.0,0.4
202203161715,,0.0
202203161730,286.0,0.9
202203161800,215.0,1.8
202203161815,170.0,0.9
202203161830,144.0,0.4
202203161845,144.0,0.9
202203161900,151.0,0.9
202203161916,134.0,0.9
202203161945,153.0,0.9
202203162000,,0.0
202203162015,315.0,0.9
202203162100,,0.0
202203162130,,0.0
202203162145,,0.0
202203162200,,0.0
202203162215,,0.0
202203162230,,0.0
202203162246,61.0,0.4
202203162301,64.0,0.4
202203162315,,0.0
202203162330,,0.0
202203162346,,0.0
202203170000,,0.0
202203170015,,0.0
202203170030,119.0,0.4
202203170045,,0.0
202203170100,,0.0
202203170115,119.0,0.4
202203170131,,0.0
202203170145,,0.0
202203170200,,0.0
202203170215,,0.0
202203170230,,0.0
202203170245,,0.0
202203170300,,0.0
202203170315,,0.0
202203170330,,0.0
202203170345,,0.0
202203170400,,0.0
202203170415,,0.0
202203170430,,0.0
202203170445,,0.0
202203170500,,0.0
202203170515,,0.0
202203170545,,0.0
202203170600,,0.0
202203170615,,0.0
202203170630,,0.0
202203170645,115.0,0.4
202203170700,,0.0
202203170715,,0.0
202203170730,,0.0
202203170800,,0.0
202203170815,,0.0
202203170830,,0.0
202203170845,,0.0
202203170900,,0.0
202203170915,,0.0
202203170930,,0.0
202203170945,,0.0
202203171000,,0.0
202203171045,,0.0
202203171100,,0.0
202203171115,,0.0
202203171130,,0.0
202203171145,,0.0
202203171200,,0.0
202203171216,93.0,0.4
202203171230,85.0,0.9
202203171245,,0.0
202203171300,,0.0
202203171315,,0.0
202203171345,,0.0
202203171400,,0.0
202203171415,,0.0
202203171430,,0.0
202203171445,,0.0
202203171500,,0.0
202203171515,,0.0
202203171530,147.0,0.4
202203171545,149.0,0.4
202203171600,,0.0
202203171615,142.0,0.9
202203171630,144.0,1.3
202203171645,164.0,0.4
202203171701,106.0,1.3
202203171715,,0.0
202203171730,166.0,1.3
202203171745,82.0,1.8
202203171800,88.0,0.9
202203171830,155.0,1.3
202203171845,79.0,0.9
202203171900,107.0,0.4
202203171915,115.0,1.3
202203171930,,0.0
202203171945,158.0,2.2
202203172000,122.0,0.4
202203172015,96.0,0.4
202203172030,162.0,0.4
202203172045,146.0,1.3
202203172100,92.0,0.9
202203172115,88.0,0.9
202203172130,119.0,0.9
202203172145,141.0,1.8
202203172200,149.0,1.8
202203172215,168.0,0.9
202203172230,163.0,1.8
202203172245,136.0,1.3
202203172300,74.0,1.3
202203172315,132.0,0.4
202203172330,,0.0
202203172345,108.0,0.4
202203180000,132.0,0.9
202203180030,,0.0
202203180045,,0.0
202203180100,,0.0
202203180115,,0.0
202203180130,135.0,0.4
202203180145,,0.0
202203180200,,0.0
202203180215,,0.0
202203180230,,0.0
202203180245,,0.0
202203180300,,0.0
202203180315,,0.0
202203180330,,0.0
202203180346,,0.0
202203180401,,0.0
202203180415,,0.0
202203180430,,0.0
202203180445,98.0,0.4
202203180516,,0.0
202203180531,,0.0
202203180600,148.0,0.9
202203180615,138.0,0.4
202203180630,153.0,1.3
202203180700,119.0,0.9
202203180715,175.0,0.9
202203180730,173.0,0.4
202203180745,146.0,1.3
202203180800,146.0,0.4
202203180815,171.0,0.4
202203180830,188.0,0.9
202203180845,153.0,0.4
202203180915,153.0,0.4
202203180930,146.0,0.4
202203181000,127.0,0.4
202203181015,118.0,1.3
202203181030,158.0,0.4
202203181045,119.0,0.9
202203181100,121.0,1.3
202203181115,138.0,0.9
202203181145,88.0,0.4
202203181200,72.0,0.9
202203181215,67.0,1.3
202203181230,137.0,3.6
202203181245,44.0,0.9
202203181300,59.0,0.9
202203181315,150.0,0.9
202203181330,132.0,1.3
202203181345,53.0,1.3
202203181400,121.0,0.9
202203181416,,0.0
202203181430,,0.0
202203181446,,0.0
202203181500,88.0,0.9
202203181516,78.0,1.3
202203181545,125.0,0.9
202203181600,142.0,1.3
202203181615,96.0,1.3
202203181630,148.0,0.4
202203181645,125.0,1.3
202203181700,115.0,1.3
202203181715,92.0,0.4
202203181730,121.0,0.4
202203181745,142.0,1.3
202203181800,152.0,1.3
202203181815,173.0,0.4
202203181830,192.0,1.3
202203181845,132.0,0.9
202203181900,159.0,2.2
202203181915,90.0,0.9
202203181930,109.0,2.2
202203181945,117.0,0.9
202203182000,176.0,1.3
202203182015,88.0,1.3
202203182045,123.0,2.2
202203182100,152.0,2.2
202203182115,117.0,0.9
202203182130,161.0,0.9
202203182200,171.0,1.3
202203182215,145.0,2.2
202203182245,103.0,0.4
202203182300,168.0,0.4
202203182315,86.0,0.9
202203182330,86.0,0.4
202203190000,123.0,0.4
202203190015,159.0,0.9
202203190030,189.0,0.4
202203190045,,0.0
202203190100,,0.0
202203190130,,0.0
202203190145,211.0,0.4
202203190200,215.0,0.4
202203190215,,0.0
202203190230,158.0,0.4
202203190245,,0.0
202203190300,,0.0
202203190316,,0.0
202203190330,320.0,0.4
202203190345,,0.0
202203190400,,0.0
202203190415,,0.0
202203190430,213.0,0.9
202203190445,173.0,0.9
202203190500,178.0,0.9
202203190515,311.0,0.4
202203190530,216.0,0.9
202203190545,315.0,0.4
202203190600,190.0,0.4
202203190615,304.0,0.9
202203190630,202.0,1.3
202203190645,221.0,0.4
202203190700,263.0,1.3
202203190715,237.0,0.4
202203190730,217.0,1.3
202203190745,221.0,0.9
202203190800,105.0,0.4
202203190815,247.0,0.4
202203190830,,0.0
202203190845,,0.0
202203190900,256.0,0.4
202203190915,198.0,0.4
202203190930,,0.0
202203190945,263.0,0.9
202203191000,269.0,0.4
202203191016,,0.0
202203191030,,0.0
202203191045,227.0,0.4
202203191100,,0.0
202203191115,,0.0
202203191130,,0.0
202203191145,,0.0
202203191200,,0.0
202203191215,182.0,0.4
202203191230,299.0,0.9
202203191245,319.0,1.8
202203191300,320.0,2.7
202203191315,250.0,0.9
202203191330,338.0,1.3
202203191345,209.0,0.9
202203191400,39.0,2.2
202203191415,310.0,1.3
202203191430,183.0,1.3
202203191445,294.0,0.9
202203191500,310.0,1.3
202203191515,265.0,1.8
202203191530,190.0,1.3
202203191545,202.0,1.3
202203191600,37.0,0.4
202203191615,296.0,0.4
202203191630,211.0,1.3
202203191645,216.0,0.9
202203191700,276.0,2.2
202203191716,211.0,1.8
202203191730,261.0,2.2
202203191801,282.0,2.7
202203191815,245.0,1.8
202203191830,184.0,1.3
202203191845,341.0,0.4
202203191900,21.0,1.3
202203191915,180.0,1.3
202203191945,325.0,1.8
202203192000,349.0,2.2
202203192015,267.0,1.8
202203192030,319.0,1.3
202203192045,355.0,2.2
202203192100,315.0,1.3
202203192115,344.0,0.9
202203192130,276.0,0.4
202203192145,286.0,1.8
202203192200,261.0,1.3
202203192215,199.0,1.8
202203192230,80.0,0.9
202203192245,247.0,0.9
202203192300,17.0,0.4
202203192315,250.0,0.9
202203192330,276.0,0.9
202203192345,327.0,0.4
202203200000,241.0,0.4
202203200015,,0.0
202203200030,,0.0
202203200045,,0.0
202203200100,,0.0
202203200115,,0.0
202203200130,,0.0
202203200145,,0.0
202203200200,,0.0
202203200215,,0.0
202203200230,,0.0
202203200245,,0.0
202203200300,,0.0
202203200315,,0.0
202203200330,,0.0
202203200345,,0.0
202203200400,,0.0
202203200415,,0.0
202203200431,,0.0
202203200446,,0.0
202203200500,,0.0
202203200515,,0.0
202203200531,,0.0
202203200547,,0.0
202203200600,,0.0
202203200615,,0.0
202203200630,,0.0
202203200645,,0.0
202203200700,,0.0
202203200715,,0.0
202203200730,,0.0
202203200745,,0.0
202203200800,,0.0
202203200815,,0.0
202203200830,,0.0
202203200845,,0.0
202203200900,,0.0
202203200915,,0.0
202203200945,,0.0
202203201000,,0.0
202203201015,,0.0
202203201030,,0.0
202203201045,,0.0
202203201100,,0.0
202203201115,,0.0
202203201130,,0.0
202203201200,,0.0
202203201215,,0.0
202203201230,,0.0
202203201245,,0.0
202203201300,,0.0
202203201315,67.0,0.4
202203201330,,0.0
202203201346,150.0,0.4
202203201400,169.0,0.4
202203201415,136.0,0.4
202203201430,151.0,0.4
202203201445,188.0,0.4
202203201500,190.0,0.4
202203201515,203.0,0.4
202203201530,307.0,0.9
202203201545,271.0,1.3
202203201615,76.0,1.3
202203201630,227.0,1.3
202203201646,260.0,2.7
202203201700,199.0,1.3
202203201715,159.0,0.4
202203201730,51.0,1.8
202203201746,219.0,0.9
202203201800,22.0,0.4
202203201815,173.0,1.3
202203201830,252.0,2.2
202203201845,146.0,0.4
202203201900,350.0,1.3
202203201915,306.0,1.3
202203201930,58.0,1.3
202203201945,225.0,0.4
202203202000,22.0,0.9
202203202015,235.0,0.4
202203202045,51.0,0.9
202203202100,164.0,1.3
202203202130,355.0,0.9
202203202145,172.0,0.4
202203202200,271.0,1.3
202203202215,288.0,0.9
202203202230,,0.0
202203202245,,0.0
202203202300,267.0,0.9
202203202315,19.0,0.4
202203210000,,0.0
202203210015,,0.0
202203210030,,0.0
202203210115,,0.0
202203210130,,0.0
202203210145,,0.0
202203210200,,0.0
202203210215,,0.0
202203210230,,0.0
202203210245,,0.0
202203210300,,0.0
202203210315,,0.0
202203210330,,0.0
202203210345,,0.0
202203210400,,0.0
202203210415,,0.0
202203210430,,0.0
202203210445,,0.0
202203210500,,0.0
202203210515,,0.0
202203210530,,0.0
202203210545,,0.0
202203210600,,0.0
202203210616,,0.0
202203210630,,0.0
202203210645,,0.0
202203210701,,0.0
202203210716,,0.0
202203210745,,0.0
202203210800,,0.0
202203210815,,0.0
202203210830,,0.0
202203210845,,0.0
202203210900,,0.0
202203210915,,0.0
202203210930,,0.0
202203210945,,0.0
202203211000,,0.0
202203211015,,0.0
202203211030,,0.0
202203211045,,0.0
202203211100,,0.0
202203211115,,0.0
202203211130,,0.0
202203211145,,0.0
202203211200,,0.0
202203211215,,0.0
202203211231,,0.0
202203211300,,0.0
202203211315,62.0,0.4
202203211330,53.0,0.9
202203211345,86.0,0.9
202203211400,70.0,0.4
202203211416,81.0,0.9
202203211431,,0.0
202203211445,134.0,1.3
202203211500,144.0,1.8
202203211515,121.0,1.3
202203211545,130.0,2.7
202203211600,165.0,0.9
202203211615,133.0,0.9
202203211630,147.0,0.4
202203211645,88.0,1.3
202203211715,169.0,2.7
202203211730,165.0,2.2
202203211745,96.0,1.3
202203211800,59.0,1.3
202203211815,138.0,1.3
202203211830,252.0,2.2
202203211845,113.0,0.9
202203211900,94.0,1.8
202203211915,120.0,1.8
202203211930,107.0,0.9
202203211945,146.0,1.3
202203212000,161.0,1.8
202203212015,150.0,2.2
202203212030,216.0,0.9
202203212045,221.0,1.3
202203212100,140.0,0.9
202203212130,178.0,1.8
202203212145,111.0,2.7
202203212200,87.0,3.1
202203212215,188.0,1.8
202203212230,111.0,1.8
202203212245,155.0,1.3
202203212300,234.0,0.9
202203212315,160.0,1.8
202203212330,142.0,2.2
202203220000,153.0,0.4
202203220015,,0.0
202203220030,147.0,0.4
202203220045,142.0,0.4
202203220100,,0.0
202203220130,,0.0
202203220145,89.0,0.4
202203220201,122.0,0.4
202203220215,140.0,0.9
202203220230,115.0,0.9
202203220245,152.0,0.9
202203220300,112.0,1.3
202203220315,162.0,1.8
202203220330,127.0,1.3
202203220400,82.0,1.3
202203220415,138.0,1.3
202203220430,103.0,1.8
202203220445,135.0,0.4
202203220500,110.0,0.9
202203220515,121.0,1.3
202203220530,74.0,0.4
202203220545,98.0,0.4
202203220601,111.0,0.9
202203220615,90.0,0.4
202203220631,,0.0
202203220645,,0.0
202203220700,118.0,0.4
202203220716,111.0,0.4
202203220745,104.0,0.4
202203220800,99.0,0.4
202203220815,355.0,0.4
202203220830,,0.0
202203220845,137.0,0.9
202203220900,125.0,0.9
202203220915,146.0,0.4
202203220930,126.0,1.3
202203220945,130.0,1.8
202203221000,171.0,1.8
202203221015,121.0,3.1
202203221030,107.0,1.8
202203221045,100.0,1.8
202203221100,117.0,1.3
202203221115,124.0,2.2
202203221130,90.0,1.3
202203221145,138.0,1.3
202203221200,74.0,1.3
202203221216,127.0,2.7
202203221230,104.0,1.3
202203221245,125.0,1.3
202203221300,146.0,2.7
202203221315,145.0,2.2
202203221330,200.0,1.8
202203221345,144.0,3.1
202203221401,163.0,2.7
202203221415,126.0,1.8
202203221446,144.0,1.8
202203221501,146.0,2.7
202203221515,159.0,1.3
202203221530,113.0,0.9
202203221545,171.0,3.1
202203221600,150.0,3.1
202203221615,123.0,2.2
202203221630,162.0,1.3
202203221645,138.0,2.2
202203221700,111.0,2.7
202203221715,151.0,1.8
202203221730,127.0,1.8
202203221745,96.0,2.7
202203221800,104.0,2.2
202203221815,120.0,2.7
202203221830,126.0,2.7
202203221845,248.0,2.7
202203221900,140.0,4.0
202203221915,153.0,1.8
202203221930,164.0,2.2
202203221945,121.0,2.2
202203222001,154.0,2.2
202203222016,132.0,4.5
202203222030,156.0,3.1
202203222045,136.0,2.7
202203222100,151.0,2.7
202203222115,92.0,1.3
202203222130,123.0,2.2
202203222145,157.0,2.2
202203222215,213.0,2.2
202203222230,113.0,2.7
202203222245,114.0,1.8
202203222300,148.0,3.1
202203222315,188.0,2.7
202203222330,140.0,2.7
202203222345,153.0,1.3
202203230000,150.0,2.7
202203230015,248.0,2.2
202203230030,133.0,1.3
202203230045,133.0,2.2
202203230100,125.0,1.3
202203230115,108.0,1.8
202203230130,125.0,2.2
202203230145,130.0,1.8
202203230200,114.0,1.3
202203230215,95.0,0.9
202203230230,325.0,0.9
202203230245,249.0,1.8
202203230300,322.0,0.4
202203230315,26.0,0.4
202203230330,,0.0
202203230345,,0.0
202203230400,65.0,0.4
202203230415,,0.0
202203230430,,0.0
202203230445,65.0,0.4
202203230500,65.0,0.4
202203230515,,0.0
202203230531,,0.0
202203230546,,0.0
202203230600,,0.0
202203230615,,0.0
202203230630,,0.0
202203230645,,0.0
202203230700,,0.0
202203230715,136.0,0.4
202203230730,,0.0
202203230745,195.0,0.9
202203230801,154.0,0.9
202203230815,136.0,0.9
202203230830,162.0,1.3
202203230845,148.0,0.9
202203230900,96.0,0.9
202203230915,116.0,0.9
202203230945,148.0,0.9
202203231000,168.0,0.9
202203231015,227.0,1.3
202203231030,84.0,0.9
202203231045,237.0,0.9
202203231100,217.0,1.3
202203231130,144.0,0.4
202203231145,240.0,0.4
202203231200,193.0,1.3
202203231215,,0.0
202203231230,,0.0
202203231245,,0.0
202203231300,200.0,0.4
202203231315,194.0,0.4
202203231330,250.0,0.4
202203231345,271.0,0.4
202203231400,232.0,0.9
202203231415,265.0,1.8
202203231430,178.0,1.3
202203231445,192.0,1.3
202203231500,227.0,0.9
202203231515,178.0,1.8
202203231530,242.0,1.8
202203231546,163.0,1.3
202203231600,259.0,2.2
202203231615,218.0,2.2
202203231630,183.0,2.2
202203231645,142.0,2.2
202203231700,261.0,2.2
202203231715,198.0,2.7
202203231730,295.0,1.3
202203231745,237.0,2.2
202203231800,178.0,2.7
202203231815,234.0,1.8
202203231830,136.0,2.2
202203231900,115.0,3.1
202203231915,225.0,1.8
202203231930,218.0,1.8
202203231945,169.0,1.8
202203232000,256.0,2.7
202203232015,275.0,1.8
202203232030,301.0,2.2
202203232046,207.0,1.8
202203232115,47.0,2.2
202203232130,231.0,1.8
202203232145,228.0,2.2
202203232200,301.0,0.9
202203232215,290.0,0.9
202203232231,302.0,0.9
202203232245,250.0,1.3
202203232315,231.0,1.3
202203232345,252.0,0.9
202203240000,285.0,0.4
202203240015,,0.0
202203240030,,0.0
202203240046,,0.0
202203240115,,0.0
202203240130,262.0,0.4
202203240145,209.0,0.4
202203240215,122.0,0.9
202203240230,,0.0
202203240245,,0.0
202203240300,,0.0
202203240315,326.0,0.4
202203240345,80.0,0.4
202203240400,,0.0
202203240415,,0.0
202203240430,,0.0
202203240445,,0.0
202203240500,,0.0
202203240515,,0.0
202203240530,41.0,0.4
202203240545,,0.0
202203240600,,0.0
202203240616,,0.0
202203240630,,0.0
202203240645,,0.0
202203240715,,0.0
202203240730,,0.0
202203240745,31.0,0.4
202203240800,,0.0
202203240815,,0.0
202203240830,,0.0
202203240900,,0.0
202203240915,,0.0
202203240930,,0.0
202203241000,,0.0
202203241015,,0.0
202203241030,,0.0
202203241045,,0.0
202203241100,,0.0
202203241115,,0.0
202203241130,86.0,0.4
202203241200,,0.0
202203241215,,0.0
202203241230,,0.0
202203241245,,0.0
202203241300,,0.0
202203241315,,0.0
202203241330,,0.0
202203241345,,0.0
202203241401,160.0,0.4
202203241415,225.0,0.9
202203241430,190.0,1.3
202203241445,273.0,0.4
202203241500,165.0,1.3
202203241515,285.0,1.3
202203241530,294.0,1.3
202203241545,236.0,1.3
202203241600,233.0,1.8
202203241615,213.0,1.8
202203241630,309.0,2.7
202203241645,171.0,1.8
202203241700,292.0,1.3
202203241715,216.0,1.8
202203241745,236.0,2.2
202203241800,275.0,1.3
202203241815,275.0,0.9
202203241830,145.0,1.8
202203241845,311.0,3.1
202203241900,180.0,1.3
202203241915,214.0,1.8
202203241930,259.0,1.8
202203241945,252.0,0.9
202203242000,246.0,1.3
202203242015,159.0,0.9
202203242031,276.0,2.7
202203242045,302.0,1.8
202203242130,290.0,2.2
202203242145,250.0,2.2
202203242200,244.0,1.8
202203242215,221.0,1.8
202203242230,245.0,0.9
202203242245,24.0,1.3
202203242300,187.0,0.9
202203242315,224.0,1.3
202203242330,252.0,1.3
202203250000,221.0,0.4
202203250015,,0.0
202203250030,,0.0
202203250045,,0.0
202203250100,,0.0
202203250130,,0.0
202203250145,,0.0
202203250200,,0.0
202203250215,,0.0
202203250230,,0.0
202203250245,,0.0
202203250300,,0.0
202203250315,,0.0
202203250330,,0.0
202203250345,,0.0
202203250400,,0.0
202203250415,,0.0
202203250430,,0.0
202203250445,,0.0
202203250500,,0.0
202203250515,,0.0
202203250530,,0.0
202203250545,,0.0
202203250600,,0.0
202203250615,271.0,0.4
202203250630,,0.0
202203250645,,0.0
202203250700,,0.0
202203250715,,0.0
202203250730,,0.0
202203250745,,0.0
202203250800,,0.0
202203250830,,0.0
202203250845,,0.0
202203250900,,0.0
202203250915,,0.0
202203250930,,0.0
202203250945,,0.0
202203251000,,0.0
202203251016,,0.0
202203251031,,0.0
202203251045,,0.0
202203251101,,0.0
202203251145,,0.0
202203251200,,0.0
202203251215,,0.0
202203251230,,0.0
202203251245,,0.0
202203251300,,0.0
202203251330,,0.0
202203251345,,0.0
202203251400,,0.0
202203251415,,0.0
202203251430,282.0,0.9
202203251445,306.0,0.9
202203251515,225.0,1.3
202203251530,272.0,2.2
202203251600,306.0,2.7
202203251615,339.0,1.8
202203251630,325.0,1.8
202203251715,236.0,1.3
202203251730,217.0,0.9
202203251745,228.0,2.2
202203251800,212.0,1.3
202203251830,207.0,1.3
202203251845,214.0,1.8
202203251900,239.0,1.8
202203251915,314.0,1.3
202203251930,175.0,2.2
202203251946,277.0,2.2
202203252000,167.0,1.8
202203252015,218.0,1.8
202203252030,271.0,1.8
202203252100,285.0,2.7
202203252115,216.0,1.3
202203252130,275.0,0.9
202203252145,217.0,1.8
202203252200,12.0,2.7
202203252215,238.0,0.4
202203252230,243.0,1.3
202203252245,255.0,2.2
202203252300,243.0,0.4
202203252315,229.0,1.8
202203252330,267.0,0.4
202203252345,67.0,0.4
202203260000,242.0,1.3
202203260015,229.0,2.2
202203260030,240.0,1.3
202203260045,,0.0
202203260100,,0.0
202203260115,,0.0
202203260200,,0.0
202203260215,,0.0
202203260245,,0.0
202203260300,,0.0
202203260315,,0.0
202203260330,,0.0
202203260400,,0.0
202203260415,,0.0
202203260431,,0.0
202203260500,,0.0
202203260515,,0.0
202203260530,192.0,0.4
202203260546,,0.0
202203260601,,0.0
202203260615,,0.0
202203260630,142.0,0.4
202203260645,292.0,0.4
202203260700,279.0,1.3
202203260730,227.0,0.4
202203260745,,0.0
202203260800,,0.0
202203260815,136.0,0.9
202203260830,308.0,0.9
202203260900,100.0,0.9
202203260915,215.0,0.9
202203260945,355.0,0.9
202203261000,268.0,1.3
202203261015,308.0,0.4
202203261030,61.0,0.4
202203261045,113.0,0.4
202203261100,59.0,0.4
202203261115,188.0,0.4
202203261130,165.0,0.4
202203261145,,0.0
202203261200,148.0,0.4
202203261215,,0.0
202203261230,,0.0
202203261245,242.0,0.4
202203261300,,0.0
202203261330,271.0,0.4
202203261346,263.0,0.4
202203261400,269.0,0.9
202203261415,309.0,0.9
202203261445,87.0,0.9
202203261515,300.0,1.3
202203261530,323.0,1.8
202203261600,324.0,2.2
202203261615,167.0,1.8
202203261630,227.0,3.1
202203261645,339.0,2.2
202203261700,294.0,3.1
202203261715,275.0,0.4
202203261730,233.0,3.6
202203261745,237.0,2.7
202203261815,178.0,2.7
202203261830,310.0,3.1
202203261900,290.0,2.2
202203261915,191.0,0.9
202203261930,237.0,2.2
202203261945,258.0,2.7
202203262000,124.0,1.8
202203262015,234.0,2.7
202203262030,38.0,2.7
202203262045,300.0,3.1
202203262100,265.0,2.2
202203262130,213.0,2.2
202203262145,298.0,2.2
202203262200,111.0,1.8
202203262215,139.0,2.2
202203262230,243.0,1.3
202203262245,223.0,1.8
202203262300,311.0,1.8
202203262330,225.0,0.9
202203262345,291.0,0.9
202203270015,263.0,1.3
202203270030,263.0,0.4
202203270045,222.0,0.4
202203270100,,0.0
202203270115,216.0,0.4
202203270130,10.0,0.4
202203270145,306.0,0.4
202203270200,281.0,0.4
202203270215,310.0,0.4
202203270230,,0.0
202203270245,182.0,0.4
202203270300,205.0,0.4
202203270315,303.0,0.4
202203270330,325.0,0.4
202203270345,351.0,0.4
202203270400,157.0,0.4
202203270415,127.0,0.4
202203270430,229.0,0.9
202203270445,,0.0
202203270500,135.0,0.4
202203270515,252.0,0.9
202203270530,57.0,0.4
202203270545,242.0,0.9
202203270601,,0.0
202203270615,168.0,0.4
202203270631,,0.0
202203270645,170.0,0.4
202203270700,,0.0
202203270715,,0.0
202203270730,,0.0
202203270745,,0.0
202203270800,,0.0
202203270815,,0.0
202203270830,,0.0
202203270845,,0.0
202203270900,,0.0
202203270915,,0.0
202203270930,,0.0
202203270945,,0.0
202203271000,,0.0
202203271015,,0.0
202203271030,,0.0
202203271045,,0.0
202203271100,,0.0
202203271115,,0.0
202203271130,,0.0
202203271145,,0.0
202203271200,,0.0
202203271215,333.0,0.4
202203271230,344.0,0.4
202203271245,287.0,0.4
202203271300,14.0,0.9
202203271315,126.0,0.9
202203271330,,0.0
202203271345,,0.0
202203271400,75.0,0.9
202203271415,9.0,0.4
202203271430,300.0,0.4
202203271500,302.0,0.9
202203271515,334.0,0.9
202203271530,263.0,1.8
202203271545,263.0,1.3
202203271600,58.0,0.9
202203271615,319.0,1.8
202203271630,273.0,0.9
202203271645,44.0,0.9
202203271700,301.0,0.9
202203271716,54.0,1.8
202203271731,240.0,1.3
202203271745,32.0,1.3
202203271800,103.0,0.9
202203271830,255.0,2.2
202203271845,304.0,0.9
202203271901,45.0,0.9
202203271930,61.0,0.9
202203271945,323.0,0.4
202203272000,285.0,0.9
202203272015,44.0,0.9
202203272030,268.0,0.9
202203272045,306.0,0.9
202203272100,333.0,0.9
202203272115,45.0,0.9
202203272130,286.0,0.4
202203272145,319.0,0.9
202203272200,31.0,0.4
202203272215,281.0,0.9
202203272230,32.0,1.3
202203272245,71.0,0.4
202203272315,46.0,0.4
202203272345,,0.0
202203280000,,0.0
202203280015,,0.0
202203280030,,0.0
202203280045,,0.0
202203280100,36.0,0.4
202203280115,,0.0
202203280130,,0.0
202203280145,37.0,0.4
202203280200,,0.0
202203280215,,0.0
202203280230,59.0,0.9
202203280245,,0.0
202203280300,,0.0
202203280315,,0.0
202203280330,53.0,0.4
202203280345,,0.0
202203280400,,0.0
202203280415,34.0,0.4
202203280430,,0.0
202203280445,,0.0
202203280500,,0.0
202203280515,62.0,0.4
202203280530,,0.0
202203280545,,0.0
202203280600,,0.0
202203280615,,0.0
202203280630,,0.0
202203280645,,0.0
202203280700,,0.0
202203280715,,0.0
202203280730,76.0,0.4
202203280800,,0.0
202203280815,,0.0
202203280831,,0.0
202203280846,,0.0
202203280901,,0.0
202203280915,,0.0
202203280930,,0.0
202203280946,,0.0
202203281000,,0.0
202203281031,,0.0
202203281046,,0.0
202203281100,,0.0
202203281115,,0.0
202203281130,,0.0
202203281145,,0.0
202203281200,,0.0
202203281215,,0.0
202203281230,,0.0
202203281245,,0.0
202203281300,63.0,0.4
202203281315,,0.0
202203281330,355.0,0.4
202203281345,,0.0
202203281400,25.0,0.4
202203281415,317.0,0.9
202203281430,84.0,0.4
202203281445,93.0,2.7
202203281500,105.0,0.9
202203281515,80.0,1.3
202203281531,22.0,0.4
202203281545,,0.0
202203281600,154.0,0.4
202203281615,344.0,0.4
202203281630,109.0,0.9
202203281645,232.0,1.3
202203281700,285.0,0.9
202203281715,65.0,0.4
202203281730,271.0,0.9
202203281745,293.0,0.4
202203281815,77.0,0.9
202203281830,197.0,0.4
202203281845,307.0,0.9
202203281900,277.0,0.9
202203281915,273.0,1.8
202203281930,277.0,0.4
202203281945,229.0,0.9
202203282000,164.0,0.4
202203282015,304.0,0.9
202203282030,306.0,1.3
202203282045,257.0,0.4
202203282100,5.0,0.9
202203282115,287.0,2.2
202203282130,110.0,0.9
202203282145,238.0,0.4
202203282200,306.0,0.4
202203282215,279.0,0.9
202203282230,355.0,0.9
202203282245,40.0,0.4
202203282315,,0.0
202203282330,,0.0
202203282345,,0.0
202203290000,,0.0
202203290016,,0.0
202203290045,,0.0
202203290100,,0.0
202203290115,,0.0
202203290130,,0.0
202203290145,,0.0
202203290200,,0.0
202203290216,,0.0
202203290230,,0.0
202203290245,,0.0
202203290301,,0.0
202203290315,,0.0
202203290331,,0.0
202203290346,50.0,0.4
202203290401,61.0,0.4
202203290416,,0.0
202203290430,,0.0
202203290446,,0.0
202203290500,,0.0
202203290515,,0.0
202203290530,,0.0
202203290545,,0.0
202203290600,,0.0
202203290615,,0.0
202203290630,,0.0
202203290645,,0.0
202203290700,,0.0
202203290715,63.0,0.9
202203290730,266.0,0.4
202203290745,,0.0
202203290845,84.0,0.9
202203290900,72.0,0.4
202203290915,317.0,0.9
202203290930,61.0,0.9
202203290945,,0.0
202203291000,82.0,0.9
202203291015,,0.0
202203291030,314.0,0.9
202203291045,,0.0
202203291100,,0.0
202203291115,,0.0
202203291130,65.0,0.4
202203291145,,0.0
202203291200,,0.0
202203291215,,0.0
202203291230,66.0,0.4
202203291246,,0.0
202203291315,60.0,0.4
202203291330,,0.0
202203291345,,0.0
202203291400,65.0,0.4
202203291415,65.0,0.4
202203291445,,0.0
202203291500,,0.0
202203291515,165.0,0.4
202203291530,119.0,0.4
202203291545,172.0,0.4
202203291600,225.0,0.4
202203291615,160.0,0.4
202203291630,161.0,0.9
202203291645,165.0,0.9
202203291700,,0.0
202203291715,196.0,0.4
202203291731,211.0,0.9
202203291745,173.0,0.4
202203291800,154.0,0.9
202203291815,168.0,0.9
202203291831,202.0,0.9
202203291845,86.0,0.4
202203291900,163.0,1.3
202203291915,39.0,0.9
202203291930,128.0,0.9
202203291945,152.0,0.9
202203292000,105.0,0.9
202203292030,85.0,0.9
202203292045,144.0,0.9
202203292100,130.0,1.8
202203292115,76.0,0.9
202203292130,154.0,1.3
202203292145,147.0,1.3
202203292200,111.0,1.8
202203292215,115.0,1.3
202203292230,140.0,1.3
202203292245,106.0,0.4
202203292300,130.0,0.9
202203292315,110.0,0.9
202203292330,132.0,0.9
202203292345,82.0,0.4
202203300000,,0.0
202203300015,123.0,0.4
202203300030,109.0,0.4
202203300045,131.0,0.4
202203300101,165.0,0.4
202203300115,123.0,0.4
202203300130,130.0,0.4
202203300145,126.0,0.4
202203300215,128.0,0.9
202203300230,159.0,0.9
202203300245,207.0,0.9
202203300300,220.0,1.3
202203300315,208.0,0.9
202203300330,138.0,1.3
202203300400,180.0,1.8
202203300415,144.0,0.9
202203300430,163.0,0.9
202203300446,126.0,1.3
202203300500,150.0,0.4
202203300516,144.0,2.2
202203300530,136.0,1.8
202203300545,213.0,1.8
202203300600,140.0,1.8
202203300615,149.0,2.2
202203300645,122.0,1.3
202203300700,121.0,0.9
202203300715,168.0,1.3
202203300730,168.0,1.8
202203300745,208.0,1.3
202203300800,136.0,0.9
202203300815,139.0,0.4
202203300830,103.0,0.9
202203300845,180.0,0.9
202203300900,150.0,1.8
202203300915,141.0,1.3
202203300945,97.0,0.9
202203301000,103.0,0.4
202203301015,98.0,0.9
202203301030,138.0,1.3
202203301045,164.0,1.3
202203301115,159.0,0.9
202203301130,144.0,0.4
202203301145,144.0,1.3
202203301200,145.0,0.9
202203301216,119.0,1.8
202203301231,96.0,1.8
202203301245,158.0,3.1
202203301300,93.0,2.2
202203301315,92.0,1.3
202203301330,28.0,2.2
202203301345,135.0,2.2
202203301400,104.0,2.2
202203301415,146.0,0.9
202203301430,84.0,3.6
202203301445,211.0,2.7
202203301500,86.0,1.8
202203301515,140.0,1.8
202203301530,232.0,2.7
202203301545,213.0,0.9
202203301600,123.0,2.7
202203301615,123.0,1.3
202203301645,149.0,2.2
202203301700,132.0,1.8
202203301715,148.0,1.8
202203301730,191.0,2.2
202203301745,192.0,3.6
202203301800,198.0,4.9
202203301815,168.0,2.2
202203301830,134.0,4.0
202203301845,217.0,3.6
202203301901,98.0,3.1
202203301915,136.0,3.1
202203301930,200.0,3.6
202203301945,159.0,3.1
202203302000,223.0,3.6
202203302015,81.0,4.9
202203302030,104.0,4.0
202203302045,107.0,2.2
202203302100,175.0,4.0
202203302115,171.0,1.3
202203302130,153.0,4.5
202203302145,137.0,4.5
202203302200,149.0,3.1
202203302215,121.0,3.6
202203302230,155.0,3.1
202203302245,103.0,3.6
202203302300,146.0,3.1
202203302315,225.0,4.9
202203302330,149.0,3.1
202203302345,166.0,4.5
202203310000,167.0,3.6
202203310015,188.0,6.7
202203310030,176.0,4.0
202203310100,147.0,4.0
202203310115,171.0,3.1
202203310145,261.0,3.6
202203310200,146.0,4.0
202203310215,150.0,3.6
202203310230,160.0,2.2
202203310300,143.0,1.3
202203310315,148.0,2.7
202203310331,157.0,1.8
202203310400,123.0,3.6
202203310415,125.0,0.9
202203310430,142.0,1.3
202203310500,221.0,1.3
202203310515,175.0,0.4
202203310530,140.0,0.4
202203310545,252.0,0.4
202203310600,259.0,0.4
202203310615,257.0,0.9
202203310630,178.0,0.4
202203310645,286.0,0.4
202203310700,202.0,0.4
202203310715,138.0,1.3
202203310730,169.0,0.9
202203310745,176.0,0.9
202203310800,208.0,0.4
202203310815,,0.0
202203310830,236.0,0.9
202203310845,205.0,0.9
202203310900,248.0,0.4
202203310915,214.0,0.4
202203310930,,0.0
202203310945,219.0,0.9
202203311000,,0.0
202203311015,227.0,0.4
202203311030,219.0,0.9
202203311045,311.0,0.9
202203311100,,0.0
202203311115,,0.0
202203311130,,0.0
202203311145,,0.0
202203311200,207.0,0.4
202203311215,,0.0
202203311245,,0.0
202203311300,272.0,0.4
202203311315,196.0,0.4
202203311330,217.0,0.9
202203311345,248.0,0.9
202203311401,155.0,0.9
202203311415,102.0,0.9
202203311430,236.0,1.3
202203311445,271.0,1.8
202203311500,197.0,1.3
202203311515,238.0,0.9
202203311530,296.0,0.9
202203311545,238.0,1.8
202203311600,165.0,1.3
202203311645,281.0,2.7
202203311700,217.0,1.8
202203311730,299.0,0.4
202203311745,203.0,1.3
202203311800,232.0,1.8
202203311830,277.0,1.8
202203311900,211.0,1.8
202203311930,274.0,0.9
202203311945,304.0,1.8
202203312000,311.0,0.9
202203312015,212.0,1.3
202203312030,217.0,1.8
202203312046,194.0,1.8
202203312100,155.0,0.4
202203312115,302.0,2.2
202203312131,263.0,1.8
202203312200,266.0,0.9
202203312216,250.0,1.3
202203312230,304.0,0.4
202203312301,216.0,2.2
202203312331,227.0,1.3
202203312345,215.0,1.3
202204010000,245.0,0.9
202204010030,,0.0
202204010045,,0.0
202204010100,,0.0
202204010115,,0.0
202204010130,,0.0
202204010145,,0.0
202204010215,,0.0
202204010230,,0.0
202204010245,,0.0
202204010300,,0.0
202204010315,,0.0
202204010330,,0.0
202204010345,,0.0
202204010415,,0.0
202204010430,,0.0
202204010445,,0.0
202204010500,,0.0
202204010515,,0.0
202204010530,,0.0
202204010545,,0.0
202204010600,,0.0
202204010616,,0.0
202204010630,,0.0
202204010646,218.0,0.9
202204010700,,0.0
202204010715,254.0,0.4
202204010730,,0.0
202204010745,55.0,0.4
202204010800,34.0,0.4
202204010815,269.0,0.4
202204010830,338.0,0.4
202204010845,,0.0
202204010900,,0.0
202204010915,276.0,0.4
202204010930,,0.0
202204010945,,0.0
202204011000,,0.0
202204011030,,0.0
202204011045,,0.0
202204011100,,0.0
202204011115,,0.0
202204011145,,0.0
202204011200,,0.0
202204011215,,0.0
202204011230,,0.0
202204011300,71.0,0.9
202204011315,175.0,0.4
202204011330,275.0,0.4
202204011345,35.0,0.4
202204011400,302.0,0.9
202204011415,79.0,0.9
202204011430,148.0,0.4
202204011445,74.0,0.4
202204011500,95.0,1.8
202204011515,254.0,1.3
202204011530,308.0,1.8
202204011545,331.0,1.3
202204011600,84.0,0.9
202204011615,90.0,1.8
202204011700,97.0,0.9
202204011730,21.0,0.9
202204011745,81.0,0.4
202204011800,250.0,0.9
202204011815,316.0,2.2
202204011830,120.0,0.4
202204011845,125.0,0.4
202204011915,159.0,0.4
202204011930,204.0,1.3
202204011945,277.0,0.4
202204012000,190.0,0.9
202204012015,57.0,0.9
202204012030,315.0,1.3
202204012045,211.0,1.8
202204012100,280.0,1.3
202204012115,,0.0
202204012130,292.0,0.9
202204012145,200.0,0.4
202204012200,294.0,0.9
202204012215,300.0,0.4
202204012230,296.0,0.4
202204012245,257.0,0.4
202204012300,0.0,0.4
202204012315,,0.0
202204012330,,0.0
202204012345,,0.0
202204020000,,0.0
202204020015,,0.0
202204020030,,0.0
202204020045,,0.0
202204020101,,0.0
202204020115,,0.0
202204020130,,0.0
202204020145,,0.0
202204020200,,0.0
202204020215,,0.0
202204020230,,0.0
202204020245,,0.0
202204020301,,0.0
202204020315,,0.0
202204020330,,0.0
202204020346,,0.0
202204020400,,0.0
202204020430,,0.0
202204020445,,0.0
202204020500,,0.0
202204020515,,0.0
202204020530,,0.0
202204020546,,0.0
202204020600,,0.0
202204020615,,0.0
202204020630,,0.0
202204020645,,0.0
202204020700,,0.0
202204020730,,0.0
202204020745,,0.0
202204020800,,0.0
202204020815,,0.0
202204020830,,0.0
202204020845,,0.0
202204020900,,0.0
202204020915,,0.0
202204020930,,0.0
202204020945,,0.0
202204021000,,0.0
202204021015,,0.0
202204021030,,0.0
202204021045,,0.0
202204021100,,0.0
202204021115,,0.0
202204021130,,0.0
202204021145,,0.0
202204021200,,0.0
202204021215,,0.0
202204021230,,0.0
202204021300,56.0,0.4
202204021315,,0.0
202204021330,81.0,0.4
202204021346,,0.0
202204021400,85.0,0.4
202204021415,69.0,0.4
202204021430,89.0,0.9
202204021445,,0.0
202204021500,88.0,0.4
202204021515,,0.0
202204021530,,0.0
202204021545,,0.0
202204021600,84.0,0.4
202204021630,,0.0
202204021645,57.0,1.3
202204021700,,0.0
202204021715,338.0,0.9
202204021731,196.0,0.4
202204021745,,0.0
202204021800,76.0,0.9
202204021815,348.0,0.9
202204021830,154.0,0.4
202204021845,128.0,1.3
202204021915,252.0,0.9
202204021930,261.0,0.9
202204021945,91.0,1.3
202204022000,304.0,0.4
202204022015,,0.0
202204022030,98.0,1.3
202204022045,123.0,1.3
202204022100,180.0,1.3
202204022115,183.0,0.4
202204022130,180.0,0.9
202204022145,165.0,0.9
202204022200,209.0,0.9
202204022215,269.0,1.8
202204022245,313.0,0.9
202204022300,341.0,0.9
202204022315,263.0,0.4
202204022330,223.0,0.9
202204022345,,0.0
202204030000,,0.0
202204030015,,0.0
202204030030,,0.0
202204030045,,0.0
202204030100,,0.0
202204030115,,0.0
202204030130,,0.0
202204030145,,0.0
202204030200,,0.0
202204030215,,0.0
202204030230,,0.0
202204030245,,0.0
202204030300,,0.0
202204030315,,0.0
202204030330,,0.0
202204030345,,0.0
202204030400,,0.0
202204030415,,0.0
202204030430,,0.0
202204030445,,0.0
202204030500,,0.0
202204030515,,0.0
202204030530,,0.0
202204030545,,0.0
202204030600,,0.0
202204030615,,0.0
202204030631,,0.0
202204030645,,0.0
202204030700,,0.0
202204030715,,0.0
202204030731,,0.0
202204030745,,0.0
202204030800,,0.0
202204030815,,0.0
202204030830,,0.0
202204030900,,0.0
202204030915,,0.0
202204030930,,0.0
202204030945,,0.0
202204031000,,0.0
202204031015,,0.0
202204031030,,0.0
202204031100,,0.0
202204031115,,0.0
202204031130,,0.0
202204031145,,0.0
202204031200,224.0,0.4
202204031215,196.0,0.4
202204031230,,0.0
202204031245,,0.0
202204031300,,0.0
202204031315,,0.0
202204031330,59.0,0.9
202204031345,54.0,0.4
202204031400,96.0,0.4
202204031416,71.0,1.3
202204031430,113.0,0.9
202204031445,83.0,0.4
202204031500,85.0,1.3
202204031515,60.0,0.4
202204031530,257.0,1.3
202204031545,232.0,0.9
202204031600,338.0,0.4
202204031615,312.0,0.9
202204031630,259.0,1.8
202204031645,252.0,0.4
202204031700,265.0,0.4
202204031715,297.0,1.8
202204031730,104.0,1.3
202204031745,104.0,0.9
202204031800,50.0,0.9
202204031845,340.0,0.9
202204031900,152.0,1.3
202204031916,301.0,0.4
202204031930,281.0,1.8
202204031946,289.0,2.2
202204032000,107.0,1.8
202204032030,185.0,0.4
202204032045,280.0,0.9
202204032115,61.0,0.9
202204032130,355.0,1.3
202204032145,323.0,2.2
202204032200,294.0,1.3
202204032215,254.0,0.4
202204032245,278.0,0.9
202204032300,23.0,0.4
202204032315,89.0,0.4
202204032330,327.0,0.4
202204032345,65.0,0.4
202204040000,,0.0
202204040030,,0.0
202204040045,,0.0
202204040115,,0.0
202204040130,,0.0
202204040145,,0.0
202204040215,,0.0
202204040230,,0.0
202204040245,,0.0
202204040300,,0.0
202204040330,,0.0
202204040345,,0.0
202204040400,,0.0
202204040415,,0.0
202204040430,,0.0
202204040445,,0.0
202204040500,,0.0
202204040515,,0.0
202204040530,,0.0
202204040545,,0.0
202204040600,,0.0
202204040630,,0.0
202204040645,,0.0
202204040700,,0.0
202204040730,,0.0
202204040745,,0.0
202204040800,,0.0
202204040815,,0.0
202204040831,,0.0
202204040846,,0.0
202204040900,,0.0
202204040915,,0.0
202204040930,,0.0
202204040945,,0.0
202204041000,,0.0
202204041015,,0.0
202204041030,,0.0
202204041045,,0.0
202204041100,45.0,0.4
202204041115,,0.0
202204041145,,0.0
202204041200,,0.0
202204041215,,0.0
202204041230,45.0,0.4
202204041245,,0.0
202204041300,,0.0
202204041315,71.0,0.4
202204041330,,0.0
202204041345,61.0,0.9
202204041400,80.0,0.4
202204041415,85.0,0.4
202204041430,48.0,0.4
202204041446,100.0,0.9
202204041500,125.0,0.4
202204041515,165.0,0.4
202204041530,94.0,1.3
202204041545,142.0,0.4
202204041600,138.0,0.9
202204041615,159.0,0.4
202204041630,185.0,0.9
202204041645,163.0,0.9
202204041700,152.0,1.3
202204041715,85.0,0.4
202204041730,116.0,0.9
202204041745,222.0,0.9
202204041800,208.0,0.9
202204041815,279.0,0.9
202204041830,227.0,0.9
202204041845,203.0,0.9
202204041900,150.0,0.4
202204041916,164.0,1.3
202204041930,199.0,0.9
202204041945,209.0,0.9
202204042000,190.0,1.3
202204042030,277.0,1.3
202204042045,136.0,1.8
202204042101,22.0,0.4
202204042115,281.0,0.4
202204042130,147.0,0.4
202204042145,153.0,0.4
202204042200,254.0,0.4
202204042215,184.0,0.4
202204042230,192.0,0.9
202204042245,152.0,0.4
202204042300,,0.0
202204042315,,0.0
202204042330,,0.0
202204042345,,0.0
202204050000,,0.0
202204050015,,0.0
202204050030,,0.0
202204050045,,0.0
202204050100,,0.0
202204050115,,0.0
202204050130,,0.0
202204050145,,0.0
202204050200,,0.0
202204050215,,0.0
202204050230,,0.0
202204050245,135.0,0.4
202204050300,,0.0
202204050315,,0.0
202204050330,,0.0
202204050345,,0.0
202204050415,,0.0
202204050430,,0.0
202204050445,,0.0
202204050515,,0.0
202204050530,,0.0
202204050545,,0.0
202204050600,,0.0
202204050615,,0.0
202204050630,,0.0
202204050645,,0.0
202204050700,,0.0
202204050715,,0.0
202204050731,,0.0
202204050745,,0.0
202204050801,121.0,0.4
202204050815,140.0,0.4
202204050830,,0.0
202204050900,,0.0
202204050915,,0.0
202204050930,,0.0
202204050945,84.0,0.9
202204051000,110.0,1.3
202204051015,121.0,0.9
202204051030,117.0,0.4
202204051045,75.0,0.9
202204051115,96.0,0.9
202204051130,106.0,1.8
202204051145,291.0,0.4
202204051200,317.0,0.4
202204051215,131.0,0.4
202204051230,313.0,0.9
202204051245,,0.0
202204051300,86.0,0.4
202204051315,113.0,0.9
202204051330,119.0,1.3
202204051345,107.0,1.3
202204051400,142.0,0.4
202204051415,98.0,0.4
202204051431,0.0,1.8
202204051445,101.0,0.4
202204051500,,0.0
202204051515,269.0,0.4
202204051530,80.0,0.9
202204051600,109.0,0.9
202204051615,129.0,1.8
202204051631,228.0,0.9
202204051700,250.0,0.4
202204051715,269.0,0.9
202204051730,194.0,0.9
202204051745,67.0,2.2
202204051800,,0.0
202204051815,166.0,1.8
202204051830,177.0,1.8
202204051845,117.0,0.9
202204051900,258.0,1.3
202204051915,173.0,2.2
202204051930,159.0,2.2
202204051945,190.0,1.8
202204052000,198.0,1.8
202204052015,215.0,0.9
202204052045,161.0,0.9
202204052100,170.0,1.3
202204052115,204.0,1.3
202204052130,196.0,1.8
202204052145,146.0,1.8
202204052200,159.0,0.9
202204052215,159.0,0.9
202204052230,112.0,1.3
202204052245,156.0,0.4
202204052300,176.0,0.4
202204052315,,0.0
202204052330,65.0,0.9
202204052345,165.0,0.4
202204060000,136.0,0.4
202204060015,,0.0
202204060030,,0.0
202204060100,166.0,0.4
202204060115,,0.0
202204060131,164.0,0.4
202204060200,151.0,0.4
202204060215,,0.0
202204060231,204.0,0.4
202204060246,194.0,0.9
202204060300,,0.0
202204060315,184.0,0.4
202204060330,167.0,0.4
202204060345,,0.0
202204060415,,0.0
202204060430,,0.0
202204060446,177.0,0.4
202204060530,,0.0
202204060545,171.0,0.4
202204060600,,0.0
202204060615,167.0,0.4
202204060645,,0.0
202204060700,233.0,0.4
202204060715,,0.0
202204060730,,0.0
202204060745,,0.0
202204060800,215.0,0.4
202204060815,,0.0
202204060830,,0.0
202204060845,163.0,0.4
202204060900,240.0,0.9
202204060915,154.0,0.4
202204060930,163.0,0.4
202204060945,175.0,0.9
202204061000,,0.0
202204061015,184.0,0.4
202204061030,63.0,0.4
202204061045,68.0,0.4
202204061100,,0.0
202204061130,,0.0
202204061145,170.0,0.4
202204061200,150.0,0.4
202204061215,,0.0
202204061230,,0.0
202204061245,172.0,0.4
202204061301,155.0,0.9
202204061315,154.0,0.4
202204061330,169.0,1.8
202204061345,109.0,0.4
202204061401,165.0,0.9
202204061415,159.0,1.3
202204061430,205.0,0.4
202204061445,178.0,1.3
202204061500,130.0,0.9
202204061515,138.0,0.9
202204061530,197.0,1.8
202204061545,224.0,1.3
202204061600,147.0,1.8
202204061615,143.0,0.9
202204061630,254.0,0.4
202204061645,240.0,0.9
202204061700,174.0,1.3
202204061715,202.0,0.9
202204061730,158.0,1.8
202204061800,117.0,0.9
202204061815,173.0,0.9
202204061830,132.0,1.3
202204061845,126.0,1.3
202204061900,284.0,0.4
202204061915,171.0,1.3
202204061930,,0.0
202204061946,277.0,0.4
202204062001,244.0,0.9
202204062015,236.0,0.4
202204062030,,0.0
202204062045,,0.0
202204062100,,0.0
202204062115,,0.0
202204062131,,0.0
202204062146,,0.0
202204062200,,0.0
202204062215,202.0,0.4
202204062230,227.0,0.4
202204062245,211.0,0.4
202204062300,,0.0
202204062315,,0.0
202204062330,,0.0
202204062345,,0.0
202204070000,,0.0
202204070015,259.0,0.9
202204070030,119.0,0.4
202204070045,,0.0
202204070115,238.0,0.4
202204070130,59.0,1.3
202204070145,342.0,1.8
202204070200,322.0,0.4
202204070215,115.0,0.4
202204070230,,0.0
202204070245,308.0,0.4
202204070300,93.0,0.4
202204070315,252.0,1.3
202204070330,189.0,0.9
202204070345,60.0,0.9
202204070400,,0.0
202204070415,182.0,0.4
202204070430,323.0,0.4
202204070445,307.0,0.4
202204070500,50.0,0.9
202204070515,,0.0
202204070530,286.0,0.9
202204070545,254.0,0.4
202204070600,13.0,0.4
202204070615,,0.0
202204070630,338.0,0.4
202204070645,,0.0
202204070700,,0.0
202204070715,,0.0
202204070731,,0.0
202204070745,,0.0
202204070816,,0.0
202204070830,,0.0
202204070845,221.0,0.4
202204070901,309.0,0.4
202204070915,253.0,0.4
202204070930,271.0,0.4
202204070945,,0.0
202204071000,312.0,0.4
202204071015,205.0,0.4
202204071030,,0.0
202204071045,,0.0
202204071100,,0.0
202204071115,,0.0
202204071130,,0.0
202204071145,,0.0
202204071200,,0.0
202204071215,,0.0
202204071230,,0.0
202204071245,184.0,0.4
202204071300,163.0,0.4
202204071315,,0.0
202204071330,273.0,0.9
202204071345,223.0,0.4
202204071400,163.0,1.3
202204071415,68.0,0.9
202204071445,252.0,0.4
202204071500,229.0,0.4
202204071530,222.0,0.9
202204071545,237.0,0.9
202204071600,301.0,0.9
202204071615,244.0,1.3
202204071630,280.0,2.2
202204071700,73.0,1.8
202204071715,221.0,0.9
202204071730,278.0,2.2
202204071746,221.0,1.3
202204071800,242.0,1.8
202204071815,232.0,2.2
202204071830,171.0,2.7
202204071845,19.0,1.8
202204071901,255.0,3.1
202204071915,350.0,1.8
202204071930,284.0,3.1
202204071945,306.0,2.2
202204072000,168.0,2.7
202204072015,224.0,1.8
202204072030,208.0,2.7
202204072045,224.0,2.7
202204072100,277.0,1.8
202204072115,328.0,1.3
202204072130,248.0,1.8
202204072146,308.0,2.7
202204072200,338.0,2.7
202204072216,323.0,1.3
202204072231,275.0,1.3
202204072245,240.0,1.8
202204072300,263.0,1.8
202204072315,211.0,0.4
202204072330,171.0,2.2
202204072345,257.0,1.8
202204080001,300.0,0.9
202204080016,54.0,0.4
202204080030,261.0,0.4
202204080045,289.0,0.9
202204080100,197.0,1.3
202204080115,83.0,1.8
202204080130,240.0,1.8
202204080145,323.0,1.3
202204080200,99.0,0.9
202204080230,200.0,0.9
202204080245,187.0,0.4
202204080300,183.0,0.4
202204080315,228.0,0.9
202204080330,254.0,0.4
202204080345,,0.0
202204080400,,0.0
202204080415,,0.0
202204080430,,0.0
202204080445,,0.0
202204080515,,0.0
202204080530,,0.0
202204080545,,0.0
202204080600,,0.0
202204080616,,0.0
202204080645,,0.0
202204080700,,0.0
202204080715,,0.0
202204080730,,0.0
202204080745,,0.0
202204080800,,0.0
202204080815,,0.0
202204080830,,0.0
202204080845,,0.0
202204080900,,0.0
202204080916,,0.0
202204080930,,0.0
202204080945,,0.0
202204081000,,0.0
202204081015,,0.0
202204081030,,0.0
202204081045,187.0,0.4
202204081100,188.0,0.4
202204081115,202.0,0.4
202204081130,202.0,0.4
202204081145,,0.0
202204081200,,0.0
202204081215,220.0,0.9
202204081230,160.0,0.4
202204081245,153.0,0.4
202204081300,,0.0
202204081315,169.0,1.3
202204081330,158.0,1.3
202204081345,210.0,0.4
202204081400,279.0,1.8
202204081415,304.0,1.3
202204081430,319.0,0.9
202204081445,161.0,0.4
202204081500,228.0,1.3
202204081515,284.0,0.9
202204081530,225.0,1.3
202204081545,237.0,1.3
202204081600,173.0,2.2
202204081615,211.0,1.3
202204081630,298.0,1.3
202204081645,129.0,1.8
202204081700,257.0,1.3
202204081715,236.0,2.2
202204081730,267.0,1.8
202204081745,244.0,2.7
202204081800,292.0,2.2
202204081815,252.0,1.3
202204081830,323.0,2.2
202204081845,261.0,1.3
202204081915,281.0,1.8
202204081945,169.0,0.4
202204082001,309.0,1.3
202204082015,17.0,1.8
202204082030,211.0,2.2
202204082045,261.0,0.9
202204082100,255.0,2.7
202204082115,225.0,1.8
202204082131,219.0,2.2
202204082145,344.0,2.2
202204082200,236.0,1.8
202204082215,15.0,0.9
202204082230,305.0,1.8
202204082245,258.0,1.3
202204082300,219.0,0.9
202204082315,322.0,2.2
202204082330,293.0,2.2
202204082346,167.0,1.3
202204090001,153.0,1.3
202204090015,177.0,0.9
202204090030,227.0,1.3
202204090045,292.0,0.9
202204090100,,0.0
202204090115,319.0,0.9
202204090130,15.0,0.4
202204090145,229.0,0.4
202204090200,142.0,0.9
202204090215,309.0,1.8
202204090230,218.0,1.3
202204090245,279.0,0.9
202204090300,327.0,1.3
202204090315,288.0,0.9
202204090330,,0.0
202204090345,,0.0
202204090400,212.0,0.4
202204090415,,0.0
202204090430,,0.0
202204090445,,0.0
202204090500,,0.0
202204090515,180.0,0.4
202204090530,,0.0
202204090545,,0.0
202204090600,217.0,0.4
202204090615,,0.0
202204090630,260.0,0.4
202204090700,271.0,0.4
202204090715,,0.0
202204090730,229.0,0.4
202204090745,210.0,1.3
202204090815,205.0,0.4
202204090830,215.0,0.4
202204090845,123.0,1.3
202204090900,212.0,0.4
202204090930,256.0,1.3
202204090946,261.0,0.9
202204091000,325.0,0.9
202204091015,261.0,1.8
202204091030,198.0,0.4
202204091046,182.0,0.4
202204091101,242.0,0.9
202204091115,221.0,0.4
202204091130,200.0,0.9
202204091145,213.0,0.9
202204091200,241.0,0.9
202204091215,217.0,0.9
202204091230,250.0,0.9
202204091245,192.0,1.3
202204091300,332.0,0.9
202204091330,249.0,1.8
202204091401,264.0,0.9
202204091415,170.0,1.3
202204091430,5.0,0.9
202204091501,179.0,1.3
202204091515,317.0,1.8
202204091530,92.0,0.9
202204091545,302.0,1.8
202204091600,15.0,1.3
202204091615,234.0,3.1
202204091700,258.0,1.8
202204091715,284.0,0.9
202204091730,111.0,1.8
202204091745,150.0,1.8
202204091800,200.0,1.3
202204091815,216.0,1.3
202204091830,335.0,2.7
202204091845,257.0,2.7
202204091900,251.0,1.8
202204091915,235.0,2.7
202204091930,38.0,1.3
202204091945,225.0,1.3
202204092000,332.0,1.8
202204092015,274.0,2.7
202204092030,217.0,3.1
202204092046,161.0,1.3
202204092100,246.0,1.3
202204092115,243.0,1.3
202204092145,248.0,1.8
202204092200,304.0,1.3
202204092215,240.0,0.9
202204092230,305.0,1.3
202204092245,222.0,1.8
202204092300,149.0,1.3
202204092316,296.0,1.3
202204092330,277.0,1.8
202204092345,231.0,1.8
202204100000,284.0,0.4
202204100015,,0.0
202204100031,,0.0
202204100045,,0.0
202204100100,,0.0
202204100131,,0.0
202204100146,,0.0
202204100200,,0.0
202204100215,,0.0
202204100230,,0.0
202204100245,,0.0
202204100300,,0.0
202204100315,,0.0
202204100330,,0.0
202204100345,,0.0
202204100400,,0.0
202204100415,,0.0
202204100430,,0.0
202204100445,,0.0
202204100500,,0.0
202204100515,,0.0
202204100530,,0.0
202204100545,,0.0
202204100615,,0.0
202204100630,,0.0
202204100645,,0.0
202204100700,,0.0
202204100715,,0.0
202204100745,,0.0
202204100800,,0.0
202204100815,,0.0
202204100830,,0.0
202204100845,,0.0
202204100900,,0.0
202204100915,,0.0
202204100930,,0.0
202204100945,,0.0
202204101000,,0.0
202204101015,,0.0
202204101030,,0.0
202204101045,,0.0
202204101101,,0.0
202204101115,,0.0
202204101130,,0.0
202204101145,,0.0
202204101215,,0.0
202204101230,,0.0
202204101245,,0.0
202204101300,,0.0
202204101315,,0.0
202204101330,,0.0
202204101345,91.0,0.4
202204101400,,0.0
202204101415,,0.0
202204101430,173.0,0.4
202204101445,141.0,0.4
202204101500,136.0,0.9
202204101515,99.0,0.9
202204101531,171.0,1.3
202204101545,203.0,1.3
202204101600,156.0,2.7
202204101615,188.0,0.4
202204101630,213.0,1.8
202204101645,162.0,1.3
202204101700,94.0,2.2
202204101715,107.0,0.4
202204101730,142.0,0.9
202204101745,97.0,0.4
202204101800,153.0,0.4
202204101815,202.0,0.9
202204101830,310.0,0.4
202204101845,200.0,1.3
202204101900,179.0,0.4
202204101915,258.0,1.3
202204101930,187.0,0.9
202204101945,150.0,0.9
202204102000,242.0,1.3
202204102015,184.0,1.3
202204102031,140.0,1.8
202204102046,145.0,1.8
202204102100,148.0,1.3
202204102115,111.0,1.8
202204102130,161.0,2.2
202204102145,258.0,1.8
202204102200,148.0,1.3
202204102215,172.0,2.2
202204102230,160.0,1.8
202204102245,127.0,1.8
202204102300,176.0,0.9
202204102315,217.0,1.3
202204102330,171.0,0.9
202204102345,152.0,0.9
202204110000,150.0,1.3
202204110030,153.0,0.9
202204110045,,0.0
202204110100,,0.0
202204110115,163.0,0.4
202204110130,,0.0
202204110145,161.0,0.4
202204110200,171.0,0.4
202204110215,188.0,0.9
202204110230,116.0,1.3
202204110245,240.0,0.9
202204110300,223.0,1.8
202204110330,173.0,0.9
202204110345,247.0,1.3
202204110400,215.0,1.8
202204110415,224.0,1.3
202204110430,109.0,0.9
202204110445,145.0,0.9
202204110500,172.0,1.3
202204110515,207.0,0.9
202204110530,201.0,1.3
202204110545,,0.0
202204110600,,0.0
202204110615,,0.0
202204110630,,0.0
202204110715,,0.0
202204110731,,0.0
202204110745,171.0,0.4
202204110801,,0.0
202204110815,,0.0
202204110830,,0.0
202204110845,,0.0
202204110900,219.0,0.4
202204110915,,0.0
202204110930,,0.0
202204110945,158.0,0.4
202204111000,,0.0
202204111015,,0.0
202204111030,207.0,0.4
202204111045,,0.0
202204111100,,0.0
202204111115,,0.0
202204111130,163.0,0.9
202204111145,205.0,1.3
202204111200,161.0,1.3
202204111230,191.0,0.4
202204111245,142.0,0.4
202204111300,,0.0
202204111315,315.0,0.4
202204111330,,0.0
202204111345,167.0,0.9
202204111400,180.0,0.4
202204111415,,0.0
202204111430,221.0,0.9
202204111445,233.0,0.4
202204111500,138.0,0.9
202204111515,146.0,0.4
202204111530,,0.0
202204111545,235.0,0.4
202204111601,259.0,0.9
202204111615,155.0,0.4
202204111630,205.0,0.9
202204111645,184.0,0.4
202204111700,,0.0
202204111715,134.0,0.4
202204111730,111.0,0.4
202204111745,,0.0
202204111800,,0.0
202204111830,125.0,1.8
202204111845,126.0,1.8
202204111915,149.0,0.9
202204111930,182.0,1.8
202204111945,111.0,1.3
202204112000,142.0,0.9
202204112015,131.0,1.8
202204112030,96.0,0.4
202204112045,165.0,2.2
202204112100,193.0,2.2
202204112145,169.0,0.9
202204112200,166.0,0.9
202204112215,148.0,1.3
202204112230,153.0,1.3
202204112245,146.0,0.9
202204112300,130.0,0.9
202204112330,171.0,1.8
202204112345,134.0,0.9
202204120000,168.0,0.4
202204120015,136.0,0.4
202204120030,129.0,0.9
202204120100,151.0,0.4
202204120115,208.0,0.4
202204120130,140.0,0.9
202204120145,140.0,0.4
202204120200,187.0,0.4
202204120216,,0.0
202204120230,151.0,0.4
202204120246,,0.0
202204120300,,0.0
202204120316,,0.0
202204120330,,0.0
202204120345,,0.0
202204120400,,0.0
202204120415,,0.0
202204120431,,0.0
202204120445,,0.0
202204120500,,0.0
202204120515,,0.0
202204120530,,0.0
202204120546,,0.0
202204120601,,0.0
202204120615,,0.0
202204120630,,0.0
202204120645,,0.0
202204120700,,0.0
202204120715,,0.0
202204120730,,0.0
202204120745,,0.0
202204120800,,0.0
202204120815,,0.0
202204120830,,0.0
202204120845,,0.0
202204120900,,0.0
202204120915,,0.0
202204120930,126.0,0.4
202204120945,,0.0
202204121000,,0.0
202204121015,,0.0
202204121030,,0.0
202204121045,219.0,1.3
202204121100,267.0,0.4
202204121115,199.0,0.4
202204121130,,0.0
202204121145,238.0,0.4
202204121200,,0.0
202204121215,,0.0
202204121230,259.0,0.9
202204121245,143.0,0.4
202204121300,161.0,0.9
202204121315,,0.0
202204121330,212.0,0.4
202204121345,143.0,0.9
202204121400,120.0,0.9
202204121415,144.0,0.9
202204121430,200.0,0.4
202204121445,163.0,1.3
202204121515,131.0,1.8
202204121530,154.0,1.3
202204121545,178.0,1.3
202204121600,96.0,1.8
202204121615,222.0,0.9
202204121630,159.0,1.3
202204121645,216.0,0.9
202204121700,174.0,1.3
202204121715,220.0,0.9
202204121730,138.0,2.2
202204121745,150.0,0.9
202204121800,92.0,2.2
202204121815,239.0,1.8
202204121830,157.0,0.9
202204121845,233.0,1.8
202204121900,169.0,1.8
202204121915,145.0,1.3
202204121931,132.0,1.3
202204121946,126.0,1.3
202204122001,178.0,1.8
202204122031,263.0,0.9
202204122045,142.0,0.4
202204122100,160.0,1.8
202204122115,168.0,1.8
202204122130,159.0,0.4
202204122200,52.0,1.3
202204122230,94.0,0.9
202204122245,137.0,0.4
202204122300,140.0,0.4
202204122315,55.0,0.4
202204122330,136.0,0.9
202204122345,164.0,0.9
202204130000,135.0,0.4
202204130015,80.0,0.9
202204130030,137.0,0.9
202204130100,140.0,0.4
202204130115,143.0,0.4
202204130130,126.0,0.4
202204130145,181.0,0.9
202204130200,155.0,2.2
202204130215,148.0,0.9
202204130230,132.0,1.3
202204130245,94.0,0.9
202204130300,123.0,0.9
202204130315,172.0,0.9
202204130330,147.0,0.9
202204130345,180.0,0.9
202204130400,202.0,0.9
202204130415,200.0,0.9
202204130430,182.0,1.3
202204130445,141.0,1.3
202204130500,165.0,0.9
202204130515,112.0,0.9
202204130530,159.0,0.9
202204130546,115.0,1.8
202204130630,123.0,1.8
202204130645,117.0,1.8
202204130700,123.0,1.8
202204130715,167.0,1.3
202204130730,101.0,1.3
202204130745,105.0,0.9
202204130815,123.0,1.3
202204130830,260.0,1.3
202204130845,86.0,1.3
202204130900,139.0,0.9
202204130915,101.0,0.4
202204130930,160.0,0.9
202204130945,185.0,0.9
202204131000,141.0,1.3
202204131015,,0.0
202204131030,277.0,0.9
202204131045,182.0,0.9
202204131100,201.0,0.4
202204131115,134.0,0.9
202204131130,260.0,0.4
202204131145,194.0,0.4
202204131200,,0.0
202204131215,136.0,0.9
202204131230,221.0,0.9
202204131245,225.0,0.9
202204131300,130.0,0.9
202204131315,136.0,1.3
202204131331,123.0,0.9
202204131345,154.0,1.3
202204131400,159.0,0.9
202204131415,79.0,0.4
202204131431,119.0,1.3
202204131445,128.0,1.8
202204131500,167.0,2.2
202204131515,133.0,1.3
202204131530,57.0,4.0
202204131545,207.0,1.3
202204131615,146.0,3.1
202204131630,211.0,3.6
202204131645,171.0,2.7
202204131700,113.0,1.8
202204131715,191.0,1.3
202204131730,130.0,1.8
202204131745,227.0,3.1
202204131800,185.0,1.3
202204131815,134.0,3.1
202204131830,178.0,2.2
202204131845,292.0,3.6
202204131900,158.0,2.2
202204131915,214.0,3.1
202204131930,225.0,1.3
202204131945,256.0,2.2
202204132000,132.0,2.2
202204132015,268.0,1.3
202204132030,92.0,2.7
202204132045,54.0,4.0
202204132100,184.0,3.6
202204132115,173.0,2.2
202204132131,122.0,1.8
202204132145,119.0,2.7
202204132200,175.0,3.1
202204132216,58.0,2.2
202204132230,175.0,1.8
202204132301,169.0,1.8
202204132315,157.0,3.6
202204132330,173.0,1.3
202204132345,159.0,0.9
202204140000,150.0,0.9
202204140015,136.0,1.8
202204140030,181.0,2.2
202204140045,168.0,1.3
202204140115,153.0,1.3
202204140145,142.0,2.2
202204140200,106.0,0.4
202204140215,154.0,0.9
202204140230,144.0,0.9
202204140245,163.0,2.7
202204140300,118.0,0.4
202204140315,165.0,1.3
202204140330,132.0,1.3
202204140345,95.0,0.9
202204140400,121.0,0.9
202204140415,78.0,0.4
202204140430,339.0,1.8
202204140445,159.0,0.4
202204140500,86.0,0.4
202204140515,77.0,0.9
202204140530,,0.0
202204140545,157.0,0.4
202204140600,277.0,0.9
202204140630,190.0,0.9
202204140645,272.0,0.4
202204140700,103.0,0.4
202204140715,,0.0
202204140730,,0.0
202204140745,,0.0
202204140800,175.0,0.4
202204140815,,0.0
202204140830,227.0,0.4
202204140845,107.0,0.4
202204140900,,0.0
202204140916,,0.0
202204140930,,0.0
202204140945,298.0,0.4
202204141000,,0.0
202204141016,,0.0
202204141030,,0.0
202204141045,,0.0
202204141100,234.0,1.3
202204141116,273.0,0.9
202204141130,190.0,0.9
202204141145,284.0,0.4
202204141200,238.0,0.4
202204141215,220.0,0.4
202204141230,84.0,0.4
202204141245,,0.0
202204141300,,0.0
202204141315,,0.0
202204141330,,0.0
202204141345,171.0,0.4
202204141400,336.0,0.9
202204141415,279.0,0.9
202204141445,309.0,0.4
202204141500,313.0,0.9
202204141515,273.0,0.9
202204141530,310.0,1.8
202204141545,342.0,0.9
202204141601,,0.0
202204141615,314.0,0.4
202204141630,321.0,0.9
202204141645,310.0,0.4
202204141701,328.0,0.9
202204141715,,0.0
202204141730,311.0,0.4
202204141745,288.0,0.9
202204141800,262.0,1.3
202204141815,309.0,0.4
202204141830,319.0,1.3
202204141845,304.0,0.9
202204141900,351.0,1.3
202204141915,248.0,0.9
202204141930,296.0,0.4
202204141945,101.0,0.9
202204142000,271.0,0.9
202204142015,270.0,0.9
202204142030,113.0,1.3
202204142045,226.0,0.4
202204142100,319.0,0.9
202204142115,285.0,0.9
202204142130,87.0,0.4
202204142145,,0.0
202204142200,,0.0
202204142215,5.0,0.4
202204142230,327.0,0.4
202204142245,333.0,0.4
202204142300,274.0,0.4
202204142315,187.0,0.4
202204142330,,0.0
202204142345,67.0,0.4
202204150000,,0.0
202204150015,,0.0
202204150030,,0.0
202204150045,,0.0
202204150100,,0.0
202204150115,,0.0
202204150130,,0.0
202204150145,,0.0
202204150200,,0.0
202204150215,,0.0
202204150230,,0.0
202204150245,,0.0
202204150300,,0.0
202204150316,,0.0
202204150330,,0.0
202204150345,,0.0
202204150400,,0.0
202204150415,,0.0
202204150430,,0.0
202204150445,,0.0
202204150500,,0.0
202204150515,,0.0
202204150530,,0.0
202204150545,,0.0
202204150600,,0.0
202204150615,,0.0
202204150630,,0.0
202204150645,,0.0
202204150700,,0.0
202204150715,,0.0
202204150730,,0.0
202204150745,,0.0
202204150800,,0.0
202204150815,,0.0
202204150830,,0.0
202204150845,,0.0
202204150900,,0.0
202204150915,,0.0
202204150930,,0.0
202204150946,,0.0
202204151000,,0.0
202204151015,,0.0
202204151030,,0.0
202204151045,,0.0
202204151100,,0.0
202204151116,,0.0
202204151131,,0.0
202204151146,,0.0
202204151200,,0.0
202204151215,,0.0
202204151230,,0.0
202204151245,,0.0
202204151300,,0.0
202204151315,,0.0
202204151330,,0.0
202204151345,,0.0
202204151400,,0.0
202204151415,64.0,0.4
202204151430,171.0,1.8
202204151446,77.0,0.9
202204151500,146.0,0.9
202204151515,101.0,0.4
202204151530,123.0,0.9
202204151545,124.0,1.3
202204151600,66.0,1.8
202204151615,166.0,2.2
202204151630,38.0,0.9
202204151645,151.0,1.3
202204151700,157.0,1.8
202204151715,101.0,1.3
202204151800,67.0,1.3
202204151815,117.0,0.9
202204151830,128.0,1.3
202204151845,158.0,1.3
202204151900,80.0,1.3
202204151930,98.0,0.9
202204151945,80.0,1.3
202204152000,209.0,0.9
202204152015,146.0,2.2
202204152031,102.0,0.9
202204152115,173.0,0.4
202204152130,127.0,1.8
202204152145,125.0,1.8
202204152200,134.0,1.3
202204152215,125.0,0.9
202204152230,143.0,0.9
202204152245,108.0,0.4
202204152300,151.0,1.3
202204152315,187.0,0.4
202204152330,,0.0
202204152345,,0.0
202204160000,,0.0
202204160015,,0.0
202204160030,124.0,0.4
202204160045,,0.0
202204160100,,0.0
202204160115,140.0,0.4
202204160130,143.0,0.4
202204160145,,0.0
202204160200,145.0,0.4
202204160215,144.0,0.4
202204160230,86.0,0.4
202204160245,,0.0
202204160300,134.0,0.4
202204160315,157.0,0.4
202204160330,155.0,0.4
202204160345,250.0,1.3
202204160400,142.0,0.9
202204160415,,0.0
202204160430,144.0,0.9
202204160445,140.0,2.2
202204160500,155.0,1.8
202204160515,150.0,1.3
202204160530,153.0,1.3
202204160545,249.0,0.9
202204160600,200.0,0.4
202204160615,104.0,0.4
202204160630,92.0,0.9
202204160645,211.0,0.4
202204160700,212.0,0.4
202204160716,152.0,0.4
202204160730,,0.0
202204160745,296.0,1.3
202204160800,69.0,0.4
202204160815,87.0,0.4
202204160845,325.0,0.4
202204160900,128.0,0.9
202204160915,,0.0
202204160930,311.0,0.4
202204161000,190.0,0.4
202204161015,331.0,0.9
202204161030,73.0,1.8
202204161045,76.0,0.4
202204161100,,0.0
202204161115,71.0,0.4
202204161130,121.0,0.4
202204161145,121.0,0.4
202204161200,,0.0
202204161215,,0.0
202204161230,132.0,0.4
202204161245,,0.0
202204161300,124.0,0.4
202204161315,,0.0
202204161330,92.0,0.4
202204161345,,0.0
202204161400,,0.0
202204161415,139.0,0.4
202204161430,,0.0
202204161445,265.0,0.4
202204161500,,0.0
202204161515,,0.0
202204161530,,0.0
202204161545,,0.0
202204161600,,0.0
202204161616,141.0,0.4
202204161630,182.0,0.4
202204161646,148.0,0.4
202204161700,142.0,0.9
202204161715,,0.0
202204161730,147.0,0.4
202204161745,,0.0
202204161800,,0.0
202204161815,221.0,0.4
202204161830,223.0,0.4
202204161845,,0.0
202204161900,,0.0
202204161915,198.0,0.4
202204161930,,0.0
202204161945,277.0,0.4
202204162000,,0.0
202204162030,,0.0
202204162100,,0.0
202204162115,,0.0
202204162130,,0.0
202204162145,,0.0
202204162200,,0.0
202204162215,290.0,0.4
202204162230,174.0,0.4
202204162245,269.0,0.4
202204162300,,0.0
202204162315,,0.0
202204162330,,0.0
202204162345,128.0,0.4
202204170000,,0.0
202204170015,,0.0
202204170030,,0.0
202204170045,,0.0
202204170100,,0.0
202204170115,,0.0
202204170130,,0.0
202204170145,,0.0
202204170200,,0.0
202204170215,,0.0
202204170230,,0.0
202204170245,,0.0
202204170300,,0.0
202204170315,,0.0
202204170345,,0.0
202204170400,,0.0
202204170415,,0.0
202204170430,,0.0
202204170445,,0.0
202204170500,,0.0
202204170515,,0.0
202204170530,,0.0
202204170545,,0.0
202204170600,,0.0
202204170615,,0.0
202204170645,,0.0
202204170700,,0.0
202204170715,,0.0
202204170730,,0.0
202204170745,,0.0
202204170800,,0.0
202204170815,,0.0
202204170830,,0.0
202204170845,,0.0
202204170900,,0.0
202204170915,,0.0
202204170930,,0.0
202204170945,,0.0
202204171001,,0.0
202204171030,,0.0
202204171046,,0.0
202204171115,,0.0
202204171130,,0.0
202204171145,,0.0
202204171200,,0.0
202204171230,,0.0
202204171245,,0.0
202204171300,,0.0
202204171315,62.0,0.4
202204171330,,0.0
202204171400,172.0,0.4
202204171415,,0.0
202204171430,,0.0
202204171445,,0.0
202204171500,64.0,0.4
202204171515,,0.0
202204171530,,0.0
202204171600,,0.0
202204171615,,0.0
202204171630,139.0,0.9
202204171645,94.0,0.4
202204171700,34.0,0.4
202204171715,,0.0
202204171730,,0.0
202204171745,67.0,0.4
202204171800,71.0,0.4
202204171815,87.0,0.4
202204171830,123.0,0.4
202204171845,,0.0
202204171901,94.0,0.4
202204171915,157.0,0.4
202204171930,229.0,0.9
202204171945,173.0,0.4
202204172000,,0.0
202204172015,152.0,0.9
202204172030,126.0,0.9
202204172045,241.0,1.3
202204172100,86.0,1.3
202204172115,89.0,1.3
202204172130,105.0,0.9
202204172145,150.0,0.9
202204172200,,0.0
202204172215,,0.0
202204172230,157.0,0.9
202204172245,,0.0
202204172300,98.0,0.4
202204172315,,0.0
202204172330,,0.0
202204172345,,0.0
202204180000,87.0,0.4
202204180015,,0.0
202204180030,,0.0
202204180045,,0.0
202204180100,110.0,0.4
202204180115,,0.0
202204180130,311.0,0.4
202204180145,284.0,0.4
202204180200,,0.0
202204180215,,0.0
202204180230,113.0,0.4
202204180246,227.0,1.3
202204180300,296.0,0.4
202204180316,,0.0
202204180330,,0.0
202204180346,,0.0
202204180400,,0.0
202204180415,,0.0
202204180500,,0.0
202204180515,,0.0
202204180530,,0.0
202204180545,,0.0
202204180600,,0.0
202204180615,,0.0
202204180630,,0.0
202204180645,,0.0
202204180700,,0.0
202204180715,,0.0
202204180730,,0.0
202204180745,,0.0
202204180800,,0.0
202204180815,175.0,0.4
202204180830,211.0,0.4
202204180845,207.0,0.4
202204180900,,0.0
202204180915,277.0,0.4
202204180930,,0.0
202204180945,,0.0
202204181000,,0.0
202204181015,,0.0
202204181030,171.0,0.4
202204181045,180.0,0.4
202204181100,,0.0
202204181115,234.0,0.4
202204181130,,0.0
202204181145,,0.0
202204181200,,0.0
202204181230,273.0,0.4
202204181245,198.0,0.9
202204181300,44.0,0.9
202204181315,279.0,0.9
202204181331,,0.0
202204181345,221.0,0.4
202204181401,283.0,1.3
202204181415,136.0,0.4
202204181430,291.0,0.9
202204181445,275.0,0.4
202204181515,130.0,0.9
202204181530,269.0,0.4
202204181545,281.0,0.9
202204181600,231.0,0.4
202204181615,274.0,0.4
202204181630,298.0,0.9
202204181645,302.0,0.4
202204181700,52.0,1.3
202204181715,141.0,0.9
202204181730,,0.0
202204181745,265.0,0.9
202204181800,220.0,0.4
202204181815,120.0,0.9
202204181830,277.0,0.4
202204181845,224.0,0.4
202204181900,333.0,1.3
202204181916,259.0,1.3
202204181930,316.0,0.9
202204181945,337.0,2.2
202204182000,294.0,0.9
202204182015,324.0,1.3
202204182045,20.0,0.4
202204182101,249.0,0.9
202204182116,275.0,0.9
202204182130,302.0,0.9
202204182145,48.0,0.9
202204182201,,0.0
202204182216,263.0,0.4
202204182231,315.0,0.9
202204182300,349.0,0.4
202204182315,194.0,0.4
202204182330,262.0,1.3
202204182345,306.0,1.3
202204190000,5.0,0.4
202204190015,,0.0
202204190030,,0.0
202204190045,,0.0
202204190100,,0.0
202204190115,,0.0
202204190130,,0.0
202204190145,,0.0
202204190200,,0.0
202204190215,,0.0
202204190230,,0.0
202204190245,,0.0
202204190300,138.0,0.4
202204190315,107.0,0.9
202204190330,277.0,0.9
202204190345,300.0,0.4
202204190400,276.0,0.9
202204190430,110.0,0.4
202204190500,,0.0
202204190516,,0.0
202204190530,60.0,0.4
202204190546,,0.0
202204190600,,0.0
202204190615,,0.0
202204190630,,0.0
202204190645,,0.0
202204190700,,0.0
202204190715,,0.0
202204190730,,0.0
202204190745,,0.0
202204190800,,0.0
202204190830,,0.0
202204190845,,0.0
202204190900,,0.0
202204190915,,0.0
202204190930,,0.0
202204190945,,0.0
202204191000,,0.0
202204191015,,0.0
202204191030,,0.0
202204191045,,0.0
202204191100,,0.0
202204191115,,0.0
202204191130,,0.0
202204191145,,0.0
202204191200,,0.0
202204191215,111.0,0.4
202204191231,,0.0
202204191245,288.0,0.4
202204191300,35.0,0.4
202204191315,50.0,1.3
202204191330,328.0,0.9
202204191345,340.0,1.3
202204191400,273.0,1.3
202204191415,298.0,0.9
202204191445,275.0,0.9
202204191500,83.0,0.4
202204191515,109.0,0.4
202204191530,32.0,0.4
202204191545,48.0,1.3
202204191601,101.0,0.4
202204191616,323.0,0.9
202204191630,214.0,0.4
202204191645,265.0,0.9
202204191700,53.0,1.3
202204191715,303.0,0.9
202204191730,257.0,1.3
202204191745,261.0,0.9
202204191800,227.0,0.9
202204191815,49.0,0.4
202204191830,314.0,0.4
202204191845,277.0,1.3
202204191900,278.0,0.4
202204191915,189.0,0.9
202204191930,287.0,1.3
202204191945,159.0,0.9
202204192000,101.0,0.9
202204192015,80.0,1.8
202204192030,88.0,0.4
202204192045,252.0,0.9
202204192115,299.0,0.4
202204192130,,0.0
202204192145,,0.0
202204192200,196.0,0.4
202204192215,101.0,0.9
202204192230,,0.0
202204192245,,0.0
202204192300,,0.0
202204192315,,0.0
202204192330,,0.0
202204192345,,0.0
202204200000,,0.0
202204200015,,0.0
202204200030,,0.0
202204200045,,0.0
202204200100,,0.0
202204200115,,0.0
202204200130,,0.0
202204200145,,0.0
202204200200,,0.0
202204200215,,0.0
202204200231,,0.0
202204200245,,0.0
202204200300,,0.0
202204200316,,0.0
202204200345,,0.0
202204200400,,0.0
202204200415,,0.0
202204200430,,0.0
202204200445,,0.0
202204200500,,0.0
202204200516,,0.0
202204200545,,0.0
202204200615,,0.0
202204200630,,0.0
202204200645,,0.0
202204200700,,0.0
202204200715,,0.0
202204200745,,0.0
202204200800,,0.0
202204200815,,0.0
202204200830,,0.0
202204200845,,0.0
202204200900,,0.0
202204200915,,0.0
202204200930,,0.0
202204200945,,0.0
202204201015,,0.0
202204201030,,0.0
202204201045,,0.0
202204201100,,0.0
202204201115,,0.0
202204201130,,0.0
202204201145,,0.0
202204201200,,0.0
202204201215,,0.0
202204201230,,0.0
202204201245,,0.0
202204201316,103.0,0.9
202204201330,104.0,0.9
202204201345,98.0,1.3
202204201400,101.0,0.9
202204201415,123.0,0.9
202204201430,160.0,1.8
202204201445,188.0,0.4
202204201500,124.0,2.2
202204201515,180.0,1.3
202204201530,145.0,1.3
202204201545,83.0,1.8
202204201600,164.0,2.7
202204201615,288.0,1.3
202204201630,128.0,1.3
202204201646,113.0,0.9
202204201700,146.0,1.8
202204201715,116.0,0.9
202204201731,271.0,0.9
202204201746,155.0,1.3
202204201801,117.0,0.9
202204201815,144.0,1.3
202204201830,142.0,1.8
202204201845,200.0,1.3
202204201900,127.0,0.9
202204201915,152.0,1.3
202204201930,150.0,0.4
202204201945,146.0,0.4
202204202000,83.0,0.9
202204202030,162.0,0.9
202204202045,169.0,0.4
202204202100,108.0,0.4
202204202115,150.0,0.4
202204202130,133.0,0.4
202204202145,93.0,0.9
202204202200,162.0,0.4
202204202215,92.0,0.4
202204202230,87.0,0.9
202204202245,157.0,1.3
202204202300,110.0,0.4
202204202315,150.0,0.4
202204202330,65.0,0.4
202204202345,120.0,0.4
202204210000,130.0,0.4
202204210015,,0.0
202204210030,111.0,0.9
202204210045,,0.0
202204210100,,0.0
202204210115,100.0,0.4
202204210130,142.0,0.9
202204210145,101.0,0.4
202204210200,92.0,0.4
202204210215,57.0,1.3
202204210245,150.0,0.4
202204210300,152.0,0.4
202204210315,106.0,1.3
202204210330,121.0,0.4
202204210345,86.0,0.9
202204210400,112.0,0.4
202204210415,88.0,0.4
202204210430,,0.0
202204210445,150.0,0.9
202204210500,,0.0
202204210515,153.0,0.4
202204210530,126.0,0.4
202204210545,,0.0
202204210615,,0.0
202204210630,,0.0
202204210645,65.0,0.4
202204210701,121.0,0.9
202204210716,92.0,0.4
202204210730,173.0,0.9
202204210745,76.0,0.4
202204210800,76.0,0.4
202204210815,53.0,0.4
202204210830,128.0,0.4
202204210845,73.0,0.4
202204210900,136.0,0.9
202204210915,111.0,0.4
202204210930,111.0,0.9
202204210945,109.0,0.9
202204211000,146.0,2.2
202204211015,140.0,1.3
202204211030,132.0,0.4
202204211100,172.0,0.4
202204211115,,0.0
202204211130,,0.0
202204211145,173.0,0.4
202204211200,113.0,1.3
202204211215,,0.0
202204211245,146.0,0.4
202204211300,69.0,0.4
202204211315,144.0,0.4
202204211330,278.0,0.9
202204211400,67.0,1.3
202204211415,159.0,0.4
202204211430,232.0,1.3
202204211446,122.0,0.4
202204211500,79.0,0.4
202204211515,178.0,0.9
202204211530,193.0,0.9
202204211545,158.0,0.4
202204211600,159.0,0.4
202204211615,53.0,0.4
202204211630,146.0,1.3
202204211645,142.0,1.3
202204211700,53.0,0.9
202204211715,214.0,0.4
202204211730,146.0,0.4
202204211745,302.0,0.4
202204211800,222.0,0.4
202204211830,151.0,0.4
202204211845,163.0,1.3
202204211900,159.0,0.4
202204211915,193.0,0.9
202204211945,77.0,1.8
202204212000,194.0,0.4
202204212015,210.0,0.9
202204212046,97.0,0.4
202204212100,,0.0
202204212116,121.0,0.4
202204212130,98.0,0.4
202204212145,107.0,0.9
202204212200,,0.0
202204212215,198.0,0.4
202204212231,59.0,0.4
202204212245,76.0,0.4
202204212300,,0.0
202204212315,,0.0
202204212330,,0.0
202204212345,,0.0
202204220001,,0.0
202204220015,,0.0
202204220030,,0.0
202204220047,,0.0
202204220100,,0.0
202204220115,,0.0
202204220131,,0.0
202204220200,,0.0
202204220215,,0.0
202204220230,,0.0
202204220245,,0.0
202204220300,,0.0
202204220315,,0.0
202204220330,,0.0
202204220346,,0.0
202204220415,,0.0
202204220430,,0.0
202204220500,,0.0
202204220530,,0.0
202204220545,,0.0
202204220600,,0.0
202204220615,,0.0
202204220630,,0.0
202204220645,,0.0
202204220700,,0.0
202204220715,,0.0
202204220730,,0.0
202204220745,,0.0
202204220800,,0.0
202204220815,,0.0
202204220900,,0.0
202204220915,,0.0
202204220946,,0.0
202204221000,,0.0
202204221015,,0.0
202204221031,,0.0
202204221045,,0.0
202204221100,,0.0
202204221115,,0.0
202204221130,,0.0
202204221145,,0.0
202204221201,,0.0
202204221215,,0.0
202204221230,,0.0
202204221245,,0.0
202204221300,,0.0
202204221315,,0.0
202204221330,117.0,0.4
202204221345,245.0,0.9
202204221400,,0.0
202204221415,80.0,0.4
202204221430,121.0,0.4
202204221445,109.0,0.4
202204221501,103.0,0.4
202204221530,281.0,0.4
202204221545,145.0,0.9
202204221600,64.0,0.9
202204221615,32.0,0.9
202204221630,213.0,0.9
202204221700,94.0,0.4
202204221715,94.0,0.9
202204221730,123.0,0.4
202204221745,180.0,0.9
202204221800,107.0,0.4
202204221815,71.0,0.9
202204221845,139.0,0.9
202204221900,51.0,1.3
202204221915,160.0,1.3
202204221930,174.0,0.4
202204221945,170.0,0.4
202204222000,135.0,0.4
202204222015,156.0,0.4
202204222030,148.0,1.3
202204222045,141.0,0.4
202204222100,119.0,0.4
202204222115,65.0,0.4
202204222145,,0.0
202204222200,115.0,0.4
202204222215,,0.0
202204222230,159.0,0.4
202204222245,,0.0
202204222300,,0.0
202204222315,,0.0
202204222330,,0.0
202204222345,,0.0
202204230000,,0.0
202204230015,,0.0
202204230030,,0.0
202204230046,,0.0
202204230100,,0.0
202204230115,,0.0
202204230130,,0.0
202204230145,,0.0
202204230200,,0.0
202204230215,,0.0
202204230230,,0.0
202204230245,,0.0
202204230315,,0.0
202204230330,,0.0
202204230345,,0.0
202204230400,,0.0
202204230415,,0.0
202204230430,,0.0
202204230445,,0.0
202204230500,,0.0
202204230515,,0.0
202204230530,,0.0
202204230545,,0.0
202204230600,,0.0
202204230615,,0.0
202204230630,,0.0
202204230645,,0.0
202204230700,,0.0
202204230716,,0.0
202204230730,,0.0
202204230745,,0.0
202204230815,,0.0
202204230831,,0.0
202204230900,,0.0
202204230915,,0.0
202204230930,,0.0
202204230945,,0.0
202204231000,,0.0
202204231015,,0.0
202204231030,,0.0
202204231045,,0.0
202204231100,,0.0
202204231145,97.0,0.4
202204231200,133.0,0.4
202204231215,113.0,0.4
202204231245,82.0,0.9
202204231300,141.0,0.4
202204231316,32.0,0.4
202204231330,99.0,0.9
202204231345,96.0,0.9
202204231400,240.0,0.4
202204231415,,0.0
202204231430,177.0,0.9
202204231445,160.0,0.9
202204231500,148.0,0.9
202204231515,175.0,0.4
202204231530,180.0,0.9
202204231545,140.0,0.9
202204231600,67.0,1.3
202204231615,65.0,0.4
202204231630,174.0,1.3
202204231645,77.0,1.3
202204231700,152.0,0.9
202204231715,45.0,0.9
202204231730,121.0,0.9
202204231745,153.0,0.4
202204231800,104.0,1.3
202204231815,254.0,0.9
202204231830,78.0,0.9
202204231845,109.0,0.9
202204231900,144.0,1.3
202204231916,105.0,0.9
202204231931,103.0,0.4
202204231945,128.0,1.3
202204232000,62.0,0.4
202204232015,158.0,1.3
202204232030,115.0,0.9
202204232045,153.0,0.4
202204232100,73.0,0.9
202204232115,177.0,0.9
202204232130,103.0,0.9
202204232145,127.0,0.4
202204232200,62.0,0.4
202204232215,209.0,0.4
202204232230,229.0,0.9
202204232245,121.0,0.9
202204232300,161.0,0.4
202204232315,107.0,0.9
202204232345,,0.0
202204240000,,0.0
202204240015,184.0,0.4
202204240030,,0.0
202204240045,,0.0
202204240100,,0.0
202204240115,,0.0
202204240130,,0.0
202204240145,,0.0
202204240200,,0.0
202204240215,,0.0
202204240230,,0.0
202204240245,,0.0
202204240300,,0.0
202204240315,84.0,0.4
202204240331,136.0,0.4
202204240345,,0.0
202204240400,135.0,0.4
202204240415,86.0,0.9
202204240430,123.0,0.4
202204240445,159.0,0.4
202204240500,97.0,0.4
202204240515,80.0,0.4
202204240530,105.0,0.4
202204240545,105.0,0.4
202204240600,94.0,0.4
202204240615,,0.0
202204240630,,0.0
202204240645,,0.0
202204240701,,0.0
202204240716,,0.0
202204240730,,0.0
202204240745,,0.0
202204240800,,0.0
202204240815,,0.0
202204240830,,0.0
202204240845,,0.0
202204240900,77.0,0.4
202204240915,,0.0
202204240930,,0.0
202204240945,,0.0
202204241000,,0.0
202204241015,,0.0
202204241030,,0.0
202204241045,,0.0
202204241100,,0.0
202204241115,,0.0
202204241130,,0.0
202204241145,,0.0
202204241200,168.0,0.4
202204241215,121.0,0.4
202204241230,146.0,0.4
202204241245,139.0,0.4
202204241301,,0.0
202204241315,108.0,0.4
202204241330,146.0,0.9
202204241345,313.0,0.9
202204241400,123.0,0.4
202204241415,180.0,0.4
202204241445,100.0,1.3
202204241500,209.0,1.3
202204241515,161.0,0.4
202204241530,70.0,0.9
202204241545,101.0,0.4
202204241600,148.0,0.4
202204241615,127.0,0.4
202204241630,170.0,0.4
202204241645,193.0,0.4
202204241700,107.0,0.4
202204241715,227.0,0.4
202204241731,157.0,0.9
202204241745,302.0,0.9
202204241800,105.0,0.9
202204241815,178.0,0.9
202204241830,280.0,1.3
202204241845,144.0,0.4
202204241900,156.0,0.4
202204241915,192.0,1.3
202204241930,196.0,0.4
202204241945,126.0,0.4
202204242000,72.0,0.4
202204242015,156.0,0.9
202204242030,267.0,0.4
202204242045,252.0,0.4
202204242100,165.0,0.9
202204242115,71.0,0.4
202204242130,118.0,0.9
202204242145,107.0,0.4
202204242200,169.0,0.4
202204242215,86.0,0.4
202204242230,,0.0
202204242245,175.0,0.9
202204242300,131.0,0.4
202204242315,122.0,0.4
202204242330,,0.0
202204242345,142.0,0.4
202204250000,,0.0
202204250015,,0.0
202204250030,,0.0
202204250045,,0.0
202204250100,,0.0
202204250115,,0.0
202204250130,,0.0
202204250145,,0.0
202204250200,,0.0
202204250215,,0.0
202204250230,,0.0
202204250245,,0.0
202204250301,,0.0
202204250315,,0.0
202204250331,,0.0
202204250345,,0.0
202204250400,153.0,0.4
202204250416,150.0,0.4
202204250430,,0.0
202204250445,126.0,0.4
202204250500,86.0,0.4
202204250516,210.0,0.4
202204250530,,0.0
202204250546,,0.0
202204250600,,0.0
202204250615,,0.0
202204250630,,0.0
202204250645,,0.0
202204250715,,0.0
202204250730,,0.0
202204250745,,0.0
202204250800,,0.0
202204250815,,0.0
202204250830,,0.0
202204250845,,0.0
202204250900,,0.0
202204250915,,0.0
202204250930,,0.0
202204250945,,0.0
202204251000,,0.0
202204251015,,0.0
202204251030,,0.0
202204251046,,0.0
202204251100,,0.0
202204251115,,0.0
202204251130,,0.0
202204251145,,0.0
202204251200,,0.0
202204251215,,0.0
202204251230,,0.0
202204251246,,0.0
202204251300,,0.0
202204251330,,0.0
202204251345,140.0,0.4
202204251400,303.0,0.4
202204251430,113.0,0.4
202204251445,106.0,0.4
202204251500,120.0,0.4
202204251515,138.0,0.9
202204251530,122.0,0.4
202204251545,269.0,0.9
202204251600,150.0,0.9
202204251615,,0.0
202204251630,126.0,0.9
202204251646,153.0,0.9
202204251701,101.0,0.9
202204251716,149.0,0.9
202204251731,142.0,0.9
202204251745,142.0,0.9
202204251801,132.0,0.9
202204251815,138.0,0.4
202204251830,182.0,0.4
202204251900,169.0,0.9
202204251915,238.0,0.9
202204251930,323.0,0.4
202204251945,178.0,0.4
202204252000,99.0,0.4
202204252015,156.0,0.4
202204252030,111.0,0.4
202204252045,142.0,0.9
202204252100,,0.0
202204252115,159.0,0.4
202204252130,155.0,0.4
202204252145,,0.0
202204252200,96.0,0.4
202204252215,126.0,0.4
202204252230,,0.0
202204252300,,0.0
202204252315,,0.0
202204252330,,0.0
202204252345,,0.0
202204260001,,0.0
202204260015,,0.0
202204260030,,0.0
202204260045,,0.0
202204260100,,0.0
202204260115,,0.0
202204260130,,0.0
202204260145,,0.0
202204260200,,0.0
202204260215,,0.0
202204260230,,0.0
202204260245,,0.0
202204260300,,0.0
202204260315,,0.0
202204260330,,0.0
202204260345,,0.0
202204260400,,0.0
202204260415,,0.0
202204260430,,0.0
202204260445,,0.0
202204260530,,0.0
202204260545,,0.0
202204260600,136.0,0.4
202204260615,,0.0
202204260630,,0.0
202204260645,,0.0
202204260701,,0.0
202204260715,,0.0
202204260745,,0.0
202204260800,,0.0
202204260815,,0.0
202204260830,,0.0
202204260845,,0.0
202204260900,,0.0
202204260930,,0.0
202204260945,128.0,0.4
202204261000,,0.0
202204261015,255.0,0.4
202204261030,,0.0
202204261045,,0.0
202204261100,,0.0
202204261115,,0.0
202204261130,,0.0
202204261145,225.0,0.4
202204261200,,0.0
202204261215,,0.0
202204261230,289.0,0.4
202204261245,188.0,0.4
202204261300,,0.0
202204261315,242.0,0.4
202204261330,,0.0
202204261345,115.0,0.4
202204261400,,0.0
202204261415,,0.0
202204261430,,0.0
202204261445,206.0,0.4
202204261501,,0.0
202204261515,85.0,0.4
202204261530,,0.0
202204261545,63.0,0.4
202204261600,,0.0
202204261615,,0.0
202204261630,,0.0
202204261645,171.0,0.4
202204261700,184.0,0.4
202204261715,188.0,0.4
202204261730,250.0,0.4
202204261745,266.0,0.9
202204261815,,0.0
202204261830,215.0,0.4
202204261915,159.0,0.9
202204261930,121.0,1.3
202204261945,94.0,0.4
202204262000,92.0,0.4
202204262015,318.0,1.3
202204262030,15.0,0.4
202204262045,90.0,0.4
202204262100,273.0,1.3
202204262115,,0.0
202204262130,292.0,0.9
202204262145,310.0,0.4
202204262200,315.0,0.4
202204262215,,0.0
202204262230,355.0,0.9
202204262245,210.0,0.4
202204262301,,0.0
202204262315,59.0,0.4
202204262330,,0.0
202204262345,,0.0
202204270000,,0.0
202204270015,,0.0
202204270030,,0.0
202204270100,,0.0
202204270115,,0.0
202204270131,,0.0
202204270215,,0.0
202204270230,,0.0
202204270245,,0.0
202204270300,,0.0
202204270330,,0.0
202204270345,,0.0
202204270400,105.0,0.4
202204270415,,0.0
202204270445,,0.0
202204270500,,0.0
202204270515,,0.0
202204270530,,0.0
202204270545,,0.0
202204270600,,0.0
202204270615,,0.0
202204270645,,0.0
202204270700,,0.0
202204270715,,0.0
202204270730,,0.0
202204270745,,0.0
202204270800,,0.0
202204270815,,0.0
202204270830,,0.0
202204270846,,0.0
202204270900,,0.0
202204270916,,0.0
202204270930,,0.0
202204270945,,0.0
202204271000,,0.0
202204271016,,0.0
202204271031,,0.0
202204271046,,0.0
202204271101,,0.0
202204271130,,0.0
202204271145,,0.0
202204271200,,0.0
202204271215,,0.0
202204271230,,0.0
202204271245,,0.0
202204271300,,0.0
202204271315,104.0,0.4
202204271330,,0.0
202204271345,69.0,0.4
202204271400,112.0,0.4
202204271416,79.0,1.3
202204271430,225.0,0.4
202204271445,52.0,0.4
202204271500,346.0,1.3
202204271515,100.0,0.4
202204271530,221.0,1.3
202204271545,275.0,0.9
202204271600,117.0,1.3
202204271615,78.0,0.9
202204271645,117.0,0.4
202204271700,78.0,0.9
202204271715,242.0,0.4
202204271730,284.0,0.9
202204271745,132.0,0.9
202204271815,69.0,0.9
202204271830,123.0,0.4
202204271845,298.0,0.9
202204271902,138.0,0.4
202204271916,71.0,1.3
202204271930,315.0,0.9
202204272000,90.0,0.4
202204272015,147.0,1.8
202204272030,336.0,0.4
202204272045,98.0,0.4
202204272100,,0.0
202204272115,107.0,0.9
202204272130,74.0,0.9
202204272145,124.0,0.4
202204272200,,0.0
202204272215,72.0,0.4
202204272230,57.0,0.9
202204272245,,0.0
202204272300,,0.0
202204272330,67.0,0.9
202204272345,,0.0
202204280000,,0.0
202204280015,,0.0
202204280030,,0.0
202204280045,,0.0
202204280100,,0.0
202204280115,,0.0
202204280130,,0.0
202204280145,,0.0
202204280200,,0.0
202204280215,,0.0
202204280230,,0.0
202204280245,,0.0
202204280300,,0.0
202204280315,,0.0
202204280330,,0.0
202204280345,,0.0
202204280400,,0.0
202204280415,,0.0
202204280430,,0.0
202204280445,,0.0
202204280500,,0.0
202204280515,,0.0
202204280530,,0.0
202204280545,,0.0
202204280600,,0.0
202204280615,,0.0
202204280631,,0.0
202204280645,,0.0
202204280700,,0.0
202204280715,,0.0
202204280730,,0.0
202204280815,,0.0
202204280830,,0.0
202204280845,,0.0
202204280900,,0.0
202204280915,,0.0
202204280930,,0.0
202204280945,,0.0
202204281000,,0.0
202204281015,,0.0
202204281030,,0.0
202204281045,,0.0
202204281100,,0.0
202204281130,,0.0
202204281145,,0.0
202204281200,,0.0
202204281215,,0.0
202204281230,,0.0
202204281246,,0.0
202204281315,134.0,0.4
202204281330,,0.0
202204281345,,0.0
202204281401,,0.0
202204281415,94.0,0.4
202204281430,,0.0
202204281445,,0.0
202204281500,,0.0
202204281515,69.0,0.9
202204281530,32.0,0.4
202204281545,81.0,0.9
202204281600,,0.0
202204281616,94.0,0.9
202204281630,96.0,0.4
202204281645,69.0,0.9
202204281700,179.0,0.4
202204281715,147.0,0.9
202204281730,142.0,0.4
202204281745,89.0,0.9
202204281800,,0.0
202204281815,71.0,0.4
202204281830,148.0,0.4
202204281845,97.0,0.4
202204281901,82.0,0.4
202204281916,58.0,0.4
202204281930,,0.0
202204281946,54.0,0.4
202204282000,82.0,0.9
202204282015,154.0,0.4
202204282030,,0.0
202204282045,,0.0
202204282100,138.0,0.4
202204282115,59.0,1.3
202204282130,,0.0
202204282145,112.0,0.4
202204282200,77.0,0.4
202204282230,,0.0
202204282245,,0.0
202204282300,,0.0
202204282315,,0.0
202204282330,,0.0
202204282345,,0.0
202204290000,,0.0
202204290045,,0.0
202204290115,,0.0
202204290130,,0.0
202204290145,,0.0
202204290215,,0.0
202204290230,,0.0
202204290245,,0.0
202204290300,,0.0
202204290316,,0.0
202204290330,,0.0
202204290345,,0.0
202204290400,,0.0
202204290415,,0.0
202204290430,,0.0
202204290445,,0.0
202204290500,,0.0
202204290515,,0.0
202204290530,,0.0
202204290546,,0.0
202204290600,,0.0
202204290615,,0.0
202204290631,,0.0
202204290645,,0.0
202204290700,,0.0
202204290716,,0.0
202204290731,,0.0
202204290746,,0.0
202204290801,,0.0
202204290816,,0.0
202204290845,,0.0
202204290900,,0.0
202204290915,,0.0
202204290930,,0.0
202204290946,,0.0
202204291000,,0.0
202204291015,,0.0
202204291030,,0.0
202204291045,,0.0
202204291100,,0.0
202204291115,,0.0
202204291130,,0.0
202204291145,,0.0
202204291200,,0.0
202204291215,,0.0
202204291230,,0.0
202204291245,,0.0
202204291315,62.0,0.9
202204291345,26.0,0.9
202204291400,117.0,0.4
202204291431,265.0,0.4
202204291445,32.0,0.9
202204291500,,0.0
202204291515,240.0,0.4
202204291530,158.0,0.4
202204291600,180.0,0.4
202204291615,291.0,0.9
202204291630,196.0,0.9
202204291645,79.0,0.4
202204291700,145.0,0.4
202204291715,69.0,1.3
202204291730,150.0,0.9
202204291745,265.0,0.4
202204291800,169.0,0.4
202204291815,192.0,0.4
202204291830,103.0,0.4
202204291845,167.0,0.9
202204291900,32.0,0.4
202204291915,84.0,0.4
202204291930,91.0,0.9
202204291945,55.0,0.4
202204292000,112.0,0.4
202204292016,175.0,0.4
202204292030,252.0,0.9
202204292100,69.0,0.9
202204292115,66.0,0.4
202204292130,155.0,0.4
202204292145,63.0,0.9
202204292200,137.0,0.4
202204292215,124.0,0.4
202204292230,129.0,0.4
202204292245,155.0,0.4
202204292300,26.0,0.4
202204292315,,0.0
202204292330,,0.0
202204292345,100.0,0.4
202204300000,186.0,0.4
202204300015,180.0,0.4
202204300030,,0.0
202204300045,,0.0
202204300100,,0.0
202204300115,,0.0
202204300130,,0.0
202204300145,,0.0
202204300200,,0.0
202204300230,,0.0
202204300245,,0.0
202204300300,,0.0
202204300315,,0.0
202204300330,,0.0
202204300345,80.0,0.4
202204300415,132.0,0.4
202204300445,74.0,0.4
202204300500,194.0,0.4
202204300515,,0.0
202204300530,,0.0
202204300545,,0.0
202204300600,,0.0
202204300615,,0.0
202204300631,,0.0
202204300645,,0.0
202204300700,,0.0
202204300715,,0.0
202204300730,,0.0
202204300745,,0.0
202204300800,,0.0
202204300815,,0.0
202204300830,,0.0
202204300846,,0.0
202204300900,,0.0
202204300915,,0.0
202204300930,,0.0
202204300945,,0.0
202204301000,,0.0
202204301015,,0.0
202204301031,,0.0
202204301045,83.0,0.4
202204301100,61.0,0.4
202204301130,,0.0
202204301200,,0.0
202204301215,,0.0
202204301230,,0.0
202204301245,151.0,0.4
202204301300,174.0,0.4
202204301330,301.0,0.9
202204301345,132.0,0.4
202204301400,188.0,0.4
202204301416,175.0,0.4
202204301431,265.0,0.4
202204301446,32.0,0.9
202204301500,159.0,0.9
202204301515,169.0,0.4
202204301530,167.0,0.9
202204301545,146.0,0.9
202204301600,103.0,0.9
202204301615,115.0,0.4
202204301630,318.0,0.9
202204301645,81.0,1.3
202204301700,54.0,0.4
202204301715,141.0,0.9
202204301730,110.0,0.9
202204301745,238.0,0.4
202204301800,65.0,0.4
202204301815,,0.0
202204301830,,0.0
202204301845,,0.0
202204301900,113.0,0.4
202204301915,,0.0
202204301930,,0.0
202204301945,,0.0
202204302000,217.0,0.4
202204302015,80.0,0.9
202204302030,179.0,1.3
202204302045,118.0,0.4
202204302100,161.0,0.4
202204302116,150.0,0.4
202204302145,163.0,0.4
202204302200,154.0,0.4
202204302216,136.0,0.9
202204302230,184.0,0.4
202204302245,146.0,0.4
202204302300,,0.0
202204302315,240.0,0.4
202204302330,,0.0
202204302345,,0.0
202205010000,,0.0
202205010015,,0.0
202205010030,,0.0
202205010045,,0.0
202205010100,,0.0
202205010115,,0.0
202205010130,,0.0
202205010145,,0.0
202205010200,,0.0
202205010215,,0.0
202205010230,,0.0
202205010245,,0.0
202205010300,,0.0
202205010315,,0.0
202205010330,,0.0
202205010345,,0.0
202205010400,225.0,0.4
202205010415,,0.0
202205010430,157.0,0.4
202205010445,,0.0
202205010500,60.0,0.4
202205010515,145.0,0.4
202205010530,,0.0
202205010545,,0.0
202205010600,,0.0
202205010615,186.0,0.4
202205010630,107.0,0.4
202205010645,,0.0
202205010700,,0.0
202205010715,,0.0
202205010745,187.0,0.4
202205010800,348.0,1.3
202205010815,223.0,0.9
202205010830,135.0,0.4
202205010845,221.0,0.4
202205010900,256.0,0.4
202205010915,,0.0
202205010930,261.0,0.4
202205010945,301.0,0.4
202205011000,,0.0
202205011015,,0.0
202205011030,,0.0
202205011045,,0.0
202205011100,,0.0
202205011115,,0.0
202205011130,,0.0
202205011145,,0.0
202205011200,,0.0
202205011216,,0.0
202205011245,355.0,0.9
202205011300,259.0,0.4
202205011315,,0.0
202205011330,,0.0
202205011345,,0.0
202205011400,,0.0
202205011415,116.0,0.4
202205011430,57.0,0.4
202205011445,,0.0
202205011500,,0.0
202205011515,,0.0
202205011530,,0.0
202205011545,,0.0
202205011600,,0.0
202205011615,145.0,0.4
202205011630,,0.0
202205011645,,0.0
202205011700,168.0,0.4
202205011715,104.0,0.9
202205011730,215.0,0.4
202205011746,158.0,0.9
202205011800,76.0,0.4
202205011815,187.0,0.9
202205011830,117.0,0.9
202205011845,180.0,0.4
202205011900,200.0,0.4
202205011915,144.0,0.9
202205011930,238.0,0.9
202205011945,175.0,0.4
202205012000,113.0,0.4
202205012015,286.0,0.4
202205012045,203.0,0.4
202205012100,,0.0
202205012115,,0.0
202205012130,176.0,0.4
202205012145,,0.0
202205012200,296.0,0.4
202205012215,,0.0
202205012230,,0.0
202205012245,,0.0
202205012300,,0.0
202205012316,,0.0
202205012330,,0.0
202205012345,,0.0
202205020000,,0.0
202205020015,200.0,0.4
202205020045,,0.0
202205020100,,0.0
202205020115,,0.0
202205020130,,0.0
202205020145,,0.0
202205020200,,0.0
202205020215,,0.0
202205020230,,0.0
202205020245,,0.0
202205020300,,0.0
202205020315,,0.0
202205020330,,0.0
202205020345,,0.0
202205020400,,0.0
202205020415,,0.0
202205020431,,0.0
202205020445,,0.0
202205020501,,0.0
202205020515,,0.0
202205020531,,0.0
202205020546,,0.0
202205020600,,0.0
202205020615,,0.0
202205020646,,0.0
202205020701,,0.0
202205020715,,0.0
202205020730,,0.0
202205020746,,0.0
202205020815,,0.0
202205020845,,0.0
202205020900,,0.0
202205020915,,0.0
202205020930,,0.0
202205020945,,0.0
202205021000,,0.0
202205021015,,0.0
202205021030,,0.0
202205021045,,0.0
202205021100,,0.0
202205021115,,0.0
202205021130,,0.0
202205021145,,0.0
202205021200,,0.0
202205021215,,0.0
202205021230,,0.0
202205021245,,0.0
202205021300,,0.0
202205021315,,0.0
202205021330,124.0,0.4
202205021345,,0.0
202205021400,,0.0
202205021415,,0.0
202205021430,153.0,0.4
202205021445,,0.0
202205021501,,0.0
202205021515,240.0,0.4
202205021530,,0.0
202205021545,109.0,0.4
202205021600,,0.0
202205021615,145.0,0.4
202205021630,,0.0
202205021645,201.0,0.4
202205021700,152.0,0.4
202205021715,132.0,0.4
202205021745,138.0,0.4
202205021800,142.0,0.4
202205021815,276.0,0.4
202205021830,261.0,0.4
202205021845,231.0,0.4
202205021900,155.0,0.4
202205021916,211.0,0.4
202205021930,146.0,0.4
202205022001,167.0,0.4
202205022015,100.0,0.4
202205022030,161.0,0.4
202205022045,192.0,0.9
202205022100,204.0,0.4
202205022115,213.0,0.4
202205022130,,0.0
202205022145,159.0,0.4
202205022200,,0.0
202205022215,224.0,0.4
202205022230,,0.0
202205022315,,0.0
202205022330,,0.0
202205022345,,0.0
202205030000,,0.0
202205030015,,0.0
202205030030,,0.0
202205030045,,0.0
202205030115,,0.0
202205030130,,0.0
202205030145,,0.0
202205030200,,0.0
202205030216,,0.0
202205030230,,0.0
202205030245,,0.0
202205030300,,0.0
202205030315,,0.0
202205030330,,0.0
202205030400,,0.0
202205030415,204.0,0.4
202205030430,150.0,0.4
202205030445,,0.0
202205030500,,0.0
202205030515,,0.0
202205030530,,0.0
202205030545,,0.0
202205030600,,0.0
202205030616,,0.0
202205030630,,0.0
202205030646,,0.0
202205030715,,0.0
202205030730,185.0,0.4
202205030745,,0.0
202205030815,,0.0
202205030830,,0.0
202205030845,,0.0
202205030900,,0.0
202205030915,209.0,0.4
202205030930,,0.0
202205030945,91.0,0.4
202205031015,137.0,0.4
202205031030,206.0,0.4
202205031045,,0.0
202205031100,190.0,0.4
202205031115,180.0,0.4
202205031130,42.0,0.4
202205031145,198.0,1.3
202205031200,124.0,0.4
202205031215,139.0,0.4
202205031230,,0.0
202205031245,,0.0
202205031300,221.0,0.9
202205031315,197.0,0.4
202205031330,,0.0
202205031345,167.0,0.9
202205031400,225.0,0.4
202205031415,288.0,0.4
202205031430,315.0,0.4
202205031445,182.0,0.4
202205031500,335.0,0.4
202205031515,196.0,1.3
202205031530,146.0,0.4
202205031545,163.0,0.9
202205031600,292.0,0.4
202205031615,192.0,0.9
202205031630,153.0,0.9
202205031645,165.0,0.4
202205031700,305.0,1.3
202205031715,161.0,0.4
202205031730,319.0,0.4
202205031745,187.0,0.4
202205031800,296.0,0.9
202205031815,316.0,0.9
202205031830,217.0,0.9
202205031845,283.0,0.9
202205031900,247.0,1.3
202205031915,194.0,0.9
202205031930,131.0,1.3
202205031945,234.0,0.4
202205032000,311.0,1.3
202205032030,163.0,0.4
202205032045,183.0,0.4
202205032100,,0.0
202205032130,314.0,0.9
202205032145,196.0,0.4
202205032200,,0.0
202205032230,131.0,0.9
202205032245,,0.0
202205032300,,0.0
202205032316,,0.0
202205032330,,0.0
202205032345,,0.0
202205040001,,0.0
202205040015,,0.0
202205040030,,0.0
202205040045,,0.0
202205040100,,0.0
202205040115,,0.0
202205040130,,0.0
202205040145,,0.0
202205040200,,0.0
202205040230,,0.0
202205040245,,0.0
202205040300,,0.0
202205040316,,0.0
202205040330,,0.0
202205040345,,0.0
202205040400,,0.0
202205040415,,0.0
202205040431,,0.0
202205040446,,0.0
202205040501,,0.0
202205040515,,0.0
202205040530,,0.0
202205040600,,0.0
202205040630,,0.0
202205040645,,0.0
202205040700,,0.0
202205040715,,0.0
202205040730,,0.0
202205040800,,0.0
202205040816,,0.0
202205040830,,0.0
202205040845,,0.0
202205040900,,0.0
202205040915,,0.0
202205040930,,0.0
202205040945,,0.0
202205041001,,0.0
202205041015,,0.0
202205041030,,0.0
202205041045,,0.0
202205041100,,0.0
202205041115,,0.0
202205041130,,0.0
202205041145,,0.0
202205041200,,0.0
202205041215,,0.0
202205041245,,0.0
202205041300,,0.0
202205041315,,0.0
202205041330,,0.0
202205041346,259.0,0.9
202205041400,,0.0
202205041415,,0.0
202205041430,,0.0
202205041445,,0.0
202205041500,,0.0
202205041515,,0.0
202205041530,178.0,0.4
202205041545,281.0,0.4
202205041600,123.0,0.4
202205041615,,0.0
202205041630,194.0,0.4
202205041701,,0.0
202205041715,,0.0
202205041730,,0.0
202205041745,205.0,0.4
202205041800,158.0,0.4
202205041831,257.0,0.4
202205041845,,0.0
202205041900,321.0,0.4
202205041915,,0.0
202205041945,,0.0
202205042015,297.0,0.4
202205042030,,0.0
202205042045,,0.0
202205042100,278.0,0.4
202205042115,304.0,0.4
202205042130,157.0,0.4
202205042145,,0.0
202205042200,,0.0
202205042215,,0.0
202205042230,,0.0
202205042245,,0.0
202205042300,,0.0
202205042315,,0.0
202205042330,,0.0
202205042345,,0.0
202205050000,,0.0
202205050030,,0.0
202205050045,,0.0
202205050100,,0.0
202205050115,,0.0
202205050130,,0.0
202205050145,,0.0
202205050200,,0.0
202205050215,,0.0
202205050230,,0.0
202205050245,,0.0
202205050300,,0.0
202205050315,,0.0
202205050330,,0.0
202205050400,,0.0
202205050415,,0.0
202205050430,,0.0
202205050445,,0.0
202205050500,,0.0
202205050515,,0.0
202205050530,,0.0
202205050545,,0.0
202205050600,,0.0
202205050615,,0.0
202205050630,,0.0
202205050645,,0.0
202205050700,,0.0
202205050716,,0.0
202205050730,,0.0
202205050745,,0.0
202205050800,,0.0
202205050816,,0.0
202205050830,,0.0
202205050846,,0.0
202205050901,,0.0
202205050916,,0.0
202205050930,,0.0
202205050945,,0.0
202205051000,,0.0
202205051015,,0.0
202205051030,,0.0
202205051045,,0.0
202205051100,,0.0
202205051115,,0.0
202205051130,,0.0
202205051145,,0.0
202205051200,,0.0
202205051215,,0.0
202205051230,,0.0
202205051245,,0.0
202205051300,,0.0
202205051315,,0.0
202205051330,,0.0
202205051345,,0.0
202205051415,175.0,0.4
202205051430,178.0,0.4
202205051446,,0.0
202205051515,132.0,0.4
202205051530,,0.0
202205051545,320.0,0.4
202205051600,180.0,0.4
202205051615,,0.0
202205051630,136.0,0.9
202205051645,242.0,0.4
202205051700,202.0,0.4
202205051715,213.0,0.4
202205051731,112.0,0.4
202205051745,323.0,0.4
202205051800,311.0,0.9
202205051815,153.0,0.9
202205051830,206.0,0.4
202205051845,149.0,0.4
202205051915,263.0,0.4
202205051930,219.0,0.9
202205051945,81.0,0.9
202205052000,169.0,0.9
202205052015,270.0,0.9
202205052030,153.0,0.9
202205052045,268.0,0.4
202205052100,157.0,0.9
202205052116,274.0,0.9
202205052130,331.0,0.4
202205052145,173.0,0.9
202205052215,48.0,0.4
202205052231,255.0,0.4
202205052247,181.0,0.4
202205052300,,0.0
202205052315,,0.0
202205052330,,0.0
202205052345,,0.0
202205060000,,0.0
202205060015,,0.0
202205060030,,0.0
202205060045,,0.0
202205060100,,0.0
202205060115,,0.0
202205060130,,0.0
202205060145,,0.0
202205060200,,0.0
202205060215,,0.0
202205060230,,0.0
202205060245,,0.0
202205060300,202.0,0.4
202205060315,214.0,0.9
202205060330,193.0,0.9
202205060345,169.0,0.9
202205060400,276.0,0.4
202205060415,,0.0
202205060430,186.0,0.4
202205060445,,0.0
202205060500,,0.0
202205060515,,0.0
202205060530,,0.0
202205060545,,0.0
202205060600,,0.0
202205060615,175.0,0.4
202205060630,,0.0
202205060645,,0.0
202205060700,,0.0
202205060715,,0.0
202205060730,,0.0
202205060745,,0.0
202205060800,,0.0
202205060816,,0.0
202205060830,312.0,0.4
202205060845,129.0,0.4
202205060901,151.0,0.4
202205060915,163.0,0.9
202205060930,197.0,1.8
202205060945,221.0,0.9
202205061000,191.0,0.9
202205061015,92.0,0.4
202205061030,340.0,0.4
202205061045,133.0,0.4
202205061100,,0.0
202205061115,,0.0
202205061130,,0.0
202205061145,284.0,0.4
202205061200,243.0,0.9
202205061215,92.0,0.9
202205061230,182.0,0.4
202205061245,323.0,0.4
202205061300,296.0,0.9
202205061315,102.0,0.4
202205061330,223.0,0.4
202205061345,277.0,0.4
202205061400,274.0,0.9
202205061415,262.0,1.3
202205061430,145.0,0.9
202205061445,315.0,1.3
202205061500,288.0,1.3
202205061515,334.0,0.9
202205061530,282.0,1.3
202205061545,119.0,1.3
202205061600,217.0,1.8
202205061615,346.0,1.8
202205061630,165.0,1.8
202205061646,272.0,0.9
202205061700,248.0,1.3
202205061715,279.0,3.1
202205061731,239.0,2.2
202205061746,57.0,1.8
202205061801,355.0,1.3
202205061815,284.0,1.3
202205061831,195.0,1.3
202205061845,336.0,1.3
202205061900,309.0,1.3
202205061915,273.0,1.8
202205061930,325.0,1.3
202205061945,315.0,1.3
202205062000,123.0,2.2
202205062015,342.0,1.3
202205062030,333.0,1.3
202205062045,288.0,2.2
202205062100,220.0,2.2
202205062115,302.0,1.3
202205062130,315.0,0.4
202205062200,260.0,0.9
202205062215,300.0,0.9
202205062230,184.0,1.8
202205062245,308.0,1.3
202205062300,162.0,0.4
202205062315,190.0,0.9
202205062330,287.0,0.9
202205062345,119.0,0.9
202205070000,267.0,1.3
202205070015,311.0,0.9
202205070030,296.0,0.4
202205070045,94.0,0.4
202205070100,300.0,0.4
202205070115,,0.0
202205070130,,0.0
202205070145,311.0,0.4
202205070200,,0.0
202205070215,,0.0
202205070230,,0.0
202205070245,,0.0
202205070300,272.0,0.4
202205070315,320.0,0.4
202205070330,,0.0
202205070345,215.0,0.4
202205070400,196.0,0.9
202205070415,,0.0
202205070430,,0.0
202205070445,331.0,0.4
202205070500,279.0,0.4
202205070515,327.0,0.4
202205070530,117.0,0.4
202205070545,256.0,1.3
202205070615,210.0,0.4
202205070631,211.0,0.4
202205070645,271.0,0.4
202205070700,,0.0
202205070715,,0.0
202205070731,300.0,0.4
202205070746,,0.0
202205070801,,0.0
202205070815,,0.0
202205070830,,0.0
202205070845,,0.0
202205070900,230.0,0.4
202205070915,,0.0
202205070930,,0.0
202205070945,,0.0
202205071000,,0.0
202205071015,,0.0
202205071030,,0.0
202205071045,,0.0
202205071100,,0.0
202205071115,,0.0
202205071130,,0.0
202205071145,,0.0
202205071200,244.0,0.4
202205071215,,0.0
202205071230,,0.0
202205071245,175.0,0.4
202205071300,,0.0
202205071315,248.0,0.4
202205071330,67.0,0.4
202205071345,281.0,0.9
202205071400,92.0,0.9
202205071415,,0.0
202205071430,157.0,0.9
202205071445,44.0,1.3
202205071516,219.0,0.4
202205071545,171.0,0.9
202205071600,239.0,0.9
202205071615,288.0,0.9
202205071630,172.0,0.4
202205071645,260.0,0.9
202205071700,84.0,0.9
202205071715,288.0,1.3
202205071730,200.0,0.9
202205071745,169.0,0.9
202205071800,84.0,0.9
202205071815,80.0,0.9
202205071830,242.0,0.9
202205071845,319.0,0.9
202205071900,299.0,0.9
202205071945,103.0,0.4
202205072000,249.0,0.4
202205072015,217.0,0.9
202205072030,258.0,0.4
202205072115,234.0,0.4
202205072130,128.0,0.4
202205072145,88.0,0.4
202205072200,106.0,0.9
202205072215,178.0,0.4
202205072230,5.0,0.4
202205072245,123.0,1.3
202205072300,22.0,0.9
202205072315,117.0,0.9
202205072330,160.0,0.4
202205072345,59.0,0.4
202205080000,46.0,0.9
202205080015,140.0,0.4
202205080030,85.0,0.4
202205080045,,0.0
202205080100,,0.0
202205080115,132.0,0.4
202205080130,98.0,0.4
202205080145,,0.0
202205080200,123.0,0.4
202205080215,82.0,0.9
202205080230,182.0,0.4
202205080245,95.0,0.4
202205080300,239.0,0.4
202205080315,,0.0
202205080330,,0.0
202205080345,,0.0
202205080415,,0.0
202205080430,,0.0
202205080445,,0.0
202205080500,176.0,0.4
202205080515,,0.0
202205080530,,0.0
202205080545,,0.0
202205080615,,0.0
202205080630,,0.0
202205080645,,0.0
202205080715,,0.0
202205080730,,0.0
202205080745,,0.0
202205080800,,0.0
202205080815,,0.0
202205080830,,0.0
202205080845,,0.0
202205080900,,0.0
202205080915,,0.0
202205080930,,0.0
202205080945,,0.0
202205081000,,0.0
202205081015,,0.0
202205081030,,0.0
202205081046,,0.0
202205081100,,0.0
202205081115,,0.0
202205081131,,0.0
202205081146,,0.0
202205081201,,0.0
202205081215,,0.0
202205081230,,0.0
202205081245,,0.0
202205081300,92.0,1.3
202205081315,213.0,0.4
202205081330,,0.0
202205081345,89.0,0.4
202205081400,71.0,0.4
202205081415,,0.0
202205081430,94.0,0.4
202205081445,61.0,0.4
202205081500,,0.0
202205081515,,0.0
202205081531,,0.0
202205081545,298.0,0.4
202205081600,193.0,0.4
202205081616,,0.0
202205081630,212.0,0.4
202205081645,94.0,0.4
202205081700,244.0,0.4
202205081715,60.0,0.4
202205081730,252.0,0.4
202205081745,,0.0
202205081800,,0.0
202205081815,114.0,0.4
202205081830,106.0,0.9
202205081846,,0.0
202205081900,150.0,0.4
202205081915,82.0,0.4
202205081930,109.0,0.4
202205081945,292.0,0.4
202205082000,109.0,0.9
202205082030,,0.0
202205082045,,0.0
202205082100,130.0,0.4
202205082115,,0.0
202205082130,122.0,0.4
202205082145,79.0,0.9
202205082200,69.0,0.4
202205082215,,0.0
202205082230,80.0,0.4
202205082245,,0.0
202205082315,,0.0
202205082345,84.0,0.9
202205090000,,0.0
202205090015,,0.0
202205090030,,0.0
202205090045,,0.0
202205090100,,0.0
202205090116,,0.0
202205090130,,0.0
202205090145,,0.0
202205090201,,0.0
202205090215,,0.0
202205090231,,0.0
202205090300,,0.0
202205090316,,0.0
202205090330,,0.0
202205090345,90.0,0.9
202205090400,156.0,0.4
202205090415,334.0,0.9
202205090430,57.0,0.4
202205090445,69.0,0.4
202205090500,105.0,0.4
202205090515,,0.0
202205090530,194.0,0.4
202205090545,,0.0
202205090600,,0.0
202205090615,84.0,0.4
202205090630,88.0,0.4
202205090645,,0.0
202205090700,123.0,0.4
202205090715,143.0,0.4
202205090730,90.0,0.4
202205090745,165.0,0.4
202205090800,74.0,0.4
202205090815,69.0,0.4
202205090830,,0.0
202205090845,201.0,0.4
202205090900,192.0,0.4
202205090915,28.0,0.9
202205090930,30.0,0.9
202205090945,,0.0
202205091000,89.0,0.4
202205091030,63.0,0.4
202205091045,201.0,0.4
202205091115,,0.0
202205091130,78.0,0.4
202205091145,106.0,0.4
202205091201,67.0,0.9
202205091215,164.0,1.3
202205091230,,0.0
202205091245,141.0,0.4
202205091300,63.0,0.4
202205091315,201.0,0.9
202205091330,76.0,0.9
202205091345,71.0,0.9
202205091400,161.0,0.9
202205091415,111.0,0.9
202205091430,74.0,0.4
202205091446,355.0,0.4
202205091530,74.0,0.4
202205091545,71.0,1.8
202205091600,66.0,0.9
202205091615,182.0,1.3
202205091630,32.0,0.9
202205091645,140.0,0.9
202205091700,88.0,0.9
202205091715,100.0,0.9
202205091745,76.0,0.9
202205091800,169.0,0.4
202205091815,82.0,0.4
202205091830,202.0,0.9
202205091845,,0.0
202205091900,113.0,0.4
202205091915,164.0,0.9
202205091930,14.0,0.4
202205091945,80.0,0.4
202205092000,141.0,0.4
202205092015,192.0,0.4
202205092030,98.0,0.4
202205092045,,0.0
202205092100,,0.0
202205092115,,0.0
202205092130,,0.0
202205092145,,0.0
202205092200,,0.0
202205092216,,0.0
202205092230,,0.0
202205092245,103.0,0.4
202205092301,88.0,0.4
202205092316,,0.0
202205092331,,0.0
202205092345,,0.0
202205100000,,0.0
202205100015,,0.0
202205100031,,0.0
202205100046,,0.0
202205100100,,0.0
202205100130,,0.0
202205100145,,0.0
202205100200,,0.0
202205100215,,0.0
202205100230,,0.0
202205100245,,0.0
202205100300,,0.0
202205100315,,0.0
202205100330,,0.0
202205100345,,0.0
202205100415,,0.0
202205100430,,0.0
202205100445,,0.0
202205100500,,0.0
202205100515,,0.0
202205100530,,0.0
202205100545,,0.0
202205100600,,0.0
202205100615,,0.0
202205100630,,0.0
202205100645,,0.0
202205100700,83.0,0.4
202205100715,,0.0
202205100730,,0.0
202205100745,,0.0
202205100800,143.0,0.9
202205100815,90.0,0.4
202205100830,,0.0
202205100845,,0.0
202205100900,,0.0
202205100916,,0.0
202205100930,,0.0
202205100945,,0.0
202205101001,,0.0
202205101015,,0.0
202205101030,,0.0
202205101045,,0.0
202205101100,,0.0
202205101116,,0.0
202205101130,325.0,0.4
202205101145,326.0,0.4
202205101200,,0.0
202205101215,,0.0
202205101230,,0.0
202205101245,,0.0
202205101300,,0.0
202205101315,84.0,0.4
202205101400,,0.0
202205101415,48.0,0.4
202205101430,113.0,0.4
202205101445,144.0,0.9
202205101501,182.0,0.4
202205101515,69.0,0.9
202205101530,79.0,0.4
202205101545,236.0,0.4
202205101600,99.0,0.4
202205101615,163.0,0.4
202205101630,156.0,0.4
202205101645,178.0,0.9
202205101700,,0.0
202205101715,87.0,0.4
202205101730,,0.0
202205101745,80.0,0.9
202205101800,,0.0
202205101815,180.0,0.4
202205101830,80.0,0.4
202205101845,175.0,0.4
202205101900,163.0,0.4
202205101915,73.0,0.4
202205101931,,0.0
202205101945,,0.0
202205102015,,0.0
202205102031,,0.0
202205102045,,0.0
202205102101,289.0,0.4
202205102116,,0.0
202205102131,,0.0
202205102145,,0.0
202205102200,,0.0
202205102230,,0.0
202205102245,,0.0
202205102300,,0.0
202205102315,,0.0
202205102330,,0.0
202205102345,,0.0
202205110000,,0.0
202205110015,,0.0
202205110030,,0.0
202205110045,,0.0
202205110100,,0.0
202205110115,,0.0
202205110130,,0.0
202205110145,,0.0
202205110200,,0.0
202205110215,,0.0
202205110230,,0.0
202205110245,,0.0
202205110300,,0.0
202205110315,,0.0
202205110330,,0.0
202205110345,,0.0
202205110400,,0.0
202205110415,,0.0
202205110430,,0.0
202205110445,,0.0
202205110500,,0.0
202205110530,,0.0
202205110545,,0.0
202205110600,,0.0
202205110615,,0.0
202205110630,,0.0
202205110645,,0.0
202205110700,,0.0
202205110715,,0.0
202205110730,,0.0
202205110745,,0.0
202205110800,,0.0
202205110816,,0.0
202205110830,,0.0
202205110845,,0.0
202205110900,,0.0
202205110915,,0.0
202205110931,,0.0
202205110945,,0.0
202205111000,,0.0
202205111015,,0.0
202205111030,,0.0
202205111045,,0.0
202205111100,,0.0
202205111115,,0.0
202205111130,,0.0
202205111145,,0.0
202205111200,,0.0
202205111230,,0.0
202205111245,94.0,0.4
202205111300,,0.0
202205111315,,0.0
202205111330,,0.0
202205111345,,0.0
202205111400,,0.0
202205111415,,0.0
202205111431,,0.0
202205111445,,0.0
202205111500,,0.0
202205111515,,0.0
202205111530,,0.0
202205111545,182.0,0.4
202205111600,152.0,0.4
202205111615,,0.0
202205111630,145.0,0.4
202205111645,63.0,1.3
202205111700,,0.0
202205111715,143.0,0.4
202205111730,159.0,0.4
202205111745,,0.0
202205111800,266.0,0.9
202205111815,85.0,0.9
202205111830,,0.0
202205111846,148.0,0.4
202205111900,297.0,0.4
202205111915,53.0,0.4
202205111945,316.0,0.4
202205112000,249.0,0.4
202205112016,232.0,0.4
202205112030,333.0,0.4
202205112045,,0.0
202205112100,90.0,0.4
202205112115,222.0,0.9
202205112130,293.0,0.4
202205112145,76.0,0.9
202205112200,,0.0
202205112215,78.0,0.4
202205112230,,0.0
202205112245,90.0,0.4
202205112315,78.0,0.4
202205112330,,0.0
202205112345,,0.0
202205120000,,0.0
202205120015,,0.0
202205120045,,0.0
202205120100,,0.0
202205120115,,0.0
202205120130,,0.0
202205120145,,0.0
202205120200,,0.0
202205120215,,0.0
202205120230,,0.0
202205120245,,0.0
202205120300,,0.0
202205120315,,0.0
202205120330,,0.0
202205120345,,0.0
202205120400,,0.0
202205120415,,0.0
202205120430,,0.0
202205120445,,0.0
202205120500,,0.0
202205120515,,0.0
202205120530,,0.0
202205120545,,0.0
202205120600,,0.0
202205120615,,0.0
202205120630,,0.0
202205120646,,0.0
202205120715,,0.0
202205120746,,0.0
202205120800,,0.0
202205120816,,0.0
202205120830,,0.0
202205120845,,0.0
202205120900,,0.0
202205120916,,0.0
202205120930,84.0,0.9
202205120946,,0.0
202205121001,,0.0
202205121016,,0.0
202205121030,,0.0
202205121045,,0.0
202205121100,,0.0
202205121115,,0.0
202205121130,,0.0
202205121145,,0.0
202205121200,,0.0
202205121215,,0.0
202205121230,,0.0
202205121245,59.0,0.4
202205121300,,0.0
202205121315,160.0,0.9
202205121330,207.0,0.4
202205121345,56.0,0.9
202205121400,126.0,1.3
202205121415,84.0,0.4
202205121430,66.0,0.4
202205121446,142.0,0.4
202205121500,136.0,0.9
202205121515,85.0,0.4
202205121530,125.0,0.4
202205121545,208.0,0.9
202205121600,132.0,0.4
202205121615,196.0,0.4
202205121630,180.0,0.4
202205121645,217.0,0.4
202205121700,257.0,0.4
202205121715,169.0,0.4
202205121730,,0.0
202205121745,75.0,0.4
202205121800,57.0,0.4
202205121815,28.0,0.4
202205121830,,0.0
202205121846,,0.0
202205121900,85.0,0.4
202205121915,76.0,0.4
202205121930,,0.0
202205121945,267.0,0.4
202205122000,,0.0
202205122015,,0.0
202205122046,95.0,0.4
202205122100,97.0,0.4
202205122115,148.0,0.4
202205122130,115.0,0.4
202205122145,140.0,0.4
202205122200,,0.0
202205122215,300.0,0.4
202205122230,318.0,0.9
202205122245,63.0,0.4
202205122300,,0.0
202205122315,62.0,0.4
202205122330,,0.0
202205122345,,0.0
202205130000,,0.0
202205130015,,0.0
202205130030,,0.0
202205130045,,0.0
202205130115,,0.0
202205130130,,0.0
202205130145,,0.0
202205130200,,0.0
202205130230,,0.0
202205130245,,0.0
202205130300,,0.0
202205130315,,0.0
202205130330,,0.0
202205130345,,0.0
202205130400,,0.0
202205130415,,0.0
202205130430,,0.0
202205130445,,0.0
202205130500,,0.0
202205130515,,0.0
202205130530,,0.0
202205130545,,0.0
202205130600,,0.0
202205130615,,0.0
202205130630,,0.0
202205130645,,0.0
202205130700,,0.0
202205130715,,0.0
202205130730,81.0,0.4
202205130745,,0.0
202205130800,312.0,0.4
202205130815,68.0,0.4
202205130845,,0.0
202205130900,82.0,0.4
202205130916,88.0,0.4
202205130931,,0.0
202205130946,,0.0
202205131000,,0.0
202205131015,,0.0
202205131030,,0.0
202205131045,156.0,0.4
202205131115,,0.0
202205131130,,0.0
202205131145,,0.0
202205131200,88.0,0.4
202205131215,90.0,0.4
202205131245,,0.0
202205131300,71.0,0.4
202205131315,98.0,0.4
202205131330,96.0,0.4
202205131345,211.0,0.9
202205131400,73.0,0.9
202205131415,,0.0
202205131431,63.0,0.4
202205131445,198.0,0.4
202205131500,128.0,0.9
202205131515,71.0,0.4
202205131545,80.0,0.4
202205131600,47.0,1.3
202205131615,196.0,0.9
202205131630,,0.0
202205131645,107.0,0.4
202205131700,130.0,0.4
202205131715,144.0,0.4
202205131730,189.0,0.4
202205131745,105.0,0.4
202205131800,,0.0
202205131830,158.0,0.9
202205131845,74.0,0.4
202205131900,59.0,0.9
202205131930,94.0,0.4
202205131945,,0.0
202205132000,214.0,0.9
202205132015,,0.0
202205132031,61.0,0.9
202205132045,,0.0
202205132100,70.0,0.4
202205132115,71.0,0.9
202205132130,,0.0
202205132200,,0.0
202205132215,,0.0
202205132230,,0.0
202205132245,,0.0
202205132300,,0.0
202205132315,,0.0
202205132331,,0.0
202205132345,,0.0
202205140000,,0.0
202205140015,,0.0
202205140030,,0.0
202205140046,,0.0
202205140100,,0.0
202205140115,,0.0
202205140146,,0.0
202205140200,,0.0
202205140216,,0.0
202205140231,,0.0
202205140245,,0.0
202205140300,,0.0
202205140315,,0.0
202205140330,,0.0
202205140345,,0.0
202205140400,,0.0
202205140415,,0.0
202205140445,,0.0
202205140500,,0.0
202205140515,,0.0
202205140530,,0.0
202205140545,,0.0
202205140600,,0.0
202205140615,,0.0
202205140630,,0.0
202205140645,,0.0
202205140700,,0.0
202205140715,,0.0
202205140730,,0.0
202205140800,,0.0
202205140815,,0.0
202205140830,,0.0
202205140901,,0.0
202205140915,,0.0
202205140945,,0.0
202205141015,,0.0
202205141031,,0.0
202205141045,,0.0
202205141100,,0.0
202205141115,,0.0
202205141131,,0.0
202205141145,,0.0
202205141200,,0.0
202205141215,,0.0
202205141230,,0.0
202205141245,84.0,0.4
202205141300,,0.0
202205141315,,0.0
202205141330,,0.0
202205141345,,0.0
202205141400,,0.0
202205141415,,0.0
202205141430,,0.0
202205141446,,0.0
202205141500,,0.0
202205141515,188.0,0.4
202205141530,,0.0
202205141545,,0.0
202205141600,130.0,0.4
202205141615,142.0,0.4
202205141630,,0.0
202205141645,,0.0
202205141700,59.0,0.4
202205141715,137.0,0.4
202205141745,,0.0
202205141800,,0.0
202205141815,114.0,0.4
202205141830,174.0,0.4
202205141845,,0.0
202205141900,,0.0
202205141915,201.0,0.4
202205141930,53.0,0.4
202205141945,,0.0
202205142000,,0.0
202205142015,,0.0
202205142030,,0.0
202205142045,,0.0
202205142100,,0.0
202205142115,,0.0
202205142130,,0.0
202205142146,,0.0
202205142200,,0.0
202205142215,,0.0
202205142230,,0.0
202205142245,,0.0
202205142300,110.0,0.4
202205142315,,0.0
202205142330,,0.0
202205142345,,0.0
202205150000,,0.0
202205150015,,0.0
202205150030,,0.0
202205150045,,0.0
202205150115,110.0,0.4
202205150130,,0.0
202205150146,,0.0
202205150200,,0.0
202205150215,,0.0
202205150230,,0.0
202205150245,,0.0
202205150315,,0.0
202205150330,,0.0
202205150345,,0.0
202205150400,,0.0
202205150416,,0.0
202205150431,,0.0
202205150446,,0.0
202205150500,,0.0
202205150515,,0.0
202205150530,,0.0
202205150545,,0.0
202205150600,,0.0
202205150615,,0.0
202205150630,,0.0
202205150645,,0.0
202205150700,,0.0
202205150715,,0.0
202205150730,,0.0
202205150745,,0.0
202205150800,,0.0
202205150815,,0.0
202205150830,,0.0
202205150845,,0.0
202205150900,,0.0
202205150915,,0.0
202205150930,,0.0
202205150945,,0.0
202205151000,,0.0
202205151016,,0.0
202205151030,,0.0
202205151100,,0.0
202205151115,,0.0
202205151200,,0.0
202205151215,,0.0
202205151231,,0.0
202205151245,,0.0
202205151301,147.0,0.4
202205151315,,0.0
202205151330,104.0,0.4
202205151345,73.0,0.9
202205151400,,0.0
202205151415,,0.0
202205151430,,0.0
202205151445,74.0,0.9
202205151500,,0.0
202205151515,76.0,0.9
202205151530,,0.0
202205151545,71.0,0.9
202205151600,,0.0
202205151615,92.0,1.3
202205151630,,0.0
202205151645,71.0,0.4
202205151700,,0.0
202205151716,157.0,0.9
202205151730,265.0,0.9
202205151745,,0.0
202205151800,225.0,0.4
202205151830,,0.0
202205151845,170.0,0.9
202205151900,,0.0
202205151930,,0.0
202205151945,,0.0
202205152000,,0.0
202205152015,,0.0
202205152030,,0.0
202205152045,,0.0
202205152100,,0.0
202205152115,132.0,0.4
202205152130,253.0,0.4
202205152145,245.0,1.3
202205152200,309.0,0.9
202205152215,275.0,0.4
202205152230,,0.0
202205152245,295.0,0.4
202205152300,,0.0
202205152315,,0.0
202205152330,,0.0
202205152345,,0.0
202205160000,,0.0
202205160015,,0.0
202205160031,,0.0
202205160045,,0.0
202205160100,,0.0
202205160115,,0.0
202205160131,,0.0
202205160145,,0.0
202205160200,,0.0
202205160215,,0.0
202205160230,,0.0
202205160246,,0.0
202205160300,,0.0
202205160315,,0.0
202205160330,,0.0
202205160345,,0.0
202205160400,,0.0
202205160415,,0.0
202205160430,,0.0
202205160445,,0.0
202205160501,,0.0
202205160516,254.0,0.4
202205160530,255.0,0.4
202205160545,,0.0
202205160600,,0.0
202205160615,209.0,0.4
202205160630,133.0,0.4
202205160645,147.0,0.4
202205160700,,0.0
202205160715,,0.0
202205160730,,0.0
202205160745,,0.0
202205160800,,0.0
202205160815,,0.0
202205160830,,0.0
202205160845,,0.0
202205160900,,0.0
202205160915,,0.0
202205160930,,0.0
202205160945,,0.0
202205161000,,0.0
202205161016,,0.0
202205161030,,0.0
202205161045,,0.0
202205161100,,0.0
202205161115,,0.0
202205161130,,0.0
202205161145,,0.0
202205161200,,0.0
202205161215,,0.0
202205161231,,0.0
202205161245,,0.0
202205161300,,0.0
202205161315,,0.0
202205161330,,0.0
202205161345,242.0,0.4
202205161400,,0.0
202205161415,83.0,0.4
202205161430,,0.0
202205161445,,0.0
202205161500,,0.0
202205161515,105.0,1.3
202205161530,248.0,0.4
202205161545,,0.0
202205161600,86.0,0.9
202205161630,96.0,0.4
202205161645,,0.0
202205161700,86.0,1.3
202205161715,264.0,0.4
202205161731,274.0,0.9
202205161745,200.0,0.4
202205161801,242.0,0.4
202205161816,239.0,0.4
202205161830,82.0,0.4
202205161845,67.0,0.4
202205161900,,0.0
202205161915,269.0,0.4
202205161930,289.0,0.4
202205161945,136.0,0.4
202205162000,243.0,0.4
202205162015,77.0,0.9
202205162030,215.0,0.9
202205162100,,0.0
202205162115,,0.0
202205162130,241.0,0.4
202205162145,319.0,0.4
202205162200,196.0,0.4
202205162215,283.0,0.4
202205162230,,0.0
202205162245,296.0,0.4
202205162300,270.0,0.9
202205162315,,0.0
202205162330,,0.0
202205162345,,0.0
202205170000,,0.0
202205170015,,0.0
202205170030,,0.0
202205170100,,0.0
202205170130,,0.0
202205170145,,0.0
202205170200,,0.0
202205170215,,0.0
202205170230,,0.0
202205170245,,0.0
202205170300,,0.0
202205170315,,0.0
202205170345,,0.0
202205170400,,0.0
202205170415,,0.0
202205170430,,0.0
202205170446,,0.0
202205170500,,0.0
202205170515,,0.0
202205170530,,0.0
202205170545,,0.0
202205170600,,0.0
202205170616,,0.0
202205170631,,0.0
202205170645,,0.0
202205170700,,0.0
202205170715,,0.0
202205170730,,0.0
202205170745,,0.0
202205170800,,0.0
202205170830,,0.0
202205170845,,0.0
202205170915,,0.0
202205170931,,0.0
202205170945,,0.0
202205171000,,0.0
202205171015,,0.0
202205171030,,0.0
202205171046,,0.0
202205171100,,0.0
202205171115,,0.0
202205171130,,0.0
202205171145,,0.0
202205171200,,0.0
202205171231,,0.0
202205171245,,0.0
202205171300,,0.0
202205171315,,0.0
202205171330,103.0,0.4
202205171345,94.0,0.4
202205171400,112.0,0.4
202205171415,,0.0
202205171430,,0.0
202205171445,76.0,0.9
202205171500,86.0,0.4
202205171515,91.0,0.4
202205171530,20.0,0.4
202205171545,,0.0
202205171600,138.0,0.4
202205171630,115.0,0.4
202205171645,229.0,0.9
202205171700,233.0,0.4
202205171715,280.0,0.4
202205171730,106.0,0.4
202205171745,85.0,0.4
202205171800,252.0,0.9
202205171815,88.0,0.9
202205171830,101.0,0.4
202205171845,44.0,1.3
202205171900,96.0,0.9
202205171915,82.0,0.9
202205171930,86.0,0.4
202205171945,73.0,0.4
202205172000,128.0,0.4
202205172016,334.0,0.4
202205172030,,0.0
202205172045,150.0,0.4
202205172100,,0.0
202205172115,90.0,0.9
202205172130,100.0,0.4
202205172145,171.0,0.4
202205172200,74.0,0.4
202205172245,,0.0
202205172300,,0.0
202205172315,,0.0
202205172330,,0.0
202205172345,,0.0
202205180000,,0.0
202205180015,,0.0
202205180031,,0.0
202205180045,,0.0
202205180100,,0.0
202205180115,,0.0
202205180130,,0.0
202205180145,,0.0
202205180200,,0.0
202205180215,,0.0
202205180230,,0.0
202205180245,,0.0
202205180301,,0.0
202205180315,,0.0
202205180330,,0.0
202205180345,,0.0
202205180400,,0.0
202205180430,,0.0
202205180445,,0.0
202205180500,,0.0
202205180516,,0.0
202205180530,,0.0
202205180545,,0.0
202205180600,,0.0
202205180615,,0.0
202205180630,,0.0
202205180645,,0.0
202205180700,,0.0
202205180715,,0.0
202205180730,,0.0
202205180745,,0.0
202205180800,,0.0
202205180815,,0.0
202205180830,,0.0
202205180900,,0.0
202205180915,,0.0
202205180930,,0.0
202205181000,,0.0
202205181015,,0.0
202205181030,,0.0
202205181045,,0.0
202205181100,,0.0
202205181115,,0.0
202205181130,,0.0
202205181145,,0.0
202205181200,,0.0
202205181215,,0.0
202205181230,,0.0
202205181246,,0.0
202205181301,,0.0
202205181315,,0.0
202205181330,,0.0
202205181345,76.0,0.4
202205181400,,0.0
202205181415,,0.0
202205181430,,0.0
202205181445,162.0,0.4
202205181500,,0.0
202205181515,,0.0
202205181530,,0.0
202205181600,208.0,0.4
202205181616,0.0,0.9
202205181630,123.0,0.4
202205181645,184.0,0.9
202205181701,205.0,0.4
202205181715,268.0,0.9
202205181730,132.0,0.9
202205181746,154.0,0.4
202205181800,298.0,0.4
202205181815,343.0,0.9
202205181830,342.0,0.4
202205181845,,0.0
202205181900,309.0,0.9
202205181915,168.0,0.4
202205181930,,0.0
202205181945,323.0,0.4
202205182000,124.0,0.9
202205182015,311.0,0.9
202205182030,296.0,0.4
202205182045,335.0,0.9
202205182100,195.0,0.4
202205182115,202.0,0.9
202205182130,220.0,0.9
202205182145,280.0,0.4
202205182200,229.0,0.4
202205182215,106.0,0.4
202205182230,180.0,0.4
202205182245,337.0,0.4
202205182300,321.0,0.4
202205182315,148.0,0.4
202205182330,,0.0
202205190000,,0.0
202205190016,,0.0
202205190030,,0.0
202205190045,,0.0
202205190100,,0.0
202205190115,,0.0
202205190130,,0.0
202205190200,,0.0
202205190216,,0.0
202205190230,,0.0
202205190245,,0.0
202205190300,,0.0
202205190315,,0.0
202205190330,,0.0
202205190345,,0.0
202205190400,,0.0
202205190416,,0.0
202205190430,,0.0
202205190445,,0.0
202205190501,,0.0
202205190515,,0.0
202205190530,,0.0
202205190545,,0.0
202205190615,,0.0
202205190630,,0.0
202205190645,,0.0
202205190700,,0.0
202205190715,,0.0
202205190730,,0.0
202205190745,,0.0
202205190800,,0.0
202205190815,,0.0
202205190830,,0.0
202205190845,,0.0
202205190900,,0.0
202205190930,,0.0
202205190945,,0.0
202205191000,,0.0
202205191015,,0.0
202205191031,,0.0
202205191045,,0.0
202205191100,,0.0
202205191115,,0.0
202205191130,,0.0
202205191145,,0.0
202205191201,,0.0
202205191215,,0.0
202205191230,215.0,0.4
202205191245,191.0,0.4
202205191300,168.0,0.4
202205191315,336.0,0.4
202205191330,181.0,0.4
202205191345,280.0,0.4
202205191400,163.0,0.4
202205191415,196.0,0.9
202205191430,,0.0
202205191445,163.0,0.4
202205191500,148.0,0.4
202205191515,163.0,0.4
202205191530,191.0,0.4
202205191545,252.0,0.9
202205191600,206.0,1.3
202205191616,174.0,0.4
202205191631,126.0,0.4
202205191645,148.0,0.4
202205191715,189.0,0.9
202205191730,138.0,0.9
202205191745,174.0,0.9
202205191800,122.0,0.9
202205191815,146.0,1.3
202205191830,215.0,0.4
202205191845,286.0,0.4
202205191900,83.0,0.4
202205191915,15.0,0.9
202205191930,169.0,0.9
202205191945,315.0,0.9
202205192000,154.0,0.4
202205192015,263.0,0.9
202205192030,193.0,0.4
202205192045,254.0,0.9
202205192100,134.0,0.4
202205192115,75.0,0.4
202205192130,222.0,0.4
202205192145,167.0,0.4
202205192200,155.0,0.4
202205192215,144.0,0.9
202205192230,192.0,0.4
202205192245,46.0,0.9
202205192300,200.0,0.4
202205192316,162.0,0.9
202205192345,,0.0
202205200000,,0.0
202205200016,,0.0
202205200031,,0.0
202205200046,,0.0
202205200100,,0.0
202205200115,,0.0
202205200130,,0.0
202205200145,,0.0
202205200201,,0.0
202205200215,,0.0
202205200230,,0.0
202205200246,,0.0
202205200300,,0.0
202205200315,,0.0
202205200330,,0.0
202205200345,,0.0
202205200400,,0.0
202205200415,,0.0
202205200445,260.0,0.9
202205200500,229.0,0.9
202205200515,144.0,0.4
202205200530,,0.0
202205200545,,0.0
202205200600,181.0,0.4
202205200615,,0.0
202205200630,344.0,0.4
202205200645,174.0,0.4
202205200715,,0.0
202205200730,144.0,0.4
202205200745,283.0,0.4
202205200800,198.0,0.4
202205200815,,0.0
202205200830,,0.0
202205200845,,0.0
202205200900,,0.0
202205200915,,0.0
202205200945,,0.0
202205201000,,0.0
202205201015,135.0,0.4
202205201030,171.0,0.4
202205201101,151.0,0.9
202205201115,113.0,0.4
202205201131,84.0,0.4
202205201145,207.0,0.9
202205201200,306.0,0.4
202205201215,198.0,0.9
202205201230,164.0,0.4
202205201245,,0.0
202205201300,205.0,0.4
202205201315,153.0,0.4
202205201345,84.0,0.4
202205201400,149.0,0.9
202205201415,144.0,0.4
202205201430,139.0,0.9
202205201445,173.0,0.9
202205201500,148.0,0.4
202205201515,159.0,0.4
202205201530,329.0,0.9
202205201545,241.0,1.3
202205201600,160.0,0.4
202205201615,111.0,0.4
202205201631,104.0,0.9
202205201645,178.0,0.9
202205201700,320.0,1.8
202205201715,,0.0
202205201730,182.0,1.8
202205201745,209.0,0.4
202205201801,,0.0
202205201815,136.0,0.4
202205201830,173.0,1.3
202205201846,346.0,0.9
202205201901,202.0,0.4
202205201930,111.0,1.3
202205201945,138.0,0.9
202205202000,70.0,0.9
202205202015,100.0,1.3
202205202030,150.0,0.9
202205202045,137.0,0.9
202205202100,206.0,0.9
202205202116,129.0,0.9
202205202130,278.0,1.3
202205202145,175.0,0.4
202205202200,230.0,0.9
202205202215,140.0,0.9
202205202230,140.0,0.9
202205202245,136.0,0.9
202205202300,136.0,0.9
202205202315,212.0,1.3
202205202330,159.0,0.9
202205202345,158.0,0.4
202205210015,321.0,0.4
202205210030,207.0,0.4
202205210045,140.0,0.4
202205210100,99.0,0.4
202205210115,128.0,0.4
202205210130,26.0,0.4
202205210145,,0.0
202205210200,111.0,0.4
202205210215,171.0,0.9
202205210230,69.0,0.4
202205210245,176.0,0.4
202205210300,136.0,0.4
202205210315,146.0,0.4
202205210330,258.0,0.4
202205210345,163.0,0.4
202205210400,218.0,0.4
202205210415,62.0,0.4
202205210430,17.0,0.4
202205210445,,0.0
202205210500,,0.0
202205210530,,0.0
202205210546,,0.0
202205210600,,0.0
202205210615,,0.0
202205210630,,0.0
202205210646,,0.0
202205210701,,0.0
202205210715,,0.0
202205210730,34.0,0.4
202205210745,,0.0
202205210800,,0.0
202205210815,,0.0
202205210830,167.0,0.4
202205210845,,0.0
202205210900,,0.0
202205210915,,0.0
202205211000,,0.0
202205211015,,0.0
202205211030,,0.0
202205211045,327.0,0.4
202205211100,,0.0
202205211115,,0.0
202205211130,,0.0
202205211145,,0.0
202205211215,,0.0
202205211230,,0.0
202205211245,,0.0
202205211301,,0.0
202205211315,,0.0
202205211330,,0.0
202205211400,157.0,0.4
202205211415,213.0,0.4
202205211430,,0.0
202205211446,190.0,0.4
202205211500,170.0,0.4
202205211515,113.0,0.4
202205211530,74.0,0.9
202205211545,180.0,0.4
202205211600,180.0,0.4
202205211615,82.0,0.9
202205211630,196.0,0.9
202205211645,109.0,0.4
202205211700,182.0,0.4
202205211715,,0.0
202205211730,194.0,0.4
202205211745,103.0,0.4
202205211800,134.0,0.4
202205211815,,0.0
202205211830,74.0,0.9
202205211845,287.0,0.4
202205211900,122.0,0.9
202205211915,81.0,1.3
202205211930,244.0,0.4
202205211945,180.0,0.4
202205212000,,0.0
202205212015,,0.0
202205212030,174.0,0.4
202205212046,61.0,0.4
202205212100,,0.0
202205212115,,0.0
202205212130,,0.0
202205212146,164.0,0.4
202205212215,105.0,0.4
202205212230,75.0,0.4
202205212245,184.0,0.4
202205212300,121.0,0.9
202205212315,188.0,0.9
202205212330,60.0,1.3
202205220000,,0.0
202205220015,,0.0
202205220030,,0.0
202205220045,,0.0
202205220100,,0.0
202205220115,42.0,0.4
202205220130,,0.0
202205220145,329.0,0.4
202205220200,,0.0
202205220215,,0.0
202205220230,,0.0
202205220245,,0.0
202205220315,,0.0
202205220330,,0.0
202205220345,,0.0
202205220400,,0.0
202205220415,,0.0
202205220430,,0.0
202205220445,,0.0
202205220500,,0.0
202205220515,,0.0
202205220530,,0.0
202205220545,,0.0
202205220600,,0.0
202205220615,,0.0
202205220630,,0.0
202205220645,,0.0
202205220700,,0.0
202205220715,,0.0
202205220730,,0.0
202205220745,,0.0
202205220800,,0.0
202205220815,,0.0
202205220830,,0.0
202205220845,,0.0
202205220900,,0.0
202205220915,,0.0
202205220930,,0.0
202205220945,,0.0
202205221001,,0.0
202205221016,,0.0
202205221030,,0.0
202205221046,,0.0
202205221100,,0.0
202205221115,,0.0
202205221130,,0.0
202205221145,,0.0
202205221200,,0.0
202205221215,,0.0
202205221230,,0.0
202205221245,,0.0
202205221300,,0.0
202205221315,,0.0
202205221330,198.0,0.4
202205221400,265.0,0.4
202205221415,,0.0
202205221430,,0.0
202205221445,,0.0
202205221500,123.0,0.9
202205221515,,0.0
202205221531,163.0,0.4
202205221546,136.0,0.4
202205221600,315.0,0.9
202205221617,252.0,0.4
202205221630,151.0,0.4
202205221645,80.0,0.4
202205221700,239.0,0.4
202205221715,166.0,0.9
202205221730,145.0,0.4
202205221800,76.0,0.9
202205221815,169.0,0.4
202205221830,183.0,0.4
202205221845,182.0,0.4
202205221900,73.0,1.8
202205221915,271.0,0.4
202205221931,24.0,0.4
202205221945,194.0,0.4
202205222000,,0.0
202205222015,65.0,0.4
202205222030,119.0,0.4
202205222045,180.0,0.9
202205222100,84.0,0.4
202205222115,57.0,0.4
202205222130,,0.0
202205222145,,0.0
202205222200,,0.0
202205222215,,0.0
202205222230,,0.0
202205222245,,0.0
202205222300,,0.0
202205222315,,0.0
202205222330,,0.0
202205222345,,0.0
202205230001,169.0,0.9
202205230015,,0.0
202205230031,65.0,0.4
202205230046,,0.0
202205230100,,0.0
202205230115,,0.0
202205230131,,0.0
202205230145,,0.0
202205230200,,0.0
202205230215,,0.0
202205230230,,0.0
202205230245,,0.0
202205230300,,0.0
202205230315,,0.0
202205230345,,0.0
202205230400,,0.0
202205230415,,0.0
202205230430,,0.0
202205230445,,0.0
202205230500,,0.0
202205230530,,0.0
202205230545,,0.0
202205230600,,0.0
202205230615,,0.0
202205230630,,0.0
202205230700,,0.0
202205230715,,0.0
202205230730,,0.0
202205230745,,0.0
202205230800,,0.0
202205230815,,0.0
202205230830,,0.0
202205230845,,0.0
202205230900,,0.0
202205230915,,0.0
202205230945,,0.0
202205231000,,0.0
202205231015,,0.0
202205231031,,0.0
202205231045,62.0,0.4
202205231100,,0.0
202205231115,,0.0
202205231131,,0.0
202205231146,,0.0
202205231201,,0.0
202205231215,,0.0
202205231230,,0.0
202205231245,,0.0
202205231300,,0.0
202205231315,,0.0
202205231330,,0.0
202205231345,,0.0
202205231400,,0.0
202205231430,,0.0
202205231445,,0.0
202205231500,,0.0
202205231515,225.0,0.4
202205231530,,0.0
202205231545,136.0,0.4
202205231615,,0.0
202205231630,296.0,0.4
202205231645,301.0,0.4
202205231715,236.0,0.4
202205231730,289.0,0.4
202205231745,,0.0
202205231801,296.0,0.4
202205231815,78.0,0.4
202205231845,,0.0
202205231900,213.0,0.9
202205231915,168.0,0.4
202205231930,297.0,0.4
202205231945,280.0,0.4
202205232000,198.0,0.4
202205232015,,0.0
202205232030,67.0,0.9
202205232045,,0.0
202205232100,,0.0
202205232115,98.0,0.4
202205232130,,0.0
202205232145,,0.0
202205232200,,0.0
202205232215,74.0,0.4
202205232245,,0.0
202205232300,,0.0
202205232315,,0.0
202205232345,,0.0
202205240000,,0.0
202205240015,,0.0
202205240030,,0.0
202205240045,,0.0
202205240100,,0.0
202205240115,,0.0
202205240145,,0.0
202205240200,,0.0
202205240215,,0.0
202205240230,87.0,0.4
202205240245,,0.0
202205240300,,0.0
202205240315,,0.0
202205240330,,0.0
202205240400,,0.0
202205240415,,0.0
202205240430,,0.0
202205240445,,0.0
202205240500,,0.0
202205240515,,0.0
202205240530,,0.0
202205240545,,0.0
202205240600,,0.0
202205240615,,0.0
202205240630,,0.0
202205240645,,0.0
202205240700,,0.0
202205240715,,0.0
202205240731,,0.0
202205240745,,0.0
202205240801,,0.0
202205240815,,0.0
202205240830,,0.0
202205240845,,0.0
202205240900,,0.0
202205240930,,0.0
202205240945,,0.0
202205241000,,0.0
202205241015,,0.0
202205241030,,0.0
202205241045,,0.0
202205241100,,0.0
202205241115,,0.0
202205241130,,0.0
202205241145,,0.0
202205241200,,0.0
202205241215,,0.0
202205241230,,0.0
202205241245,,0.0
202205241300,,0.0
202205241315,,0.0
202205241330,,0.0
202205241345,,0.0
202205241400,80.0,0.4
202205241415,,0.0
202205241430,,0.0
202205241445,,0.0
202205241500,86.0,0.4
202205241515,72.0,0.4
202205241530,,0.0
202205241545,,0.0
202205241600,,0.0
202205241615,,0.0
202205241631,,0.0
202205241645,,0.0
202205241700,,0.0
202205241715,,0.0
202205241730,,0.0
202205241745,,0.0
202205241800,86.0,0.4
202205241815,,0.0
202205241830,,0.0
202205241845,53.0,0.4
202205241900,76.0,0.9
202205241915,106.0,0.4
202205241930,173.0,0.4
202205241945,88.0,0.9
202205242000,73.0,0.4
202205242015,151.0,0.9
202205242030,81.0,0.4
202205242100,296.0,3.6
202205242115,,0.0
202205242130,,0.0
202205242145,138.0,0.4
202205242200,,0.0
202205242215,,0.0
202205242230,,0.0
202205242245,,0.0
202205242301,,0.0
202205242315,,0.0
202205242330,,0.0
202205242345,,0.0
202205250000,,0.0
202205250015,,0.0
202205250030,,0.0
202205250045,,0.0
202205250100,,0.0
202205250115,,0.0
202205250130,,0.0
202205250145,,0.0
202205250200,,0.0
202205250215,,0.0
202205250230,,0.0
202205250245,,0.0
202205250300,,0.0
202205250330,,0.0
202205250345,,0.0
202205250401,,0.0
202205250415,,0.0
202205250430,,0.0
202205250446,,0.0
202205250500,,0.0
202205250515,,0.0
202205250530,,0.0
202205250545,,0.0
202205250600,,0.0
202205250615,,0.0
202205250630,71.0,0.4
202205250645,,0.0
202205250700,,0.0
202205250715,,0.0
202205250730,,0.0
202205250745,,0.0
202205250800,,0.0
202205250815,,0.0
202205250830,,0.0
202205250845,,0.0
202205250900,,0.0
202205250915,,0.0
202205250930,,0.0
202205250945,,0.0
202205251000,,0.0
202205251015,,0.0
202205251030,,0.0
202205251045,,0.0
202205251100,,0.0
202205251115,91.0,0.4
202205251145,,0.0
202205251201,,0.0
202205251215,245.0,0.4
202205251230,,0.0
202205251245,,0.0
202205251300,88.0,0.4
202205251315,115.0,0.4
202205251330,71.0,0.4
202205251345,98.0,0.4
202205251400,87.0,0.4
202205251415,,0.0
202205251430,,0.0
202205251445,105.0,0.4
202205251500,175.0,0.4
202205251515,127.0,0.4
202205251531,92.0,0.4
202205251545,89.0,1.3
202205251600,82.0,0.4
202205251615,176.0,0.4
202205251630,101.0,0.4
202205251645,242.0,0.4
202205251700,,0.0
202205251715,,0.0
202205251730,88.0,0.4
202205251800,28.0,1.3
202205251815,151.0,0.4
202205251830,115.0,0.4
202205251845,102.0,1.3
202205251915,114.0,1.3
202205251930,46.0,0.9
202205252000,43.0,1.3
202205252045,134.0,0.4
202205252101,69.0,0.4
202205252116,105.0,0.4
202205252130,205.0,0.4
202205252145,46.0,0.4
202205252200,80.0,0.4
202205252215,101.0,0.4
202205252230,,0.0
202205252245,,0.0
202205252300,73.0,0.4
202205252315,,0.0
202205252331,,0.0
202205252346,53.0,0.4
202205260000,,0.0
202205260016,126.0,0.4
202205260031,,0.0
202205260045,104.0,0.4
202205260100,61.0,0.4
202205260130,,0.0
202205260145,,0.0
202205260200,,0.0
202205260215,,0.0
202205260230,67.0,0.4
202205260245,310.0,0.9
202205260300,,0.0
202205260315,89.0,0.9
202205260330,192.0,0.4
202205260345,,0.0
202205260400,,0.0
202205260415,,0.0
202205260430,65.0,0.4
202205260445,,0.0
202205260500,,0.0
202205260515,,0.0
202205260530,,0.0
202205260545,,0.0
202205260600,,0.0
202205260615,85.0,0.4
202205260630,167.0,0.4
202205260645,85.0,0.4
202205260700,,0.0
202205260715,,0.0
202205260730,93.0,0.4
202205260745,62.0,0.9
202205260800,,0.0
202205260815,89.0,0.4
202205260830,89.0,0.4
202205260845,82.0,0.9
202205260900,77.0,0.4
202205260915,200.0,0.4
202205260930,84.0,0.4
202205260945,56.0,0.4
202205261000,57.0,0.4
202205261015,,0.0
202205261030,,0.0
202205261045,92.0,0.4
202205261100,91.0,0.4
202205261115,76.0,0.4
202205261131,141.0,0.4
202205261145,134.0,0.9
202205261200,79.0,0.4
202205261215,144.0,0.4
202205261245,,0.0
202205261316,243.0,0.4
202205261330,,0.0
202205261345,200.0,0.4
202205261400,113.0,0.9
202205261415,178.0,0.4
202205261445,54.0,0.4
202205261500,163.0,0.4
202205261515,166.0,0.9
202205261530,105.0,0.9
202205261545,98.0,0.9
202205261600,84.0,0.4
202205261615,285.0,0.4
202205261630,181.0,0.4
202205261645,165.0,0.4
202205261700,222.0,0.4
202205261715,94.0,0.9
202205261730,105.0,0.9
202205261745,88.0,0.4
202205261800,,0.0
202205261815,78.0,0.9
202205261830,,0.0
202205261845,,0.0
202205261900,73.0,0.9
202205261915,,0.0
202205261930,96.0,0.4
202205261945,,0.0
202205262000,,0.0
202205262015,60.0,0.4
202205262030,,0.0
202205262101,,0.0
202205262115,,0.0
202205262130,,0.0
202205262145,,0.0
202205262200,,0.0
202205262215,,0.0
202205262230,,0.0
202205262245,,0.0
202205262300,,0.0
202205262315,,0.0
202205262330,,0.0
202205262345,,0.0
202205270001,,0.0
202205270031,,0.0
202205270045,,0.0
202205270100,,0.0
202205270115,,0.0
202205270130,,0.0
202205270145,,0.0
202205270200,,0.0
202205270215,,0.0
202205270230,,0.0
202205270245,,0.0
202205270300,,0.0
202205270315,,0.0
202205270330,,0.0
202205270345,,0.0
202205270400,,0.0
202205270415,,0.0
202205270430,,0.0
202205270445,,0.0
202205270500,,0.0
202205270515,,0.0
202205270530,,0.0
202205270545,,0.0
202205270600,,0.0
202205270615,,0.0
202205270630,,0.0
202205270645,,0.0
202205270715,,0.0
202205270730,,0.0
202205270745,,0.0
202205270800,,0.0
202205270815,326.0,0.4
202205270830,,0.0
202205270845,144.0,0.4
202205270900,171.0,0.4
202205270915,180.0,0.4
202205270930,,0.0
202205270945,,0.0
202205271000,,0.0
202205271015,,0.0
202205271046,,0.0
202205271100,,0.0
202205271115,,0.0
202205271130,,0.0
202205271145,,0.0
202205271200,,0.0
202205271231,,0.0
202205271245,162.0,0.4
202205271301,,0.0
202205271315,155.0,0.4
202205271330,,0.0
202205271345,,0.0
202205271400,157.0,0.4
202205271415,309.0,0.4
202205271430,,0.0
202205271445,244.0,0.4
202205271500,,0.0
202205271515,123.0,0.4
202205271530,142.0,1.3
202205271545,271.0,0.4
202205271600,165.0,1.3
202205271615,306.0,1.8
202205271630,215.0,0.9
202205271646,310.0,0.9
202205271700,277.0,0.4
202205271715,234.0,1.3
202205271730,252.0,1.3
202205271746,118.0,0.9
202205271800,96.0,0.9
202205271816,310.0,0.9
202205271830,237.0,0.9
202205271845,276.0,1.3
202205271900,232.0,0.9
202205271915,139.0,1.3
202205271930,154.0,0.9
202205271945,104.0,0.9
202205272000,306.0,0.4
202205272015,271.0,1.3
202205272030,188.0,0.4
202205272045,274.0,0.4
202205272100,331.0,0.9
202205272115,256.0,0.4
202205272131,238.0,0.4
202205272145,230.0,0.4
202205272201,174.0,0.4
202205272215,284.0,0.4
202205272230,147.0,0.4
202205272245,243.0,0.4
202205272300,253.0,0.4
202205272315,242.0,0.4
202205272330,,0.0
202205272345,,0.0
202205280000,,0.0
202205280015,,0.0
202205280030,,0.0
202205280045,193.0,0.4
202205280100,,0.0
202205280115,,0.0
202205280130,,0.0
202205280145,,0.0
202205280200,,0.0
202205280215,,0.0
202205280230,,0.0
202205280245,,0.0
202205280300,,0.0
202205280315,,0.0
202205280330,,0.0
202205280345,,0.0
202205280400,,0.0
202205280415,,0.0
202205280431,,0.0
202205280445,,0.0
202205280500,,0.0
202205280515,,0.0
202205280530,,0.0
202205280545,,0.0
202205280600,,0.0
202205280615,,0.0
202205280630,,0.0
202205280645,,0.0
202205280700,,0.0
202205280715,,0.0
202205280730,,0.0
202205280746,,0.0
202205280800,,0.0
202205280815,,0.0
202205280830,,0.0
202205280845,,0.0
202205280900,,0.0
202205280915,,0.0
202205280930,,0.0
202205280945,,0.0
202205281000,,0.0
202205281030,,0.0
202205281045,,0.0
202205281100,,0.0
202205281115,,0.0
202205281130,,0.0
202205281145,,0.0
202205281200,,0.0
202205281215,,0.0
202205281231,88.0,0.4
202205281245,,0.0
202205281315,,0.0
202205281330,,0.0
202205281345,,0.0
202205281400,,0.0
202205281415,,0.0
202205281430,,0.0
202205281445,,0.0
202205281500,,0.0
202205281515,,0.0
202205281530,127.0,0.4
202205281545,280.0,0.4
202205281600,275.0,0.4
202205281630,73.0,0.4
202205281645,246.0,0.4
202205281701,203.0,0.4
202205281715,,0.0
202205281730,,0.0
202205281745,264.0,0.4
202205281800,,0.0
202205281815,139.0,0.4
202205281830,,0.0
202205281845,,0.0
202205281900,,0.0
202205281916,193.0,0.4
202205281930,280.0,0.4
202205281946,305.0,0.4
202205282000,282.0,0.4
202205282016,192.0,0.4
202205282030,295.0,0.4
202205282045,,0.0
202205282100,,0.0
202205282115,294.0,0.4
202205282130,,0.0
202205282145,191.0,0.4
202205282200,,0.0
202205282215,,0.0
202205282230,,0.0
202205282245,,0.0
202205282330,,0.0
202205282345,,0.0
202205290000,,0.0
202205290015,,0.0
202205290030,,0.0
202205290045,,0.0
202205290101,,0.0
202205290115,,0.0
202205290145,,0.0
202205290200,,0.0
202205290215,,0.0
202205290230,,0.0
202205290245,,0.0
202205290300,,0.0
202205290315,,0.0
202205290330,,0.0
202205290345,,0.0
202205290400,,0.0
202205290415,,0.0
202205290430,,0.0
202205290445,,0.0
202205290500,,0.0
202205290515,,0.0
202205290530,,0.0
202205290545,,0.0
202205290600,,0.0
202205290615,,0.0
202205290630,,0.0
202205290645,,0.0
202205290700,,0.0
202205290715,,0.0
202205290731,,0.0
202205290745,,0.0
202205290800,,0.0
202205290815,,0.0
202205290845,,0.0
202205290901,,0.0
202205290915,,0.0
202205290931,,0.0
202205290946,,0.0
202205291000,,0.0
202205291030,,0.0
202205291045,,0.0
202205291100,,0.0
202205291115,,0.0
202205291130,,0.0
202205291145,,0.0
202205291200,,0.0
202205291215,,0.0
202205291230,,0.0
202205291245,,0.0
202205291300,,0.0
202205291315,,0.0
202205291330,,0.0
202205291345,,0.0
202205291400,,0.0
202205291415,,0.0
202205291430,72.0,0.4
202205291445,134.0,0.4
202205291500,176.0,0.4
202205291515,166.0,0.4
202205291530,93.0,0.4
202205291545,55.0,0.4
202205291600,,0.0
202205291615,182.0,0.4
202205291630,,0.0
202205291645,135.0,0.9
202205291700,92.0,0.4
202205291730,120.0,0.4
202205291745,150.0,0.4
202205291815,141.0,0.4
202205291830,,0.0
202205291845,96.0,0.4
202205291915,94.0,0.9
202205291930,,0.0
202205291945,181.0,0.4
202205292000,,0.0
202205292016,53.0,0.9
202205292030,,0.0
202205292100,175.0,0.4
202205292115,,0.0
202205292131,,0.0
202205292146,,0.0
202205292200,,0.0
202205292215,,0.0
202205292230,,0.0
202205292245,100.0,0.9
202205292300,93.0,0.9
202205292315,,0.0
202205292330,,0.0
202205292345,,0.0
202205300000,,0.0
202205300015,,0.0
202205300030,,0.0
202205300045,,0.0
202205300100,,0.0
202205300115,,0.0
202205300130,,0.0
202205300145,,0.0
202205300200,,0.0
202205300215,,0.0
202205300230,,0.0
202205300245,,0.0
202205300301,,0.0
202205300315,,0.0
202205300330,,0.0
202205300345,,0.0
202205300400,,0.0
202205300415,,0.0
202205300430,,0.0
202205300445,,0.0
202205300500,,0.0
202205300515,,0.0
202205300530,,0.0
202205300545,,0.0
202205300600,,0.0
202205300615,,0.0
202205300630,,0.0
202205300645,,0.0
202205300700,,0.0
202205300715,,0.0
202205300730,,0.0
202205300745,,0.0
202205300801,,0.0
202205300830,,0.0
202205300845,,0.0
202205300900,,0.0
202205300915,,0.0
202205300930,,0.0
202205300946,,0.0
202205301000,,0.0
202205301015,,0.0
202205301030,,0.0
202205301046,,0.0
202205301100,,0.0
202205301115,,0.0
202205301130,,0.0
202205301145,,0.0
202205301200,,0.0
202205301215,,0.0
202205301230,,0.0
202205301245,,0.0
202205301300,,0.0
202205301315,,0.0
202205301330,142.0,0.4
202205301345,,0.0
202205301400,54.0,0.4
202205301415,57.0,0.4
202205301430,185.0,0.4
202205301445,181.0,0.4
202205301500,,0.0
202205301517,,0.0
202205301530,138.0,0.4
202205301545,70.0,0.4
202205301600,173.0,0.4
202205301615,70.0,0.4
202205301630,330.0,0.4
202205301645,,0.0
202205301700,281.0,0.4
202205301715,198.0,0.9
202205301730,53.0,1.3
202205301745,136.0,0.4
202205301800,,0.0
202205301815,217.0,0.4
202205301830,146.0,0.9
202205301845,43.0,0.4
202205301900,209.0,0.4
202205301915,209.0,0.4
202205301931,61.0,0.9
202205301945,327.0,0.4
202205302000,95.0,0.4
202205302015,129.0,0.4
202205302030,317.0,0.9
202205302045,176.0,0.4
202205302100,53.0,0.4
202205302115,192.0,0.9
202205302130,238.0,0.4
202205302145,144.0,0.4
202205302200,150.0,0.4
202205302216,,0.0
202205302230,,0.0
202205302245,126.0,0.4
202205302300,,0.0
202205302315,,0.0
202205302330,,0.0
202205302345,,0.0
202205310001,,0.0
202205310015,,0.0
202205310045,,0.0
202205310100,,0.0
202205310116,,0.0
202205310130,,0.0
202205310145,,0.0
202205310200,,0.0
202205310216,,0.0
202205310230,,0.0
202205310245,,0.0
202205310301,,0.0
202205310316,,0.0
202205310331,,0.0
202205310400,,0.0
202205310415,,0.0
202205310430,,0.0
202205310445,,0.0
202205310500,,0.0
202205310515,,0.0
202205310530,,0.0
202205310600,,0.0
202205310615,64.0,0.4
202205310645,,0.0
202205310700,,0.0
202205310715,54.0,0.4
202205310730,,0.0
202205310745,,0.0
202205310800,,0.0
202205310815,167.0,0.4
202205310830,167.0,0.4
202205310845,,0.0
202205310900,,0.0
202205310915,,0.0
202205310930,,0.0
202205310945,,0.0
202205311000,,0.0
202205311015,,0.0
202205311030,,0.0
202205311045,,0.0
202205311100,,0.0
202205311115,,0.0
202205311131,,0.0
202205311145,,0.0
202205311201,,0.0
202205311216,,0.0
202205311230,,0.0
202205311245,,0.0
202205311300,,0.0
202205311315,,0.0
202205311330,,0.0
202205311345,,0.0
202205311400,,0.0
202205311415,,0.0
202205311430,,0.0
202205311445,,0.0
202205311500,,0.0
202205311515,,0.0
202205311530,,0.0
202205311545,252.0,0.4
202205311615,,0.0
202205311630,188.0,0.4
202205311645,105.0,0.4
202205311700,,0.0
202205311715,65.0,0.4
202205311730,77.0,0.4
202205311745,93.0,0.4
202205311800,177.0,0.4
202205311815,110.0,0.9
202205311830,90.0,0.9
202205311845,68.0,0.4
202205311900,,0.0
202205311915,,0.0
202205311930,129.0,0.4
202205311945,100.0,0.4
202205312000,159.0,0.4
202205312015,,0.0
202205312030,130.0,0.4
202205312045,,0.0
202205312100,,0.0
202205312115,,0.0
202205312130,,0.0
202205312145,,0.0
202205312200,,0.0
202205312215,,0.0
202205312230,,0.0
202205312245,,0.0
202205312301,,0.0
202205312316,,0.0
202205312330,,0.0
202205312345,,0.0
202206010001,,0.0
202206010016,,0.0
202206010031,,0.0
202206010045,,0.0
202206010101,,0.0
202206010115,,0.0
202206010131,,0.0
202206010146,,0.0
202206010201,,0.0
202206010216,,0.0
202206010231,,0.0
202206010245,,0.0
202206010300,,0.0
202206010315,,0.0
202206010330,,0.0
202206010345,,0.0
202206010401,,0.0
202206010415,,0.0
202206010430,,0.0
202206010446,,0.0
202206010500,,0.0
202206010515,,0.0
202206010530,,0.0
202206010545,,0.0
202206010600,,0.0
202206010615,,0.0
202206010630,,0.0
202206010645,,0.0
202206010700,,0.0
202206010715,,0.0
202206010730,,0.0
202206010800,,0.0
202206010815,,0.0
202206010830,,0.0
202206010845,,0.0
202206010900,,0.0
202206010915,,0.0
202206010930,,0.0
202206010945,,0.0
202206011000,,0.0
202206011015,,0.0
202206011030,,0.0
202206011045,,0.0
202206011100,,0.0
202206011116,,0.0
202206011130,,0.0
202206011145,,0.0
202206011201,,0.0
202206011215,,0.0
202206011230,,0.0
202206011245,,0.0
202206011300,,0.0
202206011315,,0.0
202206011330,,0.0
202206011345,,0.0
202206011415,,0.0
202206011430,,0.0
202206011445,82.0,1.3
202206011501,,0.0
202206011516,,0.0
202206011531,,0.0
202206011601,,0.0
202206011615,,0.0
202206011630,170.0,0.4
202206011645,,0.0
202206011700,299.0,0.4
202206011715,,0.0
202206011730,88.0,0.4
202206011745,,0.0
202206011800,137.0,0.4
202206011815,,0.0
202206011830,200.0,0.4
202206011845,,0.0
202206011900,64.0,0.4
202206011916,,0.0
202206011930,,0.0
202206011945,,0.0
202206012000,72.0,0.4
202206012015,,0.0
202206012030,,0.0
202206012045,72.0,0.4
202206012100,,0.0
202206012115,,0.0
202206012130,,0.0
202206012145,,0.0
202206012200,,0.0
202206012216,,0.0
202206012230,,0.0
202206012246,,0.0
202206012301,,0.0
202206012316,,0.0
202206012345,,0.0
202206020016,,0.0
202206020031,,0.0
202206020046,,0.0
202206020100,,0.0
202206020115,,0.0
202206020116,,0.0
202206020131,,0.0
202206020145,,0.0
202206020200,,0.0
202206020215,,0.0
202206020245,,0.0
202206020300,,0.0
202206020315,,0.0
202206020330,,0.0
202206020345,,0.0
202206020400,,0.0
202206020415,,0.0
202206020430,,0.0
202206020445,,0.0
202206020500,,0.0
202206020515,,0.0
202206020530,,0.0
202206020545,,0.0
202206020600,,0.0
202206020615,,0.0
202206020630,,0.0
202206020645,,0.0
202206020700,,0.0
202206020716,,0.0
202206020730,,0.0
202206020745,,0.0
202206020800,,0.0
202206020815,,0.0
202206020900,,0.0
202206020915,,0.0
202206020930,,0.0
202206020945,,0.0
202206021000,,0.0
202206021015,,0.0
202206021030,,0.0
202206021045,,0.0
202206021100,,0.0
202206021115,,0.0
202206021131,,0.0
202206021145,,0.0
202206021201,,0.0
202206021215,,0.0
202206021245,,0.0
202206021300,,0.0
202206021315,,0.0
202206021330,,0.0
202206021345,,0.0
202206021400,,0.0
202206021430,,0.0
202206021445,284.0,0.4
202206021500,178.0,0.4
202206021515,,0.0
202206021531,,0.0
202206021546,,0.0
202206021600,,0.0
202206021615,286.0,0.4
202206021630,284.0,0.4
202206021645,72.0,0.9
202206021700,,0.0
202206021715,,0.0
202206021730,79.0,0.4
202206021745,,0.0
202206021800,,0.0
202206021830,185.0,0.4
202206021845,168.0,2.2
202206021900,299.0,1.3
202206021915,109.0,1.3
202206021930,,0.0
202206021945,,0.0
202206022000,,0.0
202206022016,,0.0
202206022030,,0.0
202206022045,,0.0
202206022100,,0.0
202206022115,,0.0
202206022145,,0.0
202206022200,,0.0
202206022215,,0.0
202206022230,89.0,0.4
202206022245,,0.0
202206022315,,0.0
202206022330,,0.0
202206022345,,0.0
202206030000,,0.0
202206030015,,0.0
202206030031,,0.0
202206030045,,0.0
202206030100,,0.0
202206030115,,0.0
202206030130,,0.0
202206030200,,0.0
202206030215,,0.0
202206030230,,0.0
202206030245,,0.0
202206030300,,0.0
202206030315,,0.0
202206030330,,0.0
202206030345,,0.0
202206030400,,0.0
202206030415,,0.0
202206030431,,0.0
202206030445,,0.0
202206030500,,0.0
202206030516,,0.0
202206030530,,0.0
202206030545,,0.0
202206030600,,0.0
202206030616,,0.0
202206030631,,0.0
202206030646,,0.0
202206030701,,0.0
202206030730,,0.0
202206030745,,0.0
202206030815,,0.0
202206030830,,0.0
202206030845,,0.0
202206030900,,0.0
202206030915,,0.0
202206030930,,0.0
202206030945,,0.0
202206031000,,0.0
202206031015,,0.0
202206031030,,0.0
202206031100,,0.0
202206031115,,0.0
202206031130,,0.0
202206031145,,0.0
202206031200,,0.0
202206031215,,0.0
202206031230,,0.0
202206031245,,0.0
202206031300,,0.0
202206031315,,0.0
202206031330,,0.0
202206031345,,0.0
202206031401,,0.0
202206031446,225.0,0.4
202206031500,156.0,0.9
202206031515,84.0,0.4
202206031530,,0.0
202206031545,,0.0
202206031600,,0.0
202206031615,84.0,0.4
202206031630,149.0,0.4
202206031645,,0.0
202206031700,,0.0
202206031715,,0.0
202206031730,,0.0
202206031745,,0.0
202206031800,,0.0
202206031815,,0.0
202206031831,,0.0
202206031845,,0.0
202206031900,,0.0
202206031915,,0.0
202206031930,87.0,0.4
202206031945,,0.0
202206032015,,0.0
202206032030,,0.0
202206032045,,0.0
202206032101,68.0,1.3
202206032115,314.0,0.4
202206032130,,0.0
202206032146,,0.0
202206032200,,0.0
202206032216,,0.0
202206032231,,0.0
202206032247,,0.0
202206032300,,0.0
202206032315,,0.0
202206032330,,0.0
202206032345,,0.0
202206040000,,0.0
202206040015,,0.0
202206040030,,0.0
202206040045,105.0,0.4
202206040100,,0.0
202206040116,,0.0
202206040131,,0.0
202206040145,,0.0
202206040245,,0.0
202206040300,,0.0
202206040315,,0.0
202206040330,,0.0
202206040345,,0.0
202206040400,,0.0
202206040415,,0.0
202206040430,,0.0
202206040445,,0.0
202206040500,,0.0
202206040515,,0.0
202206040530,,0.0
202206040545,,0.0
202206040600,,0.0
202206040615,,0.0
202206040630,,0.0
202206040645,,0.0
202206040700,,0.0
202206040715,,0.0
202206040730,,0.0
202206040745,,0.0
202206040801,,0.0
202206040815,,0.0
202206040830,,0.0
202206040845,,0.0
202206040900,,0.0
202206040931,,0.0
202206040945,,0.0
202206041001,,0.0
202206041015,,0.0
202206041030,,0.0
202206041045,,0.0
202206041101,,0.0
202206041116,,0.0
202206041130,,0.0
202206041145,,0.0
202206041200,,0.0
202206041215,,0.0
202206041230,,0.0
202206041245,134.0,0.4
202206041300,,0.0
202206041315,,0.0
202206041330,,0.0
202206041345,,0.0
202206041400,38.0,0.4
202206041415,257.0,0.4
202206041430,93.0,0.9
202206041445,89.0,0.4
202206041500,271.0,0.9
202206041515,,0.0
202206041530,5.0,0.4
202206041545,86.0,0.9
202206041600,,0.0
202206041615,,0.0
202206041630,105.0,0.4
202206041645,76.0,0.4
202206041700,197.0,0.4
202206041715,256.0,0.4
202206041730,90.0,0.4
202206041745,,0.0
202206041800,,0.0
202206041815,,0.0
202206041830,76.0,0.4
202206041845,,0.0
202206041900,267.0,0.4
202206041915,117.0,0.9
202206041930,64.0,0.4
202206041945,350.0,0.4
202206042000,91.0,0.9
202206042015,114.0,0.4
202206042030,81.0,0.9
202206042045,99.0,0.9
202206042100,,0.0
202206042115,,0.0
202206042130,,0.0
202206042145,55.0,0.9
202206042200,71.0,0.4
202206042215,,0.0
202206042231,,0.0
202206042245,,0.0
202206042300,78.0,0.4
202206042315,,0.0
202206042331,,0.0
202206042346,,0.0
202206050000,,0.0
202206050016,,0.0
202206050031,,0.0
202206050046,,0.0
202206050101,,0.0
202206050115,,0.0
202206050130,,0.0
202206050145,,0.0
202206050200,,0.0
202206050215,,0.0
202206050230,,0.0
202206050245,,0.0
202206050300,,0.0
202206050315,,0.0
202206050400,,0.0
202206050415,,0.0
202206050446,,0.0
202206050500,,0.0
202206050515,,0.0
202206050530,,0.0
202206050545,,0.0
202206050600,,0.0
202206050615,,0.0
202206050630,,0.0
202206050645,,0.0
202206050700,,0.0
202206050715,,0.0
202206050730,,0.0
202206050745,,0.0
202206050800,,0.0
202206050815,,0.0
202206050830,,0.0
202206050845,,0.0
202206050900,,0.0
202206050915,,0.0
202206050930,,0.0
202206050945,,0.0
202206051000,,0.0
202206051015,,0.0
202206051030,,0.0
202206051045,,0.0
202206051100,,0.0
202206051115,,0.0
202206051130,,0.0
202206051145,,0.0
202206051200,,0.0
202206051216,,0.0
202206051230,,0.0
202206051245,,0.0
202206051300,,0.0
202206051315,,0.0
202206051345,,0.0
202206051400,,0.0
202206051430,56.0,0.9
202206051445,80.0,0.4
202206051500,61.0,0.4
202206051515,93.0,0.4
202206051530,76.0,0.4
202206051545,71.0,0.9
202206051600,101.0,0.9
202206051615,121.0,0.4
202206051630,77.0,0.9
202206051646,70.0,0.4
202206051700,71.0,0.4
202206051715,78.0,0.9
202206051730,187.0,0.9
202206051745,115.0,0.4
202206051800,91.0,0.4
202206051815,67.0,0.9
202206051830,121.0,0.4
202206051845,80.0,0.9
202206051900,,0.0
202206051915,60.0,0.4
202206051930,,0.0
202206051945,86.0,0.4
202206052000,,0.0
202206052015,,0.0
202206052030,,0.0
202206052100,,0.0
202206052115,100.0,0.4
202206052130,165.0,0.4
202206052145,,0.0
202206052200,73.0,0.4
202206052215,,0.0
202206052230,,0.0
202206052245,86.0,0.4
202206052300,,0.0
202206052315,,0.0
202206052345,,0.0
202206060000,,0.0
202206060030,,0.0
202206060045,,0.0
202206060100,,0.0
202206060115,,0.0
202206060145,,0.0
202206060200,,0.0
202206060215,,0.0
202206060230,,0.0
202206060245,,0.0
202206060300,,0.0
202206060315,,0.0
202206060330,,0.0
202206060345,,0.0
202206060401,,0.0
202206060415,,0.0
202206060430,,0.0
202206060446,,0.0
202206060500,,0.0
202206060515,,0.0
202206060530,,0.0
202206060545,,0.0
202206060601,,0.0
202206060616,,0.0
202206060630,,0.0
202206060645,,0.0
202206060700,,0.0
202206060715,,0.0
202206060730,,0.0
202206060745,78.0,0.4
202206060800,,0.0
202206060815,,0.0
202206060830,,0.0
202206060845,,0.0
202206060900,43.0,0.4
202206060915,,0.0
202206060930,,0.0
202206060945,,0.0
202206061000,,0.0
202206061015,,0.0
202206061031,,0.0
202206061045,,0.0
202206061100,,0.0
202206061115,,0.0
202206061130,,0.0
202206061145,,0.0
202206061200,,0.0
202206061215,,0.0
202206061230,,0.0
202206061245,,0.0
202206061301,,0.0
202206061316,69.0,0.4
202206061330,,0.0
202206061345,,0.0
202206061400,,0.0
202206061415,,0.0
202206061430,84.0,0.9
202206061445,198.0,0.4
202206061500,53.0,0.4
202206061515,,0.0
202206061530,111.0,0.4
202206061545,175.0,0.4
202206061600,83.0,0.4
202206061615,79.0,0.9
202206061630,92.0,0.4
202206061645,78.0,0.9
202206061700,167.0,0.4
202206061715,178.0,0.9
202206061730,57.0,0.9
202206061745,92.0,0.4
202206061800,65.0,0.9
202206061815,260.0,0.4
202206061830,76.0,0.9
202206061845,80.0,0.9
202206061900,227.0,0.4
202206061915,,0.0
202206061946,,0.0
202206062000,319.0,0.9
202206062015,325.0,1.3
202206062030,317.0,0.4
202206062046,,0.0
202206062101,,0.0
202206062115,94.0,0.4
202206062130,,0.0
202206062145,,0.0
202206062200,,0.0
202206062215,,0.0
202206062230,,0.0
202206062245,,0.0
202206062300,,0.0
202206062315,,0.0
202206062330,,0.0
202206062345,,0.0
202206070000,,0.0
202206070015,,0.0
202206070030,,0.0
202206070100,,0.0
202206070115,,0.0
202206070130,,0.0
202206070145,,0.0
202206070200,,0.0
202206070215,,0.0
202206070230,,0.0
202206070300,,0.0
202206070315,343.0,1.3
202206070330,102.0,0.9
202206070345,72.0,0.4
202206070400,136.0,0.4
202206070430,115.0,0.4
202206070445,,0.0
202206070500,,0.0
202206070515,,0.0
202206070545,,0.0
202206070615,196.0,0.4
202206070630,,0.0
202206070645,84.0,0.4
202206070700,78.0,0.4
202206070715,34.0,0.4
202206070730,,0.0
202206070745,,0.0
202206070800,,0.0
202206070815,,0.0
202206070830,,0.0
202206070845,,0.0
202206070900,,0.0
202206070930,,0.0
202206070945,,0.0
202206071000,,0.0
202206071015,,0.0
202206071030,,0.0
202206071045,,0.0
202206071100,,0.0
202206071131,,0.0
202206071145,,0.0
202206071200,251.0,0.4
202206071215,,0.0
202206071230,,0.0
202206071245,153.0,0.4
202206071300,189.0,0.4
202206071315,,0.0
202206071330,287.0,0.4
202206071345,192.0,0.9
202206071400,208.0,0.4
202206071415,304.0,0.4
202206071430,306.0,0.4
202206071445,,0.0
202206071500,75.0,0.9
202206071515,,0.0
202206071530,170.0,0.4
202206071600,140.0,0.9
202206071615,329.0,0.4
202206071630,315.0,0.4
202206071646,161.0,0.4
202206071700,317.0,0.4
202206071715,,0.0
202206071730,284.0,0.4
202206071745,,0.0
202206071800,220.0,0.4
202206071815,163.0,0.4
202206071830,198.0,0.4
202206071845,318.0,0.4
202206071900,59.0,0.4
202206071915,107.0,0.4
202206071930,306.0,0.4
202206071946,349.0,0.9
202206072015,224.0,0.4
202206072030,218.0,0.9
202206072045,162.0,0.9
202206072101,5.0,0.9
202206072115,313.0,0.4
202206072130,,0.0
202206072145,140.0,0.4
202206072200,263.0,0.4
202206072215,255.0,0.4
202206072230,315.0,0.4
202206072245,250.0,0.4
202206072300,327.0,0.4
202206072315,180.0,0.4
202206072330,200.0,0.4
202206072346,,0.0
202206080000,,0.0
202206080030,,0.0
202206080045,,0.0
202206080100,,0.0
202206080115,,0.0
202206080130,,0.0
202206080145,,0.0
202206080200,,0.0
202206080215,,0.0
202206080230,,0.0
202206080245,,0.0
202206080300,101.0,0.4
202206080315,,0.0
202206080330,80.0,0.4
202206080345,,0.0
202206080400,,0.0
202206080415,,0.0
202206080430,,0.0
202206080445,,0.0
202206080500,,0.0
202206080515,,0.0
202206080530,,0.0
202206080545,,0.0
202206080600,,0.0
202206080616,76.0,0.4
202206080631,,0.0
202206080645,,0.0
202206080700,,0.0
202206080715,298.0,0.4
202206080730,254.0,0.4
202206080745,150.0,0.9
202206080800,,0.0
202206080815,88.0,0.9
202206080830,64.0,0.4
202206080845,,0.0
202206080915,294.0,0.4
202206080945,,0.0
202206081000,315.0,0.9
202206081015,70.0,0.9
202206081030,85.0,0.4
202206081045,49.0,0.9
202206081100,239.0,0.9
202206081115,86.0,1.8
202206081130,,0.0
202206081145,,0.0
202206081200,,0.0
202206081215,,0.0
202206081230,,0.0
202206081245,,0.0
202206081301,,0.0
202206081315,,0.0
202206081330,,0.0
202206081345,,0.0
202206081400,,0.0
202206081415,,0.0
202206081430,,0.0
202206081445,,0.0
202206081500,,0.0
202206081515,91.0,0.4
202206081530,,0.0
202206081545,,0.0
202206081600,,0.0
202206081615,,0.0
202206081630,217.0,0.4
202206081645,82.0,0.4
202206081700,32.0,0.4
202206081715,149.0,0.4
202206081730,,0.0
202206081745,145.0,0.4
202206081800,,0.0
202206081815,288.0,0.9
202206081830,118.0,0.4
202206081845,307.0,0.4
202206081900,,0.0
202206081916,169.0,0.4
202206081930,277.0,0.4
202206081946,150.0,0.9
202206082000,,0.0
202206082015,82.0,0.4
202206082030,,0.0
202206082045,,0.0
202206082100,,0.0
202206082115,,0.0
202206082130,,0.0
202206082145,,0.0
202206082200,,0.0
202206082215,,0.0
202206082230,,0.0
202206082245,,0.0
202206082300,,0.0
202206082315,,0.0
202206082330,,0.0
202206090000,,0.0
202206090030,,0.0
202206090045,,0.0
202206090115,181.0,0.9
202206090130,116.0,0.4
202206090145,84.0,0.4
202206090200,65.0,0.9
202206090215,92.0,0.4
202206090245,,0.0
202206090300,,0.0
202206090315,,0.0
202206090330,,0.0
202206090345,,0.0
202206090400,,0.0
202206090416,,0.0
202206090430,,0.0
202206090445,,0.0
202206090500,,0.0
202206090515,,0.0
202206090530,,0.0
202206090545,,0.0
202206090600,,0.0
202206090615,,0.0
202206090630,,0.0
202206090645,,0.0
202206090700,,0.0
202206090715,,0.0
202206090730,,0.0
202206090745,,0.0
202206090800,,0.0
202206090815,,0.0
202206090831,,0.0
202206090845,,0.0
202206090900,,0.0
202206090915,,0.0
202206090931,,0.0
202206091000,,0.0
202206091015,,0.0
202206091030,,0.0
202206091046,,0.0
202206091100,,0.0
202206091115,,0.0
202206091130,,0.0
202206091200,,0.0
202206091215,,0.0
202206091230,,0.0
202206091245,,0.0
202206091300,,0.0
202206091315,,0.0
202206091330,,0.0
202206091345,,0.0
202206091400,,0.0
202206091430,221.0,0.4
202206091445,,0.0
202206091500,,0.0
202206091515,205.0,0.4
202206091531,259.0,0.4
202206091545,257.0,0.4
202206091600,,0.0
202206091631,67.0,0.9
202206091645,87.0,0.4
202206091701,,0.0
202206091731,,0.0
202206091746,176.0,0.4
202206091800,196.0,0.4
202206091815,180.0,0.4
202206091830,,0.0
202206091845,,0.0
202206091900,157.0,0.4
202206091915,76.0,0.4
202206091930,72.0,0.4
202206091945,,0.0
202206092000,236.0,0.9
202206092015,259.0,0.4
202206092030,222.0,0.4
202206092045,69.0,0.4
202206092100,322.0,0.4
202206092115,137.0,0.4
202206092130,,0.0
202206092145,,0.0
202206092200,,0.0
202206092215,,0.0
202206092230,,0.0
202206092245,,0.0
202206092300,254.0,0.4
202206092315,,0.0
202206092330,,0.0
202206092345,,0.0
202206100000,,0.0
202206100015,,0.0
202206100030,,0.0
202206100045,,0.0
202206100100,,0.0
202206100115,,0.0
202206100130,,0.0
202206100145,,0.0
202206100200,,0.0
202206100216,,0.0
202206100230,,0.0
202206100245,,0.0
202206100300,,0.0
202206100315,,0.0
202206100330,,0.0
202206100345,,0.0
202206100401,,0.0
202206100415,,0.0
202206100430,,0.0
202206100445,,0.0
202206100516,,0.0
202206100531,,0.0
202206100545,,0.0
202206100601,,0.0
202206100616,,0.0
202206100630,,0.0
202206100645,,0.0
202206100700,,0.0
202206100715,,0.0
202206100730,,0.0
202206100745,,0.0
202206100800,,0.0
202206100830,,0.0
202206100845,,0.0
202206100900,,0.0
202206100915,,0.0
202206100930,,0.0
202206100945,,0.0
202206101000,,0.0
202206101030,,0.0
202206101045,,0.0
202206101100,,0.0
202206101115,,0.0
202206101130,,0.0
202206101145,,0.0
202206101200,,0.0
202206101215,,0.0
202206101230,,0.0
202206101245,,0.0
202206101300,,0.0
202206101315,,0.0
202206101330,,0.0
202206101345,,0.0
202206101400,,0.0
202206101415,,0.0
202206101430,,0.0
202206101445,64.0,0.4
202206101500,105.0,0.4
202206101515,90.0,0.4
202206101530,191.0,0.4
202206101545,,0.0
202206101600,88.0,0.4
202206101615,,0.0
202206101630,194.0,0.4
202206101645,,0.0
202206101700,,0.0
202206101716,80.0,0.4
202206101730,149.0,0.4
202206101745,99.0,0.4
202206101800,,0.0
202206101815,,0.0
202206101830,,0.0
202206101845,,0.0
202206101901,,0.0
202206101916,,0.0
202206101930,,0.0
202206101945,,0.0
202206102000,,0.0
202206102015,,0.0
202206102030,,0.0
202206102045,,0.0
202206102100,,0.0
202206102115,,0.0
202206102130,,0.0
202206102145,,0.0
202206102200,,0.0
202206102215,,0.0
202206102230,,0.0
202206102245,,0.0
202206102300,,0.0
202206102315,,0.0
202206102330,,0.0
202206102345,,0.0
202206110000,,0.0
202206110015,,0.0
202206110030,,0.0
202206110045,,0.0
202206110100,,0.0
202206110115,,0.0
202206110130,,0.0
202206110145,,0.0
202206110200,,0.0
202206110215,,0.0
202206110230,,0.0
202206110245,,0.0
202206110315,,0.0
202206110330,,0.0
202206110345,,0.0
202206110400,,0.0
202206110415,,0.0
202206110430,,0.0
202206110445,,0.0
202206110500,,0.0
202206110515,,0.0
202206110530,,0.0
202206110545,,0.0
202206110615,,0.0
202206110630,,0.0
202206110645,,0.0
202206110700,,0.0
202206110715,,0.0
202206110730,,0.0
202206110745,,0.0
202206110800,,0.0
202206110815,,0.0
202206110830,,0.0
202206110845,,0.0
202206110900,,0.0
202206110915,,0.0
202206110930,,0.0
202206110946,,0.0
202206111000,,0.0
202206111015,,0.0
202206111030,,0.0
202206111045,,0.0
202206111100,,0.0
202206111115,,0.0
202206111130,,0.0
202206111145,,0.0
202206111200,,0.0
202206111215,,0.0
202206111230,,0.0
202206111245,,0.0
202206111300,,0.0
202206111315,,0.0
202206111330,,0.0
202206111345,,0.0
202206111400,,0.0
202206111415,,0.0
202206111431,,0.0
202206111445,,0.0
202206111501,,0.0
202206111515,161.0,0.9
202206111530,138.0,0.4
202206111545,,0.0
202206111600,,0.0
202206111615,,0.0
202206111630,71.0,0.9
202206111645,,0.0
202206111700,,0.0
202206111730,84.0,0.4
202206111745,70.0,0.9
202206111800,84.0,0.4
202206111815,82.0,0.9
202206111830,142.0,0.4
202206111845,67.0,0.4
202206111900,,0.0
202206111915,,0.0
202206111930,86.0,0.4
202206111945,122.0,0.4
202206112000,,0.0
202206112015,,0.0
202206112030,,0.0
202206112045,,0.0
202206112100,,0.0
202206112115,,0.0
202206112131,,0.0
202206112145,,0.0
202206112200,,0.0
202206112215,,0.0
202206112230,,0.0
202206112245,,0.0
202206112300,,0.0
202206112315,,0.0
202206112330,,0.0
202206112346,,0.0
202206120000,,0.0
202206120031,,0.0
202206120046,,0.0
202206120101,,0.0
202206120115,,0.0
202206120130,,0.0
202206120145,,0.0
202206120200,,0.0
202206120215,,0.0
202206120230,,0.0
202206120245,,0.0
202206120300,,0.0
202206120315,,0.0
202206120330,,0.0
202206120345,,0.0
202206120400,,0.0
202206120415,,0.0
202206120430,,0.0
202206120445,,0.0
202206120500,,0.0
202206120515,,0.0
202206120530,,0.0
202206120545,,0.0
202206120600,,0.0
202206120616,,0.0
202206120630,,0.0
202206120700,,0.0
202206120715,,0.0
202206120730,,0.0
202206120745,,0.0
202206120800,,0.0
202206120815,,0.0
202206120830,,0.0
202206120845,,0.0
202206120900,,0.0
202206120915,,0.0
202206120930,,0.0
202206120945,,0.0
202206121000,,0.0
202206121015,,0.0
202206121031,,0.0
202206121045,,0.0
202206121115,,0.0
202206121130,,0.0
202206121145,,0.0
202206121200,,0.0
202206121216,,0.0
202206121231,,0.0
202206121245,,0.0
202206121300,,0.0
202206121315,,0.0
202206121345,,0.0
202206121400,,0.0
202206121415,,0.0
202206121430,,0.0
202206121445,,0.0
202206121500,84.0,0.9
202206121515,166.0,0.4
202206121530,296.0,0.4
202206121546,,0.0
202206121601,86.0,0.4
202206121616,90.0,0.4
202206121630,324.0,0.4
202206121645,254.0,0.4
202206121700,85.0,0.4
202206121715,,0.0
202206121730,218.0,0.4
202206121745,190.0,0.4
202206121800,144.0,0.4
202206121815,180.0,0.4
202206121830,312.0,0.4
202206121845,179.0,0.4
202206121900,116.0,0.4
202206121915,167.0,0.4
202206121930,291.0,0.4
202206121945,,0.0
202206122000,,0.0
202206122015,169.0,0.4
202206122030,,0.0
202206122045,,0.0
202206122100,175.0,0.9
202206122115,,0.0
202206122130,,0.0
202206122145,196.0,0.4
202206122215,,0.0
202206122230,,0.0
202206122245,,0.0
202206122300,,0.0
202206122315,,0.0
202206122330,,0.0
202206122345,,0.0
202206130000,,0.0
202206130015,,0.0
202206130030,,0.0
202206130045,,0.0
202206130100,,0.0
202206130115,,0.0
202206130130,,0.0
202206130145,,0.0
202206130200,,0.0
202206130215,,0.0
202206130230,,0.0
202206130245,,0.0
202206130300,,0.0
202206130315,,0.0
202206130330,,0.0
202206130346,,0.0
202206130400,,0.0
202206130415,,0.0
202206130445,,0.0
202206130500,,0.0
202206130515,,0.0
202206130530,,0.0
202206130545,,0.0
202206130546,,0.0
202206130600,,0.0
202206130615,,0.0
202206130630,,0.0
202206130645,,0.0
202206130700,,0.0
202206130715,,0.0
202206130730,,0.0
202206130745,,0.0
202206130800,,0.0
202206130816,,0.0
202206130830,,0.0
202206130845,,0.0
202206130900,,0.0
202206130915,,0.0
202206130930,,0.0
202206130945,,0.0
202206131000,,0.0
202206131030,,0.0
202206131100,,0.0
202206131115,,0.0
202206131130,,0.0
202206131145,,0.0
202206131215,,0.0
202206131230,,0.0
202206131246,,0.0
202206131300,,0.0
202206131315,,0.0
202206131330,,0.0
202206131415,,0.0
202206131430,,0.0
202206131445,,0.0
202206131500,,0.0
202206131515,277.0,0.9
202206131530,294.0,0.4
202206131545,,0.0
202206131600,,0.0
202206131615,121.0,1.3
202206131630,313.0,0.9
202206131645,294.0,0.4
202206131716,,0.0
202206131731,,0.0
202206131745,224.0,0.4
202206131800,236.0,0.4
202206131815,262.0,0.4
202206131830,156.0,0.4
202206131845,,0.0
202206131900,184.0,0.4
202206131915,331.0,0.4
202206131930,196.0,0.9
202206131945,36.0,0.4
202206132000,,0.0
202206132015,312.0,0.9
202206132030,,0.0
202206132045,292.0,0.9
202206132100,186.0,1.3
202206132115,329.0,0.4
202206132130,234.0,0.4
202206132145,,0.0
202206132200,,0.0
202206132215,,0.0
202206132245,,0.0
202206132300,,0.0
202206132315,,0.0
202206132330,,0.0
202206132345,,0.0
202206140030,,0.0
202206140100,,0.0
202206140115,,0.0
202206140130,,0.0
202206140200,,0.0
202206140230,,0.0
202206140246,,0.0
202206140300,,0.0
202206140315,,0.0
202206140330,,0.0
202206140345,,0.0
202206140400,,0.0
202206140415,,0.0
202206140430,,0.0
202206140445,,0.0
202206140500,,0.0
202206140515,,0.0
202206140530,,0.0
202206140545,,0.0
202206140600,,0.0
202206140615,,0.0
202206140630,,0.0
202206140646,,0.0
202206140700,,0.0
202206140716,,0.0
202206140731,,0.0
202206140745,,0.0
202206140801,,0.0
202206140815,,0.0
202206140830,,0.0
202206140845,,0.0
202206140900,,0.0
202206140915,,0.0
202206140930,,0.0
202206140945,,0.0
202206141000,,0.0
202206141015,,0.0
202206141030,,0.0
202206141100,,0.0
202206141130,,0.0
202206141145,,0.0
202206141200,,0.0
202206141215,,0.0
202206141230,,0.0
202206141245,,0.0
202206141300,,0.0
202206141315,,0.0
202206141330,,0.0
202206141346,,0.0
202206141400,,0.0
202206141415,,0.0
202206141430,,0.0
202206141445,,0.0
202206141500,,0.0
202206141515,282.0,0.4
202206141530,,0.0
202206141545,,0.0
202206141601,,0.0
202206141615,101.0,0.9
202206141630,88.0,0.4
202206141645,,0.0
202206141700,,0.0
202206141715,169.0,0.4
202206141730,,0.0
202206141745,,0.0
202206141800,,0.0
202206141815,,0.0
202206141830,,0.0
202206141845,146.0,0.4
202206141900,,0.0
202206141916,,0.0
202206141930,,0.0
202206141946,,0.0
202206142000,,0.0
202206142030,,0.0
202206142045,,0.0
202206142100,,0.0
202206142115,,0.0
202206142130,,0.0
202206142145,,0.0
202206142200,,0.0
202206142215,,0.0
202206142245,,0.0
202206142300,,0.0
202206142315,,0.0
202206142330,,0.0
202206142345,,0.0
202206150000,,0.0
202206150015,,0.0
202206150030,,0.0
202206150045,,0.0
202206150100,,0.0
202206150115,,0.0
202206150130,,0.0
202206150145,,0.0
202206150200,,0.0
202206150215,,0.0
202206150230,,0.0
202206150245,,0.0
202206150300,,0.0
202206150315,,0.0
202206150330,,0.0
202206150345,331.0,0.4
202206150400,,0.0
202206150415,,0.0
202206150430,,0.0
202206150445,,0.0
202206150500,,0.0
202206150515,,0.0
202206150530,,0.0
202206150545,,0.0
202206150600,,0.0
202206150615,,0.0
202206150630,,0.0
202206150646,,0.0
202206150700,,0.0
202206150715,,0.0
202206150730,,0.0
202206150745,,0.0
202206150801,,0.0
202206150816,,0.0
202206150830,,0.0
202206150845,,0.0
202206150930,,0.0
202206150945,,0.0
202206151000,,0.0
202206151015,,0.0
202206151030,,0.0
202206151045,,0.0
202206151100,,0.0
202206151115,,0.0
202206151130,,0.0
202206151145,,0.0
202206151200,,0.0
202206151215,,0.0
202206151230,,0.0
202206151245,,0.0
202206151300,,0.0
202206151316,,0.0
202206151345,,0.0
202206151415,,0.0
202206151430,,0.0
202206151445,83.0,0.4
202206151500,,0.0
202206151515,89.0,0.4
202206151545,271.0,0.4
202206151600,201.0,0.4
202206151615,,0.0
202206151630,,0.0
202206151645,87.0,0.4
202206151700,116.0,0.4
202206151715,241.0,0.4
202206151730,52.0,0.4
202206151745,,0.0
202206151800,155.0,0.4
202206151816,238.0,0.4
202206151845,,0.0
202206151900,,0.0
202206151915,,0.0
202206151930,,0.0
202206152000,,0.0
202206152015,,0.0
202206152030,,0.0
202206152045,,0.0
202206152100,,0.0
202206152115,,0.0
202206152130,,0.0
202206152145,,0.0
202206152200,,0.0
202206152215,,0.0
202206152230,,0.0
202206152245,,0.0
202206152300,,0.0
202206152315,230.0,0.4
202206152330,194.0,0.4
202206152345,105.0,0.9
202206160000,113.0,0.4
202206160015,49.0,0.4
202206160045,,0.0
202206160100,,0.0
202206160115,,0.0
202206160130,,0.0
202206160145,,0.0
202206160200,,0.0
202206160215,,0.0
202206160230,,0.0
202206160245,,0.0
202206160300,65.0,2.2
202206160315,103.0,2.2
202206160330,,0.0
202206160346,33.0,0.4
202206160400,,0.0
202206160415,355.0,0.4
202206160430,,0.0
202206160445,71.0,0.4
202206160500,,0.0
202206160515,,0.0
202206160530,71.0,0.4
202206160545,282.0,0.4
202206160600,,0.0
202206160615,304.0,0.4
202206160630,,0.0
202206160645,,0.0
202206160700,,0.0
202206160715,,0.0
202206160730,292.0,0.4
202206160746,,0.0
202206160801,,0.0
202206160815,,0.0
202206160845,,0.0
202206160916,317.0,0.9
202206160931,,0.0
202206161001,,0.0
202206161015,,0.0
202206161030,,0.0
202206161101,,0.0
202206161115,,0.0
202206161130,,0.0
202206161145,,0.0
202206161200,,0.0
202206161215,,0.0
202206161230,,0.0
202206161245,,0.0
202206161300,75.0,0.4
202206161315,,0.0
202206161330,,0.0
202206161345,,0.0
202206161400,74.0,0.4
202206161415,,0.0
202206161430,65.0,0.4
202206161445,,0.0
202206161500,80.0,0.4
202206161515,,0.0
202206161530,134.0,0.4
202206161545,84.0,0.9
202206161600,77.0,0.4
202206161630,,0.0
202206161645,,0.0
202206161700,,0.0
202206161715,,0.0
202206161745,,0.0
202206161800,,0.0
202206161815,,0.0
202206161831,,0.0
202206161845,,0.0
202206161900,,0.0
202206161915,96.0,0.4
202206161930,,0.0
202206161945,136.0,0.4
202206162000,,0.0
202206162030,,0.0
202206162100,,0.0
202206162115,,0.0
202206162130,,0.0
202206162145,,0.0
202206162200,,0.0
202206162215,,0.0
202206162230,,0.0
202206162245,,0.0
202206162301,,0.0
202206162315,,0.0
202206162346,,0.0
202206170001,,0.0
202206170016,,0.0
202206170031,,0.0
202206170045,,0.0
202206170100,,0.0
202206170115,,0.0
202206170130,,0.0
202206170145,,0.0
202206170200,,0.0
202206170215,,0.0
202206170230,,0.0
202206170245,,0.0
202206170300,,0.0
202206170315,,0.0
202206170330,,0.0
202206170345,,0.0
202206170400,,0.0
202206170415,,0.0
202206170430,,0.0
202206170445,,0.0
202206170500,,0.0
202206170515,,0.0
202206170530,,0.0
202206170545,,0.0
202206170600,,0.0
202206170615,,0.0
202206170630,,0.0
202206170645,,0.0
202206170700,165.0,0.9
202206170715,60.0,0.4
202206170730,100.0,0.4
202206170745,,0.0
202206170800,71.0,0.4
202206170815,,0.0
202206170830,,0.0
202206170845,,0.0
202206170900,,0.0
202206170930,,0.0
202206170945,,0.0
202206171000,,0.0
202206171015,44.0,0.9
202206171030,,0.0
202206171046,,0.0
202206171100,,0.0
202206171115,,0.0
202206171131,72.0,0.4
202206171145,,0.0
202206171200,,0.0
202206171215,,0.0
202206171230,,0.0
202206171245,,0.0
202206171315,72.0,0.4
202206171330,,0.0
202206171345,,0.0
202206171400,,0.0
202206171415,,0.0
202206171430,,0.0
202206171445,,0.0
202206171500,,0.0
202206171515,,0.0
202206171530,,0.0
202206171545,,0.0
202206171601,,0.0
202206171615,340.0,0.9
202206171700,,0.0
202206171715,81.0,0.4
202206171730,222.0,0.4
202206171745,,0.0
202206171800,249.0,0.4
202206171815,113.0,0.9
202206171830,61.0,0.4
202206171845,94.0,0.4
202206171900,,0.0
202206171915,329.0,0.4
202206171930,,0.0
202206171945,34.0,0.4
202206172000,,0.0
202206172015,232.0,0.4
202206172030,277.0,0.9
202206172045,,0.0
202206172100,,0.0
202206172115,,0.0
202206172130,258.0,0.4
202206172145,,0.0
202206172201,252.0,2.2
202206172215,141.0,0.9
202206172230,,0.0
202206172246,,0.0
202206172300,307.0,1.3
202206172315,325.0,0.4
202206172330,,0.0
202206172345,92.0,0.9
202206180000,,0.0
202206180015,,0.0
202206180045,,0.0
202206180100,,0.0
202206180115,,0.0
202206180130,,0.0
202206180145,,0.0
202206180200,,0.0
202206180215,,0.0
202206180230,,0.0
202206180245,,0.0
202206180300,,0.0
202206180315,,0.0
202206180330,,0.0
202206180345,,0.0
202206180415,,0.0
202206180430,,0.0
202206180445,,0.0
202206180515,,0.0
202206180530,,0.0
202206180545,,0.0
202206180600,,0.0
202206180615,,0.0
202206180645,,0.0
202206180700,,0.0
202206180715,,0.0
202206180730,,0.0
202206180745,,0.0
202206180800,,0.0
202206180815,,0.0
202206180830,,0.0
202206180845,,0.0
202206180915,,0.0
202206180930,,0.0
202206180945,,0.0
202206181015,,0.0
202206181030,,0.0
202206181045,,0.0
202206181101,,0.0
202206181115,,0.0
202206181131,,0.0
202206181145,,0.0
202206181201,,0.0
202206181216,,0.0
202206181245,,0.0
202206181300,,0.0
202206181315,,0.0
202206181330,,0.0
202206181345,,0.0
202206181400,,0.0
202206181415,225.0,0.9
202206181430,,0.0
202206181445,,0.0
202206181500,,0.0
202206181515,61.0,0.9
202206181530,283.0,0.4
202206181545,130.0,0.4
202206181601,85.0,1.3
202206181615,236.0,0.4
202206181645,240.0,0.4
202206181700,100.0,0.4
202206181715,261.0,0.4
202206181730,181.0,0.4
202206181745,195.0,0.4
202206181800,103.0,0.4
202206181815,103.0,0.9
202206181830,,0.0
202206181845,155.0,0.4
202206181900,,0.0
202206181915,111.0,0.9
202206181930,148.0,0.9
202206181945,287.0,0.9
202206182000,165.0,0.4
202206182015,277.0,0.4
202206182030,70.0,0.4
202206182100,103.0,0.4
202206182115,310.0,1.3
202206182130,,0.0
202206182145,184.0,0.4
202206182200,,0.0
202206182215,88.0,0.4
202206182230,140.0,0.4
202206182245,99.0,0.4
202206182300,134.0,0.4
202206182315,,0.0
202206182330,91.0,0.4
202206182345,,0.0
202206190000,,0.0
202206190015,,0.0
202206190030,145.0,0.4
202206190046,,0.0
202206190100,,0.0
202206190115,,0.0
202206190130,,0.0
202206190145,,0.0
202206190200,,0.0
202206190215,,0.0
202206190230,,0.0
202206190245,,0.0
202206190300,,0.0
202206190315,,0.0
202206190330,,0.0
202206190345,,0.0
202206190400,,0.0
202206190415,,0.0
202206190430,,0.0
202206190446,,0.0
202206190501,,0.0
202206190515,,0.0
202206190530,,0.0
202206190545,,0.0
202206190600,,0.0
202206190630,,0.0
202206190645,,0.0
202206190700,,0.0
202206190715,,0.0
202206190730,,0.0
202206190745,,0.0
202206190800,,0.0
202206190815,,0.0
202206190830,,0.0
202206190845,,0.0
202206190900,,0.0
202206190930,,0.0
202206190945,,0.0
202206191000,99.0,0.4
202206191030,,0.0
202206191046,,0.0
202206191100,,0.0
202206191145,,0.0
202206191201,,0.0
202206191215,105.0,0.4
202206191230,,0.0
202206191245,,0.0
202206191300,90.0,0.4
202206191315,77.0,0.9
202206191330,,0.0
202206191345,,0.0
202206191400,,0.0
202206191415,266.0,0.4
202206191445,82.0,0.9
202206191500,24.0,0.4
202206191515,47.0,0.9
202206191531,,0.0
202206191545,,0.0
202206191600,82.0,0.9
202206191615,98.0,0.4
202206191630,84.0,0.4
202206191645,232.0,0.4
202206191700,84.0,0.4
202206191715,,0.0
202206191730,,0.0
202206191745,71.0,0.9
202206191800,254.0,1.3
202206191815,69.0,0.4
202206191830,,0.0
202206191845,267.0,0.4
202206191900,80.0,0.9
202206191915,80.0,0.4
202206191930,97.0,0.9
202206191945,,0.0
202206192000,73.0,0.9
202206192015,95.0,0.4
202206192045,281.0,0.4
202206192100,153.0,0.4
202206192115,,0.0
202206192130,5.0,0.4
202206192145,243.0,0.4
202206192200,144.0,0.4
202206192215,57.0,0.4
202206192230,93.0,0.9
202206192245,254.0,0.9
202206192300,71.0,0.4
202206192315,77.0,0.4
202206192330,76.0,0.4
202206192346,,0.0
202206200000,,0.0
202206200015,,0.0
202206200030,,0.0
202206200045,,0.0
202206200100,,0.0
202206200115,,0.0
202206200130,,0.0
202206200145,,0.0
202206200201,,0.0
202206200216,,0.0
202206200230,,0.0
202206200300,,0.0
202206200315,,0.0
202206200330,,0.0
202206200345,,0.0
202206200415,,0.0
202206200430,,0.0
202206200445,,0.0
202206200500,,0.0
202206200515,,0.0
202206200530,,0.0
202206200545,,0.0
202206200600,,0.0
202206200615,,0.0
202206200630,,0.0
202206200645,,0.0
202206200700,,0.0
202206200715,,0.0
202206200730,,0.0
202206200745,,0.0
202206200800,,0.0
202206200815,,0.0
202206200830,,0.0
202206200845,,0.0
202206200900,,0.0
202206200930,,0.0
202206200945,,0.0
202206201000,,0.0
202206201015,,0.0
202206201030,,0.0
202206201045,,0.0
202206201100,,0.0
202206201115,,0.0
202206201130,,0.0
202206201145,,0.0
202206201200,,0.0
202206201215,,0.0
202206201230,,0.0
202206201245,,0.0
202206201300,,0.0
202206201315,,0.0
202206201330,,0.0
202206201345,,0.0
202206201415,86.0,0.4
202206201430,,0.0
202206201446,,0.0
202206201500,82.0,0.4
202206201516,,0.0
202206201530,,0.0
202206201545,,0.0
202206201600,,0.0
202206201615,90.0,0.4
202206201630,,0.0
202206201645,202.0,0.4
202206201700,,0.0
202206201715,,0.0
202206201730,285.0,0.4
202206201745,115.0,0.4
202206201800,,0.0
202206201815,104.0,0.4
202206201830,182.0,0.4
202206201845,82.0,0.4
202206201900,80.0,0.4
202206201915,,0.0
202206201930,177.0,0.4
202206201945,80.0,0.4
202206202000,67.0,0.9
202206202015,62.0,1.3
202206202030,64.0,1.3
202206202045,,0.0
202206202100,,0.0
202206202115,120.0,0.4
202206202130,,0.0
202206202145,,0.0
202206202245,,0.0
202206202301,82.0,0.4
202206202315,,0.0
202206202331,,0.0
202206202345,,0.0
202206210000,,0.0
202206210030,,0.0
202206210045,,0.0
202206210100,,0.0
202206210116,,0.0
202206210130,,0.0
202206210146,,0.0
202206210201,,0.0
202206210215,,0.0
202206210216,,0.0
202206210230,,0.0
202206210245,,0.0
202206210300,,0.0
202206210315,,0.0
202206210330,,0.0
202206210345,,0.0
202206210400,,0.0
202206210415,,0.0
202206210430,,0.0
202206210445,,0.0
202206210500,,0.0
202206210515,,0.0
202206210530,,0.0
202206210545,,0.0
202206210600,,0.0
202206210615,,0.0
202206210630,,0.0
202206210700,,0.0
202206210715,,0.0
202206210730,,0.0
202206210745,,0.0
202206210800,,0.0
202206210815,,0.0
202206210830,,0.0
202206210845,,0.0
202206210900,,0.0
202206210915,,0.0
202206210930,,0.0
202206210945,,0.0
202206211000,,0.0
202206211015,,0.0
202206211030,,0.0
202206211045,,0.0
202206211101,,0.0
202206211115,,0.0
202206211130,,0.0
202206211200,,0.0
202206211216,,0.0
202206211230,,0.0
202206211245,,0.0
202206211300,,0.0
202206211315,96.0,0.4
202206211330,96.0,0.4
202206211400,,0.0
202206211415,,0.0
202206211445,,0.0
202206211501,,0.0
202206211515,,0.0
202206211530,,0.0
202206211545,348.0,0.9
202206211601,,0.0
202206211615,319.0,0.4
202206211630,63.0,0.4
202206211645,,0.0
202206211700,169.0,0.9
202206211715,,0.0
202206211730,,0.0
202206211745,251.0,0.4
202206211800,,0.0
202206211815,259.0,0.9
202206211830,142.0,0.4
202206211845,98.0,0.4
202206211900,90.0,0.9
202206211916,84.0,0.4
202206211930,84.0,0.4
202206211945,81.0,0.4
202206212000,,0.0
202206212015,,0.0
202206212030,,0.0
202206212100,,0.0
202206212115,,0.0
202206212130,,0.0
202206212145,,0.0
202206212200,,0.0
202206212215,,0.0
202206212230,,0.0
202206212245,,0.0
202206212300,,0.0
202206212315,,0.0
202206212330,,0.0
202206212345,,0.0
202206220000,,0.0
202206220015,,0.0
202206220030,,0.0
202206220046,,0.0
202206220100,,0.0
202206220116,,0.0
202206220130,,0.0
202206220145,,0.0
202206220200,,0.0
202206220215,,0.0
202206220230,,0.0
202206220245,,0.0
202206220300,,0.0
202206220315,,0.0
202206220331,,0.0
202206220345,,0.0
202206220400,,0.0
202206220415,,0.0
202206220430,,0.0
202206220446,,0.0
202206220515,,0.0
202206220530,,0.0
202206220545,,0.0
202206220600,,0.0
202206220615,,0.0
202206220630,,0.0
202206220645,,0.0
202206220700,,0.0
202206220715,,0.0
202206220730,,0.0
202206220745,,0.0
202206220800,,0.0
202206220830,,0.0
202206220845,,0.0
202206220900,,0.0
202206220915,,0.0
202206220930,,0.0
202206220945,,0.0
202206221000,,0.0
202206221015,,0.0
202206221030,,0.0
202206221045,,0.0
202206221115,,0.0
202206221130,,0.0
202206221145,,0.0
202206221200,,0.0
202206221215,,0.0
202206221230,,0.0
202206221245,,0.0
202206221300,,0.0
202206221315,,0.0
202206221330,,0.0
202206221345,,0.0
202206221400,,0.0
202206221415,,0.0
202206221445,,0.0
202206221500,,0.0
202206221530,252.0,0.4
202206221545,125.0,0.4
202206221600,,0.0
202206221616,88.0,0.4
202206221630,,0.0
202206221645,140.0,0.4
202206221700,110.0,0.4
202206221715,266.0,0.9
202206221730,92.0,0.4
202206221745,,0.0
202206221800,101.0,0.9
202206221815,306.0,0.4
202206221830,100.0,0.4
202206221845,263.0,0.4
202206221900,,0.0
202206221915,,0.0
202206221930,,0.0
202206221945,,0.0
202206222000,,0.0
202206222030,87.0,0.9
202206222045,86.0,0.4
202206222100,159.0,0.4
202206222115,180.0,0.4
202206222145,163.0,0.4
202206222200,113.0,0.4
202206222215,,0.0
202206222231,263.0,0.4
202206222245,,0.0
202206222301,244.0,0.4
202206222316,,0.0
202206222330,,0.0
202206222345,,0.0
202206230000,,0.0
202206230015,,0.0
202206230030,,0.0
202206230045,,0.0
202206230100,,0.0
202206230115,,0.0
202206230130,,0.0
202206230145,,0.0
202206230200,,0.0
202206230215,,0.0
202206230245,,0.0
202206230300,,0.0
202206230315,,0.0
202206230330,,0.0
202206230345,,0.0
202206230400,,0.0
202206230415,,0.0
202206230430,,0.0
202206230445,,0.0
202206230500,,0.0
202206230515,,0.0
202206230530,,0.0
202206230545,,0.0
202206230600,,0.0
202206230615,,0.0
202206230630,,0.0
202206230645,,0.0
202206230700,,0.0
202206230715,,0.0
202206230730,,0.0
202206230745,,0.0
202206230800,,0.0
202206230815,,0.0
202206230830,,0.0
202206230845,,0.0
202206230900,,0.0
202206230915,,0.0
202206230945,,0.0
202206231000,,0.0
202206231015,,0.0
202206231030,,0.0
202206231045,,0.0
202206231100,,0.0
202206231116,,0.0
202206231131,,0.0
202206231200,,0.0
202206231215,,0.0
202206231230,,0.0
202206231245,,0.0
202206231300,,0.0
202206231315,,0.0
202206231330,,0.0
202206231345,,0.0
202206231400,,0.0
202206231415,,0.0
202206231430,,0.0
202206231445,,0.0
202206231500,92.0,0.9
202206231516,,0.0
202206231531,,0.0
202206231545,,0.0
202206231600,,0.0
202206231615,96.0,0.4
202206231630,70.0,0.9
202206231645,,0.0
202206231700,,0.0
202206231715,238.0,0.4
202206231730,,0.0
202206231745,,0.0
202206231800,,0.0
202206231815,182.0,0.4
202206231845,,0.0
202206231900,318.0,0.4
202206231915,84.0,0.9
202206231930,223.0,0.9
202206231945,162.0,0.9
202206232000,120.0,0.4
202206232015,206.0,0.4
202206232030,105.0,0.4
202206232045,184.0,0.9
202206232100,,0.0
202206232116,209.0,0.4
202206232145,222.0,0.9
202206232200,,0.0
202206232215,268.0,0.9
202206232231,140.0,0.4
202206232245,168.0,0.4
202206232300,,0.0
202206232315,92.0,0.4
202206232330,165.0,0.4
202206232345,,0.0
202206240000,,0.0
202206240015,,0.0
202206240031,,0.0
202206240045,,0.0
202206240100,,0.0
202206240116,,0.0
202206240130,,0.0
202206240146,,0.0
202206240200,,0.0
202206240217,,0.0
202206240231,,0.0
202206240246,,0.0
202206240301,,0.0
202206240315,,0.0
202206240330,,0.0
202206240345,,0.0
202206240400,,0.0
202206240415,,0.0
202206240430,,0.0
202206240445,,0.0
202206240500,,0.0
202206240515,,0.0
202206240530,,0.0
202206240545,,0.0
202206240600,,0.0
202206240615,,0.0
202206240630,,0.0
202206240645,,0.0
202206240730,,0.0
202206240745,,0.0
202206240800,,0.0
202206240815,,0.0
202206240830,,0.0
202206240845,,0.0
202206240900,,0.0
202206240915,,0.0
202206240930,,0.0
202206240945,,0.0
202206241015,,0.0
202206241030,,0.0
202206241045,,0.0
202206241100,,0.0
202206241115,,0.0
202206241130,,0.0
202206241145,,0.0
202206241201,,0.0
202206241215,,0.0
202206241230,,0.0
202206241245,,0.0
202206241300,,0.0
202206241315,,0.0
202206241330,,0.0
202206241345,,0.0
202206241400,,0.0
202206241415,,0.0
202206241500,,0.0
202206241516,,0.0
202206241530,88.0,0.4
202206241545,,0.0
202206241600,,0.0
202206241615,94.0,0.4
202206241630,,0.0
202206241645,184.0,0.4
202206241715,235.0,0.4
202206241730,,0.0
202206241745,289.0,0.4
202206241800,160.0,0.4
202206241815,258.0,0.4
202206241830,153.0,0.4
202206241846,,0.0
202206241900,,0.0
202206241915,309.0,0.4
202206241930,229.0,0.4
202206241945,98.0,0.4
202206242000,,0.0
202206242015,266.0,0.9
202206242030,,0.0
202206242045,306.0,0.4
202206242100,,0.0
202206242130,,0.0
202206242145,,0.0
202206242200,,0.0
202206242216,,0.0
202206242230,,0.0
202206242245,,0.0
202206242315,,0.0
202206242330,,0.0
202206242345,,0.0
202206250000,,0.0
202206250015,,0.0
202206250030,,0.0
202206250045,,0.0
202206250100,,0.0
202206250115,,0.0
202206250130,,0.0
202206250145,,0.0
202206250200,,0.0
202206250215,,0.0
202206250230,,0.0
202206250245,,0.0
202206250300,,0.0
202206250316,,0.0
202206250330,,0.0
202206250345,,0.0
202206250400,,0.0
202206250416,,0.0
202206250430,,0.0
202206250445,,0.0
202206250500,,0.0
202206250515,,0.0
202206250530,,0.0
202206250545,,0.0
202206250600,,0.0
202206250615,,0.0
202206250630,,0.0
202206250645,94.0,0.4
202206250700,,0.0
202206250715,,0.0
202206250746,,0.0
202206250800,,0.0
202206250830,,0.0
202206250845,,0.0
202206250900,,0.0
202206250930,,0.0
202206250945,,0.0
202206251015,,0.0
202206251030,,0.0
202206251045,,0.0
202206251100,,0.0
202206251115,,0.0
202206251130,,0.0
202206251145,,0.0
202206251200,,0.0
202206251215,,0.0
202206251230,,0.0
202206251245,173.0,0.4
202206251300,,0.0
202206251315,133.0,0.4
202206251330,74.0,0.9
202206251345,88.0,0.4
202206251400,180.0,0.4
202206251416,65.0,0.4
202206251431,229.0,0.4
202206251445,,0.0
202206251500,85.0,0.4
202206251515,93.0,0.4
202206251530,58.0,0.9
202206251545,181.0,0.4
202206251600,181.0,0.4
202206251615,98.0,0.4
202206251630,49.0,0.9
202206251645,194.0,0.4
202206251700,163.0,0.9
202206251715,59.0,0.9
202206251745,84.0,0.9
202206251800,137.0,1.3
202206251815,79.0,0.9
202206251830,71.0,0.9
202206251846,,0.0
202206251900,,0.0
202206251916,123.0,0.4
202206251930,95.0,0.4
202206251945,66.0,0.9
202206252000,119.0,0.4
202206252015,96.0,0.4
202206252030,44.0,0.9
202206252045,77.0,0.4
202206252100,138.0,0.4
202206252115,43.0,0.4
202206252131,95.0,0.4
202206252145,74.0,0.9
202206252201,150.0,0.4
202206252216,101.0,0.4
202206252230,,0.0
202206252246,146.0,0.4
202206252301,,0.0
202206252315,,0.0
202206252330,337.0,0.9
202206252345,254.0,0.4
202206260000,,0.0
202206260015,219.0,0.4
202206260030,207.0,0.4
202206260045,102.0,0.4
202206260100,,0.0
202206260115,,0.0
202206260130,,0.0
202206260145,104.0,0.4
202206260200,69.0,0.4
202206260215,,0.0
202206260230,227.0,0.9
202206260245,,0.0
202206260300,,0.0
202206260315,,0.0
202206260330,,0.0
202206260345,,0.0
202206260400,,0.0
202206260415,,0.0
202206260430,,0.0
202206260445,,0.0
202206260500,,0.0
202206260515,,0.0
202206260530,,0.0
202206260545,,0.0
202206260600,,0.0
202206260615,,0.0
202206260630,,0.0
202206260645,,0.0
202206260700,,0.0
202206260715,,0.0
202206260730,,0.0
202206260745,,0.0
202206260800,,0.0
202206260815,,0.0
202206260830,,0.0
202206260845,,0.0
202206260900,,0.0
202206260915,,0.0
202206260930,,0.0
202206260945,,0.0
202206261000,,0.0
202206261015,,0.0
202206261030,,0.0
202206261045,,0.0
202206261101,,0.0
202206261115,,0.0
202206261130,,0.0
202206261145,,0.0
202206261200,59.0,0.4
202206261215,,0.0
202206261230,55.0,0.4
202206261245,70.0,0.4
202206261300,45.0,0.4
202206261315,,0.0
202206261330,,0.0
202206261345,,0.0
202206261400,,0.0
202206261415,94.0,0.4
202206261430,,0.0
202206261445,68.0,0.4
202206261500,184.0,0.4
202206261515,84.0,0.4
202206261531,167.0,0.4
202206261545,65.0,0.9
202206261600,61.0,0.4
202206261615,,0.0
202206261630,,0.0
202206261645,62.0,0.4
202206261700,,0.0
202206261715,116.0,0.4
202206261730,180.0,0.4
202206261745,85.0,0.4
202206261800,,0.0
202206261815,111.0,0.4
202206261830,,0.0
202206261845,72.0,0.4
202206261915,87.0,0.4
202206261930,70.0,0.4
202206261945,94.0,0.4
202206262000,97.0,0.4
202206262015,,0.0
202206262030,,0.0
202206262045,58.0,0.4
202206262100,67.0,0.4
202206262115,86.0,0.4
202206262130,62.0,0.4
202206262145,84.0,0.4
202206262200,51.0,0.9
202206262230,,0.0
202206262245,,0.0
202206262300,,0.0
202206262315,,0.0
202206262330,,0.0
202206262345,,0.0
202206270000,,0.0
202206270015,,0.0
202206270030,,0.0
202206270045,,0.0
202206270100,,0.0
202206270115,,0.0
202206270130,,0.0
202206270145,,0.0
202206270200,120.0,0.9
202206270215,76.0,0.4
202206270230,186.0,0.4
202206270246,78.0,0.4
202206270300,,0.0
202206270315,,0.0
202206270330,78.0,0.4
202206270345,,0.0
202206270400,,0.0
202206270415,,0.0
202206270430,,0.0
202206270445,,0.0
202206270500,,0.0
202206270515,,0.0
202206270545,,0.0
202206270600,,0.0
202206270615,,0.0
202206270630,,0.0
202206270645,,0.0
202206270700,,0.0
202206270715,,0.0
202206270730,,0.0
202206270745,,0.0
202206270800,,0.0
202206270815,,0.0
202206270830,,0.0
202206270846,,0.0
202206270900,,0.0
202206270915,,0.0
202206270931,,0.0
202206270945,,0.0
202206271001,,0.0
202206271016,,0.0
202206271030,,0.0
202206271045,,0.0
202206271100,,0.0
202206271115,,0.0
202206271130,,0.0
202206271145,,0.0
202206271200,101.0,0.4
202206271215,,0.0
202206271230,,0.0
202206271245,,0.0
202206271300,,0.0
202206271315,,0.0
202206271330,85.0,0.4
202206271345,,0.0
202206271400,,0.0
202206271415,,0.0
202206271430,,0.0
202206271445,,0.0
202206271500,74.0,0.4
202206271515,99.0,0.4
202206271530,,0.0
202206271600,74.0,0.9
202206271615,,0.0
202206271630,84.0,0.9
202206271645,119.0,0.4
202206271700,,0.0
202206271716,116.0,0.4
202206271730,254.0,0.4
202206271745,88.0,0.4
202206271800,241.0,0.4
202206271830,72.0,0.4
202206271845,99.0,1.3
202206271900,311.0,0.9
202206271930,90.0,0.4
202206271945,138.0,0.9
202206272015,103.0,0.9
202206272030,200.0,0.4
202206272045,169.0,0.4
202206272100,,0.0
202206272115,45.0,0.9
202206272145,126.0,1.8
202206272200,143.0,0.9
202206272215,,0.0
202206272230,90.0,0.4
202206272245,18.0,0.4
202206272300,98.0,0.4
202206272315,,0.0
202206272330,90.0,0.4
202206272345,,0.0
202206280000,,0.0
202206280015,,0.0
202206280030,,0.0
202206280045,,0.0
202206280101,,0.0
202206280115,,0.0
202206280130,,0.0
202206280145,,0.0
202206280200,,0.0
202206280215,,0.0
202206280230,,0.0
202206280245,,0.0
202206280300,,0.0
202206280315,,0.0
202206280331,,0.0
202206280345,,0.0
202206280400,,0.0
202206280415,,0.0
202206280430,,0.0
202206280445,,0.0
202206280500,,0.0
202206280530,,0.0
202206280545,,0.0
202206280600,,0.0
202206280615,,0.0
202206280630,,0.0
202206280645,,0.0
202206280700,,0.0
202206280715,,0.0
202206280730,,0.0
202206280745,,0.0
202206280800,,0.0
202206280815,,0.0
202206280830,,0.0
202206280845,,0.0
202206280900,,0.0
202206280915,,0.0
202206280930,,0.0
202206280945,,0.0
202206281000,,0.0
202206281030,,0.0
202206281045,,0.0
202206281100,,0.0
202206281115,,0.0
202206281145,,0.0
202206281200,,0.0
202206281215,,0.0
202206281230,,0.0
202206281245,,0.0
202206281300,,0.0
202206281315,,0.0
202206281330,,0.0
202206281346,,0.0
202206281400,,0.0
202206281415,,0.0
202206281430,,0.0
202206281445,,0.0
202206281500,,0.0
202206281515,,0.0
202206281530,,0.0
202206281545,,0.0
202206281600,70.0,0.4
202206281615,70.0,0.4
202206281630,,0.0
202206281645,,0.0
202206281700,,0.0
202206281715,,0.0
202206281745,,0.0
202206281800,,0.0
202206281815,,0.0
202206281830,132.0,0.4
202206281845,113.0,0.4
202206281901,,0.0
202206281915,,0.0
202206281930,182.0,0.4
202206281945,169.0,0.4
202206282000,,0.0
202206282015,,0.0
202206282031,261.0,0.4
202206282101,,0.0
202206282116,,0.0
202206282130,,0.0
202206282145,95.0,0.4
202206282200,,0.0
202206282215,,0.0
202206282230,,0.0
202206282245,,0.0
202206282300,,0.0
202206282315,,0.0
202206282330,,0.0
202206282345,,0.0
202206290000,,0.0
202206290015,,0.0
202206290030,,0.0
202206290045,330.0,0.4
202206290100,277.0,0.4
202206290115,,0.0
202206290130,69.0,0.4
202206290145,,0.0
202206290200,,0.0
202206290215,69.0,0.4
202206290230,105.0,0.4
202206290245,,0.0
202206290300,,0.0
202206290315,,0.0
202206290330,,0.0
202206290400,,0.0
202206290415,,0.0
202206290430,,0.0
202206290445,,0.0
202206290500,,0.0
202206290515,,0.0
202206290530,,0.0
202206290545,,0.0
202206290600,,0.0
202206290630,,0.0
202206290645,,0.0
202206290700,,0.0
202206290715,,0.0
202206290800,,0.0
202206290815,,0.0
202206290830,,0.0
202206290845,,0.0
202206290900,,0.0
202206290915,,0.0
202206290930,,0.0
202206290946,,0.0
202206291000,,0.0
202206291015,,0.0
202206291030,,0.0
202206291046,,0.0
202206291100,,0.0
202206291115,,0.0
202206291130,,0.0
202206291145,,0.0
202206291200,,0.0
202206291215,,0.0
202206291230,,0.0
202206291245,,0.0
202206291300,,0.0
202206291315,,0.0
202206291330,,0.0
202206291345,,0.0
202206291400,,0.0
202206291415,69.0,0.4
202206291430,,0.0
202206291445,,0.0
202206291501,55.0,0.4
202206291516,94.0,0.4
202206291530,,0.0
202206291545,,0.0
202206291600,68.0,0.9
202206291615,82.0,0.4
202206291630,154.0,0.4
202206291645,171.0,0.4
202206291700,83.0,0.4
202206291730,105.0,0.4
202206291745,,0.0
202206291800,59.0,0.4
202206291815,,0.0
202206291830,98.0,0.4
202206291845,,0.0
202206291900,130.0,0.4
202206291915,107.0,0.4
202206291930,,0.0
202206291945,,0.0
202206292000,,0.0
202206292030,86.0,0.4
202206292045,,0.0
202206292100,96.0,0.9
202206292115,,0.0
202206292130,81.0,0.4
202206292145,151.0,0.4
202206292200,,0.0
202206292215,,0.0
202206292230,,0.0
202206292245,,0.0
202206292330,,0.0
202206292345,,0.0
202206300000,,0.0
202206300015,,0.0
202206300030,176.0,0.4
202206300045,,0.0
202206300100,,0.0
202206300115,,0.0
202206300145,,0.0
202206300200,,0.0
202206300216,,0.0
202206300230,,0.0
202206300246,,0.0
202206300301,,0.0
202206300315,,0.0
202206300331,,0.0
202206300345,,0.0
202206300400,,0.0
202206300415,,0.0
202206300430,,0.0
202206300445,,0.0
202206300500,,0.0
202206300515,,0.0
202206300530,,0.0
202206300545,,0.0
202206300600,,0.0
202206300615,,0.0
202206300630,,0.0
202206300645,,0.0
202206300700,,0.0
202206300715,,0.0
202206300730,,0.0
202206300745,,0.0
202206300800,,0.0
202206300815,,0.0
202206300830,,0.0
202206300845,,0.0
202206300900,,0.0
202206300915,,0.0
202206300930,88.0,0.4
202206300945,,0.0
202206301000,,0.0
202206301015,,0.0
202206301030,,0.0
202206301045,,0.0
202206301100,,0.0
202206301115,,0.0
202206301130,,0.0
202206301145,,0.0
202206301200,,0.0
202206301215,,0.0
202206301230,,0.0
202206301246,,0.0
202206301300,,0.0
202206301315,,0.0
202206301330,70.0,0.4
202206301345,,0.0
202206301400,,0.0
202206301415,,0.0
202206301430,,0.0
202206301445,,0.0
202206301500,,0.0
202206301515,,0.0
202206301530,,0.0
202206301545,,0.0
202206301600,,0.0
202206301615,,0.0
202206301630,,0.0
202206301645,,0.0
202206301700,221.0,0.9
202206301715,67.0,0.4
202206301731,,0.0
202206301745,,0.0
202206301800,,0.0
202206301815,,0.0
202206301830,,0.0
202206301845,,0.0
202206301900,53.0,0.4
202206301915,65.0,0.4
202206301930,95.0,0.9
202206301946,127.0,0.4
202206302000,175.0,0.4
202206302015,89.0,0.4
202206302030,,0.0
202206302045,68.0,0.4
202206302100,,0.0
202206302115,69.0,0.4
202206302130,,0.0
202206302145,,0.0
202206302200,,0.0
202206302215,,0.0
202206302230,,0.0
202206302245,,0.0
202206302300,,0.0
202206302315,,0.0
202206302345,,0.0
202207010000,,0.0
202207010015,,0.0
202207010030,,0.0
202207010046,,0.0
202207010100,,0.0
202207010115,,0.0
202207010131,,0.0
202207010146,,0.0
202207010200,,0.0
202207010215,,0.0
202207010230,,0.0
202207010245,,0.0
202207010300,,0.0
202207010315,,0.0
202207010331,,0.0
202207010346,,0.0
202207010400,,0.0
202207010416,,0.0
202207010431,,0.0
202207010446,,0.0
202207010500,,0.0
202207010515,,0.0
202207010530,,0.0
202207010545,,0.0
202207010600,,0.0
202207010615,,0.0
202207010630,,0.0
202207010645,,0.0
202207010700,,0.0
202207010715,,0.0
202207010730,,0.0
202207010745,,0.0
202207010800,,0.0
202207010815,,0.0
202207010830,,0.0
202207010845,,0.0
202207010900,,0.0
202207010915,,0.0
202207010931,,0.0
202207010945,,0.0
202207011000,,0.0
202207011015,,0.0
202207011030,,0.0
202207011045,,0.0
202207011115,,0.0
202207011145,,0.0
202207011200,,0.0
202207011215,,0.0
202207011230,,0.0
202207011245,,0.0
202207011300,,0.0
202207011316,84.0,0.9
202207011330,,0.0
202207011345,,0.0
202207011400,103.0,0.4
202207011415,84.0,0.4
202207011430,,0.0
202207011445,,0.0
202207011500,,0.0
202207011515,,0.0
202207011530,,0.0
202207011545,73.0,0.4
202207011600,,0.0
202207011615,101.0,0.4
202207011630,,0.0
202207011645,171.0,0.4
202207011700,,0.0
202207011715,189.0,0.4
202207011730,86.0,0.4
202207011745,223.0,0.4
202207011800,131.0,0.4
202207011816,142.0,0.4
202207011831,289.0,0.4
202207011846,,0.0
202207011900,,0.0
202207011915,206.0,0.4
202207011930,,0.0
202207011945,,0.0
202207012000,75.0,0.4
202207012015,82.0,0.4
202207012030,,0.0
202207012045,,0.0
202207012100,,0.0
202207012116,,0.0
202207012130,,0.0
202207012200,,0.0
202207012215,,0.0
202207012230,,0.0
202207012245,,0.0
202207012300,,0.0
202207012315,,0.0
202207012330,,0.0
202207012345,,0.0
202207020000,,0.0
202207020015,,0.0
202207020030,,0.0
202207020045,,0.0
202207020100,,0.0
202207020115,,0.0
202207020130,,0.0
202207020200,,0.0
202207020215,,0.0
202207020230,71.0,0.4
202207020245,121.0,0.4
202207020300,,0.0
202207020315,,0.0
202207020330,,0.0
202207020346,,0.0
202207020400,,0.0
202207020415,,0.0
202207020430,,0.0
202207020445,,0.0
202207020500,,0.0
202207020516,,0.0
202207020530,,0.0
202207020545,,0.0
202207020600,,0.0
202207020615,,0.0
202207020630,,0.0
202207020645,,0.0
202207020701,,0.0
202207020715,,0.0
202207020730,,0.0
202207020745,,0.0
202207020800,,0.0
202207020815,,0.0
202207020830,,0.0
202207020845,,0.0
202207020900,,0.0
202207020915,,0.0
202207020930,,0.0
202207020945,,0.0
202207021000,,0.0
202207021030,,0.0
202207021045,,0.0
202207021100,,0.0
202207021115,,0.0
202207021130,,0.0
202207021145,,0.0
202207021200,259.0,0.4
202207021215,,0.0
202207021230,,0.0
202207021245,,0.0
202207021300,,0.0
202207021315,,0.0
202207021330,,0.0
202207021345,,0.0
202207021400,,0.0
202207021415,,0.0
202207021431,,0.0
202207021445,304.0,0.4
202207021500,,0.0
202207021515,183.0,0.9
202207021530,,0.0
202207021545,,0.0
202207021600,192.0,0.4
202207021615,,0.0
202207021630,183.0,0.4
202207021645,158.0,0.4
202207021700,115.0,0.4
202207021715,209.0,0.4
202207021730,174.0,0.4
202207021745,,0.0
202207021800,161.0,0.4
202207021815,,0.0
202207021830,156.0,0.4
202207021845,69.0,0.4
202207021901,107.0,0.4
202207021915,,0.0
202207021930,171.0,0.4
202207021946,,0.0
202207022001,89.0,0.4
202207022016,32.0,0.4
202207022030,,0.0
202207022045,,0.0
202207022100,160.0,0.4
202207022115,316.0,0.4
202207022130,302.0,0.4
202207022145,,0.0
202207022200,,0.0
202207022215,,0.0
202207022230,,0.0
202207022245,,0.0
202207022300,,0.0
202207022315,,0.0
202207022330,,0.0
202207022345,,0.0
202207030000,,0.0
202207030015,,0.0
202207030030,,0.0
202207030045,,0.0
202207030100,231.0,0.9
202207030115,,0.0
202207030130,,0.0
202207030145,109.0,0.4
202207030200,161.0,0.4
202207030215,,0.0
202207030230,,0.0
202207030245,,0.0
202207030300,,0.0
202207030315,192.0,0.4
202207030330,,0.0
202207030345,,0.0
202207030400,,0.0
202207030415,,0.0
202207030430,,0.0
202207030445,,0.0
202207030500,,0.0
202207030515,,0.0
202207030530,,0.0
202207030545,,0.0
202207030600,,0.0
202207030615,,0.0
202207030630,,0.0
202207030645,,0.0
202207030715,,0.0
202207030730,,0.0
202207030745,,0.0
202207030801,,0.0
202207030815,186.0,0.4
202207030830,,0.0
202207030845,,0.0
202207030916,,0.0
202207030931,,0.0
202207030945,,0.0
202207031000,,0.0
202207031015,,0.0
202207031030,,0.0
202207031045,,0.0
202207031100,,0.0
202207031115,,0.0
202207031130,,0.0
202207031145,,0.0
202207031200,,0.0
202207031215,,0.0
202207031230,,0.0
202207031245,,0.0
202207031300,152.0,0.4
202207031315,,0.0
202207031330,,0.0
202207031345,,0.0
202207031400,,0.0
202207031415,278.0,0.4
202207031430,,0.0
202207031445,,0.0
202207031500,94.0,0.4
202207031516,,0.0
202207031531,293.0,0.4
202207031545,,0.0
202207031601,157.0,0.4
202207031615,271.0,0.4
202207031630,,0.0
202207031645,,0.0
202207031700,174.0,0.4
202207031715,24.0,0.4
202207031745,,0.0
202207031800,,0.0
202207031815,114.0,0.4
202207031830,,0.0
202207031900,,0.0
202207031915,,0.0
202207031930,286.0,0.4
202207031945,,0.0
202207032000,194.0,0.4
202207032015,,0.0
202207032030,246.0,0.4
202207032100,297.0,0.4
202207032115,,0.0
202207032130,,0.0
202207032145,190.0,0.4
202207032200,,0.0
202207032215,,0.0
202207032231,,0.0
202207032245,220.0,0.9
202207032300,242.0,1.3
202207032315,166.0,0.4
202207032330,277.0,0.4
202207032346,,0.0
202207040015,,0.0
202207040030,,0.0
202207040045,,0.0
202207040101,,0.0
202207040115,,0.0
202207040131,,0.0
202207040145,,0.0
202207040200,,0.0
202207040216,,0.0
202207040231,,0.0
202207040246,,0.0
202207040301,,0.0
202207040316,,0.0
202207040330,349.0,0.4
202207040345,,0.0
202207040346,,0.0
202207040400,,0.0
202207040415,,0.0
202207040430,,0.0
202207040445,,0.0
202207040500,,0.0
202207040515,,0.0
202207040530,,0.0
202207040545,,0.0
202207040600,,0.0
202207040615,,0.0
202207040630,,0.0
202207040645,,0.0
202207040700,,0.0
202207040715,,0.0
202207040730,,0.0
202207040745,,0.0
202207040800,,0.0
202207040815,,0.0
202207040900,,0.0
202207040915,,0.0
202207040930,,0.0
202207040945,,0.0
202207041000,,0.0
202207041015,,0.0
202207041030,,0.0
202207041045,,0.0
202207041100,,0.0
202207041115,,0.0
202207041130,,0.0
202207041145,,0.0
202207041200,,0.0
202207041215,,0.0
202207041230,,0.0
202207041245,,0.0
202207041300,,0.0
202207041316,,0.0
202207041345,,0.0
202207041400,,0.0
202207041415,,0.0
202207041430,,0.0
202207041445,,0.0
202207041500,144.0,0.4
202207041515,59.0,0.4
202207041530,,0.0
202207041545,,0.0
202207041600,,0.0
202207041615,88.0,1.3
202207041630,77.0,0.4
202207041645,82.0,0.4
202207041700,73.0,0.9
202207041715,,0.0
202207041730,88.0,0.4
202207041745,,0.0
202207041801,82.0,1.3
202207041831,54.0,0.4
202207041845,188.0,0.9
202207041900,9.0,0.4
202207041916,71.0,0.9
202207041930,,0.0
202207041945,,0.0
202207042000,,0.0
202207042015,61.0,0.4
202207042030,,0.0
202207042045,,0.0
202207042100,,0.0
202207042115,232.0,0.4
202207042130,,0.0
202207042145,,0.0
202207042200,,0.0
202207042215,,0.0
202207042230,,0.0
202207042245,,0.0
202207042300,,0.0
202207042315,,0.0
202207042330,,0.0
202207042345,,0.0
202207050000,,0.0
202207050015,,0.0
202207050030,260.0,0.4
202207050045,176.0,1.8
202207050100,172.0,0.4
202207050115,,0.0
202207050130,,0.0
202207050145,,0.0
202207050215,,0.0
202207050245,,0.0
202207050300,,0.0
202207050315,,0.0
202207050330,,0.0
202207050345,,0.0
202207050400,,0.0
202207050415,,0.0
202207050430,,0.0
202207050500,,0.0
202207050515,,0.0
202207050530,,0.0
202207050600,,0.0
202207050615,,0.0
202207050630,,0.0
202207050645,,0.0
202207050700,,0.0
202207050716,,0.0
202207050731,,0.0
202207050746,,0.0
202207050800,,0.0
202207050815,,0.0
202207050830,,0.0
202207050845,,0.0
202207050900,,0.0
202207050915,,0.0
202207050930,,0.0
202207050945,,0.0
202207051015,,0.0
202207051030,,0.0
202207051045,,0.0
202207051100,,0.0
202207051115,,0.0
202207051130,,0.0
202207051145,,0.0
202207051200,,0.0
202207051231,210.0,0.4
202207051245,,0.0
202207051300,,0.0
202207051315,,0.0
202207051330,73.0,0.4
202207051345,,0.0
202207051400,84.0,0.4
202207051415,,0.0
202207051430,,0.0
202207051445,,0.0
202207051515,,0.0
202207051530,,0.0
202207051545,144.0,0.4
202207051600,144.0,0.4
202207051615,111.0,0.4
202207051630,,0.0
202207051645,,0.0
202207051700,,0.0
202207051715,259.0,0.4
202207051730,,0.0
202207051745,133.0,0.4
202207051800,209.0,0.4
202207051815,119.0,0.4
202207051831,91.0,0.4
202207051845,81.0,0.4
202207051901,,0.0
202207051915,80.0,0.4
202207051930,,0.0
202207052000,156.0,0.4
202207052015,195.0,0.4
202207052030,86.0,0.4
202207052045,132.0,0.4
202207052100,95.0,0.4
202207052115,,0.0
202207052130,,0.0
202207052145,,0.0
202207052200,,0.0
202207052215,,0.0
202207052231,,0.0
202207052245,,0.0
202207052300,,0.0
202207052315,,0.0
202207052330,162.0,0.9
202207052345,65.0,0.4
202207060000,,0.0
202207060015,,0.0
202207060030,126.0,0.4
202207060045,,0.0
202207060100,,0.0
202207060130,,0.0
202207060145,,0.0
202207060200,,0.0
202207060215,,0.0
202207060230,,0.0
202207060245,,0.0
202207060300,,0.0
202207060315,,0.0
202207060330,,0.0
202207060345,,0.0
202207060400,,0.0
202207060415,,0.0
202207060430,,0.0
202207060445,,0.0
202207060500,,0.0
202207060515,,0.0
202207060530,,0.0
202207060545,,0.0
202207060600,,0.0
202207060615,,0.0
202207060631,,0.0
202207060645,,0.0
202207060700,,0.0
202207060715,,0.0
202207060730,,0.0
202207060746,,0.0
202207060800,,0.0
202207060815,,0.0
202207060830,,0.0
202207060846,,0.0
202207060900,,0.0
202207060916,,0.0
202207060930,,0.0
202207060945,,0.0
202207061015,,0.0
202207061030,,0.0
202207061045,,0.0
202207061100,,0.0
202207061115,,0.0
202207061130,,0.0
202207061200,,0.0
202207061215,,0.0
202207061230,,0.0
202207061245,,0.0
202207061300,,0.0
202207061315,,0.0
202207061331,,0.0
202207061400,153.0,0.4
202207061415,,0.0
202207061445,188.0,0.4
202207061500,,0.0
202207061515,,0.0
202207061530,,0.0
202207061545,213.0,0.9
202207061600,150.0,0.4
202207061615,166.0,0.4
202207061630,,0.0
202207061645,,0.0
202207061700,123.0,0.4
202207061715,198.0,0.4
202207061730,111.0,0.4
202207061800,281.0,0.9
202207061815,,0.0
202207061830,,0.0
202207061845,153.0,0.4
202207061900,167.0,0.4
202207061916,167.0,0.4
202207061930,123.0,0.4
202207062001,238.0,0.4
202207062015,134.0,0.4
202207062016,132.0,0.9
202207062030,132.0,0.4
202207062045,,0.0
202207062100,,0.0
202207062115,,0.0
202207062130,247.0,0.4
202207062200,,0.0
202207062230,96.0,0.4
202207062245,165.0,0.4
202207062300,300.0,0.4
202207062315,,0.0
202207062330,313.0,0.4
202207062345,330.0,0.4
202207070000,,0.0
202207070030,,0.0
202207070045,,0.0
202207070100,,0.0
202207070130,,0.0
202207070145,,0.0
202207070200,,0.0
202207070230,,0.0
202207070245,,0.0
202207070300,,0.0
202207070315,,0.0
202207070330,,0.0
202207070345,,0.0
202207070400,,0.0
202207070415,,0.0
202207070430,,0.0
202207070445,,0.0
202207070500,,0.0
202207070515,,0.0
202207070530,,0.0
202207070545,,0.0
202207070600,,0.0
202207070615,,0.0
202207070630,,0.0
202207070645,,0.0
202207070700,,0.0
202207070715,,0.0
202207070730,,0.0
202207070746,,0.0
202207070800,,0.0
202207070815,,0.0
202207070831,,0.0
202207070845,,0.0
202207070900,,0.0
202207070916,,0.0
202207070931,,0.0
202207070945,,0.0
202207071000,,0.0
202207071015,,0.0
202207071030,,0.0
202207071045,,0.0
202207071100,,0.0
202207071115,,0.0
202207071130,,0.0
202207071200,,0.0
202207071215,,0.0
202207071230,,0.0
202207071245,,0.0
202207071300,,0.0
202207071315,,0.0
202207071330,,0.0
202207071346,,0.0
202207071415,286.0,0.4
202207071445,,0.0
202207071500,,0.0
202207071515,,0.0
202207071530,84.0,0.4
202207071545,180.0,0.4
202207071615,,0.0
202207071630,154.0,0.4
202207071645,,0.0
202207071700,,0.0
202207071715,89.0,0.9
202207071730,252.0,0.4
202207071745,327.0,0.4
202207071800,132.0,0.4
202207071815,178.0,0.4
202207071830,325.0,0.4
202207071845,210.0,0.4
202207071900,86.0,0.4
202207071915,300.0,0.4
202207071930,82.0,0.4
202207071945,90.0,0.4
202207072000,,0.0
202207072015,,0.0
202207072030,,0.0
202207072045,219.0,0.4
202207072100,,0.0
202207072115,,0.0
202207072130,,0.0
202207072145,,0.0
202207072200,,0.0
202207072215,,0.0
202207072230,,0.0
202207072245,,0.0
202207072300,,0.0
202207072330,180.0,0.4
202207072345,,0.0
202207080000,,0.0
202207080015,,0.0
202207080030,,0.0
202207080045,,0.0
202207080100,,0.0
202207080115,,0.0
202207080145,,0.0
202207080200,,0.0
202207080215,,0.0
202207080230,,0.0
202207080245,144.0,0.4
202207080300,,0.0
202207080315,,0.0
202207080330,,0.0
202207080345,,0.0
202207080400,,0.0
202207080415,,0.0
202207080430,,0.0
202207080445,,0.0
202207080500,,0.0
202207080515,,0.0
202207080530,,0.0
202207080545,,0.0
202207080600,,0.0
202207080615,,0.0
202207080630,,0.0
202207080645,,0.0
202207080700,,0.0
202207080715,,0.0
202207080730,,0.0
202207080745,,0.0
202207080800,,0.0
202207080816,,0.0
202207080830,,0.0
202207080900,,0.0
202207080916,,0.0
202207080931,,0.0
202207080945,,0.0
202207081000,,0.0
202207081015,,0.0
202207081030,,0.0
202207081045,,0.0
202207081100,,0.0
202207081115,,0.0
202207081130,,0.0
202207081145,,0.0
202207081200,,0.0
202207081215,,0.0
202207081230,,0.0
202207081245,,0.0
202207081300,,0.0
202207081315,,0.0
202207081330,,0.0
202207081345,,0.0
202207081415,,0.0
202207081431,,0.0
202207081445,163.0,0.9
202207081500,,0.0
202207081530,,0.0
202207081545,,0.0
202207081600,,0.0
202207081615,,0.0
202207081645,186.0,0.9
202207081700,164.0,0.4
202207081715,,0.0
202207081730,190.0,0.4
202207081745,69.0,0.4
202207081800,167.0,0.4
202207081815,,0.0
202207081830,145.0,0.4
202207081845,84.0,0.4
202207081901,168.0,0.4
202207081915,277.0,0.4
202207081930,300.0,0.4
202207081945,,0.0
202207082000,,0.0
202207082015,142.0,0.4
202207082030,255.0,0.4
202207082045,,0.0
202207082101,348.0,0.4
202207082116,181.0,0.9
202207082131,250.0,0.4
202207082145,,0.0
202207082200,166.0,0.4
202207082215,,0.0
202207082230,,0.0
202207082245,,0.0
202207082300,176.0,0.4
202207082315,,0.0
202207082331,,0.0
202207082345,,0.0
202207090000,,0.0
202207090030,,0.0
202207090045,,0.0
202207090100,,0.0
202207090115,,0.0
202207090130,208.0,0.4
202207090145,138.0,0.9
202207090200,,0.0
202207090215,,0.0
202207090230,,0.0
202207090245,,0.0
202207090300,,0.0
202207090315,,0.0
202207090345,,0.0
202207090400,,0.0
202207090415,,0.0
202207090430,,0.0
202207090445,,0.0
202207090500,,0.0
202207090515,,0.0
202207090530,,0.0
202207090545,,0.0
202207090600,,0.0
202207090615,,0.0
202207090630,,0.0
202207090645,,0.0
202207090700,,0.0
202207090715,,0.0
202207090745,223.0,0.4
202207090800,,0.0
202207090815,,0.0
202207090830,,0.0
202207090845,,0.0
202207090900,,0.0
202207090915,,0.0
202207090930,,0.0
202207090945,,0.0
202207091000,,0.0
202207091030,,0.0
202207091100,,0.0
202207091115,,0.0
202207091131,,0.0
202207091145,,0.0
202207091200,,0.0
202207091216,292.0,0.4
202207091230,,0.0
202207091245,,0.0
202207091300,,0.0
202207091315,,0.0
202207091330,,0.0
202207091400,,0.0
202207091415,,0.0
202207091430,172.0,0.4
202207091445,147.0,0.4
202207091515,158.0,0.4
202207091530,268.0,0.4
202207091545,,0.0
202207091600,227.0,0.4
202207091615,144.0,0.4
202207091630,167.0,0.9
202207091645,183.0,0.4
202207091701,315.0,0.4
202207091715,316.0,0.9
202207091730,194.0,0.4
202207091745,,0.0
202207091800,90.0,0.4
202207091815,146.0,0.4
202207091831,337.0,0.4
202207091845,263.0,0.4
202207091900,279.0,0.4
202207091915,201.0,0.4
202207091930,170.0,0.4
202207092000,135.0,0.4
202207092015,,0.0
202207092030,154.0,0.9
202207092045,302.0,0.9
202207092100,26.0,0.4
202207092115,229.0,0.4
202207092130,292.0,0.9
202207092145,196.0,0.9
202207092200,218.0,0.9
202207092215,26.0,0.4
202207092245,24.0,2.7
202207092300,262.0,0.4
202207092315,131.0,0.4
202207092330,244.0,2.2
202207092346,5.0,1.8
202207100015,67.0,0.9
202207100030,72.0,0.4
202207100045,190.0,0.4
202207100100,,0.0
202207100115,62.0,0.4
202207100130,,0.0
202207100145,,0.0
202207100200,,0.0
202207100215,,0.0
202207100230,,0.0
202207100245,166.0,0.4
202207100300,178.0,0.4
202207100315,188.0,0.4
202207100330,273.0,0.4
202207100345,,0.0
202207100400,90.0,0.4
202207100415,89.0,0.4
202207100430,130.0,0.4
202207100500,,0.0
202207100515,,0.0
202207100530,,0.0
202207100545,,0.0
202207100600,,0.0
202207100615,,0.0
202207100630,,0.0
202207100645,,0.0
202207100700,45.0,0.4
202207100715,,0.0
202207100730,,0.0
202207100745,,0.0
202207100800,,0.0
202207100815,,0.0
202207100830,,0.0
202207100845,,0.0
202207100901,,0.0
202207100916,,0.0
202207100930,,0.0
202207100946,,0.0
202207101000,,0.0
202207101015,,0.0
202207101045,,0.0
202207101100,,0.0
202207101115,,0.0
202207101130,,0.0
202207101145,,0.0
202207101200,,0.0
202207101215,,0.0
202207101231,,0.0
202207101245,,0.0
202207101300,,0.0
202207101316,,0.0
202207101330,,0.0
202207101345,,0.0
202207101400,,0.0
202207101415,,0.0
202207101430,,0.0
202207101515,,0.0
202207101530,,0.0
202207101545,,0.0
202207101600,,0.0
202207101615,,0.0
202207101630,,0.0
202207101645,,0.0
202207101701,,0.0
202207101715,,0.0
202207101730,,0.0
202207101746,,0.0
202207101800,,0.0
202207101815,,0.0
202207101830,243.0,0.9
202207101846,,0.0
202207101900,97.0,0.9
202207101915,,0.0
202207101930,,0.0
202207101945,,0.0
202207102000,,0.0
202207102015,,0.0
202207102030,,0.0
202207102045,,0.0
202207102100,,0.0
202207102115,,0.0
202207102130,,0.0
202207102145,,0.0
202207102200,,0.0
202207102215,,0.0
202207102230,,0.0
202207102245,,0.0
202207102300,,0.0
202207102315,,0.0
202207102330,,0.0
202207110000,,0.0
202207110015,,0.0
202207110030,,0.0
202207110045,,0.0
202207110100,,0.0
202207110115,,0.0
202207110130,,0.0
202207110145,,0.0
202207110200,,0.0
202207110215,,0.0
202207110230,,0.0
202207110300,,0.0
202207110315,,0.0
202207110330,,0.0
202207110345,,0.0
202207110400,,0.0
202207110415,,0.0
202207110430,,0.0
202207110445,,0.0
202207110500,,0.0
202207110515,,0.0
202207110530,,0.0
202207110546,,0.0
202207110601,,0.0
202207110615,,0.0
202207110631,,0.0
202207110645,,0.0
202207110701,,0.0
202207110716,,0.0
202207110731,,0.0
202207110745,,0.0
202207110800,,0.0
202207110815,,0.0
202207110830,,0.0
202207110845,,0.0
202207110900,,0.0
202207110915,,0.0
202207110931,,0.0
202207110945,,0.0
202207111000,,0.0
202207111015,,0.0
202207111030,,0.0
202207111045,,0.0
202207111100,,0.0
202207111115,,0.0
202207111130,,0.0
202207111145,,0.0
202207111200,,0.0
202207111215,,0.0
202207111230,,0.0
202207111245,85.0,0.4
202207111300,,0.0
202207111315,,0.0
202207111330,,0.0
202207111345,,0.0
202207111400,,0.0
202207111415,,0.0
202207111430,,0.0
202207111445,,0.0
202207111500,,0.0
202207111515,,0.0
202207111545,,0.0
202207111600,110.0,0.9
202207111615,57.0,0.9
202207111630,76.0,0.4
202207111645,115.0,0.4
202207111700,,0.0
202207111715,98.0,0.4
202207111730,,0.0
202207111745,,0.0
202207111800,86.0,0.4
202207111815,113.0,0.4
202207111830,,0.0
202207111845,351.0,0.4
202207111900,81.0,0.4
202207111915,,0.0
202207111930,,0.0
202207111945,,0.0
202207112000,136.0,0.4
202207112015,139.0,0.4
202207112030,,0.0
202207112045,88.0,0.4
202207112100,,0.0
202207112115,96.0,0.4
202207112130,63.0,0.9
202207112145,,0.0
202207112200,147.0,0.4
202207112216,,0.0
202207112230,71.0,0.4
202207112245,82.0,0.4
202207112301,59.0,0.4
202207112315,,0.0
202207112331,86.0,0.9
202207112346,,0.0
202207120001,,0.0
202207120016,,0.0
202207120030,,0.0
202207120045,,0.0
202207120100,,0.0
202207120115,,0.0
202207120130,,0.0
202207120145,78.0,0.4
202207120200,,0.0
202207120215,140.0,0.4
202207120230,,0.0
202207120245,,0.0
202207120300,,0.0
202207120315,,0.0
202207120345,,0.0
202207120400,,0.0
202207120415,,0.0
202207120430,,0.0
202207120445,,0.0
202207120500,,0.0
202207120515,,0.0
202207120530,,0.0
202207120600,,0.0
202207120615,,0.0
202207120630,,0.0
202207120645,,0.0
202207120700,,0.0
202207120715,,0.0
202207120730,,0.0
202207120745,,0.0
202207120800,,0.0
202207120815,,0.0
202207120830,,0.0
202207120845,,0.0
202207120900,,0.0
202207120915,,0.0
202207120930,,0.0
202207120945,,0.0
202207121000,,0.0
202207121015,,0.0
202207121030,,0.0
202207121046,,0.0
202207121101,,0.0
202207121115,,0.0
202207121130,,0.0
202207121145,,0.0
202207121215,,0.0
202207121231,124.0,0.4
202207121245,,0.0
202207121300,,0.0
202207121315,,0.0
202207121330,,0.0
202207121345,,0.0
202207121400,,0.0
202207121415,97.0,0.4
202207121430,,0.0
202207121445,,0.0
202207121500,,0.0
202207121515,,0.0
202207121530,,0.0
202207121600,,0.0
202207121615,,0.0
202207121630,,0.0
202207121645,,0.0
202207121700,,0.0
202207121715,,0.0
202207121730,,0.0
202207121800,,0.0
202207121815,,0.0
202207121830,150.0,0.4
202207121845,81.0,0.4
202207121901,,0.0
202207121915,74.0,0.4
202207121931,,0.0
202207121946,,0.0
202207122001,98.0,0.4
202207122030,112.0,0.4
202207122045,,0.0
202207122100,88.0,0.4
202207122115,,0.0
202207122130,76.0,0.4
202207122145,213.0,0.4
202207122200,,0.0
202207122215,,0.0
202207122230,,0.0
202207122245,,0.0
202207122301,,0.0
202207122315,,0.0
202207122330,,0.0
202207122345,,0.0
202207130000,,0.0
202207130015,,0.0
202207130030,,0.0
202207130045,,0.0
202207130100,,0.0
202207130115,,0.0
202207130130,,0.0
202207130145,,0.0
202207130200,,0.0
202207130215,,0.0
202207130230,,0.0
202207130245,,0.0
202207130300,,0.0
202207130315,,0.0
202207130330,,0.0
202207130345,,0.0
202207130400,,0.0
202207130415,,0.0
202207130430,,0.0
202207130445,,0.0
202207130500,,0.0
202207130515,,0.0
202207130530,,0.0
202207130545,,0.0
202207130600,,0.0
202207130615,,0.0
202207130630,,0.0
202207130645,,0.0
202207130700,,0.0
202207130715,,0.0
202207130730,,0.0
202207130745,,0.0
202207130800,,0.0
202207130816,,0.0
202207130831,,0.0
202207130845,,0.0
202207130900,,0.0
202207130915,,0.0
202207130930,279.0,0.4
202207130945,,0.0
202207131000,,0.0
202207131016,,0.0
202207131030,,0.0
202207131045,,0.0
202207131100,,0.0
202207131115,,0.0
202207131130,,0.0
202207131145,,0.0
202207131200,,0.0
202207131215,,0.0
202207131230,291.0,0.4
202207131245,,0.0
202207131300,,0.0
202207131315,,0.0
202207131330,151.0,0.4
202207131345,,0.0
202207131400,,0.0
202207131415,,0.0
202207131445,,0.0
202207131500,,0.0
202207131515,,0.0
202207131531,,0.0
202207131546,,0.0
202207131600,150.0,0.4
202207131615,,0.0
202207131630,,0.0
202207131645,,0.0
202207131700,,0.0
202207131715,,0.0
202207131730,,0.0
202207131745,,0.0
202207131800,161.0,0.4
202207131830,85.0,0.4
202207131845,278.0,0.4
202207131900,,0.0
202207131915,170.0,0.4
202207132000,245.0,0.4
202207132015,63.0,1.3
202207132030,,0.0
202207132045,,0.0
202207132100,,0.0
202207132115,,0.0
202207132130,,0.0
202207132145,,0.0
202207132200,71.0,0.9
202207132215,140.0,0.4
202207132230,,0.0
202207132245,,0.0
202207132300,,0.0
202207132315,,0.0
202207132330,,0.0
202207132345,,0.0
202207140001,,0.0
202207140015,,0.0
202207140030,,0.0
202207140045,,0.0
202207140100,,0.0
202207140115,,0.0
202207140130,,0.0
202207140145,,0.0
202207140200,,0.0
202207140215,,0.0
202207140230,,0.0
202207140245,,0.0
202207140300,,0.0
202207140315,,0.0
202207140330,,0.0
202207140345,,0.0
202207140400,,0.0
202207140430,,0.0
202207140445,,0.0
202207140501,,0.0
202207140515,,0.0
202207140530,,0.0
202207140545,,0.0
202207140600,,0.0
202207140630,,0.0
202207140645,,0.0
202207140715,,0.0
202207140730,,0.0
202207140745,,0.0
202207140800,,0.0
202207140815,,0.0
202207140830,,0.0
202207140845,,0.0
202207140900,,0.0
202207140915,,0.0
202207140930,,0.0
202207140945,,0.0
202207141000,,0.0
202207141015,,0.0
202207141030,,0.0
202207141045,,0.0
202207141100,,0.0
202207141115,,0.0
202207141130,,0.0
202207141145,,0.0
202207141200,,0.0
202207141215,,0.0
202207141230,,0.0
202207141245,102.0,0.4
202207141300,,0.0
202207141315,,0.0
202207141330,,0.0
202207141345,,0.0
202207141415,,0.0
202207141430,64.0,0.4
202207141445,202.0,0.4
202207141500,,0.0
202207141515,,0.0
202207141530,148.0,0.4
202207141545,92.0,0.4
202207141601,,0.0
202207141615,111.0,0.4
202207141630,167.0,0.4
202207141645,84.0,0.4
202207141700,209.0,0.4
202207141715,197.0,0.4
202207141730,,0.0
202207141745,,0.0
202207141800,,0.0
202207141815,84.0,0.4
202207141830,,0.0
202207141845,,0.0
202207141900,,0.0
202207141915,,0.0
202207141930,,0.0
202207141945,71.0,0.4
202207142000,107.0,0.4
202207142015,,0.0
202207142030,103.0,0.4
202207142045,,0.0
202207142100,181.0,0.4
202207142115,,0.0
202207142130,,0.0
202207142145,,0.0
202207142200,,0.0
202207142215,,0.0
202207142230,,0.0
202207142245,,0.0
202207142300,,0.0
202207142315,,0.0
202207142330,,0.0
202207142345,,0.0
202207150000,,0.0
202207150015,,0.0
202207150030,,0.0
202207150045,,0.0
202207150100,,0.0
202207150115,,0.0
202207150130,,0.0
202207150145,,0.0
202207150200,,0.0
202207150215,,0.0
202207150230,,0.0
202207150300,,0.0
202207150315,,0.0
202207150330,,0.0
202207150345,,0.0
202207150400,,0.0
202207150415,,0.0
202207150430,,0.0
202207150445,,0.0
202207150515,,0.0
202207150530,,0.0
202207150545,,0.0
202207150600,,0.0
202207150615,,0.0
202207150630,,0.0
202207150645,,0.0
202207150700,,0.0
202207150715,,0.0
202207150730,,0.0
202207150745,,0.0
202207150800,,0.0
202207150815,,0.0
202207150830,,0.0
202207150845,,0.0
202207150900,,0.0
202207150915,,0.0
202207150930,,0.0
202207150945,,0.0
202207151000,,0.0
202207151015,,0.0
202207151030,,0.0
202207151045,,0.0
202207151100,,0.0
202207151116,,0.0
202207151130,,0.0
202207151145,,0.0
202207151200,,0.0
202207151215,,0.0
202207151230,,0.0
202207151245,,0.0
202207151300,103.0,0.4
202207151315,,0.0
202207151330,92.0,0.4
202207151345,82.0,0.4
202207151400,,0.0
202207151415,98.0,0.9
202207151431,,0.0
202207151445,,0.0
202207151446,,0.0
202207151500,,0.0
202207151515,,0.0
202207151530,84.0,0.4
202207151545,165.0,0.4
202207151600,,0.0
202207151615,81.0,0.9
202207151630,,0.0
202207151645,112.0,0.4
202207151700,88.0,0.4
202207151715,118.0,0.4
202207151730,,0.0
202207151745,,0.0
202207151815,63.0,0.4
202207151830,120.0,0.4
202207151845,,0.0
202207151900,,0.0
202207151915,87.0,0.4
202207151930,84.0,0.9
202207151945,176.0,0.4
202207152000,,0.0
202207152015,,0.0
202207152030,,0.0
202207152045,,0.0
202207152115,288.0,0.4
202207152131,,0.0
202207152200,,0.0
202207152215,,0.0
202207152230,84.0,0.4
202207152300,,0.0
202207152315,,0.0
202207152330,,0.0
202207152345,,0.0
202207160000,,0.0
202207160015,,0.0
202207160030,,0.0
202207160045,,0.0
202207160100,,0.0
202207160115,,0.0
202207160130,,0.0
202207160145,,0.0
202207160200,,0.0
202207160215,,0.0
202207160230,,0.0
202207160245,,0.0
202207160300,,0.0
202207160315,,0.0
202207160330,,0.0
202207160345,,0.0
202207160400,,0.0
202207160415,,0.0
202207160445,,0.0
202207160500,,0.0
202207160515,,0.0
202207160530,141.0,0.4
202207160545,,0.0
202207160600,,0.0
202207160615,,0.0
202207160630,,0.0
202207160645,,0.0
202207160700,,0.0
202207160716,,0.0
202207160745,,0.0
202207160800,,0.0
202207160816,,0.0
202207160830,,0.0
202207160845,,0.0
202207160915,,0.0
202207160930,,0.0
202207160945,,0.0
202207161000,,0.0
202207161015,,0.0
202207161030,,0.0
202207161045,,0.0
202207161115,,0.0
202207161130,,0.0
202207161145,,0.0
202207161200,,0.0
202207161215,,0.0
202207161300,,0.0
202207161315,,0.0
202207161400,,0.0
202207161415,,0.0
202207161430,,0.0
202207161445,,0.0
202207161500,,0.0
202207161516,,0.0
202207161530,,0.0
202207161545,178.0,0.4
202207161600,,0.0
202207161615,,0.0
202207161630,,0.0
202207161645,72.0,0.4
202207161700,,0.0
202207161715,165.0,0.4
202207161730,,0.0
202207161745,112.0,0.4
202207161800,,0.0
202207161815,,0.0
202207161830,,0.0
202207161845,,0.0
202207161900,,0.0
202207161915,196.0,0.4
202207161930,,0.0
202207161945,,0.0
202207162000,236.0,0.4
202207162016,,0.0
202207162030,125.0,0.4
202207162045,68.0,0.4
202207162100,,0.0
202207162116,,0.0
202207162130,45.0,0.9
202207162145,,0.0
202207162201,,0.0
202207162215,65.0,0.4
202207162231,152.0,0.4
202207162245,,0.0
202207162300,,0.0
202207162315,,0.0
202207162330,,0.0
202207162345,,0.0
202207170000,,0.0
202207170015,,0.0
202207170030,,0.0
202207170100,,0.0
202207170115,,0.0
202207170130,,0.0
202207170145,,0.0
202207170200,,0.0
202207170215,,0.0
202207170230,,0.0
202207170245,,0.0
202207170300,,0.0
202207170315,,0.0
202207170330,,0.0
202207170345,,0.0
202207170415,,0.0
202207170430,,0.0
202207170445,,0.0
202207170500,,0.0
202207170515,,0.0
202207170530,,0.0
202207170545,,0.0
202207170600,,0.0
202207170615,,0.0
202207170630,,0.0
202207170645,,0.0
202207170715,,0.0
202207170730,,0.0
202207170745,,0.0
202207170800,,0.0
202207170815,,0.0
202207170830,,0.0
202207170845,,0.0
202207170900,,0.0
202207170915,,0.0
202207170930,,0.0
202207170945,,0.0
202207171015,,0.0
202207171046,,0.0
202207171100,,0.0
202207171115,,0.0
202207171130,,0.0
202207171146,,0.0
202207171200,,0.0
202207171215,,0.0
202207171245,,0.0
202207171300,140.0,0.4
202207171315,,0.0
202207171330,,0.0
202207171345,,0.0
202207171400,,0.0
202207171415,,0.0
202207171430,,0.0
202207171445,167.0,0.4
202207171500,256.0,0.4
202207171515,,0.0
202207171530,230.0,0.4
202207171545,166.0,0.4
202207171600,201.0,0.4
202207171616,74.0,0.4
202207171630,153.0,0.4
202207171645,299.0,0.4
202207171700,247.0,0.4
202207171715,209.0,0.9
202207171730,153.0,0.4
202207171745,193.0,0.4
202207171800,163.0,0.4
202207171815,216.0,0.4
202207171830,148.0,0.4
202207171845,,0.0
202207171900,293.0,0.4
202207171915,61.0,0.9
202207171930,154.0,0.9
202207171945,109.0,0.4
202207172000,153.0,0.9
202207172015,,0.0
202207172030,,0.0
202207172045,,0.0
202207172100,,0.0
202207172130,,0.0
202207172146,57.0,0.4
202207172200,,0.0
202207172215,,0.0
202207172230,,0.0
202207172245,,0.0
202207172300,,0.0
202207172330,,0.0
202207172345,,0.0
202207180000,,0.0
202207180015,,0.0
202207180030,,0.0
202207180045,,0.0
202207180100,,0.0
202207180130,,0.0
202207180145,,0.0
202207180215,,0.0
202207180245,,0.0
202207180300,,0.0
202207180315,,0.0
202207180330,,0.0
202207180345,,0.0
202207180400,,0.0
202207180415,,0.0
202207180430,,0.0
202207180445,,0.0
202207180500,,0.0
202207180516,,0.0
202207180530,,0.0
202207180545,,0.0
202207180600,,0.0
202207180615,,0.0
202207180630,,0.0
202207180645,,0.0
202207180700,,0.0
202207180715,,0.0
202207180730,,0.0
202207180745,,0.0
202207180800,,0.0
202207180815,,0.0
202207180830,,0.0
202207180846,,0.0
202207180900,,0.0
202207180915,,0.0
202207180930,,0.0
202207180945,,0.0
202207181000,,0.0
202207181015,,0.0
202207181030,,0.0
202207181045,,0.0
202207181100,,0.0
202207181115,,0.0
202207181130,,0.0
202207181145,,0.0
202207181200,,0.0
202207181215,310.0,0.9
202207181230,,0.0
202207181245,305.0,0.4
202207181300,78.0,0.4
202207181315,,0.0
202207181331,157.0,0.4
202207181345,161.0,0.4
202207181400,215.0,0.9
202207181415,306.0,0.9
202207181430,325.0,0.9
202207181445,232.0,0.9
202207181500,299.0,0.9
202207181515,105.0,0.9
202207181530,297.0,0.9
202207181545,309.0,0.9
202207181600,123.0,1.3
202207181615,133.0,1.3
202207181630,169.0,1.3
202207181645,133.0,0.9
202207181700,122.0,1.8
202207181715,109.0,0.9
202207181730,268.0,1.3
202207181746,156.0,0.4
202207181800,306.0,0.9
202207181815,348.0,0.9
202207181830,315.0,0.9
202207181845,193.0,0.9
202207181900,307.0,0.9
202207181915,289.0,0.9
202207181931,36.0,1.3
202207181946,167.0,0.9
202207182015,,0.0
202207182030,,0.0
202207182045,,0.0
202207182115,,0.0
202207182130,,0.0
202207182145,,0.0
202207182200,,0.0
202207182215,,0.0
202207182230,,0.0
202207182245,,0.0
202207182300,,0.0
202207182330,,0.0
202207182345,,0.0
202207190000,,0.0
202207190015,,0.0
202207190030,,0.0
202207190045,,0.0
202207190100,,0.0
202207190115,,0.0
202207190130,,0.0
202207190145,,0.0
202207190200,,0.0
202207190215,,0.0
202207190230,,0.0
202207190245,,0.0
202207190300,,0.0
202207190345,,0.0
202207190400,,0.0
202207190415,,0.0
202207190431,,0.0
202207190445,,0.0
202207190500,,0.0
202207190530,,0.0
202207190545,,0.0
202207190600,,0.0
202207190615,,0.0
202207190630,345.0,0.4
202207190646,,0.0
202207190700,,0.0
202207190715,,0.0
202207190731,,0.0
202207190800,,0.0
202207190815,,0.0
202207190831,,0.0
202207190845,,0.0
202207190900,,0.0
202207190916,,0.0
202207190930,,0.0
202207190945,,0.0
202207191015,,0.0
202207191030,,0.0
202207191045,,0.0
202207191100,,0.0
202207191115,,0.0
202207191130,,0.0
202207191145,,0.0
202207191202,,0.0
202207191215,,0.0
202207191230,,0.0
202207191245,,0.0
202207191300,290.0,0.4
202207191315,,0.0
202207191330,,0.0
202207191400,267.0,0.4
202207191415,209.0,0.4
202207191430,263.0,0.4
202207191445,,0.0
202207191500,90.0,0.4
202207191515,172.0,0.4
202207191530,139.0,0.4
202207191545,65.0,1.3
202207191600,168.0,1.3
202207191615,,0.0
202207191630,161.0,0.4
202207191700,249.0,0.9
202207191715,224.0,0.9
202207191730,180.0,0.9
202207191745,,0.0
202207191800,253.0,0.9
202207191815,5.0,0.4
202207191830,296.0,0.4
202207191845,295.0,0.9
202207191900,154.0,0.4
202207191915,50.0,0.4
202207191930,309.0,0.9
202207191946,,0.0
202207192000,169.0,0.4
202207192015,338.0,0.9
202207192030,92.0,0.4
202207192046,,0.0
202207192100,192.0,0.4
202207192115,286.0,0.4
202207192130,,0.0
202207192145,126.0,0.4
202207192200,232.0,0.4
202207192215,315.0,0.4
202207192230,,0.0
202207192245,178.0,0.4
202207192300,,0.0
202207192315,,0.0
202207192330,,0.0
202207192345,,0.0
202207200000,,0.0
202207200015,,0.0
202207200030,,0.0
202207200045,,0.0
202207200100,,0.0
202207200115,,0.0
202207200130,,0.0
202207200145,,0.0
202207200200,,0.0
202207200215,,0.0
202207200230,,0.0
202207200245,,0.0
202207200300,,0.0
202207200315,,0.0
202207200330,,0.0
202207200345,,0.0
202207200400,,0.0
202207200415,,0.0
202207200430,,0.0
202207200445,,0.0
202207200500,,0.0
202207200515,,0.0
202207200530,330.0,0.4
202207200545,,0.0
202207200600,,0.0
202207200630,,0.0
202207200645,,0.0
202207200700,,0.0
202207200715,,0.0
202207200730,,0.0
202207200745,,0.0
202207200801,,0.0
202207200815,,0.0
202207200830,,0.0
202207200845,,0.0
202207200900,,0.0
202207200915,,0.0
202207200930,,0.0
202207200945,,0.0
202207201000,,0.0
202207201015,,0.0
202207201030,,0.0
202207201045,,0.0
202207201101,193.0,0.4
202207201115,,0.0
202207201130,198.0,0.4
202207201145,193.0,0.4
202207201200,277.0,0.4
202207201215,199.0,0.4
202207201230,203.0,0.9
202207201245,193.0,0.4
202207201300,287.0,0.4
202207201315,198.0,0.9
202207201330,,0.0
202207201345,,0.0
202207201400,138.0,0.4
202207201415,,0.0
202207201430,157.0,0.4
202207201445,333.0,0.4
202207201500,171.0,0.9
202207201515,335.0,0.4
202207201545,152.0,0.4
202207201600,113.0,0.9
202207201616,259.0,1.3
202207201630,,0.0
202207201645,143.0,0.4
202207201700,312.0,0.9
202207201715,118.0,0.9
202207201730,294.0,0.9
202207201745,159.0,1.3
202207201800,236.0,0.4
202207201815,311.0,0.4
202207201830,180.0,0.9
202207201845,274.0,0.9
202207201900,206.0,0.9
202207201915,308.0,0.9
202207201930,138.0,0.4
202207201945,217.0,0.4
202207202000,115.0,0.9
202207202015,195.0,0.9
202207202030,208.0,0.9
202207202045,219.0,0.4
202207202100,300.0,0.9
202207202115,165.0,0.9
202207202130,123.0,0.4
202207202145,164.0,0.9
202207202200,201.0,0.4
202207202215,,0.0
202207202230,235.0,0.4
202207202245,169.0,0.9
202207202301,265.0,0.9
202207202316,192.0,0.4
202207202331,216.0,0.9
202207202346,,0.0
202207210000,267.0,0.4
202207210015,,0.0
202207210030,,0.0
202207210045,,0.0
202207210100,,0.0
202207210115,,0.0
202207210130,195.0,0.4
202207210145,,0.0
202207210200,,0.0
202207210230,,0.0
202207210245,,0.0
202207210300,,0.0
202207210315,,0.0
202207210330,,0.0
202207210345,,0.0
202207210400,,0.0
202207210415,241.0,0.9
202207210445,,0.0
202207210500,317.0,0.4
202207210515,,0.0
202207210530,214.0,0.4
202207210545,230.0,0.4
202207210600,35.0,0.4
202207210615,,0.0
202207210630,,0.0
202207210645,,0.0
202207210715,,0.0
202207210730,,0.0
202207210745,,0.0
202207210800,,0.0
202207210815,,0.0
202207210830,,0.0
202207210845,,0.0
202207210900,,0.0
202207210915,288.0,0.4
202207210930,,0.0
202207210945,,0.0
202207211001,,0.0
202207211015,193.0,0.4
202207211030,,0.0
202207211045,,0.0
202207211100,,0.0
202207211115,,0.0
202207211130,,0.0
202207211145,177.0,0.4
202207211201,,0.0
202207211216,,0.0
202207211230,203.0,0.4
202207211245,,0.0
202207211300,315.0,0.4
202207211315,223.0,0.9
202207211330,,0.0
202207211345,,0.0
202207211400,320.0,0.4
202207211415,182.0,0.9
202207211430,192.0,0.9
202207211445,342.0,0.4
202207211500,196.0,0.4
202207211515,339.0,0.4
202207211530,,0.0
202207211545,,0.0
202207211600,124.0,0.4
202207211615,311.0,0.9
202207211630,182.0,0.9
202207211645,190.0,0.9
202207211700,134.0,0.9
202207211715,109.0,0.4
202207211730,202.0,0.9
202207211746,,0.0
202207211815,208.0,1.3
202207211830,143.0,0.4
202207211845,256.0,0.9
202207211900,294.0,0.9
202207211915,186.0,0.4
202207211930,112.0,0.4
202207211945,273.0,1.3
202207212000,256.0,0.9
202207212015,249.0,0.4
202207212030,246.0,0.9
202207212045,209.0,0.4
202207212100,17.0,0.4
202207212115,313.0,0.4
202207212130,199.0,0.4
202207212145,153.0,0.4
202207212200,185.0,0.4
202207212216,184.0,0.4
202207212230,164.0,1.3
202207212245,314.0,1.8
202207212300,80.0,0.4
202207212316,304.0,0.9
202207212331,204.0,0.4
202207212346,78.0,0.9
202207220000,186.0,1.3
202207220015,123.0,0.4
202207220030,54.0,0.4
202207220045,,0.0
202207220100,213.0,0.4
202207220115,142.0,0.9
202207220130,306.0,1.3
202207220145,,0.0
202207220200,,0.0
202207220215,,0.0
202207220230,,0.0
202207220245,154.0,0.4
202207220300,,0.0
202207220315,288.0,0.4
202207220330,164.0,0.4
202207220345,129.0,0.4
202207220400,79.0,0.4
202207220416,,0.0
202207220430,,0.0
202207220445,,0.0
202207220500,,0.0
202207220515,,0.0
202207220530,,0.0
202207220545,,0.0
202207220600,,0.0
202207220615,,0.0
202207220645,,0.0
202207220700,,0.0
202207220715,119.0,0.4
202207220730,,0.0
202207220745,,0.0
202207220800,,0.0
202207220830,,0.0
202207220846,,0.0
202207220901,,0.0
202207220916,,0.0
202207220930,,0.0
202207220945,,0.0
202207221000,,0.0
202207221015,,0.0
202207221030,,0.0
202207221045,,0.0
202207221100,,0.0
202207221115,,0.0
202207221130,,0.0
202207221145,,0.0
202207221200,,0.0
202207221215,,0.0
202207221230,,0.0
202207221245,,0.0
202207221300,,0.0
202207221315,,0.0
202207221330,,0.0
202207221345,,0.0
202207221400,,0.0
202207221415,,0.0
202207221430,,0.0
202207221445,,0.0
202207221500,,0.0
202207221515,195.0,0.9
202207221530,,0.0
202207221545,166.0,0.4
202207221600,,0.0
202207221615,179.0,0.4
202207221630,291.0,0.4
202207221645,,0.0
202207221700,,0.0
202207221715,,0.0
202207221730,,0.0
202207221745,290.0,0.4
202207221800,,0.0
202207221815,193.0,0.9
202207221830,,0.0
202207221845,,0.0
202207221900,,0.0
202207221915,,0.0
202207221930,,0.0
202207221945,,0.0
202207222000,,0.0
202207222015,,0.0
202207222030,,0.0
202207222045,,0.0
202207222100,,0.0
202207222116,,0.0
202207222131,,0.0
202207222145,,0.0
202207222200,,0.0
202207222215,,0.0
202207222230,,0.0
202207222245,,0.0
202207222300,,0.0
202207222315,,0.0
202207222346,,0.0
202207230016,,0.0
202207230030,,0.0
202207230045,,0.0
202207230100,,0.0
202207230115,,0.0
202207230130,,0.0
202207230145,,0.0
202207230200,,0.0
202207230215,,0.0
202207230230,,0.0
202207230245,,0.0
202207230300,,0.0
202207230315,,0.0
202207230330,,0.0
202207230400,,0.0
202207230415,,0.0
202207230430,,0.0
202207230445,,0.0
202207230500,,0.0
202207230515,,0.0
202207230530,,0.0
202207230545,,0.0
202207230600,,0.0
202207230615,,0.0
202207230631,,0.0
202207230645,,0.0
202207230700,,0.0
202207230715,,0.0
202207230730,,0.0
202207230745,,0.0
202207230800,,0.0
202207230815,,0.0
202207230830,,0.0
202207230845,,0.0
202207230915,,0.0
202207230930,,0.0
202207231000,,0.0
202207231015,,0.0
202207231030,,0.0
202207231045,,0.0
202207231100,,0.0
202207231115,,0.0
202207231131,,0.0
202207231145,,0.0
202207231200,,0.0
202207231215,,0.0
202207231230,,0.0
202207231245,,0.0
202207231300,,0.0
202207231315,,0.0
202207231330,147.0,0.4
202207231345,,0.0
202207231400,,0.0
202207231415,182.0,0.4
202207231430,190.0,0.4
202207231445,,0.0
202207231500,,0.0
202207231515,,0.0
202207231531,,0.0
202207231546,107.0,0.4
202207231600,153.0,0.4
202207231616,170.0,0.4
202207231630,,0.0
202207231646,,0.0
202207231700,,0.0
202207231715,100.0,0.4
202207231730,,0.0
202207231815,,0.0
202207231830,62.0,0.9
202207231845,,0.0
202207231900,161.0,0.4
202207231915,,0.0
202207231930,285.0,0.4
202207231945,5.0,0.4
202207232000,307.0,0.4
202207232015,173.0,0.9
202207232030,162.0,0.9
202207232100,205.0,0.9
202207232115,96.0,0.9
202207232130,140.0,0.4
202207232145,167.0,0.4
202207232200,128.0,0.4
202207232215,43.0,0.4
202207232230,,0.0
202207232245,,0.0
202207232315,,0.0
202207232330,,0.0
202207232345,,0.0
202207240000,,0.0
202207240015,,0.0
202207240030,,0.0
202207240046,,0.0
202207240100,,0.0
202207240115,,0.0
202207240130,,0.0
202207240145,,0.0
202207240201,,0.0
202207240231,,0.0
202207240245,,0.0
202207240300,,0.0
202207240315,,0.0
202207240330,,0.0
202207240345,,0.0
202207240400,,0.0
202207240415,,0.0
202207240430,,0.0
202207240445,,0.0
202207240500,,0.0
202207240515,,0.0
202207240530,,0.0
202207240545,,0.0
202207240600,,0.0
202207240615,,0.0
202207240630,,0.0
202207240645,,0.0
202207240700,,0.0
202207240715,,0.0
202207240745,,0.0
202207240800,,0.0
202207240815,,0.0
202207240830,,0.0
202207240845,,0.0
202207240900,,0.0
202207240915,,0.0
202207240930,,0.0
202207240945,,0.0
202207241000,,0.0
202207241015,,0.0
202207241030,,0.0
202207241045,,0.0
202207241100,,0.0
202207241115,,0.0
202207241145,,0.0
202207241200,,0.0
202207241215,,0.0
202207241230,,0.0
202207241246,,0.0
202207241300,,0.0
202207241315,,0.0
202207241330,,0.0
202207241345,,0.0
202207241400,157.0,0.4
202207241415,,0.0
202207241430,116.0,0.4
202207241445,,0.0
202207241500,163.0,0.4
202207241515,83.0,0.4
202207241531,,0.0
202207241545,287.0,0.4
202207241600,165.0,0.4
202207241616,281.0,0.4
202207241630,85.0,0.4
202207241645,,0.0
202207241700,,0.0
202207241715,,0.0
202207241730,,0.0
202207241800,,0.0
202207241815,,0.0
202207241830,132.0,0.4
202207241845,137.0,0.4
202207241900,137.0,0.4
202207241915,95.0,0.4
202207241945,206.0,0.4
202207242000,,0.0
202207242015,196.0,0.4
202207242030,,0.0
202207242045,,0.0
202207242100,,0.0
202207242115,,0.0
202207242130,,0.0
202207242145,,0.0
202207242215,,0.0
202207242230,,0.0
202207242245,123.0,0.4
202207242300,80.0,0.4
202207242315,,0.0
202207242330,,0.0
202207242345,,0.0
202207250000,,0.0
202207250015,,0.0
202207250030,,0.0
202207250045,,0.0
202207250100,,0.0
202207250115,,0.0
202207250145,,0.0
202207250200,,0.0
202207250216,,0.0
202207250230,,0.0
202207250245,,0.0
202207250315,,0.0
202207250330,,0.0
202207250345,,0.0
202207250400,,0.0
202207250430,,0.0
202207250445,,0.0
202207250500,,0.0
202207250515,,0.0
202207250531,,0.0
202207250545,,0.0
202207250601,,0.0
202207250615,,0.0
202207250630,,0.0
202207250645,,0.0
202207250700,,0.0
202207250715,,0.0
202207250730,,0.0
202207250745,,0.0
202207250815,,0.0
202207250830,,0.0
202207250845,,0.0
202207250900,,0.0
202207250915,,0.0
202207250930,,0.0
202207250945,,0.0
202207251000,,0.0
202207251015,,0.0
202207251030,,0.0
202207251045,,0.0
202207251100,,0.0
202207251115,,0.0
202207251130,,0.0
202207251145,,0.0
202207251200,,0.0
202207251215,,0.0
202207251230,,0.0
202207251245,,0.0
202207251300,,0.0
202207251315,,0.0
202207251330,,0.0
202207251345,,0.0
202207251400,,0.0
202207251415,,0.0
202207251430,,0.0
202207251445,,0.0
202207251500,,0.0
202207251515,,0.0
202207251530,,0.0
202207251600,,0.0
202207251615,208.0,0.4
202207251630,,0.0
202207251645,,0.0
202207251700,136.0,0.4
202207251715,,0.0
202207251730,192.0,0.9
202207251745,,0.0
202207251800,156.0,0.4
202207251815,149.0,0.4
202207251830,190.0,0.4
202207251845,156.0,0.4
202207251900,139.0,0.4
202207251916,,0.0
202207251930,,0.0
202207251945,205.0,0.4
202207252000,,0.0
202207252015,28.0,0.4
202207252030,82.0,0.4
202207252046,,0.0
202207252100,,0.0
202207252115,,0.0
202207252130,,0.0
202207252145,,0.0
202207252200,,0.0
202207252215,,0.0
202207252230,,0.0
202207252245,,0.0
202207252300,,0.0
202207252315,,0.0
202207252330,,0.0
202207252345,,0.0
202207260000,,0.0
202207260015,,0.0
202207260030,,0.0
202207260045,,0.0
202207260100,,0.0
202207260115,,0.0
202207260130,,0.0
202207260145,,0.0
202207260200,,0.0
202207260215,,0.0
202207260230,,0.0
202207260245,,0.0
202207260300,,0.0
202207260315,,0.0
202207260345,,0.0
202207260415,,0.0
202207260430,,0.0
202207260445,,0.0
202207260500,,0.0
202207260515,,0.0
202207260530,,0.0
202207260545,,0.0
202207260600,,0.0
202207260615,,0.0
202207260630,,0.0
202207260645,,0.0
202207260700,,0.0
202207260715,,0.0
202207260731,,0.0
202207260745,,0.0
202207260800,,0.0
202207260815,,0.0
202207260830,,0.0
202207260845,,0.0
202207260901,,0.0
202207260915,,0.0
202207260930,,0.0
202207260946,,0.0
202207261000,,0.0
202207261030,,0.0
202207261046,,0.0
202207261100,,0.0
202207261130,,0.0
202207261146,,0.0
202207261200,,0.0
202207261215,,0.0
202207261230,,0.0
202207261245,,0.0
202207261300,,0.0
202207261315,157.0,0.4
202207261330,131.0,0.4
202207261345,,0.0
202207261400,,0.0
202207261415,236.0,0.4
202207261430,274.0,0.4
202207261445,,0.0
202207261500,,0.0
202207261515,186.0,0.4
202207261530,,0.0
202207261600,168.0,0.4
202207261615,,0.0
202207261630,276.0,0.4
202207261645,179.0,0.4
202207261700,184.0,0.4
202207261716,86.0,0.4
202207261730,215.0,0.4
202207261745,116.0,0.4
202207261800,,0.0
202207261815,,0.0
202207261830,,0.0
202207261845,155.0,0.4
202207261900,283.0,0.4
202207261915,229.0,0.9
202207261930,136.0,0.4
202207261945,201.0,0.9
202207262015,,0.0
202207262030,,0.0
202207262045,,0.0
202207262100,,0.0
202207262115,201.0,0.4
202207262145,,0.0
202207262200,192.0,0.4
202207262230,,0.0
202207262245,,0.0
202207262300,,0.0
202207262315,,0.0
202207262330,,0.0
202207262345,,0.0
202207270000,,0.0
202207270015,,0.0
202207270030,,0.0
202207270045,,0.0
202207270100,,0.0
202207270115,,0.0
202207270130,,0.0
202207270145,,0.0
202207270200,,0.0
202207270215,,0.0
202207270230,,0.0
202207270245,,0.0
202207270300,,0.0
202207270315,,0.0
202207270330,,0.0
202207270345,,0.0
202207270400,,0.0
202207270415,,0.0
202207270430,,0.0
202207270445,,0.0
202207270500,,0.0
202207270515,,0.0
202207270530,,0.0
202207270600,,0.0
202207270615,,0.0
202207270630,,0.0
202207270645,,0.0
202207270700,,0.0
202207270715,,0.0
202207270730,,0.0
202207270745,,0.0
202207270800,,0.0
202207270815,,0.0
202207270831,,0.0
202207270846,,0.0
202207270900,,0.0
202207270915,,0.0
202207270930,,0.0
202207270945,,0.0
202207271000,,0.0
202207271015,,0.0
202207271030,,0.0
202207271045,,0.0
202207271115,,0.0
202207271130,,0.0
202207271200,,0.0
202207271230,,0.0
202207271245,,0.0
202207271300,,0.0
202207271315,160.0,0.4
202207271330,,0.0
202207271345,,0.0
202207271400,,0.0
202207271416,163.0,0.4
202207271431,,0.0
202207271445,,0.0
202207271500,,0.0
202207271515,187.0,0.4
202207271530,,0.0
202207271545,,0.0
202207271600,,0.0
202207271615,,0.0
202207271630,148.0,0.4
202207271645,194.0,0.4
202207271700,218.0,0.9
202207271715,205.0,0.4
202207271730,,0.0
202207271745,,0.0
202207271800,194.0,0.4
202207271815,255.0,0.4
202207271830,,0.0
202207271845,,0.0
202207271900,311.0,0.4
202207271915,,0.0
202207271930,34.0,0.4
202207271945,295.0,0.9
202207272000,,0.0
202207272016,,0.0
202207272030,89.0,0.4
202207272045,106.0,0.4
202207272100,,0.0
202207272115,319.0,0.4
202207272130,,0.0
202207272145,,0.0
202207272200,145.0,0.4
202207272215,,0.0
202207272230,63.0,0.4
202207272245,,0.0
202207272300,,0.0
202207272315,,0.0
202207272330,,0.0
202207272345,,0.0
202207280000,,0.0
202207280015,,0.0
202207280030,,0.0
202207280045,,0.0
202207280100,,0.0
202207280115,,0.0
202207280130,,0.0
202207280145,,0.0
202207280215,,0.0
202207280230,,0.0
202207280245,,0.0
202207280300,,0.0
202207280315,,0.0
202207280330,,0.0
202207280345,,0.0
202207280400,,0.0
202207280415,,0.0
202207280430,,0.0
202207280445,,0.0
202207280500,,0.0
202207280515,,0.0
202207280530,,0.0
202207280545,,0.0
202207280600,,0.0
202207280615,,0.0
202207280630,,0.0
202207280645,,0.0
202207280700,,0.0
202207280715,,0.0
202207280730,,0.0
202207280745,,0.0
202207280800,,0.0
202207280815,,0.0
202207280845,,0.0
202207280900,,0.0
202207280915,,0.0
202207280945,,0.0
202207281015,,0.0
202207281030,,0.0
202207281046,,0.0
202207281101,,0.0
202207281116,,0.0
202207281130,,0.0
202207281145,,0.0
202207281200,,0.0
202207281215,,0.0
202207281230,,0.0
202207281245,,0.0
202207281315,,0.0
202207281330,,0.0
202207281415,189.0,0.4
202207281430,170.0,0.4
202207281445,146.0,0.4
202207281500,,0.0
202207281516,,0.0
202207281530,313.0,0.9
202207281545,275.0,0.4
202207281600,307.0,0.4
202207281615,333.0,0.4
202207281630,113.0,0.9
202207281645,188.0,0.4
202207281700,309.0,0.9
202207281715,211.0,0.9
202207281730,196.0,0.9
202207281745,101.0,0.4
202207281800,187.0,0.4
202207281815,52.0,0.4
202207281830,125.0,0.4
202207281845,,0.0
202207281900,293.0,0.4
202207281930,,0.0
202207281945,,0.0
202207282000,101.0,0.4
202207282015,226.0,0.4
202207282030,299.0,0.4
202207282045,95.0,0.9
202207282100,87.0,0.4
202207282115,128.0,0.4
202207282130,194.0,0.9
202207282145,206.0,0.9
202207282200,305.0,0.4
202207282215,298.0,0.4
202207282231,295.0,0.4
202207282245,288.0,0.4
202207282301,160.0,0.4
202207282315,41.0,0.4
202207282330,100.0,0.4
202207282346,,0.0
202207290001,284.0,0.9
202207290015,,0.0
202207290031,,0.0
202207290101,,0.0
202207290115,,0.0
202207290130,,0.0
202207290145,,0.0
202207290200,,0.0
202207290215,,0.0
202207290230,,0.0
202207290245,,0.0
202207290300,,0.0
202207290315,,0.0
202207290330,,0.0
202207290345,,0.0
202207290400,232.0,0.4
202207290415,,0.0
202207290430,,0.0
202207290445,,0.0
202207290500,,0.0
202207290515,,0.0
202207290530,,0.0
202207290545,,0.0
202207290600,,0.0
202207290615,,0.0
202207290630,,0.0
202207290645,,0.0
202207290700,,0.0
202207290715,,0.0
202207290730,,0.0
202207290745,,0.0
202207290800,,0.0
202207290815,,0.0
202207290830,,0.0
202207290845,,0.0
202207290900,,0.0
202207290915,,0.0
202207290930,,0.0
202207290945,,0.0
202207291000,,0.0
202207291015,,0.0
202207291030,,0.0
202207291045,,0.0
202207291100,,0.0
202207291115,,0.0
202207291145,,0.0
202207291200,,0.0
202207291215,,0.0
202207291231,205.0,0.4
202207291245,,0.0
202207291300,,0.0
202207291315,,0.0
202207291330,,0.0
202207291345,,0.0
202207291400,231.0,0.4
202207291415,199.0,0.4
202207291430,222.0,0.9
202207291445,,0.0
202207291500,,0.0
202207291515,296.0,0.9
202207291530,,0.0
202207291545,306.0,0.9
202207291601,169.0,0.4
202207291615,187.0,0.4
202207291630,186.0,0.4
202207291645,176.0,0.4
202207291700,,0.0
202207291715,167.0,0.4
202207291730,,0.0
202207291745,,0.0
202207291800,,0.0
202207291815,272.0,0.4
202207291830,,0.0
202207291845,193.0,0.4
202207291900,157.0,0.4
202207291915,151.0,0.4
202207291930,,0.0
202207291945,205.0,0.9
202207292000,161.0,1.3
202207292015,331.0,0.4
202207292030,119.0,0.4
202207292045,,0.0
202207292100,,0.0
202207292115,340.0,0.4
202207292130,291.0,0.4
202207292145,232.0,0.9
202207292200,169.0,0.4
202207292215,156.0,0.9
202207292230,,0.0
202207292245,,0.0
202207292300,,0.0
202207292315,227.0,0.4
202207292330,,0.0
202207292345,,0.0
202207300000,,0.0
202207300015,,0.0
202207300030,,0.0
202207300046,,0.0
202207300100,,0.0
202207300115,,0.0
202207300130,,0.0
202207300145,,0.0
202207300200,219.0,0.4
202207300215,,0.0
202207300230,,0.0
202207300245,,0.0
202207300300,,0.0
202207300315,,0.0
202207300330,142.0,0.9
202207300345,98.0,0.4
202207300401,134.0,0.9
202207300416,104.0,0.4
202207300431,,0.0
202207300446,,0.0
202207300517,,0.0
202207300530,,0.0
202207300545,,0.0
202207300600,,0.0
202207300615,,0.0
202207300630,,0.0
202207300645,,0.0
202207300715,,0.0
202207300730,,0.0
202207300745,,0.0
202207300815,,0.0
202207300830,,0.0
202207300845,,0.0
202207300900,,0.0
202207300915,,0.0
202207300930,,0.0
202207300945,,0.0
202207301000,,0.0
202207301015,,0.0
202207301030,,0.0
202207301045,,0.0
202207301100,,0.0
202207301115,,0.0
202207301130,,0.0
202207301145,,0.0
202207301200,,0.0
202207301215,,0.0
202207301230,,0.0
202207301245,165.0,0.4
202207301300,,0.0
202207301315,,0.0
202207301330,,0.0
202207301345,,0.0
202207301400,,0.0
202207301415,,0.0
202207301431,,0.0
202207301445,,0.0
202207301500,165.0,0.4
202207301515,94.0,0.4
202207301545,,0.0
202207301600,,0.0
202207301615,,0.0
202207301630,55.0,0.9
202207301645,284.0,0.4
202207301700,91.0,0.4
202207301715,,0.0
202207301730,,0.0
202207301746,147.0,0.4
202207301800,192.0,0.4
202207301815,,0.0
202207301830,96.0,0.4
202207301845,,0.0
202207301900,,0.0
202207301915,,0.0
202207301930,300.0,1.3
202207301945,327.0,0.4
202207302015,,0.0
202207302030,274.0,0.4
202207302045,,0.0
202207302101,,0.0
202207302115,,0.0
202207302130,,0.0
202207302145,207.0,0.4
202207302200,68.0,0.4
202207302216,,0.0
202207302231,81.0,0.4
202207302246,,0.0
202207302301,,0.0
202207302315,,0.0
202207302345,294.0,0.4
202207310000,128.0,0.4
202207310015,,0.0
202207310030,,0.0
202207310045,,0.0
202207310100,,0.0
202207310115,,0.0
202207310130,,0.0
202207310145,,0.0
202207310200,,0.0
202207310215,,0.0
202207310230,,0.0
202207310245,,0.0
202207310300,,0.0
202207310315,,0.0
202207310330,,0.0
202207310345,,0.0
202207310400,,0.0
202207310415,,0.0
202207310430,,0.0
202207310445,,0.0
202207310500,,0.0
202207310515,,0.0
202207310530,,0.0
202207310545,,0.0
202207310600,,0.0
202207310615,,0.0
202207310630,,0.0
202207310645,,0.0
202207310700,,0.0
202207310715,,0.0
202207310730,,0.0
202207310745,,0.0
202207310800,,0.0
202207310815,,0.0
202207310830,,0.0
202207310845,,0.0
202207310900,,0.0
202207310915,,0.0
202207310930,,0.0
202207310945,,0.0
202207311000,,0.0
202207311016,,0.0
202207311030,,0.0
202207311045,,0.0
202207311115,,0.0
202207311130,,0.0
202207311145,,0.0
202207311200,,0.0
202207311215,,0.0
202207311230,,0.0
202207311245,,0.0
202207311315,,0.0
202207311330,,0.0
202207311345,,0.0
202207311400,173.0,0.4
202207311415,,0.0
202207311431,170.0,0.9
202207311446,147.0,0.4
202207311515,,0.0
202207311530,152.0,0.4
202207311545,182.0,0.4
202207311600,,0.0
202207311615,319.0,0.4
202207311630,97.0,0.9
202207311645,330.0,0.4
202207311700,93.0,0.4
202207311715,227.0,0.4
202207311730,148.0,0.9
202207311745,186.0,0.4
202207311800,,0.0
202207311815,355.0,0.9
202207311830,133.0,0.4
202207311845,178.0,0.4
202207311915,315.0,0.4
202207311930,,0.0
202207311945,224.0,0.4
202207312000,344.0,0.4
202207312015,319.0,0.4
202207312030,148.0,0.9
202207312045,287.0,0.9
202207312100,156.0,0.4
202207312115,,0.0
202207312130,290.0,0.4
202207312145,,0.0
202207312200,306.0,0.9
202207312216,178.0,0.9
202207312230,167.0,0.9
202207312245,189.0,0.4
202207312300,311.0,0.4
202207312315,217.0,0.4
202207312330,,0.0
202207312345,,0.0
202208010001,,0.0
202208010015,,0.0
202208010031,,0.0
202208010046,,0.0
202208010101,,0.0
202208010115,,0.0
202208010130,,0.0
202208010145,,0.0
202208010200,101.0,0.4
202208010215,,0.0
202208010230,,0.0
202208010245,,0.0
202208010300,,0.0
202208010315,,0.0
202208010330,,0.0
202208010345,,0.0
202208010400,,0.0
202208010415,,0.0
202208010430,,0.0
202208010445,,0.0
202208010500,,0.0
202208010515,,0.0
202208010530,,0.0
202208010545,,0.0
202208010600,,0.0
202208010615,,0.0
202208010630,,0.0
202208010645,,0.0
202208010715,,0.0
202208010730,,0.0
202208010745,,0.0
202208010800,,0.0
202208010815,,0.0
202208010830,,0.0
202208010845,,0.0
202208010900,,0.0
202208010915,,0.0
202208010930,,0.0
202208010945,,0.0
202208011000,,0.0
202208011015,,0.0
202208011030,,0.0
202208011045,,0.0
202208011100,,0.0
202208011115,,0.0
202208011130,,0.0
202208011145,,0.0
202208011200,,0.0
202208011215,,0.0
202208011230,,0.0
202208011245,,0.0
202208011300,,0.0
202208011315,,0.0
202208011330,,0.0
202208011345,,0.0
202208011400,,0.0
202208011415,,0.0
202208011430,,0.0
202208011445,,0.0
202208011500,294.0,0.4
202208011515,,0.0
202208011530,163.0,0.4
202208011545,281.0,0.4
202208011600,,0.0
202208011615,281.0,0.9
202208011630,288.0,0.4
202208011701,200.0,0.4
202208011715,,0.0
202208011730,136.0,0.9
202208011746,,0.0
202208011800,,0.0
202208011816,109.0,0.4
202208011831,,0.0
202208011846,,0.0
202208011900,,0.0
202208011915,,0.0
202208011930,,0.0
202208011945,,0.0
202208012000,,0.0
202208012015,208.0,0.9
202208012030,,0.0
202208012100,,0.0
202208012115,,0.0
202208012130,,0.0
202208012145,,0.0
202208012200,,0.0
202208012215,,0.0
202208012230,,0.0
202208012245,,0.0
202208012300,,0.0
202208012315,,0.0
202208012330,,0.0
202208012345,232.0,0.9
202208020000,,0.0
202208020015,238.0,0.4
202208020030,,0.0
202208020045,,0.0
202208020100,,0.0
202208020115,,0.0
202208020130,,0.0
202208020200,,0.0
202208020215,,0.0
202208020230,,0.0
202208020245,196.0,0.4
202208020300,,0.0
202208020315,,0.0
202208020330,,0.0
202208020345,,0.0
202208020400,,0.0
202208020415,,0.0
202208020430,,0.0
202208020445,,0.0
202208020500,,0.0
202208020515,,0.0
202208020530,,0.0
202208020545,,0.0
202208020600,,0.0
202208020615,,0.0
202208020630,,0.0
202208020645,,0.0
202208020700,,0.0
202208020715,,0.0
202208020730,,0.0
202208020745,,0.0
202208020800,,0.0
202208020815,,0.0
202208020830,,0.0
202208020845,,0.0
202208020900,,0.0
202208020915,,0.0
202208020930,211.0,0.4
202208020945,,0.0
202208021000,,0.0
202208021015,,0.0
202208021030,,0.0
202208021045,,0.0
202208021100,,0.0
202208021115,,0.0
202208021130,,0.0
202208021145,,0.0
202208021200,,0.0
202208021215,,0.0
202208021230,,0.0
202208021245,,0.0
202208021300,,0.0
202208021316,,0.0
202208021330,,0.0
202208021345,,0.0
202208021400,,0.0
202208021415,,0.0
202208021430,,0.0
202208021446,,0.0
202208021500,,0.0
202208021515,,0.0
202208021545,,0.0
202208021600,,0.0
202208021615,94.0,0.4
202208021630,187.0,0.4
202208021645,78.0,0.9
202208021700,,0.0
202208021715,,0.0
202208021730,,0.0
202208021745,,0.0
202208021800,105.0,0.4
202208021815,140.0,0.4
202208021830,115.0,0.4
202208021845,,0.0
202208021900,,0.0
202208021915,225.0,0.4
202208021930,,0.0
202208021945,,0.0
202208022000,86.0,0.4
202208022015,,0.0
202208022031,,0.0
202208022045,,0.0
202208022100,136.0,0.4
202208022115,,0.0
202208022130,,0.0
202208022145,,0.0
202208022200,,0.0
202208022215,,0.0
202208022230,,0.0
202208022245,,0.0
202208022301,,0.0
202208022315,,0.0
202208022331,281.0,0.9
202208022345,,0.0
202208030000,159.0,0.4
202208030015,217.0,0.4
202208030030,,0.0
202208030045,267.0,0.4
202208030100,,0.0
202208030115,333.0,0.4
202208030130,,0.0
202208030145,,0.0
202208030200,279.0,0.4
202208030215,,0.0
202208030230,148.0,0.4
202208030245,,0.0
202208030300,,0.0
202208030315,,0.0
202208030330,,0.0
202208030345,,0.0
202208030400,,0.0
202208030415,,0.0
202208030430,,0.0
202208030445,,0.0
202208030500,,0.0
202208030515,,0.0
202208030530,,0.0
202208030545,,0.0
202208030600,,0.0
202208030615,,0.0
202208030630,,0.0
202208030645,,0.0
202208030715,,0.0
202208030730,,0.0
202208030745,,0.0
202208030800,,0.0
202208030815,,0.0
202208030830,,0.0
202208030845,,0.0
202208030900,,0.0
202208030916,,0.0
202208030930,,0.0
202208030945,,0.0
202208031000,,0.0
202208031030,,0.0
202208031045,,0.0
202208031100,,0.0
202208031115,,0.0
202208031130,204.0,0.4
202208031145,,0.0
202208031200,301.0,0.4
202208031215,,0.0
202208031230,,0.0
202208031245,,0.0
202208031300,,0.0
202208031315,,0.0
202208031330,,0.0
202208031345,,0.0
202208031400,,0.0
202208031415,,0.0
202208031430,227.0,0.4
202208031445,117.0,0.4
202208031501,,0.0
202208031515,294.0,0.4
202208031530,,0.0
202208031545,,0.0
202208031600,163.0,0.4
202208031615,,0.0
202208031631,,0.0
202208031645,,0.0
202208031700,167.0,0.4
202208031715,,0.0
202208031730,,0.0
202208031800,,0.0
202208031815,,0.0
202208031830,,0.0
202208031845,65.0,0.4
202208031900,,0.0
202208031915,73.0,0.4
202208031930,,0.0
202208031945,,0.0
202208032000,,0.0
202208032015,,0.0
202208032030,,0.0
202208032045,,0.0
202208032100,,0.0
202208032115,,0.0
202208032130,73.0,0.4
202208032145,,0.0
202208032200,,0.0
202208032215,,0.0
202208032230,,0.0
202208032245,,0.0
202208032300,,0.0
202208032315,,0.0
202208032330,,0.0
202208032345,,0.0
202208040015,,0.0
202208040031,,0.0
202208040045,,0.0
202208040100,,0.0
202208040115,,0.0
202208040130,,0.0
202208040145,,0.0
202208040200,,0.0
202208040215,,0.0
202208040230,,0.0
202208040245,,0.0
202208040300,,0.0
202208040315,,0.0
202208040331,,0.0
202208040345,,0.0
202208040400,,0.0
202208040415,,0.0
202208040430,,0.0
202208040445,,0.0
202208040501,,0.0
202208040516,,0.0
202208040530,,0.0
202208040545,,0.0
202208040600,,0.0
202208040615,,0.0
202208040630,,0.0
202208040645,,0.0
202208040700,,0.0
202208040715,,0.0
202208040730,,0.0
202208040800,,0.0
202208040815,,0.0
202208040830,,0.0
202208040846,,0.0
202208040900,,0.0
202208040915,,0.0
202208040930,,0.0
202208040945,,0.0
202208041000,,0.0
202208041030,,0.0
202208041045,,0.0
202208041100,,0.0
202208041115,,0.0
202208041130,,0.0
202208041145,,0.0
202208041200,,0.0
202208041216,,0.0
202208041245,,0.0
202208041301,,0.0
202208041315,,0.0
202208041330,,0.0
202208041345,227.0,0.4
202208041400,139.0,0.4
202208041415,,0.0
202208041430,,0.0
202208041445,,0.0
202208041500,,0.0
202208041515,,0.0
202208041530,165.0,0.4
202208041545,294.0,0.4
202208041600,145.0,0.4
202208041615,186.0,0.4
202208041630,336.0,0.4
202208041700,187.0,0.4
202208041715,69.0,0.4
202208041730,136.0,0.4
202208041745,95.0,0.4
202208041800,,0.0
202208041815,138.0,0.4
202208041831,107.0,0.4
202208041846,,0.0
202208041900,70.0,0.4
202208041915,225.0,0.4
202208041931,,0.0
202208041946,219.0,0.4
202208042015,74.0,0.9
202208042030,,0.0
202208042045,120.0,0.9
202208042100,90.0,0.4
202208042115,70.0,0.4
202208042130,81.0,0.4
202208042145,140.0,0.4
202208042200,,0.0
202208042230,92.0,0.4
202208042245,,0.0
202208042300,,0.0
202208042315,,0.0
202208042330,136.0,0.4
202208042345,,0.0
202208050001,,0.0
202208050015,,0.0
202208050030,,0.0
202208050045,,0.0
202208050100,,0.0
202208050115,,0.0
202208050130,,0.0
202208050145,,0.0
202208050200,,0.0
202208050215,,0.0
202208050230,,0.0
202208050245,,0.0
202208050300,,0.0
202208050315,,0.0
202208050330,,0.0
202208050345,,0.0
202208050400,,0.0
202208050415,,0.0
202208050430,,0.0
202208050445,,0.0
202208050500,,0.0
202208050515,,0.0
202208050530,,0.0
202208050545,,0.0
202208050600,,0.0
202208050615,189.0,0.4
202208050630,,0.0
202208050645,,0.0
202208050700,,0.0
202208050715,,0.0
202208050730,,0.0
202208050745,,0.0
202208050800,,0.0
202208050815,,0.0
202208050845,,0.0
202208050915,,0.0
202208050930,,0.0
202208050945,,0.0
202208051000,,0.0
202208051015,,0.0
202208051031,,0.0
202208051045,,0.0
202208051100,,0.0
202208051115,,0.0
202208051130,,0.0
202208051145,,0.0
202208051200,,0.0
202208051215,,0.0
202208051230,,0.0
202208051245,,0.0
202208051300,,0.0
202208051315,,0.0
202208051330,,0.0
202208051345,,0.0
202208051400,,0.0
202208051415,,0.0
202208051430,,0.0
202208051445,,0.0
202208051500,,0.0
202208051530,142.0,0.4
202208051545,,0.0
202208051600,,0.0
202208051615,,0.0
202208051630,,0.0
202208051645,98.0,0.4
202208051700,119.0,0.4
202208051715,,0.0
202208051730,,0.0
202208051745,132.0,0.4
202208051800,334.0,0.4
202208051815,81.0,0.9
202208051830,,0.0
202208051845,84.0,0.4
202208051900,,0.0
202208051915,71.0,0.4
202208051930,108.0,0.4
202208051945,69.0,0.4
202208052000,185.0,0.4
202208052015,180.0,0.4
202208052030,,0.0
202208052045,84.0,0.4
202208052100,,0.0
202208052115,158.0,0.4
202208052130,,0.0
202208052145,,0.0
202208052200,316.0,0.4
202208052215,,0.0
202208052230,,0.0
202208052245,,0.0
202208052300,,0.0
202208052315,,0.0
202208052330,,0.0
202208052345,,0.0
202208060000,,0.0
202208060016,,0.0
202208060031,,0.0
202208060045,,0.0
202208060100,,0.0
202208060115,,0.0
202208060130,,0.0
202208060146,,0.0
202208060200,,0.0
202208060215,,0.0
202208060231,,0.0
202208060245,,0.0
202208060300,,0.0
202208060315,,0.0
202208060330,,0.0
202208060345,,0.0
202208060400,,0.0
202208060415,,0.0
202208060430,,0.0
202208060445,,0.0
202208060500,,0.0
202208060515,,0.0
202208060530,,0.0
202208060545,,0.0
202208060600,,0.0
202208060615,,0.0
202208060630,,0.0
202208060645,,0.0
202208060700,,0.0
202208060715,,0.0
202208060730,,0.0
202208060745,,0.0
202208060800,,0.0
202208060815,,0.0
202208060830,,0.0
202208060845,,0.0
202208060900,,0.0
202208060915,,0.0
202208060930,,0.0
202208060946,,0.0
202208061000,,0.0
202208061015,,0.0
202208061030,,0.0
202208061045,,0.0
202208061100,,0.0
202208061115,,0.0
202208061130,,0.0
202208061145,,0.0
202208061200,,0.0
202208061215,,0.0
202208061230,,0.0
202208061245,,0.0
202208061300,,0.0
202208061315,,0.0
202208061330,,0.0
202208061345,81.0,0.9
202208061400,82.0,0.4
202208061415,,0.0
202208061430,,0.0
202208061500,80.0,1.3
202208061515,79.0,0.4
202208061530,79.0,0.4
202208061545,86.0,0.4
202208061600,,0.0
202208061615,80.0,0.4
202208061630,,0.0
202208061645,160.0,0.4
202208061700,86.0,0.9
202208061715,,0.0
202208061731,68.0,0.4
202208061800,,0.0
202208061815,184.0,0.4
202208061830,,0.0
202208061845,,0.0
202208061900,,0.0
202208061915,252.0,0.4
202208061930,238.0,0.4
202208061945,,0.0
202208062000,24.0,0.9
202208062015,13.0,0.9
202208062030,,0.0
202208062045,,0.0
202208062100,,0.0
202208062115,,0.0
202208062130,,0.0
202208062145,,0.0
202208062200,,0.0
202208062215,,0.0
202208062230,,0.0
202208062245,,0.0
202208062300,,0.0
202208062315,,0.0
202208062330,,0.0
202208062345,,0.0
202208070000,,0.0
202208070015,,0.0
202208070030,,0.0
202208070045,,0.0
202208070100,,0.0
202208070115,,0.0
202208070130,,0.0
202208070145,,0.0
202208070200,,0.0
202208070215,,0.0
202208070230,,0.0
202208070245,,0.0
202208070300,,0.0
202208070315,,0.0
202208070330,,0.0
202208070345,,0.0
202208070400,,0.0
202208070415,,0.0
202208070430,,0.0
202208070445,,0.0
202208070500,,0.0
202208070515,,0.0
202208070530,,0.0
202208070546,,0.0
202208070600,,0.0
202208070615,,0.0
202208070630,,0.0
202208070645,,0.0
202208070700,,0.0
202208070715,,0.0
202208070731,,0.0
202208070745,,0.0
202208070801,,0.0
202208070815,,0.0
202208070830,,0.0
202208070845,,0.0
202208070900,,0.0
202208070915,,0.0
202208070930,,0.0
202208070945,,0.0
202208071000,,0.0
202208071015,,0.0
202208071030,,0.0
202208071045,,0.0
202208071101,,0.0
202208071115,,0.0
202208071130,,0.0
202208071145,,0.0
202208071200,,0.0
202208071245,,0.0
202208071300,,0.0
202208071315,,0.0
202208071330,,0.0
202208071345,,0.0
202208071400,,0.0
202208071415,,0.0
202208071430,94.0,0.4
202208071445,113.0,0.4
202208071500,,0.0
202208071515,74.0,0.4
202208071530,,0.0
202208071545,150.0,0.4
202208071600,178.0,0.4
202208071615,171.0,0.4
202208071645,190.0,0.4
202208071700,63.0,1.3
202208071715,319.0,0.4
202208071730,,0.0
202208071745,85.0,0.4
202208071800,,0.0
202208071815,143.0,0.9
202208071830,137.0,0.4
202208071845,,0.0
202208071900,,0.0
202208071915,80.0,0.9
202208071930,77.0,0.9
202208071946,164.0,0.4
202208072000,,0.0
202208072015,149.0,0.4
202208072030,,0.0
202208072046,302.0,0.4
202208072130,215.0,0.4
202208072145,238.0,0.4
202208072200,,0.0
202208072215,,0.0
202208072230,,0.0
202208072245,,0.0
202208072300,,0.0
202208072315,,0.0
202208072330,,0.0
202208072345,,0.0
202208080000,,0.0
202208080015,,0.0
202208080030,,0.0
202208080046,,0.0
202208080100,,0.0
202208080115,,0.0
202208080130,,0.0
202208080201,,0.0
202208080215,,0.0
202208080230,,0.0
202208080245,,0.0
202208080300,,0.0
202208080316,,0.0
202208080330,,0.0
202208080345,,0.0
202208080400,,0.0
202208080415,,0.0
202208080431,,0.0
202208080445,,0.0
202208080500,,0.0
202208080515,,0.0
202208080530,,0.0
202208080545,,0.0
202208080600,,0.0
202208080615,,0.0
202208080630,,0.0
202208080645,,0.0
202208080716,,0.0
202208080730,,0.0
202208080745,,0.0
202208080800,,0.0
202208080815,,0.0
202208080830,,0.0
202208080845,,0.0
202208080900,,0.0
202208080915,,0.0
202208080930,,0.0
202208080945,,0.0
202208081000,,0.0
202208081016,,0.0
202208081030,,0.0
202208081046,,0.0
202208081115,,0.0
202208081131,,0.0
202208081146,,0.0
202208081200,,0.0
202208081215,,0.0
202208081230,,0.0
202208081245,,0.0
202208081300,,0.0
202208081315,,0.0
202208081330,,0.0
202208081345,,0.0
202208081400,,0.0
202208081415,,0.0
202208081431,313.0,0.4
202208081445,79.0,0.4
202208081500,89.0,0.4
202208081515,,0.0
202208081530,,0.0
202208081545,,0.0
202208081600,145.0,0.4
202208081615,,0.0
202208081631,,0.0
202208081646,,0.0
202208081701,,0.0
202208081716,,0.0
202208081730,,0.0
202208081800,,0.0
202208081815,91.0,0.4
202208081830,143.0,0.4
202208081845,289.0,1.3
202208081901,262.0,0.4
202208081915,,0.0
202208081930,,0.0
202208081945,,0.0
202208082000,,0.0
202208082015,,0.0
202208082030,,0.0
202208082100,,0.0
202208082115,,0.0
202208082130,,0.0
202208082145,,0.0
202208082200,,0.0
202208082215,,0.0
202208082230,,0.0
202208082245,,0.0
202208082315,,0.0
202208082330,,0.0
202208082345,,0.0
202208090000,,0.0
202208090030,,0.0
202208090045,,0.0
202208090100,,0.0
202208090115,,0.0
202208090130,,0.0
202208090145,,0.0
202208090200,,0.0
202208090215,,0.0
202208090230,,0.0
202208090246,173.0,0.4
202208090300,,0.0
202208090315,,0.0
202208090330,,0.0
202208090346,,0.0
202208090400,,0.0
202208090415,,0.0
202208090430,,0.0
202208090445,,0.0
202208090500,302.0,0.4
202208090515,,0.0
202208090530,,0.0
202208090546,,0.0
202208090615,,0.0
202208090630,,0.0
202208090645,,0.0
202208090700,,0.0
202208090715,,0.0
202208090730,,0.0
202208090745,,0.0
202208090800,,0.0
202208090830,,0.0
202208090845,,0.0
202208090915,,0.0
202208090930,,0.0
202208091000,,0.0
202208091015,,0.0
202208091030,,0.0
202208091045,,0.0
202208091100,,0.0
202208091115,,0.0
202208091130,,0.0
202208091145,,0.0
202208091200,184.0,0.4
202208091215,,0.0
202208091230,,0.0
202208091245,,0.0
202208091300,196.0,0.4
202208091315,,0.0
202208091330,,0.0
202208091345,,0.0
202208091400,,0.0
202208091415,,0.0
202208091446,,0.0
202208091500,,0.0
202208091515,,0.0
202208091530,,0.0
202208091545,302.0,0.4
202208091600,153.0,0.4
202208091615,159.0,0.4
202208091630,173.0,0.4
202208091645,,0.0
202208091700,157.0,0.4
202208091715,318.0,0.4
202208091730,,0.0
202208091745,163.0,0.4
202208091800,325.0,0.4
202208091815,168.0,0.4
202208091830,,0.0
202208091845,233.0,0.4
202208091900,138.0,0.9
202208091915,,0.0
202208091930,101.0,0.4
202208091945,233.0,0.4
202208092000,,0.0
202208092015,,0.0
202208092030,,0.0
202208092101,208.0,0.4
202208092115,,0.0
202208092131,,0.0
202208092146,,0.0
202208092200,,0.0
202208092215,49.0,0.4
202208092230,,0.0
202208092245,,0.0
202208092300,,0.0
202208092315,,0.0
202208092330,,0.0
202208100000,144.0,0.9
202208100015,,0.0
202208100030,,0.0
202208100045,,0.0
202208100100,,0.0
202208100115,113.0,0.4
202208100130,,0.0
202208100145,,0.0
202208100215,,0.0
202208100230,305.0,0.4
202208100300,,0.0
202208100315,159.0,0.4
202208100330,,0.0
202208100345,,0.0
202208100400,,0.0
202208100415,,0.0
202208100430,,0.0
202208100445,,0.0
202208100500,155.0,0.4
202208100515,,0.0
202208100530,,0.0
202208100546,,0.0
202208100601,,0.0
202208100645,,0.0
202208100700,,0.0
202208100715,,0.0
202208100730,,0.0
202208100745,,0.0
202208100815,,0.0
202208100830,,0.0
202208100846,,0.0
202208100900,,0.0
202208100915,,0.0
202208100930,,0.0
202208100945,,0.0
202208101001,,0.0
202208101016,,0.0
202208101031,,0.0
202208101046,,0.0
202208101100,,0.0
202208101116,,0.0
202208101130,,0.0
202208101145,,0.0
202208101200,,0.0
202208101215,,0.0
202208101230,,0.0
202208101245,,0.0
202208101300,63.0,0.4
202208101315,,0.0
202208101330,,0.0
202208101345,,0.0
202208101400,73.0,0.4
202208101430,150.0,0.9
202208101445,311.0,0.4
202208101500,5.0,0.4
202208101515,209.0,0.9
202208101530,70.0,0.4
202208101546,166.0,0.4
202208101601,223.0,0.4
202208101616,105.0,0.4
202208101631,,0.0
202208101646,109.0,0.4
202208101700,171.0,0.4
202208101715,176.0,0.4
202208101730,20.0,0.4
202208101800,170.0,0.9
202208101815,135.0,0.4
202208101830,,0.0
202208101845,,0.0
202208101900,62.0,0.4
202208101915,159.0,0.4
202208101930,284.0,0.9
202208101945,,0.0
202208102000,,0.0
202208102015,,0.0
202208102030,131.0,0.9
202208102045,,0.0
202208102100,300.0,0.4
202208102115,299.0,0.4
202208102130,,0.0
202208102145,,0.0
202208102200,76.0,0.9
202208102215,117.0,0.4
202208102230,148.0,0.4
202208102245,65.0,0.4
202208102300,,0.0
202208102315,,0.0
202208102330,,0.0
202208102345,,0.0
202208110000,157.0,0.4
202208110015,,0.0
202208110030,,0.0
202208110046,,0.0
202208110100,,0.0
202208110115,,0.0
202208110130,,0.0
202208110145,,0.0
202208110200,,0.0
202208110216,,0.0
202208110231,,0.0
202208110245,,0.0
202208110301,,0.0
202208110331,,0.0
202208110345,,0.0
202208110401,,0.0
202208110416,,0.0
202208110431,,0.0
202208110446,,0.0
202208110500,,0.0
202208110515,,0.0
202208110530,,0.0
202208110545,,0.0
202208110600,,0.0
202208110615,,0.0
202208110630,,0.0
202208110645,,0.0
202208110700,,0.0
202208110715,,0.0
202208110730,,0.0
202208110745,,0.0
202208110800,,0.0
202208110815,,0.0
202208110830,,0.0
202208110845,,0.0
202208110900,,0.0
202208110915,,0.0
202208110930,,0.0
202208110945,,0.0
202208111000,,0.0
202208111015,,0.0
202208111030,,0.0
202208111045,,0.0
202208111100,,0.0
202208111115,,0.0
202208111130,,0.0
202208111146,,0.0
202208111200,,0.0
202208111215,,0.0
202208111230,,0.0
202208111245,,0.0
202208111300,,0.0
202208111316,,0.0
202208111330,,0.0
202208111346,,0.0
202208111401,,0.0
202208111415,139.0,0.4
202208111430,,0.0
202208111445,123.0,0.4
202208111500,146.0,0.4
202208111515,,0.0
202208111530,261.0,0.4
202208111600,,0.0
202208111615,184.0,0.4
202208111630,162.0,0.4
202208111645,62.0,0.4
202208111700,105.0,0.9
202208111715,152.0,0.4
202208111730,,0.0
202208111745,,0.0
202208111800,92.0,0.4
202208111830,,0.0
202208111845,,0.0
202208111900,303.0,0.4
202208111915,,0.0
202208111930,,0.0
202208111946,,0.0
202208112001,,0.0
202208112016,,0.0
202208112031,91.0,0.9
202208112046,355.0,0.4
202208112101,,0.0
202208112130,,0.0
202208112145,,0.0
202208112200,,0.0
202208112215,,0.0
202208112230,94.0,0.4
202208112245,111.0,0.9
202208112300,,0.0
202208112315,,0.0
202208112330,,0.0
202208112345,,0.0
202208120000,,0.0
202208120015,,0.0
202208120045,,0.0
202208120100,,0.0
202208120115,,0.0
202208120130,,0.0
202208120145,,0.0
202208120200,,0.0
202208120215,,0.0
202208120230,,0.0
202208120300,,0.0
202208120315,,0.0
202208120330,,0.0
202208120345,,0.0
202208120400,,0.0
202208120415,,0.0
202208120430,,0.0
202208120445,,0.0
202208120500,,0.0
202208120515,,0.0
202208120530,,0.0
202208120546,,0.0
202208120600,,0.0
202208120615,,0.0
202208120630,,0.0
202208120646,,0.0
202208120700,,0.0
202208120715,,0.0
202208120730,,0.0
202208120745,,0.0
202208120801,,0.0
202208120815,,0.0
202208120830,,0.0
202208120845,,0.0
202208120900,,0.0
202208120915,,0.0
202208120930,,0.0
202208120945,,0.0
202208121000,,0.0
202208121030,,0.0
202208121045,,0.0
202208121100,,0.0
202208121115,,0.0
202208121130,,0.0
202208121146,,0.0
202208121200,,0.0
202208121215,,0.0
202208121230,300.0,0.4
202208121300,,0.0
202208121316,,0.0
202208121330,,0.0
202208121345,,0.0
202208121401,,0.0
202208121416,,0.0
202208121431,,0.0
202208121446,,0.0
202208121501,,0.0
202208121515,,0.0
202208121530,,0.0
202208121545,,0.0
202208121600,,0.0
202208121615,,0.0
202208121645,,0.0
202208121700,77.0,0.4
202208121715,85.0,0.4
202208121730,,0.0
202208121745,242.0,0.4
202208121800,,0.0
202208121816,,0.0
202208121830,40.0,0.4
202208121845,69.0,0.4
202208121900,,0.0
202208121916,331.0,0.9
202208121930,225.0,0.4
202208121945,198.0,0.4
202208122000,257.0,0.4
202208122016,,0.0
202208122031,,0.0
202208122045,82.0,0.9
202208122101,,0.0
202208122115,,0.0
202208122132,,0.0
202208122145,203.0,0.4
202208122201,,0.0
202208122216,28.0,0.4
202208122231,93.0,0.4
202208122246,,0.0
202208122300,234.0,0.4
202208122315,,0.0
202208122330,,0.0
202208122345,,0.0
202208130000,,0.0
202208130015,,0.0
202208130030,,0.0
202208130045,,0.0
202208130100,,0.0
202208130115,,0.0
202208130130,,0.0
202208130145,,0.0
202208130200,,0.0
202208130215,,0.0
202208130230,,0.0
202208130245,,0.0
202208130300,,0.0
202208130315,,0.0
202208130330,,0.0
202208130345,,0.0
202208130400,,0.0
202208130415,,0.0
202208130430,,0.0
202208130445,,0.0
202208130500,,0.0
202208130515,,0.0
202208130530,,0.0
202208130545,,0.0
202208130600,,0.0
202208130615,,0.0
202208130630,,0.0
202208130700,,0.0
202208130715,,0.0
202208130730,,0.0
202208130745,,0.0
202208130800,,0.0
202208130816,,0.0
202208130831,,0.0
202208130845,,0.0
202208130900,,0.0
202208130915,,0.0
202208130931,,0.0
202208130945,,0.0
202208131000,,0.0
202208131015,,0.0
202208131031,,0.0
202208131046,,0.0
202208131101,,0.0
202208131115,,0.0
202208131130,,0.0
202208131145,,0.0
202208131200,,0.0
202208131215,,0.0
202208131230,,0.0
202208131300,80.0,0.4
202208131315,76.0,0.4
202208131330,,0.0
202208131345,96.0,0.4
202208131400,,0.0
202208131415,,0.0
202208131431,,0.0
202208131445,,0.0
202208131500,,0.0
202208131516,89.0,0.4
202208131530,115.0,0.4
202208131545,128.0,0.4
202208131600,,0.0
202208131615,,0.0
202208131630,,0.0
202208131645,,0.0
202208131700,,0.0
202208131715,270.0,0.9
202208131730,266.0,0.4
202208131745,268.0,0.4
202208131800,,0.0
202208131815,86.0,0.4
202208131830,90.0,1.3
202208131845,,0.0
202208131900,,0.0
202208131916,70.0,0.9
202208131930,119.0,0.4
202208131945,167.0,0.4
202208132000,,0.0
202208132016,75.0,0.9
202208132030,111.0,0.4
202208132046,80.0,0.4
202208132100,181.0,0.4
202208132115,69.0,0.4
202208132131,70.0,0.4
202208132201,77.0,0.9
202208132216,,0.0
202208132231,,0.0
202208132246,,0.0
202208132301,,0.0
202208132316,,0.0
202208132330,,0.0
202208132346,,0.0
202208140001,,0.0
202208140016,,0.0
202208140031,,0.0
202208140045,,0.0
202208140100,,0.0
202208140115,,0.0
202208140130,,0.0
202208140200,,0.0
202208140215,,0.0
202208140230,,0.0
202208140245,,0.0
202208140300,,0.0
202208140315,,0.0
202208140330,,0.0
202208140345,,0.0
202208140400,,0.0
202208140415,,0.0
202208140430,,0.0
202208140445,,0.0
202208140500,,0.0
202208140515,,0.0
202208140530,,0.0
202208140545,,0.0
202208140600,,0.0
202208140615,,0.0
202208140630,,0.0
202208140645,,0.0
202208140700,,0.0
202208140715,,0.0
202208140730,,0.0
202208140745,,0.0
202208140800,,0.0
202208140815,,0.0
202208140831,,0.0
202208140845,,0.0
202208140900,,0.0
202208140915,,0.0
202208140930,,0.0
202208140945,,0.0
202208141000,,0.0
202208141015,,0.0
202208141030,,0.0
202208141045,,0.0
202208141100,,0.0
202208141116,,0.0
202208141132,,0.0
202208141145,,0.0
202208141201,,0.0
202208141215,,0.0
202208141231,,0.0
202208141245,,0.0
202208141300,,0.0
202208141315,,0.0
202208141330,,0.0
202208141345,,0.0
202208141400,118.0,0.4
202208141415,196.0,0.9
202208141430,,0.0
202208141446,159.0,0.4
202208141501,80.0,0.9
202208141516,74.0,0.4
202208141531,93.0,1.3
202208141546,115.0,0.4
202208141601,175.0,0.9
202208141616,90.0,0.4
202208141630,175.0,0.4
202208141645,167.0,0.9
202208141700,123.0,0.4
202208141715,80.0,0.4
202208141730,167.0,0.4
202208141745,50.0,0.4
202208141800,200.0,0.9
202208141815,113.0,0.4
202208141830,,0.0
202208141845,167.0,0.4
202208141900,,0.0
202208141915,85.0,1.3
202208141930,174.0,0.9
202208141945,188.0,0.4
202208142000,192.0,0.4
202208142015,32.0,0.4
202208142030,,0.0
202208142116,,0.0
202208142130,259.0,0.4
202208142145,60.0,0.4
202208142215,,0.0
202208142231,,0.0
202208142245,30.0,0.4
202208142300,37.0,0.4
202208142315,,0.0
202208142330,,0.0
202208142345,,0.0
202208150001,,0.0
202208150031,,0.0
202208150045,,0.0
202208150100,,0.0
202208150116,,0.0
202208150146,,0.0
202208150201,,0.0
202208150216,,0.0
202208150231,,0.0
202208150245,,0.0
202208150300,,0.0
202208150315,,0.0
202208150330,,0.0
202208150345,,0.0
202208150400,,0.0
202208150415,,0.0
202208150430,,0.0
202208150445,,0.0
202208150500,,0.0
202208150515,,0.0
202208150530,,0.0
202208150545,,0.0
202208150600,,0.0
202208150615,,0.0
202208150630,,0.0
202208150645,,0.0
202208150700,,0.0
202208150715,,0.0
202208150730,,0.0
202208150746,,0.0
202208150800,,0.0
202208150815,,0.0
202208150830,,0.0
202208150845,,0.0
202208150900,,0.0
202208150915,,0.0
202208150931,,0.0
202208150945,,0.0
202208151000,,0.0
202208151015,,0.0
202208151030,,0.0
202208151045,,0.0
202208151100,,0.0
202208151115,,0.0
202208151131,,0.0
202208151145,,0.0
202208151201,,0.0
202208151216,,0.0
202208151230,,0.0
202208151245,,0.0
202208151301,,0.0
202208151315,,0.0
202208151330,,0.0
202208151345,,0.0
202208151400,,0.0
202208151415,292.0,0.4
202208151430,224.0,0.4
202208151445,,0.0
202208151501,,0.0
202208151515,105.0,0.9
202208151530,317.0,0.9
202208151545,298.0,0.9
202208151600,312.0,0.9
202208151615,258.0,0.4
202208151630,176.0,0.4
202208151646,216.0,0.9
202208151700,159.0,0.4
202208151716,197.0,0.4
202208151730,302.0,0.4
202208151746,200.0,0.4
202208151801,261.0,0.9
202208151815,334.0,0.4
202208151830,314.0,0.4
202208151845,206.0,0.9
202208151900,290.0,0.9
202208151915,181.0,0.9
202208151930,233.0,0.4
202208151945,298.0,0.9
202208152000,306.0,0.4
202208152015,321.0,0.4
202208152030,273.0,0.9
202208152045,138.0,0.4
202208152100,42.0,0.4
202208152115,,0.0
202208152130,,0.0
202208152200,126.0,0.4
202208152215,140.0,0.9
202208152230,63.0,0.4
202208152245,113.0,0.9
202208152300,38.0,0.4
202208152315,332.0,0.9
202208152330,240.0,0.4
202208152345,254.0,0.4
202208160000,,0.0
202208160015,,0.0
202208160030,,0.0
202208160045,,0.0
202208160101,,0.0
202208160115,,0.0
202208160130,,0.0
202208160145,,0.0
202208160200,,0.0
202208160216,,0.0
202208160230,,0.0
202208160245,,0.0
202208160300,,0.0
202208160316,,0.0
202208160330,,0.0
202208160346,,0.0
202208160400,,0.0
202208160415,,0.0
202208160430,,0.0
202208160445,,0.0
202208160500,,0.0
202208160515,,0.0
202208160531,,0.0
202208160546,,0.0
202208160601,,0.0
202208160615,,0.0
202208160630,,0.0
202208160645,,0.0
202208160700,,0.0
202208160715,,0.0
202208160730,,0.0
202208160746,,0.0
202208160800,,0.0
202208160816,,0.0
202208160830,,0.0
202208160845,,0.0
202208160900,,0.0
202208160915,,0.0
202208160930,,0.0
202208160945,,0.0
202208161000,,0.0
202208161015,,0.0
202208161030,,0.0
202208161046,,0.0
202208161100,,0.0
202208161115,,0.0
202208161130,,0.0
202208161200,,0.0
202208161215,,0.0
202208161230,,0.0
202208161245,94.0,0.4
202208161300,,0.0
202208161315,,0.0
202208161330,,0.0
202208161345,76.0,0.4
202208161400,109.0,0.4
202208161416,,0.0
202208161431,82.0,0.4
202208161445,134.0,0.9
202208161500,,0.0
202208161515,,0.0
202208161530,90.0,0.9
202208161545,257.0,0.4
202208161600,84.0,0.4
202208161615,221.0,0.4
202208161630,,0.0
202208161645,107.0,0.9
202208161700,104.0,0.4
202208161715,76.0,0.4
202208161730,,0.0
202208161745,,0.0
202208161801,290.0,0.4
202208161815,,0.0
202208161830,,0.0
202208161845,284.0,0.4
202208161900,109.0,0.4
202208161916,85.0,0.9
202208161931,,0.0
202208161945,339.0,0.9
202208162000,,0.0
202208162016,147.0,0.4
202208162031,105.0,0.4
202208162046,5.0,0.9
202208162100,212.0,0.4
202208162115,71.0,1.3
202208162131,59.0,0.9
202208162146,166.0,0.4
202208162201,,0.0
202208162216,225.0,0.4
202208162231,67.0,0.4
202208162246,,0.0
202208162300,,0.0
202208162315,,0.0
202208162330,,0.0
202208162345,,0.0
202208170000,,0.0
202208170015,,0.0
202208170030,,0.0
202208170045,,0.0
202208170100,,0.0
202208170115,,0.0
202208170130,,0.0
202208170145,,0.0
202208170200,,0.0
202208170215,,0.0
202208170230,,0.0
202208170245,,0.0
202208170300,,0.0
202208170315,,0.0
202208170330,,0.0
202208170345,,0.0
202208170400,,0.0
202208170415,,0.0
202208170430,,0.0
202208170445,,0.0
202208170500,,0.0
202208170515,,0.0
202208170530,,0.0
202208170545,,0.0
202208170600,,0.0
202208170615,,0.0
202208170630,,0.0
202208170645,,0.0
202208170700,,0.0
202208170715,,0.0
202208170730,,0.0
202208170745,,0.0
202208170800,,0.0
202208170815,,0.0
202208170830,,0.0
202208170900,,0.0
202208170915,,0.0
202208170930,,0.0
202208170945,,0.0
202208171000,,0.0
202208171015,,0.0
202208171030,,0.0
202208171045,,0.0
202208171100,,0.0
202208171115,,0.0
202208171131,,0.0
202208171145,,0.0
202208171215,,0.0
202208171231,,0.0
202208171245,,0.0
202208171300,,0.0
202208171316,,0.0
202208171330,,0.0
202208171346,,0.0
202208171401,,0.0
202208171416,,0.0
202208171430,,0.0
202208171445,,0.0
202208171500,,0.0
202208171515,,0.0
202208171530,,0.0
202208171545,,0.0
202208171600,,0.0
202208171615,,0.0
202208171630,296.0,0.4
202208171645,,0.0
202208171700,,0.0
202208171715,,0.0
202208171730,,0.0
202208171745,,0.0
202208171800,,0.0
202208171815,,0.0
202208171830,,0.0
202208171845,271.0,0.4
202208171900,,0.0
202208171915,,0.0
202208171930,,0.0
202208171946,,0.0
202208172000,62.0,0.4
202208172031,,0.0
202208172046,,0.0
202208172115,,0.0
202208172130,,0.0
202208172145,,0.0
202208172200,,0.0
202208172215,,0.0
202208172230,,0.0
202208172245,,0.0
202208172330,,0.0
202208172345,,0.0
202208180000,,0.0
202208180015,,0.0
202208180030,,0.0
202208180100,,0.0
202208180115,,0.0
202208180145,,0.0
202208180200,,0.0
202208180215,,0.0
202208180230,,0.0
202208180245,,0.0
202208180300,,0.0
202208180315,,0.0
202208180345,,0.0
202208180400,,0.0
202208180430,,0.0
202208180445,,0.0
202208180515,,0.0
202208180530,,0.0
202208180545,,0.0
202208180600,,0.0
202208180615,,0.0
202208180630,,0.0
202208180645,,0.0
202208180700,,0.0
202208180715,,0.0
202208180731,,0.0
202208180745,,0.0
202208180800,,0.0
202208180815,,0.0
202208180830,,0.0
202208180845,,0.0
202208180901,,0.0
202208180916,,0.0
202208180930,,0.0
202208180945,,0.0
202208181000,,0.0
202208181015,,0.0
202208181030,,0.0
202208181046,,0.0
202208181101,,0.0
202208181116,,0.0
202208181130,,0.0
202208181145,,0.0
202208181201,,0.0
202208181216,,0.0
202208181231,,0.0
202208181245,,0.0
202208181300,,0.0
202208181315,,0.0
202208181330,90.0,0.4
202208181345,179.0,0.4
202208181400,60.0,1.3
202208181415,,0.0
202208181430,111.0,0.4
202208181445,107.0,0.4
202208181501,,0.0
202208181515,,0.0
202208181530,,0.0
202208181545,244.0,0.4
202208181600,71.0,0.9
202208181615,,0.0
202208181630,,0.0
202208181645,,0.0
202208181700,,0.0
202208181715,,0.0
202208181731,,0.0
202208181745,,0.0
202208181801,,0.0
202208181815,,0.0
202208181831,,0.0
202208181846,,0.0
202208181901,,0.0
202208181915,239.0,0.9
202208181945,,0.0
202208182001,,0.0
202208182015,,0.0
202208182030,,0.0
202208182045,,0.0
202208182100,,0.0
202208182115,,0.0
202208182130,,0.0
202208182145,,0.0
202208182200,,0.0
202208182215,,0.0
202208182230,,0.0
202208182245,,0.0
202208182300,,0.0
202208182315,,0.0
202208182330,,0.0
202208182345,,0.0
202208190000,,0.0
202208190015,,0.0
202208190031,,0.0
202208190045,,0.0
202208190101,,0.0
202208190115,,0.0
202208190130,,0.0
202208190145,,0.0
202208190200,,0.0
202208190215,,0.0
202208190230,,0.0
202208190245,,0.0
202208190300,,0.0
202208190330,,0.0
202208190345,,0.0
202208190400,,0.0
202208190415,,0.0
202208190430,,0.0
202208190445,,0.0
202208190500,,0.0
202208190515,,0.0
202208190530,,0.0
202208190546,,0.0
202208190601,,0.0
202208190615,,0.0
202208190631,,0.0
202208190646,,0.0
202208190700,,0.0
202208190716,,0.0
202208190745,,0.0
202208190801,,0.0
202208190816,,0.0
202208190831,,0.0
202208190845,,0.0
202208190900,,0.0
202208190916,,0.0
202208190931,,0.0
202208190946,,0.0
202208191001,,0.0
202208191015,,0.0
202208191030,,0.0
202208191045,,0.0
202208191100,,0.0
202208191115,,0.0
202208191130,,0.0
202208191145,,0.0
202208191200,,0.0
202208191215,,0.0
202208191230,,0.0
202208191245,,0.0
202208191300,,0.0
202208191315,,0.0
202208191345,,0.0
202208191415,,0.0
202208191430,,0.0
202208191445,,0.0
202208191515,,0.0
202208191531,,0.0
202208191546,97.0,0.4
202208191600,,0.0
202208191615,,0.0
202208191630,67.0,0.4
202208191645,,0.0
202208191700,,0.0
202208191715,109.0,0.9
202208191730,49.0,0.4
202208191745,63.0,0.9
202208191800,,0.0
202208191815,139.0,0.4
202208191830,191.0,0.9
202208191845,,0.0
202208191900,227.0,0.4
202208191915,192.0,0.4
202208191930,160.0,0.4
202208191945,144.0,0.4
202208192000,213.0,0.9
202208192015,188.0,0.4
202208192030,,0.0
202208192045,309.0,0.9
202208192100,,0.0
202208192115,84.0,0.4
202208192130,86.0,0.9
202208192145,78.0,0.4
202208192200,,0.0
202208192215,,0.0
202208192230,,0.0
202208192246,,0.0
202208192300,,0.0
202208192315,,0.0
202208192330,,0.0
202208192345,,0.0
202208200000,,0.0
202208200031,,0.0
202208200045,,0.0
202208200100,,0.0
202208200115,,0.0
202208200130,,0.0
202208200145,,0.0
202208200200,,0.0
202208200216,,0.0
202208200231,,0.0
202208200246,,0.0
202208200301,,0.0
202208200315,,0.0
202208200330,,0.0
202208200346,,0.0
202208200401,,0.0
202208200416,,0.0
202208200430,,0.0
202208200445,259.0,0.4
202208200500,205.0,0.4
202208200515,,0.0
202208200530,209.0,0.4
202208200545,,0.0
202208200600,,0.0
202208200615,,0.0
202208200630,,0.0
202208200645,,0.0
202208200700,,0.0
202208200715,,0.0
202208200730,,0.0
202208200745,,0.0
202208200800,,0.0
202208200815,,0.0
202208200830,,0.0
202208200845,,0.0
202208200900,,0.0
202208200930,,0.0
202208200945,,0.0
202208201000,,0.0
202208201015,,0.0
202208201030,,0.0
202208201046,,0.0
202208201100,,0.0
202208201115,,0.0
202208201130,,0.0
202208201145,,0.0
202208201200,,0.0
202208201216,,0.0
202208201230,,0.0
202208201315,,0.0
202208201331,,0.0
202208201345,,0.0
202208201401,,0.0
202208201415,,0.0
202208201431,,0.0
202208201446,,0.0
202208201500,,0.0
202208201515,,0.0
202208201530,,0.0
202208201545,,0.0
202208201600,,0.0
202208201615,148.0,0.4
202208201630,,0.0
202208201645,213.0,0.9
202208201700,257.0,0.4
202208201715,198.0,0.4
202208201745,,0.0
202208201800,,0.0
202208201815,,0.0
202208201830,,0.0
202208201845,130.0,0.4
202208201915,78.0,0.4
202208201931,,0.0
202208201945,289.0,0.4
202208202001,137.0,0.4
202208202016,266.0,0.4
202208202031,,0.0
202208202046,,0.0
202208202101,,0.0
202208202116,,0.0
202208202131,52.0,0.4
202208202146,,0.0
202208202201,51.0,0.4
202208202215,70.0,0.4
202208202231,,0.0
202208202246,,0.0
202208202300,,0.0
202208202316,,0.0
202208202332,,0.0
202208210000,,0.0
202208210015,,0.0
202208210031,,0.0
202208210045,173.0,2.2
202208210101,220.0,0.4
202208210130,284.0,0.4
202208210145,170.0,0.4
202208210200,306.0,0.4
202208210215,,0.0
202208210230,,0.0
202208210245,,0.0
202208210300,,0.0
202208210315,,0.0
202208210330,,0.0
202208210345,,0.0
202208210400,,0.0
202208210415,,0.0
202208210430,,0.0
202208210445,,0.0
202208210500,,0.0
202208210515,,0.0
202208210530,,0.0
202208210545,,0.0
202208210600,,0.0
202208210615,,0.0
202208210630,,0.0
202208210645,,0.0
202208210700,,0.0
202208210716,,0.0
202208210730,,0.0
202208210745,,0.0
202208210801,,0.0
202208210815,,0.0
202208210830,,0.0
202208210845,,0.0
202208210900,,0.0
202208210915,,0.0
202208210930,,0.0
202208210945,,0.0
202208211000,,0.0
202208211015,,0.0
202208211030,,0.0
202208211045,,0.0
202208211101,,0.0
202208211115,,0.0
202208211130,,0.0
202208211145,,0.0
202208211200,,0.0
202208211215,,0.0
202208211230,,0.0
202208211246,,0.0
202208211300,,0.0
202208211315,,0.0
202208211331,,0.0
202208211346,,0.0
202208211415,128.0,0.4
202208211430,178.0,0.4
202208211445,,0.0
202208211500,,0.0
202208211515,309.0,0.9
202208211530,309.0,0.4
202208211600,153.0,0.4
202208211615,296.0,0.9
202208211700,,0.0
202208211716,246.0,0.4
202208211730,,0.0
202208211745,157.0,0.9
202208211800,344.0,0.9
202208211815,185.0,0.4
202208211830,286.0,0.4
202208211846,,0.0
202208211901,,0.0
202208211915,164.0,0.4
202208211930,,0.0
202208212000,,0.0
202208212015,306.0,0.4
202208212031,167.0,0.4
202208212045,,0.0
202208212100,332.0,0.4
202208212115,,0.0
202208212130,,0.0
202208212145,,0.0
202208212200,,0.0
202208212215,,0.0
202208212230,192.0,0.4
202208212245,,0.0
202208212300,,0.0
202208212315,,0.0
202208212330,,0.0
202208212345,,0.0
202208220015,,0.0
202208220030,176.0,0.4
202208220045,,0.0
202208220100,,0.0
202208220115,,0.0
202208220130,,0.0
202208220145,,0.0
202208220200,,0.0
202208220216,,0.0
202208220230,,0.0
202208220245,,0.0
202208220300,284.0,0.4
202208220315,,0.0
202208220330,,0.0
202208220345,,0.0
202208220400,,0.0
202208220415,306.0,0.4
202208220430,,0.0
202208220445,,0.0
202208220500,,0.0
202208220515,,0.0
202208220545,,0.0
202208220615,,0.0
202208220631,,0.0
202208220646,,0.0
202208220715,,0.0
202208220730,,0.0
202208220745,,0.0
202208220800,,0.0
202208220815,,0.0
202208220830,,0.0
202208220845,,0.0
202208220900,,0.0
202208220915,,0.0
202208220930,,0.0
202208220945,,0.0
202208221000,,0.0
202208221015,,0.0
202208221030,,0.0
202208221100,,0.0
202208221115,,0.0
202208221130,,0.0
202208221145,,0.0
202208221200,,0.0
202208221215,,0.0
202208221230,,0.0
202208221246,,0.0
202208221300,,0.0
202208221315,,0.0
202208221330,,0.0
202208221345,,0.0
202208221400,,0.0
202208221416,,0.0
202208221430,,0.0
202208221445,,0.0
202208221500,,0.0
202208221515,,0.0
202208221530,,0.0
202208221545,,0.0
202208221600,,0.0
202208221615,,0.0
202208221630,,0.0
202208221645,,0.0
202208221700,,0.0
202208221715,,0.0
202208221730,,0.0
202208221746,,0.0
202208221801,,0.0
202208221815,,0.0
202208221830,,0.0
202208221845,,0.0
202208221901,,0.0
202208221915,,0.0
202208221930,,0.0
202208221945,,0.0
202208222015,,0.0
202208222030,,0.0
202208222046,,0.0
202208222100,,0.0
202208222116,,0.0
202208222130,,0.0
202208222145,,0.0
202208222216,,0.0
202208222230,,0.0
202208222245,,0.0
202208222300,,0.0
202208222315,,0.0
202208222330,,0.0
202208222345,,0.0
202208230000,,0.0
202208230015,,0.0
202208230030,,0.0
202208230045,,0.0
202208230115,,0.0
202208230130,,0.0
202208230145,,0.0
202208230200,,0.0
202208230215,,0.0
202208230230,,0.0
202208230245,,0.0
202208230300,,0.0
202208230315,,0.0
202208230330,,0.0
202208230345,,0.0
202208230415,,0.0
202208230430,,0.0
202208230445,,0.0
202208230500,,0.0
202208230530,,0.0
202208230600,,0.0
202208230615,,0.0
202208230630,,0.0
202208230646,,0.0
202208230701,,0.0
202208230716,,0.0
202208230731,,0.0
202208230746,,0.0
202208230800,,0.0
202208230815,,0.0
202208230830,,0.0
202208230845,,0.0
202208230900,,0.0
202208230915,,0.0
202208230930,,0.0
202208230945,,0.0
202208231000,,0.0
202208231015,,0.0
202208231030,,0.0
202208231045,,0.0
202208231100,,0.0
202208231115,,0.0
202208231130,,0.0
202208231146,301.0,0.4
202208231201,,0.0
202208231215,,0.0
202208231231,,0.0
202208231246,,0.0
202208231301,,0.0
202208231315,,0.0
202208231345,,0.0
202208231400,,0.0
202208231415,,0.0
202208231430,,0.0
202208231445,,0.0
202208231500,,0.0
202208231515,,0.0
202208231530,,0.0
202208231545,,0.0
202208231600,,0.0
202208231615,,0.0
202208231630,,0.0
202208231645,,0.0
202208231700,,0.0
202208231715,,0.0
202208231730,,0.0
202208231745,283.0,0.4
202208231800,,0.0
202208231815,,0.0
202208231832,,0.0
202208231845,,0.0
202208231900,,0.0
202208231915,,0.0
202208231931,,0.0
202208231946,281.0,0.4
202208232001,,0.0
202208232016,,0.0
202208232031,,0.0
202208232046,,0.0
202208232116,,0.0
202208232130,,0.0
202208232145,,0.0
202208232200,,0.0
202208232215,,0.0
202208232230,,0.0
202208232245,,0.0
202208232315,,0.0
202208232330,,0.0
202208232345,,0.0
202208240000,,0.0
202208240015,,0.0
202208240030,,0.0
202208240045,,0.0
202208240100,,0.0
202208240130,,0.0
202208240145,,0.0
202208240200,,0.0
202208240215,,0.0
202208240230,,0.0
202208240245,,0.0
202208240300,,0.0
202208240330,,0.0
202208240345,,0.0
202208240401,,0.0
202208240415,,0.0
202208240430,,0.0
202208240445,,0.0
202208240500,,0.0
202208240515,,0.0
202208240531,,0.0
202208240545,,0.0
202208240600,,0.0
202208240615,,0.0
202208240630,,0.0
202208240645,,0.0
202208240715,,0.0
202208240730,,0.0
202208240745,,0.0
202208240815,,0.0
202208240830,,0.0
202208240900,,0.0
202208240915,,0.0
202208240931,,0.0
202208240945,,0.0
202208241000,,0.0
202208241015,,0.0
202208241030,,0.0
202208241046,,0.0
202208241116,,0.0
202208241131,,0.0
202208241145,,0.0
202208241201,,0.0
202208241215,,0.0
202208241245,,0.0
202208241300,,0.0
202208241315,,0.0
202208241330,,0.0
202208241345,,0.0
202208241400,,0.0
202208241415,,0.0
202208241430,,0.0
202208241445,,0.0
202208241500,,0.0
202208241515,,0.0
202208241530,,0.0
202208241545,,0.0
202208241601,,0.0
202208241616,,0.0
202208241630,,0.0
202208241646,,0.0
202208241700,,0.0
202208241715,,0.0
202208241730,,0.0
202208241745,,0.0
202208241800,,0.0
202208241830,,0.0
202208241845,,0.0
202208241900,,0.0
202208241915,,0.0
202208241930,,0.0
202208241945,,0.0
202208242000,,0.0
202208242015,,0.0
202208242031,,0.0
202208242100,,0.0
202208242115,,0.0
202208242130,,0.0
202208242145,,0.0
202208242200,,0.0
202208242215,,0.0
202208242231,,0.0
202208242245,,0.0
202208242300,,0.0
202208242315,,0.0
202208242330,,0.0
202208242345,,0.0
202208250000,,0.0
202208250015,,0.0
202208250031,,0.0
202208250046,,0.0
202208250100,,0.0
202208250115,,0.0
202208250130,,0.0
202208250145,,0.0
202208250201,,0.0
202208250216,,0.0
202208250231,,0.0
202208250245,,0.0
202208250300,,0.0
202208250316,,0.0
202208250330,,0.0
202208250345,,0.0
202208250400,,0.0
202208250416,113.0,0.4
202208250431,,0.0
202208250446,,0.0
202208250500,,0.0
202208250516,,0.0
202208250530,,0.0
202208250545,,0.0
202208250600,,0.0
202208250615,,0.0
202208250630,,0.0
202208250645,,0.0
202208250700,,0.0
202208250715,,0.0
202208250730,,0.0
202208250745,,0.0
202208250800,,0.0
202208250815,,0.0
202208250830,,0.0
202208250845,,0.0
202208250900,,0.0
202208250915,,0.0
202208250945,,0.0
202208251000,,0.0
202208251015,,0.0
202208251030,,0.0
202208251045,,0.0
202208251100,,0.0
202208251130,,0.0
202208251145,,0.0
202208251200,,0.0
202208251216,,0.0
202208251231,,0.0
202208251246,,0.0
202208251300,,0.0
202208251316,,0.0
202208251345,,0.0
202208251400,,0.0
202208251415,,0.0
202208251430,,0.0
202208251445,,0.0
202208251500,,0.0
202208251530,64.0,0.4
202208251545,,0.0
202208251601,,0.0
202208251615,180.0,0.4
202208251631,94.0,0.4
202208251646,,0.0
202208251700,,0.0
202208251715,,0.0
202208251731,,0.0
202208251746,,0.0
202208251801,,0.0
202208251815,,0.0
202208251831,,0.0
202208251845,211.0,0.4
202208251900,,0.0
202208251915,,0.0
202208251930,94.0,0.9
202208251945,,0.0
202208252000,,0.0
202208252015,,0.0
202208252030,80.0,0.4
202208252045,,0.0
202208252100,,0.0
202208252115,171.0,0.4
202208252130,186.0,0.4
202208252145,,0.0
202208252200,,0.0
202208252215,,0.0
202208252230,179.0,0.4
202208252245,,0.0
202208252300,,0.0
202208252315,,0.0
202208252330,,0.0
202208252345,,0.0
202208260000,,0.0
202208260015,,0.0
202208260030,,0.0
202208260045,,0.0
202208260100,,0.0
202208260115,,0.0
202208260130,,0.0
202208260145,,0.0
202208260200,,0.0
202208260215,,0.0
202208260230,,0.0
202208260245,,0.0
202208260300,,0.0
202208260330,,0.0
202208260345,,0.0
202208260400,,0.0
202208260415,,0.0
202208260430,,0.0
202208260445,,0.0
202208260500,,0.0
202208260515,,0.0
202208260530,,0.0
202208260545,,0.0
202208260600,,0.0
202208260616,,0.0
202208260630,,0.0
202208260645,,0.0
202208260700,,0.0
202208260715,,0.0
202208260730,,0.0
202208260745,,0.0
202208260800,,0.0
202208260815,,0.0
202208260830,,0.0
202208260845,,0.0
202208260900,,0.0
202208260915,,0.0
202208260930,,0.0
202208260946,,0.0
202208261000,,0.0
202208261016,,0.0
202208261031,,0.0
202208261045,,0.0
202208261100,,0.0
202208261115,,0.0
202208261130,,0.0
202208261145,,0.0
202208261200,,0.0
202208261215,,0.0
202208261230,,0.0
202208261245,,0.0
202208261300,,0.0
202208261315,,0.0
202208261330,,0.0
202208261345,,0.0
202208261401,,0.0
202208261415,,0.0
202208261431,,0.0
202208261446,,0.0
202208261501,,0.0
202208261530,,0.0
202208261545,,0.0
202208261600,,0.0
202208261615,181.0,0.4
202208261630,,0.0
202208261645,86.0,0.4
202208261700,274.0,0.4
202208261715,187.0,0.4
202208261731,155.0,0.4
202208261745,192.0,0.9
202208261800,,0.0
202208261816,294.0,0.4
202208261830,57.0,0.4
202208261845,,0.0
202208261900,98.0,0.9
202208261915,,0.0
202208261946,,0.0
202208262001,,0.0
202208262016,,0.0
202208262031,,0.0
202208262046,,0.0
202208262101,,0.0
202208262115,,0.0
202208262130,,0.0
202208262145,,0.0
202208262200,,0.0
202208262215,,0.0
202208262230,,0.0
202208262245,,0.0
202208262300,,0.0
202208262315,,0.0
202208262330,,0.0
202208262345,,0.0
202208270000,,0.0
202208270015,,0.0
202208270030,,0.0
202208270045,,0.0
202208270100,,0.0
202208270115,,0.0
202208270131,,0.0
202208270145,,0.0
202208270200,,0.0
202208270215,,0.0
202208270230,,0.0
202208270245,,0.0
202208270300,,0.0
202208270315,,0.0
202208270330,,0.0
202208270345,,0.0
202208270400,,0.0
202208270415,,0.0
202208270430,,0.0
202208270445,,0.0
202208270515,,0.0
202208270530,,0.0
202208270545,,0.0
202208270600,,0.0
202208270615,,0.0
202208270631,,0.0
202208270645,,0.0
202208270700,,0.0
202208270715,,0.0
202208270730,,0.0
202208270745,,0.0
202208270800,,0.0
202208270815,,0.0
202208270830,,0.0
202208270845,,0.0
202208270901,,0.0
202208270916,,0.0
202208270930,,0.0
202208270945,,0.0
202208271001,,0.0
202208271016,,0.0
202208271030,,0.0
202208271046,,0.0
202208271100,,0.0
202208271115,,0.0
202208271130,,0.0
202208271146,,0.0
202208271202,,0.0
202208271230,,0.0
202208271245,,0.0
202208271300,,0.0
202208271315,,0.0
202208271330,,0.0
202208271345,,0.0
202208271400,,0.0
202208271415,,0.0
202208271430,,0.0
202208271445,,0.0
202208271500,70.0,0.9
202208271530,,0.0
202208271545,,0.0
202208271602,81.0,0.4
202208271616,,0.0
202208271630,,0.0
202208271645,,0.0
202208271700,109.0,0.9
202208271730,,0.0
202208271745,259.0,0.4
202208271800,,0.0
202208271815,84.0,0.4
202208271830,,0.0
202208271845,200.0,0.4
202208271900,,0.0
202208271915,,0.0
202208271930,,0.0
202208271945,,0.0
202208272000,,0.0
202208272015,,0.0
202208272030,,0.0
202208272046,,0.0
202208272100,,0.0
202208272115,91.0,0.9
202208272130,99.0,0.4
202208272145,,0.0
202208272200,,0.0
202208272215,148.0,0.4
202208272230,,0.0
202208272246,,0.0
202208272300,17.0,0.4
202208272315,,0.0
202208272331,,0.0
202208272346,,0.0
202208280000,,0.0
202208280015,,0.0
202208280030,,0.0
202208280045,,0.0
202208280101,,0.0
202208280116,,0.0
202208280146,,0.0
202208280201,,0.0
202208280216,,0.0
202208280231,,0.0
202208280246,,0.0
202208280301,355.0,0.4
202208280331,,0.0
202208280346,,0.0
202208280400,,0.0
202208280415,,0.0
202208280430,,0.0
202208280445,,0.0
202208280500,,0.0
202208280515,,0.0
202208280530,,0.0
202208280545,,0.0
202208280600,,0.0
202208280615,,0.0
202208280631,,0.0
202208280645,,0.0
202208280701,,0.0
202208280715,,0.0
202208280730,,0.0
202208280745,,0.0
202208280801,,0.0
202208280815,,0.0
202208280830,,0.0
202208280900,,0.0
202208280930,,0.0
202208280946,,0.0
202208281000,,0.0
202208281015,,0.0
202208281030,,0.0
202208281046,,0.0
202208281100,,0.0
202208281115,,0.0
202208281130,,0.0
202208281145,,0.0
202208281200,,0.0
202208281215,,0.0
202208281230,,0.0
202208281245,,0.0
202208281300,,0.0
202208281315,,0.0
202208281330,,0.0
202208281345,,0.0
202208281400,,0.0
202208281415,67.0,0.4
202208281430,,0.0
202208281446,,0.0
202208281515,164.0,0.4
202208281530,65.0,0.4
202208281545,,0.0
202208281600,,0.0
202208281615,106.0,0.9
202208281630,162.0,0.4
202208281645,,0.0
202208281700,,0.0
202208281715,,0.0
202208281730,223.0,0.9
202208281745,169.0,0.9
202208281800,,0.0
202208281815,79.0,0.4
202208281830,,0.0
202208281845,,0.0
202208281900,178.0,0.4
202208281915,27.0,0.4
202208281930,232.0,0.4
202208281945,51.0,0.4
202208282015,276.0,0.4
202208282046,277.0,0.4
202208282100,,0.0
202208282115,69.0,0.4
202208282130,,0.0
202208282145,,0.0
202208282201,118.0,0.4
202208282216,300.0,0.4
202208282230,102.0,0.4
202208282245,,0.0
202208282301,,0.0
202208282315,,0.0
202208282331,,0.0
202208282346,,0.0
202208290001,,0.0
202208290015,,0.0
202208290016,,0.0
202208290030,,0.0
202208290045,,0.0
202208290100,,0.0
202208290115,,0.0
202208290145,,0.0
202208290200,,0.0
202208290215,,0.0
202208290230,,0.0
202208290300,,0.0
202208290315,,0.0
202208290345,,0.0
202208290400,,0.0
202208290415,,0.0
202208290430,,0.0
202208290445,,0.0
202208290500,,0.0
202208290515,,0.0
202208290530,,0.0
202208290545,,0.0
202208290600,,0.0
202208290615,,0.0
202208290630,,0.0
202208290645,,0.0
202208290700,,0.0
202208290715,,0.0
202208290730,,0.0
202208290745,,0.0
202208290800,,0.0
202208290830,,0.0
202208290846,,0.0
202208290900,,0.0
202208290915,,0.0
202208290930,,0.0
202208290945,,0.0
202208291000,,0.0
202208291015,,0.0
202208291030,,0.0
202208291045,,0.0
202208291100,,0.0
202208291116,,0.0
202208291131,,0.0
202208291145,,0.0
202208291201,,0.0
202208291215,,0.0
202208291230,,0.0
202208291245,,0.0
202208291301,,0.0
202208291315,,0.0
202208291330,,0.0
202208291345,,0.0
202208291400,,0.0
202208291415,,0.0
202208291430,63.0,0.4
202208291445,,0.0
202208291500,,0.0
202208291516,,0.0
202208291545,,0.0
202208291601,,0.0
202208291616,220.0,0.4
202208291631,155.0,0.4
202208291700,63.0,0.4
202208291715,,0.0
202208291731,70.0,0.4
202208291746,,0.0
202208291801,86.0,0.4
202208291815,165.0,0.4
202208291830,,0.0
202208291845,,0.0
202208291900,,0.0
202208291930,71.0,0.4
202208291945,13.0,0.4
202208292000,96.0,0.4
202208292015,,0.0
202208292030,,0.0
202208292045,192.0,0.4
202208292100,104.0,0.4
202208292115,52.0,0.4
202208292130,78.0,0.4
202208292145,,0.0
202208292200,,0.0
202208292216,,0.0
202208292230,,0.0
202208292245,,0.0
202208292300,,0.0
202208292315,,0.0
202208292330,,0.0
202208300000,,0.0
202208300030,,0.0
202208300045,,0.0
202208300100,,0.0
202208300116,,0.0
202208300130,,0.0
202208300145,,0.0
202208300201,,0.0
202208300215,,0.0
202208300230,,0.0
202208300245,,0.0
202208300300,,0.0
202208300315,,0.0
202208300330,,0.0
202208300345,,0.0
202208300400,,0.0
202208300416,,0.0
202208300430,,0.0
202208300445,,0.0
202208300500,,0.0
202208300530,,0.0
202208300545,,0.0
202208300601,,0.0
202208300616,,0.0
202208300630,,0.0
202208300645,,0.0
202208300700,,0.0
202208300715,,0.0
202208300730,,0.0
202208300745,,0.0
202208300800,,0.0
202208300815,,0.0
202208300830,,0.0
202208300845,,0.0
202208300900,,0.0
202208300915,,0.0
202208300930,,0.0
202208300945,,0.0
202208301000,,0.0
202208301015,,0.0
202208301030,,0.0
202208301045,,0.0
202208301100,,0.0
202208301115,,0.0
202208301130,,0.0
202208301145,,0.0
202208301200,,0.0
202208301215,,0.0
202208301231,,0.0
202208301245,,0.0
202208301300,,0.0
202208301316,,0.0
202208301331,,0.0
202208301345,,0.0
202208301401,,0.0
202208301416,,0.0
202208301430,,0.0
202208301445,,0.0
202208301500,,0.0
202208301515,,0.0
202208301530,,0.0
202208301545,,0.0
202208301600,,0.0
202208301615,152.0,0.4
202208301630,281.0,0.4
202208301645,181.0,1.8
202208301700,,0.0
202208301715,,0.0
202208301730,,0.0
202208301745,133.0,0.9
202208301800,163.0,0.9
202208301815,,0.0
202208301830,,0.0
202208301845,,0.0
202208301900,,0.0
202208301915,,0.0
202208301945,,0.0
202208302001,,0.0
202208302015,,0.0
202208302030,,0.0
202208302045,,0.0
202208302100,,0.0
202208302115,,0.0
202208302130,,0.0
202208302145,,0.0
202208302215,,0.0
202208302230,,0.0
202208302245,,0.0
202208302300,,0.0
202208302315,,0.0
202208302330,,0.0
202208302346,,0.0
202208310000,,0.0
202208310015,,0.0
202208310046,,0.0
202208310101,,0.0
202208310115,,0.0
202208310130,,0.0
202208310146,,0.0
202208310200,,0.0
202208310216,,0.0
202208310231,,0.0
202208310245,,0.0
202208310300,,0.0
202208310316,,0.0
202208310330,,0.0
202208310346,,0.0
202208310401,,0.0
202208310416,,0.0
202208310430,,0.0
202208310446,,0.0
202208310501,,0.0
202208310515,,0.0
202208310530,,0.0
202208310546,,0.0
202208310601,,0.0
202208310616,,0.0
202208310631,,0.0
202208310646,,0.0
202208310701,,0.0
202208310715,,0.0
202208310730,,0.0
202208310745,,0.0
202208310800,,0.0
202208310815,,0.0
202208310830,,0.0
202208310845,,0.0
202208310900,,0.0
202208310915,,0.0
202208310931,,0.0
202208310945,,0.0
202208311001,,0.0
202208311015,,0.0
202208311030,,0.0
202208311045,,0.0
202208311101,,0.0
202208311115,,0.0
202208311131,,0.0
202208311146,,0.0
202208311200,,0.0
202208311215,,0.0
202208311230,,0.0
202208311245,,0.0
202208311300,92.0,0.4
202208311315,76.0,0.4
202208311330,,0.0
202208311345,,0.0
202208311400,,0.0
202208311415,82.0,0.4
202208311430,74.0,0.9
202208311446,80.0,1.3
202208311500,60.0,0.4
202208311515,,0.0
202208311545,136.0,0.4
202208311600,74.0,0.9
202208311615,99.0,0.9
202208311630,64.0,0.9
202208311645,67.0,0.4
202208311700,74.0,0.9
202208311715,331.0,0.4
202208311730,,0.0
202208311745,89.0,0.4
202208311800,,0.0
202208311815,91.0,0.4
202208311830,,0.0
202208311845,,0.0
202208311900,287.0,0.4
202208311915,302.0,0.4
202208311930,155.0,0.4
202208311946,57.0,0.9
202208312000,,0.0
202208312015,,0.0
202208312031,260.0,0.4
202208312045,250.0,0.4
202208312100,194.0,0.4
202208312116,114.0,0.4
202208312130,,0.0
202208312145,101.0,0.4
202208312216,32.0,0.4
202208312231,,0.0
202208312245,,0.0
202208312301,,0.0
202208312316,,0.0
202208312331,,0.0
202208312346,,0.0
202209010001,,0.0
202209010016,,0.0
202209010031,,0.0
202209010046,,0.0
202209010100,,0.0
202209010115,,0.0
202209010130,,0.0
202209010145,,0.0
202209010200,,0.0
202209010216,,0.0
202209010230,,0.0
202209010246,,0.0
202209010300,,0.0
202209010330,,0.0
202209010345,,0.0
202209010400,,0.0
202209010415,,0.0
202209010430,,0.0
202209010445,,0.0
202209010500,,0.0
202209010515,,0.0
202209010545,,0.0
202209010600,,0.0
202209010615,,0.0
202209010630,,0.0
202209010645,,0.0
202209010700,,0.0
202209010715,,0.0
202209010730,,0.0
202209010745,,0.0
202209010800,,0.0
202209010816,,0.0
202209010830,,0.0
202209010845,,0.0
202209010901,,0.0
202209010916,,0.0
202209010930,,0.0
202209010945,,0.0
202209011000,,0.0
202209011015,,0.0
202209011045,,0.0
202209011100,,0.0
202209011115,,0.0
202209011130,,0.0
202209011146,,0.0
202209011201,,0.0
202209011216,,0.0
202209011230,,0.0
202209011245,,0.0
202209011300,,0.0
202209011315,,0.0
202209011330,,0.0
202209011345,85.0,0.4
202209011400,83.0,0.4
202209011415,80.0,0.4
202209011430,,0.0
202209011445,,0.0
202209011500,,0.0
202209011516,74.0,0.4
202209011530,74.0,0.4
202209011546,71.0,0.4
202209011615,73.0,1.3
202209011630,,0.0
202209011645,,0.0
202209011700,,0.0
202209011716,236.0,0.4
202209011730,,0.0
202209011745,65.0,0.9
202209011800,70.0,0.4
202209011815,168.0,0.4
202209011830,336.0,0.9
202209011845,82.0,0.9
202209011900,,0.0
202209011915,146.0,0.4
202209011930,,0.0
202209011945,288.0,0.4
202209012000,,0.0
202209012016,150.0,0.4
202209012030,236.0,0.4
202209012045,,0.0
202209012100,,0.0
202209012115,,0.0
202209012131,,0.0
202209012146,,0.0
202209012201,,0.0
202209012216,,0.0
202209012246,,0.0
202209012301,,0.0
202209012315,,0.0
202209012330,,0.0
202209012346,,0.0
202209020001,,0.0
202209020015,,0.0
202209020030,,0.0
202209020046,,0.0
202209020101,,0.0
202209020116,,0.0
202209020131,,0.0
202209020145,,0.0
202209020200,,0.0
202209020215,,0.0
202209020230,,0.0
202209020245,,0.0
202209020315,,0.0
202209020330,,0.0
202209020345,,0.0
202209020400,,0.0
202209020430,,0.0
202209020445,,0.0
202209020515,,0.0
202209020530,,0.0
202209020545,,0.0
202209020615,,0.0
202209020630,,0.0
202209020645,,0.0
202209020700,,0.0
202209020715,,0.0
202209020730,,0.0
202209020745,,0.0
202209020800,,0.0
202209020815,69.0,0.4
202209020830,69.0,0.4
202209020845,,0.0
202209020900,,0.0
202209020915,,0.0
202209020930,,0.0
202209020945,,0.0
202209021000,,0.0
202209021015,,0.0
202209021030,,0.0
202209021045,,0.0
202209021101,,0.0
202209021115,,0.0
202209021130,,0.0
202209021145,,0.0
202209021201,,0.0
202209021215,,0.0
202209021231,,0.0
202209021246,,0.0
202209021300,,0.0
202209021315,,0.0
202209021330,61.0,0.4
202209021345,68.0,0.9
202209021400,,0.0
202209021415,,0.0
202209021430,80.0,0.4
202209021445,109.0,0.4
202209021500,59.0,0.4
202209021515,70.0,0.4
202209021530,,0.0
202209021545,,0.0
202209021600,80.0,0.9
202209021615,80.0,0.9
202209021630,117.0,0.4
202209021646,62.0,0.4
202209021700,,0.0
202209021716,67.0,0.4
202209021730,191.0,0.4
202209021745,254.0,0.4
202209021801,75.0,0.4
202209021816,185.0,0.4
202209021831,153.0,0.9
202209021901,143.0,0.4
202209021916,73.0,0.4
202209021945,238.0,0.4
202209022000,84.0,0.4
202209022030,,0.0
202209022045,,0.0
202209022100,,0.0
202209022115,,0.0
202209022130,,0.0
202209022145,65.0,0.4
202209022200,,0.0
202209022215,,0.0
202209022230,,0.0
202209022245,,0.0
202209022300,,0.0
202209022315,,0.0
202209022330,,0.0
202209022345,,0.0
202209030000,,0.0
202209030015,,0.0
202209030030,,0.0
202209030045,,0.0
202209030100,,0.0
202209030115,,0.0
202209030130,,0.0
202209030145,,0.0
202209030200,,0.0
202209030215,,0.0
202209030230,,0.0
202209030245,,0.0
202209030300,,0.0
202209030330,,0.0
202209030345,,0.0
202209030400,,0.0
202209030415,,0.0
202209030430,,0.0
202209030445,,0.0
202209030500,,0.0
202209030530,,0.0
202209030545,,0.0
202209030600,,0.0
202209030616,,0.0
202209030630,,0.0
202209030645,,0.0
202209030701,,0.0
202209030716,,0.0
202209030731,,0.0
202209030745,,0.0
202209030800,,0.0
202209030816,,0.0
202209030830,62.0,0.4
202209030846,,0.0
202209030901,,0.0
202209030916,,0.0
202209030930,,0.0
202209030945,,0.0
202209031001,,0.0
202209031015,,0.0
202209031030,,0.0
202209031101,,0.0
202209031116,,0.0
202209031131,,0.0
202209031145,76.0,0.4
202209031200,,0.0
202209031215,,0.0
202209031230,,0.0
202209031245,,0.0
202209031300,,0.0
202209031315,,0.0
202209031330,71.0,0.4
202209031345,,0.0
202209031400,,0.0
202209031415,109.0,0.4
202209031430,,0.0
202209031445,,0.0
202209031515,186.0,0.4
202209031530,,0.0
202209031545,273.0,0.4
202209031600,,0.0
202209031615,171.0,0.4
202209031630,186.0,0.4
202209031646,198.0,0.4
202209031700,69.0,0.4
202209031715,201.0,0.4
202209031730,,0.0
202209031745,,0.0
202209031800,,0.0
202209031815,101.0,0.4
202209031831,60.0,0.4
202209031846,81.0,0.4
202209031901,36.0,0.9
202209031916,,0.0
202209031930,86.0,0.9
202209031946,342.0,0.4
202209032000,,0.0
202209032015,,0.0
202209032030,75.0,0.4
202209032045,86.0,0.4
202209032115,,0.0
202209032145,,0.0
202209032200,,0.0
202209032215,,0.0
202209032230,,0.0
202209032245,,0.0
202209032300,,0.0
202209032315,,0.0
202209032330,,0.0
202209032345,,0.0
202209040000,,0.0
202209040016,,0.0
202209040030,,0.0
202209040045,,0.0
202209040100,,0.0
202209040115,,0.0
202209040130,,0.0
202209040145,,0.0
202209040200,,0.0
202209040215,,0.0
202209040230,,0.0
202209040245,,0.0
202209040300,,0.0
202209040315,,0.0
202209040330,,0.0
202209040345,,0.0
202209040400,,0.0
202209040415,,0.0
202209040445,,0.0
202209040500,,0.0
202209040515,,0.0
202209040530,,0.0
202209040545,,0.0
202209040601,,0.0
202209040615,,0.0
202209040630,,0.0
202209040700,,0.0
202209040715,,0.0
202209040730,,0.0
202209040745,,0.0
202209040800,,0.0
202209040816,,0.0
202209040830,,0.0
202209040845,,0.0
202209040901,,0.0
202209040916,,0.0
202209040930,,0.0
202209040945,,0.0
202209041001,,0.0
202209041015,,0.0
202209041030,,0.0
202209041045,,0.0
202209041101,,0.0
202209041116,76.0,0.4
202209041131,90.0,0.4
202209041145,,0.0
202209041201,,0.0
202209041215,,0.0
202209041230,,0.0
202209041245,,0.0
202209041300,,0.0
202209041315,90.0,0.4
202209041330,,0.0
202209041345,,0.0
202209041400,69.0,0.4
202209041415,,0.0
202209041430,92.0,0.4
202209041445,,0.0
202209041500,,0.0
202209041516,,0.0
202209041530,,0.0
202209041600,,0.0
202209041615,,0.0
202209041630,,0.0
202209041645,,0.0
202209041700,,0.0
202209041715,,0.0
202209041730,,0.0
202209041800,,0.0
202209041815,,0.0
202209041831,,0.0
202209041845,,0.0
202209041901,,0.0
202209041916,,0.0
202209041930,,0.0
202209041945,,0.0
202209042000,,0.0
202209042015,,0.0
202209042045,193.0,0.4
202209042100,343.0,0.4
202209042115,65.0,0.4
202209042145,54.0,0.4
202209042200,,0.0
202209042230,,0.0
202209042245,,0.0
202209042300,,0.0
202209042315,,0.0
202209042345,,0.0
202209050000,,0.0
202209050015,,0.0
202209050030,,0.0
202209050045,,0.0
202209050100,,0.0
202209050116,81.0,0.4
202209050130,,0.0
202209050200,,0.0
202209050215,,0.0
202209050230,,0.0
202209050245,,0.0
202209050300,,0.0
202209050315,,0.0
202209050330,,0.0
202209050345,,0.0
202209050400,,0.0
202209050415,,0.0
202209050430,,0.0
202209050445,,0.0
202209050501,,0.0
202209050516,,0.0
202209050531,,0.0
202209050545,,0.0
202209050601,,0.0
202209050616,,0.0
202209050631,,0.0
202209050646,,0.0
202209050701,,0.0
202209050715,,0.0
202209050731,,0.0
202209050745,,0.0
202209050800,,0.0
202209050815,,0.0
202209050830,,0.0
202209050845,,0.0
202209050900,,0.0
202209050915,,0.0
202209050930,,0.0
202209050945,,0.0
202209051000,,0.0
202209051030,,0.0
202209051045,,0.0
202209051100,,0.0
202209051116,,0.0
202209051130,,0.0
202209051146,,0.0
202209051201,,0.0
202209051215,,0.0
202209051245,,0.0
202209051300,,0.0
202209051315,,0.0
202209051330,,0.0
202209051345,,0.0
202209051400,,0.0
202209051415,,0.0
202209051430,,0.0
202209051446,,0.0
202209051500,,0.0
202209051515,,0.0
202209051531,,0.0
202209051546,,0.0
202209051600,,0.0
202209051615,,0.0
202209051630,,0.0
202209051645,175.0,0.4
202209051700,5.0,0.4
202209051715,,0.0
202209051730,,0.0
202209051745,,0.0
202209051800,,0.0
202209051815,,0.0
202209051830,,0.0
202209051845,,0.0
202209051900,,0.0
202209051915,,0.0
202209051931,,0.0
202209051945,,0.0
202209052000,,0.0
202209052015,,0.0
202209052030,,0.0
202209052045,177.0,0.4
202209052100,,0.0
202209052116,,0.0
202209052130,,0.0
202209052201,,0.0
202209052216,,0.0
202209052231,,0.0
202209052245,,0.0
202209052300,,0.0
202209052331,,0.0
202209052346,,0.0
202209060000,,0.0
202209060015,,0.0
202209060031,,0.0
202209060046,,0.0
202209060101,,0.0
202209060115,,0.0
202209060130,,0.0
202209060145,,0.0
202209060200,,0.0
202209060215,,0.0
202209060230,,0.0
202209060245,,0.0
202209060300,,0.0
202209060315,,0.0
202209060330,,0.0
202209060345,,0.0
202209060400,,0.0
202209060415,,0.0
202209060430,,0.0
202209060445,,0.0
202209060500,,0.0
202209060515,,0.0
202209060530,,0.0
202209060545,,0.0
202209060600,,0.0
202209060615,,0.0
202209060630,,0.0
202209060645,,0.0
202209060700,,0.0
202209060715,,0.0
202209060730,,0.0
202209060745,,0.0
202209060800,,0.0
202209060815,,0.0
202209060830,,0.0
202209060845,,0.0
202209060901,,0.0
202209060916,,0.0
202209060930,,0.0
202209060945,,0.0
202209061000,,0.0
202209061015,,0.0
202209061030,,0.0
202209061045,,0.0
202209061100,,0.0
202209061115,,0.0
202209061131,,0.0
202209061145,,0.0
202209061200,,0.0
202209061231,,0.0
202209061245,,0.0
202209061300,,0.0
202209061315,,0.0
202209061330,,0.0
202209061345,178.0,0.4
202209061400,,0.0
202209061415,,0.0
202209061430,,0.0
202209061445,,0.0
202209061501,,0.0
202209061515,,0.0
202209061545,,0.0
202209061600,,0.0
202209061615,,0.0
202209061631,,0.0
202209061646,,0.0
202209061700,,0.0
202209061716,,0.0
202209061730,,0.0
202209061746,,0.0
202209061801,225.0,0.4
202209061815,82.0,0.4
202209061830,,0.0
202209061845,,0.0
202209061900,261.0,0.9
202209061915,237.0,0.4
202209061930,290.0,0.4
202209061945,328.0,0.4
202209062000,175.0,0.9
202209062015,182.0,0.4
202209062030,,0.0
202209062100,,0.0
202209062115,,0.0
202209062130,,0.0
202209062145,,0.0
202209062200,,0.0
202209062215,,0.0
202209062230,,0.0
202209062245,,0.0
202209062300,,0.0
202209062315,,0.0
202209062330,,0.0
202209070000,,0.0
202209070015,,0.0
202209070030,,0.0
202209070045,,0.0
202209070100,,0.0
202209070116,,0.0
202209070130,,0.0
202209070145,,0.0
202209070201,,0.0
202209070215,,0.0
202209070231,,0.0
202209070246,,0.0
202209070316,,0.0
202209070330,,0.0
202209070345,,0.0
202209070401,,0.0
202209070415,,0.0
202209070431,,0.0
202209070446,247.0,0.9
202209070501,,0.0
202209070516,,0.0
202209070531,,0.0
202209070601,,0.0
202209070617,,0.0
202209070631,,0.0
202209070646,,0.0
202209070701,130.0,0.4
202209070715,,0.0
202209070730,,0.0
202209070745,,0.0
202209070800,,0.0
202209070815,,0.0
202209070830,,0.0
202209070845,296.0,0.4
202209070900,,0.0
202209070915,,0.0
202209070930,,0.0
202209070945,,0.0
202209071000,,0.0
202209071015,,0.0
202209071030,,0.0
202209071045,,0.0
202209071100,,0.0
202209071115,,0.0
202209071130,,0.0
202209071145,,0.0
202209071200,,0.0
202209071215,,0.0
202209071230,,0.0
202209071245,,0.0
202209071300,,0.0
202209071315,,0.0
202209071331,,0.0
202209071401,80.0,0.4
202209071416,,0.0
202209071431,107.0,0.4
202209071446,101.0,0.4
202209071501,,0.0
202209071515,84.0,0.4
202209071530,95.0,0.4
202209071545,252.0,0.4
202209071600,,0.0
202209071615,,0.0
202209071630,80.0,0.9
202209071700,124.0,0.4
202209071715,87.0,0.4
202209071731,,0.0
202209071746,125.0,0.4
202209071801,224.0,0.4
202209071815,,0.0
202209071830,260.0,0.4
202209071845,288.0,0.4
202209071900,233.0,0.9
202209071916,244.0,0.4
202209071930,341.0,0.4
202209071945,82.0,1.3
202209072001,,0.0
202209072017,75.0,0.9
202209072032,,0.0
202209072046,,0.0
202209072101,,0.0
202209072116,,0.0
202209072130,,0.0
202209072145,,0.0
202209072200,,0.0
202209072215,,0.0
202209072230,,0.0
202209072245,,0.0
202209072300,,0.0
202209072315,,0.0
202209072330,,0.0
202209072345,,0.0
202209080000,,0.0
202209080015,,0.0
202209080030,,0.0
202209080045,,0.0
202209080100,,0.0
202209080115,,0.0
202209080130,,0.0
202209080145,,0.0
202209080200,,0.0
202209080215,,0.0
202209080230,,0.0
202209080245,,0.0
202209080300,,0.0
202209080315,,0.0
202209080330,,0.0
202209080345,,0.0
202209080400,,0.0
202209080430,,0.0
202209080445,,0.0
202209080500,,0.0
202209080515,,0.0
202209080530,,0.0
202209080545,,0.0
202209080600,,0.0
202209080615,,0.0
202209080630,,0.0
202209080645,,0.0
202209080701,,0.0
202209080716,,0.0
202209080730,,0.0
202209080745,,0.0
202209080801,,0.0
202209080816,,0.0
202209080831,,0.0
202209080847,,0.0
202209080901,,0.0
202209080915,,0.0
202209080930,,0.0
202209080946,,0.0
202209081000,,0.0
202209081015,,0.0
202209081032,,0.0
202209081045,,0.0
202209081101,,0.0
202209081117,,0.0
202209081134,,0.0
202209081145,,0.0
202209081215,,0.0
202209081230,,0.0
202209081245,,0.0
202209081300,,0.0
202209081315,92.0,0.9
202209081330,88.0,1.3
202209081345,,0.0
202209081400,141.0,0.4
202209081415,70.0,0.4
202209081430,76.0,0.9
202209081446,176.0,0.4
202209081502,215.0,0.4
202209081516,,0.0
202209081531,,0.0
202209081546,,0.0
202209081601,,0.0
202209081615,,0.0
202209081630,,0.0
202209081645,,0.0
202209081700,,0.0
202209081730,,0.0
202209081745,,0.0
202209081800,,0.0
202209081815,93.0,0.4
202209081830,,0.0
202209081845,,0.0
202209081901,150.0,0.9
202209081915,,0.0
202209081930,,0.0
202209081946,250.0,0.4
202209082001,,0.0
202209082016,248.0,0.9
202209082030,253.0,0.4
202209082045,,0.0
202209082100,,0.0
202209082115,,0.0
202209082130,255.0,0.4
202209082146,188.0,0.4
202209082201,,0.0
202209082215,,0.0
202209082231,,0.0
202209082245,,0.0
202209082301,,0.0
202209082331,,0.0
202209082345,,0.0
202209090000,,0.0
202209090015,,0.0
202209090030,,0.0
202209090045,,0.0
202209090100,,0.0
202209090115,,0.0
202209090130,,0.0
202209090145,,0.0
202209090200,,0.0
202209090215,71.0,0.4
202209090230,,0.0
202209090245,,0.0
202209090300,,0.0
202209090315,,0.0
202209090330,,0.0
202209090345,,0.0
202209090400,,0.0
202209090415,,0.0
202209090430,,0.0
202209090446,,0.0
202209090515,,0.0
202209090530,,0.0
202209090545,,0.0
202209090600,111.0,0.4
202209090615,,0.0
202209090630,,0.0
202209090645,,0.0
202209090716,,0.0
202209090730,,0.0
202209090745,,0.0
202209090801,,0.0
202209090816,,0.0
202209090846,,0.0
202209090916,,0.0
202209090930,,0.0
202209090945,,0.0
202209091001,,0.0
202209091015,,0.0
202209091030,76.0,0.4
202209091046,,0.0
202209091100,,0.0
202209091116,,0.0
202209091131,,0.0
202209091146,,0.0
202209091215,,0.0
202209091230,,0.0
202209091245,,0.0
202209091300,,0.0
202209091315,,0.0
202209091330,,0.0
202209091345,84.0,0.4
202209091400,,0.0
202209091415,,0.0
202209091430,,0.0
202209091445,,0.0
202209091500,,0.0
202209091515,,0.0
202209091530,90.0,1.3
202209091545,113.0,0.4
202209091601,,0.0
202209091615,157.0,0.4
202209091630,109.0,0.9
202209091646,71.0,0.9
202209091701,95.0,0.4
202209091715,87.0,0.4
202209091731,336.0,0.9
202209091745,56.0,0.4
202209091800,169.0,0.4
202209091816,,0.0
202209091830,,0.0
202209091845,175.0,0.4
202209091900,48.0,0.9
202209091915,148.0,0.9
202209091930,,0.0
202209091945,,0.0
202209092015,,0.0
202209092030,137.0,0.9
202209092045,,0.0
202209092100,54.0,0.9
202209092115,35.0,0.4
202209092130,52.0,0.9
202209092145,78.0,0.4
202209092200,71.0,0.4
202209092215,,0.0
202209092231,76.0,0.9
202209092245,347.0,0.4
202209092300,53.0,0.9
202209092315,69.0,0.4
202209092330,43.0,0.4
202209092345,108.0,0.9
202209100000,,0.0
202209100015,,0.0
202209100030,,0.0
202209100045,,0.0
202209100115,82.0,0.4
202209100130,,0.0
202209100145,98.0,0.4
202209100200,88.0,0.4
202209100215,,0.0
202209100230,,0.0
202209100245,,0.0
202209100300,72.0,0.4
202209100315,314.0,0.4
202209100330,76.0,0.4
202209100345,,0.0
202209100400,,0.0
202209100415,,0.0
202209100430,,0.0
202209100445,,0.0
202209100500,,0.0
202209100515,,0.0
202209100545,,0.0
202209100600,,0.0
202209100615,46.0,0.4
202209100631,,0.0
202209100645,57.0,0.9
202209100700,21.0,0.9
202209100716,67.0,0.4
202209100730,,0.0
202209100746,84.0,0.4
202209100800,,0.0
202209100816,,0.0
202209100830,75.0,0.4
202209100845,,0.0
202209100916,,0.0
202209100946,,0.0
202209101001,,0.0
202209101015,,0.0
202209101030,,0.0
202209101045,,0.0
202209101100,,0.0
202209101115,,0.0
202209101130,,0.0
202209101200,,0.0
202209101215,,0.0
202209101230,,0.0
202209101245,,0.0
202209101300,,0.0
202209101315,,0.0
202209101330,,0.0
202209101345,,0.0
202209101400,,0.0
202209101415,,0.0
202209101430,,0.0
202209101445,,0.0
202209101500,,0.0
202209101515,,0.0
202209101530,73.0,0.4
202209101545,,0.0
202209101601,,0.0
202209101615,69.0,0.4
202209101631,,0.0
202209101645,,0.0
202209101700,,0.0
202209101715,86.0,0.4
202209101730,69.0,0.4
202209101745,80.0,0.4
202209101800,125.0,0.4
202209101815,72.0,0.9
202209101830,,0.0
202209101845,,0.0
202209101900,,0.0
202209101915,40.0,0.4
202209101930,49.0,0.9
202209101945,,0.0
202209102000,,0.0
202209102015,171.0,0.4
202209102030,,0.0
202209102045,69.0,0.4
202209102100,,0.0
202209102115,,0.0
202209102145,,0.0
202209102200,,0.0
202209102216,,0.0
202209102230,,0.0
202209102245,,0.0
202209102300,,0.0
202209102315,,0.0
202209102331,,0.0
202209102345,,0.0
202209110000,,0.0
202209110030,,0.0
202209110045,,0.0
202209110100,,0.0
202209110131,,0.0
202209110146,,0.0
202209110201,,0.0
202209110216,,0.0
202209110231,,0.0
202209110246,,0.0
202209110300,,0.0
202209110316,,0.0
202209110330,,0.0
202209110345,,0.0
202209110400,,0.0
202209110415,,0.0
202209110430,,0.0
202209110445,,0.0
202209110500,,0.0
202209110515,,0.0
202209110530,,0.0
202209110545,,0.0
202209110600,,0.0
202209110615,,0.0
202209110630,,0.0
202209110645,,0.0
202209110700,,0.0
202209110715,,0.0
202209110730,,0.0
202209110745,,0.0
202209110800,,0.0
202209110815,48.0,0.4
202209110831,,0.0
202209110845,,0.0
202209110900,,0.0
202209110930,,0.0
202209110945,,0.0
202209111000,,0.0
202209111015,,0.0
202209111030,,0.0
202209111045,,0.0
202209111100,,0.0
202209111115,,0.0
202209111130,,0.0
202209111145,,0.0
202209111200,,0.0
202209111215,,0.0
202209111230,,0.0
202209111245,,0.0
202209111300,,0.0
202209111315,,0.0
202209111330,,0.0
202209111345,,0.0
202209111416,,0.0
202209111430,,0.0
202209111445,58.0,0.4
202209111500,71.0,0.4
202209111515,108.0,0.4
202209111530,286.0,0.4
202209111545,185.0,0.4
202209111615,180.0,0.4
202209111630,,0.0
202209111645,280.0,0.4
202209111700,113.0,0.4
202209111715,159.0,0.4
202209111730,153.0,0.4
202209111745,,0.0
202209111800,,0.0
202209111815,189.0,0.4
202209111830,197.0,0.4
202209111845,214.0,0.9
202209111901,214.0,0.4
202209111916,79.0,0.4
202209111930,136.0,0.4
202209112001,99.0,0.4
202209112016,,0.0
202209112031,159.0,0.4
202209112046,298.0,1.3
202209112100,84.0,0.4
202209112115,,0.0
202209112145,,0.0
202209112200,175.0,0.9
202209112215,209.0,0.4
202209112230,,0.0
202209112245,,0.0
202209112300,,0.0
202209112330,,0.0
202209112345,,0.0
202209120000,,0.0
202209120015,216.0,0.9
202209120030,281.0,0.4
202209120045,,0.0
202209120100,,0.0
202209120115,,0.0
202209120130,,0.0
202209120145,,0.0
202209120200,,0.0
202209120215,,0.0
202209120230,,0.0
202209120245,,0.0
202209120300,,0.0
202209120315,,0.0
202209120330,,0.0
202209120345,,0.0
202209120400,,0.0
202209120415,,0.0
202209120430,,0.0
202209120445,,0.0
202209120500,,0.0
202209120515,,0.0
202209120530,,0.0
202209120545,,0.0
202209120600,,0.0
202209120615,,0.0
202209120630,,0.0
202209120645,,0.0
202209120701,,0.0
202209120715,,0.0
202209120730,,0.0
202209120745,,0.0
202209120800,,0.0
202209120815,,0.0
202209120830,,0.0
202209120845,,0.0
202209120915,,0.0
202209120930,,0.0
202209120945,,0.0
202209121001,,0.0
202209121016,,0.0
202209121031,,0.0
202209121046,,0.0
202209121101,,0.0
202209121115,,0.0
202209121131,,0.0
202209121145,,0.0
202209121200,,0.0
202209121215,,0.0
202209121230,,0.0
202209121246,,0.0
202209121300,,0.0
202209121315,,0.0
202209121345,,0.0
202209121400,,0.0
202209121415,,0.0
202209121431,,0.0
202209121445,,0.0
202209121500,,0.0
202209121515,279.0,0.4
202209121530,,0.0
202209121545,150.0,0.4
202209121600,62.0,0.4
202209121615,,0.0
202209121630,106.0,0.4
202209121645,105.0,0.4
202209121700,,0.0
202209121715,286.0,0.9
202209121730,,0.0
202209121745,238.0,0.9
202209121800,174.0,0.4
202209121815,87.0,0.4
202209121831,173.0,0.4
202209121900,245.0,0.4
202209121915,,0.0
202209121930,175.0,0.4
202209121945,188.0,0.4
202209122000,276.0,0.9
202209122015,90.0,0.4
202209122030,175.0,0.9
202209122100,,0.0
202209122115,255.0,0.4
202209122130,277.0,0.4
202209122145,272.0,0.4
202209122215,239.0,0.4
202209122230,244.0,0.4
202209122245,,0.0
202209122300,,0.0
202209122315,,0.0
202209122330,,0.0
202209122345,,0.0
202209130000,,0.0
202209130015,,0.0
202209130030,,0.0
202209130045,,0.0
202209130100,,0.0
202209130115,,0.0
202209130130,,0.0
202209130145,,0.0
202209130200,,0.0
202209130215,,0.0
202209130245,,0.0
202209130300,,0.0
202209130315,,0.0
202209130331,,0.0
202209130345,,0.0
202209130400,,0.0
202209130416,,0.0
202209130446,,0.0
202209130501,,0.0
202209130515,,0.0
202209130530,,0.0
202209130545,,0.0
202209130600,,0.0
202209130615,,0.0
202209130630,,0.0
202209130645,,0.0
202209130700,,0.0
202209130715,,0.0
202209130730,,0.0
202209130745,234.0,0.4
202209130800,,0.0
202209130815,,0.0
202209130830,,0.0
202209130845,,0.0
202209130900,,0.0
202209130915,,0.0
202209130930,,0.0
202209130945,,0.0
202209131000,,0.0
202209131015,,0.0
202209131030,,0.0
202209131045,,0.0
202209131101,,0.0
202209131115,,0.0
202209131130,,0.0
202209131145,,0.0
202209131200,,0.0
202209131215,,0.0
202209131230,,0.0
202209131245,,0.0
202209131300,144.0,0.4
202209131315,,0.0
202209131330,,0.0
202209131346,,0.0
202209131400,,0.0
202209131415,,0.0
202209131430,,0.0
202209131445,,0.0
202209131530,90.0,0.4
202209131545,,0.0
202209131600,5.0,0.4
202209131615,92.0,0.4
202209131630,309.0,0.4
202209131645,99.0,0.4
202209131700,,0.0
202209131715,,0.0
202209131730,,0.0
202209131746,,0.0
202209131801,170.0,0.4
202209131816,,0.0
202209131830,271.0,0.4
202209131845,267.0,0.4
202209131900,76.0,0.4
202209131915,64.0,0.4
202209131930,147.0,0.4
202209131945,118.0,0.4
202209132000,248.0,0.4
202209132015,84.0,0.9
202209132030,162.0,0.4
202209132045,85.0,0.4
202209132100,115.0,1.3
202209132115,,0.0
202209132130,155.0,0.4
202209132145,,0.0
202209132200,96.0,0.4
202209132215,,0.0
202209132230,,0.0
202209132245,,0.0
202209132300,,0.0
202209132315,,0.0
202209132330,,0.0
202209132345,,0.0
202209140000,,0.0
202209140015,,0.0
202209140030,,0.0
202209140045,,0.0
202209140100,,0.0
202209140115,,0.0
202209140145,,0.0
202209140200,,0.0
202209140215,,0.0
202209140230,,0.0
202209140245,,0.0
202209140300,,0.0
202209140315,,0.0
202209140330,,0.0
202209140345,,0.0
202209140400,,0.0
202209140416,,0.0
202209140431,,0.0
202209140445,,0.0
202209140500,,0.0
202209140530,,0.0
202209140545,,0.0
202209140600,,0.0
202209140615,,0.0
202209140631,,0.0
202209140646,,0.0
202209140701,,0.0
202209140715,,0.0
202209140730,,0.0
202209140745,,0.0
202209140815,,0.0
202209140831,,0.0
202209140845,,0.0
202209140900,,0.0
202209140916,,0.0
202209140931,,0.0
202209140945,,0.0
202209141001,,0.0
202209141015,,0.0
202209141031,,0.0
202209141046,,0.0
202209141100,,0.0
202209141130,,0.0
202209141145,,0.0
202209141200,,0.0
202209141230,,0.0
202209141245,,0.0
202209141301,,0.0
202209141315,86.0,0.9
202209141330,,0.0
202209141345,,0.0
202209141400,,0.0
202209141415,,0.0
202209141430,,0.0
202209141445,227.0,0.4
202209141501,,0.0
202209141515,,0.0
202209141530,,0.0
202209141545,,0.0
202209141600,,0.0
202209141615,70.0,0.9
202209141630,,0.0
202209141645,78.0,1.3
202209141700,,0.0
202209141715,,0.0
202209141730,37.0,0.4
202209141745,301.0,0.4
202209141800,82.0,0.4
202209141815,,0.0
202209141845,320.0,0.4
202209141900,30.0,0.4
202209141915,,0.0
202209141930,114.0,0.9
202209142001,71.0,0.9
202209142015,,0.0
202209142031,103.0,1.3
202209142045,37.0,0.4
202209142100,86.0,0.4
202209142115,,0.0
202209142131,95.0,0.4
202209142200,,0.0
202209142215,,0.0
202209142230,,0.0
202209142245,,0.0
202209142300,,0.0
202209142316,,0.0
202209142345,,0.0
202209150001,,0.0
202209150016,,0.0
202209150030,,0.0
202209150046,,0.0
202209150101,,0.0
202209150116,,0.0
202209150131,,0.0
202209150146,,0.0
202209150201,,0.0
202209150216,,0.0
202209150230,,0.0
202209150246,,0.0
202209150300,,0.0
202209150315,,0.0
202209150330,,0.0
202209150345,,0.0
202209150400,,0.0
202209150415,,0.0
202209150430,,0.0
202209150445,,0.0
202209150500,,0.0
202209150515,,0.0
202209150530,,0.0
202209150545,,0.0
202209150600,,0.0
202209150615,,0.0
202209150630,,0.0
202209150646,,0.0
202209150700,,0.0
202209150715,,0.0
202209150730,,0.0
202209150745,,0.0
202209150800,,0.0
202209150815,,0.0
202209150830,,0.0
202209150845,,0.0
202209150900,,0.0
202209150915,,0.0
202209150930,,0.0
202209150945,,0.0
202209151000,,0.0
202209151015,,0.0
202209151030,,0.0
202209151045,,0.0
202209151115,,0.0
202209151130,,0.0
202209151146,,0.0
202209151200,,0.0
202209151215,,0.0
202209151230,,0.0
202209151245,,0.0
202209151301,,0.0
202209151316,,0.0
202209151331,,0.0
202209151345,,0.0
202209151415,,0.0
202209151430,,0.0
202209151500,,0.0
202209151515,80.0,0.4
202209151545,78.0,0.4
202209151615,86.0,0.9
202209151630,71.0,1.3
202209151645,123.0,0.9
202209151700,82.0,0.4
202209151716,90.0,0.4
202209151731,76.0,0.4
202209151745,76.0,1.3
202209151800,28.0,0.4
202209151815,147.0,0.9
202209151830,61.0,0.9
202209151845,,0.0
202209151900,91.0,0.9
202209151915,84.0,0.9
202209151930,,0.0
202209151945,85.0,0.4
202209152000,,0.0
202209152015,81.0,0.4
202209152030,,0.0
202209152045,54.0,0.4
202209152100,,0.0
202209152115,,0.0
202209152130,,0.0
202209152145,,0.0
202209152200,,0.0
202209152230,,0.0
202209152300,,0.0
202209152330,,0.0
202209152345,,0.0
202209160000,,0.0
202209160015,,0.0
202209160030,,0.0
202209160045,,0.0
202209160100,,0.0
202209160115,,0.0
202209160200,,0.0
202209160215,,0.0
202209160230,,0.0
202209160245,,0.0
202209160300,,0.0
202209160315,,0.0
202209160330,,0.0
202209160346,,0.0
202209160400,,0.0
202209160430,,0.0
202209160445,,0.0
202209160501,,0.0
202209160530,,0.0
202209160545,,0.0
202209160600,,0.0
202209160615,,0.0
202209160630,,0.0
202209160645,,0.0
202209160700,,0.0
202209160716,,0.0
202209160731,,0.0
202209160746,,0.0
202209160801,,0.0
202209160815,,0.0
202209160831,,0.0
202209160846,,0.0
202209160900,,0.0
202209160915,,0.0
202209160930,,0.0
202209160945,,0.0
202209161000,,0.0
202209161015,,0.0
202209161030,,0.0
202209161045,,0.0
202209161100,,0.0
202209161115,,0.0
202209161130,,0.0
202209161145,,0.0
202209161200,,0.0
202209161215,,0.0
202209161230,,0.0
202209161245,,0.0
202209161300,,0.0
202209161315,,0.0
202209161330,80.0,0.4
202209161345,93.0,0.4
202209161400,71.0,1.3
202209161415,76.0,0.4
202209161430,89.0,0.4
202209161445,46.0,0.4
202209161500,,0.0
202209161515,94.0,0.4
202209161530,77.0,0.9
202209161545,82.0,0.9
202209161600,114.0,0.9
202209161615,194.0,0.4
202209161630,,0.0
202209161645,81.0,0.4
202209161700,166.0,0.4
202209161715,84.0,1.3
202209161730,130.0,0.4
202209161745,154.0,0.4
202209161800,59.0,0.4
202209161815,78.0,1.3
202209161830,71.0,0.9
202209161845,,0.0
202209161900,,0.0
202209161915,344.0,0.4
202209161930,167.0,0.4
202209161945,93.0,0.9
202209162000,61.0,0.4
202209162015,11.0,0.9
202209162030,,0.0
202209162045,98.0,0.4
202209162100,78.0,0.4
202209162115,67.0,0.4
202209162131,96.0,0.4
202209162146,,0.0
202209162200,67.0,0.4
202209162215,,0.0
202209162231,,0.0
202209162246,,0.0
202209162301,,0.0
202209162316,,0.0
202209162331,,0.0
202209170000,,0.0
202209170016,,0.0
202209170031,,0.0
202209170046,,0.0
202209170101,,0.0
202209170115,,0.0
202209170130,,0.0
202209170145,,0.0
202209170200,,0.0
202209170215,,0.0
202209170230,,0.0
202209170245,,0.0
202209170300,,0.0
202209170315,,0.0
202209170330,,0.0
202209170345,,0.0
202209170400,,0.0
202209170415,,0.0
202209170430,,0.0
202209170445,,0.0
202209170500,,0.0
202209170515,,0.0
202209170530,,0.0
202209170545,,0.0
202209170600,,0.0
202209170615,,0.0
202209170630,,0.0
202209170645,,0.0
202209170700,,0.0
202209170715,,0.0
202209170730,,0.0
202209170745,,0.0
202209170800,,0.0
202209170815,,0.0
202209170830,,0.0
202209170845,,0.0
202209170900,,0.0
202209170915,,0.0
202209170930,,0.0
202209170945,,0.0
202209171000,,0.0
202209171016,,0.0
202209171030,,0.0
202209171046,,0.0
202209171100,,0.0
202209171115,,0.0
202209171130,,0.0
202209171145,,0.0
202209171200,,0.0
202209171216,,0.0
202209171230,,0.0
202209171246,,0.0
202209171300,,0.0
202209171316,,0.0
202209171330,104.0,0.4
202209171345,98.0,0.4
202209171400,81.0,0.4
202209171415,,0.0
202209171430,,0.0
202209171445,100.0,0.4
202209171500,,0.0
202209171515,205.0,0.4
202209171530,,0.0
202209171546,90.0,0.4
202209171601,,0.0
202209171615,162.0,0.4
202209171631,333.0,0.9
202209171701,132.0,0.9
202209171716,193.0,0.4
202209171731,87.0,0.4
202209171745,95.0,0.4
202209171801,73.0,0.9
202209171815,84.0,0.9
202209171831,105.0,0.9
202209171846,248.0,0.4
202209171901,,0.0
202209171915,80.0,0.4
202209171930,159.0,0.4
202209171945,128.0,0.4
202209172000,73.0,0.4
202209172015,171.0,0.4
202209172030,45.0,0.9
202209172045,98.0,0.4
202209172100,146.0,0.4
202209172115,,0.0
202209172130,,0.0
202209172145,232.0,0.4
202209172200,,0.0
202209172215,,0.0
202209172230,,0.0
202209172245,,0.0
202209172300,,0.0
202209172330,,0.0
202209172345,,0.0
202209180000,,0.0
202209180015,,0.0
202209180030,,0.0
202209180045,,0.0
202209180100,,0.0
202209180116,,0.0
202209180130,,0.0
202209180145,,0.0
202209180200,,0.0
202209180215,,0.0
202209180230,,0.0
202209180245,,0.0
202209180300,,0.0
202209180330,,0.0
202209180345,,0.0
202209180400,,0.0
202209180415,,0.0
202209180430,,0.0
202209180445,,0.0
202209180500,,0.0
202209180515,,0.0
202209180530,,0.0
202209180545,,0.0
202209180600,,0.0
202209180615,,0.0
202209180630,,0.0
202209180701,,0.0
202209180716,,0.0
202209180745,,0.0
202209180800,,0.0
202209180815,,0.0
202209180831,,0.0
202209180845,,0.0
202209180900,,0.0
202209180915,,0.0
202209180930,,0.0
202209181000,,0.0
202209181015,,0.0
202209181030,,0.0
202209181045,,0.0
202209181101,,0.0
202209181116,,0.0
202209181131,,0.0
202209181145,,0.0
202209181200,,0.0
202209181215,105.0,0.4
202209181245,99.0,0.4
202209181300,,0.0
202209181315,75.0,0.4
202209181330,,0.0
202209181345,,0.0
202209181400,,0.0
202209181415,,0.0
202209181430,,0.0
202209181446,70.0,0.9
202209181501,91.0,0.9
202209181515,,0.0
202209181530,,0.0
202209181546,,0.0
202209181600,62.0,0.4
202209181616,92.0,0.4
202209181631,,0.0
202209181646,188.0,0.4
202209181701,,0.0
202209181730,,0.0
202209181745,,0.0
202209181800,,0.0
202209181815,,0.0
202209181830,,0.0
202209181845,166.0,0.9
202209181900,331.0,0.4
202209181915,,0.0
202209181930,72.0,0.9
202209181945,91.0,0.4
202209182000,82.0,0.4
202209182015,78.0,0.4
202209182030,,0.0
202209182045,42.0,0.9
202209182100,91.0,0.4
202209182115,,0.0
202209182130,,0.0
202209182145,,0.0
202209182200,,0.0
202209182215,,0.0
202209182230,,0.0
202209182245,,0.0
202209182300,,0.0
202209182315,,0.0
202209182345,,0.0
202209190000,,0.0
202209190015,,0.0
202209190031,,0.0
202209190045,,0.0
202209190100,,0.0
202209190116,,0.0
202209190130,,0.0
202209190145,,0.0
202209190200,,0.0
202209190215,,0.0
202209190230,,0.0
202209190245,,0.0
202209190315,,0.0
202209190330,,0.0
202209190346,,0.0
202209190400,,0.0
202209190415,,0.0
202209190430,,0.0
202209190445,,0.0
202209190500,,0.0
202209190515,,0.0
202209190531,,0.0
202209190546,,0.0
202209190601,,0.0
202209190615,,0.0
202209190645,,0.0
202209190700,,0.0
202209190715,,0.0
202209190730,,0.0
202209190745,,0.0
202209190800,,0.0
202209190815,,0.0
202209190830,,0.0
202209190845,,0.0
202209190900,,0.0
202209190915,,0.0
202209190930,,0.0
202209191000,,0.0
202209191015,,0.0
202209191030,,0.0
202209191045,,0.0
202209191100,,0.0
202209191115,,0.0
202209191130,,0.0
202209191145,,0.0
202209191200,,0.0
202209191215,,0.0
202209191230,,0.0
202209191300,,0.0
202209191315,,0.0
202209191346,,0.0
202209191400,81.0,0.4
202209191415,,0.0
202209191430,82.0,0.9
202209191445,88.0,0.9
202209191500,,0.0
202209191515,75.0,0.4
202209191530,74.0,0.4
202209191545,81.0,0.4
202209191600,209.0,0.4
202209191615,254.0,0.4
202209191630,,0.0
202209191646,170.0,0.4
202209191700,,0.0
202209191715,338.0,0.4
202209191730,,0.0
202209191745,61.0,0.4
202209191800,279.0,0.9
202209191816,76.0,0.4
202209191830,266.0,0.4
202209191846,80.0,0.4
202209191901,101.0,0.4
202209191915,,0.0
202209191945,257.0,0.4
202209192000,131.0,0.4
202209192015,336.0,0.4
202209192030,80.0,0.9
202209192045,81.0,0.9
202209192100,98.0,1.8
202209192115,,0.0
202209192131,,0.0
202209192146,,0.0
202209192200,,0.0
202209192215,,0.0
202209192230,,0.0
202209192246,,0.0
202209192301,,0.0
202209192315,,0.0
202209192330,,0.0
202209192345,,0.0
202209200000,,0.0
202209200015,,0.0
202209200030,,0.0
202209200045,,0.0
202209200101,,0.0
202209200116,,0.0
202209200130,,0.0
202209200146,,0.0
202209200200,,0.0
202209200215,,0.0
202209200245,,0.0
202209200300,,0.0
202209200315,,0.0
202209200330,,0.0
202209200401,,0.0
202209200416,,0.0
202209200430,,0.0
202209200446,,0.0
202209200501,,0.0
202209200516,,0.0
202209200530,,0.0
202209200545,,0.0
202209200600,,0.0
202209200615,,0.0
202209200630,,0.0
202209200645,,0.0
202209200700,,0.0
202209200715,,0.0
202209200730,,0.0
202209200745,,0.0
202209200800,,0.0
202209200815,,0.0
202209200830,,0.0
202209200845,,0.0
202209200900,,0.0
202209200915,,0.0
202209200930,,0.0
202209200946,,0.0
202209201000,,0.0
202209201015,,0.0
202209201030,,0.0
202209201045,,0.0
202209201100,,0.0
202209201115,,0.0
202209201130,,0.0
202209201145,,0.0
202209201200,,0.0
202209201215,,0.0
202209201230,,0.0
202209201245,,0.0
202209201300,,0.0
202209201315,,0.0
202209201330,,0.0
202209201345,,0.0
202209201400,,0.0
202209201415,252.0,0.4
202209201430,,0.0
202209201445,,0.0
202209201500,153.0,0.4
202209201515,,0.0
202209201530,282.0,0.4
202209201545,277.0,0.4
202209201600,153.0,0.4
202209201615,73.0,0.4
202209201645,236.0,0.9
202209201700,196.0,0.9
202209201715,142.0,0.4
202209201730,200.0,0.4
202209201746,78.0,0.9
202209201801,173.0,0.4
202209201816,259.0,0.4
202209201830,257.0,0.4
202209201845,,0.0
202209201900,,0.0
202209201915,269.0,0.9
202209201930,159.0,0.4
202209201945,98.0,0.4
202209202000,,0.0
202209202015,,0.0
202209202030,89.0,0.4
202209202045,140.0,0.4
202209202115,,0.0
202209202130,78.0,0.4
202209202145,269.0,0.4
202209202200,,0.0
202209202215,,0.0
202209202230,,0.0
202209202245,,0.0
202209202300,,0.0
202209202315,,0.0
202209202345,,0.0
202209210000,,0.0
202209210016,,0.0
202209210030,,0.0
202209210045,,0.0
202209210100,,0.0
202209210115,,0.0
202209210130,,0.0
202209210145,,0.0
202209210200,,0.0
202209210215,,0.0
202209210230,,0.0
202209210300,,0.0
202209210315,,0.0
202209210330,,0.0
202209210345,,0.0
202209210400,,0.0
202209210415,,0.0
202209210431,,0.0
202209210446,,0.0
202209210500,,0.0
202209210515,,0.0
202209210531,,0.0
202209210546,,0.0
202209210600,,0.0
202209210615,,0.0
202209210630,,0.0
202209210645,,0.0
202209210700,,0.0
202209210715,,0.0
202209210730,,0.0
202209210800,,0.0
202209210815,,0.0
202209210830,,0.0
202209210845,,0.0
202209210900,,0.0
202209210915,,0.0
202209210930,,0.0
202209210945,,0.0
202209211000,,0.0
202209211015,,0.0
202209211030,,0.0
202209211100,,0.0
202209211115,,0.0
202209211131,,0.0
202209211146,,0.0
202209211200,,0.0
202209211215,,0.0
202209211230,,0.0
202209211246,,0.0
202209211301,96.0,0.4
202209211331,94.0,0.4
202209211345,104.0,0.4
202209211400,84.0,0.4
202209211415,226.0,0.4
202209211430,80.0,0.9
202209211445,66.0,0.9
202209211500,65.0,0.4
202209211515,291.0,0.4
202209211530,94.0,1.3
202209211545,98.0,0.9
202209211600,98.0,0.4
202209211616,71.0,0.4
202209211630,67.0,1.3
202209211645,,0.0
202209211700,78.0,1.3
202209211715,67.0,0.9
202209211746,84.0,0.4
202209211801,137.0,0.4
202209211815,74.0,0.9
202209211830,121.0,0.4
202209211845,225.0,0.9
202209211900,104.0,1.3
202209211915,104.0,0.4
202209211930,112.0,0.4
202209211945,80.0,0.4
202209212000,82.0,0.9
202209212015,91.0,1.3
202209212045,112.0,0.4
202209212100,82.0,0.4
202209212115,94.0,0.4
202209212130,,0.0
202209212145,,0.0
202209212200,,0.0
202209212215,,0.0
202209212245,,0.0
202209212315,,0.0
202209212331,,0.0
202209212345,,0.0
202209220000,,0.0
202209220015,,0.0
202209220030,,0.0
202209220045,,0.0
202209220100,,0.0
202209220116,,0.0
202209220130,,0.0
202209220145,,0.0
202209220200,,0.0
202209220215,,0.0
202209220230,,0.0
202209220245,,0.0
202209220300,,0.0
202209220315,,0.0
202209220330,,0.0
202209220345,,0.0
202209220400,,0.0
202209220415,,0.0
202209220430,,0.0
202209220445,,0.0
202209220501,,0.0
202209220516,,0.0
202209220600,,0.0
202209220616,,0.0
202209220645,,0.0
202209220700,,0.0
202209220715,,0.0
202209220730,,0.0
202209220800,,0.0
202209220815,,0.0
202209220845,,0.0
202209220900,,0.0
202209220915,,0.0
202209220930,,0.0
202209220945,,0.0
202209221000,,0.0
202209221045,,0.0
202209221100,,0.0
202209221115,,0.0
202209221145,,0.0
202209221200,,0.0
202209221215,,0.0
202209221245,,0.0
202209221301,,0.0
202209221315,,0.0
202209221330,,0.0
202209221346,,0.0
202209221401,,0.0
202209221416,,0.0
202209221430,,0.0
202209221445,179.0,0.4
202209221500,,0.0
202209221515,146.0,0.4
202209221530,212.0,0.4
202209221545,271.0,0.4
202209221600,99.0,0.4
202209221615,161.0,0.4
202209221630,284.0,1.8
202209221645,107.0,0.9
202209221700,190.0,0.4
202209221715,247.0,0.9
202209221730,302.0,0.9
202209221746,292.0,0.4
202209221801,279.0,1.3
202209221815,132.0,0.9
202209221831,80.0,0.9
202209221846,182.0,0.4
202209221901,122.0,0.4
202209221915,175.0,0.9
202209221945,156.0,0.9
202209222000,298.0,0.9
202209222015,231.0,0.9
202209222045,166.0,0.4
202209222100,55.0,0.4
202209222116,,0.0
202209222130,96.0,0.9
202209222145,65.0,0.4
202209222200,123.0,0.4
202209222215,,0.0
202209222230,,0.0
202209222245,53.0,0.9
202209222300,94.0,0.4
202209222315,76.0,0.9
202209222330,,0.0
202209230000,,0.0
202209230015,,0.0
202209230030,248.0,0.4
202209230045,,0.0
202209230100,130.0,0.4
202209230115,169.0,0.4
202209230130,125.0,0.4
202209230145,105.0,0.9
202209230200,170.0,0.4
202209230215,71.0,0.4
202209230230,110.0,0.4
202209230245,119.0,0.9
202209230300,82.0,0.4
202209230315,210.0,0.4
202209230330,247.0,0.4
202209230345,,0.0
202209230400,,0.0
202209230415,,0.0
202209230430,,0.0
202209230445,,0.0
202209230501,,0.0
202209230515,,0.0
202209230531,,0.0
202209230545,,0.0
202209230601,,0.0
202209230615,,0.0
202209230630,24.0,0.4
202209230645,77.0,0.9
202209230700,,0.0
202209230715,295.0,0.4
202209230730,,0.0
202209230745,,0.0
202209230800,,0.0
202209230815,255.0,0.4
202209230830,,0.0
202209230845,,0.0
202209230900,,0.0
202209230915,,0.0
202209230945,,0.0
202209231000,,0.0
202209231015,,0.0
202209231030,,0.0
202209231045,,0.0
202209231100,,0.0
202209231115,,0.0
202209231130,,0.0
202209231145,,0.0
202209231201,,0.0
202209231215,,0.0
202209231231,,0.0
202209231245,56.0,0.4
202209231300,74.0,0.4
202209231315,86.0,0.9
202209231330,82.0,0.4
202209231345,64.0,0.9
202209231400,,0.0
202209231415,,0.0
202209231430,66.0,0.9
202209231445,70.0,0.4
202209231515,136.0,0.4
202209231530,86.0,0.4
202209231545,96.0,0.9
202209231600,27.0,0.9
202209231616,145.0,0.9
202209231631,40.0,0.4
202209231645,130.0,0.4
202209231700,80.0,0.9
202209231730,336.0,0.4
202209231745,86.0,0.4
202209231800,84.0,1.8
202209231815,92.0,0.9
202209231830,131.0,0.4
202209231845,42.0,0.9
202209231900,90.0,0.9
202209231915,169.0,0.4
202209231931,85.0,0.4
202209231945,136.0,0.9
202209232000,62.0,1.3
202209232015,272.0,0.4
202209232030,89.0,0.4
202209232045,105.0,0.9
202209232100,,0.0
202209232130,67.0,0.4
202209232145,69.0,0.4
202209232200,,0.0
202209232215,,0.0
202209232230,77.0,0.4
202209232245,,0.0
202209232300,,0.0
202209232315,,0.0
202209232330,,0.0
202209232345,,0.0
202209240000,,0.0
202209240015,,0.0
202209240045,,0.0
202209240100,,0.0
202209240115,,0.0
202209240130,,0.0
202209240145,,0.0
202209240200,,0.0
202209240215,,0.0
202209240230,,0.0
202209240246,,0.0
202209240300,,0.0
202209240316,,0.0
202209240330,,0.0
202209240345,,0.0
202209240400,,0.0
202209240415,,0.0
202209240431,,0.0
202209240446,,0.0
202209240500,,0.0
202209240531,,0.0
202209240546,,0.0
202209240600,,0.0
202209240615,,0.0
202209240630,,0.0
202209240700,,0.0
202209240715,,0.0
202209240800,,0.0
202209240815,,0.0
202209240830,,0.0
202209240845,,0.0
202209240900,,0.0
202209240915,,0.0
202209240930,,0.0
202209240945,,0.0
202209241000,,0.0
202209241030,,0.0
202209241045,,0.0
202209241100,,0.0
202209241115,,0.0
202209241130,,0.0
202209241145,,0.0
202209241200,,0.0
202209241215,,0.0
202209241231,,0.0
202209241245,,0.0
202209241300,,0.0
202209241315,,0.0
202209241345,,0.0
202209241401,65.0,0.4
202209241416,71.0,0.4
202209241430,,0.0
202209241445,,0.0
202209241501,,0.0
202209241530,43.0,0.9
202209241600,152.0,0.4
202209241630,92.0,0.4
202209241645,85.0,0.4
202209241700,81.0,0.4
202209241715,194.0,0.4
202209241730,171.0,0.4
202209241745,,0.0
202209241800,99.0,0.4
202209241815,,0.0
202209241831,117.0,0.9
202209241846,,0.0
202209241900,60.0,0.4
202209241915,202.0,0.4
202209241930,98.0,0.9
202209241945,72.0,1.3
202209242000,91.0,0.4
202209242015,96.0,0.4
202209242030,70.0,0.9
202209242045,144.0,0.4
202209242100,128.0,0.4
202209242130,186.0,0.4
202209242145,166.0,0.4
202209242200,62.0,0.4
202209242215,,0.0
202209242230,,0.0
202209242245,,0.0
202209242300,,0.0
202209242330,,0.0
202209242345,,0.0
202209250000,,0.0
202209250015,,0.0
202209250030,,0.0
202209250045,,0.0
202209250100,,0.0
202209250131,,0.0
202209250145,,0.0
202209250200,,0.0
202209250215,,0.0
202209250245,,0.0
202209250315,,0.0
202209250330,,0.0
202209250345,,0.0
202209250400,,0.0
202209250415,,0.0
202209250430,,0.0
202209250445,,0.0
202209250500,,0.0
202209250515,,0.0
202209250530,,0.0
202209250545,,0.0
202209250601,,0.0
202209250615,,0.0
202209250631,,0.0
202209250646,,0.0
202209250701,,0.0
202209250716,,0.0
202209250731,,0.0
202209250746,,0.0
202209250830,,0.0
202209250846,,0.0
202209250900,,0.0
202209250915,190.0,0.4
202209250930,,0.0
202209250945,,0.0
202209251000,,0.0
202209251015,,0.0
202209251045,,0.0
202209251100,,0.0
202209251115,,0.0
202209251145,,0.0
202209251200,,0.0
202209251215,,0.0
202209251230,,0.0
202209251245,,0.0
202209251300,,0.0
202209251315,,0.0
202209251330,,0.0
202209251345,78.0,0.4
202209251400,,0.0
202209251415,284.0,0.4
202209251430,185.0,0.4
202209251445,296.0,0.4
202209251500,,0.0
202209251515,,0.0
202209251530,,0.0
202209251545,,0.0
202209251601,,0.0
202209251615,,0.0
202209251630,,0.0
202209251645,117.0,0.4
202209251700,243.0,0.4
202209251715,,0.0
202209251730,,0.0
202209251745,,0.0
202209251800,36.0,0.9
202209251815,91.0,0.4
202209251830,42.0,0.4
202209251845,52.0,0.4
202209251900,236.0,0.4
202209251915,,0.0
202209251930,84.0,0.4
202209251945,,0.0
202209252000,161.0,0.9
202209252030,338.0,0.4
202209252045,,0.0
202209252100,301.0,0.4
202209252130,,0.0
202209252200,,0.0
202209252215,272.0,0.4
202209252230,193.0,0.4
202209252245,,0.0
202209252300,,0.0
202209252315,,0.0
202209252330,,0.0
202209252345,,0.0
202209260000,,0.0
202209260015,,0.0
202209260030,,0.0
202209260045,,0.0
202209260100,,0.0
202209260115,,0.0
202209260130,,0.0
202209260145,,0.0
202209260200,,0.0
202209260215,,0.0
202209260231,,0.0
202209260246,,0.0
202209260300,,0.0
202209260316,,0.0
202209260330,,0.0
202209260345,,0.0
202209260401,,0.0
202209260431,,0.0
202209260446,,0.0
202209260501,,0.0
202209260516,,0.0
202209260530,,0.0
202209260545,,0.0
202209260615,,0.0
202209260630,,0.0
202209260700,,0.0
202209260715,,0.0
202209260730,,0.0
202209260745,,0.0
202209260800,,0.0
202209260815,,0.0
202209260830,,0.0
202209260845,,0.0
202209260900,,0.0
202209260915,,0.0
202209260930,,0.0
202209260945,,0.0
202209261030,,0.0
202209261045,,0.0
202209261100,,0.0
202209261115,,0.0
202209261130,,0.0
202209261145,,0.0
202209261200,,0.0
202209261215,,0.0
202209261230,,0.0
202209261245,,0.0
202209261300,,0.0
202209261315,,0.0
202209261330,,0.0
202209261345,,0.0
202209261400,190.0,0.4
202209261415,61.0,0.4
202209261430,96.0,0.9
202209261445,90.0,0.4
202209261500,95.0,0.9
202209261515,82.0,0.4
202209261530,178.0,0.4
202209261545,90.0,0.9
202209261600,221.0,0.4
202209261616,271.0,0.9
202209261630,53.0,0.4
202209261645,298.0,0.4
202209261700,348.0,0.9
202209261716,250.0,0.4
202209261730,94.0,0.9
202209261745,88.0,0.9
202209261801,300.0,0.4
202209261831,266.0,0.9
202209261845,274.0,0.9
202209261900,261.0,0.9
202209261915,257.0,0.4
202209261930,137.0,0.4
202209261945,61.0,0.9
202209262000,143.0,0.4
202209262015,184.0,0.9
202209262045,166.0,0.9
202209262100,276.0,0.9
202209262115,151.0,0.4
202209262130,,0.0
202209262145,259.0,0.4
202209262200,263.0,0.9
202209262215,96.0,0.4
202209262245,,0.0
202209262300,298.0,0.4
202209262330,,0.0
202209262345,,0.0
202209270000,,0.0
202209270015,,0.0
202209270030,,0.0
202209270045,,0.0
202209270100,,0.0
202209270115,,0.0
202209270130,,0.0
202209270145,,0.0
202209270200,,0.0
202209270215,,0.0
202209270230,,0.0
202209270245,,0.0
202209270300,,0.0
202209270315,,0.0
202209270330,,0.0
202209270345,,0.0
202209270400,,0.0
202209270415,,0.0
202209270430,,0.0
202209270445,,0.0
202209270500,,0.0
202209270515,,0.0
202209270530,,0.0
202209270546,,0.0
202209270615,,0.0
202209270630,,0.0
202209270645,,0.0
202209270700,,0.0
202209270715,,0.0
202209270730,,0.0
202209270745,,0.0
202209270800,,0.0
202209270815,,0.0
202209270830,,0.0
202209270845,,0.0
202209270900,,0.0
202209270915,,0.0
202209270930,,0.0
202209270945,,0.0
202209271000,,0.0
202209271030,,0.0
202209271045,,0.0
202209271100,,0.0
202209271130,,0.0
202209271145,,0.0
202209271200,,0.0
202209271215,,0.0
202209271230,,0.0
202209271245,,0.0
202209271301,,0.0
202209271315,,0.0
202209271331,,0.0
202209271345,71.0,0.4
202209271400,142.0,0.4
202209271415,77.0,0.9
202209271430,71.0,1.3
202209271445,76.0,0.9
202209271500,17.0,0.9
202209271515,87.0,1.8
202209271530,,0.0
202209271545,268.0,0.4
202209271600,60.0,0.4
202209271631,279.0,0.9
202209271645,49.0,0.9
202209271701,313.0,1.3
202209271715,355.0,1.3
202209271731,69.0,1.3
202209271745,71.0,1.3
202209271801,63.0,1.3
202209271815,267.0,0.4
202209271830,215.0,0.9
202209271845,91.0,0.9
202209271900,355.0,0.9
202209271915,221.0,1.8
202209271930,103.0,1.8
202209271945,209.0,1.8
202209272000,302.0,0.9
202209272015,280.0,0.4
202209272030,300.0,0.4
202209272045,272.0,0.4
202209272100,101.0,0.9
202209272115,144.0,1.3
202209272130,291.0,0.9
202209272145,164.0,0.4
202209272230,229.0,0.4
202209272245,71.0,0.4
202209272300,,0.0
202209272315,,0.0
202209272330,,0.0
202209272345,,0.0
202209280000,,0.0
202209280015,,0.0
202209280030,,0.0
202209280045,,0.0
202209280100,,0.0
202209280115,,0.0
202209280130,,0.0
202209280200,,0.0
202209280215,,0.0
202209280230,,0.0
202209280245,,0.0
202209280300,,0.0
202209280315,,0.0
202209280330,,0.0
202209280345,,0.0
202209280400,,0.0
202209280415,,0.0
202209280430,,0.0
202209280500,,0.0
202209280515,,0.0
202209280530,,0.0
202209280545,,0.0
202209280600,,0.0
202209280616,,0.0
202209280630,,0.0
202209280646,,0.0
202209280700,,0.0
202209280715,,0.0
202209280731,,0.0
202209280746,,0.0
202209280800,,0.0
202209280815,,0.0
202209280830,,0.0
202209280845,,0.0
202209280915,,0.0
202209280945,,0.0
202209281000,,0.0
202209281015,,0.0
202209281030,,0.0
202209281045,,0.0
202209281100,,0.0
202209281115,,0.0
202209281130,,0.0
202209281145,,0.0
202209281200,,0.0
202209281215,,0.0
202209281230,,0.0
202209281245,,0.0
202209281300,,0.0
202209281315,,0.0
202209281330,123.0,0.9
202209281345,96.0,0.4
202209281400,85.0,1.3
202209281415,112.0,1.3
202209281430,144.0,0.9
202209281445,150.0,0.9
202209281500,101.0,1.3
202209281515,281.0,0.9
202209281530,92.0,1.3
202209281545,242.0,1.3
202209281600,62.0,0.9
202209281615,38.0,1.3
202209281630,211.0,0.9
202209281645,119.0,1.3
202209281700,5.0,0.9
202209281715,355.0,1.3
202209281730,186.0,0.4
202209281745,83.0,1.3
202209281801,267.0,0.9
202209281815,100.0,0.9
202209281830,52.0,1.3
202209281845,170.0,2.2
202209281901,76.0,0.9
202209281915,248.0,0.4
202209281930,59.0,1.8
202209281945,24.0,0.9
202209282001,241.0,0.9
202209282031,61.0,0.9
202209282045,162.0,0.9
202209282100,35.0,0.4
202209282116,142.0,0.4
202209282146,59.0,0.9
202209282201,102.0,0.9
202209282216,78.0,0.9
202209282231,254.0,0.9
202209282246,217.0,0.4
202209282300,82.0,0.4
202209282315,69.0,0.4
202209282330,242.0,0.4
202209282345,90.0,0.4
202209290000,,0.0
202209290015,,0.0
202209290030,,0.0
202209290101,,0.0
202209290115,,0.0
202209290130,,0.0
202209290145,,0.0
202209290200,300.0,0.4
202209290215,56.0,0.4
202209290230,273.0,0.4
202209290245,,0.0
202209290300,96.0,0.4
202209290315,229.0,0.4
202209290330,119.0,0.4
202209290345,257.0,0.4
202209290400,,0.0
202209290415,351.0,0.4
202209290430,,0.0
202209290445,225.0,0.4
202209290500,,0.0
202209290515,209.0,0.4
202209290545,325.0,0.4
202209290600,78.0,0.4
202209290615,119.0,0.4
202209290630,,0.0
202209290645,,0.0
202209290700,11.0,0.4
202209290715,71.0,0.4
202209290730,,0.0
202209290746,,0.0
202209290800,,0.0
202209290815,65.0,0.9
202209290830,255.0,0.4
202209290845,,0.0
202209290900,,0.0
202209290930,,0.0
202209290945,,0.0
202209291000,,0.0
202209291016,,0.0
202209291031,,0.0
202209291045,,0.0
202209291100,,0.0
202209291115,,0.0
202209291130,,0.0
202209291145,,0.0
202209291200,,0.0
202209291215,,0.0
202209291230,,0.0
202209291245,,0.0
202209291300,237.0,0.4
202209291315,59.0,0.9
202209291330,146.0,0.4
202209291345,78.0,0.9
202209291400,92.0,0.9
202209291415,57.0,1.3
202209291430,275.0,0.9
202209291445,97.0,0.9
202209291500,74.0,0.9
202209291516,51.0,1.3
202209291531,344.0,0.4
202209291545,331.0,0.9
202209291601,258.0,1.3
202209291615,267.0,1.3
202209291630,247.0,0.9
202209291645,336.0,0.9
202209291700,268.0,1.3
202209291715,78.0,0.9
202209291730,42.0,0.4
202209291745,80.0,1.3
202209291800,229.0,1.8
202209291815,205.0,0.9
202209291830,227.0,0.4
202209291845,145.0,0.4
202209291900,149.0,0.9
202209291930,80.0,0.9
202209291946,116.0,1.3
202209292000,102.0,1.3
202209292015,298.0,1.8
202209292030,80.0,1.3
202209292046,71.0,1.3
202209292100,355.0,0.9
202209292116,279.0,0.9
202209292130,79.0,0.4
202209292146,29.0,0.4
202209292201,318.0,0.4
202209292215,84.0,0.4
202209292231,232.0,0.4
202209292246,54.0,0.9
202209292301,,0.0
202209292316,,0.0
202209292331,90.0,0.4
202209292346,,0.0
202209300001,,0.0
202209300016,,0.0
202209300030,,0.0
202209300045,,0.0
202209300100,,0.0
202209300130,,0.0
202209300145,,0.0
202209300200,,0.0
202209300215,,0.0
202209300230,,0.0
202209300245,,0.0
202209300300,,0.0
202209300315,,0.0
202209300330,,0.0
202209300345,,0.0
202209300400,,0.0
202209300415,,0.0
202209300430,,0.0
202209300445,,0.0
202209300500,,0.0
202209300515,,0.0
202209300530,,0.0
202209300545,,0.0
202209300600,,0.0
202209300615,,0.0
202209300645,,0.0
202209300700,,0.0
202209300715,,0.0
202209300730,,0.0
202209300745,,0.0
202209300800,,0.0
202209300815,,0.0
202209300830,,0.0
202209300845,,0.0
202209300900,,0.0
202209300916,,0.0
202209300931,,0.0
202209300945,,0.0
202209301000,,0.0
202209301015,,0.0
202209301030,,0.0
202209301116,,0.0
202209301131,,0.0
202209301145,,0.0
202209301200,,0.0
202209301215,,0.0
202209301230,,0.0
202209301245,,0.0
202209301300,,0.0
202209301316,,0.0
202209301331,92.0,0.4
202209301345,94.0,0.4
202209301415,75.0,0.4
202209301430,86.0,0.4
202209301445,94.0,0.4
202209301500,,0.0
202209301515,82.0,1.3
202209301530,,0.0
202209301545,,0.0
202209301600,150.0,0.4
202209301615,76.0,1.3
202209301630,159.0,0.4
202209301646,132.0,0.4
202209301700,92.0,0.9
202209301716,189.0,0.4
202209301731,241.0,0.9
202209301745,330.0,0.9
202209301800,,0.0
202209301845,87.0,0.4
202209301900,94.0,0.9
202209301915,263.0,0.9
202209301930,311.0,0.4
202209301946,246.0,0.4
202209302000,238.0,0.9
202209302030,265.0,0.4
202209302045,98.0,0.4
202209302100,94.0,0.4
202209302115,250.0,0.4
202209302130,93.0,0.9
202209302145,115.0,0.9
202209302200,292.0,0.4
202209302215,163.0,0.4
202209302230,,0.0
202209302245,112.0,0.4
202209302300,,0.0
202209302330,,0.0
202209302345,,0.0
202210010000,,0.0
202210010015,,0.0
202210010030,,0.0
202210010100,,0.0
202210010115,,0.0
202210010130,,0.0
202210010145,,0.0
202210010200,,0.0
202210010215,,0.0
202210010230,,0.0
202210010245,,0.0
202210010300,,0.0
202210010315,,0.0
202210010401,,0.0
202210010430,,0.0
202210010445,,0.0
202210010500,,0.0
202210010515,,0.0
202210010530,,0.0
202210010546,,0.0
202210010600,,0.0
202210010615,,0.0
202210010630,,0.0
202210010645,,0.0
202210010700,,0.0
202210010715,,0.0
202210010730,,0.0
202210010745,,0.0
202210010800,,0.0
202210010815,,0.0
202210010830,,0.0
202210010845,,0.0
202210010900,,0.0
202210010915,,0.0
202210010930,,0.0
202210011000,,0.0
202210011015,,0.0
202210011045,,0.0
202210011100,,0.0
202210011115,,0.0
202210011130,,0.0
202210011145,,0.0
202210011200,,0.0
202210011215,,0.0
202210011246,,0.0
202210011300,,0.0
202210011315,,0.0
202210011331,,0.0
202210011400,,0.0
202210011430,61.0,0.4
202210011600,94.0,0.9
202210011615,261.0,0.4
202210011630,252.0,0.9
202210011645,205.0,0.4
202210011701,130.0,1.3
202210011731,287.0,0.4
202210011800,310.0,0.4
202210011830,329.0,0.4
202210011845,212.0,0.4
202210011900,348.0,0.4
202210011915,96.0,1.3
202210011930,99.0,0.4
202210011945,101.0,0.9
202210012000,120.0,0.4
202210012030,176.0,0.4
202210012100,152.0,0.9
202210012115,333.0,0.4
202210012130,240.0,0.4
202210012145,173.0,0.4
202210012200,78.0,0.4
202210012215,89.0,0.4
202210012230,101.0,0.4
202210012300,84.0,0.4
202210012315,,0.0
202210012330,,0.0
202210012345,,0.0
202210020000,,0.0
202210020015,,0.0
202210020030,,0.0
202210020045,,0.0
202210020100,,0.0
202210020115,,0.0
202210020130,,0.0
202210020145,,0.0
202210020200,,0.0
202210020215,,0.0
202210020230,,0.0
202210020246,,0.0
202210020300,,0.0
202210020315,,0.0
202210020330,,0.0
202210020346,,0.0
202210020415,,0.0
202210020430,,0.0
202210020445,,0.0
202210020500,,0.0
202210020515,,0.0
202210020530,,0.0
202210020546,,0.0
202210020601,,0.0
202210020616,,0.0
202210020630,,0.0
202210020645,,0.0
202210020715,,0.0
202210020730,,0.0
202210020745,,0.0
202210020800,,0.0
202210020815,,0.0
202210020830,,0.0
202210020845,,0.0
202210020915,,0.0
202210020930,,0.0
202210020945,,0.0
202210021000,,0.0
202210021015,,0.0
202210021030,,0.0
202210021045,,0.0
202210021100,,0.0
202210021115,,0.0
202210021130,,0.0
202210021145,,0.0
202210021200,,0.0
202210021215,,0.0
202210021245,,0.0
202210021300,,0.0
202210021315,,0.0
202210021330,,0.0
202210021345,,0.0
202210021401,115.0,0.4
202210021415,261.0,0.4
202210021430,,0.0
202210021445,250.0,0.4
202210021500,327.0,0.9
202210021515,84.0,0.9
202210021530,57.0,0.4
202210021600,,0.0
202210021615,296.0,1.3
202210021645,284.0,0.9
202210021700,245.0,0.4
202210021715,227.0,0.4
202210021730,271.0,1.8
202210021745,88.0,0.9
202210021800,34.0,0.4
202210021816,207.0,1.8
202210021845,71.0,0.9
202210021930,168.0,0.9
202210021945,111.0,0.9
202210022045,62.0,0.4
202210022115,53.0,0.4
202210022130,96.0,0.9
202210022145,69.0,0.4
202210022200,98.0,0.9
202210022215,136.0,0.4
202210022230,268.0,1.3
202210022245,173.0,0.4
202210022300,88.0,0.4
202210022315,113.0,0.4
202210022345,,0.0
202210030000,310.0,0.4
202210030015,53.0,0.4
202210030030,,0.0
202210030045,128.0,0.4
202210030100,,0.0
202210030115,,0.0
202210030130,90.0,0.4
202210030145,,0.0
202210030201,,0.0
202210030215,,0.0
202210030230,,0.0
202210030245,,0.0
202210030300,,0.0
202210030315,,0.0
202210030330,277.0,0.9
202210030345,248.0,0.4
202210030400,70.0,0.4
202210030415,,0.0
202210030430,,0.0
202210030445,101.0,0.4
202210030500,,0.0
202210030515,,0.0
202210030600,32.0,0.9
202210030615,,0.0
202210030630,103.0,0.4
202210030645,,0.0
202210030715,,0.0
202210030801,,0.0
202210030815,,0.0
202210030830,,0.0
202210030845,71.0,0.9
202210030915,,0.0
202210030930,,0.0
202210030945,,0.0
202210031000,84.0,0.4
202210031015,,0.0
202210031030,,0.0
202210031045,,0.0
202210031100,,0.0
202210031115,,0.0
202210031130,,0.0
202210031145,,0.0
202210031200,,0.0
202210031215,,0.0
202210031230,,0.0
202210031245,,0.0
202210031300,157.0,0.4
202210031330,,0.0
202210031345,333.0,0.9
202210031401,61.0,0.4
202210031415,98.0,0.4
202210031430,175.0,0.4
202210031445,78.0,0.4
202210031500,47.0,0.9
202210031515,68.0,1.3
202210031530,163.0,0.4
202210031600,122.0,0.4
202210031615,67.0,0.9
202210031630,,0.0
202210031700,,0.0
202210031715,,0.0
202210031730,213.0,0.4
202210031745,338.0,0.4
202210031800,278.0,0.4
202210031815,65.0,0.9
202210031846,86.0,0.9
202210031901,275.0,0.4
202210031931,71.0,0.4
202210031946,286.0,0.4
202210032000,276.0,0.4
202210032016,,0.0
202210032045,122.0,0.4
202210032100,240.0,0.4
202210032115,,0.0
202210032130,181.0,0.4
202210032200,,0.0
202210032215,,0.0
202210032245,147.0,0.4
202210032300,,0.0
202210032315,,0.0
202210032330,,0.0
202210032345,,0.0
202210040000,,0.0
202210040015,,0.0
202210040045,,0.0
202210040100,,0.0
202210040115,,0.0
202210040130,,0.0
202210040145,,0.0
202210040200,,0.0
202210040215,,0.0
202210040230,,0.0
202210040245,,0.0
202210040300,,0.0
202210040315,,0.0
202210040330,,0.0
202210040345,,0.0
202210040400,,0.0
202210040415,,0.0
202210040430,,0.0
202210040445,,0.0
202210040500,,0.0
202210040515,,0.0
202210040530,,0.0
202210040545,,0.0
202210040600,,0.0
202210040615,,0.0
202210040645,,0.0
202210040700,,0.0
202210040715,,0.0
202210040730,,0.0
202210040745,,0.0
202210040800,,0.0
202210040816,,0.0
202210040830,,0.0
202210040846,,0.0
202210040901,,0.0
202210040916,,0.0
202210040930,,0.0
202210040945,,0.0
202210041000,,0.0
202210041015,,0.0
202210041045,,0.0
202210041100,,0.0
202210041115,,0.0
202210041130,,0.0
202210041145,,0.0
202210041200,,0.0
202210041215,,0.0
202210041230,,0.0
202210041245,,0.0
202210041300,,0.0
202210041315,,0.0
202210041330,,0.0
202210041345,,0.0
202210041400,,0.0
202210041415,205.0,0.4
202210041430,81.0,0.4
202210041445,285.0,0.4
202210041501,182.0,0.4
202210041515,156.0,0.4
202210041530,63.0,0.9
202210041600,,0.0
202210041615,175.0,0.9
202210041630,215.0,0.4
202210041645,305.0,0.4
202210041730,244.0,0.4
202210041745,253.0,0.9
202210041800,,0.0
202210041815,107.0,0.4
202210041830,,0.0
202210041845,173.0,1.8
202210041900,295.0,0.4
202210041915,287.0,0.9
202210041930,,0.0
202210041945,126.0,0.4
202210042000,121.0,0.4
202210042015,266.0,0.4
202210042030,155.0,0.4
202210042045,,0.0
202210042100,143.0,0.4
202210042116,,0.0
202210042131,,0.0
202210042200,85.0,0.4
202210042215,,0.0
202210042230,,0.0
202210042245,,0.0
202210042300,,0.0
202210042315,,0.0
202210042330,,0.0
202210042345,,0.0
202210050000,,0.0
202210050015,,0.0
202210050030,,0.0
202210050045,,0.0
202210050100,,0.0
202210050130,,0.0
202210050145,,0.0
202210050200,,0.0
202210050215,,0.0
202210050230,,0.0
202210050246,,0.0
202210050300,,0.0
202210050315,,0.0
202210050330,,0.0
202210050345,,0.0
202210050401,,0.0
202210050415,,0.0
202210050445,,0.0
202210050500,,0.0
202210050515,,0.0
202210050530,,0.0
202210050545,,0.0
202210050600,,0.0
202210050615,,0.0
202210050630,,0.0
202210050645,,0.0
202210050700,,0.0
202210050730,,0.0
202210050745,,0.0
202210050815,,0.0
202210050830,,0.0
202210050845,,0.0
202210050900,,0.0
202210050915,,0.0
202210050930,,0.0
202210050945,,0.0
202210051000,,0.0
202210051015,,0.0
202210051031,,0.0
202210051045,,0.0
202210051100,,0.0
202210051115,,0.0
202210051130,,0.0
202210051146,,0.0
202210051201,,0.0
202210051215,,0.0
202210051230,,0.0
202210051245,,0.0
202210051300,,0.0
202210051315,,0.0
202210051330,,0.0
202210051345,,0.0
202210051400,80.0,0.4
202210051415,,0.0
202210051430,74.0,1.3
202210051445,88.0,0.9
202210051500,,0.0
202210051515,,0.0
202210051530,79.0,0.4
202210051545,85.0,0.4
202210051600,83.0,0.4
202210051616,290.0,0.4
202210051631,82.0,1.3
202210051646,128.0,0.4
202210051700,149.0,0.4
202210051715,78.0,1.3
202210051730,80.0,0.4
202210051745,274.0,0.4
202210051800,31.0,0.4
202210051815,273.0,0.9
202210051830,,0.0
202210051845,304.0,0.9
202210051900,161.0,0.4
202210051916,200.0,0.4
202210051930,119.0,0.4
202210051945,105.0,0.4
202210052000,247.0,0.9
202210052015,,0.0
202210052030,111.0,0.4
202210052045,88.0,0.4
202210052100,,0.0
202210052115,84.0,1.3
202210052130,,0.0
202210052145,118.0,0.4
202210052200,,0.0
202210052215,,0.0
202210052230,,0.0
202210052245,,0.0
202210052300,,0.0
202210052315,,0.0
202210052330,,0.0
202210052345,,0.0
202210060000,,0.0
202210060015,,0.0
202210060030,,0.0
202210060045,,0.0
202210060100,,0.0
202210060115,,0.0
202210060130,,0.0
202210060145,,0.0
202210060200,,0.0
202210060216,,0.0
202210060230,,0.0
202210060245,,0.0
202210060300,,0.0
202210060315,,0.0
202210060330,,0.0
202210060345,,0.0
202210060401,,0.0
202210060430,,0.0
202210060501,,0.0
202210060516,,0.0
202210060530,,0.0
202210060600,,0.0
202210060615,,0.0
202210060630,,0.0
202210060700,,0.0
202210060715,,0.0
202210060730,,0.0
202210060745,,0.0
202210060800,,0.0
202210060815,,0.0
202210060830,,0.0
202210060845,,0.0
202210060900,,0.0
202210060915,,0.0
202210060930,,0.0
202210060945,,0.0
202210061000,,0.0
202210061015,,0.0
202210061030,,0.0
202210061045,,0.0
202210061100,,0.0
202210061115,,0.0
202210061130,,0.0
202210061145,,0.0
202210061201,,0.0
202210061215,,0.0
202210061230,,0.0
202210061245,,0.0
202210061300,,0.0
202210061315,,0.0
202210061330,,0.0
202210061345,,0.0
202210061401,,0.0
202210061415,,0.0
202210061430,74.0,0.4
202210061445,123.0,0.4
202210061500,,0.0
202210061515,,0.0
202210061530,119.0,0.4
202210061545,,0.0
202210061600,,0.0
202210061615,296.0,0.4
202210061630,184.0,0.4
202210061645,277.0,0.9
202210061700,257.0,0.9
202210061715,92.0,0.9
202210061730,,0.0
202210061745,142.0,0.9
202210061800,90.0,0.9
202210061815,271.0,0.9
202210061830,246.0,0.4
202210061846,123.0,1.3
202210061915,94.0,1.3
202210061930,,0.0
202210061945,82.0,0.9
202210062000,82.0,0.4
202210062015,281.0,0.4
202210062030,134.0,0.9
202210062045,,0.0
202210062100,,0.0
202210062115,85.0,0.9
202210062130,273.0,0.4
202210062145,,0.0
202210062200,,0.0
202210062215,,0.0
202210062230,,0.0
202210062300,,0.0
202210062315,,0.0
202210062330,,0.0
202210062345,,0.0
202210070000,,0.0
202210070016,,0.0
202210070030,,0.0
202210070045,,0.0
202210070100,,0.0
202210070115,,0.0
202210070130,,0.0
202210070145,,0.0
202210070200,,0.0
202210070230,,0.0
202210070245,,0.0
202210070300,,0.0
202210070315,,0.0
202210070330,,0.0
202210070345,,0.0
202210070400,,0.0
202210070415,,0.0
202210070445,,0.0
202210070500,,0.0
202210070515,,0.0
202210070530,,0.0
202210070545,,0.0
202210070600,,0.0
202210070630,,0.0
202210070645,,0.0
202210070700,,0.0
202210070715,,0.0
202210070730,,0.0
202210070746,,0.0
202210070800,,0.0
202210070815,,0.0
202210070830,,0.0
202210070846,,0.0
202210070900,,0.0
202210070915,,0.0
202210070931,,0.0
202210070945,,0.0
202210071000,,0.0
202210071016,,0.0
202210071030,,0.0
202210071045,,0.0
202210071100,,0.0
202210071115,,0.0
202210071130,,0.0
202210071145,,0.0
202210071200,,0.0
202210071215,,0.0
202210071230,,0.0
202210071245,,0.0
202210071300,,0.0
202210071315,,0.0
202210071330,,0.0
202210071345,,0.0
202210071400,,0.0
202210071415,,0.0
202210071430,,0.0
202210071445,227.0,0.4
202210071500,,0.0
202210071516,,0.0
202210071530,,0.0
202210071545,158.0,0.4
202210071600,,0.0
202210071615,282.0,0.4
202210071630,69.0,0.9
202210071645,311.0,0.4
202210071700,265.0,0.4
202210071715,80.0,1.3
202210071730,266.0,0.4
202210071745,311.0,0.4
202210071800,286.0,0.9
202210071815,80.0,0.4
202210071830,263.0,0.9
202210071845,,0.0
202210071900,270.0,0.4
202210071915,78.0,0.4
202210071930,,0.0
202210071945,111.0,0.4
202210072000,112.0,0.9
202210072015,200.0,0.4
202210072030,305.0,0.9
202210072045,283.0,0.4
202210072100,252.0,0.9
202210072115,237.0,0.4
202210072130,128.0,0.9
202210072145,212.0,0.4
202210072200,,0.0
202210072216,,0.0
202210072231,,0.0
202210072245,57.0,0.4
202210072300,,0.0
202210072315,,0.0
202210072330,,0.0
202210072345,,0.0
202210080000,,0.0
202210080015,,0.0
202210080046,,0.0
202210080101,,0.0
202210080116,,0.0
202210080131,,0.0
202210080145,,0.0
202210080200,,0.0
202210080215,,0.0
202210080230,,0.0
202210080245,,0.0
202210080300,,0.0
202210080315,,0.0
202210080330,,0.0
202210080345,,0.0
202210080400,,0.0
202210080415,,0.0
202210080430,,0.0
202210080445,,0.0
202210080500,,0.0
202210080515,,0.0
202210080530,254.0,0.4
202210080545,,0.0
202210080600,,0.0
202210080615,,0.0
202210080630,,0.0
202210080645,,0.0
202210080700,,0.0
202210080715,,0.0
202210080730,,0.0
202210080745,,0.0
202210080800,,0.0
202210080815,,0.0
202210080830,,0.0
202210080845,,0.0
202210080900,,0.0
202210080915,,0.0
202210080930,,0.0
202210081000,,0.0
202210081015,,0.0
202210081045,,0.0
202210081100,,0.0
202210081115,,0.0
202210081131,,0.0
202210081146,,0.0
202210081200,,0.0
202210081215,,0.0
202210081230,,0.0
202210081245,,0.0
202210081300,,0.0
202210081315,175.0,0.4
202210081330,112.0,0.4
202210081400,259.0,0.4
202210081415,,0.0
202210081430,236.0,0.4
202210081445,309.0,0.4
202210081500,242.0,0.4
202210081515,316.0,0.4
202210081530,61.0,1.3
202210081545,23.0,0.4
202210081600,307.0,0.4
202210081616,112.0,0.9
202210081630,106.0,0.4
202210081645,248.0,0.9
202210081700,92.0,0.4
202210081715,96.0,0.9
202210081731,281.0,0.9
202210081745,101.0,0.4
202210081800,321.0,0.4
202210081816,101.0,0.4
202210081830,67.0,0.4
202210081845,141.0,0.9
202210081900,249.0,1.8
202210081915,130.0,0.9
202210081930,137.0,0.4
202210081945,63.0,0.9
202210082000,236.0,0.4
202210082015,144.0,0.4
202210082030,110.0,0.4
202210082045,71.0,0.9
202210082100,36.0,0.4
202210082115,71.0,0.9
202210082130,198.0,0.9
202210082145,,0.0
202210082200,,0.0
202210082215,71.0,0.4
202210082230,313.0,0.4
202210082245,,0.0
202210082300,223.0,0.4
202210082330,,0.0
202210082345,,0.0
202210090000,,0.0
202210090015,,0.0
202210090030,,0.0
202210090045,,0.0
202210090100,,0.0
202210090115,,0.0
202210090130,,0.0
202210090145,,0.0
202210090200,,0.0
202210090215,,0.0
202210090230,,0.0
202210090245,,0.0
202210090300,,0.0
202210090315,,0.0
202210090330,,0.0
202210090345,,0.0
202210090400,,0.0
202210090415,,0.0
202210090430,,0.0
202210090445,,0.0
202210090500,,0.0
202210090515,,0.0
202210090530,,0.0
202210090545,,0.0
202210090600,,0.0
202210090616,,0.0
202210090631,,0.0
202210090645,,0.0
202210090700,,0.0
202210090715,,0.0
202210090731,,0.0
202210090800,,0.0
202210090815,,0.0
202210090830,,0.0
202210090845,,0.0
202210090900,,0.0
202210090915,,0.0
202210090930,,0.0
202210090945,,0.0
202210091000,,0.0
202210091015,,0.0
202210091030,,0.0
202210091045,,0.0
202210091100,,0.0
202210091115,,0.0
202210091130,,0.0
202210091145,,0.0
202210091200,,0.0
202210091215,,0.0
202210091230,,0.0
202210091245,,0.0
202210091300,,0.0
202210091315,,0.0
202210091331,64.0,0.9
202210091401,82.0,0.4
202210091416,355.0,0.4
202210091430,246.0,0.4
202210091445,254.0,0.4
202210091515,204.0,0.4
202210091530,287.0,1.3
202210091545,102.0,0.9
202210091600,150.0,0.9
202210091615,290.0,0.4
202210091630,258.0,0.4
202210091645,92.0,0.9
202210091700,75.0,1.3
202210091715,288.0,0.4
202210091730,34.0,0.9
202210091745,186.0,0.4
202210091800,73.0,0.4
202210091815,50.0,0.9
202210091830,242.0,0.4
202210091846,258.0,0.9
202210091900,252.0,0.4
202210091915,281.0,1.3
202210091930,69.0,0.9
202210091945,130.0,0.4
202210092000,,0.0
202210092015,279.0,0.4
202210092030,74.0,0.4
202210092045,251.0,0.4
202210092100,,0.0
202210092145,231.0,0.4
202210092200,121.0,0.4
202210092216,94.0,0.4
202210092230,,0.0
202210092245,,0.0
202210092300,,0.0
202210092330,,0.0
202210092345,,0.0
202210100000,,0.0
202210100015,,0.0
202210100030,,0.0
202210100100,,0.0
202210100115,,0.0
202210100145,,0.0
202210100200,,0.0
202210100215,,0.0
202210100230,,0.0
202210100245,,0.0
202210100300,,0.0
202210100315,,0.0
202210100345,,0.0
202210100400,,0.0
202210100415,,0.0
202210100430,,0.0
202210100445,,0.0
202210100500,,0.0
202210100515,,0.0
202210100530,,0.0
202210100545,,0.0
202210100600,,0.0
202210100615,,0.0
202210100630,,0.0
202210100700,,0.0
202210100715,,0.0
202210100730,,0.0
202210100745,,0.0
202210100801,,0.0
202210100815,,0.0
202210100830,,0.0
202210100845,,0.0
202210100901,,0.0
202210100916,,0.0
202210100931,,0.0
202210100945,,0.0
202210101015,,0.0
202210101030,,0.0
202210101045,,0.0
202210101100,,0.0
202210101115,,0.0
202210101130,,0.0
202210101145,,0.0
202210101200,,0.0
202210101215,,0.0
202210101230,,0.0
202210101245,,0.0
202210101300,,0.0
202210101315,112.0,0.4
202210101330,,0.0
202210101345,80.0,0.9
202210101400,65.0,0.9
202210101430,,0.0
202210101445,105.0,0.4
202210101500,80.0,0.9
202210101515,34.0,1.3
202210101530,,0.0
202210101545,85.0,0.9
202210101600,84.0,1.3
202210101615,240.0,0.4
202210101630,18.0,0.9
202210101645,103.0,0.4
202210101700,42.0,2.2
202210101715,355.0,0.4
202210101730,,0.0
202210101745,309.0,0.4
202210101800,115.0,0.9
202210101815,94.0,1.3
202210101830,346.0,0.9
202210101845,94.0,1.3
202210101900,75.0,0.4
202210101915,98.0,0.9
202210101930,308.0,0.4
202210101945,90.0,1.8
202210102000,126.0,0.4
202210102015,228.0,0.4
202210102031,73.0,0.4
202210102045,,0.0
202210102101,92.0,0.9
202210102116,180.0,0.4
202210102131,,0.0
202210102145,74.0,0.9
202210102200,82.0,0.4
202210102215,,0.0
202210102230,,0.0
202210102245,,0.0
202210102300,,0.0
202210102315,,0.0
202210102330,,0.0
202210102345,,0.0
202210110000,,0.0
202210110015,,0.0
202210110030,,0.0
202210110045,,0.0
202210110100,,0.0
202210110115,,0.0
202210110130,,0.0
202210110145,,0.0
202210110200,,0.0
202210110215,,0.0
202210110230,,0.0
202210110245,,0.0
202210110300,,0.0
202210110315,,0.0
202210110330,,0.0
202210110345,,0.0
202210110415,,0.0
202210110430,,0.0
202210110445,,0.0
202210110500,,0.0
202210110515,,0.0
202210110530,,0.0
202210110545,,0.0
202210110600,,0.0
202210110615,,0.0
202210110630,,0.0
202210110645,,0.0
202210110700,,0.0
202210110716,,0.0
202210110730,,0.0
202210110745,,0.0
202210110800,,0.0
202210110815,,0.0
202210110830,,0.0
202210110845,,0.0
202210110900,,0.0
202210110915,,0.0
202210110930,,0.0
202210110946,,0.0
202210111000,,0.0
202210111015,,0.0
202210111030,,0.0
202210111045,,0.0
202210111100,,0.0
202210111115,,0.0
202210111130,,0.0
202210111145,,0.0
202210111201,,0.0
202210111215,,0.0
202210111230,,0.0
202210111245,,0.0
202210111300,,0.0
202210111315,,0.0
202210111330,,0.0
202210111345,,0.0
202210111400,67.0,0.4
202210111415,211.0,0.9
202210111430,,0.0
202210111445,,0.0
202210111500,96.0,0.4
202210111515,171.0,0.4
202210111530,306.0,0.4
202210111545,78.0,0.4
202210111601,119.0,0.9
202210111615,67.0,0.4
202210111630,84.0,0.4
202210111645,58.0,0.9
202210111700,84.0,1.3
202210111715,43.0,0.4
202210111730,47.0,0.4
202210111745,65.0,0.9
202210111800,198.0,0.4
202210111815,67.0,1.3
202210111830,41.0,1.3
202210111845,119.0,0.4
202210111900,338.0,0.9
202210111915,103.0,0.4
202210111930,185.0,0.4
202210112000,84.0,0.9
202210112015,123.0,0.4
202210112045,162.0,0.9
202210112100,101.0,0.4
202210112116,98.0,0.4
202210112130,197.0,0.4
202210112201,,0.0
202210112215,,0.0
202210112231,,0.0
202210112245,,0.0
202210112300,,0.0
202210112315,,0.0
202210112330,,0.0
202210112345,,0.0
202210120000,,0.0
202210120030,,0.0
202210120045,,0.0
202210120100,,0.0
202210120115,,0.0
202210120130,,0.0
202210120145,,0.0
202210120200,,0.0
202210120215,,0.0
202210120230,83.0,0.4
202210120245,108.0,0.4
202210120300,,0.0
202210120315,113.0,0.4
202210120330,109.0,0.4
202210120345,,0.0
202210120400,,0.0
202210120415,,0.0
202210120445,73.0,0.4
202210120500,,0.0
202210120515,209.0,0.4
202210120530,,0.0
202210120545,,0.0
202210120615,,0.0
202210120630,,0.0
202210120700,,0.0
202210120715,,0.0
202210120730,,0.0
202210120745,,0.0
202210120800,,0.0
202210120815,,0.0
202210120830,36.0,0.4
202210120845,,0.0
202210120900,,0.0
202210120915,,0.0
202210120930,,0.0
202210120945,,0.0
202210121000,,0.0
202210121015,,0.0
202210121030,,0.0
202210121045,,0.0
202210121100,,0.0
202210121115,,0.0
202210121130,,0.0
202210121145,,0.0
202210121200,,0.0
202210121215,,0.0
202210121231,,0.0
202210121246,92.0,0.4
202210121300,92.0,0.4
202210121345,316.0,0.4
202210121400,,0.0
202210121415,,0.0
202210121430,68.0,0.4
202210121445,,0.0
202210121500,,0.0
202210121515,,0.0
202210121530,,0.0
202210121545,,0.0
202210121600,88.0,0.4
202210121615,,0.0
202210121645,111.0,0.4
202210121700,,0.0
202210121715,,0.0
202210121730,169.0,0.4
202210121745,,0.0
202210121800,103.0,0.9
202210121815,65.0,0.9
202210121830,238.0,0.4
202210121845,,0.0
202210121900,,0.0
202210121915,,0.0
202210121930,,0.0
202210122000,,0.0
202210122015,,0.0
202210122030,35.0,0.4
202210122045,,0.0
202210122100,90.0,0.4
202210122115,,0.0
202210122130,61.0,0.4
202210122145,71.0,0.4
202210122200,175.0,0.4
202210122230,,0.0
202210122245,257.0,0.4
202210122300,,0.0
202210122315,,0.0
202210122330,,0.0
202210122345,,0.0
202210130000,,0.0
202210130015,,0.0
202210130031,,0.0
202210130046,,0.0
202210130101,,0.0
202210130115,,0.0
202210130131,,0.0
202210130145,,0.0
202210130200,,0.0
202210130215,,0.0
202210130230,,0.0
202210130245,,0.0
202210130300,,0.0
202210130315,,0.0
202210130330,153.0,0.4
202210130345,,0.0
202210130400,,0.0
202210130415,,0.0
202210130430,,0.0
202210130445,,0.0
202210130500,,0.0
202210130515,,0.0
202210130530,,0.0
202210130545,,0.0
202210130615,,0.0
202210130630,26.0,0.4
202210130645,71.0,0.9
202210130700,254.0,0.4
202210130715,,0.0
202210130730,,0.0
202210130745,,0.0
202210130800,,0.0
202210130815,,0.0
202210130830,163.0,0.4
202210130845,49.0,0.4
202210130900,89.0,0.9
202210130915,,0.0
202210130930,,0.0
202210130945,,0.0
202210131000,,0.0
202210131015,,0.0
202210131030,,0.0
202210131045,,0.0
202210131100,,0.0
202210131115,,0.0
202210131130,,0.0
202210131145,,0.0
202210131200,,0.0
202210131215,175.0,0.4
202210131230,,0.0
202210131245,,0.0
202210131300,,0.0
202210131315,155.0,0.4
202210131330,315.0,0.4
202210131346,,0.0
202210131400,,0.0
202210131415,,0.0
202210131430,,0.0
202210131446,,0.0
202210131501,277.0,0.4
202210131515,,0.0
202210131530,,0.0
202210131600,313.0,0.4
202210131615,315.0,0.4
202210131630,,0.0
202210131645,266.0,0.4
202210131700,269.0,0.9
202210131715,331.0,0.9
202210131745,182.0,0.4
202210131800,281.0,0.9
202210131830,269.0,0.4
202210131845,309.0,1.3
202210131900,153.0,0.9
202210131915,143.0,0.4
202210131931,159.0,1.3
202210131945,221.0,0.9
202210132015,,0.0
202210132030,250.0,0.9
202210132046,80.0,0.4
202210132100,257.0,0.4
202210132115,243.0,0.4
202210132131,153.0,0.9
202210132146,,0.0
202210132201,180.0,0.9
202210132216,241.0,0.4
202210132230,,0.0
202210132246,,0.0
202210132301,,0.0
202210132316,240.0,0.9
202210132330,,0.0
202210132345,,0.0
202210140000,,0.0
202210140015,,0.0
202210140030,,0.0
202210140045,,0.0
202210140100,,0.0
202210140115,,0.0
202210140130,,0.0
202210140145,,0.0
202210140200,,0.0
202210140215,,0.0
202210140230,,0.0
202210140245,,0.0
202210140300,,0.0
202210140315,,0.0
202210140330,,0.0
202210140345,,0.0
202210140400,,0.0
202210140415,,0.0
202210140430,,0.0
202210140445,,0.0
202210140500,,0.0
202210140515,,0.0
202210140530,,0.0
202210140545,,0.0
202210140601,,0.0
202210140615,,0.0
202210140630,,0.0
202210140645,,0.0
202210140701,,0.0
202210140715,,0.0
202210140730,,0.0
202210140745,,0.0
202210140815,,0.0
202210140830,,0.0
202210140845,,0.0
202210140900,,0.0
202210140915,,0.0
202210140930,,0.0
202210140945,,0.0
202210141000,,0.0
202210141015,,0.0
202210141030,,0.0
202210141045,,0.0
202210141100,,0.0
202210141115,,0.0
202210141130,,0.0
202210141145,,0.0
202210141200,,0.0
202210141215,,0.0
202210141230,,0.0
202210141245,,0.0
202210141300,,0.0
202210141315,,0.0
202210141330,,0.0
202210141400,,0.0
202210141416,,0.0
202210141430,,0.0
202210141446,,0.0
202210141500,,0.0
202210141530,,0.0
202210141545,,0.0
202210141600,,0.0
202210141615,307.0,0.4
202210141630,265.0,0.9
202210141645,165.0,0.9
202210141700,186.0,0.9
202210141715,178.0,1.3
202210141730,,0.0
202210141745,,0.0
202210141800,74.0,0.4
202210141815,175.0,0.4
202210141831,302.0,0.4
202210141845,176.0,0.9
202210141900,288.0,0.4
202210141915,292.0,0.9
202210141930,,0.0
202210141945,166.0,0.4
202210142001,107.0,1.3
202210142015,246.0,0.4
202210142030,348.0,0.9
202210142045,158.0,0.4
202210142101,175.0,0.4
202210142115,321.0,0.9
202210142131,305.0,0.4
202210142146,,0.0
202210142200,,0.0
202210142216,190.0,0.4
202210142231,,0.0
202210142246,,0.0
202210142300,,0.0
202210142315,,0.0
202210142330,,0.0
202210142346,,0.0
202210150000,,0.0
202210150015,,0.0
202210150030,,0.0
202210150045,,0.0
202210150100,,0.0
202210150115,,0.0
202210150130,,0.0
202210150145,,0.0
202210150200,,0.0
202210150215,,0.0
202210150230,,0.0
202210150245,,0.0
202210150300,,0.0
202210150315,,0.0
202210150345,,0.0
202210150400,,0.0
202210150415,,0.0
202210150430,,0.0
202210150445,,0.0
202210150500,,0.0
202210150515,,0.0
202210150530,,0.0
202210150545,,0.0
202210150600,,0.0
202210150615,,0.0
202210150630,,0.0
202210150645,,0.0
202210150700,,0.0
202210150715,,0.0
202210150730,,0.0
202210150745,,0.0
202210150800,,0.0
202210150815,,0.0
202210150830,,0.0
202210150845,,0.0
202210150915,,0.0
202210150945,,0.0
202210151015,,0.0
202210151030,,0.0
202210151045,,0.0
202210151101,,0.0
202210151116,,0.0
202210151130,,0.0
202210151145,,0.0
202210151201,,0.0
202210151215,,0.0
202210151230,,0.0
202210151245,,0.0
202210151300,,0.0
202210151315,,0.0
202210151330,,0.0
202210151345,,0.0
202210151415,,0.0
202210151430,,0.0
202210151445,,0.0
202210151500,275.0,0.4
202210151515,86.0,0.9
202210151530,,0.0
202210151545,,0.0
202210151600,94.0,0.4
202210151616,96.0,0.4
202210151630,217.0,0.9
202210151645,136.0,0.9
202210151700,190.0,0.4
202210151715,138.0,0.4
202210151730,186.0,0.4
202210151745,228.0,1.3
202210151800,292.0,0.9
202210151815,316.0,0.4
202210151830,272.0,0.4
202210151845,162.0,0.9
202210151900,297.0,0.4
202210151915,123.0,0.4
202210151930,54.0,0.4
202210151945,,0.0
202210152000,201.0,0.9
202210152015,194.0,0.9
202210152030,182.0,0.4
202210152045,161.0,0.4
202210152100,69.0,0.4
202210152115,,0.0
202210152130,142.0,0.4
202210152145,,0.0
202210152200,,0.0
202210152215,,0.0
202210152230,,0.0
202210152245,,0.0
202210152300,,0.0
202210152315,,0.0
202210152330,,0.0
202210152345,,0.0
202210160000,,0.0
202210160015,,0.0
202210160100,,0.0
202210160115,,0.0
202210160146,,0.0
202210160200,,0.0
202210160215,,0.0
202210160230,,0.0
202210160245,,0.0
202210160300,,0.0
202210160331,,0.0
202210160345,,0.0
202210160401,,0.0
202210160416,,0.0
202210160431,,0.0
202210160500,,0.0
202210160515,,0.0
202210160530,,0.0
202210160545,,0.0
202210160600,,0.0
202210160615,,0.0
202210160630,,0.0
202210160645,,0.0
202210160700,,0.0
202210160730,,0.0
202210160745,,0.0
202210160800,,0.0
202210160815,,0.0
202210160830,,0.0
202210160915,,0.0
202210160945,,0.0
202210161000,,0.0
202210161015,,0.0
202210161030,,0.0
202210161045,,0.0
202210161101,,0.0
202210161115,,0.0
202210161130,,0.0
202210161145,,0.0
202210161200,,0.0
202210161216,,0.0
202210161231,,0.0
202210161246,,0.0
202210161300,,0.0
202210161330,,0.0
202210161345,,0.0
202210161415,,0.0
202210161430,,0.0
202210161445,,0.0
202210161500,,0.0
202210161530,,0.0
202210161545,119.0,0.4
202210161600,328.0,0.4
202210161615,298.0,0.9
202210161630,324.0,0.4
202210161645,181.0,0.4
202210161701,195.0,1.3
202210161716,166.0,0.4
202210161730,211.0,0.9
202210161745,273.0,0.4
202210161800,355.0,0.9
202210161815,331.0,0.4
202210161830,,0.0
202210161845,190.0,0.4
202210161900,199.0,0.9
202210161915,167.0,0.9
202210161930,,0.0
202210161945,140.0,0.9
202210162000,173.0,0.9
202210162015,171.0,0.9
202210162030,,0.0
202210162045,,0.0
202210162100,143.0,0.4
202210162115,172.0,0.4
202210162130,169.0,0.9
202210162145,184.0,0.4
202210162201,,0.0
202210162215,,0.0
202210162230,,0.0
202210162245,,0.0
202210162300,,0.0
202210162316,,0.0
202210162330,,0.0
202210162345,,0.0
202210170000,,0.0
202210170015,,0.0
202210170030,,0.0
202210170045,,0.0
202210170100,,0.0
202210170115,,0.0
202210170145,,0.0
202210170200,,0.0
202210170215,,0.0
202210170230,,0.0
202210170246,,0.0
202210170301,,0.0
202210170315,,0.0
202210170330,,0.0
202210170346,,0.0
202210170401,,0.0
202210170416,,0.0
202210170430,,0.0
202210170445,,0.0
202210170500,,0.0
202210170515,,0.0
202210170530,,0.0
202210170545,,0.0
202210170600,,0.0
202210170615,,0.0
202210170630,,0.0
202210170700,,0.0
202210170715,,0.0
202210170730,,0.0
202210170745,,0.0
202210170800,,0.0
202210170815,,0.0
202210170830,,0.0
202210170845,306.0,0.4
202210170900,,0.0
202210170915,,0.0
202210170930,,0.0
202210170945,,0.0
202210171000,,0.0
202210171015,,0.0
202210171030,,0.0
202210171045,,0.0
202210171116,,0.0
202210171130,,0.0
202210171145,,0.0
202210171200,,0.0
202210171215,,0.0
202210171231,,0.0
202210171245,,0.0
202210171246,,0.0
202210171300,,0.0
202210171315,,0.0
202210171330,,0.0
202210171400,,0.0
202210171415,,0.0
202210171430,,0.0
202210171445,78.0,0.4
202210171500,,0.0
202210171515,261.0,0.4
202210171530,284.0,0.4
202210171545,311.0,0.4
202210171600,313.0,0.4
202210171615,330.0,0.4
202210171645,313.0,0.4
202210171700,198.0,0.9
202210171716,103.0,0.4
202210171730,246.0,0.4
202210171801,217.0,1.3
202210171815,274.0,0.9
202210171845,309.0,0.4
202210171900,246.0,0.4
202210171915,328.0,0.9
202210171930,182.0,1.3
202210172000,59.0,0.9
202210172015,281.0,0.9
202210172030,167.0,0.9
202210172045,336.0,0.4
202210172100,26.0,0.9
202210172115,289.0,0.4
202210172130,26.0,0.4
202210172145,281.0,0.9
202210172200,284.0,0.4
202210172215,185.0,0.9
202210172230,110.0,0.4
202210172245,215.0,0.4
202210172300,82.0,0.4
202210172315,211.0,0.4
202210172330,131.0,0.4
202210172345,105.0,0.4
202210180001,271.0,0.4
202210180015,246.0,0.4
202210180031,136.0,0.4
202210180045,,0.0
202210180100,,0.0
202210180115,52.0,0.4
202210180130,108.0,0.4
202210180145,249.0,0.9
202210180200,,0.0
202210180215,277.0,0.9
202210180230,61.0,0.4
202210180245,244.0,0.9
202210180300,93.0,0.4
202210180315,126.0,0.4
202210180330,244.0,0.4
202210180345,341.0,1.3
202210180401,111.0,0.9
202210180416,82.0,0.4
202210180431,84.0,0.4
202210180445,82.0,0.4
202210180500,105.0,0.4
202210180515,141.0,0.4
202210180530,131.0,0.4
202210180545,105.0,0.4
202210180600,92.0,0.4
202210180615,,0.0
202210180630,,0.0
202210180645,94.0,0.4
202210180700,162.0,0.4
202210180730,219.0,0.4
202210180745,198.0,0.9
202210180800,,0.0
202210180816,117.0,0.4
202210180830,285.0,0.4
202210180845,,0.0
202210180915,128.0,0.4
202210180930,297.0,0.4
202210180945,77.0,0.4
202210181000,,0.0
202210181015,225.0,0.4
202210181030,,0.0
202210181045,,0.0
202210181101,,0.0
202210181115,,0.0
202210181130,,0.0
202210181145,71.0,0.4
202210181200,,0.0
202210181215,100.0,0.4
202210181245,,0.0
202210181300,53.0,0.4
202210181315,77.0,0.4
202210181330,49.0,0.4
202210181345,20.0,0.9
202210181415,76.0,0.4
202210181430,64.0,1.3
202210181445,88.0,0.4
202210181500,76.0,1.3
202210181515,261.0,0.4
202210181531,15.0,0.9
202210181545,281.0,0.9
202210181601,318.0,0.9
202210181615,309.0,0.4
202210181631,275.0,1.3
202210181645,242.0,0.9
202210181700,276.0,0.9
202210181715,270.0,1.3
202210181730,193.0,0.4
202210181745,96.0,0.9
202210181800,66.0,0.9
202210181815,349.0,1.3
202210181830,301.0,1.3
202210181845,261.0,0.9
202210181900,336.0,0.9
202210181915,97.0,0.4
202210181930,163.0,0.9
202210182000,219.0,1.8
202210182030,28.0,0.9
202210182045,319.0,0.9
202210182100,293.0,0.9
202210182115,188.0,0.4
202210182130,284.0,0.9
202210182145,96.0,0.4
202210182200,54.0,0.4
202210182215,113.0,0.4
202210182230,171.0,0.4
202210182245,211.0,0.9
202210182300,,0.0
202210182315,355.0,0.4
202210182331,,0.0
202210182345,,0.0
202210190000,,0.0
202210190015,,0.0
202210190030,,0.0
202210190046,,0.0
202210190100,,0.0
202210190115,,0.0
202210190130,,0.0
202210190145,,0.0
202210190200,,0.0
202210190215,,0.0
202210190231,,0.0
202210190246,,0.0
202210190301,,0.0
202210190330,,0.0
202210190345,,0.0
202210190400,,0.0
202210190415,,0.0
202210190430,,0.0
202210190445,,0.0
202210190500,,0.0
202210190515,,0.0
202210190530,,0.0
202210190545,,0.0
202210190600,,0.0
202210190615,,0.0
202210190630,,0.0
202210190645,,0.0
202210190700,,0.0
202210190715,,0.0
202210190730,,0.0
202210190745,,0.0
202210190800,,0.0
202210190815,,0.0
202210190830,,0.0
202210190845,,0.0
202210190900,,0.0
202210190915,,0.0
202210190930,,0.0
202210190945,,0.0
202210191000,,0.0
202210191015,,0.0
202210191030,,0.0
202210191045,,0.0
202210191100,,0.0
202210191115,,0.0
202210191130,,0.0
202210191145,,0.0
202210191200,71.0,0.4
202210191216,,0.0
202210191230,,0.0
202210191245,,0.0
202210191300,,0.0
202210191315,,0.0
202210191330,,0.0
202210191345,,0.0
202210191400,,0.0
202210191415,27.0,0.4
202210191430,,0.0
202210191445,233.0,0.9
202210191500,311.0,0.4
202210191515,232.0,0.4
202210191530,304.0,0.4
202210191545,144.0,0.4
202210191600,325.0,0.4
202210191615,236.0,0.9
202210191631,175.0,0.4
202210191645,319.0,1.3
202210191700,163.0,1.3
202210191715,355.0,0.4
202210191730,274.0,0.9
202210191745,251.0,0.9
202210191800,261.0,0.9
202210191815,103.0,0.4
202210191830,306.0,0.9
202210191845,274.0,1.3
202210191915,,0.0
202210191930,258.0,0.9
202210191945,326.0,0.9
202210192000,284.0,0.9
202210192015,,0.0
202210192030,185.0,0.4
202210192045,319.0,0.4
202210192100,,0.0
202210192115,,0.0
202210192130,91.0,0.4
202210192145,,0.0
202210192200,309.0,0.4
202210192215,,0.0
202210192245,,0.0
202210192300,,0.0
202210192315,,0.0
202210192330,,0.0
202210192345,,0.0
202210200000,,0.0
202210200015,,0.0
202210200030,,0.0
202210200045,,0.0
202210200100,,0.0
202210200130,,0.0
202210200145,,0.0
202210200200,,0.0
202210200216,,0.0
202210200230,,0.0
202210200245,,0.0
202210200300,,0.0
202210200330,,0.0
202210200345,,0.0
202210200400,,0.0
202210200415,,0.0
202210200430,,0.0
202210200445,,0.0
202210200500,,0.0
202210200515,,0.0
202210200530,,0.0
202210200546,,0.0
202210200600,,0.0
202210200615,,0.0
202210200630,,0.0
202210200645,,0.0
202210200700,,0.0
202210200715,,0.0
202210200730,,0.0
202210200745,,0.0
202210200800,,0.0
202210200815,,0.0
202210200830,,0.0
202210200845,,0.0
202210200900,,0.0
202210200915,,0.0
202210200930,,0.0
202210200945,,0.0
202210201000,,0.0
202210201015,,0.0
202210201030,,0.0
202210201045,,0.0
202210201100,,0.0
202210201115,,0.0
202210201145,,0.0
202210201200,,0.0
202210201215,,0.0
202210201230,,0.0
202210201245,,0.0
202210201300,,0.0
202210201315,,0.0
202210201330,,0.0
202210201346,,0.0
202210201415,,0.0
202210201430,,0.0
202210201446,,0.0
202210201500,,0.0
202210201515,196.0,0.4
202210201530,329.0,0.4
202210201615,272.0,0.9
202210201630,275.0,0.9
202210201645,330.0,0.4
202210201700,152.0,0.9
202210201730,250.0,0.4
202210201745,304.0,1.8
202210201800,298.0,0.4
202210201815,150.0,0.4
202210201830,258.0,1.3
202210201845,125.0,0.4
202210201900,194.0,0.9
202210201916,155.0,0.4
202210201931,186.0,1.3
202210201945,284.0,0.9
202210202000,195.0,1.3
202210202015,,0.0
202210202030,169.0,0.4
202210202045,123.0,0.9
202210202100,,0.0
202210202115,181.0,0.4
202210202130,,0.0
202210202146,188.0,0.4
202210202200,,0.0
202210202215,288.0,0.4
202210202230,,0.0
202210202245,,0.0
202210202300,,0.0
202210202315,,0.0
202210202330,,0.0
202210202345,,0.0
202210210000,,0.0
202210210015,,0.0
202210210030,,0.0
202210210045,,0.0
202210210100,,0.0
202210210115,,0.0
202210210145,,0.0
202210210200,,0.0
202210210215,,0.0
202210210230,,0.0
202210210245,,0.0
202210210300,,0.0
202210210315,,0.0
202210210330,,0.0
202210210345,,0.0
202210210400,,0.0
202210210415,,0.0
202210210430,,0.0
202210210445,,0.0
202210210500,,0.0
202210210515,,0.0
202210210530,,0.0
202210210545,,0.0
202210210600,,0.0
202210210615,,0.0
202210210630,,0.0
202210210645,,0.0
202210210701,,0.0
202210210715,,0.0
202210210730,,0.0
202210210800,,0.0
202210210816,,0.0
202210210830,,0.0
202210210900,,0.0
202210210915,,0.0
202210210930,,0.0
202210210945,,0.0
202210211000,,0.0
202210211015,,0.0
202210211031,,0.0
202210211115,,0.0
202210211130,,0.0
202210211145,,0.0
202210211200,,0.0
202210211215,,0.0
202210211230,,0.0
202210211245,,0.0
202210211300,,0.0
202210211315,,0.0
202210211330,,0.0
202210211345,71.0,0.4
202210211400,74.0,0.4
202210211415,,0.0
202210211431,,0.0
202210211445,,0.0
202210211500,,0.0
202210211515,126.0,0.4
202210211531,,0.0
202210211546,191.0,0.4
202210211600,,0.0
202210211615,165.0,0.9
202210211630,197.0,0.4
202210211645,219.0,0.4
202210211700,61.0,0.4
202210211715,183.0,0.4
202210211730,138.0,0.4
202210211745,126.0,0.4
202210211800,148.0,0.4
202210211815,161.0,0.4
202210211830,69.0,0.9
202210211845,284.0,0.4
202210211900,,0.0
202210211915,41.0,1.3
202210211930,,0.0
202210211945,,0.0
202210212000,,0.0
202210212015,,0.0
202210212030,157.0,0.4
202210212045,,0.0
202210212100,,0.0
202210212115,,0.0
202210212145,64.0,0.4
202210212200,,0.0
202210212215,,0.0
202210212230,,0.0
202210212245,70.0,0.4
202210212300,,0.0
202210212315,,0.0
202210212331,,0.0
202210212345,,0.0
202210220000,,0.0
202210220015,,0.0
202210220030,,0.0
202210220046,,0.0
202210220100,,0.0
202210220116,,0.0
202210220130,,0.0
202210220145,,0.0
202210220200,,0.0
202210220215,,0.0
202210220230,,0.0
202210220245,,0.0
202210220300,,0.0
202210220315,,0.0
202210220330,,0.0
202210220345,,0.0
202210220400,,0.0
202210220415,,0.0
202210220430,,0.0
202210220445,,0.0
202210220500,,0.0
202210220515,,0.0
202210220530,,0.0
202210220545,,0.0
202210220600,,0.0
202210220615,,0.0
202210220630,,0.0
202210220645,,0.0
202210220715,,0.0
202210220730,,0.0
202210220745,,0.0
202210220800,,0.0
202210220815,,0.0
202210220830,,0.0
202210220845,,0.0
202210220900,,0.0
202210220915,,0.0
202210220930,,0.0
202210220945,,0.0
202210221001,,0.0
202210221015,,0.0
202210221030,,0.0
202210221046,,0.0
202210221100,,0.0
202210221115,,0.0
202210221130,,0.0
202210221145,,0.0
202210221200,,0.0
202210221215,,0.0
202210221230,,0.0
202210221245,,0.0
202210221300,,0.0
202210221315,,0.0
202210221330,,0.0
202210221345,,0.0
202210221400,,0.0
202210221415,134.0,0.4
202210221430,,0.0
202210221445,,0.0
202210221500,,0.0
202210221516,,0.0
202210221530,169.0,0.4
202210221545,,0.0
202210221600,236.0,0.4
202210221615,143.0,0.4
202210221630,139.0,0.4
202210221645,155.0,0.4
202210221700,157.0,0.4
202210221715,201.0,0.4
202210221730,314.0,0.4
202210221745,236.0,0.4
202210221800,80.0,0.4
202210221815,108.0,0.4
202210221830,,0.0
202210221845,232.0,0.4
202210221900,,0.0
202210221915,170.0,0.4
202210221930,,0.0
202210221945,161.0,0.4
202210222000,87.0,0.4
202210222015,112.0,0.4
202210222030,,0.0
202210222045,,0.0
202210222100,,0.0
202210222115,61.0,0.4
202210222130,,0.0
202210222145,92.0,0.4
202210222200,,0.0
202210222215,73.0,0.4
202210222230,69.0,0.4
202210222246,,0.0
202210222300,,0.0
202210222315,,0.0
202210222330,,0.0
202210222346,,0.0
202210230000,,0.0
202210230015,,0.0
202210230030,,0.0
202210230045,78.0,0.4
202210230101,,0.0
202210230116,,0.0
202210230130,,0.0
202210230146,,0.0
202210230201,,0.0
202210230231,,0.0
202210230245,,0.0
202210230300,,0.0
202210230315,,0.0
202210230330,,0.0
202210230345,,0.0
202210230400,,0.0
202210230415,,0.0
202210230500,,0.0
202210230515,,0.0
202210230531,,0.0
202210230545,,0.0
202210230600,,0.0
202210230615,,0.0
202210230630,,0.0
202210230645,,0.0
202210230700,,0.0
202210230715,,0.0
202210230730,,0.0
202210230745,,0.0
202210230816,,0.0
202210230830,,0.0
202210230845,,0.0
202210230900,,0.0
202210230915,,0.0
202210230930,,0.0
202210230946,,0.0
202210231000,,0.0
202210231015,78.0,0.4
202210231030,,0.0
202210231046,,0.0
202210231100,,0.0
202210231115,,0.0
202210231130,,0.0
202210231145,,0.0
202210231201,,0.0
202210231216,,0.0
202210231231,,0.0
202210231245,,0.0
202210231300,,0.0
202210231315,,0.0
202210231330,,0.0
202210231345,,0.0
202210231400,,0.0
202210231415,,0.0
202210231430,,0.0
202210231445,,0.0
202210231500,,0.0
202210231546,,0.0
202210231600,,0.0
202210231615,61.0,0.4
202210231630,138.0,0.4
202210231645,186.0,0.4
202210231701,216.0,0.4
202210231716,180.0,0.4
202210231730,169.0,0.4
202210231745,139.0,0.4
202210231800,73.0,0.9
202210231830,156.0,0.4
202210231845,176.0,0.4
202210231900,74.0,0.4
202210231930,161.0,0.4
202210232000,,0.0
202210232015,217.0,0.4
202210232030,9.0,0.4
202210232100,85.0,0.4
202210232115,,0.0
202210232130,74.0,0.9
202210232145,,0.0
202210232200,,0.0
202210232215,,0.0
202210232230,,0.0
202210232245,,0.0
202210232300,,0.0
202210232315,,0.0
202210232330,,0.0
202210232345,,0.0
202210240000,,0.0
202210240015,,0.0
202210240030,,0.0
202210240045,,0.0
202210240100,,0.0
202210240115,,0.0
202210240130,,0.0
202210240145,,0.0
202210240200,,0.0
202210240215,,0.0
202210240230,,0.0
202210240245,,0.0
202210240300,,0.0
202210240315,,0.0
202210240330,,0.0
202210240345,,0.0
202210240400,,0.0
202210240415,,0.0
202210240430,,0.0
202210240445,,0.0
202210240500,,0.0
202210240515,,0.0
202210240546,,0.0
202210240600,,0.0
202210240615,,0.0
202210240631,,0.0
202210240646,,0.0
202210240701,,0.0
202210240716,,0.0
202210240730,,0.0
202210240745,,0.0
202210240800,,0.0
202210240815,,0.0
202210240830,,0.0
202210240845,,0.0
202210240900,,0.0
202210240915,,0.0
202210240930,,0.0
202210240945,,0.0
202210241000,,0.0
202210241030,,0.0
202210241045,,0.0
202210241100,,0.0
202210241130,,0.0
202210241145,,0.0
202210241200,,0.0
202210241215,,0.0
202210241230,,0.0
202210241245,,0.0
202210241300,,0.0
202210241315,,0.0
202210241330,,0.0
202210241345,,0.0
202210241400,,0.0
202210241415,,0.0
202210241430,,0.0
202210241446,59.0,0.4
202210241500,116.0,0.4
202210241515,,0.0
202210241530,107.0,0.4
202210241545,76.0,0.4
202210241600,,0.0
202210241615,327.0,0.4
202210241630,69.0,0.9
202210241645,145.0,0.9
202210241700,59.0,0.9
202210241730,84.0,0.4
202210241745,95.0,1.3
202210241801,165.0,0.4
202210241815,96.0,0.9
202210241831,58.0,0.9
202210241845,,0.0
202210241901,35.0,0.4
202210241915,83.0,0.4
202210241930,92.0,0.4
202210241946,139.0,0.4
202210242000,195.0,0.4
202210242015,198.0,0.4
202210242030,134.0,0.9
202210242045,,0.0
202210242100,138.0,0.4
202210242115,211.0,0.4
202210242130,82.0,0.9
202210242200,71.0,0.9
202210242215,,0.0
202210242230,,0.0
202210242245,,0.0
202210242300,,0.0
202210242315,,0.0
202210242330,91.0,0.4
202210242345,,0.0
202210250000,,0.0
202210250015,,0.0
202210250030,,0.0
202210250045,,0.0
202210250100,,0.0
202210250115,,0.0
202210250130,,0.0
202210250200,,0.0
202210250215,,0.0
202210250230,,0.0
202210250245,,0.0
202210250300,,0.0
202210250315,113.0,0.4
202210250330,,0.0
202210250345,,0.0
202210250400,57.0,0.4
202210250415,118.0,0.4
202210250430,,0.0
202210250445,90.0,0.4
202210250500,169.0,0.4
202210250515,,0.0
202210250531,76.0,0.4
202210250545,220.0,0.4
202210250600,88.0,0.4
202210250615,342.0,0.4
202210250630,,0.0
202210250700,,0.0
202210250715,,0.0
202210250730,,0.0
202210250745,84.0,0.9
202210250801,,0.0
202210250815,,0.0
202210250845,,0.0
202210250915,,0.0
202210250930,,0.0
202210251000,76.0,0.4
202210251015,,0.0
202210251030,,0.0
202210251045,,0.0
202210251100,,0.0
202210251115,,0.0
202210251130,,0.0
202210251145,,0.0
202210251200,66.0,0.4
202210251215,355.0,0.4
202210251230,,0.0
202210251245,,0.0
202210251300,,0.0
202210251315,121.0,0.9
202210251331,104.0,0.9
202210251345,56.0,0.9
202210251400,46.0,0.4
202210251415,86.0,0.9
202210251430,107.0,0.9
202210251445,178.0,0.9
202210251500,173.0,0.4
202210251515,88.0,0.9
202210251530,90.0,0.4
202210251545,144.0,0.9
202210251601,128.0,1.3
202210251615,275.0,0.9
202210251631,128.0,0.9
202210251646,55.0,0.9
202210251700,84.0,0.9
202210251715,44.0,0.4
202210251730,75.0,0.9
202210251745,124.0,0.9
202210251800,117.0,1.3
202210251815,136.0,0.4
202210251830,121.0,0.9
202210251845,211.0,0.4
202210251900,129.0,1.3
202210251915,163.0,0.9
202210251930,64.0,0.9
202210251945,155.0,2.2
202210252001,171.0,1.3
202210252015,120.0,0.9
202210252030,117.0,0.4
202210252045,86.0,0.4
202210252100,71.0,0.4
202210252115,102.0,0.4
202210252130,,0.0
202210252145,,0.0
202210252200,,0.0
202210252215,,0.0
202210252230,266.0,0.9
202210252245,,0.0
202210252301,,0.0
202210252316,,0.0
202210252330,226.0,0.4
202210260000,265.0,0.9
202210260016,295.0,0.4
202210260031,247.0,0.9
202210260046,271.0,0.9
202210260100,,0.0
202210260115,,0.0
202210260130,296.0,0.4
202210260146,,0.0
202210260201,,0.0
202210260216,,0.0
202210260231,,0.0
202210260245,,0.0
202210260300,156.0,0.4
202210260315,,0.0
202210260330,,0.0
202210260345,,0.0
202210260400,,0.0
202210260415,,0.0
202210260430,,0.0
202210260445,,0.0
202210260500,,0.0
202210260515,171.0,0.4
202210260530,,0.0
202210260545,,0.0
202210260600,,0.0
202210260615,146.0,0.4
202210260630,,0.0
202210260645,,0.0
202210260700,,0.0
202210260715,,0.0
202210260730,,0.0
202210260745,,0.0
202210260815,,0.0
202210260830,173.0,0.4
202210260845,,0.0
202210260901,245.0,1.3
202210260915,251.0,0.4
202210260930,,0.0
202210260945,,0.0
202210261000,,0.0
202210261016,,0.0
202210261030,,0.0
202210261045,,0.0
202210261100,,0.0
202210261130,,0.0
202210261145,,0.0
202210261200,,0.0
202210261230,,0.0
202210261300,89.0,0.4
202210261315,,0.0
202210261330,293.0,0.4
202210261345,,0.0
202210261400,339.0,0.4
202210261415,54.0,0.4
202210261430,167.0,0.4
202210261446,98.0,0.9
202210261500,251.0,0.4
202210261516,259.0,0.4
202210261530,173.0,0.4
202210261545,51.0,0.9
202210261600,172.0,0.9
202210261616,277.0,1.3
202210261631,12.0,1.8
202210261645,13.0,0.9
202210261700,88.0,0.9
202210261715,301.0,0.4
202210261730,355.0,0.9
202210261745,12.0,1.3
202210261800,89.0,0.9
202210261815,74.0,0.9
202210261830,134.0,0.9
202210261845,229.0,0.9
202210261900,133.0,0.4
202210261945,183.0,0.9
202210262000,66.0,0.4
202210262030,232.0,0.4
202210262100,,0.0
202210262115,,0.0
202210262130,69.0,0.9
202210262145,,0.0
202210262200,,0.0
202210262215,,0.0
202210262230,,0.0
202210262245,98.0,0.4
202210262300,,0.0
202210262315,,0.0
202210262330,,0.0
202210262345,,0.0
202210270000,,0.0
202210270015,,0.0
202210270030,,0.0
202210270045,,0.0
202210270101,,0.0
202210270115,,0.0
202210270130,,0.0
202210270145,,0.0
202210270216,,0.0
202210270230,49.0,0.9
202210270245,,0.0
202210270300,,0.0
202210270315,,0.0
202210270331,,0.0
202210270400,,0.0
202210270416,,0.0
202210270430,,0.0
202210270446,,0.0
202210270501,,0.0
202210270530,,0.0
202210270545,,0.0
202210270615,,0.0
202210270630,,0.0
202210270645,,0.0
202210270700,,0.0
202210270715,,0.0
202210270730,,0.0
202210270745,,0.0
202210270800,,0.0
202210270815,,0.0
202210270830,,0.0
202210270845,,0.0
202210270900,,0.0
202210270915,,0.0
202210270930,,0.0
202210270945,,0.0
202210271000,,0.0
202210271015,,0.0
202210271030,,0.0
202210271045,,0.0
202210271100,,0.0
202210271115,,0.0
202210271130,,0.0
202210271145,,0.0
202210271200,,0.0
202210271215,,0.0
202210271230,,0.0
202210271245,,0.0
202210271300,,0.0
202210271315,,0.0
202210271330,75.0,0.4
202210271345,103.0,0.9
202210271400,32.0,0.9
202210271415,73.0,0.4
202210271430,177.0,0.9
202210271445,121.0,0.4
202210271500,275.0,0.4
202210271515,,0.0
202210271530,78.0,0.4
202210271545,,0.0
202210271600,88.0,0.9
202210271615,120.0,0.4
202210271630,120.0,0.9
202210271645,125.0,0.4
202210271700,288.0,0.4
202210271715,77.0,0.9
202210271730,11.0,0.9
202210271746,,0.0
202210271801,108.0,1.3
202210271815,61.0,1.3
202210271830,136.0,0.4
202210271845,198.0,0.4
202210271900,,0.0
202210271915,,0.0
202210271930,96.0,0.4
202210271945,144.0,0.4
202210272000,73.0,0.4
202210272015,64.0,0.4
202210272030,,0.0
202210272045,,0.0
202210272100,,0.0
202210272115,,0.0
202210272130,57.0,0.4
202210272145,,0.0
202210272200,,0.0
202210272215,,0.0
202210272230,,0.0
202210272245,,0.0
202210272300,,0.0
202210272345,,0.0
202210280015,,0.0
202210280030,,0.0
202210280045,,0.0
202210280100,,0.0
202210280115,,0.0
202210280130,,0.0
202210280145,,0.0
202210280200,,0.0
202210280215,,0.0
202210280230,,0.0
202210280245,,0.0
202210280300,,0.0
202210280315,,0.0
202210280330,,0.0
202210280345,,0.0
202210280401,,0.0
202210280430,,0.0
202210280445,,0.0
202210280500,,0.0
202210280515,,0.0
202210280530,,0.0
202210280545,,0.0
202210280600,,0.0
202210280615,,0.0
202210280630,,0.0
202210280645,,0.0
202210280700,,0.0
202210280716,,0.0
202210280730,,0.0
202210280731,,0.0
202210280745,,0.0
202210280800,,0.0
202210280815,,0.0
202210280830,,0.0
202210280845,,0.0
202210280900,,0.0
202210280915,,0.0
202210280930,,0.0
202210280945,,0.0
202210281000,,0.0
202210281015,,0.0
202210281030,,0.0
202210281045,,0.0
202210281100,,0.0
202210281115,,0.0
202210281130,,0.0
202210281145,,0.0
202210281200,,0.0
202210281215,,0.0
202210281230,,0.0
202210281245,,0.0
202210281300,,0.0
202210281315,,0.0
202210281330,,0.0
202210281345,,0.0
202210281400,,0.0
202210281415,55.0,0.4
202210281445,92.0,0.4
202210281500,94.0,0.4
202210281515,80.0,0.4
202210281530,242.0,0.4
202210281545,51.0,0.4
202210281600,,0.0
202210281615,63.0,0.4
202210281630,109.0,0.9
202210281645,82.0,1.8
202210281700,61.0,0.9
202210281715,45.0,0.9
202210281730,29.0,1.3
202210281745,92.0,0.4
202210281800,78.0,0.4
202210281815,355.0,0.9
202210281830,,0.0
202210281845,80.0,0.9
202210281900,163.0,0.4
202210281915,49.0,0.4
202210281930,,0.0
202210281945,67.0,0.9
202210282001,79.0,0.4
202210282015,177.0,0.4
202210282031,72.0,0.4
202210282045,,0.0
202210282100,,0.0
202210282115,,0.0
202210282130,,0.0
202210282145,,0.0
202210282200,,0.0
202210282215,,0.0
202210282230,,0.0
202210282245,,0.0
202210282300,,0.0
202210282316,,0.0
202210282345,,0.0
202210290001,,0.0
202210290015,,0.0
202210290031,,0.0
202210290045,,0.0
202210290100,,0.0
202210290116,,0.0
202210290130,,0.0
202210290146,,0.0
202210290201,,0.0
202210290216,,0.0
202210290231,,0.0
202210290246,82.0,0.4
202210290301,115.0,0.4
202210290315,,0.0
202210290330,103.0,0.4
202210290345,70.0,0.4
202210290400,,0.0
202210290415,97.0,0.9
202210290430,69.0,0.9
202210290500,,0.0
202210290530,,0.0
202210290545,,0.0
202210290600,61.0,0.4
202210290615,66.0,0.9
202210290630,,0.0
202210290645,,0.0
202210290700,,0.0
202210290715,86.0,0.4
202210290730,97.0,0.4
202210290745,68.0,0.4
202210290800,87.0,0.4
202210290815,117.0,0.9
202210290830,116.0,0.4
202210290845,84.0,0.9
202210290900,59.0,0.4
202210290915,65.0,0.4
202210290930,76.0,0.9
202210290945,67.0,0.9
202210291000,103.0,0.4
202210291015,,0.0
202210291030,93.0,0.4
202210291045,65.0,0.4
202210291100,,0.0
202210291115,,0.0
202210291130,,0.0
202210291145,,0.0
202210291200,,0.0
202210291216,,0.0
202210291230,,0.0
202210291246,,0.0
202210291300,,0.0
202210291315,,0.0
202210291330,50.0,0.4
202210291345,,0.0
202210291400,69.0,0.4
202210291415,80.0,0.9
202210291430,,0.0
202210291445,79.0,0.9
202210291500,76.0,0.9
202210291515,77.0,0.9
202210291530,232.0,0.9
202210291545,252.0,0.9
202210291600,39.0,0.9
202210291615,94.0,0.4
202210291630,63.0,0.4
202210291645,126.0,1.3
202210291700,167.0,0.4
202210291715,85.0,0.9
202210291800,130.0,0.4
202210291816,63.0,1.3
202210291830,150.0,0.4
202210291901,204.0,0.4
202210291915,76.0,0.9
202210291930,231.0,0.4
202210291945,67.0,0.4
202210292000,86.0,0.4
202210292015,80.0,0.4
202210292030,46.0,0.4
202210292045,69.0,0.4
202210292100,,0.0
202210292115,146.0,0.4
202210292145,65.0,0.4
202210292200,64.0,0.9
202210292215,82.0,0.4
202210292230,148.0,0.4
202210292300,64.0,0.9
202210292315,138.0,0.9
202210292345,151.0,0.4
202210300000,59.0,0.9
202210300015,71.0,0.9
202210300030,85.0,0.9
202210300045,90.0,0.4
202210300100,155.0,0.4
202210300116,227.0,0.4
202210300130,,0.0
202210300200,69.0,0.9
202210300215,65.0,0.9
202210300230,0.0,0.4
202210300245,221.0,0.9
202210300300,334.0,0.4
202210300315,55.0,0.4
202210300330,84.0,0.4
202210300346,77.0,0.4
202210300400,,0.0
202210300415,43.0,0.4
202210300430,78.0,0.4
202210300446,166.0,0.4
202210300500,102.0,0.9
202210300515,88.0,0.9
202210300530,56.0,1.8
202210300545,64.0,0.4
202210300600,67.0,0.4
202210300615,73.0,0.4
202210300645,115.0,0.4
202210300700,63.0,0.4
202210300715,86.0,0.4
202210300730,207.0,0.4
202210300746,,0.0
202210300800,159.0,0.4
202210300815,,0.0
202210300830,342.0,0.4
202210300845,80.0,0.4
202210300900,153.0,0.4
202210300915,47.0,0.4
202210300930,41.0,0.9
202210300945,,0.0
202210301000,,0.0
202210301015,206.0,0.4
202210301030,155.0,0.4
202210301045,76.0,0.4
202210301100,136.0,0.9
202210301115,115.0,0.9
202210301130,90.0,0.4
202210301145,59.0,0.9
202210301201,175.0,0.4
202210301215,99.0,1.8
202210301230,81.0,0.4
202210301245,159.0,0.4
202210301300,101.0,0.9
202210301315,89.0,0.4
202210301330,93.0,0.4
202210301345,,0.0
202210301400,102.0,0.4
202210301430,86.0,0.9
202210301445,,0.0
202210301501,184.0,0.4
202210301516,91.0,0.9
202210301530,46.0,1.3
202210301545,,0.0
202210301600,80.0,0.9
202210301615,,0.0
202210301630,,0.0
202210301646,57.0,0.9
202210301700,193.0,0.4
202210301715,144.0,0.4
202210301730,64.0,0.4
202210301746,108.0,0.4
202210301800,54.0,0.4
202210301815,,0.0
202210301830,138.0,0.4
202210301845,101.0,0.4
202210301900,83.0,0.9
202210301915,80.0,1.3
202210301930,111.0,0.4
202210301945,158.0,0.4
202210302000,95.0,0.4
202210302015,,0.0
202210302030,,0.0
202210302045,,0.0
202210302100,117.0,0.4
202210302115,126.0,0.9
202210302130,144.0,0.4
202210302145,,0.0
202210302200,126.0,0.4
202210302215,146.0,0.4
202210302230,,0.0
202210302245,67.0,0.4
202210302315,48.0,0.4
202210302330,,0.0
202210302345,165.0,0.4
202210310000,53.0,0.4
202210310015,67.0,0.4
202210310030,137.0,0.9
202210310045,,0.0
202210310100,,0.0
202210310130,,0.0
202210310145,,0.0
202210310200,,0.0
202210310215,,0.0
202210310230,,0.0
202210310245,,0.0
202210310300,,0.0
202210310315,,0.0
202210310330,,0.0
202210310345,,0.0
202210310400,,0.0
202210310415,,0.0
202210310430,,0.0
202210310445,,0.0
202210310500,,0.0
202210310516,,0.0
202210310530,,0.0
202210310546,,0.0
202210310600,,0.0
202210310616,,0.0
202210310630,,0.0
202210310645,,0.0
202210310700,,0.0
202210310716,,0.0
202210310730,,0.0
202210310745,,0.0
202210310801,,0.0
202210310816,,0.0
202210310900,,0.0
202210310915,,0.0
202210310930,,0.0
202210310945,,0.0
202210311000,,0.0
202210311015,,0.0
202210311030,,0.0
202210311045,,0.0
202210311100,,0.0
202210311115,,0.0
202210311130,,0.0
202210311145,,0.0
202210311200,,0.0
202210311215,,0.0
202210311230,,0.0
202210311245,,0.0
202210311300,,0.0
202210311315,,0.0
202210311345,,0.0
202210311400,,0.0
202210311415,,0.0
202210311430,,0.0
202210311445,142.0,0.4
202210311500,,0.0
202210311516,,0.0
202210311530,190.0,0.4
202210311545,,0.0
202210311600,,0.0
202210311616,184.0,0.4
202210311630,,0.0
202210311645,217.0,0.4
202210311701,,0.0
202210311715,191.0,0.4
202210311730,345.0,0.9
202210311745,,0.0
202210311800,,0.0
202210311815,224.0,0.4
202210311845,205.0,0.4
202210311900,198.0,0.4
202210311915,294.0,0.4
202210311930,286.0,0.4
202210311945,280.0,0.9
202210312000,,0.0
202210312030,169.0,0.4
202210312045,,0.0
202210312130,,0.0
202210312145,187.0,0.4
202210312200,,0.0
202210312215,,0.0
202210312231,,0.0
202210312245,,0.0
202210312300,,0.0
202210312315,,0.0
202210312330,,0.0
202210312345,,0.0
202211010000,,0.0
202211010015,,0.0
202211010030,,0.0
202211010045,,0.0
202211010100,,0.0
202211010115,,0.0
202211010130,,0.0
202211010145,,0.0
202211010200,,0.0
202211010215,,0.0
202211010230,,0.0
202211010300,,0.0
202211010330,,0.0
202211010346,,0.0
202211010400,,0.0
202211010415,,0.0
202211010445,,0.0
202211010500,,0.0
202211010515,,0.0
202211010530,,0.0
202211010545,,0.0
202211010600,,0.0
202211010615,,0.0
202211010630,,0.0
202211010645,,0.0
202211010700,,0.0
202211010715,,0.0
202211010730,,0.0
202211010745,,0.0
202211010800,,0.0
202211010815,,0.0
202211010830,,0.0
202211010845,,0.0
202211010900,,0.0
202211010915,,0.0
202211010930,,0.0
202211010945,,0.0
202211011000,,0.0
202211011015,,0.0
202211011030,,0.0
202211011045,,0.0
202211011100,,0.0
202211011116,,0.0
202211011145,,0.0
202211011200,,0.0
202211011215,,0.0
202211011230,,0.0
202211011245,,0.0
202211011300,,0.0
202211011315,,0.0
202211011345,,0.0
202211011400,,0.0
202211011415,,0.0
202211011430,,0.0
202211011445,,0.0
202211011500,,0.0
202211011515,,0.0
202211011530,89.0,0.4
202211011545,,0.0
202211011600,253.0,0.4
202211011615,82.0,0.9
202211011630,84.0,1.3
202211011646,173.0,0.9
202211011701,98.0,0.4
202211011715,90.0,0.4
202211011731,50.0,0.4
202211011745,294.0,0.4
202211011800,,0.0
202211011815,,0.0
202211011830,291.0,0.9
202211011845,139.0,0.4
202211011915,,0.0
202211011930,319.0,0.4
202211011945,60.0,0.4
202211012000,85.0,0.9
202211012015,173.0,0.4
202211012030,,0.0
202211012045,,0.0
202211012100,,0.0
202211012115,,0.0
202211012130,,0.0
202211012145,,0.0
202211012200,,0.0
202211012215,,0.0
202211012230,,0.0
202211012245,,0.0
202211012300,,0.0
202211012315,,0.0
202211012330,,0.0
202211012345,,0.0
202211020000,,0.0
202211020015,,0.0
202211020100,,0.0
202211020130,,0.0
202211020145,,0.0
202211020200,,0.0
202211020215,,0.0
202211020245,,0.0
202211020300,,0.0
202211020330,,0.0
202211020400,,0.0
202211020415,,0.0
202211020430,142.0,0.4
202211020445,,0.0
202211020500,,0.0
202211020545,,0.0
202211020600,,0.0
202211020615,,0.0
202211020630,,0.0
202211020645,,0.0
202211020700,,0.0
202211020715,142.0,0.4
202211020730,,0.0
202211020745,,0.0
202211020800,,0.0
202211020815,,0.0
202211020830,,0.0
202211020845,,0.0
202211020900,142.0,0.4
202211020915,,0.0
202211020930,,0.0
202211020945,,0.0
202211021001,,0.0
202211021015,,0.0
202211021030,,0.0
202211021045,,0.0
202211021101,,0.0
202211021116,142.0,0.4
202211021131,,0.0
202211021146,,0.0
202211021200,,0.0
202211021215,,0.0
202211021230,,0.0
202211021245,,0.0
202211021300,,0.0
202211021315,,0.0
202211021345,,0.0
202211021400,,0.0
202211021415,,0.0
202211021430,,0.0
202211021445,,0.0
202211021500,,0.0
202211021515,,0.0
202211021530,,0.0
202211021600,,0.0
202211021616,83.0,0.4
202211021630,,0.0
202211021631,,0.0
202211021645,144.0,0.4
202211021700,68.0,0.4
202211021730,300.0,0.4
202211021745,,0.0
202211021800,342.0,0.4
202211021815,287.0,0.9
202211021830,290.0,0.4
202211021900,118.0,0.4
202211021915,82.0,0.4
202211021930,61.0,0.4
202211021945,286.0,0.4
202211022000,94.0,0.4
202211022030,,0.0
202211022045,,0.0
202211022100,,0.0
202211022115,234.0,0.4
202211022130,230.0,0.4
202211022145,,0.0
202211022200,,0.0
202211022215,,0.0
202211022230,,0.0
202211022245,,0.0
202211022300,,0.0
202211022315,,0.0
202211022330,,0.0
202211022345,,0.0
202211030000,,0.0
202211030016,,0.0
202211030030,,0.0
202211030045,,0.0
202211030100,,0.0
202211030116,,0.0
202211030130,,0.0
202211030200,,0.0
202211030215,,0.0
202211030230,,0.0
202211030245,,0.0
202211030300,,0.0
202211030315,,0.0
202211030345,,0.0
202211030401,,0.0
202211030415,,0.0
202211030430,,0.0
202211030445,,0.0
202211030500,,0.0
202211030515,,0.0
202211030530,,0.0
202211030545,,0.0
202211030600,,0.0
202211030630,,0.0
202211030645,,0.0
202211030700,,0.0
202211030715,,0.0
202211030730,,0.0
202211030745,,0.0
202211030800,,0.0
202211030815,,0.0
202211030830,,0.0
202211030845,,0.0
202211030900,,0.0
202211030916,,0.0
202211030930,,0.0
202211030945,,0.0
202211031000,,0.0
202211031030,,0.0
202211031100,,0.0
202211031115,,0.0
202211031130,,0.0
202211031145,,0.0
202211031200,,0.0
202211031215,,0.0
202211031230,,0.0
202211031245,,0.0
202211031300,,0.0
202211031315,,0.0
202211031330,,0.0
202211031345,94.0,0.4
202211031401,63.0,0.9
202211031415,144.0,0.4
202211031430,94.0,0.4
202211031445,,0.0
202211031500,,0.0
202211031515,94.0,0.4
202211031530,105.0,0.4
202211031545,,0.0
202211031600,61.0,0.4
202211031615,155.0,0.4
202211031630,85.0,0.4
202211031645,63.0,0.4
202211031700,86.0,0.4
202211031715,,0.0
202211031731,121.0,0.9
202211031745,73.0,0.4
202211031801,61.0,1.3
202211031815,138.0,0.4
202211031830,146.0,1.3
202211031845,79.0,1.3
202211031900,194.0,0.4
202211031915,153.0,0.4
202211031930,51.0,0.9
202211031945,168.0,0.4
202211032000,85.0,0.4
202211032015,131.0,0.4
202211032030,69.0,0.4
202211032045,85.0,0.4
202211032100,218.0,0.4
202211032115,79.0,0.9
202211032130,,0.0
202211032145,,0.0
202211032200,108.0,0.4
202211032230,,0.0
202211032245,,0.0
202211032300,,0.0
202211032330,,0.0
202211032345,,0.0
202211040000,,0.0
202211040015,,0.0
202211040030,,0.0
202211040045,,0.0
202211040100,,0.0
202211040130,,0.0
202211040145,,0.0
202211040200,,0.0
202211040215,,0.0
202211040230,,0.0
202211040245,,0.0
202211040300,,0.0
202211040315,,0.0
202211040330,,0.0
202211040345,,0.0
202211040400,,0.0
202211040415,,0.0
202211040430,,0.0
202211040445,,0.0
202211040500,,0.0
202211040515,,0.0
202211040530,,0.0
202211040546,,0.0
202211040600,,0.0
202211040615,,0.0
202211040630,95.0,0.4
202211040645,134.0,0.4
202211040700,,0.0
202211040715,92.0,0.4
202211040730,77.0,0.4
202211040746,65.0,0.9
202211040800,56.0,0.4
202211040815,,0.0
202211040832,,0.0
202211040846,,0.0
202211040900,163.0,0.4
202211040930,,0.0
202211040945,70.0,0.4
202211041000,,0.0
202211041030,,0.0
202211041045,,0.0
202211041100,,0.0
202211041115,,0.0
202211041130,,0.0
202211041145,,0.0
202211041200,,0.0
202211041215,,0.0
202211041230,72.0,0.4
202211041300,62.0,0.4
202211041315,81.0,0.4
202211041330,55.0,1.3
202211041345,85.0,0.4
202211041400,81.0,0.9
202211041415,,0.0
202211041430,55.0,0.4
202211041445,127.0,0.4
202211041501,128.0,1.3
202211041515,131.0,0.9
202211041530,207.0,0.9
202211041545,159.0,0.9
202211041600,93.0,1.3
202211041615,103.0,0.9
202211041645,180.0,0.9
202211041700,113.0,0.9
202211041715,67.0,1.8
202211041730,78.0,2.2
202211041745,59.0,0.9
202211041800,73.0,0.9
202211041815,155.0,0.9
202211041830,140.0,0.4
202211041845,81.0,0.9
202211041900,199.0,0.4
202211041930,164.0,0.9
202211041945,111.0,0.9
202211042000,181.0,0.4
202211042015,162.0,0.4
202211042030,97.0,0.9
202211042045,43.0,0.9
202211042100,171.0,0.4
202211042115,111.0,0.4
202211042145,,0.0
202211042200,84.0,0.4
202211042215,,0.0
202211042230,86.0,0.4
202211042246,,0.0
202211042300,,0.0
202211042316,,0.0
202211042331,,0.0
202211042346,,0.0
202211050000,119.0,0.4
202211050015,,0.0
202211050030,,0.0
202211050045,,0.0
202211050100,,0.0
202211050115,,0.0
202211050130,,0.0
202211050200,87.0,0.9
202211050215,30.0,0.4
202211050230,94.0,0.4
202211050245,,0.0
202211050300,234.0,0.9
202211050315,,0.0
202211050330,,0.0
202211050345,,0.0
202211050400,,0.0
202211050415,,0.0
202211050430,,0.0
202211050445,,0.0
202211050500,,0.0
202211050515,,0.0
202211050530,,0.0
202211050545,,0.0
202211050600,,0.0
202211050615,130.0,0.4
202211050630,113.0,0.9
202211050645,,0.0
202211050700,155.0,0.4
202211050715,128.0,0.4
202211050730,92.0,0.4
202211050800,115.0,0.9
202211050815,102.0,0.4
202211050830,,0.0
202211050845,,0.0
202211050900,174.0,0.4
202211050915,241.0,0.4
202211050930,167.0,0.4
202211050945,142.0,0.9
202211051000,100.0,0.4
202211051015,136.0,0.9
202211051030,142.0,0.9
202211051100,19.0,0.9
202211051115,89.0,0.4
202211051131,127.0,0.9
202211051145,162.0,0.9
202211051201,19.0,0.9
202211051215,57.0,0.4
202211051231,170.0,0.9
202211051245,179.0,0.4
202211051300,153.0,0.4
202211051316,146.0,0.4
202211051330,,0.0
202211051345,125.0,0.4
202211051400,71.0,0.4
202211051415,150.0,0.4
202211051445,,0.0
202211051500,241.0,0.4
202211051515,199.0,0.4
202211051545,,0.0
202211051600,,0.0
202211051615,,0.0
202211051700,,0.0
202211051715,,0.0
202211051731,,0.0
202211051745,,0.0
202211051800,,0.0
202211051815,,0.0
202211051830,,0.0
202211051846,,0.0
202211051900,,0.0
202211051915,,0.0
202211051930,127.0,0.4
202211052000,,0.0
202211052015,,0.0
202211052030,72.0,0.4
202211052045,140.0,0.9
202211052100,130.0,0.9
202211052115,70.0,1.3
202211052131,114.0,0.9
202211052146,73.0,1.3
202211052200,106.0,1.8
202211052215,119.0,1.8
202211052230,200.0,0.9
202211052245,195.0,1.8
202211052300,131.0,1.3
202211052315,155.0,0.9
202211052330,118.0,0.4
202211052345,265.0,0.4
202211060000,81.0,0.4
202211060015,148.0,0.4
202211060030,,0.0
202211060045,172.0,0.9
202211060100,131.0,0.4
202211060115,,0.0
202211060130,,0.0
202211060200,,0.0
202211060215,,0.0
202211060230,,0.0
202211060245,,0.0
202211060300,,0.0
202211060330,217.0,0.4
202211060345,,0.0
202211060400,,0.0
202211060415,,0.0
202211060445,,0.0
202211060500,,0.0
202211060515,,0.0
202211060530,,0.0
202211060545,,0.0
202211060600,,0.0
202211060615,,0.0
202211060630,,0.0
202211060645,,0.0
202211060700,,0.0
202211060715,,0.0
202211060730,,0.0
202211060745,,0.0
202211060800,,0.0
202211060815,,0.0
202211060830,,0.0
202211060845,,0.0
202211060901,,0.0
202211060915,,0.0
202211060930,,0.0
202211060946,,0.0
202211061000,,0.0
202211061015,,0.0
202211061030,,0.0
202211061046,,0.0
202211061101,,0.0
202211061115,,0.0
202211061130,,0.0
202211061145,,0.0
202211061200,,0.0
202211061215,214.0,0.4
202211061230,,0.0
202211061245,,0.0
202211061300,,0.0
202211061330,,0.0
202211061345,,0.0
202211061400,,0.0
202211061415,,0.0
202211061430,,0.0
202211061445,,0.0
202211061500,,0.0
202211061531,,0.0
202211061545,,0.0
202211061600,194.0,0.4
202211061615,,0.0
202211061631,,0.0
202211061646,,0.0
202211061715,,0.0
202211061745,129.0,0.9
202211061800,123.0,0.4
202211061830,,0.0
202211061845,142.0,0.4
202211061900,287.0,0.4
202211061915,146.0,0.9
202211061930,,0.0
202211061945,,0.0
202211062000,134.0,0.4
202211062015,257.0,0.4
202211062030,,0.0
202211062045,,0.0
202211062100,,0.0
202211062115,178.0,0.4
202211062130,,0.0
202211062145,,0.0
202211062200,,0.0
202211062215,,0.0
202211062230,,0.0
202211062300,,0.0
202211062315,,0.0
202211062330,,0.0
202211070000,,0.0
202211070015,,0.0
202211070031,,0.0
202211070045,,0.0
202211070100,,0.0
202211070115,,0.0
202211070145,,0.0
202211070215,,0.0
202211070230,,0.0
202211070245,,0.0
202211070300,,0.0
202211070315,,0.0
202211070330,,0.0
202211070346,,0.0
202211070400,,0.0
202211070416,,0.0
202211070430,,0.0
202211070445,,0.0
202211070500,,0.0
202211070515,,0.0
202211070530,,0.0
202211070600,,0.0
202211070615,,0.0
202211070630,,0.0
202211070645,,0.0
202211070700,71.0,0.4
202211070715,,0.0
202211070730,,0.0
202211070745,,0.0
202211070815,,0.0
202211070830,,0.0
202211070900,,0.0
202211070915,,0.0
202211070930,,0.0
202211070945,,0.0
202211071000,,0.0
202211071015,,0.0
202211071030,,0.0
202211071045,,0.0
202211071100,,0.0
202211071115,,0.0
202211071130,,0.0
202211071145,,0.0
202211071200,,0.0
202211071215,,0.0
202211071230,,0.0
202211071245,,0.0
202211071300,,0.0
202211071316,,0.0
202211071331,,0.0
202211071345,,0.0
202211071400,71.0,0.4
202211071430,,0.0
202211071445,76.0,0.9
202211071515,78.0,0.4
202211071530,,0.0
202211071545,,0.0
202211071600,148.0,0.9
202211071615,174.0,0.4
202211071630,75.0,0.4
202211071645,82.0,0.9
202211071701,140.0,0.9
202211071715,162.0,0.9
202211071730,,0.0
202211071745,82.0,1.3
202211071800,61.0,0.9
202211071815,55.0,1.3
202211071830,139.0,0.4
202211071845,117.0,0.9
202211071900,166.0,0.4
202211071915,67.0,0.4
202211071930,89.0,1.3
202211071945,148.0,0.4
202211072000,81.0,0.9
202211072015,116.0,0.4
202211072030,94.0,0.9
202211072045,102.0,0.9
202211072100,,0.0
202211072115,56.0,0.4
202211072130,,0.0
202211072145,,0.0
202211072200,,0.0
202211072215,65.0,0.4
202211072230,,0.0
202211072245,,0.0
202211072300,,0.0
202211072315,,0.0
202211072330,,0.0
202211072345,,0.0
202211080000,,0.0
202211080030,,0.0
202211080045,,0.0
202211080100,,0.0
202211080115,,0.0
202211080131,,0.0
202211080145,,0.0
202211080200,,0.0
202211080230,,0.0
202211080245,,0.0
202211080300,,0.0
202211080315,,0.0
202211080330,,0.0
202211080345,,0.0
202211080415,,0.0
202211080430,,0.0
202211080445,,0.0
202211080500,,0.0
202211080515,,0.0
202211080530,,0.0
202211080545,,0.0
202211080600,,0.0
202211080615,,0.0
202211080630,,0.0
202211080645,,0.0
202211080700,,0.0
202211080715,,0.0
202211080730,,0.0
202211080745,,0.0
202211080800,,0.0
202211080815,,0.0
202211080830,,0.0
202211080845,,0.0
202211080901,,0.0
202211080915,,0.0
202211080930,,0.0
202211080945,,0.0
202211081000,,0.0
202211081015,,0.0
202211081030,,0.0
202211081045,,0.0
202211081100,,0.0
202211081115,,0.0
202211081145,,0.0
202211081200,,0.0
202211081215,,0.0
202211081230,,0.0
202211081245,,0.0
202211081300,,0.0
202211081315,,0.0
202211081330,,0.0
202211081345,86.0,0.4
202211081400,,0.0
202211081415,,0.0
202211081445,,0.0
202211081500,217.0,0.4
202211081516,89.0,0.4
202211081530,111.0,0.4
202211081545,94.0,0.9
202211081600,41.0,1.3
202211081615,84.0,0.4
202211081630,70.0,0.9
202211081645,132.0,0.4
202211081700,86.0,0.9
202211081715,119.0,0.9
202211081730,119.0,0.4
202211081745,34.0,0.9
202211081800,22.0,0.9
202211081815,41.0,1.8
202211081845,61.0,1.3
202211081915,96.0,1.8
202211081930,80.0,0.9
202211081945,148.0,0.4
202211082000,161.0,0.9
202211082015,,0.0
202211082030,,0.0
202211082045,307.0,0.9
202211082115,,0.0
202211082130,64.0,0.9
202211082145,98.0,0.4
202211082200,,0.0
202211082215,,0.0
202211082230,,0.0
202211082245,,0.0
202211082300,,0.0
202211082315,,0.0
202211082330,,0.0
202211090000,,0.0
202211090015,,0.0
202211090030,,0.0
202211090045,,0.0
202211090101,,0.0
202211090115,,0.0
202211090131,,0.0
202211090145,,0.0
202211090201,,0.0
202211090216,,0.0
202211090231,,0.0
202211090246,,0.0
202211090300,,0.0
202211090315,,0.0
202211090330,,0.0
202211090345,,0.0
202211090400,,0.0
202211090415,66.0,0.4
202211090430,,0.0
202211090445,,0.0
202211090500,104.0,0.9
202211090515,,0.0
202211090530,,0.0
202211090601,63.0,0.4
202211090615,63.0,0.4
202211090630,,0.0
202211090645,,0.0
202211090700,67.0,0.4
202211090715,355.0,0.9
202211090730,95.0,0.4
202211090745,,0.0
202211090800,92.0,0.4
202211090815,133.0,0.4
202211090830,107.0,1.3
202211090845,107.0,0.9
202211090900,58.0,1.3
202211090930,318.0,1.3
202211090945,91.0,1.3
202211091000,58.0,0.9
202211091015,57.0,1.3
202211091031,68.0,0.4
202211091101,55.0,1.8
202211091116,,0.0
202211091131,,0.0
202211091145,,0.0
202211091200,,0.0
202211091215,,0.0
202211091230,,0.0
202211091245,,0.0
202211091300,,0.0
202211091315,95.0,0.4
202211091330,57.0,0.4
202211091345,99.0,1.3
202211091400,45.0,0.4
202211091415,40.0,1.3
202211091430,101.0,1.8
202211091500,20.0,1.8
202211091515,153.0,1.8
202211091530,135.0,0.9
202211091545,135.0,0.4
202211091600,170.0,1.8
202211091616,46.0,0.9
202211091645,68.0,0.9
202211091700,65.0,1.3
202211091715,119.0,1.3
202211091730,84.0,2.7
202211091745,47.0,1.3
202211091800,46.0,0.4
202211091816,82.0,1.3
202211091831,165.0,1.3
202211091846,46.0,0.4
202211091900,30.0,0.4
202211091915,239.0,0.4
202211091930,84.0,1.3
202211091945,36.0,1.8
202211092015,346.0,0.9
202211092030,78.0,1.8
202211092045,142.0,0.4
202211092100,74.0,0.9
202211092115,11.0,0.9
202211092130,87.0,0.9
202211092145,,0.0
202211092200,40.0,0.9
202211092215,113.0,0.4
202211092230,,0.0
202211092245,,0.0
202211092300,,0.0
202211092315,,0.0
202211092330,,0.0
202211092345,,0.0
202211100000,,0.0
202211100015,,0.0
202211100045,,0.0
202211100100,,0.0
202211100115,,0.0
202211100130,,0.0
202211100145,,0.0
202211100200,,0.0
202211100215,,0.0
202211100230,,0.0
202211100245,,0.0
202211100300,,0.0
202211100315,,0.0
202211100330,,0.0
202211100400,,0.0
202211100430,,0.0
202211100445,,0.0
202211100500,,0.0
202211100515,,0.0
202211100531,,0.0
202211100545,,0.0
202211100600,78.0,0.4
202211100615,44.0,0.4
202211100631,42.0,1.3
202211100645,,0.0
202211100700,111.0,0.9
202211100715,,0.0
202211100730,41.0,0.9
202211100800,,0.0
202211100815,,0.0
202211100830,,0.0
202211100845,,0.0
202211100900,,0.0
202211100915,96.0,0.4
202211100930,,0.0
202211101000,,0.0
202211101015,,0.0
202211101030,,0.0
202211101045,,0.0
202211101100,,0.0
202211101115,,0.0
202211101130,,0.0
202211101145,,0.0
202211101200,,0.0
202211101216,,0.0
202211101230,,0.0
202211101245,,0.0
202211101315,,0.0
202211101330,,0.0
202211101345,,0.0
202211101400,,0.0
202211101416,,0.0
202211101430,,0.0
202211101445,92.0,0.9
202211101500,24.0,0.4
202211101515,32.0,2.2
202211101530,159.0,1.8
202211101545,38.0,1.8
202211101600,58.0,0.9
202211101615,62.0,0.9
202211101630,128.0,0.9
202211101645,327.0,0.4
202211101700,90.0,0.9
202211101715,136.0,1.3
202211101730,65.0,1.8
202211101745,55.0,1.3
202211101800,147.0,1.3
202211101816,73.0,1.8
202211101830,,0.0
202211101845,34.0,2.2
202211101900,69.0,0.9
202211101915,80.0,0.9
202211101930,61.0,1.3
202211101945,65.0,0.9
202211102000,55.0,0.4
202211102015,64.0,0.4
202211102030,82.0,0.4
202211102045,60.0,0.4
202211102100,27.0,0.4
202211102115,71.0,0.4
202211102130,72.0,1.3
202211102145,99.0,0.4
202211102200,51.0,0.9
202211102215,92.0,0.4
202211102230,26.0,0.4
202211102245,355.0,0.9
202211102301,80.0,0.9
202211102316,,0.0
202211102330,250.0,0.4
202211102345,104.0,0.9
202211110000,196.0,0.4
202211110016,227.0,1.3
202211110046,97.0,0.9
202211110101,102.0,0.9
202211110116,94.0,0.9
202211110131,226.0,0.4
202211110146,32.0,0.4
202211110201,57.0,0.9
202211110215,309.0,0.9
202211110230,38.0,0.9
202211110245,82.0,0.4
202211110315,348.0,0.4
202211110330,311.0,0.4
202211110345,136.0,0.4
202211110415,,0.0
202211110430,105.0,0.4
202211110445,,0.0
202211110515,74.0,0.4
202211110530,,0.0
202211110545,,0.0
202211110600,,0.0
202211110615,213.0,0.4
202211110630,,0.0
202211110645,,0.0
202211110700,134.0,0.4
202211110715,326.0,0.4
202211110730,75.0,0.4
202211110745,,0.0
202211110800,,0.0
202211110815,0.0,0.4
202211110830,83.0,0.4
202211110846,214.0,0.4
202211110900,,0.0
202211110916,331.0,0.4
202211110930,65.0,0.4
202211110945,,0.0
202211111015,278.0,0.4
202211111045,38.0,0.4
202211111100,,0.0
202211111115,,0.0
202211111130,,0.0
202211111145,,0.0
202211111215,,0.0
202211111230,,0.0
202211111300,,0.0
202211111315,,0.0
202211111330,182.0,0.4
202211111345,,0.0
202211111400,290.0,0.4
202211111415,,0.0
202211111430,252.0,0.4
202211111445,,0.0
202211111500,,0.0
202211111515,172.0,0.9
202211111530,144.0,0.9
202211111545,211.0,0.4
202211111600,,0.0
202211111615,,0.0
202211111630,,0.0
202211111700,275.0,0.4
202211111715,305.0,0.4
202211111730,,0.0
202211111745,282.0,0.4
202211111800,157.0,0.4
202211111815,9.0,0.4
202211111830,181.0,0.4
202211111845,142.0,0.4
202211111915,142.0,0.4
202211111930,276.0,0.9
202211111945,254.0,0.4
202211112001,166.0,0.4
202211112015,,0.0
202211112030,288.0,0.4
202211112045,286.0,0.4
202211112100,,0.0
202211112115,300.0,0.4
202211112130,,0.0
202211112200,,0.0
202211112230,,0.0
202211112245,,0.0
202211112300,,0.0
202211112315,,0.0
202211112330,,0.0
202211112345,,0.0
202211120000,,0.0
202211120015,,0.0
202211120030,,0.0
202211120045,,0.0
202211120100,,0.0
202211120115,,0.0
202211120130,,0.0
202211120145,,0.0
202211120200,,0.0
202211120215,,0.0
202211120230,,0.0
202211120245,,0.0
202211120300,,0.0
202211120315,,0.0
202211120330,,0.0
202211120401,,0.0
202211120416,,0.0
202211120430,,0.0
202211120445,,0.0
202211120500,,0.0
202211120516,,0.0
202211120531,,0.0
202211120545,,0.0
202211120600,,0.0
202211120615,,0.0
202211120630,,0.0
202211120645,,0.0
202211120700,,0.0
202211120715,,0.0
202211120730,,0.0
202211120745,,0.0
202211120800,,0.0
202211120815,,0.0
202211120830,,0.0
202211120845,,0.0
202211120900,,0.0
202211120915,,0.0
202211120930,,0.0
202211120945,,0.0
202211121000,,0.0
202211121015,,0.0
202211121030,,0.0
202211121045,,0.0
202211121100,,0.0
202211121115,,0.0
202211121130,,0.0
202211121145,,0.0
202211121200,,0.0
202211121215,,0.0
202211121230,,0.0
202211121245,,0.0
202211121300,,0.0
202211121315,280.0,0.4
202211121330,278.0,0.4
202211121345,296.0,0.4
202211121400,84.0,0.9
202211121415,242.0,0.4
202211121431,290.0,0.9
202211121445,121.0,0.9
202211121500,292.0,0.4
202211121515,76.0,0.4
202211121530,131.0,0.9
202211121545,0.0,0.9
202211121600,207.0,0.4
202211121615,113.0,0.9
202211121630,275.0,0.4
202211121645,313.0,0.9
202211121700,325.0,0.9
202211121715,236.0,0.4
202211121730,249.0,0.4
202211121745,271.0,0.4
202211121800,,0.0
202211121815,269.0,0.4
202211121830,277.0,0.4
202211121845,291.0,0.9
202211121900,51.0,0.9
202211121915,355.0,0.9
202211121930,277.0,0.9
202211121945,72.0,0.4
202211122000,98.0,0.4
202211122015,325.0,1.3
202211122030,251.0,0.9
202211122046,211.0,0.4
202211122100,,0.0
202211122116,,0.0
202211122131,46.0,0.4
202211122145,113.0,0.4
202211122200,110.0,0.9
202211122215,271.0,0.9
202211122230,66.0,0.4
202211122245,216.0,0.9
202211122300,270.0,0.4
202211122315,176.0,0.4
202211122330,62.0,0.4
202211122345,,0.0
202211130000,26.0,0.4
202211130015,313.0,0.4
202211130030,87.0,0.9
202211130045,36.0,0.4
202211130100,267.0,0.4
202211130115,175.0,1.3
202211130130,151.0,0.4
202211130145,,0.0
202211130200,,0.0
202211130215,0.0,1.3
202211130230,76.0,0.9
202211130245,26.0,0.9
202211130315,146.0,0.9
202211130330,119.0,0.9
202211130345,146.0,0.4
202211130401,124.0,0.4
202211130416,112.0,0.4
202211130431,175.0,1.3
202211130445,246.0,0.4
202211130500,250.0,0.9
202211130515,136.0,0.4
202211130530,285.0,1.3
202211130545,308.0,0.4
202211130600,68.0,0.4
202211130615,,0.0
202211130630,150.0,0.4
202211130646,,0.0
202211130700,93.0,0.4
202211130715,53.0,0.4
202211130730,,0.0
202211130745,,0.0
202211130800,,0.0
202211130815,31.0,0.4
202211130830,230.0,0.9
202211130845,297.0,0.9
202211130901,214.0,0.4
202211130915,255.0,0.4
202211130930,5.0,0.9
202211130945,78.0,0.9
202211131000,323.0,1.3
202211131016,40.0,0.9
202211131030,131.0,1.3
202211131045,315.0,0.9
202211131100,24.0,0.9
202211131116,75.0,1.3
202211131130,105.0,0.9
202211131145,,0.0
202211131200,109.0,0.4
202211131216,49.0,0.9
202211131231,75.0,0.9
202211131245,86.0,0.4
202211131300,306.0,1.3
202211131315,342.0,0.9
202211131330,75.0,0.9
202211131345,23.0,0.4
202211131400,188.0,0.4
202211131416,341.0,0.9
202211131430,297.0,0.9
202211131445,349.0,0.9
202211131500,76.0,0.9
202211131515,284.0,0.4
202211131530,291.0,0.9
202211131600,324.0,1.3
202211131630,53.0,0.9
202211131645,284.0,1.3
202211131700,110.0,0.9
202211131730,0.0,0.9
202211131746,66.0,1.3
202211131800,266.0,0.9
202211131815,44.0,0.9
202211131830,254.0,0.9
202211131900,80.0,1.3
202211131915,282.0,1.3
202211131930,269.0,0.9
202211131945,,0.0
202211132000,,0.0
202211132015,308.0,1.3
202211132030,49.0,0.9
202211132100,135.0,0.4
202211132115,99.0,0.4
202211132130,284.0,0.4
202211132145,103.0,0.4
202211132200,,0.0
202211132215,144.0,0.4
202211132230,,0.0
202211132245,,0.0
202211132315,,0.0
202211132330,,0.0
202211132345,,0.0
202211140000,,0.0
202211140015,,0.0
202211140030,,0.0
202211140045,,0.0
202211140100,,0.0
202211140115,,0.0
202211140130,,0.0
202211140145,,0.0
202211140200,,0.0
202211140215,,0.0
202211140230,,0.0
202211140245,,0.0
202211140300,,0.0
202211140315,,0.0
202211140330,,0.0
202211140345,,0.0
202211140400,,0.0
202211140415,,0.0
202211140430,,0.0
202211140445,,0.0
202211140500,,0.0
202211140516,,0.0
202211140530,,0.0
202211140545,,0.0
202211140600,,0.0
202211140630,,0.0
202211140646,,0.0
202211140700,,0.0
202211140716,,0.0
202211140731,,0.0
202211140745,,0.0
202211140800,,0.0
202211140815,,0.0
202211140830,,0.0
202211140845,,0.0
202211140900,,0.0
202211140915,,0.0
202211140945,,0.0
202211141000,,0.0
202211141015,,0.0
202211141030,,0.0
202211141045,,0.0
202211141115,,0.0
202211141130,,0.0
202211141200,95.0,0.4
202211141230,,0.0
202211141246,,0.0
202211141300,,0.0
202211141315,,0.0
202211141330,,0.0
202211141345,,0.0
202211141400,,0.0
202211141415,65.0,0.9
202211141431,86.0,0.4
202211141445,37.0,1.3
202211141500,86.0,0.9
202211141515,96.0,1.3
202211141530,132.0,2.2
202211141545,191.0,1.3
202211141615,46.0,1.8
202211141630,95.0,1.8
202211141645,46.0,1.8
202211141700,156.0,1.3
202211141715,109.0,1.3
202211141730,69.0,1.3
202211141800,129.0,1.3
202211141815,60.0,0.9
202211141830,82.0,0.9
202211141845,55.0,1.3
202211141901,150.0,0.4
202211141930,149.0,0.4
202211141945,92.0,0.4
202211142000,160.0,0.4
202211142015,86.0,0.4
202211142030,107.0,0.4
202211142045,,0.0
202211142100,,0.0
202211142115,88.0,0.4
202211142130,80.0,0.9
202211142145,56.0,0.9
202211142200,,0.0
202211142215,,0.0
202211142300,,0.0
202211142315,65.0,0.4
202211142330,,0.0
202211142345,,0.0
202211150000,,0.0
202211150015,,0.0
202211150030,,0.0
202211150045,67.0,0.4
202211150100,44.0,0.4
202211150115,,0.0
202211150130,88.0,0.4
202211150145,217.0,0.4
202211150200,146.0,1.3
202211150215,88.0,0.9
202211150230,188.0,0.9
202211150245,82.0,1.8
202211150300,104.0,1.8
202211150315,166.0,1.3
202211150330,89.0,1.8
202211150345,123.0,0.9
202211150400,142.0,1.8
202211150415,136.0,1.3
202211150430,101.0,0.9
202211150445,86.0,1.3
202211150500,106.0,0.9
202211150530,98.0,1.3
202211150545,133.0,0.4
202211150600,172.0,0.9
202211150615,123.0,0.9
202211150630,50.0,0.4
202211150645,89.0,0.9
202211150701,128.0,0.9
202211150716,13.0,0.9
202211150731,267.0,0.9
202211150746,57.0,0.4
202211150800,,0.0
202211150815,78.0,0.4
202211150830,99.0,0.4
202211150845,115.0,0.9
202211150900,117.0,0.4
202211150915,282.0,0.4
202211150930,304.0,0.4
202211150945,82.0,0.4
202211151000,,0.0
202211151015,,0.0
202211151030,335.0,0.4
202211151045,,0.0
202211151115,,0.0
202211151130,,0.0
202211151145,,0.0
202211151215,,0.0
202211151230,,0.0
202211151245,,0.0
202211151300,,0.0
202211151315,,0.0
202211151330,,0.0
202211151400,74.0,0.4
202211151415,,0.0
202211151430,,0.0
202211151445,,0.0
202211151500,,0.0
202211151515,,0.0
202211151545,,0.0
202211151600,,0.0
202211151630,75.0,0.4
202211151646,78.0,0.4
202211151700,77.0,0.4
202211151715,,0.0
202211151730,,0.0
202211151745,,0.0
202211151800,77.0,0.4
202211151815,,0.0
202211151845,,0.0
202211151901,,0.0
202211151915,,0.0
202211151930,,0.0
202211151945,,0.0
202211152001,,0.0
202211152015,,0.0
202211152030,295.0,0.4
202211152045,146.0,0.4
202211152100,296.0,0.4
202211152115,,0.0
202211152130,88.0,0.4
202211152146,261.0,0.4
202211152200,,0.0
202211152216,,0.0
202211152231,93.0,0.4
202211152245,134.0,0.4
202211152315,99.0,0.4
202211152330,,0.0
202211152345,,0.0
202211160000,,0.0
202211160015,,0.0
202211160030,116.0,0.4
202211160045,,0.0
202211160100,,0.0
202211160115,170.0,0.4
202211160130,199.0,0.4
202211160145,209.0,0.4
202211160200,232.0,0.4
202211160215,279.0,0.4
202211160230,,0.0
202211160245,87.0,0.4
202211160300,113.0,0.4
202211160315,67.0,1.3
202211160330,79.0,0.4
202211160345,,0.0
202211160400,30.0,0.9
202211160430,268.0,0.4
202211160500,129.0,0.4
202211160515,284.0,0.4
202211160530,151.0,0.9
202211160545,103.0,0.4
202211160600,325.0,0.4
202211160616,,0.0
202211160631,134.0,0.4
202211160646,,0.0
202211160700,,0.0
202211160715,175.0,0.4
202211160731,292.0,0.9
202211160745,254.0,0.4
202211160800,55.0,0.4
202211160815,,0.0
202211160830,,0.0
202211160845,91.0,0.4
202211160900,,0.0
202211160915,,0.0
202211160930,,0.0
202211160945,,0.0
202211161000,120.0,0.4
202211161015,,0.0
202211161030,,0.0
202211161045,,0.0
202211161100,,0.0
202211161115,,0.0
202211161130,,0.0
202211161145,,0.0
202211161200,,0.0
202211161215,,0.0
202211161230,,0.0
202211161245,,0.0
202211161300,,0.0
202211161315,,0.0
202211161330,,0.0
202211161345,327.0,0.9
202211161415,129.0,0.4
202211161430,351.0,0.4
202211161445,11.0,0.9
202211161500,304.0,0.9
202211161515,,0.0
202211161530,264.0,0.9
202211161545,,0.0
202211161600,78.0,0.4
202211161615,304.0,0.4
202211161630,178.0,0.4
202211161645,94.0,0.9
202211161700,309.0,0.4
202211161715,18.0,1.3
202211161730,274.0,0.4
202211161745,,0.0
202211161800,144.0,0.4
202211161815,277.0,0.4
202211161830,89.0,1.3
202211161845,87.0,0.4
202211161900,271.0,0.9
202211161930,158.0,0.4
202211161945,227.0,0.9
202211162015,249.0,0.9
202211162030,151.0,0.4
202211162100,39.0,0.4
202211162115,140.0,0.9
202211162130,,0.0
202211162145,329.0,0.4
202211162200,246.0,0.4
202211162215,270.0,0.4
202211162230,,0.0
202211162245,,0.0
202211162300,,0.0
202211162315,,0.0
202211162330,,0.0
202211162345,,0.0
202211170000,,0.0
202211170015,,0.0
202211170031,,0.0
202211170045,,0.0
202211170101,,0.0
202211170115,,0.0
202211170131,,0.0
202211170145,,0.0
202211170201,,0.0
202211170215,,0.0
202211170246,,0.0
202211170300,,0.0
202211170316,,0.0
202211170330,,0.0
202211170345,,0.0
202211170400,,0.0
202211170430,,0.0
202211170445,,0.0
202211170501,,0.0
202211170515,,0.0
202211170530,,0.0
202211170600,,0.0
202211170615,,0.0
202211170630,,0.0
202211170645,,0.0
202211170700,,0.0
202211170715,,0.0
202211170730,,0.0
202211170745,,0.0
202211170800,,0.0
202211170815,,0.0
202211170830,,0.0
202211170845,,0.0
202211170900,,0.0
202211170915,,0.0
202211170930,,0.0
202211170945,,0.0
202211171000,,0.0
202211171015,,0.0
202211171030,,0.0
202211171045,,0.0
202211171100,,0.0
202211171115,,0.0
202211171131,,0.0
202211171145,,0.0
202211171200,,0.0
202211171215,,0.0
202211171230,,0.0
202211171245,,0.0
202211171301,,0.0
202211171315,,0.0
202211171330,,0.0
202211171345,,0.0
202211171400,79.0,0.4
202211171415,10.0,0.4
202211171430,250.0,0.4
202211171445,278.0,0.4
202211171500,326.0,0.4
202211171515,269.0,0.4
202211171530,297.0,1.3
202211171545,246.0,0.9
202211171600,86.0,0.4
202211171615,97.0,0.4
202211171630,250.0,0.9
202211171645,302.0,0.4
202211171700,141.0,0.9
202211171715,62.0,0.9
202211171731,5.0,0.9
202211171745,279.0,0.9
202211171800,178.0,0.4
202211171815,55.0,0.4
202211171831,71.0,1.3
202211171846,187.0,0.9
202211171901,315.0,0.9
202211171915,33.0,1.3
202211171930,80.0,0.4
202211171945,150.0,0.4
202211172000,203.0,0.4
202211172015,312.0,0.9
202211172030,234.0,1.8
202211172045,0.0,0.9
202211172100,275.0,0.4
202211172115,244.0,0.9
202211172130,333.0,0.9
202211172145,269.0,0.4
202211172200,,0.0
202211172215,,0.0
202211172230,187.0,0.4
202211172300,,0.0
202211172315,,0.0
202211172330,,0.0
202211172345,,0.0
202211180000,,0.0
202211180015,,0.0
202211180030,,0.0
202211180045,,0.0
202211180100,,0.0
202211180115,,0.0
202211180130,,0.0
202211180145,,0.0
202211180200,,0.0
202211180215,,0.0
202211180230,,0.0
202211180245,,0.0
202211180300,,0.0
202211180330,,0.0
202211180345,,0.0
202211180400,,0.0
202211180430,,0.0
202211180445,,0.0
202211180500,,0.0
202211180515,,0.0
202211180530,,0.0
202211180545,,0.0
202211180600,,0.0
202211180615,,0.0
202211180630,,0.0
202211180700,,0.0
202211180715,,0.0
202211180730,,0.0
202211180745,,0.0
202211180800,,0.0
202211180815,,0.0
202211180830,,0.0
202211180845,,0.0
202211180900,,0.0
202211180915,,0.0
202211180930,,0.0
202211180946,,0.0
202211181001,,0.0
202211181015,,0.0
202211181031,,0.0
202211181046,,0.0
202211181101,,0.0
202211181115,,0.0
202211181130,,0.0
202211181145,,0.0
202211181200,,0.0
202211181215,,0.0
202211181230,,0.0
202211181245,,0.0
202211181300,,0.0
202211181315,,0.0
202211181330,,0.0
202211181345,,0.0
202211181415,73.0,0.4
202211181430,74.0,0.4
202211181445,117.0,0.4
202211181500,,0.0
202211181515,77.0,1.3
202211181530,,0.0
202211181545,126.0,0.9
202211181601,108.0,1.3
202211181615,,0.0
202211181630,333.0,0.4
202211181645,267.0,0.4
202211181700,42.0,0.4
202211181715,61.0,0.4
202211181730,86.0,0.4
202211181745,84.0,0.9
202211181800,242.0,0.9
202211181815,244.0,0.9
202211181830,296.0,1.3
202211181845,271.0,1.3
202211181900,296.0,0.4
202211181915,74.0,0.4
202211181930,318.0,0.4
202211181945,304.0,0.4
202211182000,74.0,0.4
202211182015,71.0,0.9
202211182030,299.0,0.4
202211182100,82.0,0.4
202211182115,273.0,0.4
202211182130,,0.0
202211182200,,0.0
202211182215,,0.0
202211182230,,0.0
202211182245,,0.0
202211182300,,0.0
202211182315,,0.0
202211182330,,0.0
202211182345,,0.0
202211190001,,0.0
202211190015,,0.0
202211190030,,0.0
202211190045,,0.0
202211190100,,0.0
202211190115,,0.0
202211190131,,0.0
202211190146,,0.0
202211190201,,0.0
202211190216,,0.0
202211190231,,0.0
202211190300,,0.0
202211190316,,0.0
202211190331,,0.0
202211190346,,0.0
202211190401,,0.0
202211190415,,0.0
202211190430,,0.0
202211190445,,0.0
202211190500,,0.0
202211190515,,0.0
202211190530,,0.0
202211190545,,0.0
202211190600,,0.0
202211190615,,0.0
202211190630,,0.0
202211190645,,0.0
202211190700,,0.0
202211190730,,0.0
202211190745,,0.0
202211190800,,0.0
202211190815,,0.0
202211190830,,0.0
202211190845,,0.0
202211190915,,0.0
202211190930,,0.0
202211190945,,0.0
202211191000,,0.0
202211191015,,0.0
202211191030,,0.0
202211191100,,0.0
202211191115,,0.0
202211191130,,0.0
202211191145,,0.0
202211191200,,0.0
202211191215,,0.0
202211191230,,0.0
202211191245,,0.0
202211191300,,0.0
202211191315,,0.0
202211191346,,0.0
202211191401,,0.0
202211191415,,0.0
202211191430,72.0,0.9
202211191445,,0.0
202211191500,310.0,0.4
202211191515,82.0,1.3
202211191530,162.0,0.4
202211191545,161.0,0.4
202211191600,74.0,0.4
202211191630,,0.0
202211191645,157.0,0.4
202211191700,204.0,0.4
202211191715,,0.0
202211191730,157.0,0.9
202211191745,270.0,0.9
202211191800,205.0,0.4
202211191816,306.0,0.4
202211191830,259.0,0.9
202211191845,261.0,0.4
202211191900,,0.0
202211191915,242.0,0.4
202211191930,,0.0
202211191945,167.0,0.4
202211192000,,0.0
202211192015,,0.0
202211192030,,0.0
202211192046,186.0,0.4
202211192100,,0.0
202211192116,,0.0
202211192130,,0.0
202211192146,,0.0
202211192201,,0.0
202211192216,,0.0
202211192230,,0.0
202211192245,,0.0
202211192300,,0.0
202211192315,,0.0
202211192330,,0.0
202211192345,,0.0
202211200000,,0.0
202211200015,,0.0
202211200045,,0.0
202211200100,,0.0
202211200130,,0.0
202211200145,,0.0
202211200200,,0.0
202211200215,,0.0
202211200230,,0.0
202211200245,,0.0
202211200300,,0.0
202211200315,,0.0
202211200330,,0.0
202211200345,,0.0
202211200400,,0.0
202211200430,,0.0
202211200445,,0.0
202211200500,,0.0
202211200515,182.0,0.4
202211200530,,0.0
202211200545,,0.0
202211200600,,0.0
202211200615,,0.0
202211200630,,0.0
202211200645,,0.0
202211200700,,0.0
202211200715,,0.0
202211200730,,0.0
202211200745,,0.0
202211200800,,0.0
202211200815,,0.0
202211200830,,0.0
202211200845,,0.0
202211200900,,0.0
202211200915,,0.0
202211200930,,0.0
202211200945,,0.0
202211201000,,0.0
202211201015,,0.0
202211201030,,0.0
202211201046,,0.0
202211201100,,0.0
202211201116,,0.0
202211201130,,0.0
202211201145,,0.0
202211201201,,0.0
202211201215,,0.0
202211201231,,0.0
202211201245,34.0,0.4
202211201300,,0.0
202211201315,,0.0
202211201330,,0.0
202211201345,86.0,0.4
202211201400,,0.0
202211201415,,0.0
202211201430,,0.0
202211201445,85.0,0.9
202211201500,,0.0
202211201515,65.0,0.4
202211201530,173.0,0.4
202211201545,55.0,0.4
202211201600,309.0,0.4
202211201615,92.0,1.3
202211201630,85.0,0.4
202211201645,87.0,0.4
202211201700,63.0,0.9
202211201715,296.0,0.9
202211201730,117.0,0.4
202211201745,78.0,2.2
202211201801,83.0,0.4
202211201815,242.0,0.9
202211201830,307.0,0.4
202211201845,259.0,0.9
202211201900,254.0,0.9
202211201915,144.0,0.9
202211201945,265.0,0.4
202211202000,314.0,0.4
202211202015,30.0,0.9
202211202030,75.0,0.9
202211202045,144.0,0.4
202211202100,28.0,0.4
202211202115,82.0,0.9
202211202130,,0.0
202211202145,,0.0
202211202200,313.0,0.4
202211202215,98.0,0.4
202211202230,,0.0
202211202245,,0.0
202211202300,,0.0
202211202315,,0.0
202211202330,,0.0
202211202345,,0.0
202211210000,,0.0
202211210015,,0.0
202211210030,,0.0
202211210045,,0.0
202211210100,,0.0
202211210115,,0.0
202211210130,,0.0
202211210145,,0.0
202211210200,,0.0
202211210215,,0.0
202211210230,,0.0
202211210245,,0.0
202211210300,,0.0
202211210315,,0.0
202211210330,,0.0
202211210345,,0.0
202211210400,,0.0
202211210415,,0.0
202211210430,,0.0
202211210445,,0.0
202211210500,,0.0
202211210516,,0.0
202211210530,,0.0
202211210546,,0.0
202211210600,,0.0
202211210615,,0.0
202211210630,,0.0
202211210645,,0.0
202211210700,,0.0
202211210715,,0.0
202211210730,,0.0
202211210745,,0.0
202211210800,,0.0
202211210815,,0.0
202211210830,,0.0
202211210845,,0.0
202211210900,,0.0
202211210915,,0.0
202211210930,,0.0
202211210945,,0.0
202211211000,,0.0
202211211015,,0.0
202211211030,,0.0
202211211045,,0.0
202211211100,,0.0
202211211115,,0.0
202211211130,,0.0
202211211145,,0.0
202211211200,,0.0
202211211215,,0.0
202211211230,,0.0
202211211245,,0.0
202211211300,,0.0
202211211315,,0.0
202211211330,,0.0
202211211346,,0.0
202211211400,,0.0
202211211416,85.0,0.4
202211211430,,0.0
202211211445,304.0,0.4
202211211500,89.0,0.9
202211211515,,0.0
202211211530,,0.0
202211211545,,0.0
202211211600,178.0,0.4
202211211615,,0.0
202211211630,107.0,0.4
202211211645,146.0,0.9
202211211700,134.0,0.4
202211211715,164.0,1.3
202211211730,85.0,0.4
202211211801,83.0,1.8
202211211816,119.0,0.4
202211211830,,0.0
202211211845,233.0,0.4
202211211900,103.0,0.4
202211211915,,0.0
202211211930,275.0,0.9
202211211945,,0.0
202211212000,,0.0
202211212015,,0.0
202211212030,94.0,0.4
202211212045,86.0,0.4
202211212100,88.0,0.9
202211212115,,0.0
202211212130,,0.0
202211212145,,0.0
202211212200,,0.0
202211212215,,0.0
202211212230,,0.0
202211212245,,0.0
202211212300,,0.0
202211212315,,0.0
202211212330,,0.0
202211212345,98.0,0.4
202211220000,,0.0
202211220015,,0.0
202211220030,,0.0
202211220100,,0.0
202211220130,,0.0
202211220145,,0.0
202211220200,,0.0
202211220215,,0.0
202211220230,,0.0
202211220245,,0.0
202211220315,,0.0
202211220330,98.0,0.4
202211220400,,0.0
202211220415,,0.0
202211220430,,0.0
202211220445,,0.0
202211220500,,0.0
202211220515,,0.0
202211220530,,0.0
202211220545,,0.0
202211220600,,0.0
202211220616,98.0,0.4
202211220630,,0.0
202211220645,,0.0
202211220701,,0.0
202211220715,,0.0
202211220730,,0.0
202211220745,,0.0
202211220801,,0.0
202211220816,,0.0
202211220830,98.0,0.4
202211220845,,0.0
202211220900,,0.0
202211220915,,0.0
202211220930,,0.0
202211220945,,0.0
202211221000,,0.0
202211221015,,0.0
202211221030,,0.0
202211221045,,0.0
202211221100,,0.0
202211221115,,0.0
202211221130,,0.0
202211221145,,0.0
202211221200,,0.0
202211221215,,0.0
202211221231,,0.0
202211221245,,0.0
202211221300,,0.0
202211221315,,0.0
202211221330,,0.0
202211221400,,0.0
202211221430,82.0,0.4
202211221445,87.0,0.4
202211221500,,0.0
202211221515,,0.0
202211221600,,0.0
202211221616,,0.0
202211221630,90.0,0.4
202211221645,90.0,0.4
202211221700,,0.0
202211221715,205.0,0.4
202211221730,150.0,0.4
202211221745,259.0,0.9
202211221800,,0.0
202211221815,96.0,0.4
202211221830,,0.0
202211221845,,0.0
202211221900,77.0,0.4
202211221915,,0.0
202211221930,75.0,0.9
202211221946,,0.0
202211222000,84.0,0.4
202211222015,,0.0
202211222030,254.0,0.4
202211222045,254.0,0.4
202211222100,82.0,0.4
202211222115,67.0,0.4
202211222130,,0.0
202211222145,,0.0
202211222200,,0.0
202211222215,,0.0
202211222230,,0.0
202211222245,,0.0
202211222300,,0.0
202211222316,,0.0
202211222345,,0.0
202211230000,,0.0
202211230016,,0.0
202211230030,,0.0
202211230045,,0.0
202211230115,,0.0
202211230130,,0.0
202211230145,,0.0
202211230200,,0.0
202211230216,,0.0
202211230231,,0.0
202211230331,,0.0
202211230345,,0.0
202211230400,,0.0
202211230415,,0.0
202211230430,,0.0
202211230445,,0.0
202211230500,,0.0
202211230515,,0.0
202211230530,,0.0
202211230545,,0.0
202211230600,,0.0
202211230615,,0.0
202211230630,,0.0
202211230645,,0.0
202211230700,,0.0
202211230715,,0.0
202211230730,,0.0
202211230745,,0.0
202211230800,,0.0
202211230815,,0.0
202211230830,,0.0
202211230845,,0.0
202211230900,,0.0
202211230915,,0.0
202211230930,,0.0
202211230945,,0.0
202211231000,,0.0
202211231015,,0.0
202211231030,,0.0
202211231100,,0.0
202211231115,,0.0
202211231130,,0.0
202211231145,,0.0
202211231200,,0.0
202211231215,,0.0
202211231230,,0.0
202211231246,,0.0
202211231300,,0.0
202211231315,,0.0
202211231330,,0.0
202211231346,68.0,0.4
202211231400,80.0,0.4
202211231415,89.0,0.9
202211231430,84.0,0.4
202211231445,86.0,0.4
202211231500,107.0,0.9
202211231515,93.0,0.4
202211231530,78.0,1.3
202211231545,67.0,0.4
202211231600,,0.0
202211231615,96.0,0.9
202211231630,,0.0
202211231645,,0.0
202211231700,50.0,0.4
202211231715,96.0,0.9
202211231730,,0.0
202211231801,88.0,0.9
202211231815,,0.0
202211231845,270.0,0.4
202211231900,78.0,0.4
202211231915,58.0,0.9
202211231930,,0.0
202211231945,139.0,0.9
202211232000,102.0,0.4
202211232016,,0.0
202211232030,,0.0
202211232045,,0.0
202211232100,,0.0
202211232115,,0.0
202211232130,,0.0
202211232145,,0.0
202211232200,,0.0
202211232215,,0.0
202211232230,,0.0
202211232245,,0.0
202211232300,,0.0
202211232315,,0.0
202211232330,,0.0
202211232345,,0.0
202211240000,,0.0
202211240015,,0.0
202211240045,,0.0
202211240100,,0.0
202211240115,,0.0
202211240130,,0.0
202211240145,,0.0
202211240200,,0.0
202211240216,,0.0
202211240230,,0.0
202211240245,,0.0
202211240300,,0.0
202211240316,,0.0
202211240330,,0.0
202211240345,,0.0
202211240400,,0.0
202211240415,,0.0
202211240430,,0.0
202211240445,,0.0
202211240500,,0.0
202211240515,,0.0
202211240530,,0.0
202211240545,,0.0
202211240600,,0.0
202211240615,,0.0
202211240630,,0.0
202211240645,,0.0
202211240700,,0.0
202211240715,,0.0
202211240731,,0.0
202211240745,,0.0
202211240800,,0.0
202211240816,,0.0
202211240830,,0.0
202211240845,,0.0
202211240900,,0.0
202211240916,,0.0
202211240931,,0.0
202211240946,,0.0
202211241001,,0.0
202211241016,,0.0
202211241031,,0.0
202211241046,,0.0
202211241100,,0.0
202211241115,,0.0
202211241130,,0.0
202211241145,,0.0
202211241200,,0.0
202211241215,,0.0
202211241230,,0.0
202211241245,,0.0
202211241300,,0.0
202211241315,,0.0
202211241330,,0.0
202211241345,,0.0
202211241400,,0.0
202211241415,80.0,0.4
202211241430,80.0,0.4
202211241445,,0.0
202211241500,,0.0
202211241515,76.0,0.4
202211241531,76.0,0.9
202211241545,77.0,0.4
202211241601,72.0,0.4
202211241615,82.0,0.9
202211241630,44.0,1.3
202211241645,134.0,0.4
202211241715,117.0,0.4
202211241745,148.0,1.8
202211241800,135.0,0.9
202211241815,142.0,0.9
202211241830,46.0,0.9
202211241845,99.0,0.9
202211241900,138.0,0.9
202211241915,146.0,0.9
202211241930,111.0,0.4
202211241945,107.0,0.4
202211242000,57.0,0.9
202211242015,118.0,0.9
202211242030,88.0,0.9
202211242046,70.0,0.9
202211242101,107.0,0.4
202211242115,,0.0
202211242145,,0.0
202211242200,,0.0
202211242215,,0.0
202211242231,,0.0
202211242245,,0.0
202211242300,,0.0
202211242315,,0.0
202211242345,,0.0
202211250000,77.0,0.4
202211250016,56.0,0.9
202211250030,76.0,0.4
202211250046,60.0,0.4
202211250115,59.0,0.9
202211250130,65.0,0.4
202211250146,,0.0
202211250201,46.0,0.9
202211250216,,0.0
202211250231,,0.0
202211250245,93.0,0.4
202211250300,,0.0
202211250315,,0.0
202211250330,,0.0
202211250400,,0.0
202211250415,,0.0
202211250430,,0.0
202211250445,,0.0
202211250500,,0.0
202211250515,,0.0
202211250530,,0.0
202211250545,,0.0
202211250600,,0.0
202211250615,,0.0
202211250630,,0.0
202211250645,,0.0
202211250700,,0.0
202211250715,,0.0
202211250730,,0.0
202211250745,,0.0
202211250800,,0.0
202211250815,,0.0
202211250830,,0.0
202211250845,,0.0
202211250900,,0.0
202211250915,,0.0
202211250930,,0.0
202211250945,,0.0
202211251000,,0.0
202211251015,83.0,0.4
202211251030,83.0,0.4
202211251045,,0.0
202211251100,,0.0
202211251115,,0.0
202211251131,,0.0
202211251145,,0.0
202211251200,,0.0
202211251216,,0.0
202211251230,,0.0
202211251246,,0.0
202211251300,342.0,0.4
202211251315,59.0,0.4
202211251331,320.0,0.9
202211251346,,0.0
202211251400,,0.0
202211251416,124.0,0.4
202211251445,74.0,0.4
202211251500,,0.0
202211251515,71.0,0.4
202211251530,96.0,0.4
202211251545,85.0,0.4
202211251600,,0.0
202211251615,74.0,0.9
202211251645,80.0,0.9
202211251700,65.0,0.4
202211251715,,0.0
202211251730,53.0,0.4
202211251745,80.0,0.9
202211251800,95.0,0.9
202211251815,88.0,0.4
202211251830,82.0,0.9
202211251845,84.0,0.4
202211251900,259.0,0.4
202211251915,,0.0
202211251930,88.0,1.8
202211251945,266.0,0.4
202211252000,88.0,0.4
202211252015,,0.0
202211252030,,0.0
202211252100,,0.0
202211252115,252.0,0.4
202211252130,89.0,0.4
202211252145,,0.0
202211252200,,0.0
202211252215,,0.0
202211252231,,0.0
202211252245,,0.0
202211252301,,0.0
202211252315,,0.0
202211252330,,0.0
202211252346,,0.0
202211260000,,0.0
202211260016,,0.0
202211260031,,0.0
202211260046,,0.0
202211260100,,0.0
202211260101,,0.0
202211260115,,0.0
202211260130,,0.0
202211260145,,0.0
202211260200,,0.0
202211260215,,0.0
202211260230,,0.0
202211260245,,0.0
202211260300,,0.0
202211260315,,0.0
202211260330,,0.0
202211260345,,0.0
202211260400,,0.0
202211260415,,0.0
202211260430,,0.0
202211260445,,0.0
202211260500,,0.0
202211260515,,0.0
202211260530,,0.0
202211260545,,0.0
202211260600,,0.0
202211260615,,0.0
202211260630,,0.0
202211260645,,0.0
202211260700,,0.0
202211260715,,0.0
202211260730,,0.0
202211260745,,0.0
202211260800,,0.0
202211260815,,0.0
202211260830,,0.0
202211260845,,0.0
202211260900,,0.0
202211260930,,0.0
202211261000,,0.0
202211261015,,0.0
202211261030,,0.0
202211261045,,0.0
202211261101,,0.0
202211261115,,0.0
202211261130,,0.0
202211261145,,0.0
202211261200,,0.0
202211261216,,0.0
202211261230,,0.0
202211261245,,0.0
202211261300,,0.0
202211261316,,0.0
202211261330,,0.0
202211261346,,0.0
202211261401,,0.0
202211261415,,0.0
202211261430,66.0,0.4
202211261445,,0.0
202211261500,52.0,0.9
202211261515,105.0,0.4
202211261530,134.0,1.8
202211261545,107.0,0.4
202211261600,168.0,0.4
202211261615,,0.0
202211261630,336.0,0.9
202211261645,142.0,1.3
202211261700,128.0,0.9
202211261716,134.0,1.3
202211261730,85.0,0.9
202211261745,149.0,0.4
202211261801,117.0,0.9
202211261815,159.0,1.3
202211261830,103.0,0.9
202211261901,169.0,0.9
202211261916,132.0,1.8
202211261931,130.0,0.9
202211261946,124.0,0.9
202211262001,40.0,0.9
202211262015,,0.0
202211262030,108.0,0.9
202211262045,119.0,0.9
202211262101,105.0,0.9
202211262115,139.0,1.3
202211262130,128.0,0.4
202211262145,104.0,0.9
202211262200,99.0,0.4
202211262215,121.0,1.3
202211262230,112.0,0.9
202211262245,129.0,1.3
202211262300,105.0,0.4
202211262315,96.0,1.3
202211262330,111.0,1.3
202211262345,,0.0
202211270000,70.0,0.9
202211270015,128.0,1.3
202211270030,183.0,0.9
202211270045,183.0,0.9
202211270100,,0.0
202211270115,76.0,0.4
202211270130,103.0,1.8
202211270145,81.0,0.9
202211270200,126.0,1.3
202211270215,162.0,0.9
202211270230,121.0,0.4
202211270245,90.0,1.3
202211270300,105.0,0.9
202211270315,144.0,1.3
202211270330,125.0,0.9
202211270345,111.0,1.8
202211270400,90.0,0.9
202211270415,122.0,1.8
202211270430,157.0,0.9
202211270445,116.0,0.9
202211270500,103.0,1.3
202211270515,163.0,0.9
202211270530,138.0,0.9
202211270546,219.0,0.4
202211270601,112.0,0.9
202211270615,336.0,0.9
202211270630,144.0,1.8
202211270645,80.0,1.3
202211270700,146.0,1.3
202211270715,94.0,2.7
202211270730,144.0,0.9
202211270745,165.0,1.3
202211270800,150.0,1.3
202211270815,143.0,1.8
202211270830,120.0,1.3
202211270845,163.0,0.9
202211270900,178.0,0.9
202211270916,101.0,0.9
202211270930,269.0,1.3
202211270945,107.0,1.8
202211271000,196.0,2.2
202211271015,261.0,1.3
202211271030,258.0,1.8
202211271045,257.0,2.2
202211271100,278.0,0.9
202211271115,229.0,1.8
202211271131,223.0,0.4
202211271145,213.0,1.3
202211271201,184.0,1.3
202211271215,232.0,2.2
202211271230,36.0,1.3
202211271246,256.0,1.3
202211271300,240.0,0.9
202211271315,264.0,0.9
202211271345,121.0,0.9
202211271400,266.0,1.8
202211271415,159.0,1.8
202211271430,235.0,1.3
202211271445,194.0,0.9
202211271515,211.0,1.3
202211271530,223.0,2.2
202211271545,212.0,1.8
202211271600,348.0,1.3
202211271615,229.0,1.8
202211271630,161.0,1.8
202211271645,217.0,1.3
202211271700,284.0,0.9
202211271715,230.0,1.3
202211271731,277.0,1.8
202211271745,257.0,2.7
202211271801,238.0,1.8
202211271816,62.0,1.8
202211271830,202.0,0.9
202211271845,207.0,2.2
202211271900,223.0,1.3
202211271915,194.0,2.2
202211271930,214.0,1.8
202211271945,240.0,3.1
202211272000,222.0,2.2
202211272015,220.0,1.3
202211272031,117.0,2.2
202211272045,261.0,0.9
202211272100,221.0,2.2
202211272116,210.0,1.3
202211272131,202.0,0.9
202211272146,220.0,0.4
202211272201,276.0,0.9
202211272215,214.0,0.4
202211272230,217.0,1.3
202211272245,,0.0
202211272300,,0.0
202211272315,,0.0
202211272330,,0.0
202211272345,,0.0
202211280000,,0.0
202211280015,,0.0
202211280045,,0.0
202211280100,,0.0
202211280130,,0.0
202211280145,,0.0
202211280200,,0.0
202211280215,,0.0
202211280230,,0.0
202211280245,,0.0
202211280300,,0.0
202211280315,,0.0
202211280330,,0.0
202211280400,,0.0
202211280415,,0.0
202211280430,,0.0
202211280445,,0.0
202211280515,,0.0
202211280530,,0.0
202211280545,,0.0
202211280600,,0.0
202211280615,,0.0
202211280630,,0.0
202211280645,,0.0
202211280700,,0.0
202211280715,,0.0
202211280731,,0.0
202211280746,,0.0
202211280801,,0.0
202211280815,,0.0
202211280830,,0.0
202211280845,,0.0
202211280900,,0.0
202211280915,,0.0
202211280930,,0.0
202211280946,,0.0
202211281000,,0.0
202211281015,,0.0
202211281030,,0.0
202211281045,,0.0
202211281100,,0.0
202211281115,,0.0
202211281130,,0.0
202211281146,,0.0
202211281200,,0.0
202211281215,,0.0
202211281230,,0.0
202211281245,,0.0
202211281300,,0.0
202211281315,,0.0
202211281330,,0.0
202211281345,,0.0
202211281401,,0.0
202211281415,277.0,0.4
202211281430,276.0,0.4
202211281500,282.0,0.4
202211281515,,0.0
202211281530,308.0,0.4
202211281545,58.0,0.4
202211281600,29.0,0.4
202211281615,150.0,0.9
202211281630,327.0,0.9
202211281645,293.0,1.3
202211281700,259.0,1.3
202211281715,207.0,0.4
202211281731,255.0,0.4
202211281745,5.0,0.9
202211281800,139.0,0.4
202211281815,109.0,0.4
202211281830,355.0,0.4
202211281845,90.0,0.9
202211281901,,0.0
202211281915,274.0,0.4
202211281930,120.0,0.4
202211281945,271.0,0.4
202211282000,221.0,0.4
202211282030,164.0,0.4
202211282046,214.0,0.9
202211282100,83.0,0.9
202211282116,,0.0
202211282131,159.0,0.9
202211282146,159.0,0.4
202211282201,,0.0
202211282215,,0.0
202211282230,,0.0
202211282245,,0.0
202211282300,,0.0
202211282315,,0.0
202211282330,,0.0
202211282345,,0.0
202211290000,,0.0
202211290015,,0.0
202211290045,,0.0
202211290100,,0.0
202211290115,,0.0
202211290130,,0.0
202211290145,,0.0
202211290200,,0.0
202211290215,,0.0
202211290300,,0.0
202211290315,,0.0
202211290330,,0.0
202211290345,,0.0
202211290400,,0.0
202211290415,,0.0
202211290430,,0.0
202211290445,,0.0
202211290500,,0.0
202211290515,,0.0
202211290530,,0.0
202211290545,,0.0
202211290600,,0.0
202211290615,,0.0
202211290630,,0.0
202211290645,,0.0
202211290715,,0.0
202211290730,,0.0
202211290745,,0.0
202211290800,,0.0
202211290815,,0.0
202211290830,,0.0
202211290845,,0.0
202211290915,,0.0
202211290930,,0.0
202211290945,,0.0
202211291000,,0.0
202211291015,,0.0
202211291031,,0.0
202211291045,,0.0
202211291101,,0.0
202211291115,,0.0
202211291130,,0.0
202211291200,,0.0
202211291215,,0.0
202211291230,,0.0
202211291246,159.0,0.4
202211291300,,0.0
202211291316,,0.0
202211291330,155.0,0.4
202211291345,,0.0
202211291400,,0.0
202211291415,,0.0
202211291430,,0.0
202211291445,142.0,0.4
202211291500,49.0,0.9
202211291530,81.0,1.3
202211291545,94.0,1.3
202211291600,149.0,1.3
202211291615,86.0,1.3
202211291645,93.0,1.3
202211291700,137.0,1.3
202211291716,86.0,1.8
202211291730,207.0,0.9
202211291745,72.0,1.3
202211291800,153.0,1.8
202211291815,86.0,1.8
202211291830,208.0,2.7
202211291845,113.0,1.8
202211291900,80.0,1.8
202211291915,135.0,1.3
202211291930,146.0,0.9
202211291945,147.0,1.3
202211292000,101.0,1.3
202211292015,137.0,0.9
202211292030,140.0,1.3
202211292045,119.0,2.2
202211292100,114.0,0.4
202211292130,94.0,0.9
202211292145,150.0,0.4
202211292200,126.0,2.2
202211292215,151.0,1.3
202211292230,161.0,0.9
202211292245,148.0,2.7
202211292300,119.0,1.8
202211292315,130.0,1.8
202211292330,208.0,1.3
202211292345,158.0,0.4
202211300000,117.0,1.3
202211300016,139.0,1.3
202211300045,134.0,1.8
202211300100,151.0,2.7
202211300115,164.0,2.2
202211300145,93.0,1.8
202211300200,163.0,1.3
202211300215,291.0,0.9
202211300230,86.0,0.9
202211300300,231.0,0.9
202211300315,219.0,0.9
202211300330,238.0,0.9
202211300346,,0.0
202211300400,,0.0
202211300415,,0.0
202211300430,,0.0
202211300445,80.0,0.4
202211300501,79.0,0.4
202211300515,134.0,0.4
202211300531,98.0,0.9
202211300546,140.0,0.9
202211300600,128.0,1.3
202211300615,137.0,2.2
202211300630,146.0,1.8
202211300645,123.0,1.8
202211300700,146.0,2.2
202211300715,250.0,2.2
202211300730,135.0,2.7
202211300745,92.0,0.4
202211300800,175.0,0.4
202211300815,,0.0
202211300830,155.0,0.4
202211300845,155.0,0.4
202211300900,155.0,0.4
202211300915,,0.0
202211300930,,0.0
202211300945,,0.0
202211301000,202.0,0.4
202211301015,,0.0
202211301030,149.0,0.4
202211301045,215.0,0.4
202211301100,212.0,0.4
202211301115,212.0,0.4
202211301130,209.0,0.4
202211301145,,0.0
202211301200,,0.0
202211301215,212.0,0.4
202211301230,190.0,0.4
202211301245,,0.0
202211301300,292.0,0.9
202211301315,190.0,0.9
202211301330,115.0,1.3
202211301400,223.0,0.4
202211301415,297.0,1.8
202211301430,5.0,0.4
202211301445,327.0,1.3
202211301500,290.0,1.8
202211301515,355.0,1.8
202211301545,74.0,1.3
202211301600,304.0,0.9
202211301615,305.0,1.8
202211301630,92.0,1.3
202211301645,52.0,1.3
202211301700,294.0,0.9
202211301716,9.0,1.3
202211301730,34.0,1.8
202211301745,26.0,1.8
202211301800,172.0,0.9
202211301816,292.0,0.9
202211301830,290.0,0.9
202211301846,223.0,1.3
202211301900,0.0,2.2
202211301915,351.0,0.4
202211301945,,0.0
202211302000,340.0,0.4
202211302015,270.0,0.4
202211302030,195.0,0.4
202211302100,94.0,0.4
202211302115,65.0,0.4
202211302130,262.0,0.9
202211302145,102.0,0.4
202211302200,221.0,1.3
202211302230,67.0,0.9
202211302245,,0.0
202211302300,292.0,0.9
202211302315,331.0,0.4
202211302330,46.0,0.9
202211302345,,0.0
202212010000,86.0,0.9
202212010015,106.0,0.4
202212010031,65.0,0.9
202212010045,,0.0
202212010101,82.0,0.4
202212010115,74.0,0.4
202212010130,323.0,0.4
202212010145,,0.0
202212010200,,0.0
202212010215,,0.0
202212010230,,0.0
202212010245,,0.0
202212010300,,0.0
202212010315,,0.0
202212010330,,0.0
202212010345,90.0,0.4
202212010400,,0.0
202212010415,,0.0
202212010430,,0.0
202212010445,,0.0
202212010500,,0.0
202212010515,,0.0
202212010530,,0.0
202212010545,,0.0
202212010600,,0.0
202212010615,,0.0
202212010631,,0.0
202212010645,,0.0
202212010700,82.0,0.4
202212010716,288.0,0.4
202212010731,,0.0
202212010745,34.0,0.4
202212010800,,0.0
202212010816,,0.0
202212010830,71.0,0.9
202212010845,69.0,0.4
202212010900,,0.0
202212010930,,0.0
202212010945,62.0,0.4
202212011000,,0.0
202212011015,,0.0
202212011030,343.0,0.4
202212011045,,0.0
202212011100,,0.0
202212011115,,0.0
202212011130,,0.0
202212011145,,0.0
202212011200,,0.0
202212011215,,0.0
202212011230,,0.0
202212011245,,0.0
202212011300,,0.0
202212011315,,0.0
202212011330,,0.0
202212011345,,0.0
202212011400,21.0,0.9
202212011416,107.0,0.9
202212011431,94.0,0.9
202212011445,77.0,1.3
202212011500,57.0,1.8
202212011545,323.0,1.3
202212011600,136.0,0.9
202212011615,142.0,0.4
202212011630,330.0,0.4
202212011645,96.0,0.9
202212011700,82.0,0.9
202212011715,94.0,1.8
202212011730,87.0,0.9
202212011745,74.0,1.8
202212011801,171.0,0.4
202212011815,45.0,0.4
202212011830,,0.0
202212011845,266.0,0.9
202212011901,57.0,0.9
202212011915,323.0,0.4
202212011930,281.0,0.9
202212011946,76.0,0.4
202212012001,,0.0
202212012016,61.0,0.4
202212012030,109.0,0.9
202212012045,,0.0
202212012100,321.0,0.4
202212012130,,0.0
202212012145,,0.0
202212012200,,0.0
202212012215,,0.0
202212012230,,0.0
202212012300,,0.0
202212012315,,0.0
202212012330,,0.0
202212012345,,0.0
202212020000,,0.0
202212020015,,0.0
202212020030,,0.0
202212020045,,0.0
202212020100,,0.0
202212020115,,0.0
202212020130,,0.0
202212020145,,0.0
202212020200,,0.0
202212020215,,0.0
202212020230,,0.0
202212020245,,0.0
202212020300,,0.0
202212020315,,0.0
202212020330,,0.0
202212020345,87.0,0.4
202212020400,,0.0
202212020415,,0.0
202212020430,,0.0
202212020445,,0.0
202212020500,,0.0
202212020515,,0.0
202212020530,,0.0
202212020545,,0.0
202212020600,57.0,0.9
202212020615,129.0,0.4
202212020631,118.0,0.9
202212020646,,0.0
202212020700,61.0,0.4
202212020730,125.0,1.3
202212020746,138.0,0.9
202212020800,150.0,0.9
202212020831,103.0,2.2
202212020845,102.0,0.4
202212020916,96.0,0.4
202212020945,144.0,0.4
202212021000,,0.0
202212021030,96.0,0.9
202212021045,101.0,0.4
202212021100,106.0,0.9
202212021115,,0.0
202212021130,95.0,0.9
202212021145,,0.0
202212021200,107.0,0.9
202212021216,89.0,0.4
202212021230,38.0,0.4
202212021246,182.0,0.9
202212021300,103.0,0.4
202212021315,66.0,0.9
202212021330,,0.0
202212021345,113.0,0.9
202212021400,83.0,1.8
202212021415,115.0,1.3
202212021430,101.0,1.3
202212021445,99.0,2.2
202212021500,118.0,2.2
202212021515,115.0,1.8
202212021530,120.0,1.8
202212021545,176.0,0.9
202212021600,84.0,2.7
202212021616,168.0,1.8
202212021630,156.0,2.2
202212021645,185.0,0.9
202212021701,115.0,0.9
202212021715,190.0,0.9
202212021730,189.0,0.4
202212021745,138.0,0.4
202212021801,200.0,1.3
202212021815,90.0,2.7
202212021845,180.0,0.9
202212021900,190.0,0.9
202212021915,138.0,0.4
202212021930,213.0,0.4
202212021945,74.0,0.4
202212022000,165.0,0.9
202212022015,142.0,0.9
202212022030,,0.0
202212022045,191.0,2.2
202212022100,219.0,0.9
202212022115,159.0,0.9
202212022130,146.0,0.4
202212022145,158.0,3.1
202212022200,161.0,0.9
202212022215,136.0,0.4
202212022230,150.0,0.4
202212022245,101.0,0.4
202212022300,103.0,0.4
202212022315,153.0,0.4
202212022330,,0.0
202212030000,,0.0
202212030015,130.0,1.3
202212030031,159.0,1.3
202212030045,170.0,1.3
202212030101,152.0,1.8
202212030116,122.0,0.9
202212030130,161.0,0.9
202212030146,123.0,0.9
202212030201,153.0,1.3
202212030215,121.0,0.9
202212030231,202.0,0.4
202212030246,167.0,1.3
202212030300,154.0,0.4
202212030315,146.0,1.8
202212030330,140.0,0.9
202212030345,153.0,1.8
202212030400,161.0,1.8
202212030415,169.0,2.2
202212030431,119.0,1.3
202212030445,132.0,1.8
202212030500,147.0,2.2
202212030515,136.0,0.9
202212030530,157.0,0.4
202212030545,144.0,1.3
202212030600,170.0,1.3
202212030615,250.0,1.8
202212030630,110.0,0.9
202212030645,156.0,0.9
202212030700,126.0,1.8
202212030715,127.0,0.4
202212030745,165.0,0.4
202212030800,150.0,1.8
202212030815,144.0,0.4
202212030830,136.0,0.9
202212030845,193.0,0.4
202212030900,194.0,0.4
202212030915,215.0,0.4
202212030930,166.0,0.4
202212031000,,0.0
202212031015,,0.0
202212031030,,0.0
202212031045,,0.0
202212031100,130.0,0.9
202212031115,184.0,0.4
202212031130,188.0,0.4
202212031145,,0.0
202212031200,130.0,0.9
202212031215,198.0,0.4
202212031230,161.0,0.9
202212031245,,0.0
202212031300,196.0,0.4
202212031315,,0.0
202212031330,253.0,0.9
202212031400,,0.0
202212031415,256.0,0.4
202212031431,321.0,0.9
202212031446,132.0,0.4
202212031500,,0.0
202212031515,,0.0
202212031530,,0.0
202212031545,216.0,0.4
202212031600,,0.0
202212031615,312.0,0.9
202212031631,302.0,0.4
202212031645,,0.0
202212031700,,0.0
202212031715,,0.0
202212031730,177.0,0.4
202212031745,161.0,0.4
202212031800,220.0,0.4
202212031815,193.0,0.4
202212031830,236.0,0.4
202212031845,,0.0
202212031900,182.0,0.4
202212031915,,0.0
202212031930,,0.0
202212031945,280.0,0.4
202212032000,,0.0
202212032015,188.0,0.4
202212032030,,0.0
202212032045,171.0,0.4
202212032100,,0.0
202212032115,,0.0
202212032130,,0.0
202212032145,,0.0
202212032200,,0.0
202212032215,,0.0
202212032230,,0.0
202212032245,,0.0
202212032300,,0.0
202212032330,,0.0
202212032345,,0.0
202212040000,,0.0
202212040015,,0.0
202212040030,,0.0
202212040045,,0.0
202212040100,,0.0
202212040115,,0.0
202212040130,,0.0
202212040146,,0.0
202212040200,,0.0
202212040215,,0.0
202212040230,,0.0
202212040246,,0.0
202212040301,300.0,0.4
202212040316,,0.0
202212040331,,0.0
202212040345,,0.0
202212040400,275.0,0.4
202212040416,,0.0
202212040430,,0.0
202212040445,,0.0
202212040500,,0.0
202212040515,,0.0
202212040530,,0.0
202212040545,,0.0
202212040600,,0.0
202212040615,,0.0
202212040630,,0.0
202212040645,,0.0
202212040700,,0.0
202212040715,,0.0
202212040730,,0.0
202212040745,,0.0
202212040800,,0.0
202212040815,,0.0
202212040830,,0.0
202212040845,,0.0
202212040900,,0.0
202212040930,,0.0
202212040945,,0.0
202212041000,,0.0
202212041016,,0.0
202212041030,,0.0
202212041045,,0.0
202212041101,,0.0
202212041115,,0.0
202212041130,,0.0
202212041145,,0.0
202212041230,,0.0
202212041245,,0.0
202212041300,,0.0
202212041316,,0.0
202212041331,,0.0
202212041346,,0.0
202212041400,,0.0
202212041415,,0.0
202212041430,71.0,0.4
202212041445,,0.0
202212041500,,0.0
202212041515,,0.0
202212041530,,0.0
202212041545,90.0,0.4
202212041600,,0.0
202212041615,90.0,0.4
202212041630,,0.0
202212041645,,0.0
202212041700,,0.0
202212041715,141.0,0.4
202212041745,,0.0
202212041800,,0.0
202212041815,262.0,0.4
202212041830,295.0,0.4
202212041845,16.0,0.9
202212041900,351.0,0.4
202212041915,290.0,0.4
202212041930,11.0,0.9
202212041945,,0.0
202212042000,,0.0
202212042015,125.0,0.4
202212042030,59.0,0.4
202212042045,,0.0
202212042100,,0.0
202212042115,,0.0
202212042130,,0.0
202212042145,,0.0
202212042200,,0.0
202212042216,,0.0
202212042230,,0.0
202212042246,,0.0
202212042300,,0.0
202212042315,,0.0
202212042330,,0.0
202212050000,,0.0
202212050015,321.0,0.4
202212050030,,0.0
202212050045,,0.0
202212050100,,0.0
202212050115,,0.0
202212050130,,0.0
202212050200,,0.0
202212050231,,0.0
202212050245,,0.0
202212050301,65.0,0.4
202212050315,,0.0
202212050330,,0.0
202212050345,,0.0
202212050400,,0.0
202212050415,,0.0
202212050430,,0.0
202212050445,,0.0
202212050500,,0.0
202212050515,,0.0
202212050530,,0.0
202212050545,,0.0
202212050600,,0.0
202212050615,,0.0
202212050630,,0.0
202212050645,,0.0
202212050715,,0.0
202212050730,,0.0
202212050745,,0.0
202212050800,,0.0
202212050815,,0.0
202212050830,,0.0
202212050900,,0.0
202212050915,,0.0
202212050930,,0.0
202212050945,,0.0
202212051000,,0.0
202212051046,,0.0
202212051100,,0.0
202212051115,,0.0
202212051130,,0.0
202212051145,,0.0
202212051200,,0.0
202212051215,,0.0
202212051231,,0.0
202212051245,,0.0
202212051300,,0.0
202212051315,,0.0
202212051330,,0.0
202212051345,,0.0
202212051400,65.0,0.4
202212051416,,0.0
202212051431,,0.0
202212051445,,0.0
202212051500,,0.0
202212051515,,0.0
202212051530,,0.0
202212051545,,0.0
202212051600,,0.0
202212051615,126.0,0.4
202212051630,,0.0
202212051645,,0.0
202212051700,,0.0
202212051715,,0.0
202212051730,,0.0
202212051745,,0.0
202212051800,167.0,0.9
202212051815,184.0,0.4
202212051830,197.0,0.9
202212051845,,0.0
202212051900,,0.0
202212051915,,0.0
202212051930,,0.0
202212051945,,0.0
202212052000,118.0,0.4
202212052015,,0.0
202212052030,,0.0
202212052045,118.0,0.4
202212052100,,0.0
202212052115,,0.0
202212052130,,0.0
202212052146,117.0,0.4
202212052216,,0.0
202212052230,,0.0
202212052245,138.0,0.4
202212052301,46.0,0.4
202212052316,,0.0
202212052331,,0.0
202212052346,,0.0
202212060000,46.0,0.4
202212060030,,0.0
202212060100,,0.0
202212060115,,0.0
202212060130,,0.0
202212060145,,0.0
202212060200,,0.0
202212060215,,0.0
202212060230,,0.0
202212060245,,0.0
202212060300,180.0,0.4
202212060330,165.0,0.4
202212060345,,0.0
202212060400,,0.0
202212060415,,0.0
202212060430,,0.0
202212060445,,0.0
202212060500,194.0,0.4
202212060515,194.0,0.4
202212060530,,0.0
202212060545,,0.0
202212060600,,0.0
202212060615,,0.0
202212060630,,0.0
202212060645,147.0,0.4
202212060700,,0.0
202212060715,150.0,0.4
202212060730,184.0,0.4
202212060745,161.0,0.4
202212060800,163.0,0.4
202212060815,193.0,0.4
202212060830,183.0,0.4
202212060900,217.0,0.4
202212060915,194.0,1.3
202212060930,150.0,0.9
202212060945,277.0,0.4
202212061000,174.0,0.4
202212061015,211.0,0.4
202212061030,199.0,0.4
202212061045,,0.0
202212061100,218.0,0.4
202212061115,173.0,0.4
202212061131,219.0,0.9
202212061145,146.0,1.3
202212061200,163.0,0.9
202212061215,216.0,0.4
202212061231,,0.0
202212061300,,0.0
202212061315,158.0,0.4
202212061330,223.0,0.9
202212061345,222.0,0.4
202212061400,190.0,0.4
202212061415,188.0,0.9
202212061430,,0.0
202212061445,200.0,0.9
202212061500,163.0,0.9
202212061515,167.0,1.3
202212061530,153.0,0.9
202212061545,208.0,1.3
202212061600,142.0,1.8
202212061615,210.0,1.8
202212061630,144.0,0.4
202212061645,234.0,1.3
202212061701,216.0,1.3
202212061715,215.0,1.3
202212061730,177.0,1.8
202212061800,200.0,1.8
202212061815,233.0,1.8
202212061830,216.0,1.8
202212061845,242.0,1.8
202212061900,226.0,1.3
202212061915,172.0,1.3
202212061930,163.0,0.9
202212062000,203.0,1.3
202212062015,148.0,0.9
202212062030,126.0,1.3
202212062045,149.0,0.4
202212062101,150.0,0.9
202212062115,,0.0
202212062130,157.0,0.9
202212062200,,0.0
202212062215,163.0,0.4
202212062230,,0.0
202212062245,,0.0
202212062300,,0.0
202212062316,,0.0
202212062330,,0.0
202212062345,152.0,0.4
202212070000,157.0,0.4
202212070016,,0.0
202212070030,,0.0
202212070045,,0.0
202212070101,,0.0
202212070115,,0.0
202212070131,138.0,0.4
202212070200,138.0,0.4
202212070215,177.0,0.9
202212070230,214.0,0.4
202212070245,,0.0
202212070300,,0.0
202212070315,,0.0
202212070330,,0.0
202212070345,,0.0
202212070400,,0.0
202212070415,,0.0
202212070430,202.0,0.4
202212070445,186.0,0.4
202212070500,197.0,0.9
202212070515,160.0,0.4
202212070530,213.0,0.4
202212070545,,0.0
202212070600,,0.0
202212070615,155.0,0.4
202212070630,,0.0
202212070645,162.0,0.9
202212070700,,0.0
202212070715,207.0,0.4
202212070732,,0.0
202212070745,219.0,0.4
202212070800,107.0,0.4
202212070815,,0.0
202212070830,,0.0
202212070845,286.0,0.4
202212070900,190.0,0.4
202212070915,139.0,0.4
202212070930,240.0,0.4
202212070945,204.0,0.4
202212071015,179.0,0.4
202212071030,207.0,0.9
202212071045,214.0,0.4
202212071101,193.0,0.9
202212071115,206.0,0.9
202212071130,150.0,0.4
202212071145,234.0,0.4
202212071201,202.0,0.4
202212071230,196.0,0.4
202212071301,220.0,0.4
202212071316,200.0,0.4
202212071330,,0.0
202212071345,195.0,1.3
202212071415,238.0,0.4
202212071430,215.0,0.9
202212071445,184.0,0.9
202212071501,200.0,0.9
202212071515,174.0,1.3
202212071530,194.0,0.9
202212071545,210.0,0.9
202212071600,225.0,0.4
202212071615,250.0,0.4
202212071630,281.0,0.9
202212071645,248.0,0.4
202212071700,258.0,0.9
202212071715,240.0,1.3
202212071730,200.0,1.3
202212071746,225.0,1.3
202212071800,304.0,0.9
202212071815,150.0,0.9
202212071830,257.0,1.8
202212071845,5.0,0.9
202212071901,174.0,0.9
202212071915,145.0,0.9
202212071931,208.0,0.9
202212071946,177.0,0.9
202212072001,220.0,0.9
202212072016,185.0,0.9
202212072030,173.0,0.4
202212072045,215.0,0.4
202212072100,,0.0
202212072115,,0.0
202212072130,,0.0
202212072145,,0.0
202212072215,,0.0
202212072230,,0.0
202212072245,,0.0
202212072300,,0.0
202212072315,,0.0
202212072330,,0.0
202212072345,,0.0
202212080000,,0.0
202212080015,,0.0
202212080045,,0.0
202212080100,,0.0
202212080115,,0.0
202212080130,,0.0
202212080145,,0.0
202212080200,,0.0
202212080215,,0.0
202212080230,,0.0
202212080245,,0.0
202212080300,,0.0
202212080315,,0.0
202212080330,,0.0
202212080345,,0.0
202212080400,,0.0
202212080415,,0.0
202212080430,,0.0
202212080500,,0.0
202212080515,,0.0
202212080530,,0.0
202212080545,,0.0
202212080600,,0.0
202212080615,,0.0
202212080630,,0.0
202212080646,,0.0
202212080700,,0.0
202212080715,,0.0
202212080731,,0.0
202212080745,,0.0
202212080800,,0.0
202212080815,,0.0
202212080830,,0.0
202212080845,,0.0
202212080900,,0.0
202212080915,,0.0
202212080930,,0.0
202212080946,,0.0
202212081001,,0.0
202212081015,,0.0
202212081030,,0.0
202212081045,,0.0
202212081100,,0.0
202212081115,,0.0
202212081130,,0.0
202212081145,,0.0
202212081200,,0.0
202212081215,,0.0
202212081230,,0.0
202212081245,,0.0
202212081300,,0.0
202212081315,,0.0
202212081330,,0.0
202212081345,,0.0
202212081430,140.0,0.9
202212081445,,0.0
202212081500,,0.0
202212081515,197.0,0.9
202212081530,213.0,1.3
202212081545,166.0,0.9
202212081600,158.0,0.9
202212081615,190.0,2.2
202212081630,183.0,1.3
202212081700,215.0,2.2
202212081715,226.0,1.3
202212081730,188.0,1.3
202212081745,186.0,1.3
202212081800,136.0,0.4
202212081830,223.0,1.8
202212081845,315.0,0.9
202212081900,128.0,0.9
202212081915,246.0,0.9
202212081930,255.0,0.9
202212081945,200.0,0.9
202212082000,237.0,1.3
202212082030,338.0,1.3
202212082045,256.0,0.9
202212082100,259.0,0.9
202212082115,230.0,0.9
202212082130,231.0,0.9
202212082145,249.0,0.9
202212082200,276.0,0.9
202212082215,,0.0
202212082230,,0.0
202212082245,,0.0
202212082300,,0.0
202212082330,,0.0
202212082345,,0.0
202212090000,,0.0
202212090015,,0.0
202212090031,,0.0
202212090045,,0.0
202212090100,,0.0
202212090115,,0.0
202212090130,,0.0
202212090145,,0.0
202212090200,,0.0
202212090216,,0.0
202212090231,,0.0
202212090246,,0.0
202212090300,,0.0
202212090315,,0.0
202212090331,,0.0
202212090345,,0.0
202212090400,,0.0
202212090416,,0.0
202212090431,,0.0
202212090446,229.0,0.4
202212090501,,0.0
202212090515,,0.0
202212090545,,0.0
202212090600,,0.0
202212090615,,0.0
202212090630,,0.0
202212090645,,0.0
202212090700,,0.0
202212090715,,0.0
202212090730,,0.0
202212090745,,0.0
202212090800,,0.0
202212090815,,0.0
202212090830,,0.0
202212090900,,0.0
202212090915,,0.0
202212090930,,0.0
202212091000,,0.0
202212091015,,0.0
202212091030,,0.0
202212091045,,0.0
202212091115,,0.0
202212091130,,0.0
202212091145,,0.0
202212091200,,0.0
202212091215,,0.0
202212091230,,0.0
202212091245,,0.0
202212091300,,0.0
202212091315,232.0,0.4
202212091330,231.0,0.4
202212091345,,0.0
202212091400,,0.0
202212091415,170.0,0.4
202212091430,194.0,0.4
202212091445,178.0,0.4
202212091500,,0.0
202212091515,221.0,0.4
202212091530,167.0,0.4
202212091546,196.0,0.4
202212091601,200.0,0.9
202212091616,,0.0
202212091630,169.0,1.3
202212091645,156.0,0.4
202212091700,215.0,0.9
202212091715,,0.0
202212091730,316.0,1.3
202212091830,69.0,0.4
202212091845,263.0,1.8
202212091900,221.0,0.4
202212091930,223.0,1.3
202212091945,210.0,0.9
202212092015,246.0,0.4
202212092030,287.0,1.3
202212092045,246.0,0.4
202212092100,257.0,0.4
202212092115,231.0,1.3
202212092130,236.0,0.9
202212092145,,0.0
202212092200,279.0,0.9
202212092215,,0.0
202212092230,215.0,0.4
202212092300,,0.0
202212092315,248.0,0.4
202212092330,223.0,0.4
202212092345,,0.0
202212100000,,0.0
202212100015,,0.0
202212100030,258.0,0.4
202212100045,,0.0
202212100100,264.0,0.9
202212100115,,0.0
202212100130,0.0,0.4
202212100145,,0.0
202212100200,,0.0
202212100215,,0.0
202212100230,,0.0
202212100245,,0.0
202212100300,,0.0
202212100315,46.0,0.4
202212100330,,0.0
202212100345,,0.0
202212100400,,0.0
202212100415,,0.0
202212100430,,0.0
202212100445,,0.0
202212100500,,0.0
202212100515,,0.0
202212100531,,0.0
202212100545,,0.0
202212100600,,0.0
202212100616,,0.0
202212100630,,0.0
202212100645,,0.0
202212100700,,0.0
202212100715,69.0,0.4
202212100730,,0.0
202212100745,,0.0
202212100800,47.0,0.4
202212100815,,0.0
202212100830,,0.0
202212100845,,0.0
202212100900,18.0,0.4
202212100915,,0.0
202212100930,,0.0
202212100945,,0.0
202212101000,,0.0
202212101016,,0.0
202212101030,69.0,0.4
202212101045,77.0,0.4
202212101100,,0.0
202212101115,,0.0
202212101131,,0.0
202212101201,,0.0
202212101216,,0.0
202212101231,,0.0
202212101245,,0.0
202212101300,83.0,0.9
202212101315,,0.0
202212101330,,0.0
202212101345,140.0,0.4
202212101400,,0.0
202212101415,103.0,0.4
202212101430,107.0,0.4
202212101445,,0.0
202212101500,146.0,0.4
202212101515,,0.0
202212101530,,0.0
202212101545,159.0,0.4
202212101600,155.0,0.9
202212101615,194.0,1.3
202212101630,142.0,0.4
202212101645,269.0,0.9
202212101700,273.0,0.4
202212101715,194.0,0.4
202212101730,117.0,0.9
202212101745,142.0,0.9
202212101800,226.0,0.4
202212101815,166.0,0.9
202212101831,166.0,0.9
202212101845,146.0,0.9
202212101901,188.0,0.9
202212101915,184.0,1.3
202212101930,163.0,0.4
202212102000,151.0,1.3
202212102015,238.0,0.9
202212102030,170.0,0.9
202212102045,204.0,0.9
202212102100,240.0,0.4
202212102115,228.0,0.9
202212102130,215.0,1.3
202212102145,,0.0
202212102200,171.0,0.4
202212102215,209.0,0.4
202212102230,,0.0
202212102245,217.0,0.9
202212102300,159.0,0.4
202212102315,203.0,0.4
202212102330,250.0,0.9
202212102345,196.0,0.4
202212110015,,0.0
202212110030,,0.0
202212110045,194.0,0.4
202212110100,208.0,0.9
202212110115,177.0,0.4
202212110130,157.0,0.4
202212110145,,0.0
202212110200,,0.0
202212110215,196.0,0.4
202212110230,321.0,0.4
202212110245,320.0,0.9
202212110300,5.0,0.9
202212110315,,0.0
202212110330,,0.0
202212110345,,0.0
202212110400,,0.0
202212110415,22.0,0.4
202212110430,,0.0
202212110445,,0.0
202212110500,,0.0
202212110515,,0.0
202212110530,,0.0
202212110545,,0.0
202212110600,44.0,0.4
202212110615,,0.0
202212110630,,0.0
202212110645,,0.0
202212110700,,0.0
202212110715,44.0,0.4
202212110731,44.0,0.4
202212110745,,0.0
202212110800,,0.0
202212110815,,0.0
202212110831,,0.0
202212110846,,0.0
202212110900,,0.0
202212110915,44.0,0.4
202212110930,44.0,0.4
202212110945,126.0,0.4
202212111000,134.0,0.4
202212111015,,0.0
202212111030,106.0,0.4
202212111045,,0.0
202212111100,128.0,0.4
202212111115,128.0,0.4
202212111130,128.0,0.4
202212111145,148.0,0.9
202212111200,148.0,0.4
202212111215,101.0,0.4
202212111230,,0.0
202212111245,,0.0
202212111300,101.0,0.4
202212111315,,0.0
202212111330,,0.0
202212111345,147.0,0.9
202212111415,,0.0
202212111430,207.0,0.4
202212111445,,0.0
202212111500,,0.0
202212111515,,0.0
202212111545,,0.0
202212111600,112.0,0.4
202212111615,112.0,0.4
202212111630,112.0,0.4
202212111645,,0.0
202212111700,,0.0
202212111715,162.0,0.4
202212111730,147.0,0.4
202212111745,196.0,0.4
202212111800,,0.0
202212111815,,0.0
202212111830,,0.0
202212111845,,0.0
202212111900,,0.0
202212111915,,0.0
202212111930,,0.0
202212111945,78.0,0.4
202212112000,,0.0
202212112015,75.0,0.4
202212112030,78.0,0.4
202212112045,74.0,0.4
202212112100,,0.0
202212112116,,0.0
202212112130,,0.0
202212112145,,0.0
202212112200,,0.0
202212112216,,0.0
202212112231,,0.0
202212112245,,0.0
202212112301,,0.0
202212112315,,0.0
202212112331,,0.0
202212112346,,0.0
202212120001,,0.0
202212120016,,0.0
202212120030,79.0,0.4
202212120045,,0.0
202212120100,,0.0
202212120115,,0.0
202212120130,,0.0
202212120145,,0.0
202212120200,,0.0
202212120215,,0.0
202212120230,,0.0
202212120245,,0.0
202212120315,,0.0
202212120330,,0.0
202212120345,,0.0
202212120400,,0.0
202212120415,80.0,0.4
202212120430,80.0,0.4
202212120445,80.0,0.4
202212120500,80.0,0.4
202212120530,,0.0
202212120545,,0.0
202212120600,,0.0
202212120615,,0.0
202212120630,,0.0
202212120645,,0.0
202212120700,,0.0
202212120715,,0.0
202212120730,,0.0
202212120745,,0.0
202212120800,,0.0
202212120830,72.0,0.4
202212120845,,0.0
202212120900,,0.0
202212120915,,0.0
202212120930,,0.0
202212120945,,0.0
202212121000,,0.0
202212121015,,0.0
202212121030,,0.0
202212121045,,0.0
202212121100,,0.0
202212121115,,0.0
202212121145,,0.0
202212121200,,0.0
202212121215,,0.0
202212121230,,0.0
202212121245,,0.0
202212121300,,0.0
202212121315,9.0,0.4
202212121330,68.0,0.4
202212121345,76.0,0.4
202212121400,,0.0
202212121416,83.0,1.3
202212121430,66.0,0.9
202212121446,65.0,0.9
202212121500,,0.0
202212121515,80.0,0.9
202212121545,,0.0
202212121600,25.0,0.4
202212121615,91.0,0.4
202212121630,,0.0
202212121645,,0.0
202212121700,,0.0
202212121715,244.0,0.4
202212121745,74.0,0.9
202212121800,96.0,0.9
202212121815,62.0,0.4
202212121830,78.0,0.4
202212121845,69.0,0.4
202212121900,98.0,0.4
202212121915,69.0,0.4
202212121930,52.0,0.4
202212121945,112.0,0.4
202212122000,44.0,0.4
202212122015,67.0,0.4
202212122030,309.0,0.4
202212122045,,0.0
202212122100,342.0,0.4
202212122115,296.0,0.4
202212122130,,0.0
202212122145,9.0,0.4
202212122200,,0.0
202212122230,,0.0
202212122246,,0.0
202212122300,,0.0
202212122315,,0.0
202212122330,,0.0
202212130000,,0.0
202212130015,,0.0
202212130030,,0.0
202212130100,,0.0
202212130116,,0.0
202212130130,,0.0
202212130145,44.0,0.4
202212130200,,0.0
202212130215,,0.0
202212130230,,0.0
202212130245,,0.0
202212130300,,0.0
202212130315,,0.0
202212130330,,0.0
202212130345,,0.0
202212130400,,0.0
202212130415,,0.0
202212130430,,0.0
202212130445,,0.0
202212130501,,0.0
202212130516,,0.0
202212130530,,0.0
202212130545,,0.0
202212130600,,0.0
202212130615,,0.0
202212130631,,0.0
202212130646,,0.0
202212130700,,0.0
202212130715,,0.0
202212130730,,0.0
202212130745,,0.0
202212130800,,0.0
202212130815,72.0,0.4
202212130845,84.0,0.4
202212130900,,0.0
202212130915,82.0,0.9
202212130930,113.0,0.4
202212130945,48.0,0.9
202212131000,90.0,0.9
202212131015,76.0,0.9
202212131030,78.0,0.9
202212131045,112.0,0.9
202212131100,119.0,1.3
202212131115,71.0,0.4
202212131130,119.0,0.4
202212131145,141.0,1.8
202212131200,149.0,0.9
202212131230,90.0,0.9
202212131245,129.0,0.9
202212131300,160.0,1.3
202212131315,134.0,0.4
202212131330,123.0,0.9
202212131345,130.0,0.9
202212131400,127.0,0.9
202212131415,80.0,0.9
202212131430,126.0,1.3
202212131445,36.0,0.4
202212131500,80.0,0.9
202212131515,203.0,1.8
202212131530,92.0,0.9
202212131545,148.0,1.3
202212131600,111.0,1.3
202212131630,90.0,0.9
202212131645,76.0,1.8
202212131700,117.0,0.4
202212131730,140.0,0.9
202212131745,132.0,0.9
202212131801,51.0,1.3
202212131815,138.0,1.3
202212131830,102.0,0.9
202212131845,143.0,1.8
202212131900,134.0,1.3
202212131916,132.0,1.3
202212131930,110.0,1.3
202212131945,104.0,1.3
202212132001,51.0,0.4
202212132016,112.0,1.3
202212132030,101.0,0.4
202212132045,111.0,0.9
202212132100,128.0,0.9
202212132145,88.0,0.9
202212132200,140.0,1.8
202212132215,111.0,0.9
202212132230,107.0,0.9
202212132245,128.0,1.3
202212132300,76.0,1.3
202212132315,232.0,0.9
202212132330,221.0,0.4
202212132345,80.0,0.4
202212140000,107.0,1.8
202212140030,107.0,1.8
202212140045,108.0,0.9
202212140100,148.0,2.2
202212140115,142.0,1.3
202212140130,71.0,1.3
202212140145,119.0,0.9
202212140200,138.0,0.4
202212140215,116.0,0.4
202212140230,89.0,0.9
202212140245,85.0,1.3
202212140300,100.0,0.9
202212140315,120.0,1.8
202212140330,119.0,1.3
202212140345,97.0,0.9
202212140400,101.0,0.9
202212140415,146.0,1.3
202212140431,132.0,0.9
202212140445,100.0,1.3
202212140500,121.0,0.9
202212140531,96.0,1.8
202212140601,117.0,1.3
202212140615,119.0,1.8
202212140630,128.0,0.9
202212140646,86.0,0.4
202212140701,138.0,0.9
202212140715,78.0,1.8
202212140730,154.0,1.3
202212140745,98.0,0.9
202212140800,97.0,1.3
202212140815,130.0,1.3
202212140830,145.0,1.8
202212140845,138.0,1.3
202212140900,107.0,0.9
202212140915,128.0,0.9
202212140930,149.0,0.9
202212140945,155.0,0.9
202212141000,130.0,0.9
202212141015,123.0,0.9
202212141045,55.0,0.9
202212141100,82.0,0.4
202212141115,120.0,0.9
202212141130,91.0,0.4
202212141145,80.0,0.4
202212141200,,0.0
202212141215,92.0,0.9
202212141245,116.0,0.9
202212141300,85.0,1.8
202212141315,124.0,0.9
202212141330,86.0,1.8
202212141345,102.0,0.4
202212141400,211.0,0.4
202212141430,167.0,0.9
202212141445,108.0,0.9
202212141500,161.0,0.9
202212141515,95.0,1.3
202212141530,132.0,1.3
202212141545,130.0,0.4
202212141600,157.0,1.3
202212141615,59.0,0.9
202212141630,102.0,0.4
202212141645,46.0,1.8
202212141701,,0.0
202212141716,91.0,1.3
202212141731,149.0,1.8
202212141746,114.0,0.9
202212141801,93.0,4.0
202212141815,123.0,2.2
202212141830,355.0,0.4
202212141845,55.0,2.2
202212141900,63.0,1.3
202212141915,103.0,1.8
202212141945,106.0,1.3
202212142015,155.0,1.8
202212142031,234.0,0.4
202212142045,109.0,2.2
202212142100,115.0,0.9
202212142115,125.0,0.9
202212142130,107.0,0.9
202212142145,140.0,1.8
202212142200,98.0,0.9
202212142215,155.0,1.3
202212142230,95.0,1.8
202212142300,130.0,2.2
202212142315,133.0,1.8
202212142330,117.0,1.3
202212142345,76.0,1.8
202212150000,195.0,2.2
202212150015,135.0,0.9
202212150030,126.0,1.3
202212150045,125.0,1.3
202212150100,127.0,1.8
202212150115,168.0,2.7
202212150131,83.0,2.2
202212150145,161.0,2.2
202212150201,152.0,1.8
202212150216,94.0,1.3
202212150231,150.0,3.6
202212150245,128.0,2.2
202212150300,165.0,2.2
202212150315,181.0,3.6
202212150330,168.0,0.4
202212150345,317.0,0.9
202212150430,273.0,1.8
202212150445,291.0,1.3
202212150500,32.0,0.9
202212150530,215.0,0.9
202212150545,,0.0
202212150600,193.0,0.4
202212150616,106.0,1.3
202212150630,193.0,0.4
202212150645,288.0,0.4
202212150700,,0.0
202212150715,,0.0
202212150745,,0.0
202212150800,,0.0
202212150815,,0.0
202212150830,,0.0
202212150845,,0.0
202212150900,259.0,0.4
202212150915,312.0,0.9
202212150930,265.0,1.3
202212150945,302.0,0.4
202212151000,205.0,0.4
202212151015,,0.0
202212151031,242.0,0.4
202212151045,248.0,0.4
202212151101,206.0,0.4
202212151115,,0.0
202212151130,200.0,0.4
202212151145,,0.0
202212151200,219.0,0.9
202212151230,,0.0
202212151245,,0.0
202212151300,,0.0
202212151315,86.0,0.9
202212151330,259.0,0.9
202212151345,196.0,0.4
202212151400,315.0,0.4
202212151415,215.0,0.4
202212151430,234.0,1.3
202212151445,260.0,0.9
202212151500,236.0,0.9
202212151515,159.0,0.9
202212151531,294.0,1.3
202212151545,323.0,2.2
202212151601,224.0,1.8
202212151616,290.0,1.3
202212151630,275.0,1.8
202212151645,236.0,2.2
202212151700,187.0,1.3
202212151730,198.0,1.3
202212151745,214.0,1.8
202212151800,140.0,0.9
202212151830,277.0,0.9
202212151845,206.0,1.3
202212151900,292.0,0.9
202212151915,224.0,1.3
202212151930,201.0,2.2
202212151945,197.0,2.2
202212152001,208.0,1.8
202212152015,242.0,0.9
202212152045,166.0,1.3
202212152100,330.0,0.4
202212152115,309.0,0.4
202212152130,232.0,1.8
202212152145,207.0,0.9
202212152200,265.0,0.4
202212152215,,0.0
202212152230,198.0,0.4
202212152245,197.0,0.4
202212152300,219.0,0.4
202212152316,254.0,0.4
202212152330,,0.0
202212152345,,0.0
202212160000,,0.0
202212160015,,0.0
202212160030,,0.0
202212160045,,0.0
202212160100,,0.0
202212160115,,0.0
202212160130,,0.0
202212160145,,0.0
202212160200,,0.0
202212160215,,0.0
202212160230,,0.0
202212160245,,0.0
202212160300,,0.0
202212160315,,0.0
202212160330,,0.0
202212160345,,0.0
202212160400,,0.0
202212160416,,0.0
202212160431,,0.0
202212160446,,0.0
202212160500,,0.0
202212160516,,0.0
202212160546,,0.0
202212160600,,0.0
202212160615,,0.0
202212160630,,0.0
202212160645,,0.0
202212160700,,0.0
202212160715,,0.0
202212160730,,0.0
202212160745,,0.0
202212160800,,0.0
202212160815,,0.0
202212160830,,0.0
202212160900,,0.0
202212160915,,0.0
202212160930,,0.0
202212160945,,0.0
202212161000,,0.0
202212161015,,0.0
202212161030,,0.0
202212161045,,0.0
202212161100,,0.0
202212161115,,0.0
202212161130,,0.0
202212161145,,0.0
202212161200,,0.0
202212161215,,0.0
202212161230,,0.0
202212161246,,0.0
202212161300,,0.0
202212161315,,0.0
202212161330,,0.0
202212161345,,0.0
202212161400,,0.0
202212161416,205.0,0.4
202212161430,209.0,0.4
202212161445,169.0,0.4
202212161500,,0.0
202212161515,292.0,0.4
202212161530,329.0,1.8
202212161545,311.0,0.9
202212161600,327.0,1.8
202212161615,296.0,1.3
202212161630,307.0,1.3
202212161645,333.0,2.2
202212161700,346.0,2.7
202212161715,75.0,1.3
202212161730,267.0,1.3
202212161745,277.0,2.2
202212161815,229.0,1.8
202212161830,236.0,1.3
202212161845,290.0,1.3
202212161900,295.0,1.3
202212161915,188.0,0.9
202212161930,288.0,0.9
202212161945,205.0,1.3
202212162000,273.0,1.3
202212162015,130.0,1.3
202212162031,219.0,1.8
202212162045,207.0,0.4
202212162101,252.0,0.4
202212162115,132.0,0.9
202212162131,261.0,0.9
202212162146,211.0,0.4
202212162201,166.0,0.9
202212162216,,0.0
202212162230,,0.0
202212162245,,0.0
202212162300,,0.0
202212162315,,0.0
202212170000,,0.0
202212170015,,0.0
202212170030,,0.0
202212170045,,0.0
202212170100,,0.0
202212170115,,0.0
202212170130,,0.0
202212170145,,0.0
202212170200,,0.0
202212170215,,0.0
202212170230,,0.0
202212170245,,0.0
202212170300,,0.0
202212170315,,0.0
202212170330,213.0,0.4
202212170345,248.0,0.4
202212170400,,0.0
202212170415,,0.0
202212170430,,0.0
202212170445,,0.0
202212170500,,0.0
202212170515,,0.0
202212170530,,0.0
202212170545,,0.0
202212170600,,0.0
202212170615,,0.0
202212170630,,0.0
202212170645,,0.0
202212170701,,0.0
202212170715,,0.0
202212170730,,0.0
202212170745,207.0,0.4
202212170800,,0.0
202212170815,160.0,0.4
202212170830,,0.0
202212170845,,0.0
202212170900,204.0,0.4
202212170915,252.0,0.4
202212170930,,0.0
202212170945,236.0,1.8
202212171000,317.0,0.9
202212171015,275.0,0.9
202212171030,317.0,1.3
202212171045,252.0,0.9
202212171101,175.0,0.4
202212171115,208.0,0.4
202212171130,223.0,0.4
202212171146,,0.0
202212171200,209.0,0.4
202212171216,227.0,0.4
202212171231,,0.0
202212171246,282.0,0.4
202212171301,,0.0
202212171316,,0.0
202212171330,,0.0
202212171345,228.0,0.4
202212171400,,0.0
202212171415,265.0,1.3
202212171430,163.0,0.9
202212171445,261.0,0.4
202212171500,275.0,0.9
202212171515,265.0,0.4
202212171530,278.0,1.3
202212171545,309.0,1.8
202212171600,167.0,0.9
202212171630,269.0,1.3
202212171645,,0.0
202212171715,218.0,0.9
202212171730,190.0,0.4
202212171745,220.0,0.9
202212171800,121.0,1.8
202212171815,228.0,1.3
202212171830,345.0,0.9
202212171845,26.0,0.9
202212171900,236.0,0.9
202212171915,265.0,0.9
202212171930,254.0,1.3
202212171945,261.0,0.9
202212172000,233.0,1.3
202212172015,173.0,1.8
202212172030,184.0,1.3
202212172046,167.0,1.3
202212172101,162.0,1.8
202212172115,226.0,1.8
202212172131,267.0,0.9
202212172145,293.0,0.4
202212172201,196.0,0.4
202212172215,222.0,0.9
202212172231,263.0,0.4
202212172245,265.0,0.9
202212172301,,0.0
202212172316,,0.0
202212172331,,0.0
202212172346,,0.0
202212180030,,0.0
202212180045,,0.0
202212180100,,0.0
202212180115,,0.0
202212180130,,0.0
202212180145,,0.0
202212180200,,0.0
202212180215,,0.0
202212180230,255.0,0.9
202212180245,257.0,1.3
202212180300,13.0,0.9
202212180315,279.0,0.4
202212180330,,0.0
202212180345,,0.0
202212180400,260.0,0.4
202212180415,,0.0
202212180430,157.0,0.4
202212180500,,0.0
202212180515,207.0,0.4
202212180530,,0.0
202212180545,211.0,0.4
202212180600,,0.0
202212180615,,0.0
202212180630,,0.0
202212180645,,0.0
202212180701,,0.0
202212180715,,0.0
202212180730,,0.0
202212180745,,0.0
202212180800,,0.0
202212180815,,0.0
202212180830,,0.0
202212180845,,0.0
202212180900,,0.0
202212180915,,0.0
202212180930,,0.0
202212180945,,0.0
202212181015,,0.0
202212181030,,0.0
202212181045,72.0,0.9
202212181100,,0.0
202212181115,95.0,0.4
202212181130,80.0,0.4
202212181145,19.0,0.4
202212181200,,0.0
202212181215,,0.0
202212181230,,0.0
202212181245,74.0,0.4
202212181300,28.0,0.4
202212181315,,0.0
202212181346,0.0,0.4
202212181400,23.0,0.4
202212181416,294.0,1.3
202212181430,323.0,2.2
202212181445,27.0,0.9
202212181500,299.0,1.3
202212181515,5.0,0.9
202212181530,257.0,0.4
202212181545,265.0,0.9
202212181600,268.0,0.9
202212181615,96.0,0.9
202212181630,278.0,0.9
202212181645,86.0,1.3
202212181700,252.0,1.8
202212181715,221.0,1.8
202212181730,329.0,0.9
202212181745,267.0,1.3
202212181800,5.0,0.9
202212181815,63.0,0.9
202212181831,205.0,1.3
202212181845,300.0,2.2
202212181901,328.0,0.9
202212181915,127.0,0.4
202212181931,168.0,0.4
202212181946,338.0,0.9
202212182001,279.0,1.3
202212182015,335.0,0.9
202212182030,309.0,0.9
202212182045,318.0,1.8
202212182100,277.0,0.4
202212182115,313.0,1.3
202212182130,326.0,0.9
202212182145,332.0,0.9
202212182200,327.0,0.4
202212182215,314.0,0.4
202212182230,,0.0
202212182245,,0.0
202212182300,,0.0
202212182315,,0.0
202212182330,,0.0
202212190000,,0.0
202212190015,,0.0
202212190030,,0.0
202212190045,,0.0
202212190100,,0.0
202212190115,,0.0
202212190130,,0.0
202212190145,,0.0
202212190200,,0.0
202212190215,,0.0
202212190245,,0.0
202212190300,,0.0
202212190315,,0.0
202212190330,,0.0
202212190345,349.0,0.4
202212190400,,0.0
202212190415,,0.0
202212190430,,0.0
202212190445,,0.0
202212190500,55.0,0.4
202212190515,,0.0
202212190530,,0.0
202212190545,,0.0
202212190600,,0.0
202212190615,,0.0
202212190630,,0.0
202212191415,,0.0
202212191430,70.0,0.4
202212191445,84.0,1.8
202212191500,92.0,1.8
202212191515,144.0,0.4
202212191530,267.0,0.4
202212191545,,0.0
202212191600,,0.0
202212191615,,0.0
202212191630,96.0,0.4
202212191645,,0.0
202212191700,,0.0
202212191715,147.0,0.9
202212191730,130.0,0.4
202212191745,134.0,0.9
202212191800,90.0,1.3
202212191815,,0.0
202212191830,148.0,0.4
202212191845,121.0,0.4
202212191900,86.0,0.4
202212191915,,0.0
202212191930,132.0,0.4
202212191945,155.0,0.4
202212192000,,0.0
202212192015,,0.0
202212192030,,0.0
202212192045,,0.0
202212192100,,0.0
202212192115,123.0,0.4
202212192131,,0.0
202212192200,,0.0
202212192215,,0.0
202212192230,101.0,0.4
202212192245,,0.0
202212192300,,0.0
202212192315,,0.0
202212192330,,0.0
202212192345,,0.0
202212200001,,0.0
202212200030,,0.0
202212200045,,0.0
202212200101,77.0,0.9
202212200116,,0.0
202212200131,,0.0
202212200146,,0.0
202212200200,,0.0
202212200216,,0.0
202212200230,95.0,0.4
202212200245,,0.0
202212200300,,0.0
202212200315,326.0,0.4
202212200330,110.0,0.4
202212200345,,0.0
202212200400,,0.0
202212200415,,0.0
202212200430,,0.0
202212200445,109.0,0.4
202212200500,109.0,0.4
202212200515,109.0,0.4
202212200530,138.0,0.9
202212200545,123.0,0.4
202212200600,,0.0
202212200615,,0.0
202212200630,,0.0
202212200645,118.0,1.3
202212200700,,0.0
202212200715,,0.0
202212200730,,0.0
202212200745,,0.0
202212200800,,0.0
202212200815,,0.0
202212200831,325.0,0.9
202212200846,34.0,0.4
202212200900,,0.0
202212200915,,0.0
202212200930,34.0,0.4
202212200945,,0.0
202212201000,,0.0
202212201015,,0.0
202212201031,25.0,0.4
202212201046,,0.0
202212201101,,0.0
202212201115,76.0,0.9
202212201130,72.0,0.4
202212201200,71.0,0.4
202212201215,,0.0
202212201230,,0.0
202212201245,,0.0
202212201300,71.0,0.4
202212201315,17.0,0.4
202212201345,,0.0
202212201400,,0.0
202212201415,,0.0
202212201430,,0.0
202212201445,355.0,0.4
202212201500,,0.0
202212201515,35.0,0.4
202212201530,,0.0
202212201545,,0.0
202212201600,10.0,0.4
202212201615,,0.0
202212201630,340.0,0.4
202212201700,46.0,0.4
202212201715,,0.0
202212201730,,0.0
202212201746,,0.0
202212201800,46.0,0.9
202212201816,86.0,0.4
202212201830,25.0,0.9
202212201901,106.0,0.4
202212201915,64.0,0.4
202212201930,105.0,1.3
202212201945,,0.0
202212202001,79.0,0.4
202212202015,,0.0
202212202030,91.0,1.3
202212202046,89.0,1.3
202212202101,42.0,0.9
202212202116,69.0,0.9
202212202131,94.0,0.4
202212202146,,0.0
202212202201,,0.0
202212202216,31.0,0.4
202212202230,,0.0
202212202245,,0.0
202212202300,48.0,0.4
202212202330,69.0,1.3
202212202345,55.0,0.4
202212210000,,0.0
202212210015,59.0,0.4
202212210030,90.0,0.4
202212210045,40.0,0.4
202212210100,51.0,0.9
202212210130,282.0,0.4
202212210145,,0.0
202212210215,56.0,0.4
202212210230,71.0,1.3
202212210245,64.0,0.9
202212210300,91.0,0.4
202212210315,94.0,1.3
202212210330,75.0,0.4
202212210345,82.0,0.9
202212210400,44.0,0.4
202212210415,67.0,0.4
202212210430,73.0,0.4
202212210445,,0.0
202212210500,70.0,0.9
202212210515,43.0,0.9
202212210530,41.0,0.4
202212210545,60.0,0.4
202212210600,,0.0
202212210615,,0.0
202212210630,,0.0
202212210645,,0.0
202212210700,59.0,0.4
202212210715,,0.0
202212210730,,0.0
202212210745,,0.0
202212210800,,0.0
202212210815,324.0,0.4
202212210830,,0.0
202212210845,,0.0
202212210900,,0.0
202212210915,,0.0
202212210930,,0.0
202212210945,,0.0
202212211000,,0.0
202212211016,,0.0
202212211030,,0.0
202212211045,,0.0
202212211100,,0.0
202212211115,74.0,0.9
202212211130,,0.0
202212211146,,0.0
202212211200,,0.0
202212211216,,0.0
202212211231,344.0,0.4
202212211246,69.0,0.9
202212211300,11.0,0.4
202212211316,,0.0
202212211330,,0.0
202212211345,,0.0
202212211400,,0.0
202212211415,,0.0
202212211430,58.0,0.4
202212211445,,0.0
202212211500,138.0,0.9
202212211515,72.0,0.9
202212211530,78.0,0.9
202212211545,132.0,0.4
202212211600,217.0,0.9
202212211615,185.0,0.9
202212211630,82.0,0.4
202212211645,94.0,1.3
202212211700,115.0,0.4
202212211715,127.0,0.9
202212211730,113.0,0.9
202212211745,144.0,0.4
202212211800,85.0,0.9
202212211815,88.0,0.9
202212211830,53.0,1.3
202212211845,65.0,0.4
202212211900,130.0,0.4
202212211916,113.0,1.3
202212211930,141.0,0.9
202212211945,,0.0
202212212000,82.0,0.9
202212212015,149.0,0.9
202212212030,121.0,0.4
202212212045,82.0,0.9
202212212100,95.0,0.9
202212212115,91.0,0.4
202212212130,81.0,0.4
202212212145,,0.0
202212212200,,0.0
202212212215,,0.0
202212212230,,0.0
202212212245,,0.0
202212212300,,0.0
202212212315,,0.0
202212212330,,0.0
202212212345,,0.0
202212220000,,0.0
202212220015,94.0,0.4
202212220030,,0.0
202212220045,,0.0
202212220100,,0.0
202212220130,,0.0
202212220145,129.0,0.4
202212220200,,0.0
202212220215,,0.0
202212220230,,0.0
202212220245,,0.0
202212220300,,0.0
202212220315,,0.0
202212220330,128.0,0.4
202212220345,,0.0
202212220400,68.0,0.4
202212220415,115.0,0.4
202212220430,,0.0
202212220445,112.0,0.4
202212220500,,0.0
202212220515,127.0,0.9
202212220530,107.0,0.4
202212220545,114.0,0.4
202212220600,109.0,0.4
202212220615,,0.0
202212220630,,0.0
202212220645,149.0,0.4
202212220700,,0.0
202212220715,181.0,0.4
202212220730,115.0,0.4
202212220745,157.0,0.4
202212220800,92.0,0.9
202212220815,111.0,0.4
202212220830,114.0,0.4
202212220900,,0.0
202212220915,,0.0
202212220930,,0.0
202212220945,69.0,0.4
202212221000,107.0,0.4
202212221015,,0.0
202212221030,121.0,0.4
202212221045,121.0,0.4
202212221100,119.0,0.4
202212221115,,0.0
202212221130,119.0,0.4
202212221145,119.0,0.4
202212221200,,0.0
202212221215,,0.0
202212221230,163.0,0.9
202212221245,,0.0
202212221300,,0.0
202212221315,125.0,0.4
202212221330,102.0,0.4
202212221345,98.0,0.4
202212221400,,0.0
202212221415,128.0,0.4
202212221430,,0.0
202212221445,,0.0
202212221500,161.0,0.4
202212221515,143.0,1.3
202212221530,131.0,1.3
202212221545,153.0,0.9
202212221601,223.0,0.9
202212221615,163.0,0.9
202212221630,153.0,1.8
202212221645,146.0,0.9
202212221700,173.0,1.3
202212221715,180.0,0.9
202212221730,156.0,0.9
202212221745,,0.0
202212221800,202.0,0.9
202212221815,151.0,0.4
202212221830,98.0,0.9
202212221845,,0.0
202212221900,181.0,0.4
202212221915,214.0,0.9
202212221930,159.0,1.3
202212221945,206.0,0.4
202212222000,156.0,1.3
202212222015,194.0,0.9
202212222031,142.0,0.4
202212222046,217.0,0.4
202212222101,197.0,0.9
202212222115,208.0,1.8
202212222130,201.0,1.3
202212222145,186.0,0.4
202212222200,177.0,0.9
202212222215,216.0,0.4
202212222230,,0.0
202212222245,,0.0
202212222300,,0.0
202212222315,,0.0
202212222330,,0.0
202212222345,,0.0
202212230000,,0.0
202212230015,256.0,0.9
202212230030,173.0,1.3
202212230045,137.0,0.9
202212230100,141.0,0.9
202212230115,195.0,1.3
202212230130,219.0,0.9
202212230145,173.0,0.9
202212230201,159.0,1.8
202212230215,192.0,1.3
202212230230,200.0,1.3
202212230245,265.0,2.2
202212230300,194.0,1.3
202212230315,272.0,3.1
202212230330,215.0,0.9
202212230345,285.0,1.3
202212230400,193.0,1.3
202212230415,250.0,3.1
202212230430,221.0,1.8
202212230445,200.0,1.8
202212230500,294.0,4.0
202212230516,324.0,3.1
202212230531,194.0,1.8
202212230545,348.0,2.2
202212230600,339.0,2.2
202212230615,309.0,2.2
202212230630,144.0,2.2
202212230645,303.0,2.7
202212230700,259.0,2.7
202212230715,292.0,0.9
202212230815,241.0,2.2
202212230846,206.0,2.2
202212230900,184.0,1.3
202212230915,257.0,1.8
202212230930,311.0,1.3
202212230945,146.0,0.9
202212231000,250.0,1.8
202212231015,311.0,3.1
202212231030,350.0,1.3
202212231045,313.0,1.3
202212231100,192.0,1.8
202212231115,120.0,2.2
202212231130,323.0,1.3
202212231145,191.0,0.9
202212231200,309.0,0.9
202212231215,235.0,0.9
202212231230,127.0,0.9
202212231245,348.0,0.9
202212231300,23.0,2.7
202212231315,235.0,1.8
202212231331,138.0,0.9
202212231400,273.0,1.8
202212231415,355.0,1.3
202212231430,259.0,1.3
202212231445,329.0,2.7
202212231500,340.0,1.8
202212231515,326.0,0.9
202212231530,287.0,1.3
202212231545,258.0,2.2
202212231600,195.0,1.8
202212231630,157.0,2.2
202212231645,192.0,1.3
202212231700,64.0,1.3
202212231715,94.0,1.8
202212231730,312.0,1.3
202212231745,270.0,1.3
202212231800,286.0,2.7
202212231815,5.0,1.3
202212231831,231.0,1.3
202212231845,73.0,1.8
202212231900,31.0,1.8
202212231915,140.0,1.3
202212231930,254.0,1.8
202212231945,82.0,1.8
202212232000,245.0,1.3
202212232030,325.0,0.9
202212232045,294.0,1.8
202212232100,255.0,1.8
202212232115,50.0,1.3
202212232130,244.0,1.3
202212232145,282.0,1.3
202212232201,304.0,1.3
202212232215,0.0,0.9
202212232230,246.0,1.3
202212232245,,0.0
202212232300,114.0,0.4
202212232315,122.0,0.9
202212232330,309.0,1.8
202212232345,266.0,1.3
202212240000,198.0,0.9
202212240015,322.0,0.4
202212240030,226.0,0.4
202212240045,305.0,1.3
202212240100,128.0,0.4
202212240115,174.0,0.9
202212240145,144.0,0.4
202212240200,290.0,0.9
202212240245,295.0,1.8
202212240300,175.0,0.9
202212240315,252.0,1.8
202212240330,203.0,1.3
202212240345,210.0,1.3
202212240400,182.0,0.9
202212240415,292.0,1.3
202212240430,336.0,1.8
202212240445,323.0,0.4
202212240500,163.0,0.4
202212240530,136.0,0.4
202212240546,338.0,0.9
202212240601,274.0,0.9
202212240615,231.0,0.9
202212240630,,0.0
202212240645,318.0,0.4
202212240700,345.0,0.9
202212240715,219.0,0.4
202212240730,309.0,1.8
202212240745,,0.0
202212240800,208.0,0.4
202212240815,111.0,0.4
202212240830,,0.0
202212240846,,0.0
202212240900,,0.0
202212240930,238.0,0.9
202212241000,250.0,0.4
202212241015,217.0,0.9
202212241030,311.0,0.9
202212241045,196.0,0.9
202212241100,231.0,0.4
202212241130,256.0,0.9
202212241145,,0.0
202212241200,,0.0
202212241215,,0.0
202212241230,,0.0
202212241245,274.0,0.4
202212241300,,0.0
202212241315,329.0,0.4
202212241330,,0.0
202212241345,338.0,0.4
202212241400,198.0,0.4
202212241416,140.0,0.9
202212241430,246.0,0.9
202212241445,0.0,1.3
202212241501,69.0,0.9
202212241515,323.0,0.4
202212241530,,0.0
202212241545,178.0,0.4
202212241601,226.0,1.8
202212241615,260.0,0.4
202212241630,336.0,0.9
202212241645,289.0,1.3
202212241700,237.0,1.8
202212241715,323.0,1.3
202212241730,221.0,1.3
202212241745,176.0,1.3
202212241800,,0.0
202212241830,143.0,0.9
202212241845,297.0,1.3
202212241900,307.0,2.7
202212241915,305.0,1.3
202212241946,318.0,1.3
202212242000,9.0,1.3
202212242016,165.0,0.4
202212242031,242.0,1.3
202212242045,236.0,0.4
202212242100,319.0,0.9
202212242115,229.0,0.9
202212242130,175.0,0.9
202212242145,202.0,1.3
202212242200,263.0,0.9
202212242215,229.0,0.9
202212242230,277.0,0.9
202212242245,267.0,0.9
202212242300,247.0,0.4
202212242315,288.0,0.4
202212242330,309.0,0.4
202212242345,215.0,0.9
202212250000,,0.0
202212250015,,0.0
202212250030,240.0,0.4
202212250045,,0.0
202212250100,,0.0
202212250115,182.0,0.4
202212250130,,0.0
202212250145,,0.0
202212250200,,0.0
202212250215,150.0,0.4
202212250230,,0.0
202212250245,159.0,0.9
202212250300,,0.0
202212250315,272.0,0.4
202212250330,,0.0
202212250345,,0.0
202212250400,,0.0
202212250415,,0.0
202212250430,,0.0
202212250445,144.0,0.4
202212250500,117.0,0.4
202212250515,,0.0
202212250530,,0.0
202212250545,,0.0
202212250600,,0.0
202212250615,,0.0
202212250630,,0.0
202212250646,,0.0
202212250700,,0.0
202212250715,,0.0
202212250730,,0.0
202212250745,,0.0
202212250800,228.0,0.4
202212250830,212.0,0.4
202212250845,,0.0
202212250901,,0.0
202212250916,,0.0
202212250931,,0.0
202212250945,,0.0
202212251000,,0.0
202212251015,,0.0
202212251030,,0.0
202212251045,,0.0
202212251100,,0.0
202212251115,,0.0
202212251130,,0.0
202212251145,,0.0
202212251200,,0.0
202212251215,,0.0
202212251230,,0.0
202212251245,,0.0
202212251300,,0.0
202212251315,,0.0
202212251330,,0.0
202212251345,,0.0
202212251400,,0.0
202212251415,,0.0
202212251430,,0.0
202212251445,,0.0
202212251500,332.0,0.4
202212251515,345.0,0.4
202212251530,288.0,0.4
202212251545,44.0,0.4
202212251600,,0.0
202212251615,211.0,0.4
202212251631,111.0,0.4
202212251645,298.0,0.4
202212251700,275.0,0.9
202212251715,244.0,1.3
202212251730,281.0,0.9
202212251745,269.0,1.3
202212251800,9.0,0.4
202212251815,103.0,0.4
202212251830,290.0,1.8
202212251845,309.0,0.9
202212251900,236.0,1.3
202212251930,323.0,0.4
202212251945,260.0,0.9
202212252000,264.0,0.9
202212252015,,0.0
202212252030,302.0,0.9
202212252045,166.0,0.4
202212252100,0.0,0.4
202212252115,342.0,1.3
202212252130,274.0,0.4
202212252145,,0.0
202212252200,,0.0
202212252215,,0.0
202212252230,,0.0
202212252245,,0.0
202212252300,,0.0
202212252315,,0.0
202212252330,,0.0
202212260000,,0.0
202212260015,,0.0
202212260030,,0.0
202212260045,,0.0
202212260100,,0.0
202212260115,,0.0
202212260130,,0.0
202212260145,,0.0
202212260200,,0.0
202212260215,,0.0
202212260230,,0.0
202212260245,,0.0
202212260300,,0.0
202212260316,,0.0
202212260330,,0.0
202212260345,,0.0
202212260401,,0.0
202212260415,,0.0
202212260431,,0.0
202212260446,,0.0
202212260500,,0.0
202212260515,,0.0
202212260531,,0.0
202212260546,,0.0
202212260601,,0.0
202212260615,,0.0
202212260630,,0.0
202212260645,,0.0
202212260700,,0.0
202212260715,,0.0
202212260730,,0.0
202212260745,,0.0
202212260800,,0.0
202212260815,,0.0
202212260830,,0.0
202212260845,,0.0
202212260900,,0.0
202212260915,,0.0
202212260930,,0.0
202212260945,,0.0
202212261000,,0.0
202212261015,,0.0
202212261030,,0.0
202212261045,,0.0
202212261100,,0.0
202212261130,,0.0
202212261145,,0.0
202212261200,,0.0
202212261215,,0.0
202212261230,,0.0
202212261246,,0.0
202212261300,,0.0
202212261315,,0.0
202212261415,,0.0
202212261431,,0.0
202212261446,,0.0
202212261500,,0.0
202212261515,173.0,0.4
202212261530,238.0,0.4
202212261545,159.0,0.9
202212261600,192.0,0.9
202212261615,,0.0
202212261630,171.0,1.8
202212261645,148.0,1.3
202212261700,145.0,1.3
202212261715,98.0,0.4
202212261731,167.0,0.9
202212261745,228.0,0.4
202212261801,224.0,0.4
202212261815,,0.0
202212261830,182.0,0.4
202212261845,,0.0
202212261900,161.0,0.4
202212261916,,0.0
202212261946,219.0,0.9
202212262000,150.0,0.4
202212262015,155.0,0.4
202212262030,,0.0
202212262045,164.0,0.9
202212262100,,0.0
202212262115,,0.0
202212262130,,0.0
202212262145,,0.0
202212262200,,0.0
202212262215,,0.0
202212262230,,0.0
202212262245,,0.0
202212262301,,0.0
202212262315,,0.0
202212262330,,0.0
202212270000,,0.0
202212270030,,0.0
202212270045,,0.0
202212270100,,0.0
202212270115,,0.0
202212270130,,0.0
202212270145,,0.0
202212270200,,0.0
202212270216,,0.0
202212270230,,0.0
202212270245,,0.0
202212270300,,0.0
202212270315,111.0,0.4
202212270330,,0.0
202212270345,,0.0
202212270400,,0.0
202212270415,,0.0
202212270430,,0.0
202212270500,,0.0
202212270515,,0.0
202212270530,,0.0
202212270545,,0.0
202212270600,,0.0
202212270615,,0.0
202212270630,,0.0
202212270645,,0.0
202212270700,,0.0
202212270715,,0.0
202212270730,,0.0
202212270800,,0.0
202212270816,,0.0
202212270845,,0.0
202212270901,,0.0
202212270915,,0.0
202212270946,,0.0
202212271001,,0.0
202212271015,,0.0
202212271030,,0.0
202212271045,,0.0
202212271100,,0.0
202212271115,,0.0
202212271130,,0.0
202212271145,,0.0
202212271200,,0.0
202212271215,,0.0
202212271230,,0.0
202212271245,,0.0
202212271300,,0.0
202212271315,,0.0
202212271330,,0.0
202212271345,,0.0
202212271400,,0.0
202212271415,,0.0
202212271430,83.0,0.4
202212271445,68.0,0.4
202212271500,,0.0
202212271515,,0.0
202212271530,,0.0
202212271545,117.0,0.4
202212271600,163.0,0.4
202212271616,207.0,0.4
202212271630,228.0,1.3
202212271645,207.0,0.9
202212271700,196.0,0.9
202212271715,173.0,0.9
202212271730,135.0,0.9
202212271745,142.0,0.9
202212271800,254.0,1.3
202212271815,146.0,1.8
202212271830,219.0,0.9
202212271845,151.0,0.9
202212271900,303.0,0.9
202212271915,127.0,0.9
202212271930,294.0,1.3
202212271945,145.0,1.8
202212272000,171.0,0.9
202212272030,209.0,0.9
202212272100,151.0,1.8
202212272116,268.0,0.4
202212272130,297.0,0.9
202212272145,187.0,1.3
202212272200,,0.0
202212272215,,0.0
202212272231,,0.0
202212272246,,0.0
202212272300,,0.0
202212272315,,0.0
202212272330,,0.0
202212272345,,0.0
202212280000,,0.0
202212280016,,0.0
202212280031,,0.0
202212280046,,0.0
202212280101,,0.0
202212280115,,0.0
202212280130,,0.0
202212280200,,0.0
202212280215,,0.0
202212280230,,0.0
202212280245,,0.0
202212280300,,0.0
202212280315,,0.0
202212280330,,0.0
202212280345,,0.0
202212280400,,0.0
202212280415,,0.0
202212280430,,0.0
202212280445,,0.0
202212280500,,0.0
202212280515,,0.0
202212280530,,0.0
202212280545,,0.0
202212280615,,0.0
202212280630,,0.0
202212280645,,0.0
202212280700,,0.0
202212280715,,0.0
202212280730,,0.0
202212280745,,0.0
202212280800,,0.0
202212280815,,0.0
202212280830,,0.0
202212280900,,0.0
202212280915,,0.0
202212280930,,0.0
202212280945,,0.0
202212281000,,0.0
202212281015,,0.0
202212281030,,0.0
202212281045,,0.0
202212281100,,0.0
202212281115,,0.0
202212281130,,0.0
202212281145,,0.0
202212281200,,0.0
202212281215,,0.0
202212281231,,0.0
202212281245,,0.0
202212281301,,0.0
202212281315,,0.0
202212281330,,0.0
202212281401,,0.0
202212281415,,0.0
202212281500,,0.0
202212281515,,0.0
202212281530,95.0,0.9
202212281545,75.0,0.9
202212281600,84.0,0.4
202212281615,84.0,1.3
202212281630,158.0,1.3
202212281645,176.0,0.9
202212281700,133.0,2.2
202212281715,104.0,0.9
202212281730,151.0,1.8
202212281746,146.0,0.9
202212281800,148.0,2.2
202212281815,65.0,1.3
202212281830,137.0,1.3
202212281845,147.0,1.3
202212281900,117.0,1.3
202212281915,106.0,0.9
202212281930,169.0,1.8
202212281945,168.0,1.3
202212282000,143.0,1.3
202212282015,146.0,1.3
202212282030,130.0,0.9
202212282045,119.0,1.3
202212282100,153.0,0.9
202212282115,117.0,1.3
202212282130,142.0,0.9
202212282145,148.0,0.4
202212282200,159.0,1.8
202212282215,100.0,1.3
202212282230,167.0,1.3
202212282245,156.0,1.8
202212282300,124.0,0.4
202212282315,144.0,0.4
202212282330,140.0,0.4
202212282345,267.0,0.9
202212290000,153.0,0.4
202212290015,186.0,0.4
202212290030,119.0,1.3
202212290045,145.0,0.9
202212290101,136.0,1.3
202212290115,146.0,0.9
202212290145,92.0,0.4
202212290200,134.0,0.4
202212290215,127.0,0.4
202212290230,155.0,0.4
202212290245,,0.0
202212290300,154.0,0.9
202212290315,146.0,0.4
202212290330,148.0,0.9
202212290345,105.0,0.9
202212290400,104.0,1.3
202212290415,173.0,0.9
202212290431,95.0,0.4
202212290445,78.0,0.4
202212290501,155.0,1.3
202212290515,114.0,0.9
202212290530,,0.0
202212290545,73.0,0.4
202212290616,140.0,1.3
202212290631,130.0,0.9
202212290645,136.0,0.4
202212290700,163.0,0.4
202212290715,128.0,0.9
202212290730,143.0,0.4
202212290745,113.0,0.4
202212290800,118.0,0.4
202212290815,,0.0
202212290830,121.0,1.3
202212290845,105.0,0.4
202212290900,96.0,1.8
202212290915,143.0,0.9
202212290930,94.0,1.3
202212290945,100.0,1.3
202212291000,128.0,0.9
202212291015,84.0,0.4
202212291030,5.0,1.3
202212291045,30.0,1.3
202212291100,124.0,0.9
202212291115,103.0,1.3
202212291130,120.0,1.3
202212291200,139.0,0.9
202212291215,66.0,0.9
202212291230,136.0,1.3
202212291245,151.0,2.2
202212291300,133.0,1.3
202212291315,146.0,1.3
202212291330,121.0,0.9
202212291345,88.0,1.3
202212291400,142.0,1.8
202212291415,67.0,1.3
202212291430,135.0,0.9
202212291446,169.0,0.9
202212291501,136.0,1.3
202212291516,147.0,1.3
202212291530,186.0,1.8
202212291545,166.0,1.8
202212291600,251.0,2.2
202212291615,128.0,0.9
202212291630,146.0,1.3
202212291645,176.0,0.4
202212291700,156.0,1.8
202212291715,165.0,0.9
202212291730,140.0,1.3
202212291745,211.0,0.9
202212291800,126.0,1.8
202212291815,149.0,1.3
202212291830,134.0,0.4
202212291845,186.0,0.9
202212291930,111.0,2.7
202212291945,96.0,1.8
202212292000,208.0,1.8
202212292016,109.0,1.8
202212292030,112.0,1.3
202212292046,113.0,1.3
202212292101,227.0,1.3
202212292116,150.0,0.9
202212292130,126.0,2.7
202212292145,145.0,0.9
202212292200,95.0,0.9
202212292215,114.0,1.3
202212292230,,0.0
202212292245,111.0,0.4
202212292300,,0.0
202212292330,,0.0
202212292345,,0.0
202212300000,108.0,0.4
202212300015,,0.0
202212300030,101.0,0.4
202212300045,,0.0
202212300100,,0.0
202212300115,,0.0
202212300130,157.0,0.4
202212300145,123.0,0.4
202212300200,133.0,0.4
202212300215,131.0,1.3
202212300230,130.0,0.9
202212300245,142.0,1.8
202212300300,130.0,0.9
202212300315,128.0,0.9
202212300330,131.0,0.9
202212300345,82.0,0.4
202212300400,,0.0
202212300415,103.0,0.9
202212300430,117.0,0.9
202212300445,144.0,1.3
202212300500,154.0,1.3
202212300515,121.0,0.4
202212300530,110.0,0.9
202212300545,132.0,1.3
202212300600,109.0,0.9
202212300615,110.0,0.4
202212300630,84.0,0.4
202212300645,102.0,0.9
202212300700,109.0,0.9
202212300715,107.0,0.4
202212300730,124.0,0.4
202212300745,125.0,0.4
202212300800,105.0,0.9
202212300815,,0.0
202212300830,,0.0
202212300845,,0.0
202212300900,121.0,1.3
202212300915,122.0,0.9
202212300930,92.0,0.4
202212300946,131.0,0.9
202212301001,90.0,1.3
202212301016,124.0,0.4
202212301031,124.0,0.4
202212301046,113.0,0.4
202212301100,133.0,0.4
202212301131,88.0,0.4
202212301145,,0.0
202212301200,116.0,0.4
202212301215,128.0,0.4
202212301230,74.0,0.9
202212301245,161.0,1.3
202212301300,109.0,0.4
202212301315,139.0,1.8
202212301330,137.0,1.3
202212301345,128.0,2.2
202212301400,148.0,1.8
202212301415,111.0,2.2
202212301430,122.0,1.3
202212301500,119.0,1.3
202212301515,78.0,1.8
202212301530,134.0,1.8
202212301600,142.0,1.8
202212301615,137.0,1.3
202212301630,94.0,0.4
202212301645,90.0,0.9
202212301700,99.0,0.9
202212301715,111.0,1.8
202212301745,142.0,0.9
202212301801,128.0,0.9
202212301815,102.0,1.3
202212301845,,0.0
202212301900,92.0,0.4
202212301915,148.0,0.4
202212301930,74.0,0.9
202212301945,118.0,0.9
202212302000,71.0,0.9
202212302015,51.0,0.4
202212302030,68.0,0.4
202212302045,,0.0
202212302100,,0.0
202212302115,99.0,0.4
202212302146,80.0,0.4
202212302200,,0.0
202212302215,,0.0
202212302230,227.0,1.8
202212302245,,0.0
202212302300,,0.0
202212302315,,0.0
202212302330,,0.0
202212302345,118.0,0.9
202212310000,76.0,0.4
202212310015,159.0,0.4
202212310030,141.0,1.3
202212310045,51.0,2.2
202212310100,115.0,2.7
202212310115,132.0,0.9
202212310130,80.0,1.8
202212310145,167.0,2.2
202212310200,160.0,3.6
202212310215,115.0,4.0
202212310230,145.0,0.9
202212310245,98.0,0.9
202212310300,214.0,1.8
202212310316,134.0,2.2
202212310330,149.0,2.2
202212310345,148.0,0.9
202212310400,215.0,0.9
202212310416,163.0,0.9
202212310430,163.0,0.9
202212310446,112.0,0.4
202212310501,132.0,0.4
202212310515,153.0,1.3
202212310531,152.0,2.2
202212310545,173.0,0.9
202212310600,,0.0
202212310616,148.0,0.4
202212310631,115.0,0.4
202212310645,156.0,0.4
202212310715,,0.0
202212310730,,0.0
202212310745,,0.0
202212310800,,0.0
202212310815,160.0,0.9
202212310831,132.0,0.4
202212310845,,0.0
202212310900,134.0,0.4
202212310915,134.0,0.4
202212310930,134.0,0.4
202212310945,,0.0
202212311000,,0.0
202212311015,,0.0
202212311030,,0.0
202212311045,,0.0
202212311100,,0.0
202212311115,,0.0
202212311145,,0.0
202212311200,,0.0
202212311215,,0.0
202212311230,,0.0
202212311245,,0.0
202212311300,,0.0
202212311315,,0.0
202212311330,,0.0
202212311345,,0.0
202212311400,,0.0
202212311415,,0.0
202212311430,,0.0
202212311445,295.0,0.4
202212311500,296.0,0.4
202212311515,238.0,0.4
202212311530,272.0,0.9
202212311545,274.0,1.3
202212311601,285.0,0.9
202212311615,286.0,0.4
202212311630,209.0,0.4
202212311646,324.0,0.4
202212311701,221.0,0.4
202212311715,,0.0
202212311730,,0.0
202212311745,292.0,0.4
202212311800,207.0,0.4
202212311815,,0.0
202212311830,165.0,0.4
202212311845,188.0,1.3
202212311900,140.0,0.4
202212311915,151.0,1.3
202212311930,,0.0
202212311946,296.0,0.9
202212312000,246.0,0.4
202212312030,241.0,0.4
202212312045,160.0,0.9
202212312100,237.0,0.9
202212312115,155.0,0.4
202212312130,,0.0
202212312145,161.0,0.9
202212312200,152.0,0.4
202212312215,,0.0
202212312230,148.0,0.9
202212312245,,0.0
202212312300,,0.0
202212312315,,0.0
202212312330,,0.0
202212312345,,0.0
