timestamp string,wind direction,wind speed
202201010000,,0.0
202201010015,,0.0
202201010030,,0.0
202201010045,,0.0
202201010101,,0.0
202201010115,,0.0
202201010130,,0.0
202201010146,,0.0
202201010201,,0.0
202201010216,,0.0
202201010231,,0.0
202201010247,252.0,0.4
202201010301,82.0,0.4
202201010316,244.0,0.9
202201010331,204.0,0.4
202201010346,42.0,0.4
202201010401,293.0,0.4
202201010415,122.0,0.4
202201010430,,0.0
202201010445,,0.0
202201010500,47.0,0.4
202201010515,,0.0
202201010545,120.0,0.4
202201010600,278.0,0.4
202201010615,,0.0
202201010630,27.0,0.4
202201010645,,0.0
202201010701,66.0,0.4
202201010716,41.0,0.4
202201010731,44.0,0.4
202201010746,,0.0
202201010801,25.0,0.9
202201010816,,0.0
202201010831,90.0,1.3
202201010846,161.0,1.3
202201010900,165.0,0.4
202201010930,174.0,1.3
202201010945,103.0,1.3
202201011000,134.0,1.3
202201011015,108.0,0.9
202201011030,311.0,1.3
202201011045,18.0,1.3
202201011101,211.0,0.9
202201011116,204.0,1.3
202201011146,141.0,1.8
202201011201,205.0,0.9
202201011215,187.0,1.8
202201011231,226.0,1.3
202201011246,11.0,0.4
202201011301,143.0,0.9
202201011316,165.0,1.3
202201011332,203.0,0.9
202201011347,137.0,1.3
202201011417,122.0,0.9
202201011432,174.0,2.7
202201011445,300.0,1.8
202201011500,155.0,1.8
202201011515,207.0,1.8
202201011530,210.0,1.8
202201011545,106.0,1.3
202201011600,70.0,1.3
202201011615,226.0,0.9
202201011630,116.0,2.2
202201011645,124.0,2.2
202201011700,41.0,2.2
202201011715,179.0,1.8
202201011730,261.0,1.3
202201011745,265.0,2.7
202201011801,122.0,0.9
202201011816,58.0,2.7
202201011831,267.0,2.2
202201011846,178.0,0.9
202201011901,264.0,2.7
202201011917,90.0,2.7
202201011932,342.0,1.8
202201011946,266.0,1.3
202201012030,297.0,1.3
202201012045,143.0,2.2
202201012100,305.0,0.9
202201012115,284.0,0.9
202201012130,146.0,2.2
202201012145,283.0,1.3
202201012200,129.0,1.8
202201012215,269.0,1.3
202201012231,126.0,0.9
202201012300,123.0,1.8
202201012331,300.0,1.3
202201012346,301.0,0.4
202201020001,307.0,1.3
202201020016,105.0,1.3
202201020031,110.0,3.1
202201020045,70.0,1.8
202201020101,146.0,2.2
202201020117,95.0,2.7
202201020132,283.0,2.7
202201020146,278.0,2.7
202201020202,353.0,2.2
202201020215,293.0,1.8
202201020230,278.0,2.7
202201020245,256.0,1.8
202201020300,45.0,0.9
202201020315,149.0,1.3
202201020330,210.0,1.8
202201020345,47.0,1.8
202201020400,167.0,1.8
202201020415,254.0,1.8
202201020446,217.0,1.8
202201020501,11.0,0.9
202201020531,274.0,1.8
202201020546,200.0,1.3
202201020601,275.0,1.8
202201020616,345.0,1.3
202201020632,143.0,1.8
202201020647,191.0,1.8
202201020715,261.0,2.7
202201020730,85.0,2.2
202201020745,217.0,1.3
202201020800,106.0,1.3
202201020815,179.0,1.8
202201020830,332.0,0.4
202201020845,63.0,0.4
202201020901,,0.0
202201020930,,0.0
202201020946,,0.0
202201021001,33.0,0.4
202201021017,92.0,0.9
202201021030,80.0,0.4
202201021046,180.0,0.4
202201021101,,0.0
202201021116,61.0,1.3
202201021131,225.0,0.4
202201021147,54.0,0.9
202201021200,301.0,0.9
202201021215,18.0,0.4
202201021245,,0.0
202201021315,,0.0
202201021330,,0.0
202201021345,,0.0
202201021401,,0.0
202201021416,,0.0
202201021431,,0.0
202201021445,,0.0
202201021501,264.0,0.4
202201021516,233.0,0.4
202201021531,251.0,0.4
202201021546,,0.0
202201021601,297.0,0.4
202201021616,,0.0
202201021631,317.0,0.4
202201021646,262.0,0.9
202201021702,255.0,1.8
202201021730,,0.0
202201021745,272.0,0.4
202201021800,276.0,0.4
202201021815,239.0,0.9
202201021830,244.0,0.4
202201021845,258.0,0.4
202201021900,,0.0
202201021930,,0.0
202201021945,,0.0
202201022000,307.0,0.4
202201022015,191.0,0.4
202201022030,,0.0
202201022045,,0.0
202201022101,,0.0
202201022116,,0.0
202201022130,,0.0
202201022146,,0.0
202201022201,,0.0
202201022216,,0.0
202201022231,,0.0
202201022246,,0.0
202201022301,,0.0
202201022316,269.0,0.4
202201022331,,0.0
202201022347,,0.0
202201030001,265.0,0.4
202201030018,,0.0
202201030030,,0.0
202201030045,,0.0
202201030100,,0.0
202201030115,,0.0
202201030130,,0.0
202201030145,,0.0
202201030200,,0.0
202201030215,,0.0
202201030230,,0.0
202201030245,,0.0
202201030300,,0.0
202201030315,,0.0
202201030330,,0.0
202201030345,,0.0
202201030400,,0.0
202201030416,65.0,0.4
202201030431,,0.0
202201030445,,0.0
202201030501,,0.0
202201030516,,0.0
202201030531,,0.0
202201030547,266.0,0.9
202201030601,,0.0
202201030616,224.0,0.4
202201030645,,0.0
202201030700,221.0,0.4
202201030715,18.0,0.4
202201030745,,0.0
202201030800,,0.0
202201030815,,0.0
202201030830,97.0,0.9
202201030846,214.0,1.3
202201030901,86.0,2.2
202201030931,295.0,2.2
202201031000,224.0,2.7
202201031030,143.0,0.9
202201031045,146.0,2.7
202201031101,91.0,4.5
202201031115,212.0,2.2
202201031131,139.0,2.2
202201031146,233.0,2.2
202201031202,233.0,2.7
202201031216,274.0,3.1
202201031231,266.0,1.8
202201031246,195.0,2.7
202201031300,203.0,0.9
202201031330,224.0,2.7
202201031345,166.0,1.8
202201031400,87.0,0.9
202201031415,143.0,0.9
202201031430,192.0,0.9
202201031446,261.0,3.6
202201031501,224.0,1.8
202201031531,141.0,2.7
202201031546,195.0,1.8
202201031603,264.0,2.7
202201031617,238.0,3.6
202201031645,195.0,0.9
202201031700,65.0,1.3
202201031715,111.0,2.7
202201031730,271.0,1.3
202201031745,267.0,2.2
202201031800,205.0,2.2
202201031816,,0.0
202201031831,160.0,0.9
202201031845,260.0,0.4
202201031901,216.0,0.9
202201031916,245.0,1.8
202201031931,77.0,0.4
202201031946,298.0,0.9
202201032002,217.0,0.9
202201032017,,0.0
202201032032,,0.0
202201032046,105.0,1.3
202201032102,128.0,0.4
202201032117,98.0,0.9
202201032130,103.0,0.4
202201032145,289.0,0.9
202201032200,255.0,0.4
202201032215,279.0,0.4
202201032230,269.0,0.4
202201032245,231.0,1.3
202201032300,274.0,0.9
202201032315,269.0,1.3
202201032331,,0.0
202201032345,270.0,0.4
202201040000,,0.0
202201040015,163.0,0.4
202201040031,288.0,0.4
202201040045,,0.0
202201040101,266.0,0.4
202201040116,276.0,0.4
202201040131,,0.0
202201040147,,0.0
202201040200,,0.0
202201040215,,0.0
202201040230,,0.0
202201040245,,0.0
202201040300,,0.0
202201040315,,0.0
202201040330,266.0,0.4
202201040345,260.0,0.4
202201040400,,0.0
202201040415,,0.0
202201040431,,0.0
202201040446,,0.0
202201040531,,0.0
202201040546,,0.0
202201040602,,0.0
202201040616,,0.0
202201040631,,0.0
202201040648,,0.0
202201040700,,0.0
202201040731,,0.0
202201040800,,0.0
202201040815,,0.0
202201040830,,0.0
202201040845,,0.0
202201040915,,0.0
202201040931,,0.0
202201040946,,0.0
202201041001,,0.0
202201041016,,0.0
202201041031,,0.0
202201041046,,0.0
202201041101,,0.0
202201041116,,0.0
202201041131,,0.0
202201041145,,0.0
202201041200,,0.0
202201041215,,0.0
202201041230,,0.0
202201041245,,0.0
202201041300,,0.0
202201041331,,0.0
202201041345,,0.0
202201041401,226.0,0.4
202201041416,,0.0
202201041431,,0.0
202201041446,226.0,0.9
202201041501,120.0,0.4
202201041516,171.0,0.9
202201041531,254.0,0.9
202201041545,207.0,0.4
202201041600,153.0,0.4
202201041615,129.0,0.9
202201041630,283.0,0.9
202201041645,139.0,0.4
202201041700,134.0,1.3
202201041715,171.0,0.4
202201041730,267.0,0.4
202201041800,136.0,0.4
202201041816,261.0,1.3
202201041831,289.0,1.3
202201041846,310.0,0.9
202201041902,213.0,0.9
202201041931,186.0,0.4
202201041947,,0.0
202201042001,132.0,1.3
202201042015,115.0,0.9
202201042030,63.0,0.9
202201042045,117.0,0.4
202201042100,268.0,1.3
202201042115,298.0,1.8
202201042130,276.0,0.9
202201042145,276.0,0.9
202201042200,,0.0
202201042215,,0.0
202201042230,,0.0
202201042245,248.0,0.4
202201042300,,0.0
202201042315,252.0,0.4
202201042330,,0.0
202201042346,,0.0
202201050000,,0.0
202201050015,,0.0
202201050031,286.0,0.4
202201050046,277.0,0.4
202201050101,,0.0
202201050131,,0.0
202201050147,,0.0
202201050201,,0.0
202201050216,,0.0
202201050231,,0.0
202201050300,54.0,0.4
202201050315,286.0,0.4
202201050330,,0.0
202201050345,,0.0
202201050400,,0.0
202201050415,163.0,0.4
202201050430,124.0,0.4
202201050445,,0.0
202201050500,,0.0
202201050515,,0.0
202201050530,,0.0
202201050546,,0.0
202201050601,,0.0
202201050616,,0.0
202201050631,,0.0
202201050646,,0.0
202201050702,,0.0
202201050717,150.0,0.4
202201050731,232.0,0.4
202201050800,249.0,0.4
202201050815,30.0,0.4
202201050845,283.0,0.4
202201050900,198.0,0.4
202201050916,89.0,0.4
202201050930,287.0,0.4
202201051001,203.0,1.8
202201051017,265.0,1.3
202201051031,125.0,1.3
202201051047,,0.0
202201051101,165.0,0.9
202201051117,193.0,0.9
202201051130,214.0,1.3
202201051145,193.0,1.3
202201051200,97.0,0.9
202201051215,205.0,1.8
202201051230,,0.0
202201051245,255.0,0.9
202201051300,241.0,0.9
202201051315,255.0,0.4
202201051330,227.0,0.4
202201051345,257.0,0.4
202201051401,158.0,0.4
202201051416,131.0,0.4
202201051430,313.0,0.4
202201051445,325.0,0.9
202201051501,213.0,0.9
202201051516,219.0,0.4
202201051531,209.0,0.4
202201051547,146.0,1.3
202201051600,255.0,0.9
202201051615,248.0,1.8
202201051630,140.0,0.4
202201051645,207.0,0.9
202201051700,253.0,0.9
202201051715,274.0,1.3
202201051730,240.0,0.4
202201051746,197.0,0.9
202201051801,220.0,1.8
202201051815,158.0,1.3
202201051831,283.0,0.9
202201051846,233.0,1.3
202201051901,205.0,2.7
202201051917,259.0,0.9
202201051932,212.0,0.9
202201051946,84.0,0.4
202201052001,131.0,0.9
202201052015,103.0,0.9
202201052030,196.0,1.3
202201052045,201.0,0.4
202201052100,122.0,0.4
202201052115,259.0,2.2
202201052130,217.0,2.2
202201052146,220.0,1.8
202201052200,245.0,0.9
202201052215,,0.0
202201052230,283.0,0.4
202201052245,,0.0
202201052301,237.0,0.4
202201052316,,0.0
202201052331,,0.0
202201052346,,0.0
202201060000,,0.0
202201060046,,0.0
202201060101,276.0,0.4
202201060115,,0.0
202201060132,234.0,1.3
202201060147,271.0,0.4
202201060201,265.0,0.4
202201060217,32.0,0.4
202201060232,50.0,0.9
202201060246,234.0,0.9
202201060303,269.0,0.4
202201060317,,0.0
202201060330,262.0,0.4
202201060345,269.0,0.4
202201060400,287.0,0.4
202201060415,,0.0
202201060446,63.0,0.4
202201060501,348.0,0.4
202201060530,,0.0
202201060546,89.0,0.4
202201060600,304.0,0.4
202201060616,173.0,0.4
202201060630,214.0,0.4
202201060646,186.0,0.4
202201060701,201.0,1.3
202201060716,110.0,0.4
202201060731,,0.0
202201060746,,0.0
202201060801,,0.0
202201060830,,0.0
202201060846,245.0,0.4
202201060900,128.0,0.4
202201060915,171.0,0.4
202201060930,184.0,1.3
202201060945,45.0,0.9
202201061000,,0.0
202201061015,214.0,0.9
202201061030,,0.0
202201061045,128.0,0.9
202201061100,274.0,0.4
202201061116,307.0,1.8
202201061130,262.0,1.8
202201061146,260.0,1.3
202201061216,162.0,0.9
202201061231,222.0,1.8
202201061246,257.0,0.4
202201061301,,0.0
202201061315,,0.0
202201061332,,0.0
202201061346,,0.0
202201061401,133.0,0.9
202201061416,144.0,0.9
202201061445,130.0,0.9
202201061500,134.0,0.9
202201061515,127.0,0.4
202201061530,,0.0
202201061545,154.0,0.4
202201061600,82.0,1.3
202201061616,136.0,1.3
202201061645,293.0,0.9
202201061701,151.0,0.4
202201061715,287.0,0.4
202201061731,121.0,0.4
202201061746,,0.0
202201061801,271.0,0.4
202201061831,98.0,0.4
202201061846,,0.0
202201061903,117.0,1.3
202201061918,298.0,0.9
202201061931,200.0,0.4
202201061945,221.0,0.9
202201062000,296.0,0.4
202201062015,,0.0
202201062030,,0.0
202201062045,,0.0
202201062100,,0.0
202201062115,,0.0
202201062130,,0.0
202201062145,,0.0
202201062200,,0.0
202201062216,,0.0
202201062246,288.0,0.4
202201062301,153.0,0.4
202201062315,168.0,0.9
202201062331,238.0,0.9
202201062346,225.0,0.4
202201070001,,0.0
202201070016,95.0,0.4
202201070031,116.0,0.4
202201070047,80.0,0.9
202201070101,62.0,0.9
202201070116,260.0,0.4
202201070130,295.0,3.6
202201070145,274.0,0.9
202201070215,259.0,1.8
202201070245,280.0,1.8
202201070300,213.0,0.4
202201070315,243.0,0.9
202201070331,264.0,1.8
202201070346,303.0,4.0
202201070400,273.0,2.7
202201070416,253.0,2.7
202201070431,231.0,1.3
202201070445,264.0,1.3
202201070501,304.0,3.6
202201070515,149.0,3.1
202201070531,221.0,2.2
202201070546,189.0,1.3
202201070600,255.0,2.7
202201070615,78.0,1.3
202201070630,300.0,1.8
202201070646,219.0,1.3
202201070700,77.0,0.9
202201070715,226.0,0.9
202201070731,141.0,0.4
202201070746,65.0,1.3
202201070801,128.0,1.3
202201070815,238.0,1.3
202201070833,,0.0
202201070901,199.0,1.3
202201070916,,0.0
202201070931,,0.0
202201070947,48.0,0.9
202201071002,257.0,0.4
202201071015,111.0,0.4
202201071030,136.0,0.4
202201071100,246.0,0.4
202201071115,192.0,0.4
202201071146,,0.0
202201071200,250.0,0.9
202201071216,274.0,0.4
202201071230,102.0,0.4
202201071245,,0.0
202201071300,,0.0
202201071315,,0.0
202201071331,,0.0
202201071346,128.0,0.4
202201071401,,0.0
202201071417,,0.0
202201071431,126.0,0.4
202201071446,,0.0
202201071500,156.0,0.9
202201071515,,0.0
202201071530,,0.0
202201071545,,0.0
202201071600,143.0,0.9
202201071616,119.0,0.9
202201071630,229.0,1.3
202201071645,158.0,0.9
202201071701,235.0,0.9
202201071717,135.0,0.4
202201071731,163.0,0.4
202201071746,105.0,0.9
202201071800,183.0,0.9
202201071832,266.0,2.2
202201071845,243.0,2.2
202201071900,283.0,1.8
202201071915,247.0,3.6
202201071945,18.0,0.4
202201072000,252.0,0.4
202201072017,,0.0
202201072032,,0.0
202201072047,229.0,0.4
202201072101,160.0,0.9
202201072115,236.0,0.4
202201072130,244.0,0.4
202201072145,285.0,0.9
202201072200,,0.0
202201072215,,0.0
202201072230,275.0,0.4
202201072246,,0.0
202201072300,,0.0
202201072316,,0.0
202201072332,,0.0
202201072345,,0.0
202201080000,,0.0
202201080016,,0.0
202201080031,,0.0
202201080045,,0.0
202201080100,,0.0
202201080115,,0.0
202201080130,,0.0
202201080146,,0.0
202201080201,247.0,0.4
202201080218,,0.0
202201080230,,0.0
202201080301,,0.0
202201080315,,0.0
202201080330,,0.0
202201080346,,0.0
202201080401,,0.0
202201080415,,0.0
202201080431,,0.0
202201080446,,0.0
202201080500,,0.0
202201080515,,0.0
202201080530,,0.0
202201080545,,0.0
202201080600,,0.0
202201080615,,0.0
202201080631,162.0,0.4
202201080645,282.0,0.4
202201080701,,0.0
202201080716,,0.0
202201080731,,0.0
202201080746,,0.0
202201080802,,0.0
202201080816,,0.0
202201080830,274.0,0.4
202201080845,,0.0
202201080900,,0.0
202201080915,264.0,0.4
202201080930,,0.0
202201080946,,0.0
202201081000,,0.0
202201081015,,0.0
202201081031,,0.0
202201081045,,0.0
202201081101,,0.0
202201081116,,0.0
202201081130,,0.0
202201081146,,0.0
202201081201,,0.0
202201081216,,0.0
202201081232,,0.0
202201081246,,0.0
202201081300,,0.0
202201081315,,0.0
202201081330,242.0,0.4
202201081345,,0.0
202201081400,130.0,0.4
202201081415,,0.0
202201081431,158.0,0.4
202201081446,117.0,1.3
202201081501,128.0,0.4
202201081515,190.0,0.4
202201081531,238.0,0.4
202201081546,295.0,0.4
202201081601,127.0,0.4
202201081617,131.0,1.8
202201081632,249.0,0.9
202201081647,131.0,0.9
202201081701,166.0,1.8
202201081716,236.0,0.4
202201081732,178.0,0.4
202201081745,155.0,0.4
202201081800,224.0,0.4
202201081815,132.0,0.4
202201081830,155.0,1.3
202201081845,204.0,0.9
202201081900,179.0,0.9
202201081915,237.0,0.9
202201081930,157.0,1.3
202201081945,295.0,1.3
202201082000,212.0,1.8
202201082016,141.0,0.4
202201082031,146.0,0.9
202201082046,,0.0
202201082101,145.0,0.9
202201082132,214.0,0.4
202201082201,,0.0
202201082216,256.0,0.4
202201082231,,0.0
202201082246,,0.0
202201082301,,0.0
202201082318,,0.0
202201082330,,0.0
202201082345,,0.0
202201090000,,0.0
202201090015,,0.0
202201090030,,0.0
202201090045,,0.0
202201090100,,0.0
202201090115,268.0,0.4
202201090131,,0.0
202201090145,,0.0
202201090215,,0.0
202201090230,276.0,0.4
202201090246,272.0,0.4
202201090301,,0.0
202201090316,,0.0
202201090330,,0.0
202201090345,139.0,0.4
202201090400,,0.0
202201090415,,0.0
202201090432,229.0,0.4
202201090446,167.0,0.4
202201090501,70.0,0.9
202201090516,151.0,0.4
202201090531,,0.0
202201090600,82.0,0.4
202201090615,,0.0
202201090630,,0.0
202201090645,,0.0
202201090700,,0.0
202201090716,,0.0
202201090745,,0.0
202201090801,,0.0
202201090816,,0.0
202201090831,345.0,0.9
202201090845,160.0,0.4
202201090901,315.0,0.9
202201090916,,0.0
202201090931,273.0,0.4
202201090945,199.0,0.4
202201090946,323.0,0.4
202201091000,,0.0
202201091015,,0.0
202201091030,314.0,0.4
202201091045,309.0,0.4
202201091100,307.0,0.9
202201091115,330.0,1.3
202201091130,285.0,1.3
202201091146,105.0,0.9
202201091200,63.0,1.3
202201091216,122.0,0.9
202201091231,47.0,0.9
202201091246,346.0,0.9
202201091302,118.0,0.9
202201091316,89.0,0.9
202201091332,136.0,0.9
202201091347,143.0,1.3
202201091400,147.0,0.4
202201091415,248.0,0.4
202201091430,118.0,0.4
202201091445,194.0,0.9
202201091500,166.0,0.9
202201091515,355.0,1.3
202201091531,147.0,2.2
202201091545,302.0,0.4
202201091600,323.0,1.3
202201091615,155.0,0.9
202201091630,116.0,1.8
202201091646,131.0,1.8
202201091701,162.0,1.8
202201091717,134.0,1.3
202201091731,78.0,0.9
202201091746,207.0,1.3
202201091801,316.0,2.2
202201091845,195.0,2.2
202201091900,265.0,1.3
202201091915,226.0,2.2
202201091930,340.0,2.2
202201092000,342.0,2.2
202201092031,284.0,2.2
202201092046,35.0,1.3
202201092101,120.0,0.4
202201092115,305.0,1.3
202201092130,30.0,0.4
202201092146,,0.0
202201092201,,0.0
202201092216,,0.0
202201092232,,0.0
202201092246,,0.0
202201092301,,0.0
202201092316,,0.0
202201092347,,0.0
202201100001,,0.0
202201100016,,0.0
202201100031,,0.0
202201100046,,0.0
202201100100,,0.0
202201100115,,0.0
202201100130,,0.0
202201100145,,0.0
202201100200,65.0,0.4
202201100215,,0.0
202201100230,41.0,0.4
202201100245,84.0,0.4
202201100300,,0.0
202201100315,,0.0
202201100330,,0.0
202201100345,103.0,0.4
202201100400,282.0,0.4
202201100415,,0.0
202201100431,297.0,0.9
202201100445,277.0,0.4
202201100501,,0.0
202201100515,,0.0
202201100547,160.0,0.9
202201100600,129.0,0.4
202201100616,,0.0
202201100632,,0.0
202201100645,,0.0
202201100700,226.0,0.4
202201100715,25.0,0.4
202201100731,123.0,0.9
202201100745,,0.0
202201100800,,0.0
202201100816,158.0,0.4
202201100831,119.0,0.4
202201100846,,0.0
202201100915,158.0,0.4
202201100930,,0.0
202201100945,,0.0
202201101000,,0.0
202201101045,,0.0
202201101100,191.0,1.3
202201101115,115.0,0.9
202201101130,238.0,0.9
202201101145,166.0,0.4
202201101201,104.0,0.9
202201101215,130.0,0.4
202201101231,,0.0
202201101246,,0.0
202201101301,,0.0
202201101332,,0.0
202201101345,152.0,0.4
202201101400,51.0,0.4
202201101415,239.0,0.4
202201101430,160.0,0.4
202201101445,131.0,0.9
202201101500,231.0,0.9
202201101515,188.0,0.4
202201101530,273.0,1.3
202201101602,245.0,1.3
202201101616,245.0,0.4
202201101632,262.0,0.4
202201101645,269.0,1.3
202201101700,145.0,0.9
202201101715,273.0,1.8
202201101730,316.0,0.9
202201101745,216.0,1.8
202201101801,247.0,1.3
202201101815,131.0,1.8
202201101830,230.0,1.8
202201101846,189.0,2.2
202201101902,285.0,1.3
202201101915,202.0,1.3
202201101930,247.0,1.3
202201101945,274.0,1.8
202201102000,266.0,1.8
202201102015,239.0,2.7
202201102031,281.0,2.2
202201102101,37.0,2.2
202201102115,116.0,0.4
202201102131,254.0,1.8
202201102146,238.0,1.8
202201102217,311.0,1.8
202201102246,243.0,0.4
202201102300,245.0,0.9
202201102315,,0.0
202201110000,,0.0
202201110030,79.0,0.9
202201110046,29.0,0.4
202201110100,238.0,0.4
202201110115,,0.0
202201110131,125.0,0.9
202201110146,271.0,0.9
202201110202,141.0,1.3
202201110215,158.0,1.3
202201110230,285.0,1.3
202201110245,163.0,0.9
202201110300,228.0,0.9
202201110315,287.0,0.9
202201110331,92.0,0.9
202201110347,184.0,0.9
202201110400,140.0,0.9
202201110416,237.0,0.4
202201110432,226.0,0.4
202201110500,,0.0
202201110530,172.0,0.9
202201110546,,0.0
202201110600,139.0,0.4
202201110616,,0.0
202201110630,,0.0
202201110645,188.0,0.9
202201110701,,0.0
202201110716,220.0,0.9
202201110731,250.0,0.4
202201110801,,0.0
202201110816,255.0,0.4
202201110831,,0.0
202201110847,,0.0
202201110900,,0.0
202201110901,,0.0
202201110930,,0.0
202201110945,285.0,0.4
202201111000,,0.0
202201111015,,0.0
202201111030,,0.0
202201111045,,0.0
202201111100,,0.0
202201111115,,0.0
202201111131,,0.0
202201111146,,0.0
202201111200,,0.0
202201111215,,0.0
202201111231,,0.0
202201111247,276.0,0.4
202201111301,,0.0
202201111316,,0.0
202201111345,,0.0
202201111400,240.0,0.4
202201111415,,0.0
202201111445,229.0,0.4
202201111500,140.0,0.4
202201111515,,0.0
202201111530,172.0,0.4
202201111546,299.0,0.9
202201111601,169.0,0.4
202201111616,131.0,1.3
202201111631,143.0,0.4
202201111645,137.0,1.3
202201111700,125.0,0.4
202201111716,111.0,0.9
202201111731,230.0,0.4
202201111746,94.0,1.8
202201111802,268.0,1.3
202201111816,270.0,0.9
202201111830,153.0,0.9
202201111845,140.0,1.3
202201111900,12.0,0.4
202201111915,147.0,1.3
202201111930,91.0,0.4
202201112000,140.0,1.3
202201112015,257.0,1.3
202201112030,171.0,1.3
202201112046,123.0,0.4
202201112101,153.0,0.4
202201112130,134.0,0.9
202201112145,135.0,0.4
202201112201,136.0,0.4
202201112215,264.0,0.4
202201112247,,0.0
202201112301,,0.0
202201112316,,0.0
202201112331,262.0,0.4
202201112346,,0.0
202201120002,,0.0
202201120018,,0.0
202201120031,,0.0
202201120045,,0.0
202201120046,,0.0
202201120100,,0.0
202201120115,,0.0
202201120130,,0.0
202201120145,,0.0
202201120200,263.0,0.4
202201120215,267.0,0.4
202201120230,225.0,0.4
202201120245,,0.0
202201120300,,0.0
202201120315,,0.0
202201120331,,0.0
202201120346,260.0,0.4
202201120401,,0.0
202201120415,,0.0
202201120430,,0.0
202201120445,,0.0
202201120500,,0.0
202201120515,,0.0
202201120530,270.0,0.4
202201120546,,0.0
202201120603,,0.0
202201120616,,0.0
202201120631,,0.0
202201120700,,0.0
202201120715,259.0,0.4
202201120730,280.0,0.4
202201120745,268.0,0.4
202201120800,,0.0
202201120815,,0.0
202201120830,,0.0
202201120845,,0.0
202201120900,281.0,0.4
202201120916,,0.0
202201120931,275.0,0.4
202201120945,,0.0
202201121001,,0.0
202201121017,,0.0
202201121030,,0.0
202201121045,,0.0
202201121101,,0.0
202201121116,,0.0
202201121131,245.0,0.4
202201121148,,0.0
202201121200,,0.0
202201121215,,0.0
202201121230,270.0,0.4
202201121245,281.0,0.4
202201121300,,0.0
202201121315,,0.0
202201121330,,0.0
202201121345,,0.0
202201121400,,0.0
202201121415,237.0,0.4
202201121430,,0.0
202201121445,,0.0
202201121500,134.0,0.4
202201121516,132.0,0.9
202201121531,155.0,0.4
202201121546,162.0,0.9
202201121600,,0.0
202201121615,,0.0
202201121630,200.0,0.9
202201121645,,0.0
202201121700,163.0,0.4
202201121716,,0.0
202201121730,269.0,0.4
202201121746,165.0,0.9
202201121801,292.0,0.9
202201121816,258.0,0.4
202201121831,295.0,0.9
202201121846,135.0,0.9
202201121901,255.0,0.4
202201121916,82.0,0.4
202201121932,237.0,1.3
202201121946,287.0,0.9
202201122015,226.0,0.9
202201122045,147.0,0.4
202201122100,221.0,1.3
202201122115,267.0,0.4
202201122130,126.0,0.4
202201122145,285.0,0.4
202201122200,205.0,0.4
202201122216,236.0,0.4
202201122230,,0.0
202201122245,69.0,0.4
202201122300,,0.0
202201122315,,0.0
202201122331,253.0,0.4
202201122345,,0.0
202201130001,259.0,0.4
202201130015,,0.0
202201130031,,0.0
202201130045,,0.0
202201130101,259.0,0.4
202201130116,,0.0
202201130132,,0.0
202201130147,,0.0
202201130201,,0.0
202201130215,,0.0
202201130232,,0.0
202201130247,,0.0
202201130315,,0.0
202201130330,,0.0
202201130345,,0.0
202201130400,,0.0
202201130430,,0.0
202201130445,,0.0
202201130515,,0.0
202201130531,,0.0
202201130545,,0.0
202201130600,301.0,0.4
202201130616,284.0,0.9
202201130631,,0.0
202201130645,287.0,0.9
202201130701,,0.0
202201130716,,0.0
202201130731,,0.0
202201130745,,0.0
202201130800,,0.0
202201130815,288.0,0.4
202201130830,,0.0
202201130845,,0.0
202201130900,,0.0
202201130915,268.0,0.4
202201130930,269.0,0.4
202201130946,,0.0
202201131000,,0.0
202201131016,,0.0
202201131032,281.0,0.4
202201131046,,0.0
202201131115,266.0,0.4
202201131130,,0.0
202201131146,,0.0
202201131201,124.0,0.4
202201131231,161.0,0.9
202201131247,197.0,0.4
202201131301,271.0,0.4
202201131315,248.0,0.9
202201131330,,0.0
202201131345,,0.0
202201131400,137.0,0.9
202201131415,,0.0
202201131430,,0.0
202201131445,,0.0
202201131501,,0.0
202201131516,210.0,0.4
202201131530,,0.0
202201131545,,0.0
202201131601,121.0,0.4
202201131616,293.0,0.4
202201131631,191.0,1.8
202201131646,,0.0
202201131701,238.0,1.3
202201131715,231.0,0.4
202201131730,123.0,0.4
202201131745,136.0,0.9
202201131800,198.0,1.8
202201131816,123.0,0.4
202201131830,109.0,0.9
202201131845,,0.0
202201131901,,0.0
202201131930,148.0,0.4
202201131946,,0.0
202201132001,,0.0
202201132016,,0.0
202201132031,278.0,1.3
202201132046,268.0,1.3
202201132101,284.0,0.4
202201132116,,0.0
202201132131,,0.0
202201132146,,0.0
202201132201,,0.0
202201132245,,0.0
202201132300,,0.0
202201132315,,0.0
202201132330,,0.0
202201132345,,0.0
202201140000,,0.0
202201140015,,0.0
202201140030,271.0,0.4
202201140046,297.0,0.9
202201140101,259.0,0.4
202201140117,,0.0
202201140130,,0.0
202201140145,276.0,0.4
202201140200,,0.0
202201140215,244.0,0.4
202201140245,,0.0
202201140300,236.0,0.4
202201140315,,0.0
202201140331,60.0,0.4
202201140346,252.0,1.8
202201140401,,0.0
202201140415,,0.0
202201140431,131.0,0.4
202201140446,233.0,0.4
202201140501,174.0,0.4
202201140516,207.0,0.9
202201140530,176.0,0.9
202201140545,276.0,0.4
202201140600,207.0,0.4
202201140645,288.0,1.8
202201140700,276.0,0.9
202201140715,279.0,0.4
202201140730,,0.0
202201140745,,0.0
202201140801,,0.0
202201140817,,0.0
202201140831,,0.0
202201140846,,0.0
202201140901,,0.0
202201140916,,0.0
202201140931,,0.0
202201141000,,0.0
202201141015,,0.0
202201141030,,0.0
202201141045,,0.0
202201141100,276.0,0.4
202201141115,271.0,0.4
202201141131,,0.0
202201141146,,0.0
202201141200,,0.0
202201141215,,0.0
202201141230,,0.0
202201141246,,0.0
202201141301,,0.0
202201141316,,0.0
202201141331,,0.0
202201141346,,0.0
202201141401,,0.0
202201141417,,0.0
202201141430,,0.0
202201141445,,0.0
202201141500,204.0,0.4
202201141515,146.0,0.4
202201141530,229.0,1.8
202201141545,256.0,1.3
202201141600,128.0,1.8
202201141615,197.0,0.9
202201141630,228.0,0.4
202201141646,154.0,0.4
202201141700,159.0,0.9
202201141716,,0.0
202201141731,114.0,0.9
202201141746,176.0,1.3
202201141801,139.0,0.9
202201141816,108.0,0.9
202201141832,124.0,0.9
202201141845,124.0,1.8
202201141900,131.0,1.3
202201141915,172.0,0.4
202201141930,167.0,0.9
202201141945,160.0,1.3
202201142000,160.0,0.9
202201142015,115.0,0.4
202201142045,238.0,0.4
202201142100,170.0,0.4
202201142115,234.0,0.4
202201142130,,0.0
202201142146,122.0,0.4
202201142200,136.0,0.4
202201142215,,0.0
202201142231,,0.0
202201142246,,0.0
202201142300,,0.0
202201142331,275.0,0.4
202201142346,251.0,0.4
202201150001,,0.0
202201150016,,0.0
202201150032,,0.0
202201150047,,0.0
202201150101,,0.0
202201150116,,0.0
202201150130,,0.0
202201150145,,0.0
202201150200,,0.0
202201150215,,0.0
202201150230,,0.0
202201150245,248.0,0.4
202201150300,,0.0
202201150315,,0.0
202201150330,,0.0
202201150345,,0.0
202201150415,,0.0
202201150430,,0.0
202201150445,,0.0
202201150500,,0.0
202201150515,,0.0
202201150531,,0.0
202201150545,,0.0
202201150601,,0.0
202201150617,,0.0
202201150631,,0.0
202201150646,,0.0
202201150701,,0.0
202201150716,,0.0
202201150731,,0.0
202201150745,,0.0
202201150800,,0.0
202201150815,,0.0
202201150830,,0.0
202201150846,,0.0
202201150900,,0.0
202201150915,,0.0
202201150930,,0.0
202201150945,262.0,0.4
202201151016,,0.0
202201151031,,0.0
202201151046,,0.0
202201151100,,0.0
202201151115,,0.0
202201151131,,0.0
202201151146,,0.0
202201151201,,0.0
202201151215,,0.0
202201151231,,0.0
202201151246,,0.0
202201151316,,0.0
202201151331,,0.0
202201151345,,0.0
202201151400,,0.0
202201151415,,0.0
202201151430,,0.0
202201151445,,0.0
202201151500,147.0,0.9
202201151515,,0.0
202201151530,127.0,0.9
202201151546,124.0,0.4
202201151600,,0.0
202201151615,141.0,0.9
202201151631,,0.0
202201151646,,0.0
202201151701,,0.0
202201151716,,0.0
202201151731,158.0,0.4
202201151747,,0.0
202201151801,155.0,0.4
202201151815,,0.0
202201151832,,0.0
202201151846,,0.0
202201151901,177.0,0.4
202201151917,142.0,0.9
202201151930,130.0,0.9
202201152000,127.0,0.9
202201152015,137.0,0.4
202201152030,129.0,0.4
202201152045,,0.0
202201152100,,0.0
202201152115,127.0,0.9
202201152146,,0.0
202201152200,,0.0
202201152215,,0.0
202201152230,,0.0
202201152245,,0.0
202201152300,,0.0
202201152315,,0.0
202201152331,,0.0
202201152346,,0.0
202201160001,,0.0
202201160017,,0.0
202201160031,,0.0
202201160045,,0.0
202201160100,,0.0
202201160116,,0.0
202201160131,,0.0
202201160146,,0.0
202201160202,,0.0
202201160216,,0.0
202201160231,,0.0
202201160246,,0.0
202201160302,,0.0
202201160315,,0.0
202201160330,,0.0
202201160345,,0.0
202201160400,,0.0
202201160415,,0.0
202201160430,,0.0
202201160445,,0.0
202201160515,,0.0
202201160530,,0.0
202201160545,,0.0
202201160600,,0.0
202201160616,,0.0
202201160632,,0.0
202201160646,,0.0
202201160701,,0.0
202201160716,,0.0
202201160731,,0.0
202201160745,,0.0
202201160801,,0.0
202201160816,,0.0
202201160845,,0.0
202201160900,115.0,0.4
202201160915,,0.0
202201160930,149.0,0.4
202201160946,,0.0
202201161001,,0.0
202201161015,,0.0
202201161031,,0.0
202201161046,,0.0
202201161101,,0.0
202201161115,,0.0
202201161130,,0.0
202201161146,,0.0
202201161202,,0.0
202201161216,,0.0
202201161231,,0.0
202201161245,,0.0
202201161300,,0.0
202201161315,,0.0
202201161330,,0.0
202201161345,,0.0
202201161400,,0.0
202201161415,,0.0
202201161431,,0.0
202201161445,,0.0
202201161517,,0.0
202201161531,,0.0
202201161547,,0.0
202201161600,,0.0
202201161617,,0.0
202201161630,,0.0
202201161646,,0.0
202201161702,,0.0
202201161715,,0.0
202201161730,,0.0
202201161745,,0.0
202201161800,,0.0
202201161815,,0.0
202201161830,,0.0
202201161845,,0.0
202201161915,,0.0
202201161930,,0.0
202201161945,,0.0
202201162000,,0.0
202201162016,,0.0
202201162031,,0.0
202201162046,,0.0
202201162101,,0.0
202201162116,,0.0
202201162131,,0.0
202201162146,,0.0
202201162201,,0.0
202201162215,,0.0
202201162231,,0.0
202201162246,,0.0
202201162301,,0.0
202201162316,,0.0
202201162331,,0.0
202201162346,,0.0
202201170002,,0.0
202201170015,,0.0
202201170030,,0.0
202201170045,,0.0
202201170100,,0.0
202201170115,,0.0
202201170130,,0.0
202201170145,,0.0
202201170200,,0.0
202201170215,,0.0
202201170230,,0.0
202201170245,,0.0
202201170300,,0.0
202201170315,,0.0
202201170346,,0.0
202201170400,,0.0
202201170416,,0.0
202201170431,,0.0
202201170501,,0.0
202201170516,,0.0
202201170531,,0.0
202201170546,,0.0
202201170601,,0.0
202201170615,,0.0
202201170630,,0.0
202201170645,,0.0
202201170700,,0.0
202201170731,,0.0
202201170746,,0.0
202201170800,222.0,0.4
202201170815,288.0,0.9
202201170830,,0.0
202201170846,252.0,0.4
202201170900,239.0,0.9
202201170916,268.0,0.4
202201170931,76.0,0.9
202201170947,285.0,0.4
202201171001,,0.0
202201171016,,0.0
202201171031,236.0,0.4
202201171045,256.0,0.4
202201171100,242.0,0.4
202201171115,239.0,0.4
202201171130,240.0,0.9
202201171145,269.0,1.3
202201171200,263.0,1.3
202201171215,264.0,1.3
202201171230,273.0,1.3
202201171246,280.0,3.6
202201171300,245.0,2.7
202201171315,233.0,1.3
202201171331,271.0,1.8
202201171346,264.0,3.1
202201171402,280.0,2.7
202201171416,111.0,2.2
202201171431,115.0,5.4
202201171445,281.0,2.2
202201171500,236.0,4.0
202201171515,174.0,4.5
202201171530,250.0,5.8
202201171545,273.0,7.6
202201171600,265.0,5.4
202201171615,297.0,5.4
202201171631,278.0,4.0
202201171645,248.0,5.4
202201171700,271.0,6.7
202201171731,245.0,2.2
202201171746,259.0,0.9
202201171800,279.0,3.6
202201171815,97.0,0.9
202201171831,94.0,0.4
202201171846,282.0,4.0
202201171902,276.0,1.8
202201171917,257.0,2.2
202201171932,280.0,3.1
202201171945,313.0,4.5
202201171946,295.0,4.0
202201172000,255.0,5.8
202201172045,238.0,6.3
202201172100,175.0,5.4
202201172115,243.0,3.6
202201172130,8.0,1.8
202201172146,283.0,3.6
202201172200,251.0,3.6
202201172231,285.0,4.9
202201172246,279.0,3.6
202201172301,238.0,3.6
202201172316,274.0,3.6
202201172330,268.0,6.7
202201172347,231.0,2.7
202201180001,56.0,1.8
202201180017,278.0,2.2
202201180031,72.0,1.8
202201180047,254.0,2.2
202201180101,223.0,1.3
202201180130,247.0,3.6
202201180145,76.0,1.8
202201180215,243.0,2.2
202201180230,263.0,2.7
202201180246,263.0,4.5
202201180300,250.0,1.8
202201180315,247.0,4.5
202201180331,257.0,4.5
202201180346,247.0,3.1
202201180400,238.0,2.2
202201180416,263.0,1.8
202201180431,247.0,2.2
202201180447,311.0,1.8
202201180500,151.0,1.3
202201180516,121.0,0.9
202201180546,,0.0
202201180601,133.0,0.9
202201180630,132.0,0.4
202201180645,,0.0
202201180700,47.0,0.4
202201180715,,0.0
202201180730,,0.0
202201180745,,0.0
202201180801,,0.0
202201180816,132.0,0.4
202201180830,,0.0
202201180847,,0.0
202201180901,,0.0
202201180915,,0.0
202201180931,94.0,0.4
202201180947,,0.0
202201181001,,0.0
202201181016,,0.0
202201181030,,0.0
202201181045,,0.0
202201181100,,0.0
202201181115,,0.0
202201181130,,0.0
202201181145,,0.0
202201181200,,0.0
202201181216,,0.0
202201181231,,0.0
202201181245,,0.0
202201181300,,0.0
202201181316,,0.0
202201181330,,0.0
202201181346,,0.0
202201181402,,0.0
202201181416,,0.0
202201181431,,0.0
202201181445,,0.0
202201181500,,0.0
202201181515,129.0,0.4
202201181530,,0.0
202201181546,96.0,0.4
202201181600,139.0,0.4
202201181616,144.0,0.9
202201181631,135.0,0.4
202201181645,125.0,1.3
202201181701,107.0,1.3
202201181716,155.0,0.9
202201181732,134.0,1.8
202201181747,141.0,0.9
202201181802,113.0,0.4
202201181816,,0.0
202201181845,124.0,0.4
202201181900,139.0,0.4
202201181915,150.0,0.4
202201181930,146.0,0.4
202201181945,,0.0
202201182000,165.0,0.4
202201182031,136.0,0.4
202201182045,233.0,0.4
202201182115,286.0,0.4
202201182131,293.0,0.4
202201182146,288.0,0.4
202201182201,,0.0
202201182215,292.0,0.4
202201182231,,0.0
202201182245,,0.0
202201182301,,0.0
202201182317,,0.0
202201182331,,0.0
202201182346,,0.0
202201190001,,0.0
202201190016,,0.0
202201190032,,0.0
202201190100,,0.0
202201190115,,0.0
202201190130,,0.0
202201190145,,0.0
202201190200,,0.0
202201190215,,0.0
202201190245,,0.0
202201190300,,0.0
202201190315,,0.0
202201190331,,0.0
202201190346,,0.0
202201190402,,0.0
202201190415,,0.0
202201190430,,0.0
202201190445,,0.0
202201190501,,0.0
202201190516,,0.0
202201190531,,0.0
202201190601,,0.0
202201190616,,0.0
202201190645,,0.0
202201190700,,0.0
202201190715,,0.0
202201190730,,0.0
202201190745,,0.0
202201190800,,0.0
202201190815,,0.0
202201190830,,0.0
202201190845,,0.0
202201190900,,0.0
202201190915,,0.0
202201190931,91.0,0.4
202201190946,293.0,0.4
202201191001,6.0,0.4
202201191015,311.0,0.9
202201191032,281.0,0.4
202201191046,165.0,1.3
202201191100,234.0,1.3
202201191115,245.0,0.9
202201191130,272.0,0.4
202201191145,,0.0
202201191200,,0.0
202201191215,,0.0
202201191230,,0.0
202201191245,308.0,0.9
202201191315,211.0,0.4
202201191330,72.0,0.4
202201191345,,0.0
202201191401,,0.0
202201191416,,0.0
202201191430,,0.0
202201191445,,0.0
202201191501,,0.0
202201191516,173.0,0.4
202201191531,,0.0
202201191546,125.0,0.9
202201191602,105.0,0.9
202201191616,107.0,0.9
202201191630,,0.0
202201191645,148.0,0.9
202201191715,113.0,0.4
202201191730,,0.0
202201191745,113.0,0.4
202201191800,72.0,0.9
202201191815,306.0,0.9
202201191830,180.0,0.4
202201191845,140.0,0.9
202201191901,317.0,0.9
202201191916,256.0,0.4
202201191931,227.0,0.4
202201192001,,0.0
202201192016,247.0,1.3
202201192032,53.0,1.3
202201192102,96.0,0.4
202201192116,130.0,0.4
202201192130,161.0,0.4
202201192145,105.0,0.9
202201192200,,0.0
202201192215,,0.0
202201192230,,0.0
202201192245,,0.0
202201192301,,0.0
202201192315,,0.0
202201192330,,0.0
202201192346,,0.0
202201200000,,0.0
202201200015,,0.0
202201200031,275.0,0.4
202201200045,,0.0
202201200100,,0.0
202201200115,282.0,0.4
202201200130,,0.0
202201200146,,0.0
202201200201,,0.0
202201200231,,0.0
202201200245,,0.0
202201200302,,0.0
202201200315,,0.0
202201200332,,0.0
202201200346,,0.0
202201200401,,0.0
202201200416,,0.0
202201200431,268.0,0.4
202201200500,58.0,0.4
202201200515,25.0,0.4
202201200530,,0.0
202201200545,165.0,0.9
202201200600,273.0,0.9
202201200615,144.0,1.3
202201200630,238.0,0.4
202201200646,146.0,1.3
202201200700,156.0,2.7
202201200716,45.0,1.8
202201200730,65.0,1.3
202201200747,142.0,0.9
202201200801,75.0,0.4
202201200816,141.0,0.4
202201200831,321.0,0.4
202201200847,81.0,0.4
202201200900,,0.0
202201200915,,0.0
202201200931,,0.0
202201200945,,0.0
202201201000,285.0,0.4
202201201015,,0.0
202201201030,,0.0
202201201045,,0.0
202201201100,,0.0
202201201115,267.0,0.4
202201201131,266.0,0.4
202201201145,,0.0
202201201201,,0.0
202201201216,,0.0
202201201246,,0.0
202201201301,,0.0
202201201316,,0.0
202201201331,,0.0
202201201346,,0.0
202201201402,,0.0
202201201417,,0.0
202201201430,,0.0
202201201445,,0.0
202201201500,,0.0
202201201515,,0.0
202201201530,,0.0
202201201545,,0.0
202201201600,,0.0
202201201615,,0.0
202201201630,,0.0
202201201645,,0.0
202201201700,,0.0
202201201715,,0.0
202201201745,,0.0
202201201800,,0.0
202201201815,,0.0
202201201830,,0.0
202201201846,,0.0
202201201901,,0.0
202201201916,,0.0
202201201931,,0.0
202201201945,,0.0
202201202000,,0.0
202201202016,,0.0
202201202031,,0.0
202201202045,,0.0
202201202102,,0.0
202201202116,,0.0
202201202131,,0.0
202201202146,,0.0
202201202202,,0.0
202201202217,,0.0
202201202230,,0.0
202201202245,,0.0
202201202300,,0.0
202201202315,,0.0
202201202330,,0.0
202201202345,,0.0
202201210000,131.0,0.4
202201210015,,0.0
202201210031,,0.0
202201210046,,0.0
202201210100,,0.0
202201210115,,0.0
202201210130,,0.0
202201210145,,0.0
202201210200,,0.0
202201210217,,0.0
202201210232,,0.0
202201210246,,0.0
202201210301,,0.0
202201210317,,0.0
202201210330,,0.0
202201210331,,0.0
202201210345,,0.0
202201210400,,0.0
202201210415,,0.0
202201210430,,0.0
202201210445,,0.0
202201210500,,0.0
202201210515,,0.0
202201210530,,0.0
202201210545,160.0,0.4
202201210600,,0.0
202201210616,,0.0
202201210631,,0.0
202201210646,,0.0
202201210701,,0.0
202201210717,134.0,0.4
202201210732,,0.0
202201210746,,0.0
202201210800,,0.0
202201210830,,0.0
202201210845,,0.0
202201210900,127.0,0.4
202201210915,,0.0
202201210930,,0.0
202201210945,,0.0
202201211001,,0.0
202201211016,,0.0
202201211030,,0.0
202201211046,,0.0
202201211100,,0.0
202201211116,,0.0
202201211131,,0.0
202201211146,,0.0
202201211201,,0.0
202201211216,,0.0
202201211231,,0.0
202201211246,,0.0
202201211302,,0.0
202201211315,,0.0
202201211330,,0.0
202201211345,,0.0
202201211400,153.0,0.4
202201211415,113.0,0.9
202201211430,,0.0
202201211445,,0.0
202201211500,,0.0
202201211515,127.0,0.4
202201211531,,0.0
202201211545,121.0,0.9
202201211615,128.0,0.4
202201211631,131.0,0.9
202201211645,132.0,0.4
202201211700,126.0,0.4
202201211716,159.0,0.4
202201211731,,0.0
202201211746,,0.0
202201211816,141.0,0.4
202201211831,129.0,0.4
202201211846,,0.0
202201211901,152.0,0.4
202201211932,125.0,0.4
202201211945,,0.0
202201212000,,0.0
202201212015,,0.0
202201212030,,0.0
202201212045,,0.0
202201212100,,0.0
202201212115,,0.0
202201212130,,0.0
202201212145,,0.0
202201212200,,0.0
202201212216,,0.0
202201212245,,0.0
202201212300,,0.0
202201212315,,0.0
202201212330,,0.0
202201212345,,0.0
202201220001,,0.0
202201220015,,0.0
202201220030,,0.0
202201220045,,0.0
202201220101,,0.0
202201220116,,0.0
202201220130,,0.0
202201220146,,0.0
202201220201,,0.0
202201220216,,0.0
202201220248,,0.0
202201220301,,0.0
202201220315,,0.0
202201220330,,0.0
202201220345,,0.0
202201220400,,0.0
202201220415,,0.0
202201220430,,0.0
202201220445,,0.0
202201220500,,0.0
202201220515,,0.0
202201220530,,0.0
202201220545,,0.0
202201220600,,0.0
202201220615,,0.0
202201220630,,0.0
202201220646,,0.0
202201220701,,0.0
202201220715,,0.0
202201220731,,0.0
202201220801,,0.0
202201220816,,0.0
202201220831,,0.0
202201220846,,0.0
202201220901,,0.0
202201220916,,0.0
202201220930,,0.0
202201221000,,0.0
202201221015,,0.0
202201221030,,0.0
202201221100,,0.0
202201221115,,0.0
202201221130,,0.0
202201221231,,0.0
202201221246,,0.0
202201221304,,0.0
202201221316,,0.0
202201221331,,0.0
202201221346,,0.0
202201221401,,0.0
202201221430,,0.0
202201221445,,0.0
202201221500,,0.0
202201221530,134.0,0.9
202201221600,,0.0
202201221615,203.0,0.4
202201221630,118.0,0.9
202201221646,,0.0
202201221700,,0.0
202201221715,157.0,1.3
202201221731,134.0,1.3
202201221746,,0.0
202201221800,,0.0
202201221816,174.0,0.4
202201221832,229.0,0.4
202201221846,214.0,0.4
202201221903,158.0,0.4
202201221916,132.0,0.4
202201221931,134.0,0.4
202201221948,127.0,0.4
202201222001,56.0,0.4
202201222015,,0.0
202201222030,,0.0
202201222045,,0.0
202201222115,,0.0
202201222130,141.0,0.4
202201222145,,0.0
202201222200,,0.0
202201222216,,0.0
202201222231,,0.0
202201222300,,0.0
202201222316,,0.0
202201222330,,0.0
202201230001,,0.0
202201230016,,0.0
202201230031,,0.0
202201230046,,0.0
202201230101,,0.0
202201230117,,0.0
202201230131,,0.0
202201230146,,0.0
202201230202,,0.0
202201230215,,0.0
202201230300,,0.0
202201230315,,0.0
202201230330,,0.0
202201230345,,0.0
202201230400,,0.0
202201230415,,0.0
202201230430,,0.0
202201230445,,0.0
202201230500,,0.0
202201230517,,0.0
202201230530,,0.0
202201230601,,0.0
202201230616,,0.0
202201230631,,0.0
202201230646,,0.0
202201230701,,0.0
202201230716,,0.0
202201230730,,0.0
202201230745,,0.0
202201230800,,0.0
202201230815,,0.0
202201230830,,0.0
202201230845,,0.0
202201230900,,0.0
202201230915,,0.0
202201230930,,0.0
202201230945,,0.0
202201231001,,0.0
202201231017,,0.0
202201231046,,0.0
202201231102,,0.0
202201231131,,0.0
202201231146,44.0,0.4
202201231202,,0.0
202201231217,73.0,0.4
202201231245,,0.0
202201231300,,0.0
202201231315,,0.0
202201231330,285.0,0.9
202201231345,,0.0
202201231400,,0.0
202201231415,,0.0
202201231430,176.0,0.4
202201231445,,0.0
202201231501,,0.0
202201231515,,0.0
202201231532,290.0,2.2
202201231546,256.0,1.8
202201231601,125.0,0.9
202201231615,252.0,0.9
202201231630,143.0,1.3
202201231715,110.0,0.4
202201231745,87.0,0.9
202201231800,245.0,1.8
202201231815,117.0,0.4
202201231845,263.0,0.9
202201231900,334.0,0.9
202201231916,181.0,1.3
202201231931,257.0,2.2
202201231946,282.0,1.3
202201232002,291.0,2.2
202201232016,268.0,0.9
202201232032,262.0,0.4
202201232046,,0.0
202201232100,124.0,0.9
202201232115,223.0,0.9
202201232145,,0.0
202201232200,273.0,0.9
202201232215,,0.0
202201232230,,0.0
202201232245,,0.0
202201232300,304.0,0.4
202201232315,264.0,0.4
202201232330,259.0,0.4
202201232345,268.0,0.4
202201240001,,0.0
202201240016,,0.0
202201240030,,0.0
202201240046,,0.0
202201240101,,0.0
202201240116,277.0,0.4
202201240130,,0.0
202201240146,,0.0
202201240201,,0.0
202201240215,,0.0
202201240232,,0.0
202201240247,,0.0
202201240301,,0.0
202201240318,,0.0
202201240332,,0.0
202201240347,141.0,1.3
202201240400,222.0,0.4
202201240415,171.0,0.9
202201240430,287.0,0.4
202201240445,,0.0
202201240500,,0.0
202201240515,,0.0
202201240530,273.0,0.4
202201240545,,0.0
202201240600,249.0,0.4
202201240615,250.0,0.9
202201240631,281.0,1.3
202201240645,249.0,0.9
202201240700,339.0,1.3
202201240716,,0.0
202201240730,156.0,1.3
202201240746,223.0,0.4
202201240801,257.0,2.2
202201240816,157.0,0.9
202201240832,236.0,1.3
202201240900,285.0,0.9
202201240915,97.0,0.4
202201240930,82.0,1.3
202201240946,,0.0
202201241000,,0.0
202201241015,124.0,0.9
202201241030,,0.0
202201241045,251.0,0.9
202201241100,141.0,0.9
202201241116,221.0,0.9
202201241145,,0.0
202201241201,309.0,2.2
202201241216,141.0,1.3
202201241231,125.0,0.4
202201241246,,0.0
202201241300,,0.0
202201241316,,0.0
202201241332,,0.0
202201241347,,0.0
202201241401,228.0,0.4
202201241415,135.0,0.4
202201241445,136.0,0.4
202201241500,137.0,0.4
202201241515,136.0,0.4
202201241530,158.0,0.4
202201241545,153.0,0.9
202201241600,129.0,0.9
202201241615,152.0,0.4
202201241631,134.0,0.9
202201241645,,0.0
202201241700,136.0,0.4
202201241717,134.0,1.3
202201241731,126.0,0.4
202201241746,107.0,0.4
202201241801,220.0,0.9
202201241816,288.0,0.9
202201241831,261.0,0.4
202201241847,174.0,0.4
202201241900,,0.0
202201241915,,0.0
202201241930,100.0,0.4
202201241945,269.0,0.9
202201242015,192.0,0.9
202201242030,162.0,0.4
202201242045,278.0,0.4
202201242100,,0.0
202201242116,,0.0
202201242146,226.0,0.4
202201242201,293.0,0.4
202201242231,,0.0
202201242246,,0.0
202201242302,,0.0
202201242316,,0.0
202201242331,,0.0
202201242346,,0.0
202201250001,,0.0
202201250016,,0.0
202201250031,,0.0
202201250045,274.0,0.4
202201250100,278.0,0.4
202201250115,,0.0
202201250130,,0.0
202201250145,,0.0
202201250200,276.0,0.4
202201250215,85.0,0.4
202201250230,,0.0
202201250245,,0.0
202201250301,,0.0
202201250316,,0.0
202201250330,268.0,0.9
202201250345,261.0,0.9
202201250401,257.0,0.9
202201250416,250.0,0.9
202201250430,232.0,0.9
202201250446,262.0,2.7
202201250500,277.0,0.9
202201250516,274.0,2.2
202201250531,263.0,2.7
202201250548,100.0,0.4
202201250602,,0.0
202201250617,277.0,0.4
202201250630,,0.0
202201250645,,0.0
202201250700,,0.0
202201250715,,0.0
202201250730,252.0,0.4
202201250745,,0.0
202201250800,,0.0
202201250816,,0.0
202201250830,,0.0
202201250845,,0.0
202201250917,,0.0
202201250931,283.0,0.4
202201250946,,0.0
202201251001,,0.0
202201251016,,0.0
202201251031,,0.0
202201251046,309.0,1.3
202201251101,288.0,0.9
202201251116,250.0,0.9
202201251132,,0.0
202201251146,,0.0
202201251201,,0.0
202201251215,,0.0
202201251230,264.0,0.4
202201251300,,0.0
202201251315,,0.0
202201251330,,0.0
202201251345,,0.0
202201251400,,0.0
202201251415,,0.0
202201251430,,0.0
202201251445,,0.0
202201251502,111.0,0.4
202201251516,,0.0
202201251530,,0.0
202201251546,,0.0
202201251601,134.0,0.4
202201251616,145.0,1.3
202201251631,171.0,0.4
202201251646,,0.0
202201251702,129.0,1.3
202201251730,259.0,0.9
202201251745,278.0,1.3
202201251801,273.0,1.8
202201251815,271.0,1.8
202201251830,263.0,0.4
202201251846,277.0,0.4
202201251900,,0.0
202201251915,136.0,0.4
202201251946,220.0,0.4
202201252001,243.0,2.2
202201252016,270.0,3.1
202201252030,,0.0
202201252046,,0.0
202201252100,,0.0
202201252117,,0.0
202201252131,,0.0
202201252146,,0.0
202201252201,,0.0
202201252216,,0.0
202201252246,,0.0
202201252302,,0.0
202201252315,,0.0
202201252330,,0.0
202201252345,,0.0
202201260000,,0.0
202201260015,,0.0
202201260030,,0.0
202201260045,,0.0
202201260101,,0.0
202201260115,,0.0
202201260130,,0.0
202201260146,,0.0
202201260201,275.0,0.4
202201260215,,0.0
202201260230,,0.0
202201260246,,0.0
202201260301,,0.0
202201260317,,0.0
202201260332,114.0,0.4
202201260346,,0.0
202201260401,,0.0
202201260416,,0.0
202201260431,,0.0
202201260500,,0.0
202201260515,,0.0
202201260531,,0.0
202201260600,,0.0
202201260616,,0.0
202201260630,,0.0
202201260645,,0.0
202201260701,,0.0
202201260716,,0.0
202201260731,,0.0
202201260746,,0.0
202201260801,,0.0
202201260831,,0.0
202201260846,,0.0
202201260901,,0.0
202201260917,,0.0
202201260930,,0.0
202201260945,,0.0
202201261000,,0.0
202201261015,,0.0
202201261032,,0.0
202201261045,,0.0
202201261100,,0.0
202201261116,,0.0
202201261130,,0.0
202201261145,,0.0
202201261200,,0.0
202201261215,,0.0
202201261231,,0.0
202201261246,,0.0
202201261301,,0.0
202201261316,,0.0
202201261332,,0.0
202201261345,,0.0
202201261400,154.0,0.4
202201261430,146.0,0.4
202201261500,161.0,0.4
202201261516,133.0,0.9
202201261530,,0.0
202201261545,120.0,0.4
202201261601,153.0,0.4
202201261615,,0.0
202201261630,133.0,0.4
202201261646,132.0,0.4
202201261701,38.0,0.9
202201261716,,0.0
202201261731,155.0,0.9
202201261747,136.0,0.9
202201261801,149.0,1.3
202201261815,131.0,1.3
202201261845,134.0,0.9
202201261900,129.0,0.9
202201261930,156.0,0.4
202201261945,134.0,1.3
202201262000,98.0,0.9
202201262015,142.0,0.4
202201262031,163.0,0.4
202201262045,,0.0
202201262101,210.0,0.9
202201262116,174.0,1.3
202201262130,,0.0
202201262145,,0.0
202201262200,,0.0
202201262216,301.0,0.4
202201262232,,0.0
202201262246,,0.0
202201262301,,0.0
202201262316,,0.0
202201262331,,0.0
202201262346,,0.0
202201270002,,0.0
202201270016,,0.0
202201270030,,0.0
202201270100,,0.0
202201270115,,0.0
202201270131,,0.0
202201270145,,0.0
202201270200,,0.0
202201270215,,0.0
202201270230,,0.0
202201270245,,0.0
202201270301,,0.0
202201270316,,0.0
202201270331,,0.0
202201270346,,0.0
202201270401,,0.0
202201270416,,0.0
202201270431,,0.0
202201270446,,0.0
202201270503,,0.0
202201270516,,0.0
202201270532,278.0,0.4
202201270545,,0.0
202201270600,,0.0
202201270615,,0.0
202201270630,,0.0
202201270645,,0.0
202201270700,,0.0
202201270716,,0.0
202201270730,,0.0
202201270745,,0.0
202201270801,,0.0
202201270816,,0.0
202201270831,,0.0
202201270846,,0.0
202201270900,,0.0
202201270915,,0.0
202201270947,,0.0
202201271001,,0.0
202201271016,,0.0
202201271047,,0.0
202201271101,,0.0
202201271115,,0.0
202201271130,,0.0
202201271145,,0.0
202201271200,,0.0
202201271215,,0.0
202201271230,,0.0
202201271245,,0.0
202201271300,,0.0
202201271315,,0.0
202201271330,,0.0
202201271345,,0.0
202201271401,,0.0
202201271416,,0.0
202201271431,,0.0
202201271446,249.0,0.4
202201271501,4.0,0.9
202201271516,298.0,0.4
202201271531,235.0,1.3
202201271600,304.0,0.4
202201271615,238.0,0.9
202201271630,285.0,0.4
202201271645,163.0,0.4
202201271700,131.0,1.3
202201271715,139.0,0.4
202201271730,143.0,0.4
202201271745,148.0,0.9
202201271801,181.0,0.4
202201271815,221.0,0.4
202201271831,128.0,0.4
202201271846,165.0,0.4
202201271901,,0.0
202201271916,147.0,0.4
202201271931,,0.0
202201271946,203.0,0.4
202201272000,294.0,0.9
202201272015,125.0,0.9
202201272030,299.0,0.4
202201272045,163.0,0.9
202201272100,160.0,0.4
202201272130,130.0,0.9
202201272145,165.0,0.4
202201272200,,0.0
202201272215,165.0,0.4
202201272231,,0.0
202201272246,,0.0
202201272302,,0.0
202201272316,,0.0
202201272331,,0.0
202201272345,,0.0
202201280001,,0.0
202201280017,,0.0
202201280031,,0.0
202201280046,,0.0
202201280102,,0.0
202201280116,,0.0
202201280131,,0.0
202201280146,,0.0
202201280201,,0.0
202201280231,,0.0
202201280245,,0.0
202201280300,,0.0
202201280315,,0.0
202201280330,,0.0
202201280345,,0.0
202201280400,,0.0
202201280415,262.0,0.4
202201280430,,0.0
202201280445,,0.0
202201280515,,0.0
202201280531,,0.0
202201280545,,0.0
202201280601,,0.0
202201280616,,0.0
202201280630,,0.0
202201280701,,0.0
202201280731,,0.0
202201280746,,0.0
202201280803,,0.0
202201280815,,0.0
202201280830,,0.0
202201280845,,0.0
202201280900,,0.0
202201280930,,0.0
202201280946,,0.0
202201281001,,0.0
202201281045,,0.0
202201281100,,0.0
202201281116,,0.0
202201281131,,0.0
202201281146,,0.0
202201281201,,0.0
202201281216,,0.0
202201281232,,0.0
202201281246,,0.0
202201281301,,0.0
202201281315,263.0,0.9
202201281330,285.0,0.4
202201281345,289.0,0.4
202201281400,,0.0
202201281415,244.0,0.4
202201281430,,0.0
202201281445,,0.0
202201281501,248.0,0.4
202201281515,,0.0
202201281530,286.0,1.3
202201281545,276.0,0.4
202201281616,,0.0
202201281630,,0.0
202201281647,,0.0
202201281701,,0.0
202201281715,132.0,0.9
202201281745,253.0,0.9
202201281801,274.0,1.3
202201281815,252.0,0.4
202201281830,101.0,0.4
202201281845,,0.0
202201281900,,0.0
202201281917,,0.0
202201281930,,0.0
202201281945,207.0,1.3
202201282000,274.0,0.4
202201282016,,0.0
202201282031,,0.0
202201282047,,0.0
202201282103,,0.0
202201282116,,0.0
202201282131,231.0,0.9
202201282148,270.0,1.8
202201282201,256.0,2.7
202201282215,261.0,3.1
202201282230,271.0,0.9
202201282300,255.0,0.4
202201282315,300.0,1.3
202201282330,226.0,1.3
202201282345,236.0,0.9
202201290015,255.0,0.9
202201290030,285.0,0.9
202201290045,236.0,0.9
202201290101,253.0,1.3
202201290115,264.0,0.9
202201290131,290.0,1.3
202201290146,356.0,1.8
202201290201,108.0,1.3
202201290216,240.0,0.9
202201290247,274.0,0.4
202201290301,246.0,1.3
202201290315,226.0,1.8
202201290330,262.0,0.9
202201290345,229.0,0.9
202201290400,167.0,1.3
202201290415,259.0,0.4
202201290430,249.0,0.9
202201290445,230.0,1.3
202201290515,274.0,1.3
202201290531,262.0,2.2
202201290600,288.0,1.8
202201290616,246.0,1.3
202201290631,124.0,0.4
202201290647,160.0,0.9
202201290700,254.0,0.9
202201290730,224.0,0.4
202201290745,347.0,0.4
202201290800,270.0,0.9
202201290815,256.0,0.4
202201290830,248.0,0.9
202201290845,174.0,0.9
202201290901,,0.0
202201290916,266.0,0.4
202201290931,276.0,0.4
202201290945,271.0,0.9
202201291001,278.0,1.3
202201291016,38.0,0.4
202201291031,239.0,0.9
202201291046,98.0,0.4
202201291101,264.0,0.9
202201291116,,0.0
202201291130,129.0,1.8
202201291145,,0.0
202201291215,272.0,0.4
202201291231,103.0,0.9
202201291246,189.0,1.3
202201291300,156.0,1.3
202201291315,108.0,1.3
202201291330,155.0,1.8
202201291346,193.0,0.9
202201291401,220.0,0.9
202201291417,164.0,1.8
202201291446,136.0,2.2
202201291517,250.0,0.4
202201291530,341.0,1.3
202201291600,170.0,0.9
202201291615,338.0,1.3
202201291630,271.0,0.9
202201291645,75.0,1.3
202201291701,134.0,0.9
202201291716,150.0,0.9
202201291731,235.0,1.8
202201291747,261.0,0.9
202201291800,276.0,1.3
202201291815,167.0,1.3
202201291830,252.0,3.1
202201291846,30.0,0.9
202201291902,294.0,0.4
202201291916,245.0,0.4
202201291931,239.0,2.2
202201291945,276.0,1.3
202201292015,293.0,2.2
202201292032,192.0,0.9
202201292045,214.0,3.6
202201292100,252.0,1.3
202201292116,221.0,2.2
202201292131,295.0,2.2
202201292146,165.0,0.4
202201292200,129.0,0.4
202201292215,,0.0
202201292231,238.0,0.4
202201292247,149.0,0.4
202201292301,,0.0
202201292317,,0.0
202201292345,,0.0
202201300000,,0.0
202201300016,,0.0
202201300030,,0.0
202201300045,,0.0
202201300101,,0.0
202201300116,,0.0
202201300131,,0.0
202201300146,,0.0
202201300201,271.0,0.4
202201300215,,0.0
202201300230,,0.0
202201300245,,0.0
202201300300,,0.0
202201300315,,0.0
202201300331,,0.0
202201300346,,0.0
202201300401,,0.0
202201300416,,0.0
202201300432,,0.0
202201300445,,0.0
202201300500,,0.0
202201300515,,0.0
202201300530,,0.0
202201300546,,0.0
202201300601,,0.0
202201300616,,0.0
202201300632,,0.0
202201300646,,0.0
202201300702,,0.0
202201300730,,0.0
202201300800,,0.0
202201300815,,0.0
202201300830,,0.0
202201300845,,0.0
202201300901,,0.0
202201300916,,0.0
202201300930,,0.0
202201300946,,0.0
202201301001,,0.0
202201301015,70.0,0.4
202201301030,340.0,0.4
202201301045,72.0,0.4
202201301100,,0.0
202201301116,,0.0
202201301130,,0.0
202201301145,,0.0
202201301202,,0.0
202201301216,,0.0
202201301231,,0.0
202201301245,288.0,0.4
202201301300,281.0,0.4
202201301315,,0.0
202201301330,,0.0
202201301346,,0.0
202201301400,,0.0
202201301416,,0.0
202201301430,137.0,0.4
202201301446,139.0,0.4
202201301501,128.0,0.4
202201301518,308.0,0.9
202201301531,59.0,1.3
202201301545,271.0,1.3
202201301600,203.0,0.4
202201301615,311.0,1.3
202201301631,146.0,0.4
202201301646,162.0,0.9
202201301701,128.0,1.3
202201301731,148.0,0.4
202201301746,133.0,1.3
202201301801,250.0,0.9
202201301815,182.0,0.9
202201301830,168.0,0.4
202201301845,232.0,1.3
202201301901,198.0,1.3
202201301915,240.0,0.9
202201301931,163.0,0.9
202201301946,,0.0
202201302016,146.0,0.4
202201302031,164.0,1.8
202201302045,291.0,0.9
202201302100,155.0,0.9
202201302115,221.0,0.9
202201302130,133.0,0.4
202201302145,46.0,0.4
202201302201,,0.0
202201302216,,0.0
202201302230,,0.0
202201302246,,0.0
202201302301,,0.0
202201302315,,0.0
202201302330,,0.0
202201302345,278.0,0.4
202201310016,291.0,0.4
202201310031,,0.0
202201310045,,0.0
202201310102,,0.0
202201310116,,0.0
202201310131,288.0,0.4
202201310147,,0.0
202201310200,,0.0
202201310215,,0.0
202201310230,,0.0
202201310245,,0.0
202201310300,,0.0
202201310315,,0.0
202201310331,,0.0
202201310347,,0.0
202201310401,,0.0
202201310416,,0.0
202201310432,,0.0
202201310445,,0.0
202201310500,,0.0
202201310530,,0.0
202201310545,,0.0
202201310600,,0.0
202201310630,,0.0
202201310646,,0.0
202201310701,,0.0
202201310716,,0.0
202201310731,,0.0
202201310746,,0.0
202201310801,,0.0
202201310817,,0.0
202201310831,,0.0
202201310846,,0.0
202201310916,,0.0
202201310932,,0.0
202201310945,,0.0
202201311000,,0.0
202201311015,,0.0
202201311030,,0.0
202201311045,,0.0
202201311100,,0.0
202201311115,,0.0
202201311130,,0.0
202201311145,,0.0
202201311200,,0.0
202201311231,,0.0
202201311245,288.0,0.4
202201311302,,0.0
202201311315,261.0,0.4
202201311331,,0.0
202201311346,,0.0
202201311401,,0.0
202201311431,,0.0
202201311446,,0.0
202201311530,133.0,0.4
202201311545,117.0,0.9
202201311601,129.0,0.9
202201311615,133.0,0.9
202201311646,209.0,0.4
202201311701,246.0,0.9
202201311715,133.0,1.3
202201311731,144.0,0.9
202201311748,130.0,1.8
202201311801,163.0,1.3
202201311815,174.0,0.9
202201311830,,0.0
202201311845,231.0,0.9
202201311900,124.0,0.4
202201311915,156.0,0.9
202201311931,140.0,1.3
202201312001,157.0,0.4
202201312016,115.0,0.9
202201312031,309.0,1.3
202201312046,324.0,1.3
202201312100,114.0,0.9
202201312115,225.0,0.9
202201312145,245.0,0.9
202201312201,296.0,0.4
202201312230,274.0,0.4
202201312246,293.0,0.9
202201312301,261.0,0.4
202201312318,259.0,0.4
202201312330,,0.0
202201312345,271.0,0.4
202202010000,269.0,0.4
202202010015,,0.0
202202010030,262.0,0.4
202202010046,,0.0
202202010100,277.0,0.4
202202010115,,0.0
202202010130,,0.0
202202010147,,0.0
202202010202,,0.0
202202010215,,0.0
202202010230,,0.0
202202010245,,0.0
202202010300,,0.0
202202010316,,0.0
202202010401,,0.0
202202010416,,0.0
202202010433,,0.0
202202010445,,0.0
202202010500,264.0,0.4
202202010515,,0.0
202202010530,,0.0
202202010545,,0.0
202202010600,,0.0
202202010616,,0.0
202202010630,,0.0
202202010646,,0.0
202202010701,,0.0
202202010715,,0.0
202202010731,,0.0
202202010746,,0.0
202202010800,,0.0
202202010815,,0.0
202202010902,,0.0
202202010930,,0.0
202202010945,,0.0
202202011015,,0.0
202202011030,,0.0
202202011045,,0.0
202202011145,,0.0
202202011200,,0.0
202202011215,,0.0
202202011230,,0.0
202202011247,,0.0
202202011301,,0.0
202202011316,,0.0
202202011333,,0.0
202202011347,,0.0
202202011402,,0.0
202202011415,,0.0
202202011430,,0.0
202202011445,,0.0
202202011500,,0.0
202202011515,113.0,0.9
202202011530,,0.0
202202011545,,0.0
202202011601,139.0,0.4
202202011616,143.0,1.3
202202011630,238.0,0.9
202202011645,139.0,1.8
202202011701,160.0,0.9
202202011716,136.0,1.3
202202011731,124.0,1.8
202202011746,300.0,1.3
202202011801,,0.0
202202011816,286.0,2.7
202202011831,276.0,1.3
202202011846,286.0,0.4
202202011900,90.0,0.9
202202011915,136.0,0.9
202202011945,160.0,1.3
202202012000,219.0,2.2
202202012015,270.0,0.9
202202012031,176.0,0.9
202202012045,281.0,0.9
202202012101,120.0,1.3
202202012115,205.0,0.4
202202012130,193.0,0.4
202202012145,146.0,0.9
202202012200,,0.0
202202012215,303.0,0.4
202202012231,,0.0
202202012315,236.0,0.4
202202012346,281.0,0.4
202202020000,252.0,0.4
202202020031,201.0,0.4
202202020046,,0.0
202202020101,,0.0
202202020115,,0.0
202202020131,,0.0
202202020145,,0.0
202202020200,,0.0
202202020215,,0.0
202202020230,,0.0
202202020245,,0.0
202202020300,,0.0
202202020315,,0.0
202202020330,,0.0
202202020345,,0.0
202202020400,,0.0
202202020415,,0.0
202202020445,,0.0
202202020500,,0.0
202202020530,,0.0
202202020602,,0.0
202202020615,,0.0
202202020631,,0.0
202202020646,,0.0
202202020701,264.0,0.4
202202020716,,0.0
202202020731,,0.0
202202020746,,0.0
202202020800,,0.0
202202020801,,0.0
202202020815,,0.0
202202020830,,0.0
202202020845,,0.0
202202020900,,0.0
202202020915,,0.0
202202020930,,0.0
202202020945,,0.0
202202021001,,0.0
202202021015,,0.0
202202021030,271.0,0.4
202202021045,,0.0
202202021100,,0.0
202202021115,,0.0
202202021131,,0.0
202202021146,,0.0
202202021200,,0.0
202202021216,,0.0
202202021230,,0.0
202202021245,,0.0
202202021300,,0.0
202202021316,,0.0
202202021331,,0.0
202202021345,,0.0
202202021400,,0.0
202202021415,,0.0
202202021430,,0.0
202202021445,,0.0
202202021515,,0.0
202202021530,,0.0
202202021545,156.0,0.4
202202021600,,0.0
202202021615,,0.0
202202021630,220.0,0.4
202202021645,,0.0
202202021701,,0.0
202202021715,,0.0
202202021730,,0.0
202202021745,,0.0
202202021801,,0.0
202202021815,,0.0
202202021900,,0.0
202202021915,,0.0
202202021930,,0.0
202202021945,,0.0
202202022000,,0.0
202202022015,,0.0
202202022030,,0.0
202202022100,,0.0
202202022115,,0.0
202202022131,,0.0
202202022145,,0.0
202202022216,,0.0
202202022230,,0.0
202202022246,289.0,0.4
202202022301,,0.0
202202022315,,0.0
202202022331,,0.0
202202022346,,0.0
202202030001,160.0,0.4
202202030030,,0.0
202202030046,,0.0
202202030102,,0.0
202202030116,,0.0
202202030145,,0.0
202202030200,250.0,0.4
202202030215,,0.0
202202030230,,0.0
202202030245,,0.0
202202030315,289.0,0.4
202202030330,,0.0
202202030345,,0.0
202202030400,,0.0
202202030415,,0.0
202202030430,252.0,0.4
202202030445,,0.0
202202030500,,0.0
202202030516,,0.0
202202030530,,0.0
202202030545,230.0,0.4
202202030600,,0.0
202202030615,,0.0
202202030631,233.0,0.4
202202030646,,0.0
202202030701,,0.0
202202030715,,0.0
202202030730,,0.0
202202030745,,0.0
202202030800,,0.0
202202030815,,0.0
202202030830,237.0,0.9
202202030845,,0.0
202202030900,,0.0
202202030915,,0.0
202202030930,1.0,0.4
202202030946,,0.0
202202031000,304.0,0.4
202202031015,294.0,0.4
202202031030,294.0,0.9
202202031046,274.0,0.4
202202031100,294.0,0.4
202202031116,287.0,0.4
202202031131,,0.0
202202031145,236.0,0.4
202202031201,291.0,1.8
202202031216,24.0,0.4
202202031231,229.0,0.4
202202031246,,0.0
202202031302,167.0,0.9
202202031315,274.0,0.4
202202031330,224.0,0.4
202202031345,,0.0
202202031400,,0.0
202202031415,,0.0
202202031430,,0.0
202202031445,300.0,0.4
202202031500,291.0,0.4
202202031515,,0.0
202202031601,,0.0
202202031615,,0.0
202202031630,,0.0
202202031645,307.0,0.9
202202031700,,0.0
202202031715,187.0,0.4
202202031731,280.0,0.4
202202031745,340.0,0.9
202202031800,342.0,0.4
202202031816,259.0,0.9
202202031830,307.0,1.3
202202031845,26.0,0.4
202202031900,289.0,0.4
202202031915,,0.0
202202031945,331.0,0.9
202202032000,262.0,0.4
202202032015,179.0,0.9
202202032030,301.0,0.9
202202032045,99.0,0.4
202202032100,,0.0
202202032115,,0.0
202202032130,,0.0
202202032145,277.0,0.9
202202032200,,0.0
202202032215,,0.0
202202032231,,0.0
202202032246,,0.0
202202032315,,0.0
202202032330,,0.0
202202040001,304.0,0.4
202202040015,302.0,0.4
202202040030,323.0,0.4
202202040045,,0.0
202202040100,324.0,0.4
202202040130,245.0,0.4
202202040145,163.0,0.9
202202040215,315.0,0.4
202202040230,250.0,0.4
202202040301,284.0,0.9
202202040315,97.0,0.9
202202040331,,0.0
202202040345,32.0,0.4
202202040400,143.0,0.4
202202040415,284.0,0.9
202202040430,77.0,0.4
202202040447,127.0,0.4
202202040500,,0.0
202202040515,6.0,0.9
202202040533,130.0,1.8
202202040545,35.0,0.4
202202040600,120.0,0.4
202202040615,276.0,0.9
202202040630,37.0,0.9
202202040645,287.0,1.8
202202040700,345.0,1.3
202202040730,307.0,0.4
202202040745,300.0,1.3
202202040800,342.0,0.9
202202040816,304.0,0.9
202202040830,289.0,0.4
202202040845,35.0,0.4
202202040901,287.0,0.9
202202040915,101.0,0.4
202202040931,138.0,1.3
202202040947,152.0,0.9
202202041000,60.0,0.9
202202041017,,0.0
202202041031,269.0,0.9
202202041045,79.0,0.4
202202041115,262.0,0.4
202202041130,,0.0
202202041145,66.0,0.4
202202041200,43.0,0.4
202202041215,297.0,0.4
202202041230,339.0,0.9
202202041245,89.0,0.4
202202041300,295.0,1.3
202202041330,267.0,0.4
202202041346,15.0,0.4
202202041400,259.0,1.3
202202041415,285.0,0.9
202202041430,276.0,1.8
202202041445,264.0,0.9
202202041500,32.0,0.4
202202041515,,0.0
202202041530,224.0,1.3
202202041545,110.0,0.9
202202041600,,0.0
202202041615,31.0,0.4
202202041630,,0.0
202202041646,,0.0
202202041700,,0.0
202202041716,,0.0
202202041731,,0.0
202202041745,213.0,0.9
202202041815,155.0,0.4
202202041830,257.0,0.4
202202041845,207.0,0.9
202202041900,252.0,0.9
202202041915,167.0,0.4
202202041930,134.0,0.9
202202041945,298.0,0.4
202202042000,,0.0
202202042015,280.0,1.8
202202042031,307.0,0.9
202202042045,108.0,0.4
202202042101,260.0,0.9
202202042116,,0.0
202202042130,,0.0
202202042146,,0.0
202202042200,20.0,0.4
202202042216,109.0,0.9
202202042231,156.0,0.4
202202042245,179.0,1.3
202202042300,186.0,0.9
202202042315,123.0,0.4
202202042330,63.0,0.9
202202042345,251.0,2.2
202202050000,290.0,3.1
202202050015,230.0,2.7
202202050030,255.0,2.7
202202050045,250.0,2.2
202202050100,277.0,2.2
202202050115,233.0,2.2
202202050131,148.0,2.2
202202050146,224.0,2.7
202202050201,276.0,3.1
202202050215,269.0,3.1
202202050230,219.0,0.4
202202050245,238.0,0.9
202202050300,137.0,0.4
202202050315,204.0,0.9
202202050330,,0.0
202202050346,309.0,0.4
202202050400,225.0,1.8
202202050415,34.0,1.8
202202050430,98.0,0.9
202202050446,241.0,0.4
202202050500,313.0,1.8
202202050516,150.0,1.3
202202050532,251.0,0.4
202202050546,129.0,0.9
202202050601,265.0,0.9
202202050616,270.0,1.8
202202050630,152.0,0.9
202202050645,139.0,0.9
202202050700,231.0,1.3
202202050715,301.0,0.9
202202050730,0.0,0.9
202202050745,139.0,0.9
202202050800,221.0,1.3
202202050815,141.0,0.4
202202050830,262.0,0.4
202202050845,262.0,0.4
202202050901,236.0,0.9
202202050917,95.0,0.9
202202050932,224.0,1.8
202202050945,84.0,0.4
202202051001,110.0,0.9
202202051016,328.0,0.9
202202051030,90.0,2.2
202202051045,208.0,0.9
202202051100,231.0,1.3
202202051115,133.0,0.4
202202051145,168.0,0.9
202202051200,,0.0
202202051215,219.0,0.9
202202051230,250.0,0.9
202202051245,,0.0
202202051300,119.0,0.4
202202051315,265.0,0.4
202202051330,,0.0
202202051345,135.0,1.3
202202051401,148.0,0.9
202202051416,143.0,0.4
202202051431,125.0,0.4
202202051500,139.0,0.9
202202051530,,0.0
202202051545,169.0,1.3
202202051600,93.0,0.4
202202051615,118.0,0.9
202202051630,205.0,1.3
202202051645,136.0,0.9
202202051715,217.0,0.4
202202051731,154.0,0.4
202202051746,82.0,0.4
202202051802,180.0,0.9
202202051816,125.0,0.9
202202051830,138.0,1.8
202202051901,179.0,0.9
202202051917,143.0,1.8
202202051930,166.0,1.3
202202051945,174.0,0.9
202202052000,118.0,1.3
202202052015,160.0,0.9
202202052030,153.0,0.9
202202052045,181.0,0.9
202202052100,146.0,0.4
202202052115,143.0,0.9
202202052130,129.0,0.4
202202052145,138.0,1.3
202202052200,115.0,1.8
202202052215,142.0,0.9
202202052230,276.0,0.4
202202052245,271.0,0.4
202202052300,238.0,0.4
202202052315,268.0,0.4
202202052330,,0.0
202202052345,,0.0
202202060001,,0.0
202202060015,,0.0
202202060030,,0.0
202202060047,,0.0
202202060130,,0.0
202202060145,,0.0
202202060215,,0.0
202202060230,,0.0
202202060245,,0.0
202202060300,,0.0
202202060330,,0.0
202202060345,,0.0
202202060400,,0.0
202202060416,,0.0
202202060445,,0.0
202202060501,,0.0
202202060515,,0.0
202202060530,,0.0
202202060545,,0.0
202202060601,,0.0
202202060630,,0.0
202202060647,,0.0
202202060701,,0.0
202202060730,,0.0
202202060745,,0.0
202202060800,,0.0
202202060815,,0.0
202202060830,,0.0
202202060845,,0.0
202202060900,,0.0
202202060915,,0.0
202202060930,,0.0
202202060945,,0.0
202202061000,,0.0
202202061015,,0.0
202202061030,,0.0
202202061046,,0.0
202202061100,,0.0
202202061117,,0.0
202202061130,,0.0
202202061145,,0.0
202202061201,,0.0
202202061216,,0.0
202202061231,,0.0
202202061245,,0.0
202202061301,,0.0
202202061315,,0.0
202202061330,,0.0
202202061345,,0.0
202202061415,131.0,1.3
202202061445,108.0,1.8
202202061516,153.0,1.3
202202061530,155.0,0.4
202202061545,145.0,1.3
202202061615,169.0,1.8
202202061631,127.0,1.3
202202061646,162.0,0.9
202202061701,,0.0
202202061716,114.0,0.9
202202061745,126.0,0.9
202202061800,164.0,1.3
202202061815,127.0,1.3
202202061830,167.0,0.9
202202061845,81.0,0.4
202202061900,295.0,0.9
202202061915,156.0,0.9
202202061930,124.0,0.4
202202061945,158.0,1.3
202202062001,128.0,0.4
202202062030,179.0,0.4
202202062046,132.0,0.4
202202062100,134.0,0.4
202202062117,144.0,0.4
202202062145,145.0,0.4
202202062200,127.0,1.3
202202062215,290.0,0.9
202202062230,238.0,0.9
202202062245,288.0,0.9
202202062300,280.0,0.9
202202062315,282.0,0.9
202202062330,282.0,0.4
202202062345,,0.0
202202070000,,0.0
202202070015,,0.0
202202070030,,0.0
202202070045,274.0,0.4
202202070100,,0.0
202202070115,,0.0
202202070130,,0.0
202202070145,,0.0
202202070200,,0.0
202202070215,143.0,0.4
202202070231,,0.0
202202070245,,0.0
202202070301,,0.0
202202070316,,0.0
202202070331,,0.0
202202070345,,0.0
202202070401,220.0,0.4
202202070416,,0.0
202202070431,,0.0
202202070446,,0.0
202202070500,,0.0
202202070515,,0.0
202202070530,217.0,0.4
202202070545,,0.0
202202070600,140.0,0.4
202202070615,125.0,0.4
202202070630,,0.0
202202070645,,0.0
202202070701,257.0,0.4
202202070716,,0.0
202202070730,,0.0
202202070745,,0.0
202202070801,,0.0
202202070816,,0.0
202202070830,,0.0
202202070845,,0.0
202202070900,,0.0
202202070915,,0.0
202202070945,,0.0
202202071000,,0.0
202202071015,,0.0
202202071030,,0.0
202202071045,,0.0
202202071100,,0.0
202202071115,,0.0
202202071130,278.0,0.4
202202071200,,0.0
202202071215,,0.0
202202071231,,0.0
202202071245,,0.0
202202071301,,0.0
202202071315,,0.0
202202071330,,0.0
202202071345,,0.0
202202071415,86.0,0.4
202202071430,,0.0
202202071445,178.0,0.4
202202071500,,0.0
202202071515,131.0,0.4
202202071530,,0.0
202202071546,148.0,0.9
202202071600,136.0,1.8
202202071703,115.0,0.4
202202071716,,0.0
202202071730,,0.0
202202071745,134.0,1.3
202202071800,129.0,0.4
202202071815,136.0,0.9
202202071830,141.0,0.4
202202071845,152.0,0.9
202202071900,133.0,0.9
202202071915,205.0,0.4
202202071930,84.0,0.4
202202071945,109.0,0.4
202202072000,285.0,0.4
202202072015,127.0,0.4
202202072030,,0.0
202202072046,,0.0
202202072101,233.0,1.3
202202072115,207.0,0.9
202202072130,,0.0
202202072146,,0.0
202202072200,,0.0
202202072215,283.0,0.9
202202072231,290.0,0.4
202202072302,,0.0
202202072316,,0.0
202202072331,,0.0
202202072345,,0.0
202202080000,,0.0
202202080015,,0.0
202202080030,261.0,0.4
202202080045,,0.0
202202080100,,0.0
202202080115,,0.0
202202080130,,0.0
202202080145,,0.0
202202080200,,0.0
202202080215,,0.0
202202080230,,0.0
202202080300,48.0,0.4
202202080315,,0.0
202202080330,,0.0
202202080347,,0.0
202202080400,,0.0
202202080416,,0.0
202202080430,,0.0
202202080445,,0.0
202202080501,,0.0
202202080515,182.0,0.9
202202080531,14.0,0.4
202202080545,,0.0
202202080600,,0.0
202202080615,,0.0
202202080630,,0.0
202202080645,,0.0
202202080700,,0.0
202202080715,,0.0
202202080730,,0.0
202202080745,,0.0
202202080800,,0.0
202202080815,,0.0
202202080830,,0.0
202202080846,120.0,0.4
202202080900,110.0,0.4
202202080916,161.0,1.3
202202080931,95.0,0.4
202202080946,262.0,1.3
202202081001,155.0,0.9
202202081015,208.0,0.9
202202081030,162.0,1.3
202202081046,,0.0
202202081101,,0.0
202202081116,,0.0
202202081130,,0.0
202202081145,,0.0
202202081200,,0.0
202202081215,,0.0
202202081230,,0.0
202202081245,,0.0
202202081300,,0.0
202202081315,,0.0
202202081331,,0.0
202202081346,126.0,0.4
202202081400,155.0,0.4
202202081415,,0.0
202202081431,111.0,0.4
202202081500,168.0,0.4
202202081516,,0.0
202202081531,217.0,1.3
202202081545,258.0,1.8
202202081600,217.0,1.3
202202081615,255.0,0.4
202202081630,285.0,1.8
202202081645,270.0,1.3
202202081700,208.0,0.9
202202081715,,0.0
202202081730,,0.0
202202081745,251.0,0.9
202202081801,,0.0
202202081815,277.0,2.2
202202081830,149.0,1.8
202202081845,207.0,1.8
202202081901,39.0,1.8
202202081915,240.0,0.4
202202081931,211.0,0.4
202202081945,238.0,0.4
202202082000,262.0,1.8
202202082016,121.0,0.9
202202082030,140.0,0.4
202202082046,176.0,0.9
202202082101,161.0,0.9
202202082116,195.0,0.4
202202082130,144.0,0.4
202202082145,,0.0
202202082215,283.0,0.9
202202082230,276.0,0.9
202202082245,,0.0
202202082300,302.0,0.4
202202082315,269.0,0.4
202202082330,250.0,0.4
202202082345,271.0,0.4
202202090000,272.0,0.4
202202090015,258.0,0.4
202202090031,,0.0
202202090045,,0.0
202202090100,264.0,0.4
202202090115,,0.0
202202090130,,0.0
202202090146,271.0,0.4
202202090200,271.0,0.4
202202090216,,0.0
202202090231,,0.0
202202090246,,0.0
202202090301,,0.0
202202090315,,0.0
202202090330,,0.0
202202090346,,0.0
202202090401,,0.0
202202090416,,0.0
202202090430,,0.0
202202090445,,0.0
202202090500,,0.0
202202090515,,0.0
202202090530,,0.0
202202090545,,0.0
202202090600,,0.0
202202090615,,0.0
202202090630,,0.0
202202090645,,0.0
202202090700,,0.0
202202090716,,0.0
202202090730,,0.0
202202090746,,0.0
202202090800,,0.0
202202090816,,0.0
202202090831,,0.0
202202090846,,0.0
202202090901,,0.0
202202090915,,0.0
202202090930,,0.0
202202091000,,0.0
202202091015,,0.0
202202091030,,0.0
202202091045,,0.0
202202091100,,0.0
202202091115,,0.0
202202091130,,0.0
202202091200,,0.0
202202091215,,0.0
202202091230,,0.0
202202091245,,0.0
202202091300,,0.0
202202091315,,0.0
202202091330,,0.0
202202091346,,0.0
202202091401,,0.0
202202091416,,0.0
202202091430,224.0,0.4
202202091445,120.0,0.4
202202091515,262.0,0.9
202202091545,146.0,0.9
202202091600,214.0,0.4
202202091615,262.0,2.2
202202091631,249.0,1.3
202202091646,297.0,1.8
202202091701,260.0,0.9
202202091715,304.0,0.9
202202091730,124.0,0.9
202202091815,175.0,1.8
202202091830,219.0,0.9
202202091845,261.0,1.3
202202091900,226.0,1.3
202202091915,121.0,1.3
202202091945,219.0,0.4
202202092001,359.0,0.9
202202092015,176.0,0.9
202202092030,280.0,0.4
202202092045,220.0,0.9
202202092100,231.0,0.9
202202092116,274.0,2.2
202202092131,267.0,1.8
202202092146,257.0,1.3
202202092201,230.0,0.9
202202092216,79.0,0.4
202202092230,297.0,0.4
202202092245,222.0,2.2
202202092301,263.0,0.9
202202092316,68.0,0.4
202202092330,240.0,0.4
202202092345,277.0,0.4
202202100015,281.0,0.4
202202100030,290.0,0.4
202202100045,,0.0
202202100100,257.0,0.9
202202100115,284.0,0.4
202202100130,,0.0
202202100145,240.0,0.4
202202100200,229.0,0.4
202202100215,,0.0
202202100230,,0.0
202202100245,,0.0
202202100300,,0.0
202202100315,,0.0
202202100330,286.0,0.4
202202100345,,0.0
202202100400,279.0,0.4
202202100415,274.0,0.4
202202100431,,0.0
202202100445,280.0,0.4
202202100500,,0.0
202202100516,,0.0
202202100531,,0.0
202202100546,,0.0
202202100601,278.0,0.4
202202100616,281.0,0.4
202202100632,,0.0
202202100645,,0.0
202202100700,,0.0
202202100715,,0.0
202202100730,,0.0
202202100745,,0.0
202202100800,,0.0
202202100815,,0.0
202202100845,,0.0
202202100901,,0.0
202202100916,,0.0
202202100930,,0.0
202202100945,,0.0
202202101000,,0.0
202202101015,,0.0
202202101031,,0.0
202202101046,,0.0
202202101101,,0.0
202202101116,,0.0
202202101131,,0.0
202202101201,,0.0
202202101216,,0.0
202202101230,,0.0
202202101245,,0.0
202202101300,,0.0
202202101315,,0.0
202202101330,,0.0
202202101345,270.0,0.4
202202101400,,0.0
202202101415,237.0,0.4
202202101430,169.0,1.3
202202101446,286.0,1.8
202202101500,157.0,1.3
202202101515,134.0,0.4
202202101531,289.0,2.2
202202101545,281.0,1.8
202202101601,211.0,1.3
202202101615,181.0,2.7
202202101630,130.0,2.2
202202101645,271.0,0.9
202202101700,238.0,2.2
202202101715,272.0,3.6
202202101730,230.0,2.2
202202101745,207.0,1.8
202202101800,264.0,1.3
202202101815,262.0,4.9
202202101830,245.0,2.2
202202101845,247.0,3.6
202202101900,296.0,2.7
202202101916,250.0,1.3
202202101930,140.0,0.9
202202101946,37.0,1.8
202202102000,304.0,1.3
202202102016,240.0,1.8
202202102030,283.0,1.8
202202102046,279.0,1.8
202202102101,204.0,2.2
202202102132,295.0,3.1
202202102146,312.0,0.4
202202102200,238.0,1.3
202202102215,283.0,0.4
202202102230,261.0,0.9
202202102245,246.0,0.4
202202102300,,0.0
202202102315,281.0,0.9
202202102330,284.0,0.4
202202102345,,0.0
202202110000,,0.0
202202110015,271.0,0.4
202202110030,,0.0
202202110045,233.0,0.4
202202110100,203.0,0.4
202202110115,,0.0
202202110130,281.0,0.9
202202110146,278.0,0.9
202202110200,285.0,0.4
202202110215,285.0,0.4
202202110230,,0.0
202202110246,,0.0
202202110301,,0.0
202202110317,,0.0
202202110331,,0.0
202202110345,269.0,0.4
202202110401,,0.0
202202110415,,0.0
202202110431,,0.0
202202110501,,0.0
202202110516,,0.0
202202110530,,0.0
202202110545,266.0,0.4
202202110600,,0.0
202202110615,,0.0
202202110630,,0.0
202202110645,,0.0
202202110700,,0.0
202202110715,,0.0
202202110730,,0.0
202202110745,,0.0
202202110815,,0.0
202202110831,,0.0
202202110846,,0.0
202202110900,,0.0
202202110915,,0.0
202202110930,,0.0
202202110945,,0.0
202202111000,,0.0
202202111015,,0.0
202202111031,,0.0
202202111045,,0.0
202202111100,,0.0
202202111115,,0.0
202202111130,,0.0
202202111145,269.0,0.4
202202111200,,0.0
202202111215,,0.0
202202111245,,0.0
202202111300,,0.0
202202111315,,0.0
202202111330,234.0,0.4
202202111345,,0.0
202202111416,17.0,0.4
202202111430,147.0,0.9
202202111445,134.0,0.9
202202111501,171.0,0.9
202202111515,219.0,0.9
202202111531,167.0,2.2
202202111545,358.0,2.2
202202111600,214.0,1.3
202202111615,34.0,1.3
202202111630,150.0,2.2
202202111645,41.0,0.9
202202111700,195.0,1.8
202202111715,164.0,2.2
202202111815,182.0,2.7
202202111845,266.0,0.9
202202111901,156.0,1.3
202202111931,349.0,2.7
202202111946,145.0,2.7
202202112000,301.0,2.7
202202112016,274.0,2.7
202202112031,281.0,0.9
202202112045,316.0,1.8
202202112100,271.0,1.8
202202112130,285.0,0.9
202202112145,252.0,1.3
202202112200,342.0,1.8
202202112215,340.0,1.3
202202112231,261.0,0.9
202202112245,23.0,1.3
202202112300,311.0,0.4
202202112330,136.0,1.3
202202112345,,0.0
202202120000,,0.0
202202120015,,0.0
202202120030,,0.0
202202120045,,0.0
202202120100,248.0,0.4
202202120115,268.0,0.4
202202120130,,0.0
202202120145,129.0,0.4
202202120215,,0.0
202202120231,,0.0
202202120245,265.0,0.9
202202120301,240.0,0.9
202202120316,,0.0
202202120330,279.0,0.4
202202120332,,0.0
202202120345,269.0,0.4
202202120400,285.0,0.4
202202120430,,0.0
202202120445,271.0,0.4
202202120500,253.0,0.4
202202120545,288.0,0.4
202202120600,,0.0
202202120615,,0.0
202202120630,270.0,0.4
202202120646,290.0,0.4
202202120700,,0.0
202202120715,285.0,0.9
202202120730,,0.0
202202120745,,0.0
202202120800,,0.0
202202120816,266.0,0.4
202202120831,274.0,0.4
202202120846,293.0,0.4
202202120900,,0.0
202202120916,288.0,0.4
202202121000,,0.0
202202121015,42.0,0.4
202202121030,287.0,0.9
202202121045,281.0,0.9
202202121115,289.0,1.3
202202121145,280.0,1.8
202202121200,263.0,0.4
202202121216,273.0,1.3
202202121230,290.0,0.9
202202121246,231.0,0.9
202202121301,238.0,0.4
202202121315,123.0,0.4
202202121330,256.0,1.3
202202121345,304.0,0.4
202202121400,,0.0
202202121415,306.0,0.9
202202121430,258.0,0.9
202202121500,255.0,1.3
202202121516,227.0,2.2
202202121530,266.0,1.3
202202121546,232.0,2.2
202202121601,271.0,1.8
202202121631,274.0,2.7
202202121701,249.0,0.9
202202121730,148.0,1.3
202202121745,138.0,0.9
202202121800,159.0,0.9
202202121815,153.0,2.7
202202121830,295.0,1.3
202202121845,278.0,0.9
202202121900,323.0,2.2
202202121915,335.0,2.2
202202121930,288.0,1.8
202202121945,295.0,1.3
202202122000,247.0,1.3
202202122015,299.0,0.9
202202122031,262.0,1.3
202202122045,308.0,0.4
202202122100,162.0,0.9
202202122130,162.0,0.4
202202122145,349.0,1.3
202202122201,,0.0
202202122216,,0.0
202202122230,303.0,0.9
202202122246,247.0,0.4
202202122301,310.0,0.4
202202122316,,0.0
202202122345,,0.0
202202130000,270.0,0.9
202202130015,,0.0
202202130030,268.0,0.4
202202130045,,0.0
202202130100,,0.0
202202130115,,0.0
202202130130,,0.0
202202130145,,0.0
202202130200,,0.0
202202130215,,0.0
202202130230,,0.0
202202130245,,0.0
202202130300,,0.0
202202130315,,0.0
202202130330,,0.0
202202130345,,0.0
202202130401,280.0,0.4
202202130415,,0.0
202202130430,,0.0
202202130446,285.0,0.4
202202130500,281.0,0.4
202202130515,,0.0
202202130531,,0.0
202202130546,,0.0
202202130600,,0.0
202202130615,,0.0
202202130630,,0.0
202202130645,,0.0
202202130700,,0.0
202202130715,,0.0
202202130730,,0.0
202202130745,47.0,0.4
202202130800,,0.0
202202130845,105.0,0.4
202202130901,276.0,0.4
202202130916,,0.0
202202130930,,0.0
202202130945,111.0,0.9
202202131000,193.0,0.4
202202131015,120.0,0.4
202202131030,124.0,0.4
202202131045,238.0,0.9
202202131100,226.0,0.9
202202131115,146.0,0.9
202202131130,269.0,1.3
202202131145,232.0,2.2
202202131200,312.0,1.8
202202131215,268.0,0.9
202202131230,159.0,1.3
202202131245,225.0,0.4
202202131300,144.0,0.4
202202131330,,0.0
202202131346,,0.0
202202131401,146.0,0.9
202202131415,,0.0
202202131431,136.0,0.4
202202131446,158.0,0.4
202202131501,134.0,0.9
202202131516,148.0,0.9
202202131530,143.0,0.4
202202131545,,0.0
202202131600,116.0,0.4
202202131615,102.0,0.4
202202131630,132.0,0.9
202202131645,150.0,1.3
202202131700,250.0,0.9
202202131715,250.0,1.3
202202131731,233.0,1.8
202202131745,226.0,1.8
202202131800,233.0,1.3
202202131815,216.0,0.4
202202131830,225.0,0.9
202202131845,279.0,0.9
202202131916,290.0,1.8
202202131931,166.0,0.9
202202131946,176.0,2.7
202202132045,224.0,0.4
202202132100,266.0,0.9
202202132115,211.0,2.7
202202132130,255.0,3.6
202202132145,231.0,1.8
202202132200,261.0,1.3
202202132215,274.0,1.3
202202132230,92.0,0.4
202202132245,176.0,0.4
202202132300,275.0,0.4
202202132316,257.0,0.4
202202132331,,0.0
202202140016,,0.0
202202140030,250.0,0.4
202202140045,34.0,0.9
202202140100,,0.0
202202140115,,0.0
202202140130,,0.0
202202140145,,0.0
202202140200,,0.0
202202140216,252.0,0.4
202202140230,256.0,0.4
202202140245,,0.0
202202140300,,0.0
202202140316,253.0,0.4
202202140345,212.0,1.3
202202140400,,0.0
202202140415,104.0,0.4
202202140430,,0.0
202202140445,257.0,0.4
202202140500,263.0,0.9
202202140515,139.0,1.8
202202140530,281.0,2.2
202202140546,143.0,0.4
202202140600,223.0,1.3
202202140615,282.0,2.7
202202140631,203.0,1.3
202202140645,66.0,0.4
202202140700,136.0,0.4
202202140715,,0.0
202202140730,285.0,1.8
202202140745,77.0,1.3
202202140800,,0.0
202202140830,,0.0
202202140845,158.0,0.4
202202140900,,0.0
202202140945,259.0,0.4
202202141000,,0.0
202202141015,,0.0
202202141030,,0.0
202202141100,,0.0
202202141115,175.0,0.9
202202141146,,0.0
202202141201,271.0,1.3
202202141215,82.0,0.4
202202141246,,0.0
202202141300,204.0,0.4
202202141315,267.0,0.9
202202141330,,0.0
202202141345,122.0,0.4
202202141400,207.0,0.4
202202141445,131.0,0.9
202202141500,194.0,0.4
202202141515,119.0,0.4
202202141531,141.0,1.3
202202141545,233.0,1.3
202202141600,220.0,3.1
202202141615,133.0,0.4
202202141631,60.0,0.9
202202141645,269.0,0.4
202202141700,119.0,0.4
202202141715,127.0,1.3
202202141730,22.0,1.3
202202141745,304.0,2.2
202202141800,242.0,1.8
202202141815,285.0,1.8
202202141830,162.0,0.9
202202141845,79.0,2.7
202202141900,84.0,1.8
202202141915,281.0,0.9
202202141930,120.0,1.8
202202141945,82.0,1.3
202202142000,285.0,1.8
202202142015,257.0,2.2
202202142030,232.0,0.4
202202142046,207.0,1.3
202202142100,246.0,2.2
202202142116,276.0,0.9
202202142131,248.0,2.7
202202142145,271.0,3.6
202202142200,285.0,0.4
202202142215,260.0,0.4
202202142230,,0.0
202202142300,244.0,0.4
202202142315,276.0,0.9
202202142330,253.0,0.4
202202142345,283.0,0.9
202202150000,260.0,0.4
202202150015,,0.0
202202150030,274.0,0.4
202202150046,278.0,0.4
202202150100,290.0,0.4
202202150116,,0.0
202202150130,,0.0
202202150146,,0.0
202202150201,,0.0
202202150215,,0.0
202202150230,,0.0
202202150245,46.0,0.4
202202150300,,0.0
202202150315,,0.0
202202150330,,0.0
202202150345,,0.0
202202150400,,0.0
202202150415,,0.0
202202150430,,0.0
202202150445,,0.0
202202150500,,0.0
202202150515,,0.0
202202150530,249.0,0.4
202202150545,,0.0
202202150600,,0.0
202202150616,,0.0
202202150631,,0.0
202202150646,,0.0
202202150700,,0.0
202202150715,,0.0
202202150730,,0.0
202202150800,,0.0
202202150815,,0.0
202202150830,,0.0
202202150845,272.0,0.4
202202150900,271.0,0.4
202202150915,,0.0
202202150930,,0.0
202202150945,,0.0
202202151000,,0.0
202202151015,,0.0
202202151030,,0.0
202202151045,,0.0
202202151101,272.0,0.4
202202151130,,0.0
202202151145,,0.0
202202151201,,0.0
202202151215,,0.0
202202151230,,0.0
202202151245,,0.0
202202151300,,0.0
202202151315,,0.0
202202151330,193.0,0.9
202202151345,251.0,0.4
202202151400,167.0,1.3
202202151415,302.0,1.8
202202151430,127.0,0.4
202202151516,132.0,0.4
202202151530,146.0,1.3
202202151545,248.0,0.9
202202151600,239.0,0.4
202202151630,184.0,0.9
202202151645,122.0,0.4
202202151700,134.0,0.9
202202151715,246.0,0.9
202202151745,154.0,1.3
202202151800,207.0,1.3
202202151815,142.0,0.4
202202151830,285.0,1.3
202202151845,314.0,1.3
202202151901,120.0,1.3
202202151916,149.0,2.2
202202151930,203.0,0.9
202202151945,131.0,0.9
202202152000,226.0,0.4
202202152015,129.0,2.7
202202152045,281.0,0.4
202202152100,139.0,1.8
202202152115,234.0,1.3
202202152130,152.0,0.4
202202152145,161.0,1.8
202202152200,204.0,1.3
202202152215,279.0,0.9
202202152230,117.0,0.9
202202152245,293.0,0.4
202202152315,296.0,0.4
202202152330,256.0,0.4
202202152345,,0.0
202202160000,263.0,0.4
202202160016,239.0,0.4
202202160030,277.0,0.4
202202160045,,0.0
202202160100,,0.0
202202160116,,0.0
202202160132,,0.0
202202160146,,0.0
202202160200,274.0,0.4
202202160215,,0.0
202202160230,276.0,0.4
202202160245,,0.0
202202160300,274.0,0.4
202202160315,,0.0
202202160330,,0.0
202202160345,,0.0
202202160400,,0.0
202202160415,,0.0
202202160430,285.0,0.4
202202160445,,0.0
202202160500,,0.0
202202160515,,0.0
202202160530,,0.0
202202160545,,0.0
202202160601,,0.0
202202160615,,0.0
202202160631,,0.0
202202160646,,0.0
202202160700,,0.0
202202160716,,0.0
202202160731,,0.0
202202160745,,0.0
202202160800,274.0,0.4
202202160815,,0.0
202202160830,,0.0
202202160845,,0.0
202202160900,,0.0
202202160915,,0.0
202202160930,,0.0
202202160945,,0.0
202202161000,,0.0
202202161016,,0.0
202202161030,,0.0
202202161045,,0.0
202202161100,,0.0
202202161130,,0.0
202202161145,,0.0
202202161201,,0.0
202202161216,,0.0
202202161230,,0.0
202202161245,,0.0
202202161300,,0.0
202202161315,8.0,0.4
202202161330,283.0,0.4
202202161345,,0.0
202202161400,,0.0
202202161430,290.0,0.4
202202161445,,0.0
202202161501,,0.0
202202161516,159.0,0.4
202202161531,136.0,0.9
202202161545,274.0,0.4
202202161601,297.0,0.4
202202161616,145.0,0.4
202202161631,293.0,0.9
202202161645,192.0,0.4
202202161700,171.0,0.9
202202161715,,0.0
202202161730,,0.0
202202161745,,0.0
202202161800,,0.0
202202161815,,0.0
202202161830,,0.0
202202161845,,0.0
202202161900,326.0,0.4
202202161916,,0.0
202202161930,,0.0
202202161945,234.0,0.4
202202162001,308.0,0.4
202202162016,319.0,0.4
202202162030,,0.0
202202162045,,0.0
202202162100,,0.0
202202162115,,0.0
202202162130,41.0,0.4
202202162145,,0.0
202202162200,,0.0
202202162215,,0.0
202202162230,,0.0
202202162245,,0.0
202202162300,,0.0
202202162315,,0.0
202202162330,,0.0
202202162345,,0.0
202202170000,,0.0
202202170016,,0.0
202202170030,,0.0
202202170046,,0.0
202202170100,,0.0
202202170117,,0.0
202202170131,238.0,0.4
202202170146,,0.0
202202170200,,0.0
202202170215,269.0,0.4
202202170230,,0.0
202202170245,304.0,0.9
202202170300,,0.0
202202170315,,0.0
202202170330,314.0,1.3
202202170345,,0.0
202202170400,315.0,0.9
202202170415,257.0,0.4
202202170430,198.0,0.9
202202170445,250.0,0.4
202202170500,279.0,0.4
202202170515,309.0,0.4
202202170530,252.0,0.4
202202170545,279.0,1.3
202202170600,296.0,0.4
202202170615,300.0,0.4
202202170631,99.0,0.4
202202170646,273.0,0.9
202202170701,224.0,0.4
202202170716,284.0,1.8
202202170730,115.0,0.4
202202170745,317.0,0.9
202202170800,219.0,0.9
202202170815,245.0,1.3
202202170845,302.0,0.4
202202170900,304.0,1.3
202202170930,296.0,1.3
202202170946,286.0,1.8
202202171000,137.0,0.9
202202171015,135.0,0.9
202202171030,279.0,1.3
202202171045,26.0,0.9
202202171100,173.0,0.9
202202171116,224.0,1.3
202202171146,113.0,0.9
202202171201,110.0,0.9
202202171215,73.0,0.4
202202171230,248.0,1.8
202202171245,84.0,1.8
202202171300,332.0,1.3
202202171315,290.0,2.2
202202171330,292.0,0.9
202202171345,35.0,0.4
202202171400,318.0,2.7
202202171415,293.0,2.2
202202171430,176.0,0.9
202202171445,131.0,2.2
202202171500,283.0,1.8
202202171515,278.0,2.2
202202171530,280.0,1.3
202202171545,51.0,0.9
202202171601,295.0,0.9
202202171615,328.0,1.3
202202171631,165.0,1.3
202202171715,310.0,0.9
202202171730,,0.0
202202171745,311.0,0.4
202202171830,297.0,1.8
202202171845,294.0,1.8
202202171900,330.0,2.2
202202171915,335.0,2.7
202202171930,84.0,2.7
202202171945,44.0,0.4
202202172000,55.0,1.3
202202172016,100.0,1.8
202202172031,210.0,0.9
202202172046,350.0,0.9
202202172101,79.0,0.4
202202172115,328.0,0.9
202202172130,269.0,1.3
202202172145,338.0,0.9
202202172200,305.0,1.3
202202172215,273.0,0.9
202202172230,221.0,1.3
202202172245,356.0,0.9
202202172300,297.0,1.3
202202172315,229.0,2.7
202202172330,250.0,2.7
202202172345,307.0,3.6
202202180000,278.0,1.8
202202180031,37.0,1.8
202202180101,304.0,1.3
202202180116,298.0,2.7
202202180130,355.0,1.8
202202180145,278.0,1.3
202202180200,266.0,2.2
202202180215,272.0,2.2
202202180230,91.0,1.8
202202180245,300.0,3.1
202202180300,300.0,3.1
202202180315,309.0,1.3
202202180330,261.0,3.1
202202180345,172.0,2.2
202202180400,297.0,1.8
202202180416,57.0,1.3
202202180430,80.0,0.4
202202180446,46.0,0.4
202202180500,111.0,0.4
202202180515,225.0,1.3
202202180531,66.0,0.4
202202180546,,0.0
202202180601,303.0,1.3
202202180615,,0.0
202202180645,,0.0
202202180700,252.0,1.3
202202180715,,0.0
202202180730,283.0,1.3
202202180745,280.0,0.4
202202180800,257.0,0.4
202202180815,,0.0
202202180830,,0.0
202202180845,,0.0
202202180900,,0.0
202202180915,,0.0
202202180931,255.0,0.4
202202180945,53.0,0.4
202202181000,307.0,0.9
202202181016,51.0,0.4
202202181030,,0.0
202202181045,128.0,0.9
202202181100,,0.0
202202181115,101.0,0.4
202202181130,126.0,0.4
202202181145,167.0,0.9
202202181200,259.0,0.4
202202181230,260.0,0.4
202202181246,223.0,0.9
202202181300,248.0,1.8
202202181330,238.0,3.6
202202181346,275.0,2.7
202202181401,278.0,2.2
202202181416,259.0,2.2
202202181431,269.0,2.7
202202181445,256.0,2.7
202202181500,260.0,1.3
202202181515,229.0,1.8
202202181530,220.0,0.4
202202181600,,0.0
202202181615,273.0,0.9
202202181630,54.0,0.4
202202181645,165.0,0.9
202202181700,203.0,0.4
202202181715,200.0,0.9
202202181731,250.0,1.3
202202181745,164.0,0.4
202202181800,,0.0
202202181815,67.0,0.9
202202181845,167.0,0.9
202202181901,98.0,0.9
202202181916,229.0,0.9
202202181931,206.0,1.3
202202181946,266.0,1.3
202202182000,113.0,0.9
202202182015,172.0,1.8
202202182030,277.0,1.8
202202182045,262.0,0.9
202202182100,160.0,0.9
202202182115,,0.0
202202182130,150.0,0.4
202202182145,,0.0
202202182200,161.0,0.4
202202182230,,0.0
202202182245,352.0,0.4
202202182300,258.0,0.9
202202182315,274.0,0.4
202202182330,,0.0
202202182345,,0.0
202202190000,116.0,0.4
202202190031,,0.0
202202190046,143.0,0.4
202202190100,217.0,0.4
202202190115,,0.0
202202190145,,0.0
202202190200,,0.0
202202190216,,0.0
202202190230,,0.0
202202190245,,0.0
202202190300,,0.0
202202190315,,0.0
202202190331,,0.0
202202190345,,0.0
202202190400,,0.0
202202190415,,0.0
202202190431,,0.0
202202190445,,0.0
202202190500,,0.0
202202190515,,0.0
202202190530,,0.0
202202190545,,0.0
202202190600,,0.0
202202190630,,0.0
202202190700,,0.0
202202190715,,0.0
202202190730,265.0,0.4
202202190745,,0.0
202202190800,,0.0
202202190816,,0.0
202202190830,,0.0
202202190846,,0.0
202202190901,,0.0
202202190916,,0.0
202202190930,,0.0
202202190945,,0.0
202202191000,,0.0
202202191015,,0.0
202202191030,,0.0
202202191045,,0.0
202202191100,142.0,0.4
202202191130,295.0,0.4
202202191145,295.0,0.4
202202191200,,0.0
202202191215,,0.0
202202191230,105.0,0.4
202202191245,136.0,0.4
202202191300,147.0,1.3
202202191316,204.0,1.8
202202191331,274.0,2.7
202202191345,283.0,1.8
202202191400,278.0,0.9
202202191415,323.0,1.3
202202191430,219.0,1.3
202202191445,259.0,1.3
202202191500,255.0,1.8
202202191515,265.0,2.7
202202191530,168.0,0.4
202202191545,122.0,0.9
202202191600,105.0,1.3
202202191615,75.0,1.3
202202191631,228.0,1.3
202202191645,265.0,2.2
202202191700,221.0,2.2
202202191715,300.0,1.3
202202191730,243.0,1.8
202202191745,227.0,1.3
202202191800,173.0,3.1
202202191815,243.0,2.2
202202191830,252.0,2.2
202202191845,199.0,1.3
202202191902,16.0,2.2
202202191916,154.0,0.4
202202191930,224.0,3.1
202202191945,25.0,2.2
202202192000,232.0,2.2
202202192015,107.0,1.8
202202192030,267.0,3.1
202202192100,225.0,2.7
202202192115,250.0,2.2
202202192131,109.0,1.3
202202192146,125.0,1.3
202202192200,128.0,1.8
202202192215,257.0,1.3
202202192230,293.0,2.7
202202192245,266.0,1.8
202202192300,162.0,0.4
202202192315,118.0,0.4
202202192330,246.0,1.3
202202192345,213.0,1.3
202202200001,273.0,0.4
202202200015,,0.0
202202200031,,0.0
202202200045,,0.0
202202200100,,0.0
202202200115,,0.0
202202200130,,0.0
202202200145,,0.0
202202200200,,0.0
202202200216,120.0,0.4
202202200230,,0.0
202202200245,,0.0
202202200300,,0.0
202202200316,,0.0
202202200330,,0.0
202202200345,41.0,0.4
202202200400,,0.0
202202200415,,0.0
202202200430,,0.0
202202200445,,0.0
202202200500,,0.0
202202200516,,0.0
202202200530,,0.0
202202200546,,0.0
202202200601,281.0,0.4
202202200616,,0.0
202202200630,,0.0
202202200645,,0.0
202202200701,,0.0
202202200715,,0.0
202202200730,,0.0
202202200746,,0.0
202202200800,,0.0
202202200816,,0.0
202202200831,,0.0
202202200846,,0.0
202202200900,,0.0
202202200915,,0.0
202202200930,,0.0
202202200945,,0.0
202202201000,,0.0
202202201015,,0.0
202202201030,,0.0
202202201045,,0.0
202202201100,,0.0
202202201115,,0.0
202202201130,,0.0
202202201145,,0.0
202202201201,,0.0
202202201215,,0.0
202202201230,,0.0
202202201246,,0.0
202202201300,,0.0
202202201315,218.0,0.4
202202201331,,0.0
202202201345,,0.0
202202201400,298.0,1.3
202202201415,144.0,0.9
202202201430,293.0,1.3
202202201445,262.0,1.3
202202201500,195.0,0.4
202202201530,143.0,0.9
202202201545,207.0,0.9
202202201600,211.0,1.3
202202201615,72.0,0.4
202202201630,124.0,1.3
202202201646,349.0,1.3
202202201701,172.0,1.3
202202201716,262.0,1.8
202202201730,139.0,0.9
202202201745,302.0,0.9
202202201800,262.0,0.4
202202201830,141.0,1.3
202202201845,214.0,0.4
202202201900,134.0,1.3
202202201915,286.0,1.3
202202201930,103.0,2.2
202202201945,224.0,0.9
202202202000,161.0,0.4
202202202015,192.0,0.9
202202202030,138.0,0.4
202202202045,208.0,0.4
202202202101,237.0,0.9
202202202115,,0.0
202202202131,176.0,0.9
202202202146,101.0,0.4
202202202215,214.0,0.4
202202202231,224.0,1.3
202202202245,268.0,0.9
202202202301,116.0,0.4
202202202315,,0.0
202202202330,282.0,0.9
202202202345,283.0,0.4
202202210000,,0.0
202202210015,,0.0
202202210030,,0.0
202202210045,,0.0
202202210100,,0.0
202202210115,,0.0
202202210130,262.0,0.4
202202210145,,0.0
202202210200,,0.0
202202210215,,0.0
202202210230,,0.0
202202210245,,0.0
202202210300,,0.0
202202210315,,0.0
202202210345,,0.0
202202210400,,0.0
202202210415,,0.0
202202210430,,0.0
202202210446,,0.0
202202210501,,0.0
202202210515,,0.0
202202210531,,0.0
202202210546,,0.0
202202210630,,0.0
202202210645,,0.0
202202210700,,0.0
202202210715,,0.0
202202210745,,0.0
202202210800,,0.0
202202210815,,0.0
202202210830,,0.0
202202210845,,0.0
202202210900,,0.0
202202210915,,0.0
202202210930,,0.0
202202210945,,0.0
202202211000,,0.0
202202211015,,0.0
202202211031,,0.0
202202211046,,0.0
202202211100,,0.0
202202211115,,0.0
202202211130,,0.0
202202211145,,0.0
202202211201,,0.0
202202211216,,0.0
202202211230,,0.0
202202211245,,0.0
202202211300,,0.0
202202211315,,0.0
202202211330,,0.0
202202211345,,0.0
202202211400,,0.0
202202211415,,0.0
202202211430,245.0,0.4
202202211445,271.0,0.4
202202211500,260.0,0.4
202202211515,219.0,0.4
202202211545,265.0,1.3
202202211600,306.0,1.3
202202211615,201.0,1.8
202202211630,165.0,1.3
202202211645,254.0,0.9
202202211700,276.0,0.4
202202211715,297.0,0.9
202202211730,254.0,1.3
202202211745,215.0,1.3
202202211800,290.0,1.3
202202211816,20.0,1.3
202202211830,200.0,0.9
202202211845,198.0,0.9
202202211900,299.0,0.4
202202211916,133.0,0.9
202202211930,,0.0
202202211945,215.0,0.4
202202212000,331.0,1.3
202202212015,289.0,1.3
202202212031,263.0,0.9
202202212045,234.0,0.4
202202212101,297.0,0.4
202202212115,,0.0
202202212130,,0.0
202202212215,164.0,0.4
202202212230,347.0,1.3
202202212245,37.0,0.4
202202212300,295.0,0.9
202202212315,298.0,0.9
202202212330,131.0,1.3
202202212345,271.0,1.8
202202220015,240.0,0.9
202202220030,186.0,0.9
202202220045,103.0,0.4
202202220100,288.0,0.9
202202220115,207.0,0.9
202202220130,,0.0
202202220145,309.0,1.8
202202220200,113.0,0.9
202202220215,230.0,0.4
202202220231,295.0,0.9
202202220245,155.0,0.9
202202220300,336.0,0.9
202202220315,124.0,0.4
202202220331,193.0,0.4
202202220346,165.0,0.4
202202220400,199.0,1.3
202202220430,295.0,0.4
202202220445,120.0,1.8
202202220500,140.0,1.8
202202220515,133.0,0.9
202202220530,246.0,0.4
202202220545,300.0,1.3
202202220600,218.0,1.8
202202220615,225.0,0.9
202202220630,233.0,1.3
202202220645,222.0,0.9
202202220701,294.0,1.3
202202220715,199.0,0.9
202202220731,229.0,0.9
202202220746,114.0,0.4
202202220802,84.0,0.4
202202220815,65.0,0.9
202202220830,315.0,1.3
202202220845,209.0,0.9
202202220900,145.0,1.3
202202220915,235.0,0.9
202202220930,283.0,0.9
202202221000,186.0,0.4
202202221015,148.0,0.4
202202221030,283.0,0.9
202202221045,4.0,0.4
202202221100,142.0,1.3
202202221115,79.0,0.4
202202221130,108.0,0.4
202202221145,278.0,1.3
202202221200,346.0,1.3
202202221216,290.0,0.4
202202221231,32.0,0.9
202202221245,297.0,0.4
202202221315,293.0,2.2
202202221331,86.0,1.3
202202221346,357.0,0.4
202202221403,302.0,0.4
202202221416,,0.0
202202221431,314.0,1.8
202202221445,,0.0
202202221500,258.0,0.4
202202221515,58.0,0.4
202202221530,,0.0
202202221600,297.0,0.9
202202221615,,0.0
202202221630,352.0,0.4
202202221645,218.0,0.4
202202221700,323.0,1.3
202202221715,149.0,0.9
202202221730,230.0,1.8
202202221745,184.0,1.8
202202221800,307.0,1.3
202202221816,123.0,0.9
202202221831,110.0,1.8
202202221846,233.0,2.7
202202221900,195.0,3.6
202202221915,154.0,2.2
202202221945,281.0,2.2
202202222000,131.0,0.9
202202222015,135.0,1.8
202202222045,300.0,0.9
202202222100,176.0,1.8
202202222115,228.0,0.9
202202222130,141.0,1.8
202202222145,127.0,1.3
202202222200,,0.0
202202222215,,0.0
202202222230,,0.0
202202222300,43.0,0.9
202202222330,298.0,0.9
202202222345,212.0,0.4
202202230000,284.0,0.4
202202230016,168.0,0.9
202202230032,99.0,1.3
202202230100,307.0,0.9
202202230115,288.0,1.8
202202230146,176.0,0.4
202202230200,71.0,0.9
202202230216,174.0,0.9
202202230230,268.0,0.9
202202230245,102.0,0.4
202202230300,21.0,0.9
202202230315,229.0,0.9
202202230330,250.0,0.9
202202230400,139.0,0.9
202202230415,98.0,0.4
202202230430,168.0,1.3
202202230445,285.0,0.9
202202230500,134.0,0.4
202202230515,123.0,0.9
202202230545,237.0,0.9
202202230600,203.0,0.9
202202230615,269.0,0.9
202202230630,138.0,0.4
202202230645,63.0,0.9
202202230701,6.0,1.3
202202230716,302.0,1.8
202202230731,303.0,1.3
202202230745,304.0,0.9
202202230800,338.0,0.4
202202230815,166.0,0.9
202202230830,270.0,2.2
202202230845,131.0,1.3
202202230900,309.0,2.2
202202230915,276.0,2.2
202202230930,288.0,0.9
202202230945,326.0,2.2
202202231000,165.0,0.4
202202231015,,0.0
202202231030,,0.0
202202231100,,0.0
202202231115,,0.0
202202231131,,0.0
202202231146,,0.0
202202231200,,0.0
202202231216,,0.0
202202231230,,0.0
202202231245,,0.0
202202231300,,0.0
202202231315,,0.0
202202231330,,0.0
202202231345,,0.0
202202231400,,0.0
202202231415,,0.0
202202231430,,0.0
202202231445,164.0,0.9
202202231500,,0.0
202202231530,,0.0
202202231546,143.0,0.9
202202231600,,0.0
202202231615,,0.0
202202231630,139.0,0.4
202202231645,,0.0
202202231701,,0.0
202202231730,,0.0
202202231746,,0.0
202202231801,174.0,0.4
202202231845,240.0,0.9
202202231900,150.0,1.3
202202231930,,0.0
202202231945,,0.0
202202232000,,0.0
202202232016,137.0,0.9
202202232030,123.0,0.9
202202232046,94.0,0.4
202202232130,,0.0
202202232146,210.0,0.4
202202232201,251.0,0.4
202202232216,,0.0
202202232230,228.0,0.4
202202232245,,0.0
202202232300,260.0,0.4
202202232315,220.0,0.9
202202232330,309.0,0.4
202202232345,,0.0
202202240015,,0.0
202202240030,,0.0
202202240045,285.0,0.4
202202240115,,0.0
202202240130,,0.0
202202240145,,0.0
202202240200,,0.0
202202240215,,0.0
202202240230,,0.0
202202240246,,0.0
202202240300,,0.0
202202240315,,0.0
202202240331,,0.0
202202240346,,0.0
202202240400,,0.0
202202240415,,0.0
202202240446,,0.0
202202240501,,0.0
202202240516,,0.0
202202240530,,0.0
202202240545,,0.0
202202240600,,0.0
202202240615,,0.0
202202240630,,0.0
202202240645,,0.0
202202240700,,0.0
202202240715,,0.0
202202240730,,0.0
202202240745,,0.0
202202240800,,0.0
202202240830,,0.0
202202240845,,0.0
202202240900,,0.0
202202240915,,0.0
202202240930,,0.0
202202240945,,0.0
202202241000,,0.0
202202241015,,0.0
202202241031,,0.0
202202241045,,0.0
202202241100,,0.0
202202241115,,0.0
202202241130,,0.0
202202241145,,0.0
202202241200,,0.0
202202241230,,0.0
202202241245,,0.0
202202241300,,0.0
202202241315,,0.0
202202241330,,0.0
202202241345,,0.0
202202241400,,0.0
202202241415,,0.0
202202241430,,0.0
202202241445,,0.0
202202241501,,0.0
202202241516,,0.0
202202241531,,0.0
202202241546,,0.0
202202241615,164.0,1.8
202202241630,143.0,1.3
202202241645,228.0,1.8
202202241700,297.0,0.9
202202241715,287.0,1.8
202202241730,51.0,2.2
202202241745,241.0,1.3
202202241800,,0.0
202202241815,138.0,1.3
202202241831,281.0,1.3
202202241845,291.0,0.4
202202241901,152.0,0.9
202202241916,78.0,1.3
202202241930,118.0,1.8
202202242015,121.0,0.4
202202242030,268.0,0.9
202202242045,284.0,0.4
202202242100,116.0,0.4
202202242115,68.0,0.4
202202242130,179.0,1.3
202202242145,266.0,0.9
202202242200,314.0,1.3
202202242215,283.0,0.9
202202242230,56.0,0.4
202202242245,349.0,0.9
202202242300,304.0,0.4
202202242315,296.0,0.9
202202242330,333.0,0.4
202202242345,103.0,0.4
202202250000,303.0,0.9
202202250015,226.0,0.4
202202250030,,0.0
202202250045,,0.0
202202250100,107.0,0.4
202202250116,,0.0
202202250130,54.0,0.9
202202250200,220.0,0.9
202202250216,108.0,0.4
202202250231,,0.0
202202250245,275.0,0.4
202202250301,41.0,0.4
202202250316,354.0,0.4
202202250330,349.0,0.4
202202250345,359.0,1.3
202202250415,226.0,0.4
202202250430,89.0,1.3
202202250445,32.0,1.3
202202250500,269.0,0.9
202202250515,76.0,0.4
202202250530,102.0,0.9
202202250545,107.0,0.9
202202250600,250.0,0.9
202202250616,160.0,0.9
202202250631,115.0,0.9
202202250646,173.0,1.3
202202250700,102.0,1.3
202202250716,338.0,0.9
202202250731,304.0,0.4
202202250746,311.0,1.3
202202250801,144.0,0.4
202202250815,298.0,2.2
202202250830,263.0,1.3
202202250845,5.0,1.3
202202250900,295.0,2.7
202202250915,293.0,1.8
202202250930,298.0,2.7
202202250945,277.0,2.2
202202251000,165.0,2.2
202202251015,242.0,1.8
202202251031,186.0,2.7
202202251045,117.0,2.2
202202251100,156.0,1.3
202202251115,210.0,2.2
202202251130,215.0,1.3
202202251146,151.0,1.8
202202251200,275.0,2.2
202202251215,269.0,0.9
202202251231,123.0,0.4
202202251246,22.0,0.4
202202251315,,0.0
202202251330,34.0,0.4
202202251345,328.0,0.4
202202251400,315.0,0.4
202202251415,124.0,0.9
202202251430,,0.0
202202251445,,0.0
202202251500,167.0,0.4
202202251515,244.0,0.4
202202251530,60.0,0.9
202202251545,,0.0
202202251600,200.0,1.3
202202251615,255.0,0.9
202202251630,266.0,0.4
202202251645,219.0,0.9
202202251700,221.0,0.9
202202251715,189.0,2.2
202202251730,5.0,3.1
202202251746,204.0,1.8
202202251801,298.0,2.7
202202251816,286.0,2.7
202202251846,283.0,1.8
202202251900,259.0,2.7
202202251915,238.0,4.0
202202251930,266.0,1.3
202202251945,293.0,3.1
202202252000,185.0,1.8
202202252015,231.0,0.9
202202252045,295.0,2.7
202202252100,277.0,2.2
202202252115,255.0,1.8
202202252130,89.0,0.4
202202252145,107.0,0.9
202202252200,53.0,0.4
202202252215,,0.0
202202252232,,0.0
202202252246,,0.0
202202252300,235.0,1.8
202202252315,278.0,0.4
202202252330,,0.0
202202252345,,0.0
202202260000,,0.0
202202260015,,0.0
202202260030,,0.0
202202260045,,0.0
202202260100,,0.0
202202260116,122.0,0.4
202202260130,,0.0
202202260145,,0.0
202202260200,,0.0
202202260216,,0.0
202202260230,,0.0
202202260245,,0.0
202202260300,,0.0
202202260316,275.0,0.4
202202260345,275.0,0.4
202202260401,,0.0
202202260415,,0.0
202202260430,,0.0
202202260445,,0.0
202202260500,270.0,0.4
202202260515,,0.0
202202260530,,0.0
202202260545,,0.0
202202260600,,0.0
202202260630,,0.0
202202260700,,0.0
202202260716,,0.0
202202260731,,0.0
202202260745,,0.0
202202260830,,0.0
202202260845,,0.0
202202260900,,0.0
202202260915,,0.0
202202260930,,0.0
202202260945,,0.0
202202261000,,0.0
202202261015,,0.0
202202261030,,0.0
202202261045,,0.0
202202261100,,0.0
202202261116,,0.0
202202261130,,0.0
202202261145,,0.0
202202261201,,0.0
202202261216,,0.0
202202261231,130.0,0.4
202202261246,,0.0
202202261300,134.0,0.4
202202261316,134.0,0.9
202202261330,128.0,0.4
202202261345,140.0,0.4
202202261400,146.0,0.4
202202261430,135.0,0.4
202202261445,134.0,0.4
202202261500,134.0,0.9
202202261515,93.0,0.4
202202261530,,0.0
202202261545,276.0,0.9
202202261600,253.0,0.4
202202261615,122.0,0.9
202202261631,150.0,0.4
202202261646,153.0,0.4
202202261701,135.0,0.9
202202261716,165.0,0.4
202202261730,210.0,1.3
202202261745,282.0,1.8
202202261800,234.0,1.3
202202261815,229.0,1.8
202202261830,285.0,0.9
202202261845,247.0,1.3
202202261915,130.0,1.3
202202261945,232.0,1.3
202202262000,88.0,0.4
202202262015,199.0,0.9
202202262045,147.0,0.4
202202262100,201.0,0.9
202202262115,98.0,0.4
202202262130,165.0,1.3
202202262145,231.0,0.9
202202262200,259.0,0.4
202202262215,210.0,0.4
202202262231,,0.0
202202262246,168.0,0.9
202202262300,263.0,0.4
202202262331,,0.0
202202262345,,0.0
202202270000,,0.0
202202270016,,0.0
202202270031,,0.0
202202270046,,0.0
202202270115,,0.0
202202270130,,0.0
202202270145,,0.0
202202270200,,0.0
202202270215,,0.0
202202270231,,0.0
202202270245,,0.0
202202270315,,0.0
202202270330,,0.0
202202270345,,0.0
202202270400,,0.0
202202270415,,0.0
202202270430,,0.0
202202270445,,0.0
202202270500,,0.0
202202270515,,0.0
202202270530,,0.0
202202270546,,0.0
202202270601,,0.0
202202270616,,0.0
202202270630,,0.0
202202270645,,0.0
202202270701,,0.0
202202270715,,0.0
202202270730,,0.0
202202270745,,0.0
202202270800,,0.0
202202270815,,0.0
202202270830,,0.0
202202270845,,0.0
202202270900,227.0,0.4
202202270915,,0.0
202202270930,,0.0
202202270945,,0.0
202202271000,,0.0
202202271015,,0.0
202202271030,,0.0
202202271046,,0.0
202202271101,,0.0
202202271115,,0.0
202202271131,,0.0
202202271201,,0.0
202202271215,,0.0
202202271231,,0.0
202202271246,,0.0
202202271301,,0.0
202202271330,,0.0
202202271345,,0.0
202202271415,,0.0
202202271430,,0.0
202202271445,,0.0
202202271500,,0.0
202202271515,180.0,0.4
202202271531,,0.0
202202271600,,0.0
202202271615,123.0,1.3
202202271630,111.0,0.4
202202271646,271.0,0.9
202202271701,283.0,1.3
202202271715,215.0,0.4
202202271730,257.0,0.9
202202271746,,0.0
202202271800,169.0,0.9
202202271816,198.0,0.9
202202271830,159.0,0.4
202202271845,136.0,0.4
202202271900,,0.0
202202271915,196.0,0.4
202202271930,,0.0
202202271945,,0.0
202202272000,,0.0
202202272015,,0.0
202202272030,142.0,0.4
202202272045,,0.0
202202272100,,0.0
202202272115,,0.0
202202272130,,0.0
202202272145,,0.0
202202272200,,0.0
202202272215,,0.0
202202272246,,0.0
202202272300,133.0,0.4
202202272315,,0.0
202202272330,,0.0
202202272345,,0.0
202202280001,,0.0
202202280016,,0.0
202202280030,,0.0
202202280046,,0.0
202202280101,140.0,0.4
202202280130,136.0,0.4
202202280145,,0.0
202202280200,,0.0
202202280215,,0.0
202202280230,,0.0
202202280245,,0.0
202202280300,,0.0
202202280330,,0.0
202202280345,,0.0
202202280400,,0.0
202202280415,,0.0
202202280431,,0.0
202202280445,277.0,0.4
202202280500,,0.0
202202280516,,0.0
202202280530,,0.0
202202280545,,0.0
202202280600,,0.0
202202280615,,0.0
202202280630,,0.0
202202280645,,0.0
202202280700,,0.0
202202280715,,0.0
202202280731,285.0,0.4
202202280746,,0.0
202202280800,,0.0
202202280831,,0.0
202202280845,,0.0
202202280900,,0.0
202202280915,,0.0
202202280930,,0.0
202202281000,,0.0
202202281015,,0.0
202202281030,,0.0
202202281045,,0.0
202202281100,,0.0
202202281115,,0.0
202202281130,,0.0
202202281145,,0.0
202202281200,,0.0
202202281215,,0.0
202202281230,,0.0
202202281246,,0.0
202202281300,,0.0
202202281315,,0.0
202202281331,,0.0
202202281415,,0.0
202202281445,,0.0
202202281501,153.0,0.4
202202281515,,0.0
202202281530,,0.0
202202281545,138.0,0.4
202202281600,166.0,0.4
202202281615,138.0,0.4
202202281630,163.0,1.3
202202281646,89.0,0.4
202202281700,120.0,0.9
202202281716,94.0,0.9
202202281730,,0.0
202202281745,167.0,0.4
202202281800,146.0,0.4
202202281815,172.0,1.3
202202281830,153.0,0.9
202202281845,162.0,0.9
202202281900,178.0,1.8
202202281915,137.0,0.4
202202281945,322.0,0.9
202202282000,138.0,0.9
202202282015,143.0,1.3
202202282030,181.0,0.9
202202282045,151.0,0.4
202202282100,197.0,0.9
202202282115,94.0,1.8
202202282130,251.0,1.3
202202282145,263.0,0.4
202202282200,268.0,1.3
202202282215,212.0,0.4
202202282246,,0.0
202202282300,,0.0
202202282315,,0.0
202202282330,,0.0
202202282345,,0.0
202203010000,271.0,0.4
202203010015,,0.0
202203010030,,0.0
202203010045,,0.0
202203010100,,0.0
202203010115,272.0,0.9
202203010130,,0.0
202203010145,,0.0
202203010200,,0.0
202203010216,,0.0
202203010230,,0.0
202203010245,,0.0
202203010300,,0.0
202203010315,,0.0
202203010346,,0.0
202203010401,,0.0
202203010415,,0.0
202203010430,,0.0
202203010445,,0.0
202203010500,,0.0
202203010515,,0.0
202203010531,,0.0
202203010545,,0.0
202203010616,,0.0
202203010645,,0.0
202203010700,,0.0
202203010715,,0.0
202203010730,,0.0
202203010745,,0.0
202203010800,,0.0
202203010815,,0.0
202203010830,,0.0
202203010845,,0.0
202203010900,,0.0
202203010915,,0.0
202203010930,,0.0
202203010945,,0.0
202203011000,266.0,0.4
202203011015,266.0,0.4
202203011045,281.0,0.4
202203011100,,0.0
202203011116,,0.0
202203011130,,0.0
202203011146,,0.0
202203011201,,0.0
202203011215,,0.0
202203011230,,0.0
202203011245,,0.0
202203011300,,0.0
202203011315,,0.0
202203011330,,0.0
202203011345,,0.0
202203011400,,0.0
202203011430,122.0,0.4
202203011445,,0.0
202203011500,143.0,0.9
202203011515,146.0,0.9
202203011530,143.0,0.4
202203011547,103.0,0.9
202203011601,168.0,0.4
202203011615,86.0,0.4
202203011630,146.0,1.3
202203011645,144.0,1.3
202203011700,132.0,0.4
202203011715,226.0,0.9
202203011745,149.0,0.9
202203011800,134.0,0.4
202203011815,122.0,0.9
202203011830,143.0,1.8
202203011845,164.0,1.3
202203011900,295.0,1.3
202203011915,151.0,2.7
202203011930,156.0,0.4
202203012016,110.0,0.9
202203012031,161.0,0.9
202203012100,163.0,0.4
202203012115,236.0,0.9
202203012130,271.0,0.9
202203012145,153.0,0.9
202203012200,281.0,0.4
202203012215,143.0,0.4
202203012230,133.0,0.4
202203012245,220.0,0.4
202203012300,213.0,1.3
202203012315,282.0,0.4
202203012330,269.0,0.9
202203012345,274.0,0.4
202203020000,,0.0
202203020015,,0.0
202203020030,,0.0
202203020045,,0.0
202203020100,,0.0
202203020115,,0.0
202203020130,,0.0
202203020145,279.0,0.4
202203020200,,0.0
202203020215,,0.0
202203020231,229.0,0.4
202203020301,149.0,0.9
202203020315,,0.0
202203020331,,0.0
202203020346,46.0,0.4
202203020401,,0.0
202203020416,,0.0
202203020446,,0.0
202203020500,276.0,0.4
202203020515,276.0,0.4
202203020530,,0.0
202203020545,,0.0
202203020600,293.0,0.4
202203020615,276.0,0.4
202203020630,288.0,0.9
202203020645,251.0,0.4
202203020700,47.0,0.4
202203020715,,0.0
202203020730,276.0,0.4
202203020746,,0.0
202203020800,74.0,0.4
202203020815,278.0,1.3
202203020831,266.0,0.9
202203020846,78.0,0.4
202203020901,51.0,0.4
202203020915,66.0,0.4
202203020930,240.0,0.4
202203020945,,0.0
202203021000,269.0,0.4
202203021015,,0.0
202203021030,96.0,0.4
202203021100,,0.0
202203021115,,0.0
202203021130,333.0,0.4
202203021145,,0.0
202203021200,,0.0
202203021215,,0.0
202203021230,,0.0
202203021245,269.0,0.4
202203021300,,0.0
202203021315,,0.0
202203021331,43.0,0.9
202203021346,,0.0
202203021400,129.0,0.4
202203021415,111.0,0.4
202203021431,132.0,0.4
202203021446,288.0,0.9
202203021500,141.0,0.4
202203021515,240.0,0.9
202203021530,270.0,0.9
202203021545,,0.0
202203021600,146.0,1.3
202203021615,50.0,1.3
202203021631,76.0,0.4
202203021646,272.0,1.3
202203021700,311.0,0.4
202203021716,295.0,1.3
202203021730,164.0,0.9
202203021746,36.0,1.8
202203021815,237.0,3.1
202203021830,306.0,0.9
202203021846,331.0,0.4
202203021900,254.0,1.3
202203021916,231.0,1.3
202203021930,163.0,1.3
202203021945,269.0,0.9
202203022000,156.0,1.8
202203022015,264.0,0.9
202203022030,229.0,1.3
202203022130,224.0,0.9
202203022145,116.0,1.3
202203022200,228.0,2.2
202203022230,234.0,1.3
202203022245,,0.0
202203022300,285.0,0.4
202203022330,274.0,0.4
202203022346,274.0,0.4
202203030000,,0.0
202203030015,288.0,0.4
202203030031,270.0,0.9
202203030116,,0.0
202203030131,,0.0
202203030145,,0.0
202203030201,,0.0
202203030215,,0.0
202203030230,,0.0
202203030245,263.0,0.4
202203030300,,0.0
202203030315,,0.0
202203030330,,0.0
202203030345,,0.0
202203030400,,0.0
202203030415,102.0,0.4
202203030430,,0.0
202203030445,168.0,0.4
202203030500,120.0,0.4
202203030515,245.0,0.9
202203030530,268.0,1.8
202203030546,302.0,1.3
202203030616,271.0,1.8
202203030645,262.0,2.2
202203030701,276.0,2.7
202203030715,300.0,2.2
202203030815,266.0,3.1
202203030830,240.0,1.8
202203030845,181.0,1.3
202203030900,14.0,1.3
202203030915,6.0,0.4
202203031000,240.0,1.8
202203031015,263.0,1.3
202203031030,246.0,1.3
202203031045,252.0,1.8
202203031100,234.0,1.8
202203031115,224.0,1.8
202203031131,258.0,1.3
202203031145,238.0,3.1
202203031200,294.0,2.2
202203031215,290.0,2.7
202203031230,256.0,1.8
202203031245,269.0,3.1
202203031301,273.0,3.1
202203031330,262.0,4.0
202203031346,258.0,4.9
202203031401,235.0,3.6
202203031415,286.0,4.0
202203031430,271.0,4.5
202203031445,264.0,4.0
202203031500,272.0,4.5
202203031515,293.0,3.1
202203031530,297.0,4.0
202203031545,274.0,4.0
202203031600,277.0,2.7
202203031615,275.0,4.5
202203031631,238.0,2.2
202203031645,232.0,1.3
202203031701,205.0,1.8
202203031716,282.0,1.8
202203031730,156.0,0.9
202203031746,238.0,1.8
202203031801,277.0,1.8
202203031831,269.0,2.7
202203031845,248.0,0.9
202203031900,276.0,0.9
202203031915,265.0,3.6
202203031930,264.0,2.2
202203032000,269.0,2.2
202203032015,280.0,1.3
202203032030,276.0,2.7
202203032045,290.0,1.3
202203032100,210.0,0.9
202203032115,225.0,1.3
202203032130,251.0,1.8
202203032145,306.0,1.3
202203032200,,0.0
202203032215,281.0,0.4
202203032231,250.0,0.9
202203032246,235.0,0.9
202203032300,,0.0
202203032315,,0.0
202203032330,15.0,0.4
202203032345,,0.0
202203040000,276.0,0.9
202203040016,,0.0
202203040031,282.0,0.9
202203040045,274.0,0.4
202203040100,,0.0
202203040115,,0.0
202203040130,300.0,0.4
202203040145,213.0,0.4
202203040201,,0.0
202203040215,4.0,0.4
202203040245,275.0,0.9
202203040300,250.0,0.4
202203040315,121.0,0.4
202203040330,289.0,0.4
202203040345,,0.0
202203040400,,0.0
202203040415,,0.0
202203040430,,0.0
202203040445,,0.0
202203040500,,0.0
202203040516,,0.0
202203040531,,0.0
202203040546,,0.0
202203040600,,0.0
202203040615,245.0,0.4
202203040630,,0.0
202203040645,,0.0
202203040700,278.0,0.4
202203040715,,0.0
202203040730,,0.0
202203040745,,0.0
202203040800,,0.0
202203040815,,0.0
202203040830,,0.0
202203040845,267.0,0.4
202203040900,,0.0
202203040931,,0.0
202203041000,,0.0
202203041015,,0.0
202203041030,,0.0
202203041100,,0.0
202203041115,,0.0
202203041130,,0.0
202203041145,,0.0
202203041215,,0.0
202203041245,,0.0
202203041301,,0.0
202203041315,,0.0
202203041331,,0.0
202203041400,,0.0
202203041415,,0.0
202203041430,158.0,1.8
202203041445,136.0,0.4
202203041500,156.0,0.9
202203041515,,0.0
202203041530,140.0,0.9
202203041545,156.0,0.9
202203041601,146.0,0.4
202203041616,131.0,0.4
202203041630,283.0,1.8
202203041645,134.0,0.4
202203041700,186.0,0.9
202203041715,126.0,0.9
202203041730,252.0,0.4
202203041801,179.0,1.3
202203041816,105.0,1.3
202203041830,300.0,1.3
202203041845,253.0,2.2
202203041900,141.0,1.3
202203041915,60.0,0.9
202203041930,335.0,2.2
202203041945,260.0,1.3
202203042000,111.0,1.8
202203042015,241.0,1.8
202203042030,226.0,1.3
202203042045,176.0,1.8
202203042100,137.0,0.9
202203042115,134.0,1.3
202203042130,235.0,0.4
202203042145,237.0,1.8
202203042200,132.0,0.4
202203042215,282.0,0.9
202203042230,276.0,0.9
202203042245,261.0,0.4
202203042301,286.0,0.4
202203042315,,0.0
202203042331,159.0,0.4
202203050016,258.0,0.4
202203050031,,0.0
202203050047,268.0,0.4
202203050100,263.0,0.4
202203050115,275.0,0.4
202203050145,271.0,0.4
202203050200,,0.0
202203050215,,0.0
202203050230,,0.0
202203050245,,0.0
202203050315,267.0,0.4
202203050330,265.0,0.4
202203050346,,0.0
202203050400,265.0,0.4
202203050415,,0.0
202203050430,268.0,0.4
202203050445,,0.0
202203050501,,0.0
202203050515,257.0,0.4
202203050531,,0.0
202203050545,,0.0
202203050615,,0.0
202203050630,,0.0
202203050645,,0.0
202203050701,,0.0
202203050716,,0.0
202203050730,,0.0
202203050745,,0.0
202203050800,,0.0
202203050815,,0.0
202203050830,,0.0
202203050845,,0.0
202203050900,,0.0
202203050915,,0.0
202203050930,,0.0
202203050945,,0.0
202203051000,,0.0
202203051015,,0.0
202203051030,,0.0
202203051045,,0.0
202203051101,,0.0
202203051116,,0.0
202203051131,,0.0
202203051147,,0.0
202203051215,,0.0
202203051230,,0.0
202203051245,,0.0
202203051300,,0.0
202203051315,,0.0
202203051330,,0.0
202203051345,,0.0
202203051400,,0.0
202203051415,,0.0
202203051430,,0.0
202203051446,250.0,0.4
202203051500,269.0,0.9
202203051516,281.0,0.4
202203051530,238.0,0.4
202203051546,240.0,1.8
202203051600,124.0,2.2
202203051616,214.0,0.9
202203051633,143.0,0.4
202203051645,88.0,1.3
202203051700,133.0,1.3
202203051715,131.0,1.3
202203051730,293.0,1.3
202203051745,238.0,0.9
202203051800,32.0,0.9
202203051830,146.0,1.3
202203051900,262.0,1.3
202203051915,201.0,1.3
202203051930,11.0,0.4
202203051945,74.0,1.3
202203052000,257.0,1.3
202203052016,139.0,0.4
202203052030,141.0,1.8
202203052046,163.0,2.2
202203052101,303.0,0.4
202203052115,73.0,0.9
202203052131,286.0,1.3
202203052147,259.0,0.9
202203052200,,0.0
202203052215,259.0,1.3
202203052300,300.0,0.4
202203052315,294.0,0.4
202203052330,,0.0
202203060015,,0.0
202203060030,,0.0
202203060045,,0.0
202203060100,,0.0
202203060115,297.0,0.4
202203060130,,0.0
202203060145,306.0,0.4
202203060201,1.0,0.4
202203060216,347.0,0.4
202203060230,141.0,0.4
202203060245,,0.0
202203060300,323.0,0.4
202203060316,243.0,0.4
202203060332,295.0,0.9
202203060346,18.0,0.4
202203060416,276.0,0.9
202203060431,304.0,0.4
202203060446,121.0,0.4
202203060500,209.0,1.8
202203060515,141.0,1.3
202203060530,252.0,0.9
202203060545,73.0,1.3
202203060600,89.0,0.9
202203060615,293.0,0.9
202203060630,128.0,0.9
202203060645,144.0,1.3
202203060700,269.0,1.3
202203060715,300.0,1.3
202203060731,128.0,1.3
202203060746,260.0,1.3
202203060800,257.0,0.4
202203060816,246.0,1.3
202203060847,283.0,0.4
202203060901,120.0,0.9
202203060916,15.0,0.9
202203060931,102.0,0.9
202203060945,302.0,1.8
202203061000,248.0,0.9
202203061015,240.0,2.2
202203061030,176.0,0.9
202203061045,,0.0
202203061100,202.0,0.9
202203061115,251.0,0.4
202203061130,241.0,0.4
202203061145,264.0,0.4
202203061200,106.0,0.9
202203061216,146.0,0.9
202203061231,157.0,0.4
202203061246,231.0,1.3
202203061300,252.0,1.3
202203061315,103.0,1.8
202203061330,309.0,2.7
202203061346,303.0,1.3
202203061401,224.0,0.9
202203061415,124.0,0.4
202203061430,239.0,0.9
202203061446,115.0,1.3
202203061500,124.0,0.4
202203061515,166.0,0.9
202203061530,122.0,0.4
202203061545,187.0,1.3
202203061600,108.0,0.4
202203061615,53.0,1.3
202203061630,147.0,0.4
202203061645,245.0,0.4
202203061700,293.0,1.8
202203061715,255.0,0.9
202203061745,113.0,1.3
202203061800,282.0,0.4
202203061815,267.0,0.4
202203061830,295.0,1.3
202203061846,273.0,0.9
202203061900,121.0,1.3
202203061930,82.0,0.9
202203061946,294.0,1.3
202203062001,336.0,0.9
202203062015,290.0,1.3
202203062030,260.0,2.7
202203062045,306.0,0.9
202203062100,211.0,1.8
202203062115,269.0,2.2
202203062130,154.0,1.3
202203062230,264.0,0.9
202203062245,192.0,0.4
202203062300,,0.0
202203062330,,0.0
202203062345,,0.0
202203070000,,0.0
202203070015,,0.0
202203070046,,0.0
202203070100,,0.0
202203070115,,0.0
202203070130,,0.0
202203070145,,0.0
202203070200,,0.0
202203070215,,0.0
202203070230,36.0,0.4
202203070245,,0.0
202203070300,269.0,0.4
202203070315,,0.0
202203070330,233.0,0.9
202203070346,125.0,0.9
202203070401,255.0,0.9
202203070415,82.0,0.9
202203070430,296.0,0.9
202203070446,77.0,0.9
202203070500,249.0,2.2
202203070515,238.0,1.3
202203070530,300.0,2.2
202203070545,345.0,1.8
202203070601,342.0,0.9
202203070616,93.0,1.3
202203070630,173.0,1.3
202203070645,276.0,1.8
202203070700,162.0,0.9
202203070715,212.0,1.3
202203070730,121.0,1.8
202203070745,221.0,1.8
202203070815,90.0,1.3
202203070830,131.0,0.9
202203070845,255.0,1.3
202203070900,23.0,0.9
202203070915,209.0,1.3
202203070930,202.0,0.9
202203070945,157.0,1.8
202203071000,345.0,1.8
202203071016,255.0,1.3
202203071030,321.0,1.3
202203071046,274.0,1.3
202203071102,153.0,2.2
202203071117,257.0,1.8
202203071145,329.0,0.9
202203071245,279.0,2.7
202203071300,98.0,1.3
202203071315,300.0,2.2
202203071345,109.0,0.4
202203071400,144.0,0.4
202203071415,318.0,3.6
202203071430,129.0,2.2
202203071446,347.0,2.7
202203071501,108.0,1.8
202203071515,287.0,2.7
202203071530,95.0,2.7
202203071545,267.0,2.7
202203071615,323.0,2.2
202203071630,97.0,2.2
202203071645,15.0,2.7
202203071701,236.0,2.7
202203071730,357.0,1.3
202203071745,120.0,0.9
202203071800,337.0,0.9
202203071815,84.0,0.9
202203071830,149.0,2.2
202203071845,300.0,1.3
202203071900,294.0,1.8
202203071915,248.0,0.9
202203071930,281.0,1.8
202203071945,294.0,0.4
202203072000,169.0,0.9
202203072015,259.0,1.3
202203072030,312.0,1.3
202203072045,297.0,1.3
202203072100,117.0,0.9
202203072116,305.0,1.8
202203072130,129.0,1.3
202203072146,120.0,2.2
202203072200,79.0,1.3
202203072216,178.0,0.4
202203072245,201.0,1.3
202203072300,267.0,2.2
202203072315,179.0,2.7
202203072330,271.0,3.1
202203072345,210.0,1.8
202203080000,258.0,1.8
202203080015,298.0,2.7
202203080030,212.0,0.4
202203080045,269.0,1.3
202203080115,94.0,0.4
202203080131,58.0,1.8
202203080145,126.0,0.9
202203080202,83.0,0.9
202203080231,295.0,1.3
202203080245,266.0,0.9
202203080300,49.0,0.4
202203080315,315.0,1.3
202203080330,313.0,1.3
202203080345,260.0,1.3
202203080415,250.0,3.1
202203080445,264.0,2.2
202203080501,261.0,2.2
202203080515,195.0,0.9
202203080531,86.0,0.4
202203080545,196.0,0.4
202203080601,155.0,0.4
202203080615,278.0,2.2
202203080632,89.0,0.9
202203080645,245.0,1.8
202203080715,237.0,0.9
202203080730,195.0,1.8
202203080745,30.0,0.9
202203080800,89.0,0.9
202203080815,241.0,0.4
202203080830,,0.0
202203080845,93.0,0.4
202203080901,,0.0
202203080915,153.0,0.4
202203080930,,0.0
202203080945,113.0,0.4
202203081001,223.0,0.4
202203081015,,0.0
202203081030,,0.0
202203081046,278.0,0.4
202203081101,,0.0
202203081116,,0.0
202203081130,,0.0
202203081145,,0.0
202203081215,,0.0
202203081230,,0.0
202203081245,,0.0
202203081300,,0.0
202203081315,,0.0
202203081330,,0.0
202203081345,,0.0
202203081400,,0.0
202203081415,,0.0
202203081430,136.0,0.4
202203081446,139.0,0.9
202203081500,143.0,0.4
202203081515,181.0,0.4
202203081531,284.0,0.9
202203081600,231.0,1.3
202203081615,123.0,0.4
202203081630,276.0,0.9
202203081645,143.0,0.4
202203081701,134.0,0.9
202203081715,218.0,0.4
202203081730,218.0,0.9
202203081745,,0.0
202203081800,297.0,0.4
202203081815,241.0,0.9
202203081830,96.0,1.8
202203081845,,0.0
202203081900,242.0,1.3
202203081915,138.0,0.9
202203081930,270.0,1.3
202203081945,293.0,0.9
202203082000,262.0,0.4
202203082016,131.0,0.4
202203082030,283.0,0.4
202203082046,283.0,0.4
202203082100,290.0,0.4
202203082115,,0.0
202203082130,,0.0
202203082145,,0.0
202203082201,,0.0
202203082216,,0.0
202203082230,,0.0
202203082245,,0.0
202203082300,143.0,0.4
202203082315,,0.0
202203082330,,0.0
202203082345,,0.0
202203090000,,0.0
202203090015,,0.0
202203090030,,0.0
202203090045,,0.0
202203090115,,0.0
202203090130,,0.0
202203090145,,0.0
202203090200,,0.0
202203090215,,0.0
202203090230,,0.0
202203090245,,0.0
202203090300,,0.0
202203090315,,0.0
202203090330,,0.0
202203090345,,0.0
202203090401,,0.0
202203090416,,0.0
202203090430,,0.0
202203090445,,0.0
202203090501,,0.0
202203090515,,0.0
202203090530,,0.0
202203090545,,0.0
202203090600,,0.0
202203090615,,0.0
202203090630,,0.0
202203090645,,0.0
202203090715,,0.0
202203090730,,0.0
202203090745,,0.0
202203090815,,0.0
202203090830,,0.0
202203090845,,0.0
202203090901,,0.0
202203090916,,0.0
202203090931,,0.0
202203090945,212.0,1.3
202203091000,,0.0
202203091015,,0.0
202203091030,220.0,0.4
202203091045,103.0,0.4
202203091100,,0.0
202203091115,,0.0
202203091130,,0.0
202203091145,,0.0
202203091200,,0.0
202203091215,269.0,0.4
202203091230,,0.0
202203091245,,0.0
202203091300,,0.0
202203091315,,0.0
202203091330,,0.0
202203091345,,0.0
202203091400,,0.0
202203091415,253.0,0.9
202203091430,,0.0
202203091445,33.0,0.4
202203091500,,0.0
202203091515,106.0,0.4
202203091531,,0.0
202203091545,,0.0
202203091546,,0.0
202203091600,,0.0
202203091615,,0.0
202203091630,142.0,0.4
202203091645,134.0,1.3
202203091700,154.0,0.9
202203091715,285.0,0.9
202203091730,291.0,0.9
202203091745,,0.0
202203091800,294.0,0.9
202203091815,116.0,0.9
202203091830,147.0,1.3
202203091845,272.0,0.9
202203091900,259.0,1.8
202203091915,129.0,0.4
202203091930,,0.0
202203091945,129.0,1.3
202203092000,148.0,0.9
202203092015,108.0,0.4
202203092030,117.0,0.4
202203092101,121.0,0.9
202203092116,129.0,0.4
202203092131,122.0,0.4
202203092145,155.0,0.9
202203092200,131.0,0.4
202203092215,,0.0
202203092230,137.0,0.9
202203092245,,0.0
202203092300,,0.0
202203092315,158.0,0.4
202203092330,,0.0
202203092345,,0.0
202203100000,,0.0
202203100015,,0.0
202203100031,,0.0
202203100045,134.0,0.4
202203100100,,0.0
202203100115,,0.0
202203100130,,0.0
202203100145,,0.0
202203100200,,0.0
202203100215,,0.0
202203100231,,0.0
202203100245,,0.0
202203100300,,0.0
202203100315,,0.0
202203100331,,0.0
202203100346,,0.0
202203100400,,0.0
202203100416,,0.0
202203100445,,0.0
202203100500,,0.0
202203100515,,0.0
202203100530,,0.0
202203100545,,0.0
202203100600,,0.0
202203100615,,0.0
202203100630,,0.0
202203100645,,0.0
202203100715,,0.0
202203100730,226.0,0.9
202203100745,,0.0
202203100800,,0.0
202203100815,,0.0
202203100900,,0.0
202203100915,,0.0
202203100930,,0.0
202203100945,,0.0
202203101000,,0.0
202203101015,,0.0
202203101030,,0.0
202203101045,,0.0
202203101115,,0.0
202203101130,,0.0
202203101145,,0.0
202203101200,,0.0
202203101215,,0.0
202203101230,,0.0
202203101245,,0.0
202203101300,,0.0
202203101315,,0.0
202203101330,58.0,0.4
202203101345,,0.0
202203101401,,0.0
202203101415,,0.0
202203101430,,0.0
202203101445,,0.0
202203101500,,0.0
202203101515,,0.0
202203101530,,0.0
202203101545,,0.0
202203101600,,0.0
202203101615,126.0,1.3
202203101630,,0.0
202203101700,,0.0
202203101715,145.0,0.9
202203101745,139.0,0.4
202203101800,143.0,0.4
202203101815,,0.0
202203101830,138.0,1.3
202203101845,169.0,0.4
202203101915,134.0,0.4
202203101931,127.0,0.9
202203101945,141.0,0.4
202203102015,115.0,1.3
202203102030,297.0,0.9
202203102045,300.0,1.8
202203102100,125.0,0.4
202203102115,269.0,0.4
202203102130,171.0,0.4
202203102145,217.0,0.4
202203102200,,0.0
202203102215,,0.0
202203102230,290.0,0.4
202203102245,136.0,0.4
202203102300,198.0,0.4
202203102315,105.0,0.9
202203102345,,0.0
202203110000,112.0,0.4
202203110015,222.0,0.4
202203110030,144.0,0.4
202203110045,266.0,0.4
202203110100,,0.0
202203110115,251.0,0.4
202203110131,,0.0
202203110145,162.0,0.9
202203110215,,0.0
202203110230,,0.0
202203110245,,0.0
202203110300,,0.0
202203110315,,0.0
202203110330,,0.0
202203110345,,0.0
202203110400,159.0,0.4
202203110415,,0.0
202203110430,,0.0
202203110445,,0.0
202203110500,,0.0
202203110515,,0.0
202203110530,257.0,0.4
202203110545,,0.0
202203110601,,0.0
202203110616,,0.0
202203110630,,0.0
202203110646,,0.0
202203110700,290.0,0.4
202203110715,,0.0
202203110730,,0.0
202203110745,,0.0
202203110800,,0.0
202203110815,,0.0
202203110830,,0.0
202203110900,,0.0
202203110915,,0.0
202203110930,268.0,0.4
202203110945,267.0,0.4
202203111000,221.0,0.4
202203111015,,0.0
202203111030,,0.0
202203111045,,0.0
202203111100,,0.0
202203111115,,0.0
202203111130,,0.0
202203111146,,0.0
202203111200,,0.0
202203111215,,0.0
202203111230,,0.0
202203111245,,0.0
202203111301,,0.0
202203111316,255.0,0.4
202203111330,,0.0
202203111400,173.0,0.4
202203111415,,0.0
202203111430,263.0,0.9
202203111445,152.0,0.9
202203111500,120.0,0.4
202203111515,,0.0
202203111530,,0.0
202203111545,125.0,0.4
202203111600,89.0,0.4
202203111615,278.0,1.3
202203111630,255.0,1.3
202203111645,219.0,1.8
202203111700,221.0,0.4
202203111716,190.0,2.7
202203111731,258.0,2.7
202203111745,124.0,1.8
202203111800,285.0,2.2
202203111815,277.0,1.3
202203111830,310.0,1.3
202203111845,240.0,0.9
202203111900,195.0,0.9
202203111915,174.0,1.3
202203111930,302.0,1.8
202203111945,127.0,0.4
202203112000,286.0,1.3
202203112015,356.0,0.9
202203112030,103.0,1.3
202203112045,232.0,1.3
202203112130,237.0,0.4
202203112146,240.0,0.9
202203112201,117.0,0.4
202203112230,146.0,0.4
202203112245,273.0,0.4
202203112300,,0.0
202203112315,,0.0
202203112330,,0.0
202203112345,,0.0
202203120000,134.0,0.4
202203120015,135.0,0.4
202203120045,,0.0
202203120115,,0.0
202203120130,286.0,0.4
202203120145,,0.0
202203120200,,0.0
202203120216,,0.0
202203120230,,0.0
202203120245,,0.0
202203120300,,0.0
202203120315,,0.0
202203120331,,0.0
202203120345,,0.0
202203120400,,0.0
202203120415,,0.0
202203120445,,0.0
202203120500,,0.0
202203120515,,0.0
202203120530,299.0,1.3
202203120545,290.0,0.4
202203120600,,0.0
202203120615,243.0,0.9
202203120631,266.0,0.4
202203120645,,0.0
202203120700,,0.0
202203120715,,0.0
202203120730,136.0,0.4
202203120745,,0.0
202203120800,149.0,1.3
202203120815,29.0,0.9
202203120830,149.0,0.4
202203120845,285.0,0.4
202203120900,278.0,1.8
202203120915,235.0,3.1
202203120930,274.0,2.2
202203120945,213.0,1.3
202203121000,296.0,3.6
202203121030,81.0,4.9
202203121100,289.0,1.8
202203121115,212.0,0.9
202203121130,89.0,0.4
202203121200,221.0,0.9
202203121230,238.0,2.7
202203121245,227.0,6.7
202203121300,291.0,3.6
202203121315,278.0,1.8
202203121330,267.0,1.8
202203121345,240.0,2.2
202203121400,127.0,0.4
202203121415,267.0,2.7
202203121430,257.0,4.0
202203121445,245.0,4.5
202203121501,297.0,4.9
202203121516,264.0,3.6
202203121530,257.0,1.8
202203121545,240.0,5.4
202203121600,292.0,3.1
202203121615,293.0,4.0
202203121630,214.0,2.7
202203121645,233.0,2.7
202203121700,258.0,2.2
202203121715,286.0,7.2
202203121745,189.0,2.2
202203121800,161.0,4.0
202203121815,221.0,1.3
202203121831,194.0,3.6
202203121845,285.0,2.2
202203121900,264.0,2.7
202203121930,203.0,1.3
202203121945,235.0,0.9
202203122000,233.0,3.6
202203122030,305.0,2.2
202203122045,190.0,1.8
202203122115,181.0,1.8
202203122130,290.0,2.2
202203122145,264.0,0.9
202203122200,260.0,1.8
202203122215,311.0,2.7
202203122231,253.0,2.2
202203122245,271.0,2.7
202203122300,222.0,2.2
202203122315,217.0,2.7
202203122345,251.0,2.2
202203130000,273.0,4.0
202203130015,250.0,2.2
202203130030,201.0,0.4
202203130045,229.0,0.9
202203130100,341.0,1.3
202203130115,291.0,1.8
202203130130,169.0,0.4
202203130145,136.0,0.4
202203130201,131.0,1.3
202203130216,86.0,0.9
202203130231,127.0,1.8
202203130245,73.0,0.4
202203130300,148.0,1.3
202203130315,287.0,1.8
202203130330,123.0,0.9
202203130345,166.0,1.3
202203130400,244.0,1.8
202203130415,131.0,0.9
202203130431,,0.0
202203130445,,0.0
202203130501,,0.0
202203130515,252.0,0.4
202203130530,270.0,1.8
202203130545,,0.0
202203130600,,0.0
202203130630,,0.0
202203130645,243.0,0.4
202203130701,,0.0
202203130715,,0.0
202203130730,,0.0
202203130746,,0.0
202203130800,,0.0
202203130815,,0.0
202203130830,,0.0
202203130845,,0.0
202203130901,,0.0
202203130915,,0.0
202203130930,,0.0
202203130945,,0.0
202203131000,,0.0
202203131016,,0.0
202203131030,,0.0
202203131045,,0.0
202203131100,,0.0
202203131115,,0.0
202203131130,,0.0
202203131145,,0.0
202203131201,,0.0
202203131215,,0.0
202203131230,,0.0
202203131246,,0.0
202203131300,,0.0
202203131315,,0.0
202203131330,162.0,0.4
202203131345,,0.0
202203131400,149.0,0.4
202203131415,141.0,0.4
202203131445,161.0,0.9
202203131500,101.0,0.4
202203131515,128.0,1.3
202203131530,153.0,0.9
202203131545,139.0,0.9
202203131600,165.0,0.4
202203131645,143.0,0.9
202203131700,99.0,1.8
202203131716,138.0,1.8
202203131746,158.0,1.3
202203131800,141.0,0.9
202203131815,135.0,0.9
202203131830,233.0,0.4
202203131845,200.0,2.2
202203131900,131.0,1.3
202203131915,257.0,0.9
202203131930,127.0,2.2
202203131945,119.0,1.3
202203132015,58.0,1.3
202203132030,115.0,1.3
202203132100,123.0,1.8
202203132115,268.0,1.3
202203132130,259.0,0.4
202203132145,204.0,0.4
202203132200,240.0,1.3
202203132215,301.0,0.9
202203132230,111.0,1.3
202203132245,237.0,0.4
202203132300,252.0,0.4
202203132316,276.0,0.9
202203132330,283.0,0.9
202203132345,289.0,0.9
202203140000,265.0,0.9
202203140015,264.0,0.4
202203140030,,0.0
202203140045,276.0,0.9
202203140100,,0.0
202203140115,275.0,0.4
202203140130,,0.0
202203140145,,0.0
202203140200,,0.0
202203140215,,0.0
202203140230,,0.0
202203140245,,0.0
202203140300,,0.0
202203140315,,0.0
202203140330,248.0,0.4
202203140345,278.0,0.4
202203140400,,0.0
202203140415,,0.0
202203140431,,0.0
202203140445,,0.0
202203140515,282.0,0.4
202203140530,,0.0
202203140545,,0.0
202203140600,,0.0
202203140615,,0.0
202203140630,,0.0
202203140645,,0.0
202203140700,,0.0
202203140715,249.0,0.4
202203140730,,0.0
202203140745,,0.0
202203140800,272.0,0.4
202203140815,,0.0
202203140846,279.0,0.4
202203140900,,0.0
202203140915,,0.0
202203140931,275.0,0.4
202203140946,,0.0
202203141000,,0.0
202203141030,,0.0
202203141045,,0.0
202203141100,,0.0
202203141115,,0.0
202203141130,,0.0
202203141200,,0.0
202203141215,,0.0
202203141230,,0.0
202203141245,,0.0
202203141300,,0.0
202203141330,,0.0
202203141346,,0.0
202203141400,,0.0
202203141416,,0.0
202203141430,,0.0
202203141445,141.0,0.4
202203141515,158.0,0.9
202203141530,162.0,0.9
202203141545,165.0,0.9
202203141600,131.0,0.9
202203141615,42.0,0.9
202203141630,208.0,1.3
202203141645,96.0,1.8
202203141700,174.0,1.8
202203141715,276.0,0.9
202203141730,288.0,1.3
202203141745,127.0,1.3
202203141800,103.0,0.4
202203141816,282.0,0.9
202203141830,208.0,1.3
202203141846,108.0,1.3
202203141901,77.0,1.3
202203141915,116.0,0.9
202203141930,262.0,0.4
202203141945,167.0,0.9
202203142000,277.0,2.2
202203142015,101.0,1.3
202203142030,129.0,0.9
202203142045,266.0,1.8
202203142101,326.0,0.9
202203142115,230.0,1.8
202203142130,145.0,0.4
202203142145,250.0,0.9
202203142200,315.0,1.8
202203142215,246.0,1.3
202203142230,303.0,1.3
202203142245,335.0,1.3
202203142300,91.0,0.4
202203142315,325.0,0.4
202203142331,276.0,0.4
202203142345,,0.0
202203150000,,0.0
202203150015,285.0,0.4
202203150030,,0.0
202203150046,,0.0
202203150100,,0.0
202203150115,267.0,0.4
202203150131,,0.0
202203150145,269.0,0.4
202203150200,273.0,0.4
202203150215,,0.0
202203150230,,0.0
202203150245,,0.0
202203150300,,0.0
202203150315,,0.0
202203150330,,0.0
202203150345,,0.0
202203150400,,0.0
202203150415,,0.0
202203150430,,0.0
202203150445,263.0,0.4
202203150500,,0.0
202203150515,,0.0
202203150530,278.0,0.4
202203150546,,0.0
202203150600,,0.0
202203150615,,0.0
202203150630,,0.0
202203150646,,0.0
202203150700,276.0,0.4
202203150715,,0.0
202203150800,,0.0
202203150830,,0.0
202203150845,,0.0
202203150900,,0.0
202203150915,,0.0
202203150930,,0.0
202203150945,273.0,0.4
202203151000,,0.0
202203151015,,0.0
202203151030,,0.0
202203151045,,0.0
202203151100,,0.0
202203151116,,0.0
202203151131,279.0,0.4
202203151146,,0.0
202203151201,,0.0
202203151215,,0.0
202203151230,,0.0
202203151245,289.0,0.4
202203151300,,0.0
202203151330,,0.0
202203151345,,0.0
202203151401,,0.0
202203151415,237.0,0.4
202203151431,110.0,0.4
202203151445,189.0,0.4
202203151500,293.0,0.9
202203151515,146.0,1.3
202203151531,283.0,0.9
202203151545,131.0,0.4
202203151600,282.0,1.8
202203151615,,0.0
202203151630,276.0,1.3
202203151700,,0.0
202203151715,179.0,0.4
202203151730,127.0,0.9
202203151745,151.0,1.3
202203151800,,0.0
202203151815,115.0,0.4
202203151830,172.0,0.4
202203151845,229.0,0.9
202203151930,238.0,0.9
202203151945,,0.0
202203152000,133.0,0.4
202203152015,,0.0
202203152045,200.0,0.4
202203152116,,0.0
202203152145,,0.0
202203152200,,0.0
202203152215,,0.0
202203152230,,0.0
202203152245,,0.0
202203152300,,0.0
202203152315,,0.0
202203152330,,0.0
202203152345,,0.0
202203160000,255.0,0.4
202203160015,,0.0
202203160030,,0.0
202203160045,,0.0
202203160100,,0.0
202203160115,,0.0
202203160130,,0.0
202203160145,,0.0
202203160200,,0.0
202203160215,,0.0
202203160230,,0.0
202203160245,,0.0
202203160300,,0.0
202203160315,,0.0
202203160330,,0.0
202203160400,,0.0
202203160416,,0.0
202203160430,,0.0
202203160445,,0.0
202203160500,,0.0
202203160515,,0.0
202203160530,,0.0
202203160545,,0.0
202203160615,,0.0
202203160645,,0.0
202203160700,,0.0
202203160715,,0.0
202203160730,,0.0
202203160745,,0.0
202203160800,,0.0
202203160830,,0.0
202203160845,,0.0
202203160900,,0.0
202203160915,,0.0
202203160931,,0.0
202203160945,,0.0
202203161015,,0.0
202203161030,,0.0
202203161045,,0.0
202203161100,,0.0
202203161115,,0.0
202203161130,,0.0
202203161145,,0.0
202203161200,,0.0
202203161215,,0.0
202203161230,,0.0
202203161245,,0.0
202203161300,,0.0
202203161315,,0.0
202203161330,,0.0
202203161345,,0.0
202203161400,,0.0
202203161415,,0.0
202203161430,,0.0
202203161446,,0.0
202203161500,,0.0
202203161515,,0.0
202203161530,,0.0
202203161546,,0.0
202203161600,,0.0
202203161615,,0.0
202203161630,,0.0
202203161645,,0.0
202203161700,,0.0
202203161715,,0.0
202203161745,,0.0
202203161815,,0.0
202203161830,,0.0
202203161845,285.0,0.4
202203161915,,0.0
202203161930,,0.0
202203162000,,0.0
202203162015,,0.0
202203162031,,0.0
202203162045,,0.0
202203162101,,0.0
202203162115,,0.0
202203162145,208.0,0.4
202203162200,,0.0
202203162215,,0.0
202203162230,,0.0
202203162245,,0.0
202203162300,,0.0
202203162330,,0.0
202203162345,,0.0
202203170000,,0.0
202203170030,,0.0
202203170045,,0.0
202203170100,,0.0
202203170130,,0.0
202203170145,,0.0
202203170200,,0.0
202203170215,,0.0
202203170230,,0.0
202203170245,,0.0
202203170300,,0.0
202203170315,,0.0
202203170331,,0.0
202203170345,,0.0
202203170400,,0.0
202203170415,,0.0
202203170430,,0.0
202203170445,,0.0
202203170500,,0.0
202203170515,,0.0
202203170530,,0.0
202203170600,,0.0
202203170615,,0.0
202203170630,,0.0
202203170645,,0.0
202203170701,,0.0
202203170715,,0.0
202203170731,,0.0
202203170745,,0.0
202203170800,,0.0
202203170815,,0.0
202203170845,,0.0
202203170900,,0.0
202203170915,,0.0
202203170930,,0.0
202203170945,,0.0
202203171000,,0.0
202203171015,,0.0
202203171030,,0.0
202203171046,,0.0
202203171100,278.0,0.4
202203171115,,0.0
202203171130,,0.0
202203171145,278.0,0.9
202203171201,,0.0
202203171215,,0.0
202203171231,,0.0
202203171245,,0.0
202203171300,,0.0
202203171315,,0.0
202203171330,,0.0
202203171400,,0.0
202203171415,127.0,0.4
202203171430,207.0,0.4
202203171445,136.0,1.3
202203171500,134.0,1.3
202203171515,123.0,0.9
202203171530,137.0,0.4
202203171545,,0.0
202203171600,262.0,0.9
202203171615,224.0,0.4
202203171631,234.0,0.9
202203171645,113.0,0.9
202203171700,190.0,0.4
202203171715,158.0,0.9
202203171730,132.0,1.3
202203171745,117.0,0.9
202203171800,146.0,0.4
202203171815,,0.0
202203171830,,0.0
202203171845,100.0,0.4
202203171900,115.0,0.4
202203171915,252.0,0.4
202203171945,,0.0
202203172000,295.0,1.8
202203172015,206.0,0.4
202203172030,248.0,1.3
202203172045,131.0,0.9
202203172100,229.0,1.3
202203172116,268.0,1.3
202203172145,283.0,1.8
202203172200,220.0,0.9
202203172215,223.0,0.4
202203172230,281.0,0.4
202203172245,293.0,0.4
202203172301,193.0,0.4
202203172315,320.0,0.4
202203172331,,0.0
202203172345,,0.0
202203180000,268.0,0.4
202203180015,,0.0
202203180030,,0.0
202203180045,,0.0
202203180100,,0.0
202203180115,268.0,0.4
202203180130,264.0,0.4
202203180200,,0.0
202203180215,,0.0
202203180230,,0.0
202203180245,,0.0
202203180300,,0.0
202203180315,,0.0
202203180330,,0.0
202203180345,,0.0
202203180400,,0.0
202203180415,,0.0
202203180430,,0.0
202203180445,,0.0
202203180515,,0.0
202203180530,,0.0
202203180546,,0.0
202203180600,,0.0
202203180630,,0.0
202203180645,,0.0
202203180715,,0.0
202203180730,,0.0
202203180745,,0.0
202203180800,,0.0
202203180815,,0.0
202203180830,,0.0
202203180845,,0.0
202203180900,,0.0
202203180915,,0.0
202203180930,,0.0
202203180945,,0.0
202203181000,,0.0
202203181015,,0.0
202203181030,,0.0
202203181045,,0.0
202203181101,,0.0
202203181115,,0.0
202203181130,,0.0
202203181145,,0.0
202203181200,,0.0
202203181215,,0.0
202203181230,,0.0
202203181245,,0.0
202203181300,276.0,0.4
202203181315,,0.0
202203181330,264.0,1.3
202203181345,345.0,1.3
202203181400,,0.0
202203181415,150.0,0.9
202203181430,196.0,0.9
202203181445,150.0,0.9
202203181500,296.0,0.4
202203181516,110.0,0.9
202203181530,296.0,1.3
202203181545,142.0,0.4
202203181601,306.0,1.8
202203181615,137.0,0.9
202203181631,,0.0
202203181645,86.0,0.9
202203181700,226.0,1.3
202203181715,198.0,1.3
202203181730,155.0,1.3
202203181745,307.0,1.8
202203181800,174.0,0.9
202203181815,290.0,0.4
202203181830,304.0,1.8
202203181845,305.0,0.4
202203181900,302.0,0.9
202203181915,,0.0
202203181930,55.0,0.4
202203181945,,0.0
202203182000,121.0,1.3
202203182030,297.0,0.9
202203182045,145.0,0.4
202203182100,264.0,0.9
202203182115,116.0,0.4
202203182130,259.0,0.9
202203182145,278.0,0.9
202203182200,283.0,0.4
202203182216,115.0,0.4
202203182231,151.0,0.9
202203182300,129.0,0.4
202203182315,,0.0
202203182330,246.0,1.3
202203182345,8.0,0.4
202203190000,347.0,0.4
202203190015,,0.0
202203190030,,0.0
202203190045,288.0,0.9
202203190100,,0.0
202203190115,,0.0
202203190130,,0.0
202203190145,298.0,0.4
202203190200,,0.0
202203190215,,0.0
202203190230,,0.0
202203190245,133.0,0.4
202203190300,,0.0
202203190315,82.0,0.4
202203190330,,0.0
202203190345,,0.0
202203190400,86.0,0.4
202203190416,94.0,0.4
202203190430,88.0,0.4
202203190445,41.0,0.4
202203190500,,0.0
202203190515,,0.0
202203190530,,0.0
202203190545,,0.0
202203190600,300.0,0.4
202203190615,276.0,0.4
202203190630,313.0,0.4
202203190645,92.0,0.4
202203190700,156.0,1.3
202203190715,209.0,0.9
202203190730,67.0,0.4
202203190745,155.0,0.9
202203190800,231.0,0.4
202203190815,308.0,1.8
202203190830,129.0,1.3
202203190845,175.0,1.8
202203190900,11.0,1.8
202203190915,235.0,0.9
202203190930,98.0,0.4
202203190945,97.0,0.4
202203191001,167.0,1.3
202203191015,229.0,1.8
202203191032,252.0,1.3
202203191045,84.0,1.3
202203191100,331.0,1.3
202203191115,100.0,1.3
202203191130,355.0,1.8
202203191145,231.0,0.9
202203191200,131.0,0.4
202203191215,299.0,2.2
202203191230,265.0,1.3
202203191245,60.0,1.8
202203191300,234.0,1.3
202203191315,84.0,0.9
202203191330,226.0,1.3
202203191345,229.0,2.2
202203191400,253.0,1.8
202203191415,181.0,1.8
202203191430,335.0,1.8
202203191445,264.0,2.2
202203191500,115.0,1.8
202203191515,270.0,3.1
202203191530,308.0,3.1
202203191545,276.0,3.1
202203191615,231.0,0.9
202203191630,33.0,2.2
202203191645,255.0,1.3
202203191700,91.0,0.4
202203191715,123.0,0.9
202203191730,174.0,0.4
202203191745,,0.0
202203191800,103.0,0.9
202203191815,238.0,0.9
202203191830,146.0,2.2
202203191845,120.0,3.1
202203191900,103.0,3.1
202203191915,150.0,0.9
202203191930,141.0,1.8
202203191945,27.0,0.4
202203192000,135.0,0.9
202203192015,,0.0
202203192030,292.0,1.8
202203192100,165.0,0.9
202203192130,319.0,1.3
202203192145,66.0,0.9
202203192200,224.0,1.8
202203192215,245.0,3.1
202203192230,273.0,1.3
202203192245,,0.0
202203192315,350.0,0.9
202203192345,248.0,0.4
202203200000,173.0,1.3
202203200015,265.0,2.2
202203200045,119.0,0.9
202203200100,118.0,0.4
202203200115,,0.0
202203200130,,0.0
202203200146,223.0,1.8
202203200201,139.0,0.9
202203200215,243.0,1.3
202203200230,122.0,0.4
202203200245,146.0,0.9
202203200300,236.0,2.2
202203200315,268.0,4.0
202203200330,294.0,4.0
202203200345,293.0,5.4
202203200400,295.0,4.0
202203200415,304.0,3.1
202203200445,276.0,1.8
202203200500,233.0,0.9
202203200516,264.0,2.2
202203200530,250.0,4.0
202203200546,240.0,3.1
202203200601,219.0,4.0
202203200615,296.0,3.6
202203200630,269.0,3.1
202203200645,110.0,1.3
202203200700,287.0,2.7
202203200715,72.0,2.2
202203200730,242.0,1.3
202203200745,105.0,2.7
202203200800,226.0,1.3
202203200815,265.0,1.8
202203200830,142.0,1.3
202203200845,272.0,2.2
202203200900,245.0,2.7
202203200915,235.0,2.7
202203200930,257.0,1.8
202203200945,234.0,2.7
202203201000,308.0,3.6
202203201030,96.0,3.6
202203201045,232.0,3.6
202203201100,195.0,3.6
202203201115,251.0,3.6
202203201130,252.0,4.5
202203201145,122.0,4.0
202203201200,214.0,4.9
202203201215,296.0,4.5
202203201230,286.0,4.5
202203201245,268.0,4.0
202203201300,226.0,4.0
202203201315,293.0,3.1
202203201400,254.0,4.5
202203201416,245.0,3.6
202203201430,260.0,3.6
202203201500,258.0,3.6
202203201515,257.0,2.2
202203201530,195.0,2.2
202203201545,281.0,1.8
202203201600,285.0,1.3
202203201615,269.0,4.0
202203201630,255.0,1.3
202203201645,248.0,2.7
202203201700,134.0,2.2
202203201715,278.0,1.8
202203201730,284.0,2.7
202203201746,310.0,3.1
202203201815,270.0,3.1
202203201830,135.0,2.2
202203201845,133.0,0.9
202203201900,309.0,4.0
202203201915,288.0,1.8
202203201930,238.0,1.8
202203201945,46.0,0.9
202203202000,101.0,1.8
202203202016,277.0,1.3
202203202030,289.0,2.2
202203202045,198.0,2.2
202203202100,250.0,4.0
202203202115,281.0,3.6
202203202130,262.0,2.7
202203202145,164.0,0.4
202203202200,262.0,0.9
202203202215,250.0,2.7
202203202231,309.0,1.8
202203202245,265.0,3.1
202203202300,34.0,1.3
202203202315,259.0,1.8
202203202330,,0.0
202203202345,257.0,2.2
202203210000,224.0,0.4
202203210030,,0.0
202203210045,293.0,0.4
202203210100,,0.0
202203210115,,0.0
202203210145,,0.0
202203210200,,0.0
202203210215,,0.0
202203210230,,0.0
202203210245,,0.0
202203210300,,0.0
202203210315,,0.0
202203210331,,0.0
202203210345,,0.0
202203210401,,0.0
202203210415,,0.0
202203210430,269.0,0.4
202203210445,,0.0
202203210500,,0.0
202203210515,,0.0
202203210530,271.0,0.4
202203210545,,0.0
202203210600,287.0,0.4
202203210615,,0.0
202203210645,,0.0
202203210700,,0.0
202203210716,,0.0
202203210731,,0.0
202203210745,,0.0
202203210800,279.0,0.4
202203210815,,0.0
202203210830,,0.0
202203210915,,0.0
202203210930,,0.0
202203210945,,0.0
202203211000,283.0,0.4
202203211015,,0.0
202203211030,,0.0
202203211100,,0.0
202203211115,,0.0
202203211130,,0.0
202203211145,,0.0
202203211200,,0.0
202203211215,,0.0
202203211231,,0.0
202203211245,,0.0
202203211300,,0.0
202203211315,,0.0
202203211330,,0.0
202203211345,,0.0
202203211400,,0.0
202203211415,,0.0
202203211430,148.0,0.4
202203211445,224.0,0.4
202203211500,81.0,0.4
202203211515,142.0,0.4
202203211530,,0.0
202203211545,,0.0
202203211646,158.0,1.3
202203211700,,0.0
202203211715,6.0,1.3
202203211730,135.0,1.3
202203211745,177.0,0.9
202203211800,162.0,0.4
202203211815,256.0,1.3
202203211830,121.0,0.9
202203211845,115.0,0.9
202203211900,331.0,0.9
202203211915,60.0,1.3
202203211930,139.0,0.9
202203211945,139.0,0.9
202203212000,164.0,1.8
202203212015,107.0,0.9
202203212030,226.0,0.9
202203212045,91.0,2.2
202203212100,212.0,0.4
202203212115,113.0,1.3
202203212130,249.0,1.3
202203212145,115.0,1.3
202203212200,174.0,1.8
202203212216,210.0,1.3
202203212230,,0.0
202203212246,311.0,0.9
202203212300,188.0,0.4
202203212315,331.0,0.4
202203212330,,0.0
202203212345,,0.0
202203220000,,0.0
202203220015,,0.0
202203220030,,0.0
202203220045,255.0,0.4
202203220100,,0.0
202203220115,,0.0
202203220130,276.0,0.4
202203220145,274.0,0.4
202203220200,,0.0
202203220215,,0.0
202203220230,,0.0
202203220246,,0.0
202203220300,,0.0
202203220315,,0.0
202203220330,,0.0
202203220345,,0.0
202203220400,,0.0
202203220415,,0.0
202203220430,,0.0
202203220445,,0.0
202203220501,,0.0
202203220515,,0.0
202203220530,,0.0
202203220546,,0.0
202203220600,,0.0
202203220615,,0.0
202203220630,,0.0
202203220645,,0.0
202203220700,258.0,0.4
202203220715,285.0,0.4
202203220730,,0.0
202203220745,,0.0
202203220800,,0.0
202203220815,,0.0
202203220830,264.0,0.4
202203220845,,0.0
202203220900,,0.0
202203220915,,0.0
202203220930,,0.0
202203220945,,0.0
202203221000,275.0,0.4
202203221015,,0.0
202203221030,,0.0
202203221045,,0.0
202203221100,,0.0
202203221116,,0.0
202203221130,,0.0
202203221145,,0.0
202203221200,,0.0
202203221215,,0.0
202203221230,,0.0
202203221245,,0.0
202203221315,121.0,0.4
202203221330,174.0,0.4
202203221345,91.0,0.4
202203221400,139.0,0.4
202203221415,173.0,1.3
202203221430,292.0,1.8
202203221445,143.0,1.3
202203221500,137.0,1.8
202203221515,162.0,1.3
202203221531,,0.0
202203221546,197.0,0.9
202203221601,131.0,1.3
202203221615,259.0,0.9
202203221645,183.0,1.3
202203221700,165.0,0.4
202203221730,250.0,1.8
202203221745,290.0,1.8
202203221815,290.0,1.3
202203221830,134.0,2.2
202203221845,255.0,1.3
202203221900,255.0,1.8
202203221930,290.0,1.3
202203221945,152.0,1.3
202203222000,163.0,1.3
202203222015,263.0,1.3
202203222030,216.0,1.8
202203222045,139.0,1.3
202203222100,148.0,1.3
202203222115,,0.0
202203222130,153.0,0.4
202203222145,275.0,0.4
202203222200,309.0,0.4
202203222230,28.0,0.9
202203222245,,0.0
202203222300,,0.0
202203222315,,0.0
202203222330,51.0,0.4
202203222345,,0.0
202203230000,281.0,0.4
202203230015,,0.0
202203230030,,0.0
202203230045,,0.0
202203230115,,0.0
202203230130,,0.0
202203230145,,0.0
202203230215,,0.0
202203230230,,0.0
202203230245,238.0,0.9
202203230300,18.0,0.9
202203230315,160.0,0.4
202203230331,,0.0
202203230345,,0.0
202203230400,284.0,0.9
202203230415,120.0,0.4
202203230430,264.0,1.8
202203230445,37.0,0.9
202203230500,41.0,0.4
202203230515,,0.0
202203230530,310.0,0.4
202203230545,172.0,0.4
202203230600,72.0,0.4
202203230615,297.0,0.9
202203230645,,0.0
202203230715,59.0,0.4
202203230730,331.0,0.4
202203230746,,0.0
202203230815,134.0,0.4
202203230830,230.0,0.9
202203230845,,0.0
202203230900,,0.0
202203230915,39.0,0.4
202203230930,,0.0
202203230945,5.0,0.4
202203231000,,0.0
202203231015,,0.0
202203231030,,0.0
202203231045,,0.0
202203231100,,0.0
202203231115,,0.0
202203231130,301.0,1.3
202203231145,,0.0
202203231200,300.0,0.9
202203231215,,0.0
202203231230,203.0,0.4
202203231245,,0.0
202203231331,251.0,0.4
202203231345,293.0,0.4
202203231400,108.0,0.9
202203231415,292.0,2.2
202203231430,282.0,0.4
202203231445,272.0,0.9
202203231500,22.0,0.9
202203231515,301.0,1.3
202203231530,179.0,0.4
202203231545,39.0,0.9
202203231600,295.0,0.4
202203231615,356.0,0.9
202203231630,52.0,0.4
202203231645,282.0,0.9
202203231700,53.0,0.9
202203231715,148.0,1.3
202203231730,18.0,0.9
202203231745,302.0,2.2
202203231801,299.0,0.9
202203231815,349.0,2.2
202203231831,305.0,2.7
202203231845,79.0,1.8
202203231900,133.0,2.2
202203231915,112.0,2.2
202203231930,278.0,1.3
202203231945,269.0,2.2
202203232000,306.0,2.7
202203232015,184.0,2.7
202203232030,266.0,1.3
202203232045,291.0,1.8
202203232100,241.0,1.8
202203232115,158.0,1.8
202203232130,220.0,1.3
202203232145,306.0,1.3
202203232200,295.0,0.9
202203232215,298.0,0.9
202203232230,233.0,1.8
202203232245,309.0,0.9
202203232300,299.0,1.8
202203232316,34.0,1.8
202203232330,228.0,1.8
202203232345,225.0,0.4
202203240000,281.0,2.2
202203240016,21.0,1.8
202203240030,318.0,1.3
202203240045,264.0,1.3
202203240100,195.0,2.7
202203240115,338.0,0.4
202203240145,240.0,1.3
202203240200,89.0,0.9
202203240215,28.0,0.9
202203240230,90.0,0.9
202203240245,,0.0
202203240315,131.0,0.9
202203240345,111.0,0.4
202203240400,,0.0
202203240415,6.0,0.4
202203240430,250.0,0.4
202203240501,39.0,0.4
202203240515,,0.0
202203240530,,0.0
202203240545,,0.0
202203240600,,0.0
202203240615,,0.0
202203240630,,0.0
202203240700,,0.0
202203240715,269.0,0.4
202203240730,,0.0
202203240745,,0.0
202203240800,282.0,0.4
202203240815,,0.0
202203240845,,0.0
202203240901,,0.0
202203240915,,0.0
202203240930,,0.0
202203240945,,0.0
202203241000,,0.0
202203241015,,0.0
202203241030,,0.0
202203241045,,0.0
202203241115,,0.0
202203241130,,0.0
202203241145,,0.0
202203241200,,0.0
202203241215,,0.0
202203241230,,0.0
202203241245,,0.0
202203241300,,0.0
202203241315,59.0,0.4
202203241330,,0.0
202203241345,,0.0
202203241415,283.0,0.9
202203241430,,0.0
202203241445,,0.0
202203241500,168.0,0.9
202203241516,205.0,0.4
202203241530,,0.0
202203241546,139.0,0.9
202203241601,104.0,0.4
202203241615,213.0,0.9
202203241630,269.0,0.9
202203241645,121.0,0.9
202203241715,289.0,0.9
202203241730,300.0,2.2
202203241745,184.0,0.4
202203241800,41.0,1.3
202203241815,296.0,0.9
202203241830,281.0,0.9
202203241845,302.0,2.2
202203241900,168.0,1.8
202203241915,141.0,1.3
202203241930,301.0,3.1
202203241945,291.0,2.2
202203242002,312.0,3.1
202203242015,125.0,2.2
202203242030,285.0,1.3
202203242100,264.0,1.3
202203242115,321.0,1.8
202203242130,251.0,1.3
202203242145,257.0,0.9
202203242200,258.0,0.9
202203242215,269.0,3.6
202203242230,263.0,0.9
202203242245,,0.0
202203242300,264.0,0.9
202203242315,,0.0
202203242330,214.0,0.4
202203242345,,0.0
202203250000,219.0,0.9
202203250015,,0.0
202203250030,,0.0
202203250045,297.0,0.9
202203250100,265.0,0.9
202203250116,284.0,0.4
202203250130,236.0,0.9
202203250145,292.0,1.3
202203250200,321.0,1.3
202203250215,,0.0
202203250230,,0.0
202203250245,287.0,0.4
202203250300,270.0,0.4
202203250315,30.0,0.4
202203250331,,0.0
202203250346,283.0,0.4
202203250400,,0.0
202203250415,,0.0
202203250430,277.0,0.4
202203250445,,0.0
202203250500,,0.0
202203250515,274.0,0.9
202203250530,,0.0
202203250545,259.0,0.4
202203250615,,0.0
202203250630,259.0,0.4
202203250645,,0.0
202203250700,,0.0
202203250715,,0.0
202203250731,,0.0
202203250745,304.0,0.4
202203250800,,0.0
202203250815,293.0,0.4
202203250845,293.0,0.4
202203250900,,0.0
202203250915,,0.0
202203250930,,0.0
202203250945,,0.0
202203251000,,0.0
202203251015,,0.0
202203251030,,0.0
202203251045,,0.0
202203251100,,0.0
202203251115,288.0,0.4
202203251130,,0.0
202203251145,293.0,0.4
202203251201,291.0,0.4
202203251231,,0.0
202203251245,,0.0
202203251300,,0.0
202203251315,243.0,1.3
202203251330,300.0,0.4
202203251345,51.0,0.4
202203251400,214.0,1.3
202203251415,154.0,0.9
202203251430,,0.0
202203251445,124.0,0.9
202203251500,243.0,0.4
202203251515,273.0,1.3
202203251530,119.0,0.9
202203251545,275.0,1.8
202203251600,340.0,0.4
202203251630,214.0,2.2
202203251646,302.0,1.8
202203251701,299.0,0.9
202203251715,286.0,2.2
202203251730,269.0,1.8
202203251745,255.0,3.1
202203251815,270.0,2.7
202203251830,319.0,2.2
202203251845,293.0,1.3
202203251915,220.0,1.8
202203251930,278.0,2.2
202203251945,9.0,0.9
202203252000,246.0,2.2
202203252015,286.0,1.3
202203252030,209.0,1.8
202203252045,153.0,1.3
202203252100,230.0,1.8
202203252115,120.0,0.4
202203252130,228.0,1.3
202203252215,106.0,0.4
202203252230,148.0,0.9
202203252245,,0.0
202203252300,,0.0
202203252315,250.0,1.8
202203252330,204.0,1.8
202203252345,311.0,0.4
202203260000,304.0,0.9
202203260015,186.0,1.3
202203260030,,0.0
202203260045,231.0,1.3
202203260100,184.0,0.9
202203260115,,0.0
202203260130,,0.0
202203260145,,0.0
202203260200,139.0,0.4
202203260215,259.0,0.9
202203260245,99.0,0.4
202203260300,153.0,0.9
202203260315,,0.0
202203260345,136.0,0.4
202203260400,264.0,1.8
202203260415,272.0,0.9
202203260430,248.0,0.9
202203260445,249.0,2.7
202203260500,243.0,1.3
202203260515,227.0,1.3
202203260530,168.0,0.9
202203260545,312.0,0.9
202203260615,219.0,2.2
202203260645,295.0,2.2
202203260700,101.0,1.3
202203260715,302.0,0.9
202203260730,266.0,1.8
202203260745,238.0,0.9
202203260800,108.0,0.4
202203260815,223.0,0.9
202203260830,258.0,1.8
202203260845,118.0,1.3
202203260900,107.0,0.9
202203260915,,0.0
202203260930,176.0,0.4
202203260945,243.0,2.7
202203261000,,0.0
202203261015,78.0,1.3
202203261030,289.0,0.4
202203261046,103.0,1.3
202203261101,162.0,0.9
202203261115,226.0,2.2
202203261130,158.0,0.9
202203261145,,0.0
202203261230,164.0,1.3
202203261245,58.0,0.9
202203261300,96.0,3.1
202203261315,180.0,2.2
202203261330,148.0,2.2
202203261345,231.0,3.6
202203261400,276.0,2.2
202203261415,259.0,3.1
202203261430,106.0,1.3
202203261445,269.0,1.3
202203261500,137.0,1.3
202203261530,290.0,2.7
202203261545,76.0,1.8
202203261600,184.0,1.8
202203261615,226.0,0.9
202203261630,278.0,2.2
202203261700,158.0,1.8
202203261715,267.0,1.8
202203261730,233.0,0.9
202203261745,259.0,1.8
202203261815,266.0,1.8
202203261830,274.0,2.7
202203261845,133.0,2.2
202203261901,297.0,2.2
202203261915,214.0,2.2
202203261931,250.0,3.6
202203261945,242.0,4.0
202203262000,232.0,2.2
202203262015,24.0,1.3
202203262030,236.0,3.1
202203262045,279.0,0.4
202203262100,217.0,1.8
202203262115,291.0,1.3
202203262130,117.0,2.2
202203262145,15.0,1.8
202203262200,74.0,0.9
202203262215,173.0,0.4
202203262230,234.0,1.3
202203262245,300.0,0.9
202203262300,195.0,0.9
202203262315,115.0,0.4
202203262330,311.0,2.2
202203262345,285.0,1.8
202203270000,,0.0
202203270015,69.0,0.4
202203270030,,0.0
202203270045,262.0,1.3
202203270100,,0.0
202203270115,,0.0
202203270130,112.0,0.4
202203270145,,0.0
202203270200,285.0,1.3
202203270215,,0.0
202203270230,300.0,0.9
202203270245,210.0,0.9
202203270300,276.0,2.7
202203270316,167.0,3.1
202203270331,121.0,0.9
202203270345,271.0,3.6
202203270400,218.0,2.2
202203270415,290.0,3.6
202203270445,259.0,1.8
202203270500,282.0,2.7
202203270515,352.0,4.5
202203270530,271.0,4.5
202203270545,222.0,1.8
202203270600,271.0,4.5
202203270615,255.0,4.5
202203270631,278.0,4.0
202203270701,230.0,5.8
202203270715,284.0,4.0
202203270730,281.0,6.3
202203270800,255.0,4.0
202203270815,274.0,4.5
202203270830,235.0,5.8
202203270845,246.0,4.9
202203270900,278.0,5.8
202203270915,257.0,4.9
202203270931,269.0,5.8
202203270945,277.0,2.2
202203271001,242.0,2.2
202203271015,269.0,2.7
202203271030,289.0,1.3
202203271045,350.0,1.3
202203271100,281.0,4.9
202203271115,278.0,4.0
202203271130,267.0,1.3
202203271145,278.0,4.5
202203271201,311.0,3.1
202203271215,276.0,3.6
202203271231,264.0,4.0
202203271245,248.0,0.9
202203271300,267.0,2.2
202203271315,253.0,2.2
202203271330,256.0,3.1
202203271345,216.0,2.7
202203271400,265.0,2.7
202203271415,269.0,2.7
202203271430,232.0,0.9
202203271445,333.0,1.8
202203271500,292.0,0.9
202203271515,148.0,0.9
202203271530,150.0,2.7
202203271545,193.0,2.2
202203271600,108.0,2.2
202203271615,83.0,1.3
202203271630,320.0,1.8
202203271645,279.0,0.9
202203271700,219.0,2.2
202203271716,110.0,2.2
202203271731,245.0,0.9
202203271745,207.0,0.9
202203271800,134.0,1.8
202203271815,111.0,0.9
202203271830,271.0,0.9
202203271845,121.0,1.8
202203271900,165.0,2.7
202203271915,256.0,1.3
202203271930,148.0,1.3
202203271945,217.0,1.3
202203272000,264.0,1.3
202203272015,247.0,0.9
202203272030,212.0,1.3
202203272045,122.0,1.3
202203272100,231.0,2.2
202203272115,242.0,2.2
202203272130,147.0,0.4
202203272145,272.0,1.3
202203272200,222.0,0.9
202203272215,134.0,0.9
202203272230,252.0,1.3
202203272245,228.0,1.3
202203272300,,0.0
202203272315,291.0,0.4
202203272345,,0.0
202203280000,334.0,0.4
202203280015,249.0,1.8
202203280030,,0.0
202203280045,,0.0
202203280100,,0.0
202203280115,229.0,1.3
202203280130,259.0,0.4
202203280145,180.0,1.8
202203280200,210.0,0.9
202203280215,188.0,0.4
202203280230,278.0,2.2
202203280245,269.0,2.2
202203280300,243.0,1.3
202203280315,252.0,0.9
202203280330,166.0,0.9
202203280345,169.0,0.9
202203280400,264.0,0.9
202203280415,226.0,1.8
202203280430,274.0,2.2
202203280445,,0.0
202203280500,291.0,0.9
202203280515,297.0,0.9
202203280530,257.0,1.3
202203280545,298.0,2.2
202203280600,263.0,2.7
202203280615,266.0,2.2
202203280630,304.0,2.7
202203280645,267.0,2.7
202203280715,253.0,1.3
202203280730,274.0,2.2
202203280745,290.0,3.1
202203280800,206.0,4.5
202203280815,,0.0
202203280830,283.0,0.4
202203280845,287.0,0.9
202203280900,248.0,3.1
202203280916,274.0,2.7
202203280930,218.0,0.9
202203280945,328.0,0.9
202203281000,266.0,1.8
202203281015,275.0,3.6
202203281030,302.0,1.8
202203281045,134.0,3.1
202203281100,299.0,2.2
202203281115,268.0,2.2
202203281130,287.0,2.2
202203281145,300.0,1.3
202203281200,262.0,1.8
202203281215,290.0,1.8
202203281230,335.0,0.9
202203281245,328.0,0.9
202203281300,266.0,2.2
202203281315,65.0,0.9
202203281330,163.0,0.9
202203281345,158.0,0.4
202203281401,141.0,0.4
202203281430,187.0,0.4
202203281445,240.0,0.4
202203281500,134.0,0.9
202203281515,137.0,0.9
202203281530,173.0,1.3
202203281545,259.0,1.3
202203281600,261.0,1.3
202203281615,189.0,0.4
202203281631,152.0,0.9
202203281645,207.0,1.3
202203281700,184.0,0.9
202203281715,228.0,0.9
202203281730,273.0,0.4
202203281745,285.0,0.4
202203281800,252.0,1.3
202203281815,225.0,0.9
202203281830,252.0,0.4
202203281845,114.0,1.3
202203281900,141.0,0.4
202203281916,253.0,0.9
202203281930,204.0,1.8
202203281945,105.0,0.9
202203282000,278.0,1.3
202203282015,267.0,0.4
202203282030,158.0,0.4
202203282045,224.0,1.3
202203282100,250.0,0.4
202203282115,159.0,0.4
202203282131,150.0,1.3
202203282145,226.0,1.8
202203282200,143.0,0.9
202203282215,192.0,0.9
202203282230,123.0,0.9
202203282245,328.0,1.3
202203282300,127.0,0.4
202203282315,161.0,0.9
202203282330,280.0,0.4
202203282345,,0.0
202203290000,167.0,1.3
202203290015,190.0,0.4
202203290030,,0.0
202203290045,,0.0
202203290100,,0.0
202203290115,,0.0
202203290130,,0.0
202203290145,,0.0
202203290200,,0.0
202203290215,,0.0
202203290230,,0.0
202203290245,,0.0
202203290315,,0.0
202203290330,,0.0
202203290345,,0.0
202203290400,,0.0
202203290415,,0.0
202203290430,,0.0
202203290445,96.0,0.4
202203290500,,0.0
202203290530,,0.0
202203290545,,0.0
202203290600,,0.0
202203290615,,0.0
202203290630,,0.0
202203290645,,0.0
202203290700,,0.0
202203290715,,0.0
202203290745,,0.0
202203290800,,0.0
202203290815,,0.0
202203290830,,0.0
202203290845,,0.0
202203290915,,0.0
202203290930,,0.0
202203290945,,0.0
202203291000,,0.0
202203291015,,0.0
202203291030,,0.0
202203291045,,0.0
202203291100,,0.0
202203291115,,0.0
202203291130,,0.0
202203291146,,0.0
202203291200,,0.0
202203291215,228.0,1.3
202203291230,355.0,0.4
202203291245,168.0,0.9
202203291300,193.0,0.4
202203291315,256.0,1.3
202203291330,285.0,1.3
202203291345,318.0,0.9
202203291400,286.0,0.9
202203291430,283.0,0.4
202203291445,160.0,0.4
202203291530,116.0,1.3
202203291545,236.0,0.9
202203291615,147.0,1.3
202203291630,136.0,1.3
202203291645,247.0,1.3
202203291700,99.0,1.3
202203291715,176.0,0.9
202203291730,170.0,0.9
202203291745,230.0,0.9
202203291800,256.0,1.8
202203291815,293.0,0.9
202203291830,126.0,1.8
202203291845,271.0,1.8
202203291900,92.0,0.9
202203291915,250.0,2.2
202203291930,135.0,1.8
202203291945,299.0,1.3
202203292000,265.0,1.3
202203292016,257.0,1.8
202203292045,158.0,1.3
202203292100,281.0,1.3
202203292115,306.0,1.8
202203292130,294.0,1.8
202203292215,252.0,2.2
202203292230,309.0,1.3
202203292245,155.0,1.3
202203292300,302.0,0.4
202203292315,298.0,1.8
202203292330,273.0,0.9
202203292345,289.0,1.3
202203300000,254.0,0.9
202203300015,278.0,0.9
202203300030,278.0,1.3
202203300045,267.0,0.4
202203300100,259.0,0.4
202203300115,279.0,0.4
202203300130,257.0,0.4
202203300145,,0.0
202203300200,,0.0
202203300215,,0.0
202203300230,,0.0
202203300245,,0.0
202203300300,,0.0
202203300315,,0.0
202203300330,,0.0
202203300345,,0.0
202203300400,,0.0
202203300415,,0.0
202203300430,,0.0
202203300446,,0.0
202203300500,,0.0
202203300515,,0.0
202203300530,,0.0
202203300545,269.0,0.4
202203300600,274.0,0.4
202203300615,,0.0
202203300630,,0.0
202203300645,,0.0
202203300700,,0.0
202203300715,276.0,0.4
202203300730,,0.0
202203300801,,0.0
202203300815,,0.0
202203300830,,0.0
202203300845,,0.0
202203300915,278.0,0.4
202203300930,,0.0
202203300945,,0.0
202203301000,,0.0
202203301015,,0.0
202203301030,,0.0
202203301045,,0.0
202203301100,,0.0
202203301115,,0.0
202203301130,,0.0
202203301145,,0.0
202203301200,,0.0
202203301215,,0.0
202203301230,,0.0
202203301245,,0.0
202203301300,,0.0
202203301315,,0.0
202203301330,,0.0
202203301345,,0.0
202203301400,,0.0
202203301415,250.0,0.4
202203301430,149.0,0.4
202203301500,132.0,1.8
202203301515,316.0,0.9
202203301530,297.0,1.3
202203301545,101.0,0.9
202203301600,122.0,0.4
202203301615,295.0,2.2
202203301630,277.0,2.2
202203301645,292.0,1.8
202203301700,311.0,2.2
202203301715,201.0,1.3
202203301731,87.0,2.7
202203301745,342.0,1.8
202203301800,168.0,3.1
202203301815,193.0,2.7
202203301830,219.0,2.2
202203301845,298.0,1.8
202203301900,166.0,2.2
202203301915,292.0,1.8
202203301930,142.0,1.8
202203302000,258.0,2.2
202203302015,124.0,2.7
202203302030,318.0,1.8
202203302045,320.0,1.8
202203302115,233.0,1.8
202203302130,169.0,0.9
202203302145,308.0,0.9
202203302200,238.0,0.9
202203302216,250.0,1.3
202203302230,256.0,0.9
202203302245,138.0,0.4
202203302315,279.0,0.9
202203302345,293.0,0.4
202203310000,268.0,0.4
202203310015,,0.0
202203310030,214.0,0.4
202203310045,,0.0
202203310100,,0.0
202203310115,57.0,0.4
202203310130,,0.0
202203310145,,0.0
202203310230,27.0,0.4
202203310245,295.0,0.4
202203310300,,0.0
202203310315,162.0,0.9
202203310330,96.0,0.9
202203310345,307.0,0.9
202203310400,319.0,2.2
202203310416,310.0,1.8
202203310430,247.0,1.3
202203310445,288.0,1.8
202203310500,296.0,1.8
202203310515,150.0,1.3
202203310530,288.0,0.9
202203310545,285.0,2.2
202203310600,340.0,2.2
202203310615,58.0,2.2
202203310646,146.0,1.8
202203310700,295.0,1.8
202203310715,46.0,2.2
202203310730,264.0,2.2
202203310746,319.0,2.2
202203310800,330.0,1.8
202203310815,139.0,0.9
202203310830,295.0,2.2
202203310845,279.0,3.1
202203310900,58.0,2.2
202203310915,306.0,2.2
202203310930,115.0,2.7
202203310945,155.0,3.1
202203311000,255.0,2.2
202203311015,18.0,2.2
202203311030,359.0,1.3
202203311100,156.0,1.8
202203311130,302.0,3.6
202203311145,315.0,1.8
202203311200,319.0,2.2
202203311215,30.0,0.9
202203311230,259.0,0.9
202203311245,342.0,1.8
202203311300,330.0,1.8
202203311331,265.0,2.2
202203311345,161.0,0.9
202203311400,148.0,0.9
202203311415,298.0,1.3
202203311430,282.0,1.3
202203311500,141.0,0.4
202203311515,106.0,0.9
202203311530,297.0,0.4
202203311545,231.0,0.9
202203311600,286.0,0.9
202203311615,103.0,0.9
202203311630,285.0,2.7
202203311645,135.0,0.9
202203311700,288.0,1.3
202203311715,293.0,1.8
202203311730,291.0,2.2
202203311745,16.0,1.3
202203311801,315.0,1.8
202203311815,297.0,2.2
202203311830,170.0,1.8
202203311845,220.0,1.3
202203311900,142.0,0.4
202203311930,199.0,3.1
202203311945,278.0,1.8
202203312000,240.0,0.9
202203312015,123.0,1.8
202203312030,143.0,1.8
202203312045,233.0,2.2
202203312100,159.0,1.8
202203312115,246.0,0.9
202203312130,191.0,0.4
202203312145,325.0,0.9
202203312200,195.0,0.9
202203312230,,0.0
202203312245,5.0,1.3
202203312300,75.0,1.8
202203312315,316.0,1.3
202203312330,103.0,1.3
202204010015,234.0,0.9
202204010030,13.0,1.3
202204010045,298.0,0.9
202204010100,215.0,1.8
202204010115,,0.0
202204010130,,0.0
202204010145,288.0,0.4
202204010200,,0.0
202204010215,,0.0
202204010230,274.0,0.4
202204010245,,0.0
202204010300,,0.0
202204010316,213.0,0.4
202204010345,199.0,2.7
202204010400,266.0,1.3
202204010416,238.0,0.9
202204010430,158.0,2.7
202204010445,88.0,1.3
202204010500,267.0,2.7
202204010515,293.0,3.1
202204010530,257.0,0.4
202204010545,287.0,0.9
202204010600,284.0,0.9
202204010615,197.0,0.9
202204010645,302.0,2.2
202204010700,98.0,0.9
202204010730,290.0,0.9
202204010745,240.0,0.4
202204010800,,0.0
202204010815,321.0,0.4
202204010830,,0.0
202204010845,197.0,0.4
202204010900,117.0,0.4
202204010915,262.0,0.4
202204010930,304.0,1.8
202204010945,13.0,0.4
202204011000,247.0,0.4
202204011030,248.0,2.2
202204011045,205.0,1.3
202204011116,,0.0
202204011145,245.0,2.2
202204011200,300.0,1.3
202204011215,48.0,0.4
202204011230,191.0,0.4
202204011245,306.0,0.4
202204011300,293.0,2.7
202204011315,178.0,0.9
202204011330,200.0,0.9
202204011345,210.0,1.3
202204011400,139.0,0.9
202204011415,144.0,0.9
202204011430,144.0,1.3
202204011445,111.0,0.4
202204011500,309.0,1.8
202204011515,272.0,1.8
202204011530,192.0,1.3
202204011545,264.0,1.8
202204011601,143.0,1.3
202204011630,155.0,0.9
202204011645,160.0,1.8
202204011700,274.0,2.2
202204011715,155.0,1.3
202204011730,279.0,0.9
202204011745,231.0,1.8
202204011800,133.0,0.9
202204011815,146.0,0.4
202204011831,290.0,1.3
202204011845,277.0,1.8
202204011900,150.0,1.3
202204011915,281.0,2.7
202204011930,279.0,1.8
202204011945,282.0,1.8
202204012001,238.0,2.2
202204012030,264.0,1.8
202204012045,265.0,2.2
202204012100,259.0,1.8
202204012130,235.0,0.4
202204012145,248.0,0.9
202204012200,276.0,0.9
202204012215,266.0,0.4
202204012231,93.0,0.4
202204012300,293.0,0.9
202204012315,295.0,0.9
202204012331,,0.0
202204012345,290.0,0.4
202204020000,108.0,0.4
202204020015,125.0,0.4
202204020030,,0.0
202204020045,89.0,0.4
202204020100,,0.0
202204020115,,0.0
202204020130,,0.0
202204020200,,0.0
202204020215,,0.0
202204020230,262.0,0.4
202204020245,,0.0
202204020300,,0.0
202204020316,270.0,0.4
202204020330,282.0,0.4
202204020345,,0.0
202204020400,,0.0
202204020415,276.0,0.4
202204020430,,0.0
202204020445,,0.0
202204020500,,0.0
202204020530,,0.0
202204020545,282.0,0.4
202204020615,272.0,0.4
202204020630,,0.0
202204020645,,0.0
202204020700,,0.0
202204020715,,0.0
202204020730,,0.0
202204020745,,0.0
202204020800,,0.0
202204020815,,0.0
202204020830,,0.0
202204020845,,0.0
202204020900,,0.0
202204020915,,0.0
202204020930,,0.0
202204020945,,0.0
202204021000,,0.0
202204021015,,0.0
202204021030,,0.0
202204021115,,0.0
202204021145,,0.0
202204021200,,0.0
202204021215,,0.0
202204021230,,0.0
202204021245,,0.0
202204021315,,0.0
202204021330,250.0,0.9
202204021345,212.0,0.4
202204021400,159.0,0.9
202204021415,,0.0
202204021430,,0.0
202204021445,266.0,0.9
202204021500,309.0,0.9
202204021515,226.0,1.3
202204021530,290.0,0.4
202204021546,252.0,0.9
202204021600,169.0,0.9
202204021616,75.0,0.4
202204021630,113.0,0.9
202204021700,119.0,1.3
202204021715,241.0,0.9
202204021730,117.0,1.3
202204021745,133.0,1.8
202204021800,224.0,1.3
202204021830,257.0,1.8
202204021845,225.0,1.8
202204021900,315.0,0.4
202204021915,281.0,0.9
202204021930,184.0,0.9
202204021945,264.0,0.4
202204022000,161.0,0.9
202204022030,155.0,0.9
202204022045,274.0,1.3
202204022100,134.0,0.4
202204022115,266.0,1.3
202204022130,252.0,1.3
202204022145,299.0,0.4
202204022200,14.0,0.9
202204022216,219.0,0.4
202204022230,312.0,1.3
202204022245,321.0,0.9
202204022300,306.0,0.4
202204022315,198.0,0.9
202204022330,153.0,0.4
202204022345,241.0,0.4
202204030000,,0.0
202204030015,,0.0
202204030045,,0.0
202204030100,250.0,0.9
202204030115,269.0,1.3
202204030130,279.0,0.9
202204030145,229.0,0.9
202204030200,,0.0
202204030215,238.0,0.4
202204030230,,0.0
202204030300,,0.0
202204030315,269.0,0.4
202204030331,261.0,0.4
202204030345,,0.0
202204030400,237.0,0.4
202204030431,,0.0
202204030445,,0.0
202204030515,286.0,0.4
202204030530,292.0,0.9
202204030545,,0.0
202204030600,,0.0
202204030615,,0.0
202204030630,297.0,1.3
202204030645,123.0,0.4
202204030700,262.0,0.4
202204030715,,0.0
202204030730,,0.0
202204030800,,0.0
202204030815,,0.0
202204030830,174.0,0.4
202204030846,199.0,0.9
202204030900,150.0,0.4
202204030916,205.0,0.4
202204030945,123.0,0.9
202204031015,,0.0
202204031030,171.0,0.4
202204031045,49.0,1.8
202204031100,254.0,1.3
202204031115,294.0,0.9
202204031145,105.0,1.3
202204031200,139.0,0.9
202204031215,244.0,1.8
202204031230,177.0,1.8
202204031245,165.0,0.4
202204031300,275.0,0.9
202204031315,122.0,0.9
202204031330,254.0,0.9
202204031345,152.0,0.4
202204031400,106.0,2.2
202204031416,101.0,1.8
202204031431,122.0,1.8
202204031445,131.0,1.8
202204031500,197.0,1.8
202204031515,101.0,0.9
202204031530,142.0,0.4
202204031600,231.0,2.7
202204031615,178.0,1.8
202204031630,255.0,1.3
202204031645,328.0,2.2
202204031700,212.0,1.3
202204031715,259.0,1.3
202204031730,274.0,2.2
202204031746,243.0,2.7
202204031801,281.0,1.8
202204031815,273.0,1.3
202204031845,200.0,2.7
202204031900,238.0,4.5
202204031915,256.0,3.6
202204031930,267.0,4.0
202204031945,205.0,2.2
202204032000,283.0,3.6
202204032016,277.0,3.1
202204032045,252.0,0.9
202204032100,297.0,2.2
202204032115,303.0,2.2
202204032130,152.0,2.2
202204032145,268.0,2.2
202204032200,257.0,2.2
202204032215,250.0,1.8
202204032230,243.0,0.4
202204032245,257.0,0.4
202204032301,,0.0
202204032315,,0.0
202204032330,,0.0
202204032345,,0.0
202204040000,,0.0
202204040015,,0.0
202204040030,,0.0
202204040045,,0.0
202204040101,,0.0
202204040116,,0.0
202204040131,,0.0
202204040145,,0.0
202204040200,,0.0
202204040215,,0.0
202204040230,,0.0
202204040245,,0.0
202204040315,271.0,0.4
202204040330,274.0,0.4
202204040345,278.0,0.4
202204040400,270.0,0.4
202204040415,288.0,0.4
202204040430,,0.0
202204040445,273.0,0.4
202204040500,,0.0
202204040515,,0.0
202204040530,,0.0
202204040545,,0.0
202204040600,,0.0
202204040615,,0.0
202204040630,,0.0
202204040645,273.0,0.4
202204040715,278.0,0.4
202204040731,,0.0
202204040746,,0.0
202204040800,,0.0
202204040815,,0.0
202204040830,,0.0
202204040846,,0.0
202204040900,,0.0
202204040915,,0.0
202204040930,281.0,0.4
202204040945,,0.0
202204041000,275.0,0.4
202204041015,,0.0
202204041030,,0.0
202204041045,,0.0
202204041100,276.0,0.4
202204041115,,0.0
202204041130,,0.0
202204041145,,0.0
202204041201,,0.0
202204041215,,0.0
202204041230,,0.0
202204041245,,0.0
202204041301,,0.0
202204041316,181.0,0.4
202204041330,,0.0
202204041345,,0.0
202204041400,148.0,0.4
202204041415,165.0,0.4
202204041430,146.0,0.9
202204041445,139.0,1.8
202204041500,,0.0
202204041515,297.0,0.4
202204041530,257.0,0.9
202204041545,224.0,0.4
202204041615,127.0,0.9
202204041630,173.0,0.9
202204041645,132.0,0.9
202204041700,295.0,1.8
202204041715,273.0,0.9
202204041731,147.0,0.4
202204041745,155.0,0.4
202204041815,262.0,0.9
202204041830,,0.0
202204041845,246.0,1.3
202204041900,272.0,0.4
202204041915,211.0,0.4
202204041930,229.0,1.3
202204041945,59.0,1.3
202204042000,296.0,1.3
202204042015,307.0,0.9
202204042030,105.0,1.3
202204042045,175.0,1.8
202204042100,286.0,1.3
202204042115,301.0,1.3
202204042130,171.0,1.3
202204042145,230.0,0.9
202204042200,117.0,1.8
202204042215,199.0,1.3
202204042230,278.0,1.3
202204042245,195.0,1.3
202204042300,304.0,0.9
202204042315,326.0,0.4
202204042330,306.0,0.4
202204050000,,0.0
202204050030,,0.0
202204050045,,0.0
202204050100,285.0,0.4
202204050116,,0.0
202204050130,,0.0
202204050145,,0.0
202204050200,,0.0
202204050215,,0.0
202204050230,,0.0
202204050245,,0.0
202204050300,,0.0
202204050315,265.0,0.4
202204050330,,0.0
202204050345,,0.0
202204050415,,0.0
202204050430,,0.0
202204050445,,0.0
202204050500,,0.0
202204050515,,0.0
202204050546,,0.0
202204050600,,0.0
202204050615,,0.0
202204050630,,0.0
202204050645,,0.0
202204050700,,0.0
202204050715,,0.0
202204050730,,0.0
202204050745,,0.0
202204050800,,0.0
202204050815,,0.0
202204050830,,0.0
202204050845,,0.0
202204050900,,0.0
202204050915,,0.0
202204050930,,0.0
202204050945,,0.0
202204051000,278.0,0.4
202204051015,271.0,0.4
202204051030,,0.0
202204051045,,0.0
202204051100,,0.0
202204051115,,0.0
202204051146,,0.0
202204051200,,0.0
202204051216,,0.0
202204051231,,0.0
202204051245,,0.0
202204051300,,0.0
202204051330,,0.0
202204051400,,0.0
202204051415,,0.0
202204051445,,0.0
202204051500,333.0,0.4
202204051516,,0.0
202204051530,,0.0
202204051545,,0.0
202204051600,110.0,0.4
202204051615,186.0,0.4
202204051630,,0.0
202204051646,,0.0
202204051700,,0.0
202204051715,,0.0
202204051730,,0.0
202204051800,,0.0
202204051815,,0.0
202204051830,145.0,0.4
202204051845,,0.0
202204051915,,0.0
202204051931,,0.0
202204051945,149.0,0.9
202204052001,,0.0
202204052015,,0.0
202204052030,297.0,0.4
202204052045,,0.0
202204052100,,0.0
202204052115,,0.0
202204052130,1.0,0.4
202204052145,,0.0
202204052200,301.0,0.9
202204052215,153.0,1.3
202204052245,,0.0
202204052300,,0.0
202204052315,235.0,1.3
202204052330,77.0,0.9
202204052345,144.0,0.4
202204060000,165.0,0.9
202204060015,104.0,0.4
202204060030,221.0,0.4
202204060045,70.0,0.4
202204060100,,0.0
202204060115,75.0,1.3
202204060130,141.0,0.4
202204060146,31.0,0.9
202204060200,22.0,0.4
202204060215,,0.0
202204060230,110.0,0.4
202204060245,64.0,0.4
202204060300,124.0,0.4
202204060316,,0.0
202204060331,105.0,0.4
202204060345,,0.0
202204060400,250.0,1.8
202204060415,304.0,1.3
202204060430,,0.0
202204060445,117.0,0.4
202204060500,281.0,0.4
202204060515,,0.0
202204060530,,0.0
202204060545,,0.0
202204060600,291.0,1.3
202204060615,303.0,0.4
202204060631,46.0,0.9
202204060645,,0.0
202204060700,287.0,0.9
202204060715,264.0,0.4
202204060730,188.0,0.4
202204060746,,0.0
202204060800,292.0,0.4
202204060815,231.0,0.4
202204060830,305.0,0.9
202204060845,299.0,0.9
202204060900,69.0,0.4
202204060915,,0.0
202204060930,113.0,0.4
202204061000,296.0,0.4
202204061015,258.0,0.4
202204061030,288.0,0.4
202204061045,272.0,0.9
202204061100,,0.0
202204061115,,0.0
202204061130,,0.0
202204061146,281.0,0.4
202204061200,18.0,0.9
202204061215,289.0,0.9
202204061230,287.0,1.3
202204061245,295.0,3.1
202204061315,281.0,1.3
202204061330,,0.0
202204061345,153.0,0.9
202204061400,250.0,1.3
202204061415,236.0,0.4
202204061430,275.0,1.3
202204061445,265.0,0.9
202204061500,276.0,1.3
202204061515,231.0,0.9
202204061530,98.0,1.3
202204061545,148.0,0.4
202204061601,158.0,0.4
202204061616,240.0,1.8
202204061630,158.0,1.3
202204061646,131.0,1.8
202204061700,111.0,1.8
202204061730,180.0,0.4
202204061745,212.0,0.4
202204061800,141.0,0.4
202204061815,152.0,0.9
202204061830,116.0,0.9
202204061845,249.0,0.9
202204061900,157.0,0.9
202204061915,122.0,0.9
202204061930,306.0,1.8
202204061945,7.0,0.4
202204062000,251.0,1.3
202204062015,150.0,0.9
202204062045,16.0,0.4
202204062100,,0.0
202204062115,125.0,0.4
202204062131,245.0,0.9
202204062145,143.0,1.3
202204062200,151.0,0.4
202204062215,238.0,0.9
202204062231,208.0,0.4
202204062245,134.0,0.9
202204062301,285.0,0.4
202204062315,37.0,0.4
202204062330,163.0,0.4
202204062345,89.0,0.9
202204070000,26.0,0.4
202204070015,,0.0
202204070030,178.0,0.4
202204070045,155.0,1.3
202204070100,217.0,0.4
202204070115,316.0,0.4
202204070130,275.0,0.9
202204070145,326.0,1.3
202204070200,257.0,0.4
202204070215,232.0,0.9
202204070230,,0.0
202204070245,96.0,0.4
202204070300,293.0,0.4
202204070315,,0.0
202204070330,329.0,0.4
202204070345,167.0,0.9
202204070400,94.0,0.9
202204070415,,0.0
202204070430,129.0,0.4
202204070445,,0.0
202204070500,162.0,0.4
202204070515,129.0,0.4
202204070530,124.0,0.9
202204070545,285.0,0.4
202204070615,,0.0
202204070630,,0.0
202204070645,,0.0
202204070700,,0.0
202204070715,297.0,1.3
202204070730,,0.0
202204070745,,0.0
202204070800,,0.0
202204070815,,0.0
202204070830,,0.0
202204070846,,0.0
202204070900,,0.0
202204070915,,0.0
202204070930,,0.0
202204070945,,0.0
202204071000,,0.0
202204071015,,0.0
202204071030,,0.0
202204071046,,0.0
202204071100,,0.0
202204071116,,0.0
202204071130,,0.0
202204071145,,0.0
202204071215,210.0,0.4
202204071230,,0.0
202204071245,,0.0
202204071300,,0.0
202204071315,,0.0
202204071330,281.0,0.9
202204071345,129.0,0.9
202204071400,205.0,0.9
202204071415,293.0,2.7
202204071430,290.0,2.7
202204071445,260.0,1.3
202204071500,255.0,2.7
202204071515,252.0,3.1
202204071530,273.0,3.6
202204071600,143.0,1.8
202204071615,251.0,1.8
202204071630,105.0,1.3
202204071646,278.0,1.8
202204071700,303.0,0.9
202204071715,153.0,1.3
202204071730,266.0,2.7
202204071745,248.0,2.2
202204071800,290.0,2.7
202204071815,129.0,1.8
202204071830,178.0,2.2
202204071845,134.0,0.9
202204071915,302.0,2.2
202204071945,262.0,2.2
202204072000,253.0,2.2
202204072015,86.0,0.4
202204072030,226.0,3.1
202204072045,282.0,2.2
202204072100,327.0,1.8
202204072115,294.0,1.3
202204072130,262.0,0.9
202204072145,269.0,0.4
202204072200,120.0,1.3
202204072216,156.0,1.3
202204072230,86.0,0.4
202204072300,,0.0
202204072315,,0.0
202204072330,,0.0
202204072345,274.0,0.4
202204080000,173.0,0.4
202204080015,,0.0
202204080030,286.0,0.4
202204080045,257.0,0.4
202204080100,,0.0
202204080115,,0.0
202204080130,221.0,1.3
202204080145,283.0,0.4
202204080200,295.0,0.4
202204080216,,0.0
202204080230,,0.0
202204080245,,0.0
202204080300,,0.0
202204080315,278.0,1.8
202204080345,293.0,0.4
202204080400,,0.0
202204080415,110.0,0.9
202204080430,,0.0
202204080445,,0.0
202204080500,,0.0
202204080516,295.0,0.9
202204080530,,0.0
202204080545,,0.0
202204080601,285.0,0.4
202204080615,296.0,0.4
202204080631,,0.0
202204080645,,0.0
202204080700,,0.0
202204080715,,0.0
202204080730,293.0,0.4
202204080800,292.0,0.4
202204080815,,0.0
202204080845,,0.0
202204080900,293.0,0.4
202204080915,271.0,0.9
202204080930,,0.0
202204080945,,0.0
202204081015,304.0,0.9
202204081030,,0.0
202204081045,,0.0
202204081100,253.0,0.4
202204081115,,0.0
202204081130,,0.0
202204081145,292.0,0.4
202204081200,,0.0
202204081215,,0.0
202204081230,198.0,0.4
202204081245,192.0,0.9
202204081300,,0.0
202204081315,,0.0
202204081330,286.0,0.4
202204081345,303.0,1.8
202204081400,,0.0
202204081430,293.0,2.2
202204081445,292.0,0.4
202204081500,212.0,3.1
202204081530,124.0,1.8
202204081545,276.0,2.2
202204081600,297.0,2.2
202204081631,310.0,2.7
202204081645,351.0,2.2
202204081700,115.0,1.8
202204081730,314.0,2.7
202204081745,297.0,2.7
202204081800,32.0,2.7
202204081815,290.0,2.2
202204081830,156.0,1.8
202204081845,89.0,0.9
202204081900,120.0,0.4
202204081915,279.0,2.7
202204081930,271.0,3.1
202204081945,271.0,2.2
202204082000,204.0,0.9
202204082015,268.0,1.8
202204082030,274.0,0.4
202204082045,284.0,2.7
202204082146,207.0,0.9
202204082200,267.0,1.8
202204082216,106.0,0.9
202204082230,285.0,0.4
202204082245,274.0,0.4
202204082300,248.0,1.3
202204082316,313.0,1.3
202204082330,117.0,2.2
202204090000,274.0,0.9
202204090015,234.0,1.8
202204090030,275.0,1.3
202204090045,238.0,0.9
202204090100,,0.0
202204090115,281.0,1.3
202204090130,300.0,3.1
202204090145,258.0,1.3
202204090200,245.0,1.3
202204090215,212.0,0.4
202204090230,73.0,0.9
202204090245,,0.0
202204090300,278.0,0.4
202204090315,,0.0
202204090330,228.0,0.9
202204090346,,0.0
202204090400,299.0,0.4
202204090415,,0.0
202204090430,153.0,0.4
202204090445,208.0,0.4
202204090500,,0.0
202204090515,161.0,0.9
202204090530,271.0,0.9
202204090545,266.0,0.9
202204090600,215.0,0.9
202204090615,,0.0
202204090630,,0.0
202204090700,110.0,0.4
202204090715,,0.0
202204090730,153.0,0.4
202204090745,,0.0
202204090800,,0.0
202204090816,131.0,0.4
202204090846,158.0,0.9
202204090901,212.0,0.9
202204090915,138.0,0.4
202204090930,223.0,0.4
202204090945,,0.0
202204091000,244.0,0.9
202204091015,124.0,0.9
202204091030,164.0,0.4
202204091045,,0.0
202204091100,164.0,0.4
202204091115,,0.0
202204091130,,0.0
202204091145,,0.0
202204091200,145.0,0.4
202204091215,,0.0
202204091230,,0.0
202204091245,257.0,0.4
202204091300,201.0,0.4
202204091315,155.0,0.9
202204091330,,0.0
202204091345,146.0,1.3
202204091400,240.0,0.4
202204091415,,0.0
202204091430,,0.0
202204091445,180.0,0.9
202204091501,259.0,0.9
202204091516,230.0,0.9
202204091530,269.0,0.9
202204091600,188.0,1.8
202204091615,274.0,0.4
202204091630,78.0,2.2
202204091645,302.0,1.3
202204091700,245.0,1.8
202204091715,268.0,1.3
202204091745,259.0,1.8
202204091800,261.0,0.4
202204091815,147.0,0.4
202204091830,246.0,0.9
202204091845,184.0,0.4
202204091915,160.0,0.9
202204091930,232.0,1.3
202204091945,,0.0
202204092000,262.0,2.2
202204092015,154.0,1.8
202204092045,122.0,1.3
202204092100,171.0,0.9
202204092116,257.0,3.6
202204092145,168.0,0.4
202204092200,72.0,0.9
202204092215,151.0,0.9
202204092245,282.0,1.3
202204092315,273.0,0.9
202204092330,,0.0
202204092345,245.0,0.4
202204100000,,0.0
202204100015,172.0,0.9
202204100030,212.0,1.3
202204100045,,0.0
202204100115,252.0,0.4
202204100130,255.0,0.9
202204100145,257.0,0.9
202204100200,239.0,1.8
202204100231,276.0,0.9
202204100300,302.0,1.8
202204100315,290.0,1.8
202204100330,235.0,1.8
202204100345,265.0,1.8
202204100400,270.0,4.5
202204100415,276.0,4.5
202204100430,259.0,2.2
202204100445,60.0,0.9
202204100500,228.0,1.8
202204100515,33.0,1.3
202204100530,201.0,0.9
202204100545,204.0,0.9
202204100600,22.0,0.4
202204100615,,0.0
202204100646,243.0,0.9
202204100701,,0.0
202204100715,,0.0
202204100730,,0.0
202204100745,,0.0
202204100800,,0.0
202204100815,,0.0
202204100830,,0.0
202204100845,,0.0
202204100900,,0.0
202204100915,,0.0
202204100930,,0.0
202204100945,274.0,0.4
202204101000,,0.0
202204101015,,0.0
202204101030,,0.0
202204101045,,0.0
202204101100,,0.0
202204101115,,0.0
202204101130,,0.0
202204101145,,0.0
202204101200,,0.0
202204101216,,0.0
202204101230,,0.0
202204101245,,0.0
202204101300,139.0,0.4
202204101315,202.0,0.9
202204101330,,0.0
202204101345,,0.0
202204101400,230.0,1.3
202204101415,174.0,0.4
202204101430,170.0,0.9
202204101445,288.0,1.8
202204101500,249.0,2.7
202204101515,231.0,0.9
202204101531,278.0,0.9
202204101545,212.0,0.9
202204101600,122.0,0.9
202204101615,258.0,1.3
202204101630,289.0,0.9
202204101645,279.0,1.3
202204101700,243.0,2.2
202204101745,179.0,0.4
202204101800,123.0,0.4
202204101815,155.0,1.3
202204101830,165.0,0.9
202204101845,250.0,2.2
202204101900,155.0,0.9
202204101915,287.0,1.8
202204101931,282.0,0.4
202204101945,283.0,0.9
202204102000,286.0,1.8
202204102015,,0.0
202204102031,207.0,2.2
202204102046,206.0,0.4
202204102100,,0.0
202204102115,239.0,0.4
202204102130,224.0,1.3
202204102145,277.0,0.9
202204102200,287.0,2.2
202204102215,141.0,1.3
202204102230,130.0,1.8
202204102245,311.0,0.4
202204102300,306.0,1.3
202204102315,320.0,0.9
202204102330,322.0,0.4
202204102345,253.0,0.9
202204110000,278.0,0.9
202204110015,276.0,0.4
202204110030,280.0,0.9
202204110045,,0.0
202204110100,288.0,0.4
202204110115,282.0,0.4
202204110130,283.0,0.4
202204110145,,0.0
202204110200,299.0,0.4
202204110215,,0.0
202204110301,288.0,0.4
202204110315,279.0,0.4
202204110330,273.0,0.4
202204110400,70.0,0.4
202204110415,307.0,0.4
202204110430,241.0,1.3
202204110445,53.0,0.9
202204110500,320.0,0.9
202204110515,293.0,0.4
202204110530,259.0,1.8
202204110545,267.0,0.4
202204110600,271.0,0.4
202204110615,270.0,0.9
202204110630,290.0,0.4
202204110700,221.0,1.8
202204110715,219.0,0.9
202204110730,200.0,0.4
202204110745,,0.0
202204110800,297.0,0.4
202204110815,171.0,0.9
202204110830,154.0,0.4
202204110846,283.0,0.9
202204110900,,0.0
202204110915,,0.0
202204110930,,0.0
202204110945,,0.0
202204111000,,0.0
202204111030,,0.0
202204111045,278.0,0.4
202204111100,,0.0
202204111115,,0.0
202204111130,,0.0
202204111145,,0.0
202204111200,,0.0
202204111215,,0.0
202204111230,,0.0
202204111245,,0.0
202204111300,,0.0
202204111316,,0.0
202204111345,146.0,0.9
202204111400,162.0,0.9
202204111415,148.0,0.4
202204111430,130.0,1.3
202204111445,248.0,0.4
202204111500,209.0,0.4
202204111515,268.0,0.4
202204111530,132.0,0.4
202204111545,62.0,1.3
202204111600,212.0,1.3
202204111615,30.0,1.8
202204111630,42.0,2.2
202204111645,161.0,0.9
202204111700,150.0,0.4
202204111715,250.0,1.8
202204111731,216.0,2.2
202204111745,271.0,0.4
202204111800,290.0,1.3
202204111815,272.0,1.3
202204111830,20.0,0.4
202204111845,233.0,1.3
202204111900,219.0,0.4
202204111915,268.0,0.9
202204111930,45.0,0.4
202204111945,72.0,0.4
202204112000,266.0,0.9
202204112015,115.0,0.4
202204112030,155.0,0.9
202204112045,77.0,1.3
202204112100,239.0,0.9
202204112115,6.0,0.9
202204112130,74.0,0.4
202204112145,172.0,0.9
202204112200,220.0,0.4
202204112230,,0.0
202204112245,,0.0
202204112300,,0.0
202204112316,65.0,0.4
202204112345,317.0,0.9
202204120001,139.0,1.8
202204120016,168.0,0.4
202204120030,262.0,0.4
202204120115,131.0,1.3
202204120130,214.0,0.4
202204120145,,0.0
202204120200,,0.0
202204120215,,0.0
202204120230,,0.0
202204120245,,0.0
202204120300,,0.0
202204120315,,0.0
202204120345,,0.0
202204120415,,0.0
202204120445,,0.0
202204120500,,0.0
202204120516,,0.0
202204120530,,0.0
202204120545,,0.0
202204120600,,0.0
202204120615,,0.0
202204120645,,0.0
202204120700,,0.0
202204120715,,0.0
202204120730,30.0,0.4
202204120745,,0.0
202204120800,,0.0
202204120815,,0.0
202204120830,,0.0
202204120845,245.0,0.4
202204120900,,0.0
202204120915,,0.0
202204120930,,0.0
202204120945,,0.0
202204121000,257.0,0.4
202204121015,,0.0
202204121030,,0.0
202204121045,,0.0
202204121100,,0.0
202204121115,,0.0
202204121131,,0.0
202204121145,,0.0
202204121200,,0.0
202204121216,,0.0
202204121230,,0.0
202204121245,,0.0
202204121300,,0.0
202204121315,,0.0
202204121330,,0.0
202204121345,205.0,0.4
202204121400,,0.0
202204121415,161.0,0.4
202204121430,127.0,0.4
202204121445,220.0,1.3
202204121500,154.0,0.9
202204121515,293.0,0.4
202204121530,184.0,0.4
202204121546,103.0,0.4
202204121601,129.0,0.4
202204121615,106.0,1.8
202204121630,98.0,0.9
202204121645,131.0,0.4
202204121700,115.0,0.4
202204121715,277.0,0.4
202204121730,231.0,1.8
202204121745,253.0,0.9
202204121800,238.0,1.3
202204121815,69.0,1.3
202204121830,,0.0
202204121900,283.0,0.4
202204121915,269.0,1.8
202204121930,262.0,0.9
202204121945,144.0,0.9
202204122030,285.0,1.3
202204122046,298.0,1.3
202204122101,235.0,1.8
202204122116,158.0,0.9
202204122131,326.0,0.9
202204122145,176.0,1.3
202204122200,277.0,0.9
202204122215,258.0,1.3
202204122230,60.0,1.3
202204122245,,0.0
202204122300,107.0,1.3
202204122315,,0.0
202204122330,306.0,0.4
202204122345,,0.0
202204130015,,0.0
202204130030,,0.0
202204130045,297.0,0.4
202204130100,,0.0
202204130115,,0.0
202204130130,,0.0
202204130145,,0.0
202204130200,,0.0
202204130215,,0.0
202204130230,,0.0
202204130245,,0.0
202204130300,269.0,0.4
202204130315,,0.0
202204130330,,0.0
202204130345,,0.0
202204130400,,0.0
202204130415,,0.0
202204130430,,0.0
202204130445,,0.0
202204130500,,0.0
202204130515,,0.0
202204130530,,0.0
202204130545,188.0,0.9
202204130630,236.0,0.9
202204130700,121.0,0.9
202204130730,288.0,0.9
202204130745,12.0,1.3
202204130800,,0.0
202204130815,266.0,1.3
202204130830,125.0,0.4
202204130846,117.0,0.4
202204130900,134.0,0.4
202204130915,144.0,0.9
202204130930,328.0,0.9
202204130945,219.0,0.4
202204131000,283.0,0.9
202204131015,150.0,1.3
202204131030,323.0,0.9
202204131045,175.0,1.8
202204131115,155.0,0.9
202204131130,259.0,0.4
202204131145,178.0,0.9
202204131200,77.0,0.4
202204131215,269.0,0.9
202204131230,232.0,0.4
202204131245,240.0,0.9
202204131300,126.0,0.4
202204131316,250.0,1.3
202204131331,78.0,2.2
202204131400,216.0,1.3
202204131415,293.0,2.7
202204131430,240.0,1.8
202204131446,300.0,1.3
202204131500,318.0,2.2
202204131515,186.0,0.9
202204131531,309.0,1.3
202204131545,216.0,1.8
202204131600,315.0,1.3
202204131615,212.0,1.8
202204131630,31.0,0.4
202204131645,216.0,0.9
202204131700,162.0,1.8
202204131730,275.0,0.9
202204131745,228.0,0.4
202204131800,179.0,1.3
202204131815,240.0,2.2
202204131830,255.0,2.2
202204131900,250.0,1.8
202204131915,283.0,1.3
202204131930,153.0,1.3
202204131945,287.0,3.1
202204132000,172.0,2.2
202204132015,107.0,1.3
202204132030,137.0,0.9
202204132045,285.0,1.3
202204132100,219.0,0.4
202204132115,295.0,0.4
202204132130,283.0,1.8
202204132145,301.0,1.3
202204132200,157.0,1.8
202204132215,359.0,0.9
202204132230,83.0,0.4
202204132245,250.0,0.4
202204132300,34.0,0.9
202204132315,215.0,2.2
202204132330,329.0,0.9
202204132345,141.0,1.8
202204140000,205.0,0.4
202204140015,101.0,0.4
202204140030,281.0,0.9
202204140045,58.0,0.4
202204140100,316.0,0.4
202204140115,,0.0
202204140130,,0.0
202204140145,133.0,0.4
202204140200,329.0,0.9
202204140216,27.0,1.8
202204140231,150.0,1.3
202204140245,250.0,0.9
202204140301,345.0,1.3
202204140400,41.0,1.3
202204140415,96.0,0.9
202204140430,145.0,1.3
202204140445,177.0,1.3
202204140500,347.0,0.9
202204140515,274.0,0.9
202204140545,221.0,1.3
202204140600,103.0,0.4
202204140615,315.0,0.9
202204140630,96.0,0.9
202204140645,140.0,0.4
202204140700,,0.0
202204140715,,0.0
202204140730,165.0,0.4
202204140745,135.0,0.4
202204140800,85.0,0.9
202204140815,276.0,0.9
202204140830,146.0,0.4
202204140900,,0.0
202204140915,105.0,0.4
202204140930,,0.0
202204140945,,0.0
202204141000,,0.0
202204141015,,0.0
202204141030,,0.0
202204141046,,0.0
202204141100,161.0,0.9
202204141115,,0.0
202204141131,295.0,0.4
202204141146,,0.0
202204141201,,0.0
202204141215,,0.0
202204141230,,0.0
202204141245,,0.0
202204141300,269.0,0.4
202204141315,,0.0
202204141330,,0.0
202204141345,243.0,1.8
202204141400,349.0,0.4
202204141415,288.0,1.8
202204141430,281.0,0.9
202204141445,122.0,0.4
202204141500,207.0,0.9
202204141515,,0.0
202204141530,146.0,0.4
202204141545,170.0,0.9
202204141600,214.0,1.8
202204141615,242.0,2.7
202204141630,300.0,0.9
202204141701,255.0,1.3
202204141715,283.0,1.3
202204141731,,0.0
202204141745,346.0,0.9
202204141801,148.0,0.9
202204141815,233.0,2.7
202204141830,295.0,0.9
202204141900,245.0,1.3
202204141915,275.0,1.3
202204141930,269.0,1.3
202204141945,191.0,1.3
202204142000,235.0,0.9
202204142015,167.0,0.9
202204142030,233.0,1.8
202204142045,290.0,3.6
202204142100,293.0,2.2
202204142115,262.0,3.1
202204142130,165.0,0.4
202204142145,241.0,0.4
202204142200,270.0,0.4
202204142216,,0.0
202204142230,232.0,0.9
202204142245,187.0,0.4
202204142300,,0.0
202204142315,,0.0
202204142330,,0.0
202204142345,,0.0
202204150000,,0.0
202204150015,,0.0
202204150030,44.0,0.4
202204150045,283.0,0.9
202204150100,278.0,0.4
202204150115,243.0,1.3
202204150145,207.0,0.9
202204150200,,0.0
202204150215,,0.0
202204150230,,0.0
202204150245,,0.0
202204150300,134.0,0.4
202204150315,219.0,0.4
202204150330,,0.0
202204150346,,0.0
202204150400,238.0,0.4
202204150415,288.0,0.4
202204150430,,0.0
202204150445,,0.0
202204150500,,0.0
202204150515,,0.0
202204150530,,0.0
202204150545,,0.0
202204150600,,0.0
202204150615,,0.0
202204150630,286.0,0.4
202204150645,,0.0
202204150701,,0.0
202204150715,283.0,0.4
202204150730,,0.0
202204150746,285.0,0.4
202204150800,,0.0
202204150815,,0.0
202204150830,,0.0
202204150845,,0.0
202204150900,,0.0
202204150915,289.0,0.4
202204150930,,0.0
202204150945,,0.0
202204151000,,0.0
202204151015,245.0,0.4
202204151030,,0.0
202204151045,,0.0
202204151100,,0.0
202204151116,,0.0
202204151130,,0.0
202204151145,,0.0
202204151215,,0.0
202204151230,,0.0
202204151245,,0.0
202204151300,140.0,0.4
202204151315,,0.0
202204151330,,0.0
202204151345,,0.0
202204151400,154.0,0.4
202204151415,140.0,0.4
202204151430,153.0,0.4
202204151445,160.0,0.9
202204151500,172.0,0.9
202204151515,124.0,0.9
202204151600,240.0,0.4
202204151615,242.0,0.4
202204151630,152.0,0.9
202204151645,127.0,0.9
202204151700,122.0,0.4
202204151716,270.0,1.3
202204151730,,0.0
202204151745,303.0,2.2
202204151800,297.0,0.9
202204151815,70.0,0.4
202204151830,174.0,0.4
202204151845,233.0,0.9
202204151900,91.0,0.4
202204151916,163.0,1.8
202204151930,193.0,0.9
202204151945,117.0,1.8
202204152000,141.0,2.7
202204152016,294.0,1.8
202204152045,290.0,0.4
202204152100,312.0,2.2
202204152115,136.0,1.8
202204152130,251.0,1.3
202204152145,,0.0
202204152200,165.0,0.9
202204152215,183.0,0.4
202204152230,130.0,0.9
202204152246,297.0,1.8
202204152300,241.0,1.3
202204152315,307.0,0.4
202204152330,293.0,0.4
202204152345,,0.0
202204160000,277.0,0.4
202204160015,264.0,0.4
202204160030,,0.0
202204160045,282.0,0.4
202204160100,281.0,0.4
202204160115,,0.0
202204160130,,0.0
202204160145,,0.0
202204160200,,0.0
202204160215,,0.0
202204160230,,0.0
202204160245,284.0,0.4
202204160300,,0.0
202204160315,,0.0
202204160330,,0.0
202204160345,,0.0
202204160401,271.0,0.4
202204160430,,0.0
202204160445,,0.0
202204160500,,0.0
202204160515,,0.0
202204160530,329.0,0.4
202204160600,300.0,1.8
202204160615,214.0,0.4
202204160630,149.0,0.4
202204160645,,0.0
202204160700,290.0,0.4
202204160716,314.0,0.9
202204160730,,0.0
202204160745,,0.0
202204160800,,0.0
202204160816,245.0,0.4
202204160831,,0.0
202204160846,,0.0
202204160915,,0.0
202204160930,,0.0
202204160945,,0.0
202204161000,,0.0
202204161015,,0.0
202204161030,,0.0
202204161045,,0.0
202204161100,,0.0
202204161115,,0.0
202204161130,,0.0
202204161145,,0.0
202204161200,,0.0
202204161215,,0.0
202204161230,,0.0
202204161245,,0.0
202204161300,,0.0
202204161315,,0.0
202204161330,,0.0
202204161345,,0.0
202204161400,,0.0
202204161430,,0.0
202204161445,139.0,0.4
202204161515,,0.0
202204161530,,0.0
202204161545,207.0,0.9
202204161600,243.0,0.4
202204161615,129.0,0.9
202204161630,297.0,0.4
202204161645,309.0,0.4
202204161700,294.0,0.9
202204161715,,0.0
202204161730,120.0,0.4
202204161800,248.0,1.3
202204161815,259.0,1.3
202204161831,167.0,0.9
202204161846,202.0,0.4
202204161900,,0.0
202204161915,,0.0
202204161930,146.0,1.3
202204161945,,0.0
202204162000,145.0,0.4
202204162015,,0.0
202204162030,,0.0
202204162045,,0.0
202204162115,294.0,0.4
202204162130,262.0,0.4
202204162145,140.0,0.4
202204162200,,0.0
202204162215,233.0,0.9
202204162230,138.0,1.3
202204162245,143.0,2.2
202204162315,265.0,1.3
202204162330,261.0,0.9
202204170000,148.0,0.4
202204170015,118.0,0.4
202204170031,140.0,0.9
202204170045,,0.0
202204170100,,0.0
202204170115,,0.0
202204170130,,0.0
202204170145,,0.0
202204170200,,0.0
202204170215,301.0,1.3
202204170230,248.0,1.3
202204170245,280.0,3.1
202204170300,203.0,0.9
202204170315,318.0,0.4
202204170330,243.0,0.4
202204170346,,0.0
202204170400,,0.0
202204170415,,0.0
202204170430,,0.0
202204170445,,0.0
202204170500,,0.0
202204170515,,0.0
202204170530,,0.0
202204170545,,0.0
202204170600,,0.0
202204170616,,0.0
202204170630,,0.0
202204170645,,0.0
202204170700,92.0,0.9
202204170730,,0.0
202204170745,,0.0
202204170800,,0.0
202204170815,,0.0
202204170845,,0.0
202204170900,,0.0
202204170915,,0.0
202204170930,,0.0
202204170945,,0.0
202204171000,,0.0
202204171015,275.0,0.4
202204171030,283.0,0.4
202204171045,,0.0
202204171100,,0.0
202204171130,,0.0
202204171145,,0.0
202204171200,,0.0
202204171215,,0.0
202204171231,,0.0
202204171245,,0.0
202204171300,,0.0
202204171315,146.0,0.9
202204171330,130.0,1.3
202204171345,149.0,0.9
202204171400,144.0,0.9
202204171415,120.0,0.4
202204171430,179.0,0.9
202204171445,194.0,0.4
202204171500,,0.0
202204171516,,0.0
202204171530,223.0,0.9
202204171545,188.0,0.4
202204171600,140.0,0.4
202204171616,172.0,0.4
202204171630,237.0,0.4
202204171645,139.0,0.9
202204171700,241.0,0.9
202204171715,,0.0
202204171730,,0.0
202204171745,141.0,0.4
202204171800,125.0,0.4
202204171815,193.0,0.9
202204171830,283.0,0.9
202204171845,290.0,0.9
202204171900,150.0,0.9
202204171915,158.0,0.4
202204171930,,0.0
202204171945,134.0,0.9
202204172000,124.0,0.4
202204172015,32.0,0.4
202204172030,288.0,1.3
202204172045,172.0,0.9
202204172100,161.0,0.9
202204172115,224.0,0.4
202204172130,263.0,0.4
202204172146,281.0,0.4
202204172200,,0.0
202204172215,,0.0
202204172230,253.0,0.4
202204172246,,0.0
202204172300,,0.0
202204172315,,0.0
202204172330,,0.0
202204180000,,0.0
202204180015,,0.0
202204180030,,0.0
202204180045,,0.0
202204180100,,0.0
202204180115,,0.0
202204180130,,0.0
202204180145,,0.0
202204180200,,0.0
202204180215,,0.0
202204180230,,0.0
202204180245,,0.0
202204180300,,0.0
202204180315,,0.0
202204180330,,0.0
202204180345,,0.0
202204180400,,0.0
202204180415,,0.0
202204180430,,0.0
202204180500,,0.0
202204180515,,0.0
202204180530,,0.0
202204180545,281.0,0.9
202204180600,,0.0
202204180615,,0.0
202204180630,,0.0
202204180700,,0.0
202204180715,,0.0
202204180730,,0.0
202204180745,,0.0
202204180800,,0.0
202204180815,,0.0
202204180831,,0.0
202204180845,,0.0
202204180901,,0.0
202204180916,,0.0
202204180930,,0.0
202204180945,,0.0
202204181000,,0.0
202204181015,,0.0
202204181030,,0.0
202204181045,,0.0
202204181100,,0.0
202204181115,,0.0
202204181130,,0.0
202204181145,,0.0
202204181200,,0.0
202204181215,,0.0
202204181230,91.0,0.4
202204181245,,0.0
202204181300,,0.0
202204181315,,0.0
202204181331,,0.0
202204181345,,0.0
202204181401,,0.0
202204181415,167.0,0.4
202204181431,,0.0
202204181446,257.0,0.4
202204181515,139.0,0.4
202204181530,153.0,0.4
202204181545,,0.0
202204181600,175.0,0.9
202204181615,179.0,0.9
202204181630,,0.0
202204181645,148.0,0.4
202204181700,,0.0
202204181730,,0.0
202204181745,,0.0
202204181800,233.0,0.4
202204181815,222.0,0.4
202204181830,222.0,0.4
202204181845,260.0,0.4
202204181915,,0.0
202204181930,263.0,0.4
202204181945,235.0,0.4
202204182000,290.0,0.4
202204182015,,0.0
202204182030,67.0,0.4
202204182045,38.0,0.4
202204182100,,0.0
202204182115,,0.0
202204182130,233.0,1.3
202204182146,290.0,1.3
202204182201,269.0,1.8
202204182215,176.0,0.9
202204182230,,0.0
202204182245,300.0,1.8
202204182300,275.0,2.2
202204182330,323.0,0.4
202204190000,291.0,1.8
202204190015,,0.0
202204190030,275.0,0.9
202204190045,285.0,0.9
202204190100,278.0,1.8
202204190115,283.0,0.9
202204190130,284.0,0.4
202204190145,315.0,2.2
202204190231,258.0,3.1
202204190246,252.0,2.2
202204190315,261.0,3.1
202204190330,264.0,1.8
202204190345,239.0,1.3
202204190400,297.0,0.9
202204190415,221.0,0.9
202204190430,266.0,1.8
202204190445,285.0,1.3
202204190500,183.0,1.8
202204190515,242.0,1.3
202204190531,323.0,1.3
202204190545,149.0,0.9
202204190600,265.0,1.8
202204190615,282.0,2.7
202204190631,252.0,1.8
202204190645,276.0,1.8
202204190700,153.0,0.9
202204190715,290.0,1.3
202204190730,231.0,0.9
202204190745,298.0,2.2
202204190800,,0.0
202204190815,100.0,0.9
202204190830,245.0,0.9
202204190845,145.0,0.4
202204190900,124.0,1.8
202204190915,293.0,0.9
202204190930,155.0,0.9
202204190945,213.0,0.9
202204191001,108.0,1.8
202204191015,307.0,0.9
202204191030,236.0,0.4
202204191045,192.0,0.4
202204191100,273.0,0.9
202204191116,259.0,0.4
202204191130,221.0,0.4
202204191145,273.0,0.9
202204191200,248.0,1.8
202204191215,267.0,0.9
202204191230,234.0,0.4
202204191245,209.0,1.3
202204191300,259.0,1.8
202204191315,29.0,0.9
202204191345,200.0,1.3
202204191400,259.0,0.9
202204191415,97.0,1.3
202204191430,91.0,0.9
202204191445,245.0,2.2
202204191515,193.0,1.3
202204191531,285.0,0.9
202204191545,285.0,3.6
202204191600,127.0,1.8
202204191615,164.0,0.9
202204191630,271.0,1.8
202204191700,255.0,4.0
202204191745,336.0,3.6
202204191800,214.0,3.1
202204191815,240.0,1.3
202204191900,293.0,1.3
202204191915,292.0,3.1
202204191930,251.0,0.4
202204191945,230.0,2.2
202204192000,276.0,4.0
202204192015,239.0,2.7
202204192030,298.0,4.0
202204192045,293.0,2.7
202204192100,236.0,0.9
202204192130,271.0,1.8
202204192145,281.0,1.3
202204192200,242.0,1.3
202204192215,266.0,2.2
202204192230,262.0,1.8
202204192245,277.0,1.8
202204192300,290.0,1.8
202204192316,255.0,0.9
202204192330,278.0,0.4
202204192345,,0.0
202204200000,,0.0
202204200015,,0.0
202204200030,,0.0
202204200045,,0.0
202204200130,,0.0
202204200145,,0.0
202204200200,,0.0
202204200215,,0.0
202204200230,,0.0
202204200245,,0.0
202204200300,,0.0
202204200330,275.0,0.4
202204200400,,0.0
202204200415,263.0,0.4
202204200430,,0.0
202204200445,,0.0
202204200500,,0.0
202204200515,,0.0
202204200530,278.0,0.4
202204200545,,0.0
202204200600,,0.0
202204200615,,0.0
202204200630,278.0,0.4
202204200645,,0.0
202204200715,277.0,0.4
202204200730,,0.0
202204200745,278.0,0.4
202204200800,,0.0
202204200815,,0.0
202204200830,,0.0
202204200845,,0.0
202204200915,,0.0
202204200931,,0.0
202204200946,,0.0
202204201000,,0.0
202204201015,,0.0
202204201030,,0.0
202204201045,,0.0
202204201100,273.0,0.9
202204201115,,0.0
202204201145,,0.0
202204201215,,0.0
202204201230,,0.0
202204201245,,0.0
202204201300,,0.0
202204201315,114.0,0.4
202204201330,,0.0
202204201345,,0.0
202204201400,117.0,0.4
202204201416,170.0,0.4
202204201430,116.0,1.3
202204201445,,0.0
202204201500,155.0,0.9
202204201515,127.0,0.9
202204201530,314.0,0.9
202204201545,119.0,1.3
202204201600,229.0,0.4
202204201615,203.0,0.4
202204201630,103.0,1.3
202204201645,314.0,0.9
202204201700,304.0,0.9
202204201715,167.0,1.3
202204201730,296.0,1.8
202204201745,143.0,0.9
202204201800,145.0,1.8
202204201845,257.0,0.9
202204201915,224.0,0.9
202204201930,101.0,0.4
202204201945,277.0,0.9
202204202000,134.0,0.4
202204202015,295.0,1.8
202204202030,94.0,0.9
202204202045,262.0,0.9
202204202100,129.0,0.9
202204202115,283.0,0.9
202204202145,10.0,0.9
202204202200,322.0,1.8
202204202215,116.0,0.4
202204202230,224.0,0.9
202204202245,283.0,0.9
202204202300,323.0,1.3
202204202315,303.0,1.8
202204202331,,0.0
202204202345,,0.0
202204210000,,0.0
202204210015,,0.0
202204210045,297.0,0.4
202204210101,,0.0
202204210116,,0.0
202204210131,,0.0
202204210145,,0.0
202204210200,,0.0
202204210215,,0.0
202204210230,,0.0
202204210245,,0.0
202204210300,,0.0
202204210315,288.0,0.4
202204210330,,0.0
202204210345,,0.0
202204210400,,0.0
202204210415,,0.0
202204210430,,0.0
202204210445,283.0,0.4
202204210500,8.0,0.4
202204210515,250.0,0.4
202204210545,,0.0
202204210600,307.0,0.4
202204210615,,0.0
202204210630,253.0,0.9
202204210645,,0.0
202204210700,,0.0
202204210730,,0.0
202204210745,,0.0
202204210800,,0.0
202204210815,225.0,0.4
202204210830,,0.0
202204210845,,0.0
202204210900,303.0,0.9
202204210915,180.0,0.9
202204210930,,0.0
202204210945,137.0,0.4
202204211000,214.0,0.4
202204211015,131.0,0.4
202204211030,295.0,0.4
202204211100,207.0,0.4
202204211115,283.0,0.4
202204211130,255.0,0.9
202204211200,,0.0
202204211215,153.0,0.4
202204211230,103.0,0.9
202204211245,302.0,0.9
202204211300,228.0,0.9
202204211331,310.0,0.4
202204211345,281.0,0.9
202204211401,79.0,0.4
202204211415,289.0,0.4
202204211430,69.0,0.9
202204211445,272.0,0.9
202204211500,212.0,0.4
202204211515,174.0,1.3
202204211530,260.0,1.8
202204211545,278.0,1.3
202204211600,314.0,0.9
202204211615,216.0,0.9
202204211630,261.0,0.9
202204211645,221.0,0.4
202204211700,274.0,0.4
202204211715,300.0,0.9
202204211730,162.0,0.9
202204211745,43.0,0.9
202204211800,293.0,0.4
202204211815,29.0,1.3
202204211830,124.0,0.9
202204211845,84.0,0.4
202204211900,186.0,1.8
202204211915,139.0,0.9
202204211930,129.0,1.8
202204211945,278.0,0.9
202204212000,240.0,1.8
202204212015,189.0,1.8
202204212030,236.0,0.9
202204212045,141.0,1.3
202204212100,139.0,1.3
202204212115,210.0,1.3
202204212130,163.0,0.4
202204212145,245.0,1.3
202204212200,196.0,1.8
202204212215,239.0,0.9
202204212231,184.0,1.3
202204212245,311.0,1.8
202204212316,165.0,0.9
202204212331,219.0,0.4
202204212346,299.0,0.9
202204220000,211.0,0.4
202204220015,,0.0
202204220030,175.0,0.4
202204220045,,0.0
202204220100,,0.0
202204220130,,0.0
202204220145,,0.0
202204220200,276.0,0.4
202204220215,,0.0
202204220230,,0.0
202204220245,,0.0
202204220300,272.0,0.4
202204220315,,0.0
202204220330,,0.0
202204220345,,0.0
202204220400,,0.0
202204220415,,0.0
202204220430,,0.0
202204220445,,0.0
202204220500,283.0,0.4
202204220516,,0.0
202204220531,,0.0
202204220545,,0.0
202204220615,,0.0
202204220630,,0.0
202204220645,281.0,0.4
202204220700,,0.0
202204220715,,0.0
202204220730,,0.0
202204220745,,0.0
202204220800,,0.0
202204220815,,0.0
202204220830,,0.0
202204220845,,0.0
202204220915,,0.0
202204220930,,0.0
202204220946,,0.0
202204221000,,0.0
202204221015,,0.0
202204221030,275.0,0.4
202204221101,,0.0
202204221115,,0.0
202204221131,,0.0
202204221145,,0.0
202204221200,,0.0
202204221215,,0.0
202204221230,,0.0
202204221245,,0.0
202204221300,,0.0
202204221315,,0.0
202204221330,,0.0
202204221345,,0.0
202204221400,137.0,0.4
202204221415,169.0,0.4
202204221431,141.0,1.3
202204221445,130.0,0.9
202204221500,141.0,0.4
202204221515,147.0,1.3
202204221530,,0.0
202204221545,183.0,0.9
202204221600,160.0,0.4
202204221615,,0.0
202204221630,,0.0
202204221645,131.0,0.4
202204221700,167.0,0.9
202204221715,,0.0
202204221730,310.0,0.4
202204221745,145.0,1.3
202204221800,148.0,1.3
202204221815,230.0,1.8
202204221830,103.0,0.4
202204221846,92.0,1.8
202204221901,,0.0
202204221915,88.0,0.9
202204221930,152.0,0.4
202204221945,205.0,2.2
202204222000,131.0,0.4
202204222015,304.0,1.3
202204222030,196.0,0.9
202204222045,145.0,0.4
202204222101,153.0,0.4
202204222115,229.0,1.3
202204222145,181.0,1.3
202204222200,85.0,0.9
202204222215,319.0,1.3
202204222230,182.0,1.3
202204222246,118.0,0.9
202204222300,279.0,1.3
202204222315,310.0,1.3
202204222330,246.0,0.4
202204230001,300.0,0.4
202204230030,,0.0
202204230045,270.0,0.4
202204230100,,0.0
202204230115,,0.0
202204230130,264.0,0.4
202204230145,,0.0
202204230200,,0.0
202204230215,,0.0
202204230230,,0.0
202204230245,,0.0
202204230300,,0.0
202204230315,,0.0
202204230330,,0.0
202204230345,,0.0
202204230400,,0.0
202204230415,,0.0
202204230430,,0.0
202204230445,,0.0
202204230500,,0.0
202204230515,,0.0
202204230530,,0.0
202204230545,,0.0
202204230600,,0.0
202204230615,,0.0
202204230630,,0.0
202204230646,,0.0
202204230700,,0.0
202204230715,,0.0
202204230730,,0.0
202204230745,,0.0
202204230800,,0.0
202204230815,,0.0
202204230830,,0.0
202204230845,,0.0
202204230900,,0.0
202204230915,,0.0
202204230930,,0.0
202204230945,,0.0
202204231000,,0.0
202204231015,,0.0
202204231030,,0.0
202204231045,,0.0
202204231100,,0.0
202204231115,,0.0
202204231130,,0.0
202204231146,,0.0
202204231200,,0.0
202204231216,,0.0
202204231231,,0.0
202204231245,,0.0
202204231300,,0.0
202204231315,,0.0
202204231345,159.0,0.9
202204231400,223.0,1.3
202204231415,96.0,1.3
202204231430,124.0,0.4
202204231445,154.0,1.8
202204231500,295.0,1.3
202204231515,149.0,0.9
202204231530,137.0,2.2
202204231545,155.0,1.3
202204231601,141.0,1.8
202204231615,249.0,0.9
202204231630,74.0,0.4
202204231645,115.0,1.8
202204231700,293.0,2.2
202204231715,262.0,1.8
202204231730,285.0,0.9
202204231745,298.0,1.3
202204231800,213.0,0.9
202204231815,203.0,0.9
202204231830,197.0,0.9
202204231845,259.0,2.2
202204231900,161.0,0.9
202204231915,314.0,2.7
202204231930,131.0,0.9
202204231945,304.0,1.8
202204232000,302.0,1.3
202204232015,276.0,0.4
202204232045,,0.0
202204232100,107.0,1.3
202204232115,69.0,0.4
202204232131,296.0,1.8
202204232146,217.0,0.9
202204232200,294.0,0.9
202204232231,284.0,0.9
202204232245,125.0,0.4
202204232300,4.0,1.3
202204232315,11.0,0.9
202204232330,300.0,0.4
202204232345,70.0,0.9
202204240015,,0.0
202204240030,,0.0
202204240045,,0.0
202204240100,,0.0
202204240115,248.0,0.4
202204240130,,0.0
202204240200,,0.0
202204240216,,0.0
202204240230,,0.0
202204240245,,0.0
202204240300,,0.0
202204240315,,0.0
202204240330,,0.0
202204240345,,0.0
202204240400,,0.0
202204240415,,0.0
202204240431,,0.0
202204240446,,0.0
202204240500,,0.0
202204240515,,0.0
202204240530,281.0,0.4
202204240545,,0.0
202204240600,,0.0
202204240615,,0.0
202204240630,232.0,0.9
202204240645,282.0,0.4
202204240700,295.0,0.4
202204240715,,0.0
202204240730,,0.0
202204240745,,0.0
202204240800,,0.0
202204240815,,0.0
202204240831,,0.0
202204240845,,0.0
202204240900,,0.0
202204240915,,0.0
202204240930,,0.0
202204240945,,0.0
202204241001,284.0,0.4
202204241015,,0.0
202204241030,,0.0
202204241045,,0.0
202204241100,,0.0
202204241115,,0.0
202204241130,,0.0
202204241145,,0.0
202204241200,,0.0
202204241215,,0.0
202204241230,266.0,0.9
202204241245,222.0,0.9
202204241300,277.0,0.4
202204241315,288.0,0.9
202204241330,126.0,0.4
202204241345,302.0,0.4
202204241400,316.0,0.4
202204241415,84.0,0.9
202204241430,155.0,0.4
202204241445,180.0,0.9
202204241500,94.0,0.4
202204241515,188.0,0.9
202204241530,135.0,0.4
202204241545,239.0,0.9
202204241600,322.0,1.3
202204241615,291.0,0.9
202204241630,117.0,0.4
202204241645,321.0,0.4
202204241700,186.0,0.4
202204241715,357.0,0.9
202204241730,178.0,0.4
202204241800,275.0,0.9
202204241815,357.0,0.9
202204241830,248.0,1.3
202204241845,123.0,0.9
202204241900,98.0,0.9
202204241915,143.0,0.4
202204241931,252.0,1.3
202204241946,241.0,0.9
202204242001,296.0,1.3
202204242016,310.0,2.2
202204242030,297.0,1.8
202204242045,307.0,1.3
202204242100,176.0,1.3
202204242115,283.0,0.9
202204242130,226.0,1.3
202204242145,292.0,1.8
202204242200,99.0,0.9
202204242215,119.0,1.3
202204242230,140.0,0.9
202204242245,304.0,1.3
202204242300,143.0,0.9
202204242315,321.0,0.9
202204242330,,0.0
202204242345,293.0,0.9
202204250001,249.0,0.9
202204250015,,0.0
202204250030,,0.0
202204250046,,0.0
202204250100,,0.0
202204250115,,0.0
202204250130,,0.0
202204250145,,0.0
202204250201,,0.0
202204250215,,0.0
202204250230,,0.0
202204250245,,0.0
202204250301,,0.0
202204250315,,0.0
202204250330,,0.0
202204250345,285.0,0.4
202204250400,,0.0
202204250415,,0.0
202204250430,286.0,0.4
202204250445,,0.0
202204250500,,0.0
202204250515,,0.0
202204250530,,0.0
202204250545,,0.0
202204250600,,0.0
202204250615,,0.0
202204250631,283.0,0.4
202204250645,110.0,0.4
202204250700,,0.0
202204250715,,0.0
202204250731,,0.0
202204250746,,0.0
202204250801,,0.0
202204250815,,0.0
202204250900,,0.0
202204250930,,0.0
202204250945,,0.0
202204251000,,0.0
202204251016,,0.0
202204251030,,0.0
202204251045,,0.0
202204251100,,0.0
202204251115,,0.0
202204251130,,0.0
202204251145,,0.0
202204251200,,0.0
202204251216,,0.0
202204251230,,0.0
202204251245,,0.0
202204251301,269.0,0.4
202204251315,,0.0
202204251330,100.0,0.4
202204251400,173.0,1.3
202204251415,286.0,1.3
202204251430,195.0,0.4
202204251445,357.0,0.9
202204251500,,0.0
202204251515,256.0,0.9
202204251530,,0.0
202204251545,310.0,0.9
202204251600,189.0,0.4
202204251615,213.0,0.9
202204251630,103.0,1.3
202204251645,134.0,0.9
202204251700,146.0,0.9
202204251715,216.0,1.8
202204251731,201.0,1.3
202204251746,143.0,0.4
202204251800,217.0,1.3
202204251815,91.0,0.9
202204251830,342.0,1.3
202204251845,280.0,1.3
202204251900,200.0,2.2
202204251915,294.0,1.8
202204251945,91.0,0.9
202204252000,236.0,1.3
202204252015,161.0,1.8
202204252030,,0.0
202204252045,302.0,1.3
202204252100,143.0,0.9
202204252115,119.0,0.4
202204252130,138.0,1.8
202204252145,295.0,0.9
202204252200,267.0,1.3
202204252215,,0.0
202204252230,304.0,0.9
202204252245,52.0,0.4
202204252300,148.0,1.3
202204252315,354.0,0.4
202204252330,42.0,0.4
202204252346,307.0,0.9
202204260000,,0.0
202204260015,291.0,0.9
202204260030,323.0,0.9
202204260045,,0.0
202204260100,,0.0
202204260115,270.0,0.4
202204260130,,0.0
202204260145,,0.0
202204260200,,0.0
202204260215,,0.0
202204260230,,0.0
202204260245,,0.0
202204260300,,0.0
202204260315,295.0,0.4
202204260330,,0.0
202204260345,,0.0
202204260400,,0.0
202204260415,,0.0
202204260430,282.0,0.4
202204260445,,0.0
202204260500,,0.0
202204260515,,0.0
202204260530,283.0,0.4
202204260545,,0.0
202204260600,,0.0
202204260615,,0.0
202204260630,283.0,0.4
202204260645,,0.0
202204260700,,0.0
202204260715,,0.0
202204260730,,0.0
202204260745,,0.0
202204260800,,0.0
202204260815,290.0,0.4
202204260830,291.0,0.4
202204260845,,0.0
202204260900,,0.0
202204260915,,0.0
202204260930,278.0,0.4
202204260945,278.0,0.4
202204261000,309.0,0.4
202204261015,,0.0
202204261030,,0.0
202204261045,,0.0
202204261100,,0.0
202204261115,,0.0
202204261130,,0.0
202204261146,,0.0
202204261200,140.0,0.4
202204261215,,0.0
202204261230,,0.0
202204261245,160.0,0.4
202204261300,210.0,0.9
202204261315,133.0,0.9
202204261330,,0.0
202204261345,159.0,1.3
202204261415,131.0,1.3
202204261430,,0.0
202204261445,215.0,0.4
202204261501,287.0,0.9
202204261515,271.0,2.7
202204261545,287.0,3.1
202204261601,288.0,3.1
202204261616,290.0,2.2
202204261630,290.0,2.7
202204261645,249.0,0.4
202204261700,,0.0
202204261715,262.0,1.3
202204261730,290.0,2.7
202204261745,268.0,0.9
202204261800,240.0,2.2
202204261815,283.0,1.8
202204261830,89.0,0.9
202204261845,,0.0
202204261900,,0.0
202204261930,,0.0
202204261945,,0.0
202204262000,,0.0
202204262015,152.0,0.4
202204262030,275.0,1.3
202204262045,271.0,0.9
202204262100,254.0,2.7
202204262115,253.0,1.3
202204262130,291.0,1.3
202204262146,142.0,0.4
202204262201,276.0,1.8
202204262215,280.0,0.4
202204262300,281.0,0.9
202204262315,277.0,0.9
202204262330,275.0,1.3
202204262345,282.0,1.3
202204270000,315.0,1.8
202204270015,315.0,0.4
202204270030,38.0,0.4
202204270045,262.0,1.3
202204270100,252.0,1.3
202204270115,244.0,1.3
202204270130,103.0,0.4
202204270145,169.0,0.4
202204270200,137.0,0.9
202204270215,,0.0
202204270230,,0.0
202204270300,,0.0
202204270315,,0.0
202204270330,,0.0
202204270346,,0.0
202204270400,,0.0
202204270415,88.0,0.4
202204270430,347.0,0.9
202204270445,117.0,0.4
202204270500,,0.0
202204270515,62.0,0.9
202204270530,113.0,0.9
202204270545,149.0,0.4
202204270601,206.0,0.4
202204270615,146.0,0.4
202204270630,142.0,0.9
202204270645,108.0,1.3
202204270701,259.0,1.3
202204270715,278.0,0.4
202204270730,129.0,0.4
202204270746,228.0,1.3
202204270801,146.0,0.4
202204270815,233.0,0.9
202204270830,,0.0
202204270845,199.0,0.4
202204270900,269.0,0.4
202204270915,146.0,0.4
202204270930,207.0,0.4
202204270945,319.0,0.4
202204271000,,0.0
202204271015,,0.0
202204271030,53.0,0.4
202204271100,,0.0
202204271115,21.0,0.9
202204271130,108.0,0.4
202204271145,304.0,0.4
202204271200,276.0,0.4
202204271215,,0.0
202204271230,113.0,0.9
202204271245,120.0,1.3
202204271301,91.0,0.4
202204271315,116.0,0.9
202204271330,155.0,1.8
202204271345,186.0,1.8
202204271400,225.0,0.9
202204271415,181.0,2.2
202204271430,128.0,0.9
202204271445,167.0,0.4
202204271500,145.0,0.4
202204271515,160.0,0.9
202204271530,236.0,0.4
202204271545,160.0,0.9
202204271600,267.0,1.8
202204271630,106.0,0.4
202204271715,185.0,0.9
202204271730,136.0,1.3
202204271745,300.0,1.8
202204271800,269.0,3.6
202204271815,263.0,1.3
202204271830,271.0,1.8
202204271845,277.0,2.2
202204271900,273.0,0.9
202204271916,189.0,0.4
202204271930,299.0,2.7
202204271945,177.0,0.4
202204272000,172.0,1.3
202204272015,202.0,1.3
202204272030,229.0,1.3
202204272045,160.0,0.4
202204272100,183.0,0.9
202204272115,231.0,0.4
202204272130,176.0,1.8
202204272145,129.0,0.4
202204272201,246.0,0.9
202204272215,209.0,0.9
202204272230,,0.0
202204272245,320.0,0.4
202204272300,,0.0
202204272315,297.0,0.4
202204272330,,0.0
202204272345,,0.0
202204280000,,0.0
202204280016,,0.0
202204280030,,0.0
202204280045,,0.0
202204280100,,0.0
202204280115,,0.0
202204280130,,0.0
202204280145,,0.0
202204280200,,0.0
202204280215,,0.0
202204280231,,0.0
202204280245,,0.0
202204280300,,0.0
202204280316,,0.0
202204280330,,0.0
202204280345,,0.0
202204280400,,0.0
202204280415,,0.0
202204280430,,0.0
202204280445,,0.0
202204280500,298.0,0.4
202204280515,,0.0
202204280530,,0.0
202204280545,,0.0
202204280600,271.0,0.4
202204280616,,0.0
202204280630,,0.0
202204280701,,0.0
202204280715,,0.0
202204280730,282.0,0.4
202204280745,,0.0
202204280800,280.0,0.4
202204280815,,0.0
202204280830,,0.0
202204280845,,0.0
202204280900,,0.0
202204280915,,0.0
202204280930,,0.0
202204280945,,0.0
202204281000,277.0,0.4
202204281015,275.0,0.4
202204281030,,0.0
202204281045,276.0,0.4
202204281100,,0.0
202204281116,,0.0
202204281131,,0.0
202204281146,,0.0
202204281201,,0.0
202204281215,,0.0
202204281230,,0.0
202204281245,,0.0
202204281300,,0.0
202204281315,,0.0
202204281330,149.0,0.4
202204281345,135.0,0.4
202204281400,,0.0
202204281415,131.0,0.4
202204281430,177.0,0.4
202204281445,,0.0
202204281500,292.0,1.3
202204281515,146.0,1.3
202204281545,254.0,1.3
202204281600,250.0,0.4
202204281615,162.0,1.3
202204281630,265.0,0.9
202204281645,146.0,0.9
202204281700,157.0,0.9
202204281715,271.0,1.8
202204281730,,0.0
202204281745,314.0,0.9
202204281800,304.0,1.3
202204281815,243.0,1.8
202204281830,43.0,1.3
202204281845,52.0,0.9
202204281900,206.0,1.8
202204281915,264.0,1.3
202204281930,58.0,0.9
202204281945,151.0,2.2
202204282000,300.0,1.8
202204282015,131.0,1.3
202204282031,276.0,1.3
202204282046,236.0,1.3
202204282100,287.0,0.9
202204282115,209.0,1.8
202204282130,203.0,0.9
202204282145,307.0,0.4
202204282200,82.0,0.4
202204282215,102.0,0.9
202204282230,235.0,0.9
202204282245,159.0,0.9
202204282300,118.0,1.3
202204282315,,0.0
202204282330,295.0,0.4
202204282345,4.0,0.4
202204290000,,0.0
202204290015,245.0,0.9
202204290030,,0.0
202204290045,285.0,0.4
202204290100,,0.0
202204290115,,0.0
202204290130,,0.0
202204290146,,0.0
202204290200,,0.0
202204290215,,0.0
202204290230,,0.0
202204290245,,0.0
202204290300,,0.0
202204290315,,0.0
202204290330,283.0,0.4
202204290345,,0.0
202204290400,,0.0
202204290415,,0.0
202204290430,,0.0
202204290445,,0.0
202204290500,,0.0
202204290515,,0.0
202204290530,,0.0
202204290545,,0.0
202204290600,,0.0
202204290615,,0.0
202204290630,,0.0
202204290645,,0.0
202204290700,,0.0
202204290715,,0.0
202204290730,,0.0
202204290745,,0.0
202204290800,,0.0
202204290816,,0.0
202204290830,,0.0
202204290845,,0.0
202204290900,,0.0
202204290916,,0.0
202204290930,279.0,0.4
202204290945,,0.0
202204291000,,0.0
202204291030,,0.0
202204291045,,0.0
202204291100,,0.0
202204291115,,0.0
202204291130,,0.0
202204291145,,0.0
202204291200,,0.0
202204291215,,0.0
202204291230,,0.0
202204291245,,0.0
202204291301,,0.0
202204291315,,0.0
202204291330,129.0,0.4
202204291346,196.0,0.4
202204291401,160.0,0.9
202204291415,,0.0
202204291430,139.0,0.4
202204291445,120.0,0.4
202204291500,293.0,0.9
202204291515,128.0,0.9
202204291530,,0.0
202204291545,216.0,1.3
202204291600,285.0,0.9
202204291615,72.0,0.9
202204291630,67.0,0.9
202204291645,292.0,1.3
202204291700,176.0,0.9
202204291715,303.0,0.9
202204291730,261.0,1.8
202204291745,257.0,1.8
202204291800,112.0,1.8
202204291831,277.0,1.8
202204291845,237.0,1.3
202204291901,,0.0
202204291915,264.0,0.4
202204291930,165.0,1.3
202204291945,143.0,3.1
202204292000,158.0,1.8
202204292015,209.0,0.9
202204292030,155.0,1.3
202204292045,192.0,1.8
202204292100,176.0,1.3
202204292115,329.0,0.9
202204292130,147.0,1.3
202204292145,143.0,1.3
202204292200,116.0,1.3
202204292215,115.0,0.9
202204292230,277.0,0.9
202204292245,,0.0
202204292300,134.0,0.4
202204292315,298.0,0.4
202204292330,,0.0
202204292345,150.0,0.4
202204300000,223.0,0.4
202204300016,260.0,0.4
202204300031,,0.0
202204300046,291.0,0.4
202204300101,41.0,0.4
202204300115,330.0,0.4
202204300130,,0.0
202204300145,,0.0
202204300200,270.0,0.4
202204300215,,0.0
202204300230,,0.0
202204300245,,0.0
202204300300,,0.0
202204300315,,0.0
202204300330,274.0,0.4
202204300345,,0.0
202204300400,,0.0
202204300415,,0.0
202204300430,,0.0
202204300445,,0.0
202204300500,,0.0
202204300515,,0.0
202204300531,,0.0
202204300546,,0.0
202204300600,,0.0
202204300615,,0.0
202204300630,,0.0
202204300701,,0.0
202204300715,304.0,0.4
202204300730,,0.0
202204300745,,0.0
202204300800,,0.0
202204300815,,0.0
202204300830,,0.0
202204300845,,0.0
202204300900,283.0,0.4
202204300915,,0.0
202204300930,,0.0
202204300945,,0.0
202204301000,245.0,0.4
202204301015,304.0,0.4
202204301030,,0.0
202204301045,,0.0
202204301101,295.0,0.4
202204301115,,0.0
202204301130,,0.0
202204301145,141.0,0.4
202204301201,223.0,0.4
202204301215,,0.0
202204301230,192.0,1.3
202204301245,159.0,0.4
202204301300,159.0,1.8
202204301315,304.0,0.4
202204301330,300.0,2.2
202204301345,159.0,0.9
202204301400,15.0,1.8
202204301415,131.0,0.4
202204301430,149.0,0.9
202204301445,236.0,0.4
202204301500,310.0,0.4
202204301515,159.0,0.4
202204301530,155.0,0.4
202204301545,119.0,1.8
202204301600,108.0,0.9
202204301616,217.0,0.9
202204301630,92.0,0.9
202204301700,302.0,1.3
202204301715,130.0,1.3
202204301730,160.0,0.9
202204301746,129.0,0.9
202204301800,266.0,0.4
202204301815,267.0,1.8
202204301830,271.0,1.3
202204301845,280.0,0.9
202204301900,338.0,1.3
202204301915,301.0,1.8
202204302000,302.0,0.9
202204302015,120.0,0.9
202204302030,247.0,1.3
202204302046,283.0,0.9
202204302100,160.0,0.9
202204302115,105.0,1.3
202204302130,49.0,1.3
202204302145,233.0,2.2
202204302201,131.0,0.9
202204302215,272.0,0.9
202204302230,239.0,0.9
202204302245,138.0,1.8
202204302300,311.0,1.3
202204302315,295.0,0.9
202204302330,260.0,0.4
202204302345,309.0,0.9
202205010000,314.0,0.4
202205010015,,0.0
202205010030,239.0,0.4
202205010045,,0.0
202205010100,,0.0
202205010115,285.0,0.4
202205010130,,0.0
202205010145,,0.0
202205010200,,0.0
202205010215,,0.0
202205010231,,0.0
202205010245,,0.0
202205010300,,0.0
202205010315,,0.0
202205010330,,0.0
202205010345,,0.0
202205010401,,0.0
202205010415,,0.0
202205010430,,0.0
202205010445,,0.0
202205010500,,0.0
202205010515,,0.0
202205010530,,0.0
202205010545,,0.0
202205010600,,0.0
202205010615,302.0,0.4
202205010645,,0.0
202205010700,49.0,0.4
202205010715,,0.0
202205010730,,0.0
202205010745,176.0,0.4
202205010800,280.0,0.4
202205010815,,0.0
202205010830,,0.0
202205010845,,0.0
202205010901,175.0,0.4
202205010915,288.0,0.9
202205010930,13.0,0.4
202205010945,,0.0
202205011000,,0.0
202205011015,,0.0
202205011030,,0.0
202205011045,,0.0
202205011100,144.0,0.9
202205011115,,0.0
202205011131,,0.0
202205011145,,0.0
202205011200,115.0,0.4
202205011215,290.0,1.3
202205011230,308.0,0.9
202205011246,120.0,0.9
202205011300,,0.0
202205011315,145.0,0.9
202205011330,349.0,0.9
202205011346,114.0,1.3
202205011400,297.0,0.9
202205011415,198.0,0.9
202205011430,40.0,0.9
202205011445,175.0,0.9
202205011501,,0.0
202205011515,,0.0
202205011530,149.0,0.9
202205011545,197.0,1.3
202205011600,82.0,1.3
202205011615,51.0,0.4
202205011630,313.0,2.2
202205011645,309.0,0.9
202205011700,297.0,1.3
202205011715,179.0,0.4
202205011730,302.0,0.4
202205011745,332.0,0.9
202205011800,27.0,0.4
202205011815,133.0,0.9
202205011830,52.0,1.3
202205011845,135.0,0.9
202205011901,290.0,0.4
202205011915,154.0,1.3
202205011931,231.0,0.9
202205011945,285.0,1.8
202205012000,338.0,0.4
202205012015,,0.0
202205012045,138.0,0.9
202205012100,142.0,0.9
202205012130,,0.0
202205012145,89.0,0.9
202205012200,320.0,0.4
202205012215,255.0,0.9
202205012230,25.0,0.4
202205012245,60.0,0.9
202205012300,,0.0
202205012315,200.0,0.4
202205012330,,0.0
202205012345,,0.0
202205020000,,0.0
202205020015,233.0,0.4
202205020030,,0.0
202205020045,,0.0
202205020100,,0.0
202205020115,282.0,0.4
202205020130,,0.0
202205020145,,0.0
202205020200,,0.0
202205020215,,0.0
202205020231,288.0,0.9
202205020246,,0.0
202205020300,278.0,0.4
202205020315,,0.0
202205020330,290.0,0.4
202205020345,,0.0
202205020400,,0.0
202205020415,272.0,0.4
202205020430,,0.0
202205020445,283.0,0.4
202205020500,,0.0
202205020515,,0.0
202205020530,,0.0
202205020545,,0.0
202205020600,,0.0
202205020615,,0.0
202205020630,,0.0
202205020700,,0.0
202205020745,,0.0
202205020800,,0.0
202205020831,290.0,0.4
202205020845,,0.0
202205020900,,0.0
202205020915,,0.0
202205020930,,0.0
202205021000,,0.0
202205021015,,0.0
202205021030,,0.0
202205021045,,0.0
202205021100,116.0,0.9
202205021115,169.0,0.4
202205021131,50.0,0.4
202205021145,232.0,0.4
202205021200,,0.0
202205021215,,0.0
202205021230,,0.0
202205021245,153.0,0.4
202205021300,,0.0
202205021315,174.0,1.3
202205021330,139.0,0.9
202205021345,164.0,0.4
202205021400,283.0,0.9
202205021415,271.0,0.4
202205021430,284.0,0.9
202205021500,96.0,1.3
202205021515,234.0,0.9
202205021530,289.0,0.9
202205021546,126.0,0.4
202205021615,230.0,0.9
202205021630,272.0,0.4
202205021645,63.0,1.3
202205021700,158.0,2.2
202205021715,264.0,0.4
202205021730,,0.0
202205021745,206.0,1.8
202205021800,81.0,0.9
202205021830,276.0,2.7
202205021845,314.0,1.3
202205021900,284.0,0.4
202205021915,281.0,0.9
202205021930,293.0,1.8
202205021945,243.0,1.3
202205022000,140.0,1.8
202205022015,96.0,1.3
202205022031,267.0,0.4
202205022046,63.0,0.9
202205022100,96.0,0.9
202205022115,79.0,0.4
202205022130,56.0,0.4
202205022145,,0.0
202205022200,306.0,2.2
202205022230,305.0,0.9
202205022245,224.0,0.4
202205022300,49.0,0.9
202205022315,311.0,0.4
202205022330,266.0,0.4
202205022345,,0.0
202205030000,,0.0
202205030015,273.0,0.4
202205030030,,0.0
202205030045,,0.0
202205030100,,0.0
202205030115,,0.0
202205030130,,0.0
202205030145,,0.0
202205030200,,0.0
202205030215,,0.0
202205030230,,0.0
202205030245,,0.0
202205030300,,0.0
202205030315,,0.0
202205030330,,0.0
202205030345,,0.0
202205030400,,0.0
202205030416,,0.0
202205030430,,0.0
202205030446,,0.0
202205030500,,0.0
202205030515,,0.0
202205030530,,0.0
202205030545,,0.0
202205030600,,0.0
202205030630,,0.0
202205030645,,0.0
202205030700,,0.0
202205030715,,0.0
202205030730,,0.0
202205030745,,0.0
202205030800,,0.0
202205030815,,0.0
202205030830,,0.0
202205030845,,0.0
202205030900,,0.0
202205030915,,0.0
202205030931,,0.0
202205030945,,0.0
202205030946,,0.0
202205031015,,0.0
202205031030,,0.0
202205031045,,0.0
202205031115,295.0,0.4
202205031130,,0.0
202205031145,,0.0
202205031200,,0.0
202205031215,37.0,0.4
202205031230,117.0,0.4
202205031245,151.0,1.3
202205031300,62.0,1.8
202205031315,245.0,0.9
202205031330,267.0,1.3
202205031345,129.0,1.8
202205031400,153.0,1.3
202205031415,198.0,1.3
202205031430,174.0,1.3
202205031445,43.0,0.9
202205031515,297.0,1.8
202205031530,56.0,0.9
202205031545,300.0,2.2
202205031600,305.0,2.2
202205031615,290.0,2.7
202205031630,186.0,1.8
202205031645,71.0,1.8
202205031700,276.0,1.8
202205031715,110.0,1.8
202205031730,342.0,2.7
202205031745,198.0,2.7
202205031801,133.0,2.2
202205031815,224.0,2.2
202205031831,155.0,1.8
202205031846,264.0,1.8
202205031901,110.0,1.8
202205031915,193.0,0.9
202205031930,191.0,1.8
202205031945,146.0,2.2
202205032000,281.0,2.2
202205032015,307.0,1.8
202205032030,162.0,1.8
202205032045,210.0,0.9
202205032100,143.0,2.2
202205032115,252.0,0.4
202205032130,198.0,1.3
202205032145,228.0,1.3
202205032200,358.0,1.8
202205032215,330.0,0.9
202205032230,278.0,1.8
202205032245,271.0,0.4
202205032300,23.0,0.4
202205032315,149.0,0.4
202205032345,300.0,1.3
202205040000,119.0,0.9
202205040015,247.0,0.4
202205040030,,0.0
202205040046,,0.0
202205040101,286.0,0.4
202205040115,,0.0
202205040130,,0.0
202205040145,,0.0
202205040215,,0.0
202205040230,,0.0
202205040245,,0.0
202205040300,,0.0
202205040315,,0.0
202205040330,,0.0
202205040345,74.0,0.4
202205040400,,0.0
202205040415,230.0,0.9
202205040445,,0.0
202205040500,86.0,0.9
202205040515,,0.0
202205040530,257.0,1.8
202205040545,,0.0
202205040601,,0.0
202205040615,,0.0
202205040631,280.0,0.4
202205040645,,0.0
202205040700,,0.0
202205040715,,0.0
202205040730,,0.0
202205040745,,0.0
202205040800,,0.0
202205040815,281.0,0.9
202205040830,256.0,0.4
202205040845,273.0,0.4
202205040900,276.0,0.9
202205040915,275.0,1.8
202205040930,243.0,0.9
202205040946,267.0,0.4
202205041000,,0.0
202205041015,274.0,0.9
202205041030,229.0,2.2
202205041045,257.0,4.0
202205041100,259.0,3.6
202205041115,347.0,0.9
202205041130,,0.0
202205041146,,0.0
202205041200,267.0,0.9
202205041215,99.0,0.4
202205041231,205.0,0.4
202205041245,288.0,1.3
202205041300,,0.0
202205041315,,0.0
202205041330,,0.0
202205041345,,0.0
202205041400,134.0,0.4
202205041415,,0.0
202205041430,214.0,0.4
202205041446,232.0,0.9
202205041500,205.0,0.4
202205041515,183.0,1.3
202205041530,295.0,1.8
202205041545,245.0,1.3
202205041600,137.0,0.4
202205041630,123.0,0.4
202205041646,223.0,1.8
202205041700,153.0,0.4
202205041730,202.0,0.9
202205041745,255.0,0.9
202205041800,226.0,0.9
202205041815,203.0,2.7
202205041830,316.0,0.9
202205041845,357.0,0.9
202205041900,290.0,4.9
202205041930,150.0,1.8
202205041946,228.0,1.8
202205042000,247.0,1.8
202205042015,275.0,2.7
202205042045,267.0,2.2
202205042100,295.0,2.2
202205042116,74.0,1.3
202205042130,240.0,2.7
202205042145,272.0,3.1
202205042200,90.0,0.9
202205042215,270.0,1.8
202205042230,286.0,0.9
202205042245,,0.0
202205042301,241.0,0.9
202205042315,240.0,0.4
202205042330,319.0,0.9
202205042345,,0.0
202205050000,,0.0
202205050015,,0.0
202205050030,283.0,0.9
202205050045,284.0,0.4
202205050115,287.0,0.4
202205050130,,0.0
202205050145,,0.0
202205050200,,0.0
202205050215,,0.0
202205050230,,0.0
202205050245,,0.0
202205050300,,0.0
202205050315,,0.0
202205050330,,0.0
202205050345,,0.0
202205050400,,0.0
202205050415,,0.0
202205050430,280.0,0.4
202205050445,290.0,0.4
202205050500,,0.0
202205050516,,0.0
202205050530,285.0,1.3
202205050545,283.0,0.4
202205050600,,0.0
202205050615,,0.0
202205050630,,0.0
202205050645,,0.0
202205050700,,0.0
202205050715,,0.0
202205050730,,0.0
202205050746,,0.0
202205050800,,0.0
202205050815,,0.0
202205050831,258.0,0.4
202205050845,,0.0
202205050900,,0.0
202205050915,274.0,0.4
202205050930,,0.0
202205050945,284.0,0.4
202205051000,,0.0
202205051015,281.0,0.4
202205051030,,0.0
202205051045,,0.0
202205051100,,0.0
202205051115,,0.0
202205051130,,0.0
202205051145,,0.0
202205051200,,0.0
202205051215,,0.0
202205051230,,0.0
202205051245,,0.0
202205051300,287.0,0.4
202205051315,156.0,0.9
202205051331,257.0,0.4
202205051345,103.0,0.9
202205051401,149.0,0.9
202205051416,,0.0
202205051431,131.0,0.9
202205051445,151.0,1.3
202205051500,266.0,0.9
202205051515,141.0,0.9
202205051530,214.0,0.9
202205051545,139.0,0.9
202205051600,141.0,0.9
202205051615,,0.0
202205051630,181.0,2.2
202205051645,176.0,1.8
202205051700,95.0,0.4
202205051715,86.0,1.3
202205051730,269.0,1.3
202205051745,157.0,1.3
202205051800,193.0,0.9
202205051815,129.0,1.3
202205051830,292.0,1.3
202205051846,249.0,0.4
202205051900,185.0,0.9
202205051916,278.0,1.8
202205051930,238.0,1.8
202205051945,238.0,1.8
202205052000,153.0,1.8
202205052015,187.0,1.3
202205052030,142.0,0.9
202205052045,194.0,1.8
202205052100,304.0,0.9
202205052115,138.0,0.9
202205052130,122.0,1.8
202205052145,234.0,1.3
202205052200,243.0,1.3
202205052215,301.0,0.9
202205052230,275.0,0.9
202205052245,278.0,1.3
202205052300,155.0,0.4
202205052315,10.0,0.4
202205052330,294.0,0.9
202205052345,106.0,0.4
202205060000,,0.0
202205060015,288.0,0.4
202205060030,,0.0
202205060045,,0.0
202205060100,,0.0
202205060115,,0.0
202205060130,,0.0
202205060145,,0.0
202205060200,,0.0
202205060216,,0.0
202205060231,,0.0
202205060245,274.0,0.4
202205060300,,0.0
202205060315,,0.0
202205060330,,0.0
202205060345,,0.0
202205060400,,0.0
202205060415,,0.0
202205060430,,0.0
202205060445,32.0,0.4
202205060500,,0.0
202205060515,53.0,0.4
202205060530,,0.0
202205060545,,0.0
202205060600,,0.0
202205060615,,0.0
202205060630,,0.0
202205060700,134.0,0.4
202205060715,,0.0
202205060730,,0.0
202205060745,,0.0
202205060800,,0.0
202205060815,,0.0
202205060830,,0.0
202205060845,,0.0
202205060900,,0.0
202205060915,,0.0
202205060930,,0.0
202205060945,,0.0
202205061000,,0.0
202205061015,,0.0
202205061030,,0.0
202205061045,,0.0
202205061100,,0.0
202205061115,78.0,0.4
202205061131,318.0,1.3
202205061145,,0.0
202205061200,,0.0
202205061216,,0.0
202205061230,,0.0
202205061246,,0.0
202205061301,,0.0
202205061315,342.0,0.4
202205061330,181.0,0.9
202205061345,301.0,0.4
202205061400,352.0,0.9
202205061415,287.0,0.4
202205061430,352.0,0.9
202205061445,55.0,0.9
202205061500,293.0,0.9
202205061515,285.0,0.9
202205061545,242.0,2.2
202205061600,309.0,1.8
202205061615,30.0,0.9
202205061630,304.0,0.9
202205061646,162.0,1.3
202205061701,264.0,1.3
202205061715,200.0,2.2
202205061730,105.0,1.3
202205061745,251.0,2.2
202205061800,233.0,1.3
202205061815,269.0,1.3
202205061830,287.0,1.3
202205061845,318.0,1.3
202205061900,274.0,1.8
202205061915,34.0,2.7
202205061930,318.0,1.8
202205061945,151.0,0.4
202205062000,158.0,1.3
202205062015,,0.0
202205062030,278.0,1.8
202205062045,307.0,3.1
202205062101,122.0,2.7
202205062115,44.0,1.3
202205062200,233.0,1.8
202205062215,251.0,1.8
202205062231,278.0,1.3
202205062245,257.0,0.9
202205062300,262.0,0.4
202205062315,140.0,0.4
202205062330,188.0,0.4
202205062345,247.0,1.8
202205070000,272.0,5.4
202205070015,274.0,4.5
202205070030,228.0,2.7
202205070045,295.0,0.9
202205070100,124.0,0.4
202205070130,,0.0
202205070145,,0.0
202205070200,264.0,0.4
202205070215,,0.0
202205070231,,0.0
202205070245,279.0,0.4
202205070301,285.0,0.4
202205070330,293.0,0.4
202205070400,251.0,0.4
202205070415,271.0,0.4
202205070430,,0.0
202205070445,248.0,0.4
202205070500,,0.0
202205070515,290.0,0.4
202205070545,,0.0
202205070600,,0.0
202205070615,245.0,0.4
202205070630,,0.0
202205070700,,0.0
202205070715,,0.0
202205070730,,0.0
202205070746,,0.0
202205070800,293.0,0.4
202205070815,,0.0
202205070845,,0.0
202205070900,,0.0
202205070915,96.0,0.4
202205070930,305.0,1.8
202205070945,269.0,1.3
202205071000,237.0,1.3
202205071015,277.0,0.9
202205071030,302.0,3.1
202205071045,249.0,1.3
202205071100,293.0,1.3
202205071115,,0.0
202205071130,,0.0
202205071146,204.0,0.4
202205071200,278.0,1.3
202205071215,297.0,0.4
202205071230,143.0,1.3
202205071245,96.0,0.9
202205071300,129.0,0.9
202205071315,117.0,0.9
202205071330,271.0,0.9
202205071345,251.0,0.9
202205071400,94.0,1.8
202205071415,115.0,1.3
202205071431,228.0,0.4
202205071515,271.0,1.3
202205071530,233.0,1.3
202205071546,155.0,0.9
202205071601,252.0,0.9
202205071615,266.0,0.9
202205071630,264.0,1.8
202205071645,274.0,2.7
202205071700,139.0,1.3
202205071715,151.0,0.4
202205071730,246.0,1.8
202205071745,124.0,1.3
202205071800,290.0,1.8
202205071815,236.0,2.2
202205071830,219.0,2.2
202205071845,308.0,1.8
202205071900,285.0,3.1
202205071930,278.0,2.2
202205071945,143.0,0.4
202205072000,199.0,2.2
202205072015,214.0,1.3
202205072030,196.0,0.4
202205072045,70.0,1.3
202205072100,288.0,0.9
202205072115,153.0,0.4
202205072131,240.0,0.9
202205072146,238.0,1.8
202205072201,172.0,1.8
202205072215,317.0,2.2
202205072230,220.0,1.3
202205072245,268.0,2.2
202205072300,262.0,0.9
202205072315,210.0,0.9
202205072330,257.0,0.9
202205072345,,0.0
202205080000,,0.0
202205080015,,0.0
202205080030,217.0,1.3
202205080045,174.0,0.9
202205080100,221.0,0.9
202205080115,,0.0
202205080130,,0.0
202205080145,,0.0
202205080216,,0.0
202205080230,304.0,0.4
202205080245,,0.0
202205080300,,0.0
202205080315,,0.0
202205080331,,0.0
202205080345,,0.0
202205080400,,0.0
202205080415,,0.0
202205080430,,0.0
202205080445,,0.0
202205080500,,0.0
202205080515,,0.0
202205080530,,0.0
202205080545,,0.0
202205080600,274.0,0.4
202205080615,,0.0
202205080630,,0.0
202205080700,,0.0
202205080715,,0.0
202205080730,,0.0
202205080745,,0.0
202205080800,,0.0
202205080815,,0.0
202205080845,,0.0
202205080900,174.0,0.9
202205080930,,0.0
202205080945,,0.0
202205081000,,0.0
202205081015,,0.0
202205081030,130.0,0.4
202205081045,150.0,0.4
202205081100,,0.0
202205081116,,0.0
202205081130,,0.0
202205081145,103.0,0.9
202205081215,136.0,0.9
202205081230,155.0,0.4
202205081245,155.0,0.4
202205081300,158.0,0.9
202205081315,181.0,0.4
202205081330,178.0,0.4
202205081345,179.0,0.4
202205081400,,0.0
202205081415,163.0,0.4
202205081430,,0.0
202205081445,163.0,0.9
202205081500,191.0,0.4
202205081515,138.0,0.4
202205081530,,0.0
202205081545,129.0,0.9
202205081600,,0.0
202205081615,253.0,0.4
202205081630,174.0,0.4
202205081645,286.0,0.9
202205081700,,0.0
202205081716,276.0,0.4
202205081731,222.0,0.4
202205081746,,0.0
202205081800,138.0,0.4
202205081815,149.0,0.4
202205081830,108.0,0.9
202205081845,176.0,0.4
202205081900,,0.0
202205081915,132.0,0.4
202205081930,,0.0
202205081945,143.0,0.4
202205082000,274.0,0.9
202205082016,280.0,0.4
202205082030,,0.0
202205082045,,0.0
202205082100,193.0,0.4
202205082115,281.0,0.4
202205082131,,0.0
202205082145,125.0,0.4
202205082200,,0.0
202205082215,131.0,0.4
202205082230,,0.0
202205082245,222.0,0.4
202205082300,,0.0
202205082315,,0.0
202205082330,,0.0
202205082345,,0.0
202205090000,226.0,0.4
202205090015,228.0,0.4
202205090030,288.0,0.4
202205090045,148.0,0.4
202205090100,,0.0
202205090115,232.0,0.4
202205090130,,0.0
202205090146,,0.0
202205090200,,0.0
202205090215,152.0,0.4
202205090230,171.0,0.9
202205090246,146.0,0.4
202205090301,141.0,0.9
202205090315,,0.0
202205090330,,0.0
202205090345,,0.0
202205090400,,0.0
202205090415,141.0,0.9
202205090430,,0.0
202205090445,117.0,0.9
202205090500,134.0,0.4
202205090515,,0.0
202205090530,,0.0
202205090545,,0.0
202205090600,,0.0
202205090615,,0.0
202205090630,151.0,0.4
202205090700,136.0,0.4
202205090715,,0.0
202205090730,,0.0
202205090745,,0.0
202205090800,,0.0
202205090816,,0.0
202205090830,,0.0
202205090845,132.0,0.9
202205090900,,0.0
202205090915,,0.0
202205090930,,0.0
202205090945,,0.0
202205091000,,0.0
202205091015,,0.0
202205091030,,0.0
202205091045,,0.0
202205091100,,0.0
202205091115,,0.0
202205091130,,0.0
202205091200,155.0,0.4
202205091215,,0.0
202205091231,,0.0
202205091246,,0.0
202205091300,216.0,0.4
202205091315,255.0,0.4
202205091330,,0.0
202205091345,139.0,0.9
202205091400,,0.0
202205091415,,0.0
202205091430,133.0,1.3
202205091445,158.0,0.4
202205091515,148.0,0.9
202205091530,,0.0
202205091545,,0.0
202205091601,150.0,0.4
202205091630,207.0,0.4
202205091645,284.0,0.9
202205091700,170.0,0.9
202205091716,166.0,0.9
202205091730,219.0,0.4
202205091745,248.0,0.4
202205091801,139.0,0.9
202205091815,284.0,0.4
202205091830,139.0,0.4
202205091900,164.0,0.4
202205091915,166.0,0.9
202205091945,153.0,0.9
202205092000,188.0,0.4
202205092016,,0.0
202205092045,113.0,1.3
202205092100,107.0,0.4
202205092130,146.0,0.4
202205092145,150.0,1.3
202205092200,158.0,0.4
202205092231,219.0,0.4
202205092245,222.0,0.4
202205092300,288.0,0.9
202205092330,140.0,0.4
202205092345,278.0,0.4
202205100000,,0.0
202205100015,279.0,0.4
202205100030,278.0,0.9
202205100045,292.0,0.4
202205100100,286.0,0.4
202205100115,,0.0
202205100130,,0.0
202205100145,,0.0
202205100200,,0.0
202205100215,,0.0
202205100245,,0.0
202205100300,,0.0
202205100315,,0.0
202205100330,,0.0
202205100345,,0.0
202205100415,,0.0
202205100430,,0.0
202205100446,,0.0
202205100500,,0.0
202205100515,,0.0
202205100530,,0.0
202205100545,,0.0
202205100600,,0.0
202205100615,,0.0
202205100630,,0.0
202205100645,,0.0
202205100700,,0.0
202205100715,,0.0
202205100730,,0.0
202205100800,,0.0
202205100815,,0.0
202205100830,,0.0
202205100900,,0.0
202205100915,,0.0
202205100930,,0.0
202205100945,,0.0
202205101000,,0.0
202205101015,,0.0
202205101031,,0.0
202205101046,,0.0
202205101100,,0.0
202205101130,,0.0
202205101145,,0.0
202205101215,,0.0
202205101230,,0.0
202205101245,66.0,0.4
202205101300,,0.0
202205101315,,0.0
202205101346,237.0,0.4
202205101400,152.0,0.4
202205101415,153.0,0.4
202205101430,143.0,0.4
202205101445,181.0,0.9
202205101500,150.0,0.4
202205101515,,0.0
202205101530,139.0,0.4
202205101545,113.0,0.9
202205101600,176.0,0.4
202205101615,146.0,1.3
202205101631,145.0,0.4
202205101645,141.0,1.3
202205101700,108.0,0.4
202205101715,,0.0
202205101730,107.0,0.4
202205101746,205.0,0.4
202205101801,122.0,0.4
202205101830,,0.0
202205101845,148.0,0.9
202205101900,128.0,0.4
202205101930,151.0,0.9
202205101945,134.0,0.4
202205102015,124.0,0.4
202205102045,166.0,0.4
202205102100,240.0,0.4
202205102115,128.0,0.4
202205102145,165.0,0.9
202205102200,292.0,0.9
202205102215,271.0,0.4
202205102230,,0.0
202205102245,159.0,0.9
202205102301,171.0,0.4
202205102315,296.0,0.4
202205102330,217.0,0.4
202205102346,,0.0
202205110000,,0.0
202205110015,278.0,0.9
202205110030,271.0,0.4
202205110045,266.0,0.4
202205110100,,0.0
202205110115,,0.0
202205110130,,0.0
202205110145,,0.0
202205110200,266.0,0.4
202205110215,,0.0
202205110230,,0.0
202205110245,,0.0
202205110300,,0.0
202205110315,,0.0
202205110330,,0.0
202205110345,,0.0
202205110400,,0.0
202205110415,,0.0
202205110430,,0.0
202205110446,,0.0
202205110500,,0.0
202205110515,,0.0
202205110530,,0.0
202205110545,,0.0
202205110600,,0.0
202205110616,,0.0
202205110630,,0.0
202205110645,,0.0
202205110715,,0.0
202205110730,,0.0
202205110745,,0.0
202205110800,,0.0
202205110815,,0.0
202205110830,,0.0
202205110845,,0.0
202205110900,,0.0
202205110915,,0.0
202205110930,,0.0
202205111000,,0.0
202205111015,,0.0
202205111030,,0.0
202205111045,,0.0
202205111100,,0.0
202205111116,,0.0
202205111130,,0.0
202205111146,,0.0
202205111200,,0.0
202205111215,,0.0
202205111230,,0.0
202205111245,,0.0
202205111300,,0.0
202205111315,187.0,0.4
202205111330,186.0,0.4
202205111345,,0.0
202205111400,115.0,0.4
202205111415,,0.0
202205111430,,0.0
202205111445,,0.0
202205111500,143.0,0.4
202205111516,162.0,0.4
202205111530,134.0,0.4
202205111545,214.0,0.9
202205111600,160.0,0.9
202205111615,127.0,0.4
202205111630,104.0,0.9
202205111645,110.0,0.4
202205111700,143.0,0.4
202205111715,152.0,0.9
202205111730,123.0,0.4
202205111745,,0.0
202205111800,123.0,0.9
202205111815,115.0,0.4
202205111830,164.0,0.9
202205111845,166.0,0.4
202205111900,163.0,1.3
202205111930,109.0,0.4
202205111945,205.0,0.9
202205112000,136.0,0.9
202205112015,188.0,0.9
202205112030,186.0,0.4
202205112045,284.0,1.3
202205112100,164.0,0.4
202205112115,265.0,1.8
202205112130,247.0,0.4
202205112145,276.0,0.9
202205112200,305.0,0.4
202205112215,207.0,0.9
202205112230,319.0,0.4
202205112245,226.0,0.4
202205112300,276.0,0.4
202205112315,,0.0
202205112330,,0.0
202205112345,,0.0
202205120000,276.0,0.9
202205120015,,0.0
202205120030,,0.0
202205120045,,0.0
202205120100,,0.0
202205120115,283.0,0.4
202205120131,,0.0
202205120147,,0.0
202205120200,279.0,0.4
202205120215,258.0,0.4
202205120230,,0.0
202205120245,,0.0
202205120300,262.0,0.4
202205120315,,0.0
202205120330,,0.0
202205120345,,0.0
202205120400,,0.0
202205120415,,0.0
202205120430,,0.0
202205120445,,0.0
202205120500,,0.0
202205120515,,0.0
202205120530,,0.0
202205120545,,0.0
202205120600,,0.0
202205120615,,0.0
202205120630,,0.0
202205120701,,0.0
202205120715,,0.0
202205120731,,0.0
202205120745,,0.0
202205120800,,0.0
202205120815,,0.0
202205120830,,0.0
202205120845,,0.0
202205120900,,0.0
202205120915,,0.0
202205120930,,0.0
202205120945,,0.0
202205121000,,0.0
202205121015,,0.0
202205121030,,0.0
202205121045,,0.0
202205121100,,0.0
202205121116,,0.0
202205121130,,0.0
202205121145,,0.0
202205121200,,0.0
202205121215,,0.0
202205121230,,0.0
202205121245,,0.0
202205121300,,0.0
202205121315,153.0,0.9
202205121330,140.0,0.4
202205121345,14.0,0.9
202205121400,104.0,0.9
202205121415,149.0,0.9
202205121430,142.0,0.9
202205121445,127.0,1.8
202205121500,150.0,0.9
202205121515,114.0,0.9
202205121530,113.0,1.3
202205121545,103.0,0.9
202205121600,140.0,1.3
202205121615,174.0,0.9
202205121630,195.0,0.9
202205121646,109.0,0.4
202205121700,184.0,1.8
202205121715,127.0,0.9
202205121730,221.0,1.3
202205121745,98.0,1.3
202205121800,137.0,1.3
202205121815,158.0,1.3
202205121830,114.0,1.8
202205121845,105.0,0.9
202205121900,134.0,2.7
202205121915,145.0,1.3
202205121945,155.0,1.3
202205122000,151.0,1.8
202205122015,145.0,1.3
202205122030,130.0,0.9
202205122046,243.0,0.4
202205122100,83.0,1.8
202205122130,127.0,1.3
202205122145,120.0,0.4
202205122200,93.0,0.4
202205122215,204.0,0.4
202205122230,163.0,0.9
202205122245,155.0,0.4
202205122300,121.0,0.4
202205122315,,0.0
202205122330,,0.0
202205130000,114.0,0.4
202205130015,,0.0
202205130030,,0.0
202205130045,,0.0
202205130100,,0.0
202205130115,189.0,0.4
202205130130,,0.0
202205130145,,0.0
202205130200,,0.0
202205130215,,0.0
202205130230,150.0,0.4
202205130246,73.0,0.4
202205130300,,0.0
202205130315,79.0,0.4
202205130330,229.0,0.4
202205130345,,0.0
202205130400,177.0,0.4
202205130415,,0.0
202205130430,,0.0
202205130445,163.0,0.4
202205130500,,0.0
202205130515,,0.0
202205130530,,0.0
202205130545,,0.0
202205130600,,0.0
202205130615,,0.0
202205130700,,0.0
202205130715,,0.0
202205130730,,0.0
202205130745,,0.0
202205130800,,0.0
202205130815,,0.0
202205130830,,0.0
202205130845,,0.0
202205130901,,0.0
202205130916,263.0,0.9
202205130930,,0.0
202205131000,,0.0
202205131030,252.0,0.4
202205131045,,0.0
202205131100,,0.0
202205131115,,0.0
202205131130,,0.0
202205131145,,0.0
202205131200,,0.0
202205131215,,0.0
202205131230,,0.0
202205131245,,0.0
202205131300,,0.0
202205131315,147.0,0.4
202205131330,91.0,0.4
202205131400,,0.0
202205131415,149.0,0.4
202205131430,,0.0
202205131445,,0.0
202205131500,105.0,1.3
202205131516,,0.0
202205131531,,0.0
202205131545,229.0,0.4
202205131600,195.0,0.4
202205131615,153.0,0.4
202205131630,162.0,0.9
202205131700,200.0,0.9
202205131715,166.0,0.4
202205131730,132.0,0.9
202205131745,,0.0
202205131815,229.0,0.9
202205131830,96.0,0.4
202205131845,279.0,0.4
202205131900,82.0,0.4
202205131915,,0.0
202205131930,,0.0
202205131945,162.0,0.4
202205132000,,0.0
202205132031,,0.0
202205132045,216.0,0.4
202205132101,143.0,0.9
202205132145,134.0,0.4
202205132200,146.0,0.9
202205132215,136.0,0.4
202205132230,264.0,0.4
202205132300,,0.0
202205132315,,0.0
202205132330,,0.0
202205132345,,0.0
202205140000,,0.0
202205140015,,0.0
202205140030,271.0,0.4
202205140100,228.0,0.4
202205140130,,0.0
202205140145,,0.0
202205140200,,0.0
202205140215,,0.0
202205140230,266.0,0.4
202205140245,,0.0
202205140300,,0.0
202205140315,,0.0
202205140346,,0.0
202205140400,,0.0
202205140415,,0.0
202205140430,,0.0
202205140445,275.0,0.4
202205140500,,0.0
202205140515,,0.0
202205140530,,0.0
202205140545,,0.0
202205140600,,0.0
202205140615,,0.0
202205140630,,0.0
202205140645,,0.0
202205140700,,0.0
202205140715,,0.0
202205140730,,0.0
202205140745,,0.0
202205140800,,0.0
202205140815,,0.0
202205140830,,0.0
202205140845,,0.0
202205140915,,0.0
202205140930,,0.0
202205140945,,0.0
202205141001,,0.0
202205141015,265.0,0.4
202205141031,,0.0
202205141045,277.0,0.4
202205141100,,0.0
202205141130,,0.0
202205141145,,0.0
202205141200,,0.0
202205141215,,0.0
202205141230,,0.0
202205141245,,0.0
202205141300,,0.0
202205141315,186.0,0.4
202205141330,146.0,0.4
202205141345,300.0,1.3
202205141400,,0.0
202205141415,,0.0
202205141430,141.0,0.4
202205141500,162.0,0.4
202205141515,,0.0
202205141530,189.0,0.4
202205141545,265.0,0.9
202205141615,306.0,0.9
202205141645,157.0,0.4
202205141701,223.0,0.4
202205141715,,0.0
202205141730,,0.0
202205141745,297.0,0.4
202205141800,293.0,0.4
202205141815,255.0,0.9
202205141830,207.0,0.9
202205141845,309.0,0.9
202205141900,223.0,0.4
202205141915,193.0,0.9
202205141930,279.0,0.9
202205141945,,0.0
202205142000,278.0,0.4
202205142015,,0.0
202205142030,,0.0
202205142045,,0.0
202205142100,,0.0
202205142130,,0.0
202205142145,,0.0
202205142200,,0.0
202205142216,290.0,0.4
202205142231,,0.0
202205142245,,0.0
202205142315,288.0,0.4
202205142330,,0.0
202205142345,,0.0
202205150015,,0.0
202205150030,,0.0
202205150045,245.0,0.4
202205150100,252.0,0.4
202205150115,,0.0
202205150130,,0.0
202205150145,,0.0
202205150200,,0.0
202205150215,,0.0
202205150230,,0.0
202205150245,,0.0
202205150300,261.0,0.4
202205150315,262.0,0.4
202205150330,,0.0
202205150345,,0.0
202205150415,,0.0
202205150430,,0.0
202205150445,,0.0
202205150500,,0.0
202205150515,263.0,0.4
202205150545,,0.0
202205150600,,0.0
202205150615,,0.0
202205150630,,0.0
202205150645,,0.0
202205150730,,0.0
202205150745,,0.0
202205150800,,0.0
202205150815,,0.0
202205150830,,0.0
202205150845,,0.0
202205150900,,0.0
202205150915,264.0,0.4
202205150930,,0.0
202205150945,,0.0
202205151000,,0.0
202205151031,,0.0
202205151046,,0.0
202205151101,,0.0
202205151116,,0.0
202205151145,,0.0
202205151200,,0.0
202205151215,,0.0
202205151230,,0.0
202205151245,,0.0
202205151300,,0.0
202205151315,,0.0
202205151330,,0.0
202205151345,165.0,0.4
202205151400,,0.0
202205151415,172.0,0.9
202205151430,139.0,0.4
202205151445,,0.0
202205151501,116.0,0.9
202205151515,,0.0
202205151531,23.0,0.4
202205151545,,0.0
202205151601,113.0,0.4
202205151615,,0.0
202205151630,,0.0
202205151645,,0.0
202205151700,,0.0
202205151715,,0.0
202205151730,,0.0
202205151800,,0.0
202205151815,,0.0
202205151830,,0.0
202205151845,,0.0
202205151900,,0.0
202205151930,,0.0
202205151945,235.0,0.4
202205152000,,0.0
202205152030,257.0,0.9
202205152045,,0.0
202205152100,,0.0
202205152116,,0.0
202205152130,283.0,0.9
202205152146,,0.0
202205152200,,0.0
202205152230,266.0,0.4
202205152246,,0.0
202205152315,,0.0
202205152330,,0.0
202205152345,,0.0
202205160000,,0.0
202205160015,,0.0
202205160030,,0.0
202205160045,,0.0
202205160100,,0.0
202205160115,,0.0
202205160146,,0.0
202205160200,,0.0
202205160215,,0.0
202205160230,288.0,0.4
202205160246,,0.0
202205160300,,0.0
202205160315,,0.0
202205160330,,0.0
202205160345,,0.0
202205160400,,0.0
202205160431,,0.0
202205160445,,0.0
202205160500,,0.0
202205160515,,0.0
202205160530,,0.0
202205160600,,0.0
202205160615,,0.0
202205160630,,0.0
202205160715,,0.0
202205160730,,0.0
202205160745,,0.0
202205160800,,0.0
202205160815,,0.0
202205160830,,0.0
202205160845,,0.0
202205160900,,0.0
202205160930,,0.0
202205160946,,0.0
202205161000,,0.0
202205161015,,0.0
202205161030,,0.0
202205161045,,0.0
202205161100,0.0,0.4
202205161115,51.0,0.4
202205161130,,0.0
202205161200,,0.0
202205161215,,0.0
202205161231,,0.0
202205161245,,0.0
202205161315,281.0,0.9
202205161330,266.0,0.4
202205161345,170.0,0.4
202205161401,294.0,0.4
202205161415,271.0,2.2
202205161430,,0.0
202205161446,247.0,1.8
202205161501,,0.0
202205161515,228.0,0.4
202205161530,,0.0
202205161545,227.0,0.4
202205161600,101.0,0.4
202205161615,106.0,1.3
202205161630,,0.0
202205161645,309.0,2.2
202205161700,307.0,1.3
202205161715,302.0,3.6
202205161730,205.0,0.9
202205161745,145.0,0.9
202205161800,271.0,2.7
202205161815,233.0,1.8
202205161830,298.0,1.3
202205161900,290.0,2.2
202205161916,252.0,1.3
202205161930,143.0,1.3
202205161946,273.0,0.9
202205162000,224.0,2.2
202205162015,270.0,1.8
202205162030,266.0,2.7
202205162045,284.0,1.8
202205162100,269.0,1.3
202205162115,243.0,1.8
202205162130,238.0,1.3
202205162145,159.0,0.4
202205162200,,0.0
202205162215,262.0,0.4
202205162230,255.0,0.4
202205162245,219.0,0.4
202205162300,,0.0
202205162315,,0.0
202205162330,289.0,0.9
202205162345,278.0,0.9
202205170000,,0.0
202205170016,,0.0
202205170031,294.0,0.4
202205170046,274.0,0.4
202205170100,,0.0
202205170115,293.0,0.9
202205170131,,0.0
202205170146,,0.0
202205170200,,0.0
202205170215,295.0,0.4
202205170230,268.0,0.4
202205170245,,0.0
202205170300,,0.0
202205170315,202.0,0.4
202205170330,111.0,0.9
202205170345,,0.0
202205170400,,0.0
202205170415,,0.0
202205170430,160.0,0.4
202205170445,136.0,0.9
202205170500,123.0,0.9
202205170515,141.0,0.9
202205170546,131.0,0.9
202205170600,98.0,0.4
202205170615,121.0,0.4
202205170630,168.0,0.9
202205170701,129.0,0.9
202205170716,123.0,0.9
202205170730,,0.0
202205170745,204.0,0.9
202205170800,297.0,0.4
202205170815,246.0,0.4
202205170830,,0.0
202205170845,,0.0
202205170900,276.0,0.4
202205170915,,0.0
202205170930,273.0,0.4
202205170945,,0.0
202205171001,,0.0
202205171015,281.0,0.4
202205171030,,0.0
202205171100,,0.0
202205171115,,0.0
202205171145,,0.0
202205171200,,0.0
202205171215,,0.0
202205171230,,0.0
202205171245,,0.0
202205171300,,0.0
202205171315,,0.0
202205171330,140.0,0.4
202205171345,309.0,0.9
202205171400,129.0,0.9
202205171415,,0.0
202205171431,231.0,0.9
202205171446,,0.0
202205171501,,0.0
202205171515,248.0,0.9
202205171530,220.0,1.3
202205171545,241.0,0.4
202205171600,142.0,0.9
202205171615,233.0,0.4
202205171630,129.0,0.9
202205171645,158.0,0.9
202205171700,122.0,1.3
202205171715,94.0,0.9
202205171730,157.0,0.9
202205171746,326.0,1.8
202205171800,145.0,0.9
202205171815,141.0,1.3
202205171830,116.0,1.3
202205171845,203.0,0.9
202205171900,278.0,0.9
202205171915,130.0,0.4
202205171931,51.0,0.9
202205171945,124.0,0.9
202205172001,150.0,0.4
202205172015,150.0,0.4
202205172030,157.0,1.3
202205172045,127.0,0.4
202205172100,,0.0
202205172115,179.0,0.4
202205172130,,0.0
202205172145,127.0,0.9
202205172200,162.0,0.4
202205172230,,0.0
202205172245,136.0,0.4
202205172300,113.0,0.9
202205172315,274.0,0.4
202205172330,280.0,0.4
202205172345,277.0,0.4
202205180000,279.0,0.9
202205180015,,0.0
202205180030,283.0,0.4
202205180046,,0.0
202205180100,,0.0
202205180115,,0.0
202205180130,,0.0
202205180145,,0.0
202205180200,,0.0
202205180215,,0.0
202205180230,,0.0
202205180245,,0.0
202205180301,,0.0
202205180315,,0.0
202205180331,,0.0
202205180400,,0.0
202205180415,,0.0
202205180430,,0.0
202205180445,,0.0
202205180500,,0.0
202205180515,,0.0
202205180530,,0.0
202205180545,,0.0
202205180601,,0.0
202205180615,,0.0
202205180631,,0.0
202205180700,,0.0
202205180715,,0.0
202205180730,,0.0
202205180745,,0.0
202205180800,,0.0
202205180815,,0.0
202205180830,,0.0
202205180846,,0.0
202205180900,,0.0
202205180915,,0.0
202205180930,,0.0
202205180945,,0.0
202205181000,,0.0
202205181015,,0.0
202205181030,,0.0
202205181100,,0.0
202205181115,,0.0
202205181130,,0.0
202205181145,,0.0
202205181200,,0.0
202205181215,,0.0
202205181230,,0.0
202205181245,,0.0
202205181300,,0.0
202205181315,,0.0
202205181330,,0.0
202205181345,,0.0
202205181400,,0.0
202205181415,188.0,0.4
202205181430,150.0,0.9
202205181445,262.0,0.9
202205181500,338.0,0.9
202205181515,152.0,0.9
202205181530,219.0,0.4
202205181545,298.0,1.3
202205181600,7.0,0.4
202205181630,219.0,1.3
202205181645,298.0,0.9
202205181700,136.0,0.9
202205181715,188.0,1.8
202205181730,322.0,0.4
202205181745,98.0,0.9
202205181815,348.0,1.3
202205181830,312.0,0.9
202205181900,139.0,1.3
202205181915,314.0,0.9
202205181930,118.0,1.8
202205181945,273.0,1.3
202205182000,312.0,1.3
202205182015,147.0,0.9
202205182030,302.0,1.3
202205182045,179.0,0.9
202205182100,143.0,1.3
202205182115,337.0,1.3
202205182130,289.0,1.3
202205182145,302.0,1.3
202205182200,300.0,1.8
202205182216,309.0,0.9
202205182230,267.0,1.3
202205182245,79.0,1.3
202205182301,321.0,1.8
202205182315,297.0,1.3
202205182330,,0.0
202205182345,257.0,0.9
202205190015,,0.0
202205190030,317.0,0.9
202205190045,,0.0
202205190100,271.0,0.4
202205190115,174.0,0.4
202205190130,237.0,0.4
202205190145,,0.0
202205190200,236.0,0.4
202205190215,,0.0
202205190230,244.0,0.4
202205190245,237.0,0.4
202205190300,244.0,0.4
202205190315,203.0,0.4
202205190330,249.0,0.9
202205190346,,0.0
202205190400,252.0,0.9
202205190415,249.0,0.4
202205190431,259.0,1.3
202205190445,,0.0
202205190501,292.0,0.9
202205190516,283.0,0.4
202205190530,,0.0
202205190545,290.0,0.4
202205190615,281.0,0.9
202205190630,293.0,0.4
202205190700,,0.0
202205190715,,0.0
202205190730,281.0,0.9
202205190745,274.0,0.4
202205190800,277.0,0.9
202205190815,262.0,0.9
202205190830,279.0,0.9
202205190845,265.0,0.9
202205190900,,0.0
202205190915,91.0,0.4
202205190930,79.0,0.4
202205190945,297.0,0.9
202205191000,,0.0
202205191016,284.0,0.9
202205191030,,0.0
202205191045,296.0,0.4
202205191100,,0.0
202205191115,285.0,0.9
202205191131,,0.0
202205191145,284.0,0.4
202205191200,,0.0
202205191215,139.0,0.4
202205191230,,0.0
202205191245,,0.0
202205191300,,0.0
202205191315,,0.0
202205191330,249.0,1.3
202205191345,285.0,2.2
202205191400,220.0,0.9
202205191415,259.0,1.8
202205191430,285.0,2.2
202205191445,,0.0
202205191500,264.0,1.8
202205191530,156.0,2.2
202205191601,311.0,1.3
202205191615,239.0,1.8
202205191630,242.0,0.4
202205191645,266.0,1.8
202205191700,290.0,1.8
202205191730,235.0,1.8
202205191745,319.0,1.3
202205191800,299.0,1.8
202205191815,276.0,1.3
202205191830,340.0,2.7
202205191845,248.0,1.8
202205191916,307.0,0.9
202205191930,74.0,1.3
202205191946,280.0,1.3
202205192000,282.0,1.8
202205192016,213.0,1.3
202205192030,277.0,1.8
202205192045,271.0,2.2
202205192100,311.0,1.8
202205192130,160.0,0.9
202205192145,236.0,0.9
202205192200,203.0,0.4
202205192231,217.0,0.9
202205192245,304.0,0.9
202205192300,,0.0
202205192316,134.0,0.4
202205192330,113.0,0.4
202205192345,,0.0
202205200000,,0.0
202205200015,291.0,0.9
202205200030,292.0,0.4
202205200045,287.0,0.4
202205200100,283.0,0.4
202205200115,300.0,0.4
202205200130,283.0,0.9
202205200145,294.0,0.4
202205200200,277.0,0.4
202205200215,,0.0
202205200230,,0.0
202205200246,,0.0
202205200300,,0.0
202205200315,,0.0
202205200330,,0.0
202205200400,,0.0
202205200415,249.0,0.4
202205200430,,0.0
202205200445,,0.0
202205200500,236.0,0.4
202205200515,,0.0
202205200530,,0.0
202205200545,,0.0
202205200600,,0.0
202205200615,257.0,0.4
202205200630,243.0,0.4
202205200700,,0.0
202205200715,241.0,0.4
202205200730,229.0,0.4
202205200746,234.0,0.9
202205200800,238.0,0.4
202205200815,235.0,0.4
202205200830,235.0,0.4
202205200845,234.0,0.4
202205200900,238.0,0.4
202205200915,233.0,0.9
202205200931,239.0,0.9
202205200945,238.0,0.4
202205201000,232.0,0.9
202205201015,260.0,0.4
202205201030,231.0,0.4
202205201045,,0.0
202205201100,,0.0
202205201115,,0.0
202205201131,,0.0
202205201145,330.0,1.3
202205201200,246.0,0.4
202205201215,259.0,1.3
202205201230,235.0,0.9
202205201245,304.0,1.3
202205201300,207.0,1.3
202205201315,120.0,1.8
202205201330,260.0,0.9
202205201345,151.0,1.3
202205201400,289.0,0.4
202205201415,297.0,1.8
202205201430,233.0,0.4
202205201445,218.0,0.4
202205201500,275.0,0.9
202205201516,346.0,1.3
202205201530,210.0,2.2
202205201545,306.0,2.2
202205201600,264.0,1.3
202205201615,201.0,2.2
202205201630,245.0,1.3
202205201645,296.0,1.8
202205201701,326.0,2.2
202205201715,131.0,1.3
202205201745,115.0,0.9
202205201800,127.0,0.4
202205201816,90.0,1.3
202205201830,280.0,0.9
202205201845,122.0,0.9
202205201900,105.0,2.2
202205201915,337.0,1.8
202205201930,153.0,1.3
202205201945,145.0,1.8
202205202000,145.0,1.3
202205202015,300.0,2.2
202205202030,333.0,0.9
202205202045,188.0,0.9
202205202100,243.0,0.9
202205202115,266.0,0.9
202205202145,117.0,1.8
202205202200,101.0,0.4
202205202215,259.0,0.9
202205202230,290.0,0.4
202205202300,311.0,0.9
202205202315,321.0,0.9
202205202330,247.0,0.4
202205202346,270.0,1.3
202205210000,333.0,0.4
202205210016,,0.0
202205210030,147.0,0.9
202205210045,,0.0
202205210100,,0.0
202205210116,,0.0
202205210131,,0.0
202205210145,,0.0
202205210200,,0.0
202205210215,,0.0
202205210230,,0.0
202205210245,,0.0
202205210300,,0.0
202205210315,,0.0
202205210330,,0.0
202205210345,,0.0
202205210400,,0.0
202205210415,226.0,0.4
202205210430,,0.0
202205210445,,0.0
202205210500,,0.0
202205210515,,0.0
202205210530,,0.0
202205210545,,0.0
202205210600,,0.0
202205210616,,0.0
202205210630,,0.0
202205210700,,0.0
202205210715,,0.0
202205210730,,0.0
202205210745,,0.0
202205210800,,0.0
202205210815,,0.0
202205210830,,0.0
202205210845,,0.0
202205210900,,0.0
202205210915,,0.0
202205210930,,0.0
202205210945,,0.0
202205211000,169.0,0.4
202205211015,225.0,0.9
202205211030,,0.0
202205211045,,0.0
202205211100,,0.0
202205211115,,0.0
202205211131,,0.0
202205211146,296.0,0.4
202205211200,,0.0
202205211215,,0.0
202205211230,225.0,0.4
202205211245,243.0,0.4
202205211300,316.0,0.9
202205211315,269.0,0.4
202205211330,156.0,0.4
202205211345,131.0,0.4
202205211400,316.0,0.9
202205211415,209.0,0.4
202205211430,,0.0
202205211445,128.0,0.4
202205211500,155.0,0.4
202205211515,125.0,0.4
202205211531,172.0,0.9
202205211545,131.0,1.3
202205211616,162.0,0.4
202205211630,248.0,1.3
202205211645,278.0,0.9
202205211700,302.0,1.3
202205211715,316.0,0.9
202205211730,236.0,0.4
202205211745,267.0,1.3
202205211800,122.0,0.4
202205211815,214.0,0.4
202205211830,231.0,0.9
202205211845,131.0,0.9
202205211900,284.0,0.9
202205211915,237.0,1.3
202205211930,207.0,0.4
202205211945,300.0,0.9
202205212001,165.0,0.9
202205212015,158.0,0.4
202205212030,294.0,1.3
202205212045,121.0,0.9
202205212100,300.0,0.4
202205212115,305.0,0.9
202205212130,23.0,0.4
202205212146,,0.0
202205212200,,0.0
202205212216,,0.0
202205212230,,0.0
202205212245,,0.0
202205212300,,0.0
202205212315,,0.0
202205212330,,0.0
202205212345,,0.0
202205220000,,0.0
202205220015,,0.0
202205220030,,0.0
202205220045,,0.0
202205220115,262.0,0.4
202205220130,,0.0
202205220145,,0.0
202205220200,,0.0
202205220215,,0.0
202205220230,,0.0
202205220245,,0.0
202205220300,,0.0
202205220315,,0.0
202205220330,,0.0
202205220345,,0.0
202205220400,,0.0
202205220415,,0.0
202205220430,,0.0
202205220445,,0.0
202205220501,,0.0
202205220515,,0.0
202205220530,,0.0
202205220545,,0.0
202205220600,,0.0
202205220615,,0.0
202205220630,,0.0
202205220715,,0.0
202205220730,,0.0
202205220745,,0.0
202205220815,292.0,0.9
202205220830,,0.0
202205220845,,0.0
202205220900,303.0,0.4
202205220915,,0.0
202205220930,,0.0
202205220945,294.0,0.4
202205221015,,0.0
202205221031,,0.0
202205221100,260.0,0.4
202205221115,,0.0
202205221130,,0.0
202205221145,,0.0
202205221200,,0.0
202205221215,,0.0
202205221230,,0.0
202205221300,304.0,0.4
202205221315,16.0,0.4
202205221330,151.0,0.4
202205221345,235.0,0.4
202205221400,150.0,0.9
202205221415,112.0,0.4
202205221430,143.0,0.4
202205221445,94.0,0.4
202205221500,,0.0
202205221515,103.0,0.4
202205221530,135.0,0.4
202205221546,214.0,0.9
202205221600,93.0,0.9
202205221615,104.0,0.4
202205221630,314.0,2.2
202205221645,191.0,0.4
202205221700,255.0,1.3
202205221715,216.0,1.3
202205221730,146.0,1.8
202205221745,74.0,0.9
202205221800,4.0,0.9
202205221815,,0.0
202205221830,,0.0
202205221845,239.0,0.4
202205221900,269.0,0.4
202205221915,301.0,1.8
202205221930,298.0,1.3
202205221945,356.0,0.9
202205222015,82.0,0.4
202205222031,143.0,0.4
202205222045,113.0,0.4
202205222101,184.0,0.4
202205222116,253.0,0.9
202205222130,41.0,1.8
202205222145,208.0,0.4
202205222200,239.0,0.4
202205222215,,0.0
202205222230,,0.0
202205222245,,0.0
202205222300,,0.0
202205222316,278.0,0.4
202205222330,,0.0
202205222345,,0.0
202205230000,37.0,0.4
202205230015,,0.0
202205230030,,0.0
202205230045,,0.0
202205230100,,0.0
202205230115,,0.0
202205230130,243.0,0.4
202205230145,,0.0
202205230200,,0.0
202205230215,,0.0
202205230231,,0.0
202205230245,,0.0
202205230300,,0.0
202205230316,,0.0
202205230331,,0.0
202205230345,,0.0
202205230400,,0.0
202205230415,,0.0
202205230430,,0.0
202205230445,,0.0
202205230500,,0.0
202205230515,,0.0
202205230545,,0.0
202205230600,,0.0
202205230615,,0.0
202205230630,,0.0
202205230700,,0.0
202205230715,,0.0
202205230730,,0.0
202205230746,,0.0
202205230800,,0.0
202205230815,,0.0
202205230830,,0.0
202205230901,,0.0
202205230915,,0.0
202205230931,,0.0
202205230945,,0.0
202205231000,,0.0
202205231015,,0.0
202205231030,,0.0
202205231045,,0.0
202205231100,,0.0
202205231115,,0.0
202205231130,,0.0
202205231145,,0.0
202205231200,,0.0
202205231215,,0.0
202205231230,,0.0
202205231245,,0.0
202205231300,,0.0
202205231315,,0.0
202205231330,,0.0
202205231400,,0.0
202205231415,,0.0
202205231431,260.0,0.4
202205231445,,0.0
202205231500,,0.0
202205231515,28.0,0.4
202205231530,248.0,0.4
202205231545,134.0,1.3
202205231601,,0.0
202205231616,66.0,1.3
202205231630,150.0,0.4
202205231645,250.0,0.9
202205231700,,0.0
202205231715,,0.0
202205231730,,0.0
202205231745,46.0,0.4
202205231800,328.0,0.4
202205231815,250.0,0.4
202205231830,94.0,0.4
202205231845,321.0,0.4
202205231900,356.0,0.9
202205231915,91.0,0.4
202205231930,44.0,0.9
202205231945,358.0,0.4
202205232001,311.0,2.2
202205232015,93.0,0.9
202205232045,52.0,1.3
202205232100,166.0,0.4
202205232116,347.0,1.8
202205232130,217.0,1.3
202205232145,269.0,1.3
202205232200,61.0,0.9
202205232215,99.0,0.9
202205232230,,0.0
202205232245,,0.0
202205232300,,0.0
202205232315,316.0,0.4
202205232330,105.0,0.4
202205232345,,0.0
202205240001,,0.0
202205240015,,0.0
202205240030,,0.0
202205240045,,0.0
202205240100,,0.0
202205240115,,0.0
202205240130,,0.0
202205240145,,0.0
202205240200,,0.0
202205240215,149.0,0.4
202205240230,,0.0
202205240245,,0.0
202205240300,,0.0
202205240316,,0.0
202205240330,,0.0
202205240346,141.0,0.9
202205240400,89.0,0.4
202205240415,208.0,0.9
202205240430,74.0,0.4
202205240445,,0.0
202205240500,,0.0
202205240515,117.0,0.4
202205240530,105.0,0.4
202205240545,72.0,0.4
202205240600,,0.0
202205240615,58.0,0.4
202205240630,139.0,0.4
202205240700,97.0,0.4
202205240715,162.0,0.4
202205240730,,0.0
202205240745,,0.0
202205240800,,0.0
202205240815,,0.0
202205240830,,0.0
202205240845,,0.0
202205240900,,0.0
202205240915,,0.0
202205240931,,0.0
202205240945,,0.0
202205241000,,0.0
202205241015,,0.0
202205241030,,0.0
202205241045,,0.0
202205241100,,0.0
202205241115,,0.0
202205241130,,0.0
202205241145,,0.0
202205241200,,0.0
202205241215,,0.0
202205241230,,0.0
202205241245,,0.0
202205241300,,0.0
202205241330,159.0,0.4
202205241346,,0.0
202205241401,,0.0
202205241415,,0.0
202205241430,,0.0
202205241445,,0.0
202205241500,,0.0
202205241515,,0.0
202205241530,132.0,0.4
202205241545,,0.0
202205241600,,0.0
202205241615,,0.0
202205241630,,0.0
202205241645,200.0,0.9
202205241700,117.0,0.4
202205241715,261.0,1.3
202205241730,272.0,1.3
202205241745,305.0,1.3
202205241801,305.0,0.9
202205241815,,0.0
202205241830,243.0,0.4
202205241845,114.0,0.4
202205241900,,0.0
202205241916,124.0,0.4
202205241931,300.0,1.3
202205241945,262.0,0.9
202205242000,,0.0
202205242016,288.0,0.9
202205242030,297.0,0.4
202205242045,99.0,0.4
202205242100,91.0,0.9
202205242115,,0.0
202205242130,194.0,0.9
202205242145,,0.0
202205242200,271.0,0.9
202205242215,308.0,0.9
202205242230,275.0,0.4
202205242245,177.0,0.4
202205242300,,0.0
202205242315,,0.0
202205242330,,0.0
202205242345,115.0,0.4
202205250000,,0.0
202205250015,,0.0
202205250031,,0.0
202205250045,,0.0
202205250100,,0.0
202205250115,,0.0
202205250131,,0.0
202205250146,,0.0
202205250200,,0.0
202205250215,,0.0
202205250245,,0.0
202205250315,,0.0
202205250330,,0.0
202205250345,,0.0
202205250400,,0.0
202205250415,,0.0
202205250430,,0.0
202205250445,,0.0
202205250500,,0.0
202205250515,,0.0
202205250530,,0.0
202205250546,,0.0
202205250600,,0.0
202205250615,,0.0
202205250630,,0.0
202205250700,,0.0
202205250715,,0.0
202205250730,,0.0
202205250745,,0.0
202205250800,,0.0
202205250815,,0.0
202205250830,,0.0
202205250845,,0.0
202205250915,,0.0
202205250930,,0.0
202205250945,,0.0
202205251000,,0.0
202205251015,,0.0
202205251030,,0.0
202205251045,,0.0
202205251100,,0.0
202205251130,,0.0
202205251145,,0.0
202205251200,,0.0
202205251215,140.0,0.4
202205251230,,0.0
202205251245,140.0,0.4
202205251300,121.0,0.4
202205251315,147.0,0.4
202205251330,,0.0
202205251345,,0.0
202205251400,,0.0
202205251415,,0.0
202205251430,,0.0
202205251445,,0.0
202205251500,,0.0
202205251515,,0.0
202205251530,,0.0
202205251545,,0.0
202205251600,,0.0
202205251615,,0.0
202205251630,139.0,0.4
202205251645,,0.0
202205251715,142.0,0.4
202205251730,,0.0
202205251745,151.0,0.4
202205251800,,0.0
202205251815,,0.0
202205251830,133.0,0.4
202205251846,,0.0
202205251900,155.0,0.4
202205251915,,0.0
202205251930,,0.0
202205251945,164.0,0.4
202205251946,164.0,0.4
202205252000,,0.0
202205252015,,0.0
202205252031,136.0,0.4
202205252045,,0.0
202205252100,,0.0
202205252115,,0.0
202205252130,,0.0
202205252145,,0.0
202205252200,,0.0
202205252215,,0.0
202205252230,,0.0
202205252245,,0.0
202205252300,,0.0
202205252315,,0.0
202205252330,,0.0
202205252345,,0.0
202205260000,,0.0
202205260015,,0.0
202205260030,,0.0
202205260045,,0.0
202205260100,,0.0
202205260115,,0.0
202205260130,,0.0
202205260145,,0.0
202205260200,,0.0
202205260215,,0.0
202205260230,,0.0
202205260245,,0.0
202205260300,27.0,0.4
202205260315,,0.0
202205260330,,0.0
202205260346,,0.0
202205260415,,0.0
202205260430,,0.0
202205260445,,0.0
202205260500,,0.0
202205260515,,0.0
202205260530,,0.0
202205260545,292.0,0.4
202205260630,132.0,1.8
202205260700,25.0,0.4
202205260715,205.0,1.8
202205260730,56.0,0.9
202205260745,,0.0
202205260800,,0.0
202205260815,251.0,0.9
202205260830,285.0,0.4
202205260846,26.0,0.9
202205260900,101.0,0.9
202205260915,307.0,1.3
202205260930,234.0,0.9
202205260945,289.0,0.9
202205261015,342.0,0.9
202205261030,313.0,0.9
202205261045,302.0,1.3
202205261101,60.0,0.4
202205261115,,0.0
202205261130,318.0,0.9
202205261230,276.0,0.4
202205261245,83.0,0.9
202205261330,41.0,0.4
202205261345,354.0,0.9
202205261400,161.0,0.4
202205261415,154.0,1.8
202205261431,317.0,0.9
202205261445,99.0,0.4
202205261501,86.0,0.9
202205261516,93.0,1.8
202205261530,63.0,1.8
202205261545,74.0,2.2
202205261600,320.0,2.2
202205261615,312.0,1.3
202205261630,223.0,1.3
202205261645,231.0,2.2
202205261700,304.0,0.9
202205261715,314.0,1.8
202205261730,10.0,1.3
202205261745,,0.0
202205261800,34.0,1.3
202205261815,178.0,2.2
202205261830,309.0,0.4
202205261845,288.0,1.3
202205261900,288.0,0.9
202205261915,186.0,1.8
202205261930,181.0,2.2
202205261945,297.0,1.3
202205262000,320.0,1.3
202205262015,300.0,1.3
202205262030,146.0,0.4
202205262045,346.0,0.9
202205262100,354.0,1.3
202205262130,171.0,0.9
202205262145,37.0,1.8
202205262200,311.0,0.9
202205262215,20.0,0.9
202205262230,302.0,1.3
202205262245,330.0,0.9
202205262300,42.0,0.4
202205262315,3.0,0.4
202205262330,182.0,0.4
202205262345,129.0,0.9
202205270000,3.0,0.9
202205270015,64.0,0.4
202205270030,297.0,0.4
202205270045,72.0,0.9
202205270115,329.0,1.3
202205270130,333.0,1.3
202205270145,356.0,1.3
202205270201,110.0,0.9
202205270215,,0.0
202205270230,,0.0
202205270245,302.0,0.9
202205270301,,0.0
202205270316,,0.0
202205270331,316.0,1.3
202205270346,103.0,2.2
202205270400,71.0,1.3
202205270415,287.0,0.9
202205270430,214.0,1.3
202205270445,309.0,1.8
202205270500,159.0,1.8
202205270515,324.0,0.9
202205270530,292.0,1.8
202205270545,264.0,2.2
202205270600,333.0,1.8
202205270615,128.0,0.9
202205270630,344.0,2.7
202205270700,316.0,0.4
202205270716,309.0,0.9
202205270730,343.0,1.8
202205270746,43.0,1.8
202205270801,7.0,0.9
202205270816,345.0,0.9
202205270831,,0.0
202205270845,162.0,0.4
202205270900,,0.0
202205270915,,0.0
202205270930,,0.0
202205270945,,0.0
202205271000,,0.0
202205271015,,0.0
202205271030,,0.0
202205271045,,0.0
202205271100,,0.0
202205271115,,0.0
202205271130,,0.0
202205271145,,0.0
202205271200,,0.0
202205271215,,0.0
202205271230,,0.0
202205271245,,0.0
202205271300,161.0,0.4
202205271330,312.0,0.9
202205271345,154.0,0.9
202205271400,,0.0
202205271416,181.0,0.4
202205271430,226.0,0.4
202205271500,304.0,1.3
202205271515,312.0,0.4
202205271530,304.0,1.3
202205271545,306.0,0.4
202205271600,,0.0
202205271615,36.0,0.9
202205271630,301.0,0.9
202205271645,275.0,0.9
202205271700,51.0,0.4
202205271715,,0.0
202205271730,,0.0
202205271745,254.0,1.3
202205271800,329.0,0.9
202205271815,,0.0
202205271830,174.0,0.4
202205271845,211.0,0.4
202205271901,,0.0
202205271915,60.0,0.9
202205271930,142.0,0.9
202205271945,296.0,2.2
202205272000,278.0,2.2
202205272015,150.0,0.4
202205272030,153.0,0.4
202205272045,240.0,1.8
202205272100,,0.0
202205272115,,0.0
202205272130,,0.0
202205272145,,0.0
202205272200,,0.0
202205272215,56.0,0.9
202205272230,,0.0
202205272245,291.0,0.4
202205272315,285.0,0.4
202205272330,290.0,0.4
202205272345,230.0,0.9
202205280000,296.0,1.3
202205280015,281.0,0.9
202205280030,,0.0
202205280045,,0.0
202205280100,,0.0
202205280115,288.0,0.4
202205280130,,0.0
202205280145,250.0,0.4
202205280216,295.0,0.4
202205280230,,0.0
202205280246,255.0,0.4
202205280300,282.0,0.4
202205280315,270.0,0.4
202205280330,285.0,0.4
202205280345,,0.0
202205280400,,0.0
202205280415,,0.0
202205280430,,0.0
202205280445,,0.0
202205280500,,0.0
202205280515,284.0,0.4
202205280530,,0.0
202205280545,,0.0
202205280600,,0.0
202205280615,,0.0
202205280630,,0.0
202205280701,275.0,0.4
202205280730,,0.0
202205280745,136.0,0.4
202205280800,245.0,0.4
202205280816,264.0,0.4
202205280830,,0.0
202205280845,222.0,1.3
202205280900,308.0,0.4
202205280915,,0.0
202205280930,153.0,0.4
202205280945,,0.0
202205281000,,0.0
202205281015,120.0,0.4
202205281030,141.0,0.4
202205281045,,0.0
202205281100,105.0,0.4
202205281115,,0.0
202205281130,,0.0
202205281145,,0.0
202205281200,297.0,0.4
202205281231,,0.0
202205281245,,0.0
202205281300,,0.0
202205281315,,0.0
202205281330,110.0,0.4
202205281345,149.0,0.9
202205281400,,0.0
202205281430,152.0,0.9
202205281445,120.0,0.4
202205281500,132.0,0.4
202205281515,,0.0
202205281530,143.0,0.4
202205281600,135.0,0.4
202205281616,135.0,0.4
202205281631,92.0,0.4
202205281645,,0.0
202205281700,148.0,0.4
202205281715,,0.0
202205281730,149.0,0.4
202205281745,136.0,0.9
202205281800,136.0,0.4
202205281815,146.0,0.9
202205281830,,0.0
202205281845,129.0,0.4
202205281900,135.0,0.4
202205281915,103.0,0.4
202205281930,,0.0
202205281945,134.0,0.4
202205282000,89.0,0.4
202205282015,295.0,0.9
202205282030,325.0,1.3
202205282045,281.0,0.9
202205282100,137.0,0.4
202205282115,258.0,0.4
202205282130,333.0,0.4
202205282145,,0.0
202205282200,314.0,0.9
202205282216,223.0,0.4
202205282230,,0.0
202205282245,,0.0
202205282300,,0.0
202205282315,,0.0
202205282330,290.0,0.4
202205282345,264.0,0.4
202205290000,280.0,0.4
202205290015,252.0,0.4
202205290030,,0.0
202205290045,280.0,0.4
202205290100,,0.0
202205290115,,0.0
202205290130,,0.0
202205290145,,0.0
202205290200,,0.0
202205290215,,0.0
202205290230,,0.0
202205290246,,0.0
202205290300,,0.0
202205290315,,0.0
202205290330,,0.0
202205290345,,0.0
202205290400,,0.0
202205290416,,0.0
202205290430,,0.0
202205290446,,0.0
202205290500,,0.0
202205290515,,0.0
202205290530,,0.0
202205290545,266.0,0.4
202205290615,,0.0
202205290630,,0.0
202205290715,,0.0
202205290730,,0.0
202205290745,,0.0
202205290801,,0.0
202205290815,,0.0
202205290831,,0.0
202205290845,,0.0
202205290900,,0.0
202205290915,,0.0
202205290945,,0.0
202205291015,,0.0
202205291030,,0.0
202205291045,,0.0
202205291100,,0.0
202205291115,,0.0
202205291130,,0.0
202205291145,,0.0
202205291200,,0.0
202205291215,,0.0
202205291230,,0.0
202205291245,,0.0
202205291300,,0.0
202205291316,,0.0
202205291330,,0.0
202205291400,298.0,1.3
202205291415,151.0,0.4
202205291430,300.0,0.9
202205291445,,0.0
202205291500,,0.0
202205291515,136.0,0.9
202205291530,,0.0
202205291545,,0.0
202205291600,,0.0
202205291615,,0.0
202205291630,,0.0
202205291645,147.0,0.4
202205291700,,0.0
202205291715,97.0,0.4
202205291730,,0.0
202205291745,133.0,0.4
202205291800,256.0,0.4
202205291815,110.0,0.4
202205291830,,0.0
202205291845,85.0,0.4
202205291900,310.0,1.3
202205291915,292.0,1.3
202205291930,289.0,1.3
202205291945,314.0,0.9
202205292000,186.0,0.4
202205292015,81.0,0.9
202205292030,,0.0
202205292045,265.0,0.4
202205292100,,0.0
202205292115,,0.0
202205292130,,0.0
202205292145,,0.0
202205292200,271.0,0.9
202205292215,,0.0
202205292230,300.0,0.4
202205292245,277.0,0.4
202205292300,,0.0
202205292315,300.0,0.4
202205292330,255.0,0.4
202205292345,285.0,0.4
202205300000,278.0,0.4
202205300016,288.0,0.4
202205300030,,0.0
202205300045,,0.0
202205300100,,0.0
202205300115,263.0,0.4
202205300130,276.0,0.4
202205300145,,0.0
202205300200,,0.0
202205300215,,0.0
202205300230,,0.0
202205300245,,0.0
202205300300,,0.0
202205300315,,0.0
202205300330,,0.0
202205300345,,0.0
202205300401,,0.0
202205300415,,0.0
202205300445,,0.0
202205300500,,0.0
202205300516,,0.0
202205300530,,0.0
202205300545,,0.0
202205300600,,0.0
202205300615,,0.0
202205300630,,0.0
202205300700,,0.0
202205300715,,0.0
202205300730,,0.0
202205300745,,0.0
202205300800,,0.0
202205300815,291.0,0.4
202205300830,,0.0
202205300845,290.0,0.4
202205300915,,0.0
202205300930,,0.0
202205300945,276.0,0.4
202205301000,285.0,0.4
202205301016,,0.0
202205301030,,0.0
202205301045,,0.0
202205301100,,0.0
202205301115,,0.0
202205301130,,0.0
202205301145,,0.0
202205301215,,0.0
202205301245,,0.0
202205301300,,0.0
202205301315,,0.0
202205301330,,0.0
202205301345,,0.0
202205301400,157.0,0.4
202205301415,281.0,1.3
202205301430,175.0,0.4
202205301445,,0.0
202205301500,,0.0
202205301515,158.0,0.4
202205301530,51.0,0.4
202205301545,117.0,0.9
202205301600,124.0,0.4
202205301630,135.0,0.4
202205301715,113.0,0.4
202205301730,,0.0
202205301745,153.0,0.9
202205301800,,0.0
202205301815,152.0,0.4
202205301845,,0.0
202205301900,260.0,0.4
202205301915,231.0,0.4
202205301931,145.0,0.4
202205301946,286.0,0.9
202205302001,31.0,0.9
202205302030,157.0,0.4
202205302045,129.0,0.9
202205302100,246.0,1.3
202205302115,,0.0
202205302131,308.0,0.4
202205302145,247.0,0.4
202205302200,129.0,0.4
202205302215,,0.0
202205302230,,0.0
202205302300,,0.0
202205302315,,0.0
202205302330,,0.0
202205302345,,0.0
202205310000,279.0,0.4
202205310015,280.0,0.4
202205310030,,0.0
202205310045,273.0,0.4
202205310100,,0.0
202205310130,,0.0
202205310145,,0.0
202205310201,,0.0
202205310215,,0.0
202205310230,27.0,0.4
202205310245,295.0,0.9
202205310300,,0.0
202205310315,,0.0
202205310331,,0.0
202205310345,,0.0
202205310400,,0.0
202205310415,,0.0
202205310430,,0.0
202205310445,,0.0
202205310500,,0.0
202205310515,,0.0
202205310530,,0.0
202205310600,,0.0
202205310615,,0.0
202205310630,,0.0
202205310700,,0.0
202205310715,,0.0
202205310730,,0.0
202205310746,,0.0
202205310800,,0.0
202205310816,,0.0
202205310831,,0.0
202205310845,,0.0
202205310900,,0.0
202205310915,,0.0
202205310930,,0.0
202205310945,,0.0
202205311000,,0.0
202205311015,,0.0
202205311045,,0.0
202205311100,,0.0
202205311115,,0.0
202205311130,,0.0
202205311145,,0.0
202205311200,,0.0
202205311215,,0.0
202205311230,,0.0
202205311246,,0.0
202205311301,,0.0
202205311315,,0.0
202205311331,,0.0
202205311345,129.0,0.4
202205311400,,0.0
202205311415,,0.0
202205311430,154.0,0.4
202205311445,,0.0
202205311500,281.0,0.4
202205311515,,0.0
202205311530,129.0,0.4
202205311545,153.0,0.4
202205311600,143.0,0.9
202205311615,142.0,0.4
202205311630,110.0,0.4
202205311645,127.0,1.3
202205311715,192.0,0.4
202205311730,265.0,1.3
202205311745,254.0,1.3
202205311800,225.0,0.9
202205311815,105.0,0.4
202205311831,,0.0
202205311845,,0.0
202205311900,128.0,0.4
202205311915,26.0,1.3
202205311930,,0.0
202205311945,159.0,0.9
202205312000,168.0,1.3
202205312015,,0.0
202205312030,128.0,0.9
202205312045,305.0,0.9
202205312101,,0.0
202205312115,333.0,0.9
202205312130,145.0,0.4
202205312145,262.0,0.4
202205312200,,0.0
202205312215,,0.0
202205312230,,0.0
202205312245,160.0,0.4
202205312300,,0.0
202205312315,282.0,0.4
202205312330,,0.0
202205312346,280.0,0.4
202206010000,278.0,0.4
202206010016,,0.0
202206010031,277.0,0.4
202206010046,,0.0
202206010100,,0.0
202206010115,,0.0
202206010130,270.0,0.4
202206010145,,0.0
202206010200,,0.0
202206010215,,0.0
202206010230,,0.0
202206010245,,0.0
202206010300,282.0,0.4
202206010315,,0.0
202206010330,,0.0
202206010345,,0.0
202206010400,,0.0
202206010415,,0.0
202206010430,,0.0
202206010445,,0.0
202206010500,,0.0
202206010515,,0.0
202206010530,278.0,0.4
202206010600,,0.0
202206010616,281.0,0.4
202206010631,,0.0
202206010700,281.0,0.4
202206010715,279.0,0.4
202206010730,,0.0
202206010745,,0.0
202206010800,,0.0
202206010815,,0.0
202206010830,,0.0
202206010845,,0.0
202206010916,,0.0
202206010930,,0.0
202206010945,,0.0
202206011001,,0.0
202206011015,,0.0
202206011030,,0.0
202206011045,,0.0
202206011100,,0.0
202206011115,,0.0
202206011130,,0.0
202206011145,,0.0
202206011200,,0.0
202206011215,,0.0
202206011231,,0.0
202206011245,,0.0
202206011300,,0.0
202206011315,,0.0
202206011330,,0.0
202206011345,,0.0
202206011415,,0.0
202206011430,,0.0
202206011445,166.0,0.4
202206011500,160.0,0.9
202206011515,150.0,0.4
202206011530,148.0,0.9
202206011546,,0.0
202206011600,167.0,0.4
202206011615,,0.0
202206011630,103.0,0.4
202206011645,151.0,0.4
202206011700,114.0,0.4
202206011715,207.0,0.9
202206011730,152.0,0.4
202206011745,201.0,0.9
202206011800,,0.0
202206011815,,0.0
202206011830,,0.0
202206011845,,0.0
202206011900,255.0,0.4
202206011916,,0.0
202206011930,,0.0
202206011946,282.0,1.8
202206012000,,0.0
202206012015,171.0,0.4
202206012031,,0.0
202206012100,,0.0
202206012115,280.0,0.4
202206012131,271.0,0.4
202206012145,,0.0
202206012200,,0.0
202206012215,,0.0
202206012230,288.0,0.4
202206012245,,0.0
202206012300,26.0,0.4
202206012315,287.0,0.4
202206012330,285.0,0.9
202206012346,,0.0
202206020000,,0.0
202206020015,276.0,0.4
202206020045,274.0,0.4
202206020101,274.0,0.4
202206020115,,0.0
202206020130,,0.0
202206020145,,0.0
202206020200,274.0,0.4
202206020215,,0.0
202206020230,275.0,0.4
202206020245,,0.0
202206020315,,0.0
202206020331,,0.0
202206020346,,0.0
202206020400,,0.0
202206020415,,0.0
202206020431,,0.0
202206020445,,0.0
202206020500,,0.0
202206020515,,0.0
202206020530,,0.0
202206020600,,0.0
202206020615,,0.0
202206020630,,0.0
202206020700,,0.0
202206020715,,0.0
202206020730,,0.0
202206020745,140.0,0.4
202206020800,,0.0
202206020816,,0.0
202206020831,,0.0
202206020846,257.0,1.3
202206020901,256.0,0.4
202206020915,278.0,1.8
202206020930,232.0,0.9
202206020945,279.0,1.3
202206021000,230.0,0.4
202206021015,286.0,0.9
202206021030,165.0,0.4
202206021045,220.0,0.4
202206021100,281.0,1.3
202206021115,323.0,1.8
202206021131,278.0,1.8
202206021145,323.0,0.9
202206021200,259.0,1.3
202206021215,243.0,1.3
202206021230,292.0,1.3
202206021246,300.0,1.8
202206021301,143.0,2.2
202206021315,276.0,1.8
202206021330,266.0,1.3
202206021345,286.0,1.3
202206021400,224.0,0.9
202206021415,,0.0
202206021430,148.0,0.9
202206021445,252.0,2.2
202206021500,316.0,0.4
202206021516,217.0,0.4
202206021530,297.0,0.4
202206021545,,0.0
202206021600,,0.0
202206021615,153.0,0.4
202206021630,114.0,0.4
202206021645,284.0,0.4
202206021700,,0.0
202206021715,245.0,0.9
202206021731,177.0,0.4
202206021745,119.0,1.3
202206021815,115.0,0.4
202206021830,319.0,0.9
202206021845,156.0,0.9
202206021900,259.0,0.4
202206021915,296.0,0.9
202206021930,205.0,0.9
202206021945,154.0,0.4
202206022000,167.0,0.4
202206022015,,0.0
202206022030,79.0,0.4
202206022045,160.0,0.4
202206022100,295.0,0.4
202206022115,264.0,1.3
202206022131,140.0,0.9
202206022145,212.0,0.4
202206022200,258.0,1.3
202206022215,46.0,0.4
202206022230,248.0,0.4
202206022245,214.0,0.4
202206022300,274.0,0.9
202206022316,,0.0
202206022330,,0.0
202206022345,,0.0
202206030000,,0.0
202206030015,,0.0
202206030031,,0.0
202206030045,,0.0
202206030100,,0.0
202206030115,,0.0
202206030130,,0.0
202206030145,,0.0
202206030200,,0.0
202206030215,,0.0
202206030230,,0.0
202206030245,,0.0
202206030300,,0.0
202206030315,,0.0
202206030330,,0.0
202206030345,,0.0
202206030401,,0.0
202206030415,,0.0
202206030430,,0.0
202206030445,,0.0
202206030500,,0.0
202206030516,,0.0
202206030530,,0.0
202206030545,,0.0
202206030601,,0.0
202206030615,,0.0
202206030631,,0.0
202206030700,,0.0
202206030715,,0.0
202206030730,,0.0
202206030746,268.0,0.4
202206030800,,0.0
202206030816,,0.0
202206030830,,0.0
202206030845,,0.0
202206030900,,0.0
202206030915,,0.0
202206030930,,0.0
202206030945,,0.0
202206031000,,0.0
202206031016,,0.0
202206031030,,0.0
202206031045,,0.0
202206031101,,0.0
202206031130,,0.0
202206031145,,0.0
202206031215,,0.0
202206031230,,0.0
202206031245,,0.0
202206031315,,0.0
202206031330,,0.0
202206031345,,0.0
202206031400,,0.0
202206031415,155.0,0.4
202206031430,132.0,0.4
202206031445,,0.0
202206031500,,0.0
202206031516,,0.0
202206031531,,0.0
202206031546,144.0,0.4
202206031601,150.0,0.4
202206031630,98.0,0.4
202206031645,59.0,0.4
202206031700,168.0,0.9
202206031715,,0.0
202206031730,,0.0
202206031745,,0.0
202206031800,,0.0
202206031815,,0.0
202206031830,,0.0
202206031845,,0.0
202206031900,151.0,0.4
202206031915,307.0,0.4
202206031931,,0.0
202206031945,,0.0
202206032000,,0.0
202206032015,,0.0
202206032030,,0.0
202206032045,,0.0
202206032101,,0.0
202206032115,,0.0
202206032130,,0.0
202206032145,,0.0
202206032201,,0.0
202206032215,,0.0
202206032230,,0.0
202206032246,,0.0
202206032301,,0.0
202206032315,,0.0
202206032330,,0.0
202206040000,,0.0
202206040030,,0.0
202206040045,,0.0
202206040100,,0.0
202206040115,,0.0
202206040200,,0.0
202206040215,,0.0
202206040230,,0.0
202206040245,,0.0
202206040300,,0.0
202206040315,,0.0
202206040330,,0.0
202206040345,,0.0
202206040400,,0.0
202206040416,,0.0
202206040431,,0.0
202206040445,,0.0
202206040500,,0.0
202206040515,,0.0
202206040530,,0.0
202206040545,,0.0
202206040600,,0.0
202206040615,,0.0
202206040630,,0.0
202206040700,,0.0
202206040716,,0.0
202206040731,,0.0
202206040745,,0.0
202206040800,,0.0
202206040815,,0.0
202206040830,,0.0
202206040900,,0.0
202206040915,,0.0
202206041000,,0.0
202206041015,,0.0
202206041045,,0.0
202206041115,,0.0
202206041130,,0.0
202206041145,,0.0
202206041201,,0.0
202206041215,,0.0
202206041230,,0.0
202206041245,,0.0
202206041300,,0.0
202206041315,,0.0
202206041330,153.0,0.4
202206041345,,0.0
202206041400,,0.0
202206041415,,0.0
202206041430,,0.0
202206041445,,0.0
202206041500,120.0,1.3
202206041515,110.0,0.4
202206041530,119.0,0.9
202206041545,108.0,0.9
202206041600,,0.0
202206041615,195.0,0.9
202206041630,129.0,0.9
202206041645,155.0,0.9
202206041700,133.0,0.9
202206041716,260.0,0.9
202206041730,176.0,0.9
202206041745,134.0,0.9
202206041800,168.0,0.9
202206041815,152.0,1.3
202206041830,165.0,0.9
202206041845,,0.0
202206041900,151.0,0.4
202206041915,,0.0
202206041930,134.0,1.3
202206041945,210.0,0.9
202206042000,121.0,0.9
202206042015,127.0,0.4
202206042030,184.0,0.4
202206042045,156.0,0.4
202206042100,143.0,0.9
202206042115,,0.0
202206042130,234.0,0.4
202206042145,170.0,0.9
202206042200,132.0,0.9
202206042215,158.0,0.4
202206042230,,0.0
202206042245,,0.0
202206042300,,0.0
202206042315,,0.0
202206042331,,0.0
202206042345,250.0,0.9
202206050000,,0.0
202206050015,285.0,0.9
202206050030,283.0,0.4
202206050045,,0.0
202206050100,,0.0
202206050116,,0.0
202206050130,,0.0
202206050145,,0.0
202206050200,,0.0
202206050215,,0.0
202206050230,,0.0
202206050245,,0.0
202206050300,,0.0
202206050315,,0.0
202206050330,,0.0
202206050345,,0.0
202206050400,,0.0
202206050415,,0.0
202206050430,,0.0
202206050445,,0.0
202206050500,,0.0
202206050516,,0.0
202206050530,,0.0
202206050545,,0.0
202206050600,,0.0
202206050616,,0.0
202206050631,,0.0
202206050700,,0.0
202206050716,,0.0
202206050730,,0.0
202206050745,,0.0
202206050800,,0.0
202206050815,,0.0
202206050830,,0.0
202206050900,,0.0
202206050915,,0.0
202206050930,,0.0
202206050945,,0.0
202206051000,,0.0
202206051015,,0.0
202206051030,,0.0
202206051045,,0.0
202206051100,,0.0
202206051115,,0.0
202206051131,,0.0
202206051145,,0.0
202206051201,,0.0
202206051215,,0.0
202206051230,,0.0
202206051245,,0.0
202206051300,,0.0
202206051315,,0.0
202206051330,,0.0
202206051345,139.0,0.9
202206051400,224.0,0.4
202206051415,,0.0
202206051430,184.0,1.3
202206051445,168.0,0.9
202206051500,185.0,0.9
202206051515,,0.0
202206051545,,0.0
202206051615,,0.0
202206051630,129.0,0.9
202206051645,245.0,0.9
202206051700,,0.0
202206051715,153.0,1.3
202206051745,158.0,0.4
202206051800,112.0,0.4
202206051815,177.0,1.3
202206051830,,0.0
202206051845,130.0,0.4
202206051900,208.0,0.9
202206051915,210.0,0.4
202206051930,,0.0
202206051945,275.0,0.9
202206052000,254.0,0.4
202206052015,,0.0
202206052045,149.0,0.4
202206052101,,0.0
202206052115,,0.0
202206052131,127.0,0.4
202206052145,172.0,0.4
202206052201,,0.0
202206052215,,0.0
202206052230,,0.0
202206052245,212.0,0.9
202206052315,,0.0
202206052330,,0.0
202206052345,,0.0
202206060015,,0.0
202206060030,,0.0
202206060045,,0.0
202206060100,,0.0
202206060115,,0.0
202206060130,,0.0
202206060145,,0.0
202206060200,,0.0
202206060215,,0.0
202206060230,,0.0
202206060245,,0.0
202206060300,,0.0
202206060315,,0.0
202206060330,,0.0
202206060345,,0.0
202206060400,,0.0
202206060415,,0.0
202206060430,,0.0
202206060445,,0.0
202206060500,,0.0
202206060515,,0.0
202206060531,,0.0
202206060545,,0.0
202206060600,,0.0
202206060615,,0.0
202206060630,,0.0
202206060700,,0.0
202206060715,,0.0
202206060730,,0.0
202206060745,,0.0
202206060800,285.0,0.4
202206060815,,0.0
202206060830,,0.0
202206060845,,0.0
202206060900,,0.0
202206060915,,0.0
202206060930,,0.0
202206060945,,0.0
202206061000,,0.0
202206061015,,0.0
202206061031,,0.0
202206061045,,0.0
202206061100,,0.0
202206061115,,0.0
202206061130,,0.0
202206061145,,0.0
202206061200,,0.0
202206061215,,0.0
202206061230,,0.0
202206061245,,0.0
202206061300,,0.0
202206061315,,0.0
202206061330,,0.0
202206061345,,0.0
202206061400,226.0,0.4
202206061415,299.0,0.4
202206061430,258.0,0.4
202206061446,233.0,0.4
202206061500,136.0,0.9
202206061515,311.0,0.4
202206061530,139.0,0.4
202206061600,321.0,0.4
202206061615,269.0,1.3
202206061630,236.0,0.9
202206061645,153.0,1.3
202206061700,196.0,0.9
202206061715,53.0,0.4
202206061730,296.0,1.3
202206061745,276.0,0.9
202206061800,107.0,0.4
202206061815,115.0,0.4
202206061831,269.0,0.4
202206061846,122.0,0.4
202206061900,226.0,0.4
202206061915,127.0,0.4
202206061931,,0.0
202206061945,98.0,0.4
202206062000,32.0,0.9
202206062015,224.0,0.9
202206062030,249.0,0.9
202206062045,85.0,0.4
202206062100,139.0,0.4
202206062115,188.0,0.4
202206062130,304.0,0.9
202206062145,325.0,0.9
202206062200,297.0,0.4
202206062215,,0.0
202206062230,,0.0
202206062245,288.0,0.4
202206062300,,0.0
202206062315,,0.0
202206062345,,0.0
202206070000,,0.0
202206070015,,0.0
202206070045,266.0,0.4
202206070100,271.0,0.4
202206070115,,0.0
202206070130,,0.0
202206070146,,0.0
202206070200,,0.0
202206070216,,0.0
202206070231,,0.0
202206070245,,0.0
202206070301,286.0,0.9
202206070315,,0.0
202206070330,,0.0
202206070345,,0.0
202206070400,,0.0
202206070415,283.0,0.4
202206070430,,0.0
202206070445,,0.0
202206070500,301.0,0.9
202206070515,,0.0
202206070545,307.0,0.9
202206070600,,0.0
202206070615,269.0,0.4
202206070630,,0.0
202206070700,,0.0
202206070715,332.0,0.4
202206070730,283.0,1.3
202206070745,92.0,0.9
202206070800,,0.0
202206070815,309.0,0.4
202206070831,288.0,0.9
202206070846,314.0,0.4
202206070901,178.0,0.4
202206070915,229.0,0.4
202206070930,252.0,0.9
202206070945,,0.0
202206071000,276.0,0.4
202206071015,252.0,0.4
202206071030,,0.0
202206071045,,0.0
202206071100,,0.0
202206071115,,0.0
202206071130,114.0,0.4
202206071145,122.0,0.4
202206071200,,0.0
202206071215,250.0,0.4
202206071230,295.0,0.4
202206071245,46.0,0.4
202206071300,,0.0
202206071315,108.0,0.9
202206071330,,0.0
202206071345,302.0,0.9
202206071400,326.0,0.4
202206071415,298.0,0.9
202206071430,221.0,0.9
202206071500,296.0,0.4
202206071515,244.0,0.4
202206071531,262.0,0.9
202206071545,,0.0
202206071600,,0.0
202206071615,,0.0
202206071630,,0.0
202206071645,146.0,0.4
202206071700,228.0,0.9
202206071715,136.0,0.9
202206071730,129.0,0.4
202206071745,,0.0
202206071800,149.0,0.4
202206071815,122.0,0.4
202206071830,144.0,0.4
202206071845,,0.0
202206071900,,0.0
202206071915,125.0,0.4
202206071945,281.0,0.4
202206072000,320.0,0.9
202206072015,136.0,0.4
202206072030,135.0,0.4
202206072045,243.0,0.9
202206072100,283.0,0.9
202206072116,259.0,0.4
202206072130,156.0,0.4
202206072146,307.0,1.3
202206072200,306.0,0.9
202206072215,237.0,0.9
202206072230,304.0,0.9
202206072245,311.0,0.9
202206072300,306.0,0.4
202206072315,275.0,0.4
202206072330,213.0,0.4
202206072345,298.0,0.4
202206080000,,0.0
202206080015,179.0,0.4
202206080030,,0.0
202206080045,,0.0
202206080100,,0.0
202206080116,,0.0
202206080130,,0.0
202206080145,,0.0
202206080200,,0.0
202206080215,,0.0
202206080230,,0.0
202206080245,,0.0
202206080300,,0.0
202206080315,,0.0
202206080330,,0.0
202206080345,,0.0
202206080400,,0.0
202206080415,,0.0
202206080430,,0.0
202206080445,272.0,0.4
202206080500,,0.0
202206080515,,0.0
202206080530,,0.0
202206080545,,0.0
202206080600,,0.0
202206080615,287.0,0.4
202206080630,,0.0
202206080700,,0.0
202206080715,,0.0
202206080730,293.0,0.9
202206080745,,0.0
202206080800,,0.0
202206080815,283.0,0.4
202206080830,,0.0
202206080845,,0.0
202206080900,,0.0
202206080915,,0.0
202206080930,,0.0
202206080946,,0.0
202206081000,,0.0
202206081015,,0.0
202206081031,,0.0
202206081045,,0.0
202206081100,278.0,0.4
202206081130,,0.0
202206081145,,0.0
202206081200,,0.0
202206081215,304.0,0.9
202206081230,,0.0
202206081300,,0.0
202206081315,,0.0
202206081345,,0.0
202206081400,145.0,0.4
202206081416,,0.0
202206081431,,0.0
202206081445,205.0,0.9
202206081500,148.0,0.4
202206081515,144.0,0.9
202206081530,,0.0
202206081545,283.0,0.9
202206081600,,0.0
202206081630,152.0,0.9
202206081645,219.0,1.3
202206081700,309.0,0.4
202206081715,,0.0
202206081745,,0.0
202206081800,172.0,0.9
202206081815,290.0,0.4
202206081830,233.0,0.4
202206081845,209.0,0.4
202206081915,256.0,0.4
202206081931,196.0,1.8
202206081945,303.0,0.4
202206082000,244.0,0.4
202206082016,216.0,0.9
202206082030,295.0,0.9
202206082045,307.0,0.9
202206082100,179.0,0.4
202206082115,300.0,0.4
202206082130,122.0,0.4
202206082145,119.0,0.4
202206082200,,0.0
202206082215,,0.0
202206082230,,0.0
202206082245,260.0,1.3
202206082315,264.0,0.4
202206082330,234.0,0.4
202206082345,,0.0
202206090000,,0.0
202206090015,266.0,0.4
202206090030,,0.0
202206090045,,0.0
202206090115,,0.0
202206090130,,0.0
202206090145,,0.0
202206090200,,0.0
202206090215,,0.0
202206090245,287.0,0.4
202206090300,269.0,0.9
202206090315,279.0,1.3
202206090330,103.0,0.4
202206090345,,0.0
202206090400,289.0,0.4
202206090445,,0.0
202206090500,,0.0
202206090515,99.0,0.4
202206090530,,0.0
202206090545,,0.0
202206090600,288.0,0.4
202206090615,,0.0
202206090630,,0.0
202206090700,,0.0
202206090715,133.0,0.4
202206090730,,0.0
202206090745,153.0,0.4
202206090800,,0.0
202206090815,,0.0
202206090830,27.0,0.9
202206090845,,0.0
202206090900,,0.0
202206090916,,0.0
202206090930,,0.0
202206091000,,0.0
202206091015,,0.0
202206091030,,0.0
202206091045,,0.0
202206091100,,0.0
202206091115,,0.0
202206091130,,0.0
202206091145,,0.0
202206091200,,0.0
202206091215,,0.0
202206091230,,0.0
202206091245,,0.0
202206091300,,0.0
202206091315,128.0,0.4
202206091330,186.0,0.9
202206091345,,0.0
202206091400,,0.0
202206091415,293.0,0.4
202206091431,58.0,0.4
202206091445,,0.0
202206091500,133.0,0.4
202206091515,311.0,0.4
202206091530,103.0,0.4
202206091545,270.0,0.9
202206091600,,0.0
202206091615,108.0,0.9
202206091630,90.0,0.4
202206091645,195.0,0.9
202206091700,195.0,0.4
202206091715,191.0,0.4
202206091730,56.0,0.9
202206091745,241.0,0.9
202206091800,230.0,1.3
202206091815,219.0,0.4
202206091830,173.0,1.3
202206091845,218.0,0.9
202206091900,179.0,0.4
202206091915,113.0,1.3
202206091930,65.0,0.4
202206091946,262.0,0.4
202206092000,203.0,0.4
202206092015,164.0,1.3
202206092030,260.0,1.3
202206092045,266.0,1.3
202206092100,233.0,0.4
202206092115,179.0,0.9
202206092130,293.0,1.3
202206092145,9.0,0.4
202206092200,271.0,0.4
202206092215,274.0,0.9
202206092230,280.0,0.9
202206092245,,0.0
202206092300,304.0,1.3
202206092315,,0.0
202206092330,272.0,0.9
202206092345,,0.0
202206100000,,0.0
202206100015,230.0,0.9
202206100030,,0.0
202206100045,,0.0
202206100100,,0.0
202206100115,,0.0
202206100131,,0.0
202206100145,,0.0
202206100200,,0.0
202206100215,224.0,0.4
202206100230,,0.0
202206100245,,0.0
202206100300,,0.0
202206100330,,0.0
202206100400,222.0,0.4
202206100415,232.0,0.4
202206100430,,0.0
202206100445,,0.0
202206100500,,0.0
202206100515,,0.0
202206100530,122.0,0.4
202206100545,,0.0
202206100600,,0.0
202206100615,,0.0
202206100630,,0.0
202206100716,,0.0
202206100730,,0.0
202206100745,,0.0
202206100800,,0.0
202206100815,,0.0
202206100830,,0.0
202206100845,,0.0
202206100900,,0.0
202206100915,271.0,0.4
202206100930,,0.0
202206100945,,0.0
202206101000,276.0,0.4
202206101015,,0.0
202206101030,,0.0
202206101045,274.0,0.4
202206101100,,0.0
202206101116,,0.0
202206101130,,0.0
202206101145,,0.0
202206101200,,0.0
202206101215,,0.0
202206101230,,0.0
202206101245,,0.0
202206101300,,0.0
202206101315,240.0,0.4
202206101330,,0.0
202206101345,,0.0
202206101400,,0.0
202206101415,,0.0
202206101430,200.0,0.4
202206101445,,0.0
202206101500,274.0,0.9
202206101515,178.0,0.4
202206101531,136.0,0.9
202206101545,146.0,0.4
202206101601,129.0,0.4
202206101615,172.0,1.3
202206101630,205.0,0.4
202206101645,181.0,1.3
202206101700,,0.0
202206101715,169.0,0.4
202206101730,154.0,0.4
202206101745,139.0,0.9
202206101800,292.0,0.4
202206101830,132.0,0.4
202206101845,117.0,0.4
202206101900,,0.0
202206101915,293.0,0.9
202206101930,191.0,0.4
202206101945,134.0,0.4
202206102000,141.0,0.9
202206102015,154.0,0.4
202206102030,307.0,0.4
202206102045,276.0,0.4
202206102100,262.0,0.4
202206102115,290.0,1.3
202206102130,290.0,0.9
202206102145,,0.0
202206102201,216.0,0.4
202206102215,,0.0
202206102230,233.0,0.4
202206102246,,0.0
202206102300,,0.0
202206102315,,0.0
202206102330,,0.0
202206102345,,0.0
202206110000,,0.0
202206110015,,0.0
202206110030,,0.0
202206110045,,0.0
202206110100,,0.0
202206110115,,0.0
202206110130,,0.0
202206110145,,0.0
202206110200,,0.0
202206110215,,0.0
202206110230,276.0,0.4
202206110245,,0.0
202206110300,,0.0
202206110315,,0.0
202206110330,,0.0
202206110345,,0.0
202206110400,,0.0
202206110430,,0.0
202206110445,,0.0
202206110500,,0.0
202206110515,,0.0
202206110531,,0.0
202206110545,,0.0
202206110600,,0.0
202206110615,,0.0
202206110630,,0.0
202206110700,,0.0
202206110715,,0.0
202206110730,,0.0
202206110745,,0.0
202206110800,,0.0
202206110815,,0.0
202206110830,,0.0
202206110845,,0.0
202206110900,,0.0
202206110915,,0.0
202206110930,,0.0
202206110945,,0.0
202206111000,,0.0
202206111015,,0.0
202206111031,278.0,0.4
202206111045,,0.0
202206111100,,0.0
202206111115,,0.0
202206111130,,0.0
202206111145,,0.0
202206111200,,0.0
202206111215,,0.0
202206111230,,0.0
202206111245,,0.0
202206111300,,0.0
202206111315,305.0,0.9
202206111330,147.0,0.4
202206111345,216.0,0.4
202206111400,143.0,0.4
202206111415,127.0,0.4
202206111430,140.0,0.4
202206111445,,0.0
202206111515,299.0,0.9
202206111530,,0.0
202206111600,46.0,0.9
202206111615,99.0,0.9
202206111630,233.0,0.4
202206111645,128.0,0.4
202206111700,194.0,0.9
202206111715,110.0,0.9
202206111730,298.0,0.9
202206111745,283.0,1.3
202206111800,285.0,0.4
202206111815,120.0,0.4
202206111830,207.0,0.4
202206111845,165.0,0.4
202206111900,238.0,0.9
202206111930,276.0,1.3
202206111945,162.0,0.4
202206112000,277.0,0.9
202206112015,255.0,0.4
202206112031,164.0,0.9
202206112045,142.0,0.4
202206112100,155.0,0.9
202206112130,233.0,0.4
202206112145,146.0,0.4
202206112200,125.0,1.3
202206112215,226.0,0.9
202206112230,300.0,0.9
202206112245,182.0,0.4
202206112300,159.0,0.4
202206112315,290.0,0.4
202206112330,283.0,0.4
202206112345,279.0,0.4
202206120000,283.0,0.4
202206120015,275.0,0.4
202206120030,276.0,0.4
202206120045,,0.0
202206120100,275.0,0.4
202206120115,,0.0
202206120130,,0.0
202206120145,,0.0
202206120200,,0.0
202206120215,,0.0
202206120300,,0.0
202206120315,,0.0
202206120331,,0.0
202206120345,,0.0
202206120400,,0.0
202206120415,,0.0
202206120430,,0.0
202206120445,,0.0
202206120500,,0.0
202206120515,277.0,0.4
202206120530,,0.0
202206120545,,0.0
202206120600,,0.0
202206120615,,0.0
202206120630,,0.0
202206120715,,0.0
202206120730,,0.0
202206120745,,0.0
202206120800,,0.0
202206120815,,0.0
202206120830,,0.0
202206120845,,0.0
202206120900,,0.0
202206120916,,0.0
202206120930,,0.0
202206120945,,0.0
202206121000,,0.0
202206121015,,0.0
202206121030,,0.0
202206121045,,0.0
202206121100,,0.0
202206121115,,0.0
202206121130,,0.0
202206121145,,0.0
202206121200,,0.0
202206121215,,0.0
202206121230,,0.0
202206121245,200.0,0.4
202206121300,281.0,0.4
202206121316,237.0,0.9
202206121330,,0.0
202206121345,281.0,0.4
202206121400,259.0,0.4
202206121415,124.0,0.9
202206121430,292.0,0.4
202206121445,,0.0
202206121500,,0.0
202206121515,,0.0
202206121530,,0.0
202206121545,,0.0
202206121600,,0.0
202206121615,155.0,0.4
202206121630,148.0,0.9
202206121645,145.0,0.4
202206121700,,0.0
202206121730,65.0,1.8
202206121746,122.0,0.9
202206121800,262.0,0.9
202206121830,296.0,1.8
202206121845,285.0,1.3
202206121900,184.0,0.9
202206121915,250.0,0.4
202206121930,169.0,0.4
202206121945,115.0,0.9
202206122000,148.0,0.9
202206122015,136.0,0.4
202206122030,128.0,0.4
202206122045,,0.0
202206122115,156.0,0.4
202206122130,146.0,0.4
202206122145,139.0,0.9
202206122200,198.0,0.4
202206122215,155.0,0.4
202206122245,281.0,0.4
202206122300,255.0,0.4
202206122315,,0.0
202206122330,,0.0
202206122345,,0.0
202206130001,,0.0
202206130015,,0.0
202206130030,270.0,0.4
202206130045,,0.0
202206130100,257.0,0.4
202206130115,,0.0
202206130130,,0.0
202206130145,,0.0
202206130200,,0.0
202206130215,,0.0
202206130230,,0.0
202206130300,288.0,0.4
202206130330,,0.0
202206130345,,0.0
202206130400,275.0,0.4
202206130415,,0.0
202206130430,,0.0
202206130445,,0.0
202206130515,,0.0
202206130530,,0.0
202206130545,,0.0
202206130600,,0.0
202206130615,,0.0
202206130630,,0.0
202206130700,,0.0
202206130715,,0.0
202206130730,,0.0
202206130745,,0.0
202206130800,,0.0
202206130830,,0.0
202206130845,,0.0
202206130900,,0.0
202206130915,,0.0
202206130945,,0.0
202206131015,,0.0
202206131030,,0.0
202206131045,,0.0
202206131100,,0.0
202206131115,,0.0
202206131130,,0.0
202206131145,,0.0
202206131200,,0.0
202206131215,190.0,0.9
202206131231,150.0,0.4
202206131245,247.0,0.4
202206131300,,0.0
202206131315,,0.0
202206131330,,0.0
202206131345,236.0,1.8
202206131400,281.0,1.3
202206131415,98.0,1.8
202206131430,259.0,0.9
202206131445,207.0,0.4
202206131500,258.0,1.8
202206131515,274.0,1.3
202206131530,220.0,0.4
202206131545,252.0,0.4
202206131600,293.0,0.9
202206131615,160.0,0.9
202206131631,150.0,0.4
202206131645,120.0,0.9
202206131700,82.0,0.4
202206131715,152.0,0.9
202206131730,,0.0
202206131745,105.0,0.4
202206131800,,0.0
202206131815,105.0,0.9
202206131830,120.0,1.3
202206131845,311.0,1.3
202206131900,293.0,1.3
202206131915,122.0,1.8
202206131930,141.0,0.4
202206131945,240.0,0.4
202206132000,173.0,0.9
202206132015,306.0,1.3
202206132030,326.0,0.4
202206132100,300.0,0.9
202206132115,105.0,0.4
202206132130,34.0,0.4
202206132145,148.0,2.2
202206132200,294.0,0.4
202206132215,,0.0
202206132231,,0.0
202206132245,,0.0
202206132300,259.0,0.4
202206132315,,0.0
202206132330,,0.0
202206132345,,0.0
202206140000,,0.0
202206140015,,0.0
202206140030,,0.0
202206140045,,0.0
202206140100,,0.0
202206140115,,0.0
202206140130,,0.0
202206140145,,0.0
202206140200,,0.0
202206140215,,0.0
202206140230,,0.0
202206140245,,0.0
202206140300,,0.0
202206140315,,0.0
202206140330,,0.0
202206140400,,0.0
202206140415,,0.0
202206140430,,0.0
202206140445,,0.0
202206140500,,0.0
202206140515,,0.0
202206140531,,0.0
202206140545,,0.0
202206140600,,0.0
202206140615,,0.0
202206140630,255.0,0.4
202206140700,,0.0
202206140715,,0.0
202206140730,,0.0
202206140745,,0.0
202206140800,,0.0
202206140815,276.0,0.4
202206140830,,0.0
202206140845,,0.0
202206140900,,0.0
202206140915,,0.0
202206140930,,0.0
202206140945,,0.0
202206141015,,0.0
202206141030,283.0,0.4
202206141045,,0.0
202206141100,,0.0
202206141131,,0.0
202206141145,,0.0
202206141200,,0.0
202206141215,,0.0
202206141230,,0.0
202206141245,,0.0
202206141300,,0.0
202206141315,,0.0
202206141330,,0.0
202206141345,,0.0
202206141400,,0.0
202206141415,,0.0
202206141430,107.0,0.9
202206141445,,0.0
202206141500,,0.0
202206141515,,0.0
202206141530,,0.0
202206141546,266.0,0.4
202206141601,251.0,0.4
202206141615,271.0,0.9
202206141630,330.0,0.9
202206141645,271.0,0.4
202206141700,261.0,0.4
202206141715,,0.0
202206141730,228.0,0.9
202206141745,274.0,1.3
202206141800,264.0,0.4
202206141815,,0.0
202206141830,,0.0
202206141845,231.0,0.4
202206141900,,0.0
202206141915,,0.0
202206141930,261.0,0.4
202206141945,279.0,1.3
202206142000,296.0,0.9
202206142015,290.0,1.3
202206142030,,0.0
202206142045,139.0,1.8
202206142101,208.0,0.9
202206142115,217.0,0.4
202206142130,237.0,1.3
202206142145,203.0,0.9
202206142200,,0.0
202206142215,,0.0
202206142230,,0.0
202206142245,,0.0
202206142300,,0.0
202206142315,,0.0
202206142330,282.0,0.4
202206142346,284.0,0.9
202206150000,283.0,0.4
202206150015,283.0,0.4
202206150030,,0.0
202206150045,,0.0
202206150100,,0.0
202206150115,,0.0
202206150130,279.0,0.4
202206150145,,0.0
202206150200,,0.0
202206150215,,0.0
202206150230,,0.0
202206150245,,0.0
202206150300,,0.0
202206150315,,0.0
202206150330,,0.0
202206150346,,0.0
202206150400,,0.0
202206150416,,0.0
202206150430,,0.0
202206150446,,0.0
202206150500,,0.0
202206150515,,0.0
202206150530,,0.0
202206150545,,0.0
202206150600,,0.0
202206150615,,0.0
202206150630,,0.0
202206150700,,0.0
202206150715,,0.0
202206150730,,0.0
202206150745,,0.0
202206150800,285.0,0.4
202206150815,,0.0
202206150830,,0.0
202206150845,,0.0
202206150900,,0.0
202206150915,,0.0
202206150930,,0.0
202206150945,,0.0
202206151000,,0.0
202206151015,,0.0
202206151030,281.0,0.4
202206151045,,0.0
202206151100,,0.0
202206151115,,0.0
202206151130,,0.0
202206151145,,0.0
202206151215,,0.0
202206151230,,0.0
202206151245,,0.0
202206151300,,0.0
202206151315,,0.0
202206151330,,0.0
202206151345,,0.0
202206151400,,0.0
202206151415,,0.0
202206151430,141.0,1.3
202206151445,293.0,0.4
202206151500,,0.0
202206151515,,0.0
202206151530,,0.0
202206151545,,0.0
202206151600,,0.0
202206151615,168.0,0.4
202206151630,148.0,0.4
202206151645,113.0,0.9
202206151700,155.0,0.4
202206151715,287.0,0.4
202206151730,283.0,0.4
202206151745,154.0,0.4
202206151800,,0.0
202206151815,,0.0
202206151830,,0.0
202206151845,,0.0
202206151900,119.0,0.4
202206151916,200.0,0.4
202206151930,146.0,0.4
202206151945,,0.0
202206152000,,0.0
202206152015,,0.0
202206152030,278.0,0.4
202206152045,,0.0
202206152100,,0.0
202206152115,,0.0
202206152130,,0.0
202206152145,,0.0
202206152200,,0.0
202206152215,,0.0
202206152230,,0.0
202206152245,,0.0
202206152300,,0.0
202206152315,,0.0
202206152330,,0.0
202206152345,,0.0
202206160000,,0.0
202206160015,,0.0
202206160030,,0.0
202206160045,,0.0
202206160100,,0.0
202206160116,282.0,0.9
202206160130,,0.0
202206160146,,0.0
202206160201,,0.0
202206160215,,0.0
202206160230,,0.0
202206160245,,0.0
202206160300,,0.0
202206160315,,0.0
202206160330,,0.0
202206160400,,0.0
202206160415,,0.0
202206160430,,0.0
202206160445,,0.0
202206160500,,0.0
202206160515,,0.0
202206160530,,0.0
202206160545,,0.0
202206160600,,0.0
202206160616,,0.0
202206160630,,0.0
202206160701,,0.0
202206160715,,0.0
202206160730,,0.0
202206160746,,0.0
202206160801,,0.0
202206160815,,0.0
202206160830,,0.0
202206160845,,0.0
202206160900,,0.0
202206160915,,0.0
202206160930,,0.0
202206160945,,0.0
202206161000,,0.0
202206161015,,0.0
202206161030,,0.0
202206161045,,0.0
202206161100,,0.0
202206161115,,0.0
202206161130,,0.0
202206161145,,0.0
202206161200,,0.0
202206161215,,0.0
202206161230,,0.0
202206161245,,0.0
202206161301,,0.0
202206161315,,0.0
202206161330,,0.0
202206161345,,0.0
202206161400,,0.0
202206161430,,0.0
202206161445,,0.0
202206161500,,0.0
202206161515,,0.0
202206161530,,0.0
202206161545,96.0,0.4
202206161600,,0.0
202206161615,,0.0
202206161630,151.0,0.4
202206161646,,0.0
202206161700,143.0,0.9
202206161716,206.0,0.4
202206161745,155.0,0.4
202206161800,,0.0
202206161815,9.0,0.4
202206161830,,0.0
202206161845,,0.0
202206161900,,0.0
202206161915,,0.0
202206161930,,0.0
202206161945,,0.0
202206162000,,0.0
202206162015,,0.0
202206162030,,0.0
202206162045,282.0,0.4
202206162100,,0.0
202206162115,,0.0
202206162130,,0.0
202206162145,300.0,0.9
202206162200,262.0,0.9
202206162215,,0.0
202206162230,,0.0
202206162245,274.0,0.4
202206162300,,0.0
202206162315,,0.0
202206162331,,0.0
202206162346,281.0,0.4
202206170000,269.0,0.4
202206170016,285.0,0.4
202206170030,288.0,0.4
202206170045,,0.0
202206170100,,0.0
202206170115,,0.0
202206170130,,0.0
202206170145,,0.0
202206170200,,0.0
202206170230,320.0,0.4
202206170245,,0.0
202206170300,,0.0
202206170315,,0.0
202206170330,,0.0
202206170345,,0.0
202206170401,,0.0
202206170415,,0.0
202206170431,,0.0
202206170445,,0.0
202206170500,,0.0
202206170515,,0.0
202206170530,,0.0
202206170545,,0.0
202206170600,,0.0
202206170615,,0.0
202206170630,,0.0
202206170700,,0.0
202206170715,,0.0
202206170730,,0.0
202206170745,275.0,0.4
202206170801,281.0,0.4
202206170815,,0.0
202206170830,282.0,0.4
202206170845,274.0,0.9
202206170900,247.0,0.4
202206170915,277.0,0.4
202206170930,276.0,0.4
202206170945,,0.0
202206171000,,0.0
202206171015,,0.0
202206171030,,0.0
202206171045,,0.0
202206171100,261.0,0.4
202206171115,,0.0
202206171130,,0.0
202206171145,,0.0
202206171200,253.0,0.9
202206171215,240.0,2.7
202206171230,272.0,0.9
202206171245,292.0,2.2
202206171300,243.0,1.3
202206171315,,0.0
202206171330,147.0,0.9
202206171345,38.0,1.3
202206171445,154.0,1.3
202206171500,198.0,1.3
202206171515,157.0,1.3
202206171545,333.0,2.2
202206171600,313.0,0.4
202206171615,172.0,1.3
202206171630,245.0,1.3
202206171645,252.0,2.7
202206171701,274.0,3.6
202206171716,206.0,1.8
202206171730,122.0,1.3
202206171745,316.0,1.3
202206171800,,0.0
202206171816,96.0,1.8
202206171830,253.0,0.9
202206171900,226.0,1.3
202206171915,223.0,0.4
202206171930,257.0,0.9
202206171945,240.0,0.4
202206172000,168.0,0.4
202206172015,160.0,0.4
202206172030,148.0,0.4
202206172045,290.0,1.3
202206172100,286.0,4.5
202206172116,262.0,2.7
202206172130,310.0,2.7
202206172145,295.0,1.3
202206172200,276.0,0.9
202206172216,284.0,0.9
202206172230,284.0,0.4
202206172245,245.0,0.4
202206172300,298.0,2.2
202206172315,292.0,2.2
202206172330,330.0,1.3
202206172345,296.0,1.3
202206180000,281.0,0.9
202206180015,301.0,1.8
202206180030,263.0,2.2
202206180045,250.0,2.2
202206180100,253.0,1.8
202206180115,289.0,1.8
202206180130,288.0,0.9
202206180200,292.0,1.8
202206180215,261.0,2.2
202206180230,290.0,1.8
202206180245,301.0,1.3
202206180315,253.0,1.3
202206180330,148.0,0.4
202206180345,194.0,0.4
202206180400,218.0,1.3
202206180416,136.0,0.4
202206180430,134.0,0.4
202206180500,110.0,0.4
202206180530,,0.0
202206180545,159.0,1.3
202206180615,191.0,0.9
202206180630,111.0,1.3
202206180700,231.0,0.4
202206180715,195.0,0.4
202206180730,,0.0
202206180745,,0.0
202206180800,129.0,0.4
202206180815,,0.0
202206180830,,0.0
202206180845,,0.0
202206180900,,0.0
202206180916,,0.0
202206180930,,0.0
202206180945,,0.0
202206181000,,0.0
202206181015,,0.0
202206181030,,0.0
202206181045,,0.0
202206181100,,0.0
202206181115,,0.0
202206181130,,0.0
202206181145,,0.0
202206181200,,0.0
202206181215,105.0,0.4
202206181230,113.0,0.4
202206181245,181.0,0.4
202206181300,67.0,0.9
202206181315,124.0,0.9
202206181330,150.0,1.3
202206181345,103.0,0.9
202206181401,119.0,1.3
202206181415,169.0,0.9
202206181430,253.0,0.9
202206181445,275.0,0.9
202206181500,158.0,0.4
202206181516,129.0,0.4
202206181530,294.0,0.9
202206181545,,0.0
202206181600,284.0,0.9
202206181615,318.0,1.3
202206181630,238.0,0.4
202206181645,241.0,1.3
202206181700,274.0,0.4
202206181715,146.0,1.3
202206181730,219.0,0.9
202206181745,,0.0
202206181800,110.0,0.4
202206181815,,0.0
202206181830,285.0,0.4
202206181845,132.0,0.4
202206181900,244.0,1.8
202206181915,203.0,0.9
202206181931,240.0,0.9
202206181945,272.0,1.3
202206182000,75.0,1.8
202206182015,228.0,0.9
202206182030,131.0,0.9
202206182045,257.0,0.9
202206182100,229.0,1.8
202206182115,224.0,0.4
202206182130,136.0,0.9
202206182145,108.0,0.9
202206182200,,0.0
202206182215,65.0,0.4
202206182230,,0.0
202206182246,113.0,0.9
202206182300,161.0,1.3
202206182315,,0.0
202206182330,268.0,0.4
202206182345,297.0,0.4
202206190000,,0.0
202206190015,,0.0
202206190030,,0.0
202206190045,,0.0
202206190100,,0.0
202206190115,,0.0
202206190130,,0.0
202206190145,277.0,0.4
202206190201,,0.0
202206190215,,0.0
202206190230,281.0,0.4
202206190245,,0.0
202206190300,,0.0
202206190315,266.0,0.4
202206190330,,0.0
202206190345,,0.0
202206190400,,0.0
202206190415,274.0,0.4
202206190430,,0.0
202206190445,,0.0
202206190500,284.0,0.4
202206190515,283.0,0.4
202206190530,,0.0
202206190545,,0.0
202206190601,,0.0
202206190616,,0.0
202206190630,276.0,0.4
202206190700,,0.0
202206190715,283.0,0.9
202206190730,272.0,0.4
202206190745,,0.0
202206190800,,0.0
202206190815,,0.0
202206190830,,0.0
202206190845,,0.0
202206190915,279.0,0.4
202206190930,283.0,0.4
202206190946,,0.0
202206191000,,0.0
202206191030,,0.0
202206191100,,0.0
202206191115,,0.0
202206191130,,0.0
202206191145,,0.0
202206191200,,0.0
202206191215,,0.0
202206191230,,0.0
202206191245,,0.0
202206191300,,0.0
202206191315,,0.0
202206191330,,0.0
202206191345,,0.0
202206191400,,0.0
202206191415,,0.0
202206191430,128.0,0.9
202206191445,,0.0
202206191500,155.0,0.4
202206191515,131.0,0.4
202206191530,137.0,0.9
202206191545,100.0,0.9
202206191600,98.0,1.3
202206191615,133.0,1.3
202206191630,148.0,1.3
202206191700,117.0,0.9
202206191715,231.0,0.4
202206191730,134.0,0.4
202206191745,151.0,0.4
202206191800,165.0,1.8
202206191815,182.0,0.4
202206191830,140.0,0.9
202206191900,132.0,0.9
202206191916,127.0,0.9
202206191930,127.0,0.9
202206191945,283.0,1.3
202206192000,155.0,1.3
202206192030,,0.0
202206192045,,0.0
202206192100,209.0,0.4
202206192115,,0.0
202206192130,183.0,0.4
202206192145,,0.0
202206192200,269.0,0.9
202206192215,143.0,0.4
202206192230,150.0,0.4
202206192245,158.0,0.4
202206192300,,0.0
202206192315,,0.0
202206192330,284.0,0.9
202206192345,280.0,0.9
202206200000,266.0,0.9
202206200015,258.0,0.4
202206200030,263.0,0.4
202206200045,,0.0
202206200100,,0.0
202206200115,285.0,0.4
202206200130,279.0,0.4
202206200146,,0.0
202206200200,,0.0
202206200230,,0.0
202206200245,266.0,0.4
202206200300,,0.0
202206200315,,0.0
202206200330,274.0,0.4
202206200345,,0.0
202206200400,,0.0
202206200415,,0.0
202206200430,,0.0
202206200445,,0.0
202206200500,,0.0
202206200515,,0.0
202206200530,,0.0
202206200545,,0.0
202206200600,,0.0
202206200615,,0.0
202206200630,,0.0
202206200701,,0.0
202206200715,,0.0
202206200730,,0.0
202206200746,,0.0
202206200800,,0.0
202206200815,,0.0
202206200830,,0.0
202206200845,,0.0
202206200900,,0.0
202206200915,279.0,0.4
202206200930,,0.0
202206200945,,0.0
202206201000,,0.0
202206201015,,0.0
202206201045,,0.0
202206201100,,0.0
202206201115,,0.0
202206201130,,0.0
202206201145,,0.0
202206201200,,0.0
202206201215,,0.0
202206201230,,0.0
202206201245,,0.0
202206201301,,0.0
202206201315,300.0,0.4
202206201330,,0.0
202206201345,,0.0
202206201400,281.0,0.4
202206201415,122.0,0.4
202206201430,,0.0
202206201446,132.0,0.9
202206201500,,0.0
202206201515,,0.0
202206201530,138.0,0.4
202206201600,136.0,0.9
202206201615,283.0,0.4
202206201630,290.0,0.9
202206201645,,0.0
202206201700,117.0,0.4
202206201715,134.0,0.4
202206201730,165.0,0.4
202206201745,144.0,0.4
202206201800,,0.0
202206201815,117.0,0.4
202206201830,164.0,0.9
202206201845,95.0,0.9
202206201900,170.0,1.3
202206201915,,0.0
202206201930,126.0,0.4
202206201945,,0.0
202206202000,212.0,0.9
202206202015,158.0,0.9
202206202030,298.0,0.9
202206202045,288.0,1.3
202206202100,110.0,0.9
202206202115,113.0,0.4
202206202130,,0.0
202206202145,208.0,0.4
202206202200,,0.0
202206202216,,0.0
202206202231,218.0,0.4
202206202245,,0.0
202206202300,283.0,0.4
202206202315,288.0,0.9
202206202330,274.0,0.4
202206202345,273.0,0.9
202206210000,265.0,0.4
202206210015,,0.0
202206210030,274.0,0.4
202206210100,,0.0
202206210115,,0.0
202206210130,,0.0
202206210145,,0.0
202206210200,,0.0
202206210215,,0.0
202206210230,,0.0
202206210245,,0.0
202206210300,,0.0
202206210315,,0.0
202206210330,,0.0
202206210345,,0.0
202206210400,,0.0
202206210415,,0.0
202206210430,,0.0
202206210445,,0.0
202206210500,282.0,0.4
202206210515,,0.0
202206210530,,0.0
202206210601,,0.0
202206210616,,0.0
202206210630,,0.0
202206210700,,0.0
202206210715,,0.0
202206210730,,0.0
202206210745,,0.0
202206210800,,0.0
202206210815,,0.0
202206210830,,0.0
202206210845,,0.0
202206210900,,0.0
202206210915,,0.0
202206210930,,0.0
202206210945,,0.0
202206211000,,0.0
202206211015,285.0,0.4
202206211030,,0.0
202206211045,,0.0
202206211100,,0.0
202206211115,,0.0
202206211130,,0.0
202206211146,,0.0
202206211201,,0.0
202206211215,,0.0
202206211230,,0.0
202206211245,,0.0
202206211300,,0.0
202206211315,,0.0
202206211330,,0.0
202206211345,,0.0
202206211401,,0.0
202206211415,,0.0
202206211430,,0.0
202206211445,,0.0
202206211500,,0.0
202206211515,,0.0
202206211530,55.0,0.4
202206211545,167.0,0.4
202206211600,193.0,0.4
202206211615,144.0,0.9
202206211630,164.0,0.4
202206211645,214.0,0.4
202206211700,160.0,0.4
202206211715,191.0,0.4
202206211730,89.0,0.4
202206211745,,0.0
202206211800,281.0,0.4
202206211815,312.0,0.9
202206211831,302.0,1.3
202206211846,134.0,0.4
202206211900,214.0,0.9
202206211915,,0.0
202206211930,165.0,0.4
202206211945,,0.0
202206212001,,0.0
202206212031,,0.0
202206212100,,0.0
202206212115,,0.0
202206212145,121.0,0.4
202206212200,,0.0
202206212215,,0.0
202206212245,,0.0
202206212300,285.0,0.4
202206212315,288.0,0.4
202206212330,287.0,0.9
202206212345,285.0,0.9
202206220000,278.0,0.9
202206220015,289.0,0.4
202206220030,270.0,0.4
202206220046,280.0,0.4
202206220100,,0.0
202206220115,280.0,0.4
202206220131,,0.0
202206220145,,0.0
202206220200,,0.0
202206220216,,0.0
202206220231,,0.0
202206220245,,0.0
202206220300,,0.0
202206220315,,0.0
202206220330,288.0,0.4
202206220345,,0.0
202206220400,277.0,0.4
202206220415,,0.0
202206220430,,0.0
202206220445,,0.0
202206220515,,0.0
202206220530,,0.0
202206220545,,0.0
202206220600,,0.0
202206220615,,0.0
202206220630,,0.0
202206220700,,0.0
202206220715,270.0,0.4
202206220730,,0.0
202206220745,,0.0
202206220800,,0.0
202206220830,,0.0
202206220845,,0.0
202206220900,,0.0
202206220915,,0.0
202206220930,,0.0
202206220945,,0.0
202206221000,,0.0
202206221015,,0.0
202206221030,,0.0
202206221045,,0.0
202206221100,,0.0
202206221115,,0.0
202206221130,,0.0
202206221145,,0.0
202206221200,,0.0
202206221215,,0.0
202206221231,,0.0
202206221245,,0.0
202206221300,,0.0
202206221315,,0.0
202206221330,,0.0
202206221345,,0.0
202206221400,143.0,0.4
202206221415,136.0,0.4
202206221430,106.0,1.3
202206221445,123.0,0.4
202206221500,132.0,0.4
202206221515,110.0,1.3
202206221530,128.0,1.3
202206221545,294.0,0.4
202206221601,248.0,1.8
202206221615,278.0,0.9
202206221630,245.0,0.4
202206221645,252.0,0.4
202206221700,254.0,1.3
202206221715,243.0,0.4
202206221730,,0.0
202206221745,281.0,1.8
202206221800,255.0,0.4
202206221815,262.0,1.3
202206221830,283.0,0.9
202206221845,269.0,0.4
202206221900,137.0,0.4
202206221915,219.0,0.4
202206221930,255.0,0.9
202206221946,,0.0
202206222000,148.0,0.4
202206222015,140.0,0.9
202206222030,,0.0
202206222045,,0.0
202206222100,294.0,0.9
202206222115,248.0,0.4
202206222130,,0.0
202206222145,,0.0
202206222200,,0.0
202206222215,237.0,1.8
202206222230,,0.0
202206222245,,0.0
202206222300,,0.0
202206222315,,0.0
202206222330,272.0,1.8
202206222345,259.0,1.3
202206230000,166.0,0.9
202206230015,274.0,1.3
202206230030,270.0,0.9
202206230046,272.0,2.7
202206230100,248.0,0.4
202206230115,224.0,0.9
202206230131,238.0,0.9
202206230145,283.0,1.3
202206230200,265.0,2.2
202206230215,313.0,1.8
202206230230,297.0,2.2
202206230245,278.0,0.9
202206230300,,0.0
202206230315,,0.0
202206230330,,0.0
202206230345,,0.0
202206230400,135.0,0.4
202206230415,115.0,0.9
202206230430,,0.0
202206230445,155.0,0.9
202206230500,124.0,0.9
202206230515,,0.0
202206230530,79.0,0.9
202206230545,,0.0
202206230600,223.0,0.4
202206230615,257.0,0.4
202206230631,146.0,0.4
202206230700,264.0,0.4
202206230715,198.0,0.4
202206230730,,0.0
202206230745,161.0,0.4
202206230800,65.0,0.9
202206230815,,0.0
202206230830,119.0,0.4
202206230845,140.0,0.9
202206230900,143.0,0.4
202206230915,,0.0
202206230930,,0.0
202206230945,288.0,0.4
202206231000,287.0,0.4
202206231015,,0.0
202206231030,,0.0
202206231045,,0.0
202206231100,269.0,0.4
202206231116,,0.0
202206231130,,0.0
202206231145,,0.0
202206231215,,0.0
202206231230,,0.0
202206231245,,0.0
202206231300,,0.0
202206231315,,0.0
202206231330,,0.0
202206231345,,0.0
202206231415,158.0,0.4
202206231430,,0.0
202206231445,,0.0
202206231500,,0.0
202206231515,,0.0
202206231530,275.0,0.4
202206231545,275.0,1.3
202206231600,143.0,0.4
202206231615,265.0,0.4
202206231630,,0.0
202206231645,226.0,0.4
202206231700,160.0,0.4
202206231715,219.0,0.4
202206231730,259.0,0.9
202206231745,231.0,0.4
202206231800,284.0,0.9
202206231815,269.0,0.4
202206231830,246.0,0.9
202206231845,188.0,0.9
202206231900,169.0,0.4
202206231915,142.0,0.4
202206231930,172.0,0.4
202206231945,172.0,0.4
202206232000,192.0,0.9
202206232015,245.0,0.4
202206232030,148.0,0.4
202206232045,,0.0
202206232100,271.0,0.4
202206232115,,0.0
202206232130,,0.0
202206232146,,0.0
202206232201,217.0,0.9
202206232215,224.0,0.4
202206232230,,0.0
202206232245,,0.0
202206232300,,0.0
202206232315,,0.0
202206232330,,0.0
202206232345,276.0,0.4
202206240000,,0.0
202206240015,,0.0
202206240030,264.0,0.4
202206240045,,0.0
202206240115,,0.0
202206240130,,0.0
202206240145,,0.0
202206240200,,0.0
202206240215,,0.0
202206240230,,0.0
202206240245,,0.0
202206240300,,0.0
202206240315,,0.0
202206240330,,0.0
202206240345,,0.0
202206240400,,0.0
202206240415,,0.0
202206240430,,0.0
202206240445,,0.0
202206240500,,0.0
202206240515,,0.0
202206240530,,0.0
202206240545,,0.0
202206240600,,0.0
202206240615,,0.0
202206240630,,0.0
202206240700,,0.0
202206240715,,0.0
202206240730,,0.0
202206240746,,0.0
202206240800,,0.0
202206240815,,0.0
202206240831,,0.0
202206240845,,0.0
202206240900,,0.0
202206240930,,0.0
202206240945,,0.0
202206241000,,0.0
202206241015,,0.0
202206241030,,0.0
202206241045,,0.0
202206241100,,0.0
202206241115,,0.0
202206241130,,0.0
202206241145,160.0,0.4
202206241200,,0.0
202206241215,,0.0
202206241230,,0.0
202206241245,239.0,0.4
202206241301,155.0,0.4
202206241315,169.0,0.4
202206241330,,0.0
202206241345,,0.0
202206241400,210.0,0.9
202206241415,,0.0
202206241430,,0.0
202206241500,,0.0
202206241515,,0.0
202206241530,236.0,0.4
202206241545,,0.0
202206241601,244.0,0.4
202206241615,96.0,0.4
202206241630,82.0,0.4
202206241645,165.0,0.9
202206241701,,0.0
202206241716,150.0,0.9
202206241731,128.0,0.9
202206241745,285.0,0.9
202206241800,131.0,1.3
202206241815,297.0,0.4
202206241830,207.0,0.4
202206241845,290.0,0.4
202206241900,293.0,0.9
202206241915,179.0,0.9
202206241930,154.0,0.4
202206241945,122.0,0.9
202206242000,259.0,1.8
202206242015,140.0,0.9
202206242030,281.0,0.9
202206242045,124.0,0.9
202206242100,276.0,0.9
202206242115,269.0,0.9
202206242130,155.0,0.9
202206242145,283.0,0.4
202206242200,206.0,0.4
202206242215,205.0,0.9
202206242230,150.0,0.4
202206242245,297.0,0.4
202206242300,243.0,0.4
202206242315,202.0,0.4
202206242330,,0.0
202206242345,,0.0
202206250000,,0.0
202206250016,143.0,0.9
202206250030,,0.0
202206250045,,0.0
202206250100,,0.0
202206250115,,0.0
202206250130,,0.0
202206250200,,0.0
202206250215,,0.0
202206250230,,0.0
202206250245,,0.0
202206250300,,0.0
202206250315,,0.0
202206250330,,0.0
202206250345,,0.0
202206250400,,0.0
202206250415,276.0,0.4
202206250430,291.0,0.4
202206250445,,0.0
202206250500,,0.0
202206250515,,0.0
202206250530,307.0,0.4
202206250545,,0.0
202206250600,,0.0
202206250615,,0.0
202206250630,,0.0
202206250700,,0.0
202206250715,,0.0
202206250730,201.0,0.4
202206250745,,0.0
202206250800,,0.0
202206250815,,0.0
202206250830,,0.0
202206250845,,0.0
202206250900,,0.0
202206250915,,0.0
202206250930,,0.0
202206250945,,0.0
202206251001,,0.0
202206251015,,0.0
202206251030,,0.0
202206251045,,0.0
202206251100,,0.0
202206251115,,0.0
202206251130,,0.0
202206251145,,0.0
202206251200,,0.0
202206251215,,0.0
202206251230,,0.0
202206251245,,0.0
202206251301,,0.0
202206251315,,0.0
202206251330,,0.0
202206251345,,0.0
202206251400,,0.0
202206251415,,0.0
202206251430,,0.0
202206251445,154.0,0.4
202206251500,,0.0
202206251515,,0.0
202206251530,,0.0
202206251546,,0.0
202206251600,,0.0
202206251615,,0.0
202206251630,,0.0
202206251645,,0.0
202206251700,134.0,0.4
202206251715,126.0,0.4
202206251730,110.0,0.4
202206251745,,0.0
202206251800,307.0,0.4
202206251815,,0.0
202206251830,139.0,0.4
202206251845,295.0,0.4
202206251900,,0.0
202206251915,103.0,0.9
202206251930,53.0,1.3
202206251945,141.0,0.9
202206252000,221.0,0.9
202206252017,165.0,0.9
202206252031,141.0,0.4
202206252045,241.0,0.4
202206252100,266.0,0.4
202206252115,124.0,0.4
202206252130,330.0,0.4
202206252145,,0.0
202206252200,138.0,0.9
202206252215,153.0,0.4
202206252230,129.0,0.9
202206252245,281.0,0.4
202206252300,297.0,0.9
202206252315,,0.0
202206252330,276.0,0.4
202206252345,,0.0
202206260000,274.0,0.4
202206260015,269.0,0.4
202206260030,282.0,0.4
202206260045,,0.0
202206260115,,0.0
202206260130,243.0,0.4
202206260145,,0.0
202206260200,273.0,0.4
202206260215,,0.0
202206260230,,0.0
202206260245,,0.0
202206260300,,0.0
202206260315,,0.0
202206260330,,0.0
202206260346,,0.0
202206260400,,0.0
202206260415,,0.0
202206260430,,0.0
202206260445,,0.0
202206260500,,0.0
202206260515,278.0,0.4
202206260530,,0.0
202206260545,,0.0
202206260615,,0.0
202206260630,,0.0
202206260700,,0.0
202206260716,,0.0
202206260730,,0.0
202206260745,,0.0
202206260800,,0.0
202206260830,,0.0
202206260845,,0.0
202206260900,,0.0
202206260915,,0.0
202206260931,,0.0
202206260946,,0.0
202206261000,,0.0
202206261015,,0.0
202206261030,,0.0
202206261045,,0.0
202206261100,,0.0
202206261115,,0.0
202206261130,,0.0
202206261145,273.0,0.4
202206261200,,0.0
202206261215,,0.0
202206261230,,0.0
202206261245,,0.0
202206261300,,0.0
202206261315,,0.0
202206261330,301.0,0.9
202206261345,,0.0
202206261400,321.0,0.4
202206261416,281.0,1.3
202206261445,,0.0
202206261500,,0.0
202206261515,,0.0
202206261530,,0.0
202206261545,,0.0
202206261600,163.0,0.4
202206261615,267.0,1.8
202206261630,241.0,0.4
202206261645,271.0,0.9
202206261700,,0.0
202206261731,297.0,0.4
202206261745,,0.0
202206261800,,0.0
202206261815,,0.0
202206261830,270.0,0.4
202206261845,297.0,1.8
202206261900,248.0,0.4
202206261916,238.0,0.4
202206261930,,0.0
202206261945,183.0,0.9
202206262000,,0.0
202206262015,127.0,0.4
202206262030,289.0,0.4
202206262045,170.0,0.4
202206262100,,0.0
202206262130,,0.0
202206262145,,0.0
202206262200,164.0,0.9
202206262230,,0.0
202206262245,,0.0
202206262300,,0.0
202206262315,,0.0
202206262330,,0.0
202206262345,,0.0
202206270000,,0.0
202206270015,,0.0
202206270030,,0.0
202206270046,,0.0
202206270100,,0.0
202206270115,,0.0
202206270130,,0.0
202206270146,,0.0
202206270201,,0.0
202206270215,,0.0
202206270230,,0.0
202206270245,,0.0
202206270301,,0.0
202206270315,240.0,0.4
202206270330,,0.0
202206270345,,0.0
202206270400,,0.0
202206270415,,0.0
202206270430,,0.0
202206270445,,0.0
202206270500,,0.0
202206270515,,0.0
202206270530,,0.0
202206270545,,0.0
202206270600,,0.0
202206270615,,0.0
202206270700,,0.0
202206270715,,0.0
202206270731,,0.0
202206270746,,0.0
202206270800,270.0,0.4
202206270815,,0.0
202206270830,,0.0
202206270900,,0.0
202206270915,,0.0
202206270930,,0.0
202206271015,282.0,0.4
202206271031,294.0,0.4
202206271045,,0.0
202206271100,,0.0
202206271115,,0.0
202206271200,,0.0
202206271215,,0.0
202206271230,,0.0
202206271245,,0.0
202206271300,,0.0
202206271316,,0.0
202206271330,,0.0
202206271346,,0.0
202206271415,,0.0
202206271430,,0.0
202206271445,136.0,0.4
202206271500,,0.0
202206271515,,0.0
202206271530,146.0,0.4
202206271545,,0.0
202206271600,,0.0
202206271615,174.0,0.4
202206271630,145.0,0.4
202206271645,,0.0
202206271715,,0.0
202206271730,224.0,0.4
202206271801,,0.0
202206271815,,0.0
202206271830,,0.0
202206271845,243.0,1.3
202206271900,133.0,0.9
202206271915,150.0,0.9
202206271930,,0.0
202206271945,174.0,0.4
202206272000,162.0,0.9
202206272015,102.0,0.4
202206272030,198.0,0.9
202206272045,153.0,0.4
202206272100,293.0,0.4
202206272115,98.0,0.4
202206272130,214.0,0.4
202206272145,,0.0
202206272200,,0.0
202206272215,,0.0
202206272230,277.0,0.9
202206272245,328.0,1.3
202206272300,,0.0
202206272315,,0.0
202206272330,168.0,0.4
202206272345,303.0,0.4
202206280000,298.0,0.4
202206280016,,0.0
202206280030,,0.0
202206280045,,0.0
202206280100,,0.0
202206280115,,0.0
202206280130,,0.0
202206280145,279.0,0.9
202206280200,,0.0
202206280215,,0.0
202206280230,,0.0
202206280245,,0.0
202206280300,,0.0
202206280315,,0.0
202206280330,,0.0
202206280345,,0.0
202206280400,,0.0
202206280415,,0.0
202206280430,,0.0
202206280445,,0.0
202206280500,,0.0
202206280515,,0.0
202206280530,,0.0
202206280546,,0.0
202206280600,,0.0
202206280616,,0.0
202206280630,,0.0
202206280700,,0.0
202206280715,,0.0
202206280730,,0.0
202206280745,,0.0
202206280800,,0.0
202206280815,,0.0
202206280831,285.0,0.4
202206280845,,0.0
202206280900,,0.0
202206280915,,0.0
202206280930,,0.0
202206280945,,0.0
202206281000,,0.0
202206281015,,0.0
202206281030,,0.0
202206281045,,0.0
202206281100,,0.0
202206281115,,0.0
202206281130,,0.0
202206281145,,0.0
202206281201,,0.0
202206281215,,0.0
202206281230,243.0,0.4
202206281245,,0.0
202206281300,,0.0
202206281315,,0.0
202206281330,131.0,0.4
202206281345,,0.0
202206281400,,0.0
202206281415,,0.0
202206281430,146.0,0.9
202206281445,128.0,0.4
202206281500,131.0,0.9
202206281515,167.0,0.4
202206281530,154.0,0.9
202206281545,172.0,0.4
202206281600,173.0,0.9
202206281615,152.0,0.4
202206281630,131.0,0.4
202206281646,107.0,0.4
202206281701,140.0,0.9
202206281715,151.0,0.4
202206281730,173.0,0.9
202206281800,144.0,0.4
202206281815,146.0,0.9
202206281845,148.0,0.9
202206281900,199.0,0.9
202206281915,200.0,1.8
202206281930,161.0,0.4
202206281945,139.0,0.4
202206282000,163.0,0.4
202206282015,168.0,0.4
202206282030,229.0,0.4
202206282045,179.0,0.4
202206282100,,0.0
202206282115,175.0,0.9
202206282130,135.0,0.9
202206282145,,0.0
202206282200,,0.0
202206282215,,0.0
202206282230,,0.0
202206282246,168.0,0.4
202206282301,220.0,0.4
202206282315,,0.0
202206282330,,0.0
202206282346,,0.0
202206290000,,0.0
202206290015,,0.0
202206290045,,0.0
202206290100,,0.0
202206290115,264.0,0.4
202206290130,,0.0
202206290145,,0.0
202206290200,,0.0
202206290215,,0.0
202206290230,,0.0
202206290245,,0.0
202206290315,,0.0
202206290330,,0.0
202206290346,,0.0
202206290400,,0.0
202206290430,,0.0
202206290446,,0.0
202206290501,,0.0
202206290516,,0.0
202206290530,,0.0
202206290545,,0.0
202206290600,,0.0
202206290615,,0.0
202206290630,,0.0
202206290700,,0.0
202206290715,,0.0
202206290730,,0.0
202206290745,,0.0
202206290800,,0.0
202206290815,,0.0
202206290830,,0.0
202206290845,243.0,0.4
202206290900,,0.0
202206290915,,0.0
202206290930,,0.0
202206290945,,0.0
202206291000,,0.0
202206291016,,0.0
202206291030,,0.0
202206291046,,0.0
202206291101,,0.0
202206291116,,0.0
202206291131,,0.0
202206291145,,0.0
202206291230,,0.0
202206291245,,0.0
202206291300,,0.0
202206291315,,0.0
202206291330,,0.0
202206291345,155.0,0.4
202206291400,,0.0
202206291415,,0.0
202206291430,,0.0
202206291445,,0.0
202206291500,236.0,0.9
202206291515,,0.0
202206291531,143.0,0.4
202206291546,289.0,1.3
202206291600,,0.0
202206291615,125.0,0.9
202206291630,144.0,0.9
202206291645,143.0,0.4
202206291700,146.0,1.3
202206291730,,0.0
202206291745,,0.0
202206291800,,0.0
202206291815,,0.0
202206291830,,0.0
202206291845,,0.0
202206291900,,0.0
202206291915,,0.0
202206291930,,0.0
202206291945,,0.0
202206292000,,0.0
202206292015,240.0,0.9
202206292030,182.0,0.4
202206292046,,0.0
202206292100,267.0,0.4
202206292130,,0.0
202206292145,,0.0
202206292201,,0.0
202206292216,,0.0
202206292231,,0.0
202206292245,,0.0
202206292301,,0.0
202206292315,,0.0
202206292330,237.0,0.4
202206292345,,0.0
202206300015,,0.0
202206300030,,0.0
202206300045,,0.0
202206300100,276.0,0.4
202206300116,280.0,0.4
202206300130,,0.0
202206300145,,0.0
202206300200,,0.0
202206300215,,0.0
202206300230,,0.0
202206300245,,0.0
202206300300,,0.0
202206300315,,0.0
202206300330,,0.0
202206300345,,0.0
202206300400,,0.0
202206300415,,0.0
202206300430,,0.0
202206300445,,0.0
202206300501,,0.0
202206300515,269.0,0.4
202206300531,,0.0
202206300545,,0.0
202206300600,287.0,0.4
202206300615,271.0,0.4
202206300630,,0.0
202206300700,,0.0
202206300715,,0.0
202206300730,,0.0
202206300745,,0.0
202206300800,,0.0
202206300815,,0.0
202206300830,283.0,0.4
202206300845,,0.0
202206300900,,0.0
202206300915,,0.0
202206300930,,0.0
202206300945,,0.0
202206301000,,0.0
202206301030,,0.0
202206301045,,0.0
202206301100,,0.0
202206301116,,0.0
202206301130,,0.0
202206301145,281.0,0.4
202206301200,,0.0
202206301215,,0.0
202206301230,,0.0
202206301245,,0.0
202206301300,,0.0
202206301315,,0.0
202206301330,198.0,0.9
202206301345,,0.0
202206301400,,0.0
202206301415,151.0,0.9
202206301430,,0.0
202206301445,,0.0
202206301500,161.0,0.4
202206301515,155.0,0.4
202206301545,155.0,0.4
202206301600,182.0,0.4
202206301615,166.0,0.4
202206301630,,0.0
202206301645,158.0,0.9
202206301700,130.0,1.3
202206301715,99.0,1.3
202206301730,201.0,0.4
202206301745,155.0,0.4
202206301800,120.0,0.4
202206301815,203.0,0.4
202206301830,296.0,0.4
202206301845,288.0,1.3
202206301900,221.0,1.3
202206301915,85.0,0.9
202206301930,,0.0
202206301945,342.0,0.4
202206302001,153.0,0.4
202206302015,170.0,0.4
202206302045,,0.0
202206302100,,0.0
202206302116,231.0,0.9
202206302130,112.0,0.4
202206302145,122.0,0.4
202206302200,,0.0
202206302216,176.0,0.4
202206302230,,0.0
202206302245,,0.0
202206302300,269.0,0.4
202206302315,,0.0
202206302331,,0.0
202206302345,,0.0
202207010000,271.0,0.4
202207010015,,0.0
202207010030,269.0,0.4
202207010045,,0.0
202207010100,,0.0
202207010115,,0.0
202207010130,,0.0
202207010145,,0.0
202207010200,,0.0
202207010215,,0.0
202207010230,,0.0
202207010245,,0.0
202207010300,,0.0
202207010315,,0.0
202207010330,,0.0
202207010346,,0.0
202207010401,,0.0
202207010415,307.0,0.9
202207010430,,0.0
202207010445,,0.0
202207010500,,0.0
202207010515,265.0,0.9
202207010530,,0.0
202207010545,,0.0
202207010600,,0.0
202207010615,,0.0
202207010630,,0.0
202207010700,,0.0
202207010715,,0.0
202207010730,,0.0
202207010745,,0.0
202207010800,,0.0
202207010815,,0.0
202207010831,,0.0
202207010845,,0.0
202207010900,,0.0
202207010915,,0.0
202207010930,,0.0
202207010945,,0.0
202207011000,,0.0
202207011015,,0.0
202207011030,,0.0
202207011045,,0.0
202207011100,,0.0
202207011115,,0.0
202207011130,,0.0
202207011145,,0.0
202207011200,,0.0
202207011216,,0.0
202207011230,,0.0
202207011245,,0.0
202207011300,,0.0
202207011315,,0.0
202207011330,,0.0
202207011400,,0.0
202207011415,,0.0
202207011430,,0.0
202207011445,,0.0
202207011500,153.0,0.4
202207011515,,0.0
202207011530,,0.0
202207011545,,0.0
202207011600,155.0,0.4
202207011615,146.0,0.4
202207011630,186.0,0.4
202207011645,155.0,0.4
202207011700,150.0,0.4
202207011715,161.0,0.9
202207011730,,0.0
202207011745,,0.0
202207011800,236.0,0.4
202207011815,80.0,0.9
202207011830,172.0,0.4
202207011845,260.0,0.4
202207011900,261.0,0.4
202207011930,,0.0
202207011945,255.0,0.4
202207012000,,0.0
202207012015,,0.0
202207012030,,0.0
202207012045,,0.0
202207012100,258.0,0.4
202207012115,,0.0
202207012130,,0.0
202207012145,155.0,0.4
202207012200,155.0,0.4
202207012215,,0.0
202207012230,138.0,0.4
202207012245,145.0,0.4
202207012300,,0.0
202207012315,155.0,0.4
202207012330,,0.0
202207012345,,0.0
202207020000,,0.0
202207020015,,0.0
202207020030,,0.0
202207020045,,0.0
202207020100,,0.0
202207020115,,0.0
202207020130,,0.0
202207020145,,0.0
202207020201,,0.0
202207020216,,0.0
202207020231,,0.0
202207020245,,0.0
202207020300,,0.0
202207020315,244.0,0.4
202207020330,275.0,0.4
202207020345,,0.0
202207020400,,0.0
202207020415,,0.0
202207020430,,0.0
202207020445,,0.0
202207020500,,0.0
202207020515,,0.0
202207020530,,0.0
202207020545,,0.0
202207020600,,0.0
202207020615,,0.0
202207020630,,0.0
202207020700,,0.0
202207020715,,0.0
202207020730,,0.0
202207020746,,0.0
202207020800,,0.0
202207020815,,0.0
202207020830,,0.0
202207020845,,0.0
202207020900,,0.0
202207020930,280.0,0.4
202207020945,,0.0
202207021000,,0.0
202207021015,,0.0
202207021030,,0.0
202207021045,,0.0
202207021100,,0.0
202207021115,,0.0
202207021130,,0.0
202207021145,,0.0
202207021200,,0.0
202207021215,,0.0
202207021230,,0.0
202207021245,,0.0
202207021300,,0.0
202207021315,,0.0
202207021330,,0.0
202207021345,,0.0
202207021400,,0.0
202207021415,,0.0
202207021430,,0.0
202207021445,139.0,0.4
202207021500,303.0,0.9
202207021515,148.0,0.4
202207021530,172.0,0.4
202207021545,,0.0
202207021600,,0.0
202207021615,210.0,0.9
202207021630,131.0,0.4
202207021645,,0.0
202207021700,,0.0
202207021715,,0.0
202207021730,153.0,0.9
202207021745,,0.0
202207021800,,0.0
202207021815,,0.0
202207021831,301.0,0.4
202207021846,,0.0
202207021900,,0.0
202207021916,,0.0
202207021930,,0.0
202207021945,216.0,0.4
202207022000,284.0,2.2
202207022015,252.0,2.2
202207022030,,0.0
202207022045,,0.0
202207022100,,0.0
202207022115,,0.0
202207022130,,0.0
202207022145,,0.0
202207022200,,0.0
202207022215,,0.0
202207022230,,0.0
202207022245,,0.0
202207022300,291.0,0.9
202207022315,,0.0
202207022330,,0.0
202207022345,280.0,0.4
202207030000,,0.0
202207030015,,0.0
202207030030,283.0,0.4
202207030045,,0.0
202207030100,,0.0
202207030115,,0.0
202207030130,,0.0
202207030145,,0.0
202207030200,,0.0
202207030215,,0.0
202207030230,,0.0
202207030245,,0.0
202207030301,,0.0
202207030315,,0.0
202207030330,,0.0
202207030345,,0.0
202207030400,,0.0
202207030415,,0.0
202207030430,,0.0
202207030445,,0.0
202207030501,,0.0
202207030530,,0.0
202207030545,,0.0
202207030600,,0.0
202207030615,,0.0
202207030630,,0.0
202207030700,,0.0
202207030715,,0.0
202207030730,,0.0
202207030746,,0.0
202207030801,,0.0
202207030815,,0.0
202207030830,,0.0
202207030845,,0.0
202207030900,,0.0
202207030915,,0.0
202207030930,,0.0
202207030945,,0.0
202207031000,,0.0
202207031015,,0.0
202207031030,,0.0
202207031045,,0.0
202207031100,,0.0
202207031115,,0.0
202207031130,,0.0
202207031145,,0.0
202207031200,,0.0
202207031215,,0.0
202207031230,,0.0
202207031245,,0.0
202207031301,,0.0
202207031315,,0.0
202207031330,,0.0
202207031346,,0.0
202207031400,,0.0
202207031430,,0.0
202207031445,,0.0
202207031500,,0.0
202207031515,167.0,0.4
202207031530,230.0,0.4
202207031545,153.0,0.9
202207031600,158.0,0.9
202207031615,216.0,0.9
202207031630,152.0,0.4
202207031645,,0.0
202207031700,303.0,0.9
202207031715,320.0,0.9
202207031730,300.0,1.8
202207031745,197.0,0.9
202207031800,190.0,0.4
202207031816,285.0,0.9
202207031830,277.0,0.4
202207031845,,0.0
202207031915,296.0,2.2
202207031930,,0.0
202207031945,,0.0
202207032000,,0.0
202207032015,,0.0
202207032030,142.0,0.4
202207032045,,0.0
202207032100,146.0,0.9
202207032115,,0.0
202207032130,,0.0
202207032145,,0.0
202207032200,,0.0
202207032215,,0.0
202207032230,,0.0
202207032245,,0.0
202207032300,,0.0
202207032316,,0.0
202207032330,,0.0
202207032345,,0.0
202207040000,,0.0
202207040015,,0.0
202207040045,,0.0
202207040100,,0.0
202207040116,,0.0
202207040146,,0.0
202207040200,,0.0
202207040215,,0.0
202207040230,,0.0
202207040245,,0.0
202207040300,,0.0
202207040315,,0.0
202207040330,,0.0
202207040345,,0.0
202207040400,,0.0
202207040415,,0.0
202207040430,,0.0
202207040445,,0.0
202207040500,,0.0
202207040515,,0.0
202207040530,,0.0
202207040545,,0.0
202207040600,,0.0
202207040616,,0.0
202207040630,,0.0
202207040701,,0.0
202207040715,,0.0
202207040730,,0.0
202207040745,,0.0
202207040800,,0.0
202207040815,,0.0
202207040830,,0.0
202207040845,,0.0
202207040900,,0.0
202207040915,,0.0
202207040930,,0.0
202207040945,,0.0
202207041000,,0.0
202207041015,,0.0
202207041030,,0.0
202207041045,,0.0
202207041100,,0.0
202207041115,,0.0
202207041130,,0.0
202207041145,,0.0
202207041215,,0.0
202207041231,,0.0
202207041245,,0.0
202207041315,,0.0
202207041330,,0.0
202207041345,,0.0
202207041400,,0.0
202207041415,,0.0
202207041430,,0.0
202207041445,,0.0
202207041500,248.0,0.4
202207041515,,0.0
202207041530,,0.0
202207041545,,0.0
202207041601,159.0,0.4
202207041615,,0.0
202207041631,153.0,0.4
202207041646,,0.0
202207041700,,0.0
202207041716,160.0,0.9
202207041730,147.0,0.9
202207041745,149.0,0.9
202207041800,122.0,0.4
202207041815,137.0,0.4
202207041830,,0.0
202207041845,144.0,0.9
202207041900,278.0,0.4
202207041945,,0.0
202207042000,289.0,0.9
202207042015,116.0,0.4
202207042030,148.0,0.4
202207042045,150.0,0.4
202207042100,,0.0
202207042115,161.0,0.4
202207042131,,0.0
202207042145,122.0,0.4
202207042200,314.0,0.4
202207042215,108.0,0.4
202207042231,,0.0
202207042245,,0.0
202207042300,224.0,0.4
202207042315,,0.0
202207042330,,0.0
202207042345,153.0,0.4
202207050000,,0.0
202207050015,,0.0
202207050030,287.0,0.4
202207050045,357.0,0.9
202207050100,,0.0
202207050115,,0.0
202207050130,,0.0
202207050145,,0.0
202207050200,,0.0
202207050216,,0.0
202207050230,,0.0
202207050245,,0.0
202207050300,,0.0
202207050315,,0.0
202207050330,,0.0
202207050345,,0.0
202207050400,,0.0
202207050430,,0.0
202207050445,,0.0
202207050501,,0.0
202207050515,,0.0
202207050531,,0.0
202207050545,,0.0
202207050615,,0.0
202207050630,,0.0
202207050700,,0.0
202207050715,,0.0
202207050730,,0.0
202207050745,,0.0
202207050800,,0.0
202207050815,,0.0
202207050830,,0.0
202207050845,,0.0
202207050900,,0.0
202207050915,,0.0
202207050930,,0.0
202207050945,,0.0
202207051000,,0.0
202207051015,,0.0
202207051030,,0.0
202207051045,,0.0
202207051100,,0.0
202207051116,,0.0
202207051130,,0.0
202207051145,,0.0
202207051200,,0.0
202207051215,,0.0
202207051230,,0.0
202207051245,,0.0
202207051300,,0.0
202207051315,,0.0
202207051330,,0.0
202207051400,,0.0
202207051415,,0.0
202207051430,,0.0
202207051445,,0.0
202207051515,,0.0
202207051530,,0.0
202207051545,,0.0
202207051600,,0.0
202207051615,,0.0
202207051630,134.0,0.4
202207051645,233.0,0.4
202207051700,266.0,0.9
202207051715,,0.0
202207051730,,0.0
202207051745,,0.0
202207051800,,0.0
202207051830,223.0,0.9
202207051845,148.0,0.9
202207051900,285.0,1.3
202207051915,203.0,0.9
202207051930,304.0,1.3
202207051945,96.0,0.4
202207052000,295.0,0.4
202207052016,196.0,0.9
202207052030,247.0,1.8
202207052045,307.0,0.4
202207052100,216.0,0.4
202207052115,262.0,1.3
202207052130,89.0,0.9
202207052145,288.0,0.4
202207052200,254.0,0.9
202207052215,309.0,0.4
202207052230,252.0,0.9
202207052245,,0.0
202207052315,232.0,0.4
202207052345,,0.0
202207060000,275.0,0.4
202207060015,,0.0
202207060030,,0.0
202207060045,,0.0
202207060100,272.0,0.4
202207060115,,0.0
202207060130,,0.0
202207060145,215.0,0.4
202207060200,,0.0
202207060215,244.0,0.4
202207060231,,0.0
202207060245,,0.0
202207060300,,0.0
202207060315,164.0,0.4
202207060330,,0.0
202207060345,,0.0
202207060400,,0.0
202207060415,,0.0
202207060430,,0.0
202207060445,,0.0
202207060500,,0.0
202207060515,,0.0
202207060530,,0.0
202207060545,,0.0
202207060615,,0.0
202207060630,,0.0
202207060700,,0.0
202207060715,,0.0
202207060730,,0.0
202207060745,,0.0
202207060800,,0.0
202207060830,,0.0
202207060845,,0.0
202207060900,,0.0
202207060915,,0.0
202207060930,,0.0
202207060945,,0.0
202207061000,,0.0
202207061015,,0.0
202207061030,,0.0
202207061045,,0.0
202207061100,,0.0
202207061115,,0.0
202207061130,,0.0
202207061145,94.0,0.4
202207061200,116.0,1.3
202207061215,80.0,0.4
202207061230,114.0,0.4
202207061245,125.0,0.4
202207061300,143.0,0.4
202207061316,297.0,2.2
202207061330,234.0,0.9
202207061345,224.0,0.4
202207061400,269.0,2.2
202207061415,272.0,0.4
202207061430,232.0,0.4
202207061445,224.0,1.3
202207061500,154.0,1.8
202207061515,120.0,1.8
202207061530,198.0,0.4
202207061545,,0.0
202207061645,,0.0
202207061700,,0.0
202207061715,156.0,0.9
202207061731,217.0,0.9
202207061746,134.0,0.9
202207061800,138.0,1.3
202207061815,129.0,0.4
202207061830,115.0,0.9
202207061845,,0.0
202207061900,,0.0
202207061915,,0.0
202207061930,,0.0
202207061945,,0.0
202207062015,272.0,2.2
202207062030,296.0,0.4
202207062045,,0.0
202207062100,150.0,0.4
202207062130,,0.0
202207062200,,0.0
202207062215,,0.0
202207062301,,0.0
202207062316,,0.0
202207062330,,0.0
202207062345,,0.0
202207070000,,0.0
202207070016,,0.0
202207070030,,0.0
202207070031,,0.0
202207070045,,0.0
202207070100,,0.0
202207070115,,0.0
202207070130,,0.0
202207070145,,0.0
202207070200,322.0,0.4
202207070215,214.0,0.4
202207070230,113.0,0.4
202207070245,,0.0
202207070300,,0.0
202207070330,,0.0
202207070345,,0.0
202207070400,281.0,0.4
202207070415,,0.0
202207070430,,0.0
202207070445,,0.0
202207070500,,0.0
202207070515,,0.0
202207070530,281.0,0.4
202207070545,,0.0
202207070600,,0.0
202207070615,,0.0
202207070630,,0.0
202207070700,,0.0
202207070715,,0.0
202207070730,,0.0
202207070745,,0.0
202207070800,,0.0
202207070815,,0.0
202207070830,,0.0
202207070845,,0.0
202207070900,,0.0
202207070915,,0.0
202207070930,,0.0
202207070945,,0.0
202207071000,,0.0
202207071015,,0.0
202207071030,,0.0
202207071045,,0.0
202207071100,292.0,0.4
202207071115,62.0,0.4
202207071131,71.0,0.4
202207071145,,0.0
202207071200,91.0,0.4
202207071215,103.0,0.4
202207071231,,0.0
202207071246,,0.0
202207071301,80.0,0.4
202207071315,,0.0
202207071330,,0.0
202207071345,,0.0
202207071400,71.0,0.4
202207071415,224.0,0.4
202207071430,273.0,1.3
202207071445,25.0,1.3
202207071500,257.0,0.9
202207071515,238.0,1.3
202207071530,,0.0
202207071545,,0.0
202207071600,188.0,0.4
202207071615,359.0,0.4
202207071630,64.0,0.4
202207071645,151.0,0.4
202207071700,,0.0
202207071715,,0.0
202207071731,,0.0
202207071745,271.0,1.3
202207071800,143.0,0.4
202207071815,132.0,0.9
202207071830,,0.0
202207071845,39.0,0.4
202207071900,188.0,0.9
202207071915,,0.0
202207071930,206.0,0.9
202207071946,143.0,0.4
202207072000,222.0,0.4
202207072015,,0.0
202207072030,144.0,0.4
202207072045,,0.0
202207072100,140.0,0.9
202207072115,79.0,0.4
202207072130,,0.0
202207072145,,0.0
202207072200,154.0,0.4
202207072215,271.0,0.4
202207072230,282.0,0.9
202207072246,,0.0
202207072300,,0.0
202207072315,137.0,1.3
202207072330,278.0,0.9
202207072345,,0.0
202207080000,,0.0
202207080015,,0.0
202207080030,,0.0
202207080045,259.0,0.4
202207080100,,0.0
202207080115,,0.0
202207080145,,0.0
202207080200,274.0,0.4
202207080215,,0.0
202207080230,,0.0
202207080245,,0.0
202207080300,,0.0
202207080316,,0.0
202207080331,,0.0
202207080345,,0.0
202207080400,,0.0
202207080415,,0.0
202207080430,,0.0
202207080445,,0.0
202207080500,,0.0
202207080515,,0.0
202207080530,,0.0
202207080545,,0.0
202207080600,,0.0
202207080615,,0.0
202207080630,,0.0
202207080700,,0.0
202207080715,,0.0
202207080730,,0.0
202207080745,287.0,0.4
202207080815,,0.0
202207080830,,0.0
202207080900,,0.0
202207080930,,0.0
202207080945,,0.0
202207081000,,0.0
202207081015,,0.0
202207081030,,0.0
202207081045,,0.0
202207081100,,0.0
202207081115,,0.0
202207081130,,0.0
202207081145,,0.0
202207081200,,0.0
202207081215,,0.0
202207081230,,0.0
202207081246,,0.0
202207081301,,0.0
202207081316,,0.0
202207081330,,0.0
202207081345,78.0,0.4
202207081400,2.0,0.4
202207081430,154.0,0.9
202207081445,98.0,0.4
202207081515,,0.0
202207081545,205.0,0.4
202207081600,268.0,0.9
202207081615,299.0,1.3
202207081630,289.0,1.3
202207081645,246.0,2.2
202207081700,209.0,0.4
202207081716,273.0,0.9
202207081730,139.0,0.4
202207081745,169.0,0.9
202207081800,,0.0
202207081815,,0.0
202207081830,136.0,0.4
202207081845,220.0,0.4
202207081900,112.0,0.4
202207081915,,0.0
202207081930,,0.0
202207081945,304.0,1.8
202207082000,218.0,0.9
202207082015,108.0,0.9
202207082045,,0.0
202207082100,,0.0
202207082115,146.0,0.9
202207082130,,0.0
202207082145,213.0,0.4
202207082200,,0.0
202207082215,,0.0
202207082230,46.0,0.4
202207082245,,0.0
202207082301,170.0,0.4
202207082315,,0.0
202207082330,,0.0
202207082345,,0.0
202207090000,109.0,0.4
202207090015,257.0,0.9
202207090030,131.0,0.9
202207090045,,0.0
202207090100,,0.0
202207090115,,0.0
202207090130,,0.0
202207090145,,0.0
202207090200,,0.0
202207090215,,0.0
202207090230,275.0,0.4
202207090245,,0.0
202207090300,,0.0
202207090315,285.0,0.9
202207090330,,0.0
202207090345,,0.0
202207090400,,0.0
202207090415,,0.0
202207090430,,0.0
202207090445,,0.0
202207090500,,0.0
202207090515,,0.0
202207090530,,0.0
202207090546,,0.0
202207090600,,0.0
202207090615,,0.0
202207090630,273.0,0.4
202207090700,,0.0
202207090715,,0.0
202207090730,,0.0
202207090745,,0.0
202207090800,,0.0
202207090815,,0.0
202207090830,,0.0
202207090845,,0.0
202207090900,,0.0
202207090915,,0.0
202207090930,,0.0
202207090945,276.0,0.4
202207091000,,0.0
202207091015,,0.0
202207091030,,0.0
202207091045,,0.0
202207091101,,0.0
202207091116,,0.0
202207091130,,0.0
202207091145,86.0,0.4
202207091200,290.0,0.4
202207091215,106.0,0.9
202207091230,237.0,0.9
202207091245,313.0,2.7
202207091300,226.0,1.8
202207091315,256.0,2.7
202207091330,285.0,1.3
202207091345,278.0,1.3
202207091400,222.0,0.9
202207091416,283.0,3.1
202207091430,253.0,1.8
202207091445,233.0,0.4
202207091501,285.0,3.1
202207091516,295.0,2.7
202207091545,274.0,1.3
202207091600,228.0,1.8
202207091615,247.0,0.4
202207091630,252.0,2.2
202207091645,289.0,2.2
202207091700,172.0,2.2
202207091715,264.0,0.4
202207091730,296.0,1.8
202207091745,,0.0
202207091815,,0.0
202207091830,,0.0
202207091846,175.0,0.4
202207091900,,0.0
202207091915,117.0,0.4
202207091930,,0.0
202207091945,,0.0
202207092000,,0.0
202207092015,,0.0
202207092030,,0.0
202207092045,,0.0
202207092100,,0.0
202207092116,44.0,0.4
202207092130,,0.0
202207092145,,0.0
202207092200,,0.0
202207092216,,0.0
202207092230,71.0,0.4
202207092245,,0.0
202207092300,,0.0
202207092315,,0.0
202207092330,,0.0
202207092345,279.0,0.4
202207100000,260.0,0.4
202207100015,,0.0
202207100030,276.0,0.9
202207100045,,0.0
202207100100,,0.0
202207100115,,0.0
202207100130,,0.0
202207100145,,0.0
202207100200,,0.0
202207100215,,0.0
202207100230,,0.0
202207100245,,0.0
202207100300,265.0,0.4
202207100315,,0.0
202207100331,,0.0
202207100346,265.0,0.4
202207100400,,0.0
202207100415,,0.0
202207100430,264.0,0.4
202207100445,,0.0
202207100500,265.0,0.4
202207100515,,0.0
202207100530,,0.0
202207100545,,0.0
202207100615,,0.0
202207100630,,0.0
202207100700,,0.0
202207100730,,0.0
202207100745,,0.0
202207100800,,0.0
202207100816,,0.0
202207100830,,0.0
202207100845,,0.0
202207100900,,0.0
202207100915,,0.0
202207100945,,0.0
202207101000,,0.0
202207101015,,0.0
202207101030,,0.0
202207101045,,0.0
202207101100,,0.0
202207101115,,0.0
202207101130,,0.0
202207101145,,0.0
202207101200,,0.0
202207101215,,0.0
202207101230,,0.0
202207101245,,0.0
202207101300,,0.0
202207101315,161.0,0.4
202207101330,157.0,0.9
202207101345,,0.0
202207101400,,0.0
202207101415,145.0,0.9
202207101430,,0.0
202207101445,162.0,0.4
202207101500,,0.0
202207101515,,0.0
202207101531,,0.0
202207101545,240.0,0.4
202207101600,129.0,0.4
202207101615,241.0,0.4
202207101630,316.0,0.4
202207101700,,0.0
202207101715,,0.0
202207101730,,0.0
202207101745,,0.0
202207101800,268.0,0.4
202207101815,283.0,0.4
202207101830,288.0,0.4
202207101845,,0.0
202207101900,150.0,0.4
202207101915,146.0,0.4
202207101930,,0.0
202207101945,,0.0
202207102000,,0.0
202207102015,211.0,0.4
202207102045,,0.0
202207102101,,0.0
202207102115,,0.0
202207102131,,0.0
202207102145,,0.0
202207102200,,0.0
202207102216,,0.0
202207102230,167.0,0.4
202207102245,,0.0
202207102300,125.0,0.4
202207102315,,0.0
202207102330,,0.0
202207102345,,0.0
202207110015,,0.0
202207110030,,0.0
202207110045,,0.0
202207110100,,0.0
202207110115,,0.0
202207110130,,0.0
202207110145,,0.0
202207110201,,0.0
202207110215,,0.0
202207110230,,0.0
202207110245,,0.0
202207110300,,0.0
202207110315,,0.0
202207110330,,0.0
202207110346,,0.0
202207110400,,0.0
202207110415,,0.0
202207110430,,0.0
202207110445,,0.0
202207110500,,0.0
202207110515,,0.0
202207110530,,0.0
202207110545,,0.0
202207110600,,0.0
202207110615,,0.0
202207110630,,0.0
202207110700,,0.0
202207110715,,0.0
202207110730,,0.0
202207110745,,0.0
202207110800,,0.0
202207110815,,0.0
202207110830,,0.0
202207110845,,0.0
202207110900,,0.0
202207110930,,0.0
202207110945,,0.0
202207111000,,0.0
202207111015,,0.0
202207111030,,0.0
202207111045,,0.0
202207111101,,0.0
202207111115,,0.0
202207111130,,0.0
202207111145,,0.0
202207111200,,0.0
202207111215,,0.0
202207111230,,0.0
202207111245,,0.0
202207111300,,0.0
202207111315,,0.0
202207111330,143.0,0.4
202207111345,,0.0
202207111400,,0.0
202207111415,,0.0
202207111445,150.0,0.4
202207111500,,0.0
202207111515,,0.0
202207111530,,0.0
202207111545,157.0,0.4
202207111600,153.0,0.4
202207111617,,0.0
202207111630,,0.0
202207111645,,0.0
202207111700,,0.0
202207111715,283.0,0.9
202207111730,111.0,0.4
202207111745,160.0,0.9
202207111800,,0.0
202207111815,160.0,0.4
202207111830,280.0,0.9
202207111845,170.0,0.4
202207111900,139.0,0.4
202207111916,272.0,0.9
202207111930,,0.0
202207111945,229.0,0.4
202207112015,257.0,0.9
202207112030,281.0,1.3
202207112045,223.0,0.9
202207112100,,0.0
202207112115,239.0,0.4
202207112130,238.0,0.9
202207112145,143.0,0.4
202207112200,133.0,0.4
202207112215,,0.0
202207112230,,0.0
202207112300,,0.0
202207112315,142.0,0.9
202207112330,,0.0
202207112345,,0.0
202207120000,,0.0
202207120015,,0.0
202207120030,,0.0
202207120045,,0.0
202207120100,,0.0
202207120115,,0.0
202207120130,236.0,0.4
202207120145,,0.0
202207120200,,0.0
202207120215,,0.0
202207120230,,0.0
202207120245,,0.0
202207120300,,0.0
202207120315,,0.0
202207120330,,0.0
202207120345,,0.0
202207120400,,0.0
202207120415,,0.0
202207120430,,0.0
202207120446,214.0,0.4
202207120500,,0.0
202207120515,215.0,0.4
202207120530,,0.0
202207120545,,0.0
202207120600,,0.0
202207120615,,0.0
202207120630,,0.0
202207120700,,0.0
202207120715,,0.0
202207120730,,0.0
202207120745,,0.0
202207120800,242.0,0.4
202207120815,243.0,0.4
202207120830,,0.0
202207120845,,0.0
202207120901,,0.0
202207120915,,0.0
202207120931,238.0,0.4
202207120945,,0.0
202207121000,,0.0
202207121015,,0.0
202207121030,266.0,0.4
202207121045,,0.0
202207121100,,0.0
202207121115,,0.0
202207121130,,0.0
202207121145,,0.0
202207121200,,0.0
202207121215,,0.0
202207121230,,0.0
202207121245,,0.0
202207121300,,0.0
202207121315,,0.0
202207121330,,0.0
202207121345,144.0,0.4
202207121400,,0.0
202207121415,,0.0
202207121430,,0.0
202207121445,137.0,0.4
202207121500,113.0,0.4
202207121515,141.0,0.4
202207121530,,0.0
202207121545,,0.0
202207121600,127.0,0.4
202207121615,293.0,0.4
202207121630,129.0,0.4
202207121645,149.0,0.9
202207121700,154.0,0.4
202207121715,147.0,0.4
202207121730,,0.0
202207121745,276.0,0.9
202207121800,277.0,1.8
202207121815,,0.0
202207121830,150.0,1.3
202207121845,112.0,0.4
202207121900,121.0,0.9
202207121915,306.0,1.3
202207121930,159.0,0.9
202207121945,178.0,0.4
202207122000,273.0,1.3
202207122015,115.0,0.9
202207122031,240.0,0.9
202207122045,140.0,1.3
202207122115,288.0,1.3
202207122130,311.0,0.9
202207122145,129.0,0.9
202207122215,301.0,0.9
202207122230,130.0,0.9
202207122245,129.0,0.9
202207122300,343.0,0.4
202207122315,,0.0
202207122330,239.0,0.4
202207122345,264.0,0.4
202207130000,,0.0
202207130015,260.0,0.4
202207130030,,0.0
202207130045,,0.0
202207130100,136.0,0.4
202207130115,115.0,0.4
202207130130,,0.0
202207130145,,0.0
202207130200,282.0,0.9
202207130215,229.0,0.4
202207130230,212.0,1.3
202207130245,,0.0
202207130300,248.0,0.4
202207130315,,0.0
202207130331,275.0,0.4
202207130345,,0.0
202207130400,115.0,0.4
202207130415,,0.0
202207130430,,0.0
202207130445,,0.0
202207130500,,0.0
202207130515,49.0,0.9
202207130530,,0.0
202207130545,,0.0
202207130600,,0.0
202207130615,,0.0
202207130630,,0.0
202207130700,,0.0
202207130745,226.0,0.4
202207130801,281.0,0.9
202207130815,,0.0
202207130830,,0.0
202207130845,,0.0
202207130900,,0.0
202207130915,,0.0
202207130930,281.0,0.4
202207130945,,0.0
202207131000,,0.0
202207131015,,0.0
202207131030,49.0,0.4
202207131045,,0.0
202207131101,,0.0
202207131115,,0.0
202207131130,,0.0
202207131145,,0.0
202207131201,,0.0
202207131215,,0.0
202207131230,157.0,0.4
202207131245,,0.0
202207131300,,0.0
202207131315,195.0,0.4
202207131330,,0.0
202207131345,203.0,0.4
202207131400,293.0,0.9
202207131415,,0.0
202207131430,,0.0
202207131445,,0.0
202207131515,162.0,0.4
202207131530,139.0,0.9
202207131545,151.0,0.9
202207131600,105.0,1.3
202207131615,213.0,0.9
202207131630,188.0,0.9
202207131645,255.0,0.9
202207131700,,0.0
202207131715,,0.0
202207131730,273.0,0.4
202207131745,,0.0
202207131801,,0.0
202207131815,,0.0
202207131831,,0.0
202207131845,,0.0
202207131900,146.0,0.9
202207131915,,0.0
202207131931,207.0,0.4
202207131946,295.0,0.4
202207132000,281.0,0.4
202207132015,228.0,0.4
202207132030,304.0,0.9
202207132045,,0.0
202207132100,,0.0
202207132145,,0.0
202207132200,158.0,0.4
202207132215,,0.0
202207132245,,0.0
202207132301,,0.0
202207132330,,0.0
202207132346,,0.0
202207140000,,0.0
202207140015,234.0,0.4
202207140030,,0.0
202207140045,,0.0
202207140100,,0.0
202207140115,,0.0
202207140130,,0.0
202207140145,,0.0
202207140200,,0.0
202207140215,,0.0
202207140230,,0.0
202207140245,,0.0
202207140300,,0.0
202207140315,,0.0
202207140331,,0.0
202207140345,,0.0
202207140400,,0.0
202207140416,,0.0
202207140445,,0.0
202207140500,,0.0
202207140530,,0.0
202207140545,,0.0
202207140600,,0.0
202207140615,,0.0
202207140630,,0.0
202207140700,,0.0
202207140715,,0.0
202207140730,,0.0
202207140745,,0.0
202207140800,,0.0
202207140816,,0.0
202207140830,,0.0
202207140846,,0.0
202207140900,,0.0
202207140915,,0.0
202207140931,,0.0
202207140945,,0.0
202207141000,,0.0
202207141015,,0.0
202207141030,243.0,0.4
202207141045,,0.0
202207141100,,0.0
202207141115,,0.0
202207141130,,0.0
202207141145,,0.0
202207141200,,0.0
202207141215,,0.0
202207141230,,0.0
202207141245,,0.0
202207141301,,0.0
202207141316,,0.0
202207141331,,0.0
202207141346,232.0,0.4
202207141400,,0.0
202207141415,,0.0
202207141430,,0.0
202207141445,,0.0
202207141500,,0.0
202207141516,122.0,0.9
202207141530,161.0,0.9
202207141545,153.0,0.4
202207141600,126.0,0.9
202207141615,133.0,0.4
202207141630,122.0,0.9
202207141645,181.0,0.4
202207141701,172.0,0.9
202207141716,127.0,0.4
202207141730,151.0,0.9
202207141745,117.0,0.4
202207141800,,0.0
202207141815,,0.0
202207141830,,0.0
202207141845,210.0,0.4
202207141915,148.0,0.9
202207141930,224.0,0.4
202207141945,,0.0
202207142000,,0.0
202207142015,295.0,0.4
202207142045,259.0,0.4
202207142100,161.0,0.4
202207142130,218.0,0.4
202207142145,4.0,0.4
202207142200,,0.0
202207142215,237.0,0.4
202207142230,260.0,0.4
202207142245,274.0,0.9
202207142301,264.0,0.4
202207142315,267.0,0.4
202207142330,274.0,0.4
202207142345,279.0,0.4
202207150000,266.0,0.4
202207150016,257.0,0.4
202207150030,,0.0
202207150045,273.0,0.4
202207150100,,0.0
202207150115,,0.0
202207150130,,0.0
202207150145,,0.0
202207150200,,0.0
202207150215,,0.0
202207150230,,0.0
202207150245,,0.0
202207150300,,0.0
202207150315,,0.0
202207150330,,0.0
202207150345,,0.0
202207150400,,0.0
202207150415,,0.0
202207150430,,0.0
202207150445,,0.0
202207150500,,0.0
202207150530,,0.0
202207150545,,0.0
202207150600,,0.0
202207150615,,0.0
202207150630,,0.0
202207150700,,0.0
202207150715,,0.0
202207150730,,0.0
202207150745,,0.0
202207150800,,0.0
202207150815,,0.0
202207150830,,0.0
202207150845,,0.0
202207150900,,0.0
202207150916,,0.0
202207150930,,0.0
202207150945,,0.0
202207151000,,0.0
202207151015,,0.0
202207151030,,0.0
202207151045,,0.0
202207151100,283.0,0.4
202207151115,,0.0
202207151130,,0.0
202207151145,,0.0
202207151200,,0.0
202207151215,,0.0
202207151230,,0.0
202207151245,,0.0
202207151300,,0.0
202207151315,,0.0
202207151330,,0.0
202207151345,,0.0
202207151400,,0.0
202207151415,,0.0
202207151430,266.0,0.4
202207151445,,0.0
202207151500,251.0,0.9
202207151516,281.0,0.4
202207151531,224.0,0.4
202207151545,295.0,0.4
202207151600,281.0,0.4
202207151615,159.0,0.9
202207151630,103.0,0.4
202207151645,140.0,0.9
202207151700,,0.0
202207151715,257.0,0.9
202207151730,240.0,0.9
202207151745,,0.0
202207151800,242.0,1.3
202207151830,324.0,1.3
202207151845,210.0,1.3
202207151900,,0.0
202207151915,285.0,0.9
202207151930,110.0,0.9
202207151945,289.0,1.3
202207152000,107.0,0.4
202207152015,296.0,0.4
202207152030,269.0,0.4
202207152045,,0.0
202207152100,,0.0
202207152116,,0.0
202207152130,,0.0
202207152145,269.0,0.9
202207152200,,0.0
202207152215,285.0,0.9
202207152230,248.0,0.4
202207152245,,0.0
202207152300,,0.0
202207152315,,0.0
202207152330,,0.0
202207152345,,0.0
202207160000,,0.0
202207160015,,0.0
202207160030,,0.0
202207160045,,0.0
202207160100,,0.0
202207160115,,0.0
202207160130,,0.0
202207160145,,0.0
202207160200,253.0,0.4
202207160215,,0.0
202207160230,242.0,0.4
202207160245,243.0,0.4
202207160300,,0.0
202207160315,,0.0
202207160330,,0.0
202207160345,,0.0
202207160400,,0.0
202207160416,,0.0
202207160431,,0.0
202207160445,,0.0
202207160515,263.0,0.4
202207160530,,0.0
202207160545,,0.0
202207160600,,0.0
202207160615,,0.0
202207160630,,0.0
202207160700,,0.0
202207160715,262.0,0.4
202207160730,,0.0
202207160745,280.0,0.4
202207160800,,0.0
202207160815,,0.0
202207160830,,0.0
202207160845,,0.0
202207160915,,0.0
202207160930,,0.0
202207160945,,0.0
202207161000,,0.0
202207161015,,0.0
202207161030,,0.0
202207161046,,0.0
202207161100,,0.0
202207161115,,0.0
202207161130,,0.0
202207161145,,0.0
202207161200,,0.0
202207161215,,0.0
202207161230,,0.0
202207161245,,0.0
202207161300,,0.0
202207161315,,0.0
202207161330,,0.0
202207161345,,0.0
202207161400,,0.0
202207161415,,0.0
202207161445,,0.0
202207161500,237.0,0.4
202207161515,,0.0
202207161530,,0.0
202207161545,,0.0
202207161600,,0.0
202207161615,,0.0
202207161630,,0.0
202207161645,147.0,0.4
202207161700,158.0,0.4
202207161715,,0.0
202207161730,130.0,0.4
202207161745,219.0,0.4
202207161800,,0.0
202207161815,130.0,0.9
202207161830,145.0,0.4
202207161845,269.0,0.4
202207161900,269.0,1.3
202207161915,255.0,0.4
202207161930,,0.0
202207161945,,0.0
202207162000,,0.0
202207162015,,0.0
202207162030,358.0,0.4
202207162100,299.0,0.9
202207162116,107.0,0.4
202207162130,276.0,0.9
202207162145,277.0,0.4
202207162200,,0.0
202207162215,,0.0
202207162230,212.0,0.4
202207162245,,0.0
202207162300,278.0,0.4
202207162315,,0.0
202207162330,278.0,0.4
202207162345,,0.0
202207170000,270.0,0.4
202207170015,,0.0
202207170030,,0.0
202207170045,,0.0
202207170100,286.0,0.4
202207170115,,0.0
202207170130,,0.0
202207170145,,0.0
202207170200,,0.0
202207170215,,0.0
202207170230,,0.0
202207170245,273.0,0.4
202207170315,,0.0
202207170330,,0.0
202207170345,,0.0
202207170400,,0.0
202207170416,,0.0
202207170431,,0.0
202207170445,,0.0
202207170500,,0.0
202207170515,,0.0
202207170530,,0.0
202207170545,,0.0
202207170600,,0.0
202207170615,,0.0
202207170630,,0.0
202207170700,,0.0
202207170715,,0.0
202207170730,,0.0
202207170801,,0.0
202207170815,,0.0
202207170830,,0.0
202207170845,,0.0
202207170901,,0.0
202207170915,,0.0
202207170930,,0.0
202207170946,,0.0
202207171001,,0.0
202207171016,,0.0
202207171030,,0.0
202207171045,269.0,0.4
202207171100,,0.0
202207171115,,0.0
202207171130,,0.0
202207171145,,0.0
202207171200,,0.0
202207171215,,0.0
202207171230,,0.0
202207171245,,0.0
202207171300,,0.0
202207171315,,0.0
202207171330,,0.0
202207171345,,0.0
202207171400,,0.0
202207171415,,0.0
202207171430,175.0,0.4
202207171445,,0.0
202207171501,140.0,0.4
202207171515,,0.0
202207171530,,0.0
202207171545,144.0,0.9
202207171600,150.0,0.9
202207171615,135.0,0.9
202207171630,,0.0
202207171645,,0.0
202207171700,272.0,0.9
202207171715,263.0,1.3
202207171730,,0.0
202207171745,282.0,0.4
202207171800,,0.0
202207171815,170.0,0.4
202207171830,,0.0
202207171845,,0.0
202207171900,,0.0
202207171915,,0.0
202207171930,11.0,0.4
202207171945,,0.0
202207172000,,0.0
202207172015,,0.0
202207172030,,0.0
202207172045,,0.0
202207172100,238.0,0.4
202207172115,219.0,0.4
202207172130,,0.0
202207172145,,0.0
202207172200,,0.0
202207172215,,0.0
202207172230,,0.0
202207172245,,0.0
202207172315,,0.0
202207172330,,0.0
202207172345,,0.0
202207180000,,0.0
202207180016,,0.0
202207180030,,0.0
202207180100,,0.0
202207180115,,0.0
202207180130,,0.0
202207180145,,0.0
202207180201,,0.0
202207180215,,0.0
202207180230,,0.0
202207180245,,0.0
202207180300,,0.0
202207180315,,0.0
202207180331,,0.0
202207180345,,0.0
202207180415,,0.0
202207180431,,0.0
202207180445,,0.0
202207180500,,0.0
202207180515,,0.0
202207180545,,0.0
202207180600,,0.0
202207180630,,0.0
202207180700,,0.0
202207180715,,0.0
202207180730,,0.0
202207180745,166.0,0.4
202207180800,,0.0
202207180815,,0.0
202207180830,,0.0
202207180845,,0.0
202207180900,,0.0
202207180915,292.0,0.4
202207180931,,0.0
202207180945,,0.0
202207181000,,0.0
202207181015,,0.0
202207181030,,0.0
202207181045,,0.0
202207181100,,0.0
202207181130,,0.0
202207181145,,0.0
202207181200,,0.0
202207181215,,0.0
202207181230,,0.0
202207181245,294.0,0.9
202207181300,302.0,0.4
202207181345,,0.0
202207181400,,0.0
202207181415,245.0,0.4
202207181445,247.0,1.8
202207181500,316.0,1.3
202207181515,156.0,0.9
202207181530,242.0,0.4
202207181600,274.0,0.9
202207181615,153.0,0.4
202207181630,269.0,0.9
202207181645,,0.0
202207181700,128.0,0.9
202207181715,131.0,0.4
202207181730,302.0,1.3
202207181745,265.0,1.3
202207181800,319.0,2.2
202207181815,286.0,1.3
202207181830,324.0,0.9
202207181846,316.0,0.9
202207181916,307.0,1.3
202207181930,167.0,0.4
202207181945,146.0,1.8
202207182000,16.0,1.3
202207182015,285.0,0.9
202207182030,334.0,1.3
202207182045,271.0,1.3
202207182100,174.0,0.4
202207182115,270.0,0.9
202207182130,211.0,0.9
202207182145,162.0,0.4
202207182200,,0.0
202207182215,,0.0
202207182230,304.0,1.3
202207182245,233.0,0.4
202207182300,,0.0
202207182315,,0.0
202207182330,,0.0
202207182345,247.0,0.4
202207190000,293.0,1.3
202207190015,264.0,1.3
202207190030,250.0,1.3
202207190046,,0.0
202207190100,,0.0
202207190115,,0.0
202207190131,,0.0
202207190145,112.0,0.4
202207190200,,0.0
202207190215,,0.0
202207190230,,0.0
202207190245,272.0,0.9
202207190300,276.0,1.8
202207190315,274.0,1.3
202207190330,277.0,1.3
202207190345,299.0,1.3
202207190400,285.0,1.8
202207190415,258.0,2.2
202207190430,258.0,1.3
202207190445,243.0,1.3
202207190500,224.0,1.8
202207190515,253.0,1.8
202207190530,240.0,1.3
202207190545,231.0,1.8
202207190600,246.0,1.3
202207190615,225.0,0.9
202207190630,278.0,1.3
202207190700,327.0,0.4
202207190715,291.0,1.8
202207190730,246.0,0.9
202207190745,316.0,1.3
202207190800,252.0,0.9
202207190815,283.0,1.3
202207190830,287.0,0.9
202207190845,263.0,0.9
202207190900,256.0,0.4
202207190915,186.0,0.4
202207190930,,0.0
202207190945,77.0,0.9
202207191000,104.0,0.4
202207191015,,0.0
202207191030,,0.0
202207191045,,0.0
202207191100,230.0,0.4
202207191115,264.0,0.9
202207191130,232.0,0.9
202207191145,150.0,1.3
202207191200,252.0,1.3
202207191215,218.0,1.3
202207191230,,0.0
202207191245,54.0,0.4
202207191300,150.0,0.4
202207191330,,0.0
202207191345,,0.0
202207191400,,0.0
202207191415,262.0,0.9
202207191430,,0.0
202207191500,183.0,0.4
202207191515,195.0,0.4
202207191530,284.0,1.3
202207191545,281.0,1.3
202207191600,146.0,1.3
202207191630,255.0,0.9
202207191645,221.0,0.9
202207191700,124.0,0.4
202207191715,274.0,0.9
202207191730,,0.0
202207191745,250.0,0.4
202207191800,,0.0
202207191815,313.0,0.9
202207191830,,0.0
202207191845,34.0,0.4
202207191900,,0.0
202207191915,150.0,0.4
202207191930,247.0,0.9
202207191945,160.0,0.9
202207192000,206.0,0.4
202207192015,293.0,0.4
202207192030,281.0,1.3
202207192045,262.0,0.9
202207192100,224.0,0.4
202207192115,245.0,0.9
202207192130,238.0,0.9
202207192145,275.0,0.4
202207192201,205.0,0.4
202207192215,266.0,0.9
202207192230,,0.0
202207192245,359.0,0.9
202207192300,,0.0
202207192315,,0.0
202207192345,,0.0
202207200000,,0.0
202207200015,,0.0
202207200030,,0.0
202207200045,,0.0
202207200100,,0.0
202207200115,,0.0
202207200130,,0.0
202207200145,,0.0
202207200200,,0.0
202207200215,,0.0
202207200230,,0.0
202207200245,,0.0
202207200300,,0.0
202207200315,,0.0
202207200330,,0.0
202207200345,,0.0
202207200400,,0.0
202207200415,,0.0
202207200430,,0.0
202207200445,,0.0
202207200500,,0.0
202207200515,,0.0
202207200530,266.0,0.4
202207200546,,0.0
202207200600,,0.0
202207200616,,0.0
202207200630,,0.0
202207200700,,0.0
202207200715,247.0,0.4
202207200730,277.0,1.3
202207200745,219.0,1.8
202207200800,,0.0
202207200815,,0.0
202207200830,234.0,0.4
202207200845,,0.0
202207200900,297.0,0.4
202207200915,,0.0
202207200930,,0.0
202207200945,,0.0
202207201000,,0.0
202207201015,,0.0
202207201030,46.0,0.4
202207201045,,0.0
202207201100,280.0,0.4
202207201115,,0.0
202207201132,,0.0
202207201146,283.0,0.4
202207201200,156.0,0.4
202207201215,289.0,0.4
202207201230,,0.0
202207201245,,0.0
202207201300,,0.0
202207201315,,0.0
202207201330,,0.0
202207201345,,0.0
202207201400,,0.0
202207201415,,0.0
202207201430,,0.0
202207201445,,0.0
202207201500,305.0,0.4
202207201515,252.0,1.8
202207201530,,0.0
202207201545,184.0,0.4
202207201600,,0.0
202207201615,,0.0
202207201630,255.0,0.9
202207201645,184.0,1.3
202207201701,254.0,0.4
202207201715,132.0,1.3
202207201730,264.0,0.4
202207201745,155.0,1.3
202207201800,,0.0
202207201815,149.0,0.4
202207201830,219.0,0.9
202207201845,89.0,0.4
202207201915,,0.0
202207201930,,0.0
202207201945,297.0,0.4
202207202015,108.0,0.4
202207202030,136.0,0.4
202207202100,,0.0
202207202115,,0.0
202207202130,270.0,0.4
202207202145,274.0,0.4
202207202200,302.0,0.4
202207202215,,0.0
202207202230,174.0,0.4
202207202245,,0.0
202207202300,347.0,0.4
202207202316,,0.0
202207202330,,0.0
202207202345,,0.0
202207210000,140.0,0.4
202207210045,183.0,0.4
202207210100,250.0,0.4
202207210115,,0.0
202207210130,,0.0
202207210145,,0.0
202207210200,129.0,0.9
202207210215,129.0,0.4
202207210230,,0.0
202207210245,207.0,0.9
202207210300,178.0,0.4
202207210315,,0.0
202207210330,,0.0
202207210345,300.0,0.9
202207210401,,0.0
202207210415,249.0,0.4
202207210430,,0.0
202207210445,,0.0
202207210500,207.0,0.4
202207210515,285.0,0.4
202207210531,,0.0
202207210545,,0.0
202207210601,,0.0
202207210615,299.0,0.4
202207210630,94.0,0.4
202207210700,283.0,0.9
202207210715,309.0,2.2
202207210730,278.0,2.2
202207210745,314.0,2.2
202207210800,269.0,1.8
202207210830,236.0,3.1
202207210845,310.0,2.2
202207210900,295.0,1.8
202207210915,258.0,0.9
202207210930,237.0,0.9
202207210945,235.0,2.2
202207211000,206.0,1.8
202207211015,143.0,0.4
202207211030,68.0,0.9
202207211046,69.0,0.9
202207211100,257.0,0.4
202207211115,270.0,4.0
202207211130,289.0,2.2
202207211145,248.0,3.6
202207211200,233.0,3.6
202207211245,296.0,4.5
202207211300,354.0,3.1
202207211315,283.0,4.9
202207211330,262.0,3.6
202207211345,269.0,3.1
202207211400,288.0,2.7
202207211416,132.0,0.4
202207211430,158.0,0.4
202207211445,,0.0
202207211500,,0.0
202207211516,259.0,0.4
202207211531,233.0,0.4
202207211545,,0.0
202207211601,298.0,0.9
202207211615,139.0,1.8
202207211630,285.0,1.3
202207211645,243.0,0.9
202207211700,293.0,0.4
202207211715,254.0,0.9
202207211730,158.0,0.4
202207211745,269.0,2.2
202207211800,284.0,1.3
202207211816,168.0,0.9
202207211830,278.0,0.9
202207211845,150.0,0.4
202207211900,221.0,0.4
202207211915,276.0,0.9
202207211930,210.0,0.9
202207211945,268.0,2.2
202207212015,214.0,1.3
202207212031,292.0,2.7
202207212046,310.0,1.8
202207212100,287.0,1.8
202207212115,209.0,1.3
202207212130,189.0,0.9
202207212145,226.0,0.4
202207212200,309.0,0.9
202207212215,225.0,0.9
202207212230,274.0,1.3
202207212245,281.0,1.3
202207212300,240.0,0.9
202207212315,288.0,0.9
202207212330,287.0,0.4
202207212345,,0.0
202207220000,,0.0
202207220015,255.0,0.4
202207220030,,0.0
202207220045,274.0,0.4
202207220100,,0.0
202207220115,,0.0
202207220130,,0.0
202207220145,,0.0
202207220200,,0.0
202207220215,,0.0
202207220230,278.0,0.4
202207220245,,0.0
202207220300,,0.0
202207220315,,0.0
202207220331,,0.0
202207220345,,0.0
202207220401,,0.0
202207220415,,0.0
202207220430,,0.0
202207220445,,0.0
202207220500,,0.0
202207220515,,0.0
202207220530,265.0,0.4
202207220545,,0.0
202207220600,,0.0
202207220615,,0.0
202207220630,,0.0
202207220700,,0.0
202207220715,,0.0
202207220730,,0.0
202207220745,,0.0
202207220800,,0.0
202207220815,,0.0
202207220830,,0.0
202207220845,,0.0
202207220900,,0.0
202207220930,,0.0
202207220945,,0.0
202207221000,,0.0
202207221015,,0.0
202207221030,,0.0
202207221045,,0.0
202207221100,,0.0
202207221115,,0.0
202207221130,,0.0
202207221145,,0.0
202207221200,,0.0
202207221215,,0.0
202207221230,,0.0
202207221245,,0.0
202207221300,,0.0
202207221315,,0.0
202207221331,,0.0
202207221345,,0.0
202207221401,,0.0
202207221415,,0.0
202207221430,,0.0
202207221445,,0.0
202207221500,,0.0
202207221515,,0.0
202207221530,,0.0
202207221545,,0.0
202207221600,,0.0
202207221615,,0.0
202207221630,,0.0
202207221645,,0.0
202207221700,,0.0
202207221715,144.0,0.4
202207221731,236.0,0.9
202207221745,151.0,0.4
202207221800,124.0,0.4
202207221830,140.0,0.4
202207221845,188.0,0.4
202207221900,114.0,0.4
202207221915,,0.0
202207221930,,0.0
202207221945,139.0,0.9
202207222000,131.0,0.9
202207222015,174.0,1.3
202207222030,,0.0
202207222045,234.0,0.9
202207222100,304.0,0.4
202207222130,119.0,0.4
202207222145,301.0,0.4
202207222200,311.0,0.4
202207222215,,0.0
202207222230,271.0,0.4
202207222245,272.0,0.9
202207222300,264.0,0.4
202207222315,274.0,0.4
202207222330,266.0,0.4
202207222345,255.0,0.4
202207230000,262.0,0.4
202207230015,261.0,0.4
202207230030,,0.0
202207230045,,0.0
202207230100,,0.0
202207230115,,0.0
202207230131,,0.0
202207230145,,0.0
202207230215,,0.0
202207230245,,0.0
202207230301,,0.0
202207230330,,0.0
202207230345,,0.0
202207230400,,0.0
202207230415,272.0,0.4
202207230430,,0.0
202207230445,,0.0
202207230500,,0.0
202207230515,268.0,0.4
202207230530,,0.0
202207230545,,0.0
202207230600,,0.0
202207230630,,0.0
202207230700,,0.0
202207230715,,0.0
202207230730,,0.0
202207230745,,0.0
202207230800,,0.0
202207230815,,0.0
202207230830,,0.0
202207230845,,0.0
202207230900,,0.0
202207230915,,0.0
202207230930,,0.0
202207230945,,0.0
202207231000,,0.0
202207231030,,0.0
202207231045,,0.0
202207231100,,0.0
202207231115,,0.0
202207231130,,0.0
202207231145,,0.0
202207231200,,0.0
202207231215,,0.0
202207231231,,0.0
202207231245,,0.0
202207231300,,0.0
202207231316,,0.0
202207231330,,0.0
202207231400,,0.0
202207231415,,0.0
202207231430,,0.0
202207231445,,0.0
202207231500,,0.0
202207231515,171.0,0.4
202207231530,,0.0
202207231545,210.0,0.9
202207231600,148.0,0.4
202207231615,184.0,0.4
202207231630,127.0,0.4
202207231645,160.0,1.3
202207231701,229.0,0.9
202207231715,158.0,0.4
202207231730,307.0,1.3
202207231745,139.0,0.9
202207231800,288.0,1.3
202207231815,,0.0
202207231830,300.0,0.9
202207231845,179.0,0.9
202207231915,293.0,0.9
202207231945,280.0,0.4
202207232000,328.0,1.3
202207232015,313.0,0.4
202207232030,,0.0
202207232045,,0.0
202207232100,158.0,0.4
202207232115,239.0,0.4
202207232130,299.0,1.3
202207232145,153.0,0.4
202207232200,,0.0
202207232216,131.0,0.4
202207232230,,0.0
202207232245,289.0,0.4
202207232300,,0.0
202207232315,,0.0
202207232330,280.0,0.9
202207240030,,0.0
202207240045,,0.0
202207240100,,0.0
202207240130,,0.0
202207240145,,0.0
202207240200,,0.0
202207240215,,0.0
202207240230,,0.0
202207240245,,0.0
202207240300,,0.0
202207240315,,0.0
202207240330,,0.0
202207240345,,0.0
202207240400,,0.0
202207240415,,0.0
202207240430,,0.0
202207240445,270.0,0.4
202207240501,281.0,0.4
202207240516,,0.0
202207240530,,0.0
202207240600,,0.0
202207240615,,0.0
202207240630,,0.0
202207240700,,0.0
202207240715,,0.0
202207240730,,0.0
202207240800,,0.0
202207240815,,0.0
202207240830,,0.0
202207240845,,0.0
202207240900,,0.0
202207240915,,0.0
202207240930,,0.0
202207240946,,0.0
202207241000,,0.0
202207241015,277.0,0.4
202207241045,,0.0
202207241100,,0.0
202207241115,,0.0
202207241130,,0.0
202207241145,,0.0
202207241200,,0.0
202207241215,,0.0
202207241231,,0.0
202207241245,,0.0
202207241300,,0.0
202207241315,,0.0
202207241330,,0.0
202207241345,,0.0
202207241400,,0.0
202207241415,,0.0
202207241431,169.0,0.4
202207241445,149.0,0.9
202207241501,143.0,0.9
202207241515,158.0,0.9
202207241530,,0.0
202207241546,,0.0
202207241600,,0.0
202207241630,163.0,0.4
202207241645,200.0,0.4
202207241700,127.0,0.4
202207241715,160.0,0.4
202207241730,166.0,0.4
202207241745,276.0,0.4
202207241800,145.0,1.3
202207241815,89.0,1.3
202207241830,,0.0
202207241845,140.0,0.4
202207241901,103.0,0.4
202207241915,,0.0
202207241931,200.0,0.9
202207241945,328.0,0.4
202207242000,,0.0
202207242015,,0.0
202207242030,,0.0
202207242045,281.0,0.9
202207242100,146.0,0.9
202207242115,322.0,0.4
202207242130,,0.0
202207242145,193.0,0.9
202207242200,146.0,0.4
202207242215,141.0,0.4
202207242230,,0.0
202207242245,316.0,0.4
202207242300,303.0,0.4
202207242315,,0.0
202207242330,,0.0
202207242345,,0.0
202207250000,,0.0
202207250015,278.0,0.4
202207250030,,0.0
202207250045,,0.0
202207250100,,0.0
202207250115,,0.0
202207250130,,0.0
202207250145,281.0,0.4
202207250215,,0.0
202207250230,,0.0
202207250246,,0.0
202207250300,281.0,0.4
202207250315,,0.0
202207250330,,0.0
202207250345,,0.0
202207250400,,0.0
202207250415,,0.0
202207250430,262.0,0.4
202207250445,,0.0
202207250500,,0.0
202207250515,,0.0
202207250600,250.0,0.4
202207250615,303.0,0.4
202207250630,,0.0
202207250700,278.0,0.4
202207250716,,0.0
202207250730,282.0,0.4
202207250746,,0.0
202207250800,,0.0
202207250815,,0.0
202207250830,,0.0
202207250845,335.0,0.4
202207250900,,0.0
202207250915,,0.0
202207250930,,0.0
202207250945,,0.0
202207251000,,0.0
202207251015,,0.0
202207251030,,0.0
202207251045,,0.0
202207251100,,0.0
202207251115,155.0,0.4
202207251130,60.0,0.4
202207251145,98.0,0.4
202207251200,,0.0
202207251215,,0.0
202207251230,264.0,0.9
202207251245,200.0,0.4
202207251300,215.0,0.4
202207251316,153.0,0.4
202207251330,,0.0
202207251415,,0.0
202207251430,5.0,0.4
202207251445,202.0,0.4
202207251500,,0.0
202207251515,,0.0
202207251530,,0.0
202207251545,101.0,0.9
202207251600,242.0,1.3
202207251615,271.0,0.4
202207251630,153.0,0.4
202207251645,116.0,0.4
202207251700,96.0,0.9
202207251716,,0.0
202207251730,252.0,0.9
202207251745,,0.0
202207251800,,0.0
202207251816,,0.0
202207251831,,0.0
202207251846,,0.0
202207251901,,0.0
202207251915,,0.0
202207251930,,0.0
202207251945,,0.0
202207252000,271.0,0.9
202207252015,273.0,0.9
202207252030,,0.0
202207252045,,0.0
202207252100,,0.0
202207252115,,0.0
202207252130,,0.0
202207252145,,0.0
202207252200,,0.0
202207252215,295.0,0.4
202207252230,149.0,0.4
202207252245,,0.0
202207252300,,0.0
202207252315,,0.0
202207252330,,0.0
202207252345,,0.0
202207260000,,0.0
202207260015,,0.0
202207260030,,0.0
202207260045,,0.0
202207260100,,0.0
202207260115,,0.0
202207260130,,0.0
202207260200,,0.0
202207260231,,0.0
202207260245,245.0,0.4
202207260300,269.0,0.4
202207260315,289.0,0.4
202207260330,293.0,0.4
202207260345,229.0,0.4
202207260400,,0.0
202207260415,289.0,0.9
202207260430,290.0,0.9
202207260515,,0.0
202207260530,295.0,0.4
202207260545,,0.0
202207260600,,0.0
202207260615,,0.0
202207260630,,0.0
202207260700,,0.0
202207260715,,0.0
202207260731,,0.0
202207260745,,0.0
202207260800,,0.0
202207260815,,0.0
202207260830,,0.0
202207260845,,0.0
202207260900,,0.0
202207260915,,0.0
202207260930,,0.0
202207260945,,0.0
202207261000,,0.0
202207261015,,0.0
202207261030,,0.0
202207261045,,0.0
202207261100,,0.0
202207261115,,0.0
202207261130,,0.0
202207261145,,0.0
202207261200,256.0,0.4
202207261215,,0.0
202207261230,143.0,0.4
202207261246,242.0,0.4
202207261300,144.0,0.4
202207261315,207.0,0.4
202207261330,,0.0
202207261345,143.0,0.9
202207261400,,0.0
202207261415,165.0,0.9
202207261430,205.0,0.9
202207261445,297.0,0.9
202207261500,190.0,1.3
202207261515,143.0,0.4
202207261530,221.0,0.4
202207261546,290.0,1.8
202207261600,310.0,0.9
202207261616,,0.0
202207261630,311.0,0.4
202207261646,153.0,0.9
202207261700,212.0,0.9
202207261715,,0.0
202207261730,268.0,0.9
202207261745,,0.0
202207261800,255.0,0.9
202207261815,261.0,0.4
202207261831,,0.0
202207261845,,0.0
202207261915,291.0,0.4
202207261930,,0.0
202207261945,,0.0
202207262000,221.0,0.4
202207262015,199.0,0.4
202207262030,214.0,0.9
202207262045,143.0,0.9
202207262100,277.0,1.3
202207262115,296.0,0.4
202207262130,6.0,1.3
202207262145,276.0,0.4
202207262200,240.0,0.4
202207262215,283.0,0.9
202207262230,,0.0
202207262245,,0.0
202207262300,,0.0
202207262315,,0.0
202207262330,,0.0
202207262345,,0.0
202207270000,,0.0
202207270015,,0.0
202207270030,264.0,0.4
202207270046,,0.0
202207270100,,0.0
202207270115,,0.0
202207270130,274.0,0.4
202207270145,,0.0
202207270200,,0.0
202207270215,,0.0
202207270230,,0.0
202207270245,212.0,0.4
202207270300,,0.0
202207270315,220.0,0.4
202207270330,224.0,0.4
202207270345,214.0,0.4
202207270400,328.0,0.4
202207270415,286.0,0.4
202207270430,277.0,0.4
202207270445,294.0,0.4
202207270500,276.0,0.4
202207270515,,0.0
202207270530,223.0,0.4
202207270600,,0.0
202207270615,,0.0
202207270715,243.0,0.4
202207270730,243.0,0.4
202207270745,243.0,1.3
202207270800,279.0,3.1
202207270830,,0.0
202207270845,,0.0
202207270900,,0.0
202207270915,,0.0
202207270930,,0.0
202207270945,,0.0
202207271000,,0.0
202207271015,,0.0
202207271030,,0.0
202207271045,,0.0
202207271100,,0.0
202207271115,,0.0
202207271130,,0.0
202207271146,,0.0
202207271201,,0.0
202207271215,94.0,0.4
202207271230,,0.0
202207271245,,0.0
202207271300,278.0,0.9
202207271315,99.0,0.4
202207271330,264.0,0.4
202207271345,283.0,0.4
202207271400,276.0,1.3
202207271430,283.0,1.3
202207271445,306.0,1.3
202207271500,269.0,1.8
202207271515,292.0,1.3
202207271530,293.0,1.8
202207271545,283.0,1.3
202207271601,297.0,0.9
202207271615,313.0,0.9
202207271630,301.0,0.9
202207271645,286.0,0.4
202207271700,,0.0
202207271715,223.0,0.4
202207271730,280.0,1.3
202207271745,155.0,2.2
202207271815,136.0,0.4
202207271830,139.0,1.3
202207271845,307.0,0.9
202207271900,190.0,0.9
202207271916,150.0,0.9
202207271930,259.0,0.4
202207271945,278.0,1.8
202207272000,231.0,0.4
202207272015,303.0,0.4
202207272030,300.0,0.4
202207272045,278.0,0.9
202207272100,207.0,0.4
202207272115,290.0,0.9
202207272130,294.0,1.3
202207272145,61.0,1.3
202207272201,217.0,0.9
202207272216,295.0,0.4
202207272230,207.0,0.4
202207272245,,0.0
202207272300,171.0,0.4
202207272315,145.0,0.4
202207272330,92.0,0.4
202207272345,,0.0
202207280000,,0.0
202207280015,141.0,0.4
202207280030,,0.0
202207280045,,0.0
202207280100,,0.0
202207280115,143.0,0.4
202207280130,,0.0
202207280145,,0.0
202207280200,,0.0
202207280215,,0.0
202207280230,287.0,0.4
202207280245,,0.0
202207280315,,0.0
202207280330,,0.0
202207280345,,0.0
202207280400,,0.0
202207280431,,0.0
202207280445,278.0,0.4
202207280501,,0.0
202207280516,,0.0
202207280530,,0.0
202207280545,,0.0
202207280600,,0.0
202207280615,212.0,0.4
202207280630,,0.0
202207280700,283.0,0.4
202207280715,,0.0
202207280730,,0.0
202207280745,,0.0
202207280800,271.0,0.4
202207280815,265.0,0.4
202207280846,269.0,2.7
202207280900,258.0,1.3
202207280915,299.0,2.2
202207280930,288.0,2.7
202207281000,252.0,0.4
202207281015,246.0,0.4
202207281030,287.0,1.3
202207281045,225.0,1.8
202207281100,289.0,1.3
202207281115,290.0,1.8
202207281130,269.0,0.4
202207281145,282.0,1.3
202207281200,292.0,0.9
202207281216,,0.0
202207281230,266.0,0.4
202207281245,293.0,1.3
202207281300,,0.0
202207281330,,0.0
202207281345,263.0,1.3
202207281400,202.0,0.9
202207281415,300.0,0.4
202207281430,,0.0
202207281445,243.0,1.3
202207281500,233.0,0.9
202207281515,293.0,0.4
202207281530,,0.0
202207281545,246.0,0.4
202207281600,222.0,0.9
202207281615,243.0,1.3
202207281630,77.0,0.4
202207281645,,0.0
202207281700,323.0,0.4
202207281715,135.0,0.4
202207281730,224.0,0.4
202207281746,225.0,0.4
202207281800,226.0,0.9
202207281815,,0.0
202207281830,136.0,0.4
202207281845,146.0,0.4
202207281900,257.0,0.4
202207281915,,0.0
202207281930,,0.0
202207281945,,0.0
202207282000,,0.0
202207282015,10.0,0.4
202207282030,,0.0
202207282045,,0.0
202207282100,,0.0
202207282115,146.0,0.4
202207282130,150.0,0.9
202207282145,128.0,0.9
202207282200,145.0,0.4
202207282215,,0.0
202207282230,,0.0
202207282245,,0.0
202207282300,,0.0
202207282315,260.0,0.9
202207282331,271.0,0.4
202207282345,286.0,0.9
202207290001,,0.0
202207290016,,0.0
202207290030,,0.0
202207290045,,0.0
202207290100,,0.0
202207290115,284.0,0.4
202207290130,,0.0
202207290145,,0.0
202207290200,,0.0
202207290215,,0.0
202207290230,,0.0
202207290245,,0.0
202207290300,,0.0
202207290330,,0.0
202207290345,,0.0
202207290400,,0.0
202207290431,275.0,0.4
202207290500,256.0,2.7
202207290516,152.0,0.4
202207290531,142.0,0.4
202207290546,245.0,1.8
202207290600,279.0,0.4
202207290615,,0.0
202207290630,251.0,1.3
202207290700,301.0,0.4
202207290715,275.0,0.9
202207290730,,0.0
202207290745,295.0,0.4
202207290800,295.0,0.4
202207290816,290.0,0.9
202207290830,35.0,0.4
202207290846,110.0,0.9
202207290901,302.0,2.7
202207290915,293.0,3.1
202207290930,349.0,1.3
202207291000,274.0,2.2
202207291015,257.0,1.8
202207291030,291.0,2.2
202207291045,168.0,0.9
202207291100,278.0,0.4
202207291115,283.0,1.3
202207291145,256.0,1.3
202207291200,311.0,1.3
202207291215,,0.0
202207291230,,0.0
202207291245,63.0,0.4
202207291300,,0.0
202207291315,,0.0
202207291330,,0.0
202207291345,,0.0
202207291400,,0.0
202207291415,148.0,0.4
202207291431,145.0,0.4
202207291445,,0.0
202207291500,270.0,0.4
202207291515,150.0,0.4
202207291530,192.0,0.9
202207291545,246.0,1.8
202207291600,191.0,0.9
202207291615,123.0,0.4
202207291630,,0.0
202207291645,271.0,0.9
202207291700,248.0,0.9
202207291715,263.0,0.4
202207291730,,0.0
202207291800,100.0,0.4
202207291815,284.0,0.9
202207291845,271.0,1.8
202207291900,309.0,1.8
202207291915,266.0,1.8
202207291931,295.0,1.3
202207291945,246.0,0.9
202207292000,281.0,0.9
202207292015,257.0,0.9
202207292030,241.0,0.9
202207292045,,0.0
202207292100,222.0,0.4
202207292115,,0.0
202207292130,215.0,1.8
202207292145,,0.0
202207292200,,0.0
202207292215,,0.0
202207292230,,0.0
202207292245,,0.0
202207292300,,0.0
202207292315,,0.0
202207292330,109.0,0.4
202207292345,,0.0
202207300000,283.0,0.4
202207300015,,0.0
202207300030,,0.0
202207300045,,0.0
202207300100,,0.0
202207300115,,0.0
202207300130,,0.0
202207300145,,0.0
202207300200,,0.0
202207300215,,0.0
202207300231,,0.0
202207300246,,0.0
202207300301,,0.0
202207300315,,0.0
202207300330,,0.0
202207300345,,0.0
202207300400,,0.0
202207300415,,0.0
202207300430,,0.0
202207300445,,0.0
202207300500,,0.0
202207300515,,0.0
202207300530,,0.0
202207300545,,0.0
202207300600,,0.0
202207300615,,0.0
202207300630,,0.0
202207300700,,0.0
202207300715,,0.0
202207300730,,0.0
202207300745,,0.0
202207300801,,0.0
202207300816,,0.0
202207300830,,0.0
202207300845,,0.0
202207300900,,0.0
202207300915,,0.0
202207300930,,0.0
202207300945,,0.0
202207301000,266.0,0.4
202207301015,,0.0
202207301030,,0.0
202207301045,,0.0
202207301100,,0.0
202207301115,,0.0
202207301130,283.0,0.4
202207301145,,0.0
202207301200,,0.0
202207301215,,0.0
202207301230,,0.0
202207301245,,0.0
202207301300,,0.0
202207301315,,0.0
202207301330,,0.0
202207301346,,0.0
202207301400,,0.0
202207301415,,0.0
202207301430,,0.0
202207301445,,0.0
202207301500,,0.0
202207301515,,0.0
202207301530,,0.0
202207301545,,0.0
202207301600,,0.0
202207301615,,0.0
202207301630,,0.0
202207301645,,0.0
202207301700,212.0,0.9
202207301715,214.0,0.9
202207301730,141.0,0.9
202207301745,122.0,0.9
202207301800,130.0,0.4
202207301901,,0.0
202207301916,,0.0
202207301930,295.0,0.4
202207301945,,0.0
202207302000,146.0,0.4
202207302015,,0.0
202207302030,,0.0
202207302045,172.0,0.4
202207302100,220.0,0.4
202207302130,,0.0
202207302145,,0.0
202207302200,,0.0
202207302215,,0.0
202207302230,,0.0
202207302245,,0.0
202207302300,,0.0
202207302315,,0.0
202207302330,,0.0
202207302345,247.0,0.9
202207310000,304.0,3.6
202207310015,285.0,2.2
202207310030,,0.0
202207310045,,0.0
202207310100,,0.0
202207310130,,0.0
202207310146,,0.0
202207310200,,0.0
202207310216,,0.0
202207310231,,0.0
202207310246,,0.0
202207310300,,0.0
202207310315,,0.0
202207310330,,0.0
202207310345,,0.0
202207310400,,0.0
202207310430,,0.0
202207310445,,0.0
202207310500,,0.0
202207310515,,0.0
202207310530,,0.0
202207310545,,0.0
202207310600,,0.0
202207310615,,0.0
202207310630,,0.0
202207310700,,0.0
202207310715,,0.0
202207310730,,0.0
202207310745,,0.0
202207310801,,0.0
202207310816,,0.0
202207310830,,0.0
202207310900,,0.0
202207310930,293.0,0.4
202207310945,,0.0
202207311000,,0.0
202207311015,,0.0
202207311030,,0.0
202207311045,,0.0
202207311100,,0.0
202207311115,,0.0
202207311130,,0.0
202207311145,223.0,0.4
202207311200,,0.0
202207311215,,0.0
202207311230,,0.0
202207311245,,0.0
202207311300,238.0,0.4
202207311315,145.0,0.4
202207311330,255.0,0.9
202207311345,169.0,1.3
202207311400,281.0,0.4
202207311415,219.0,0.9
202207311430,190.0,1.8
202207311445,,0.0
202207311500,,0.0
202207311515,172.0,0.9
202207311530,122.0,0.4
202207311545,,0.0
202207311600,293.0,0.4
202207311615,162.0,0.9
202207311631,175.0,0.4
202207311645,301.0,0.4
202207311700,182.0,0.4
202207311715,,0.0
202207311730,,0.0
202207311746,270.0,0.4
202207311830,309.0,1.3
202207311845,242.0,0.9
202207311900,269.0,1.3
202207311915,279.0,0.4
202207311945,11.0,0.9
202207312000,232.0,1.8
202207312015,122.0,0.9
202207312030,226.0,0.4
202207312045,278.0,0.9
202207312100,260.0,0.4
202207312115,247.0,0.4
202207312145,,0.0
202207312200,296.0,0.4
202207312215,,0.0
202207312300,,0.0
202207312315,269.0,0.4
202207312345,,0.0
202208010000,221.0,0.4
202208010015,289.0,0.4
202208010031,220.0,1.3
202208010045,236.0,0.9
202208010100,,0.0
202208010115,284.0,0.4
202208010130,,0.0
202208010145,,0.0
202208010200,284.0,0.4
202208010215,,0.0
202208010230,60.0,0.4
202208010245,,0.0
202208010300,276.0,0.9
202208010315,286.0,0.9
202208010330,257.0,0.4
202208010345,271.0,1.3
202208010400,271.0,1.3
202208010415,264.0,1.3
202208010430,290.0,0.4
202208010445,248.0,1.3
202208010500,279.0,1.8
202208010515,253.0,0.9
202208010530,252.0,0.4
202208010545,250.0,1.8
202208010600,247.0,1.3
202208010615,305.0,2.2
202208010631,247.0,1.3
202208010700,300.0,0.9
202208010715,292.0,0.4
202208010730,285.0,0.9
202208010745,336.0,1.8
202208010800,285.0,1.8
202208010815,262.0,0.9
202208010830,286.0,0.4
202208010845,117.0,0.4
202208010900,,0.0
202208010930,,0.0
202208010945,236.0,0.4
202208011000,295.0,0.9
202208011015,,0.0
202208011030,,0.0
202208011045,342.0,0.9
202208011100,117.0,0.4
202208011116,148.0,0.4
202208011130,252.0,0.4
202208011145,270.0,1.8
202208011200,268.0,0.9
202208011215,282.0,0.9
202208011231,241.0,0.4
202208011245,259.0,0.9
202208011301,266.0,0.9
202208011315,240.0,0.9
202208011330,241.0,0.4
202208011345,,0.0
202208011400,,0.0
202208011415,248.0,0.9
202208011430,170.0,0.9
202208011445,287.0,0.4
202208011500,181.0,0.4
202208011515,,0.0
202208011530,168.0,0.4
202208011545,243.0,0.4
202208011600,249.0,0.4
202208011630,,0.0
202208011645,281.0,0.4
202208011700,,0.0
202208011730,198.0,0.4
202208011745,259.0,0.9
202208011800,,0.0
202208011815,281.0,1.3
202208011830,283.0,1.3
202208011845,290.0,1.3
202208011900,287.0,0.4
202208011915,258.0,0.9
202208011931,284.0,0.4
202208011945,286.0,0.9
202208012000,,0.0
202208012015,,0.0
202208012030,,0.0
202208012045,,0.0
202208012100,,0.0
202208012115,,0.0
202208012130,273.0,0.4
202208012145,87.0,0.4
202208012200,,0.0
202208012215,,0.0
202208012300,140.0,0.4
202208012316,69.0,0.4
202208012330,95.0,0.4
202208012345,,0.0
202208020000,30.0,0.9
202208020015,168.0,0.4
202208020030,,0.0
202208020045,,0.0
202208020100,153.0,0.9
202208020115,,0.0
202208020130,,0.0
202208020146,127.0,0.4
202208020200,60.0,0.4
202208020215,92.0,1.3
202208020231,113.0,1.3
202208020245,150.0,0.4
202208020300,90.0,0.9
202208020315,141.0,1.3
202208020330,,0.0
202208020345,359.0,1.3
202208020400,161.0,1.3
202208020415,91.0,1.8
202208020430,243.0,2.7
202208020445,274.0,1.3
202208020500,221.0,1.3
202208020515,293.0,2.2
202208020530,229.0,1.3
202208020545,94.0,2.2
202208020600,127.0,2.2
202208020615,8.0,2.2
202208020630,241.0,2.7
202208020701,282.0,2.7
202208020716,186.0,2.7
202208020745,180.0,2.7
202208020800,177.0,3.6
202208020815,295.0,2.2
202208020830,271.0,3.6
202208020845,249.0,2.2
202208020900,224.0,2.7
202208020915,267.0,1.8
202208020930,226.0,3.1
202208020945,243.0,3.1
202208021000,252.0,2.7
202208021015,254.0,1.8
202208021030,248.0,1.8
202208021045,116.0,0.4
202208021100,,0.0
202208021115,,0.0
202208021130,,0.0
202208021145,,0.0
202208021200,,0.0
202208021215,,0.0
202208021230,303.0,0.9
202208021245,261.0,0.4
202208021300,,0.0
202208021315,258.0,0.4
202208021330,,0.0
202208021345,200.0,0.4
202208021400,,0.0
202208021415,,0.0
202208021430,,0.0
202208021445,,0.0
202208021500,144.0,0.4
202208021515,,0.0
202208021530,126.0,0.9
202208021545,,0.0
202208021601,,0.0
202208021616,203.0,0.4
202208021646,,0.0
202208021700,150.0,0.4
202208021715,127.0,0.4
202208021730,278.0,0.4
202208021745,210.0,0.4
202208021800,122.0,0.9
202208021815,,0.0
202208021830,,0.0
202208021845,288.0,0.4
202208021930,235.0,0.4
202208021945,156.0,0.4
202208022000,285.0,1.3
202208022015,245.0,0.4
202208022030,,0.0
202208022045,,0.0
202208022100,,0.0
202208022115,152.0,0.9
202208022130,212.0,0.4
202208022145,142.0,0.9
202208022200,,0.0
202208022215,,0.0
202208022230,,0.0
202208022245,,0.0
202208022300,,0.0
202208022316,,0.0
202208022330,,0.0
202208022346,,0.0
202208030000,,0.0
202208030015,,0.0
202208030030,,0.0
202208030045,,0.0
202208030100,,0.0
202208030115,,0.0
202208030130,,0.0
202208030145,,0.0
202208030200,,0.0
202208030215,,0.0
202208030230,,0.0
202208030245,,0.0
202208030300,276.0,0.4
202208030315,,0.0
202208030330,,0.0
202208030345,,0.0
202208030400,,0.0
202208030415,,0.0
202208030430,,0.0
202208030445,,0.0
202208030500,,0.0
202208030516,,0.0
202208030530,,0.0
202208030545,270.0,0.4
202208030600,,0.0
202208030615,,0.0
202208030630,,0.0
202208030700,,0.0
202208030715,274.0,0.4
202208030745,,0.0
202208030800,,0.0
202208030815,,0.0
202208030845,,0.0
202208030900,,0.0
202208030915,,0.0
202208030930,,0.0
202208030945,,0.0
202208031000,,0.0
202208031015,277.0,0.4
202208031030,,0.0
202208031100,,0.0
202208031115,,0.0
202208031131,,0.0
202208031145,,0.0
202208031200,,0.0
202208031215,,0.0
202208031230,,0.0
202208031245,,0.0
202208031300,,0.0
202208031315,,0.0
202208031330,,0.0
202208031345,153.0,0.4
202208031400,,0.0
202208031415,148.0,0.4
202208031430,139.0,0.4
202208031445,,0.0
202208031500,145.0,0.4
202208031515,143.0,0.4
202208031545,146.0,0.9
202208031600,,0.0
202208031615,,0.0
202208031630,,0.0
202208031645,156.0,1.3
202208031700,108.0,0.4
202208031715,,0.0
202208031730,100.0,0.4
202208031800,,0.0
202208031815,215.0,0.4
202208031830,188.0,0.9
202208031845,200.0,0.9
202208031900,,0.0
202208031915,,0.0
202208031930,,0.0
202208031945,,0.0
202208032001,,0.0
202208032016,152.0,0.4
202208032030,156.0,0.4
202208032045,122.0,0.9
202208032101,,0.0
202208032115,302.0,0.4
202208032130,,0.0
202208032145,297.0,0.9
202208032200,247.0,0.9
202208032215,302.0,0.9
202208032230,164.0,0.4
202208032245,294.0,0.4
202208032300,126.0,0.4
202208032315,266.0,0.4
202208032330,214.0,0.9
202208032345,300.0,2.2
202208040000,160.0,0.9
202208040015,,0.0
202208040030,,0.0
202208040045,,0.0
202208040100,,0.0
202208040115,,0.0
202208040130,,0.0
202208040145,,0.0
202208040200,,0.0
202208040215,,0.0
202208040230,,0.0
202208040246,,0.0
202208040300,,0.0
202208040316,,0.0
202208040330,,0.0
202208040345,,0.0
202208040401,,0.0
202208040415,,0.0
202208040445,238.0,0.4
202208040500,,0.0
202208040515,,0.0
202208040530,,0.0
202208040545,,0.0
202208040600,,0.0
202208040615,,0.0
202208040630,,0.0
202208040700,,0.0
202208040715,,0.0
202208040730,,0.0
202208040745,,0.0
202208040800,,0.0
202208040815,,0.0
202208040830,,0.0
202208040846,,0.0
202208040901,,0.0
202208040915,,0.0
202208040930,,0.0
202208040945,,0.0
202208041000,,0.0
202208041015,,0.0
202208041030,,0.0
202208041045,,0.0
202208041100,,0.0
202208041115,,0.0
202208041130,,0.0
202208041145,,0.0
202208041200,,0.0
202208041215,,0.0
202208041230,,0.0
202208041245,,0.0
202208041300,,0.0
202208041315,,0.0
202208041330,186.0,0.4
202208041345,,0.0
202208041400,,0.0
202208041415,,0.0
202208041430,132.0,0.4
202208041445,144.0,0.4
202208041500,135.0,0.4
202208041515,,0.0
202208041545,151.0,0.9
202208041600,234.0,0.4
202208041615,150.0,0.4
202208041630,226.0,0.9
202208041645,147.0,0.4
202208041700,108.0,1.3
202208041715,113.0,0.4
202208041730,167.0,0.4
202208041745,260.0,0.9
202208041800,130.0,0.9
202208041815,139.0,0.9
202208041831,174.0,1.3
202208041845,76.0,0.4
202208041900,,0.0
202208041915,,0.0
202208041930,,0.0
202208041945,47.0,0.9
202208042001,,0.0
202208042015,,0.0
202208042030,236.0,0.9
202208042100,135.0,1.3
202208042115,113.0,0.9
202208042130,189.0,0.4
202208042145,308.0,0.4
202208042200,269.0,0.4
202208042215,199.0,0.9
202208042230,261.0,0.4
202208042245,244.0,0.4
202208042300,,0.0
202208042315,,0.0
202208042330,,0.0
202208042345,,0.0
202208050000,,0.0
202208050015,309.0,0.4
202208050030,,0.0
202208050045,131.0,0.4
202208050100,126.0,1.3
202208050116,,0.0
202208050130,,0.0
202208050145,,0.0
202208050200,,0.0
202208050215,,0.0
202208050230,,0.0
202208050245,,0.0
202208050300,,0.0
202208050315,,0.0
202208050330,,0.0
202208050345,,0.0
202208050400,,0.0
202208050430,,0.0
202208050445,,0.0
202208050500,,0.0
202208050515,,0.0
202208050530,,0.0
202208050545,215.0,0.4
202208050600,,0.0
202208050615,,0.0
202208050630,,0.0
202208050700,,0.0
202208050716,,0.0
202208050731,,0.0
202208050746,,0.0
202208050800,,0.0
202208050815,,0.0
202208050830,,0.0
202208050845,,0.0
202208050900,,0.0
202208050915,,0.0
202208050930,,0.0
202208050945,,0.0
202208051000,,0.0
202208051016,,0.0
202208051030,,0.0
202208051045,,0.0
202208051100,,0.0
202208051115,,0.0
202208051130,,0.0
202208051145,,0.0
202208051200,,0.0
202208051215,,0.0
202208051230,,0.0
202208051245,,0.0
202208051300,,0.0
202208051315,,0.0
202208051331,,0.0
202208051346,,0.0
202208051400,,0.0
202208051415,,0.0
202208051430,,0.0
202208051445,192.0,0.9
202208051500,193.0,0.4
202208051515,128.0,0.4
202208051530,149.0,0.9
202208051545,130.0,0.4
202208051600,268.0,0.4
202208051615,136.0,1.3
202208051630,172.0,1.3
202208051645,129.0,0.4
202208051715,204.0,0.9
202208051730,96.0,0.9
202208051745,,0.0
202208051800,187.0,1.3
202208051816,281.0,0.4
202208051831,267.0,0.4
202208051845,155.0,0.4
202208051901,,0.0
202208051915,108.0,0.9
202208051930,,0.0
202208051945,83.0,0.4
202208052000,150.0,0.4
202208052015,129.0,0.4
202208052030,,0.0
202208052045,,0.0
202208052100,,0.0
202208052115,236.0,0.4
202208052130,,0.0
202208052200,,0.0
202208052215,,0.0
202208052230,,0.0
202208052245,,0.0
202208052300,,0.0
202208052315,226.0,1.3
202208052330,138.0,0.4
202208052345,261.0,0.4
202208060000,,0.0
202208060015,,0.0
202208060030,,0.0
202208060045,,0.0
202208060100,,0.0
202208060115,,0.0
202208060131,,0.0
202208060146,,0.0
202208060200,,0.0
202208060216,,0.0
202208060230,,0.0
202208060245,,0.0
202208060300,,0.0
202208060315,,0.0
202208060330,,0.0
202208060345,,0.0
202208060400,,0.0
202208060415,,0.0
202208060430,,0.0
202208060445,224.0,0.4
202208060500,,0.0
202208060515,,0.0
202208060545,224.0,0.4
202208060600,,0.0
202208060615,,0.0
202208060630,,0.0
202208060700,,0.0
202208060715,,0.0
202208060730,,0.0
202208060745,,0.0
202208060800,,0.0
202208060815,,0.0
202208060830,,0.0
202208060845,229.0,0.4
202208060900,,0.0
202208060915,,0.0
202208060930,,0.0
202208060945,,0.0
202208061000,,0.0
202208061015,225.0,0.4
202208061030,,0.0
202208061045,,0.0
202208061100,,0.0
202208061115,,0.0
202208061130,,0.0
202208061145,,0.0
202208061200,,0.0
202208061215,,0.0
202208061230,,0.0
202208061245,225.0,0.4
202208061300,,0.0
202208061315,,0.0
202208061330,226.0,0.9
202208061346,,0.0
202208061400,,0.0
202208061415,181.0,0.4
202208061430,220.0,0.4
202208061445,186.0,0.4
202208061500,,0.0
202208061515,207.0,0.4
202208061530,,0.0
202208061545,180.0,0.4
202208061600,150.0,0.4
202208061615,141.0,0.4
202208061630,,0.0
202208061700,260.0,0.4
202208061715,,0.0
202208061730,,0.0
202208061745,124.0,0.4
202208061800,149.0,0.4
202208061815,215.0,0.4
202208061831,216.0,1.3
202208061845,143.0,1.3
202208061900,274.0,1.3
202208061915,203.0,0.4
202208061930,267.0,1.8
202208061945,259.0,0.9
202208062000,,0.0
202208062015,196.0,0.4
202208062030,143.0,0.4
202208062045,97.0,0.4
202208062100,270.0,0.4
202208062115,,0.0
202208062130,,0.0
202208062145,,0.0
202208062200,,0.0
202208062215,,0.0
202208062230,,0.0
202208062245,,0.0
202208062300,,0.0
202208062315,,0.0
202208062330,,0.0
202208062345,,0.0
202208070000,,0.0
202208070015,,0.0
202208070030,,0.0
202208070045,,0.0
202208070101,274.0,0.4
202208070115,245.0,0.4
202208070130,,0.0
202208070145,,0.0
202208070200,,0.0
202208070215,,0.0
202208070230,,0.0
202208070245,269.0,0.4
202208070300,,0.0
202208070315,,0.0
202208070330,,0.0
202208070345,,0.0
202208070400,,0.0
202208070430,,0.0
202208070445,,0.0
202208070500,,0.0
202208070515,,0.0
202208070530,,0.0
202208070545,,0.0
202208070600,,0.0
202208070615,,0.0
202208070630,,0.0
202208070700,,0.0
202208070715,,0.0
202208070731,231.0,0.4
202208070746,,0.0
202208070800,,0.0
202208070815,,0.0
202208070830,,0.0
202208070845,,0.0
202208070900,,0.0
202208070915,,0.0
202208070930,,0.0
202208070945,,0.0
202208071000,,0.0
202208071015,,0.0
202208071030,,0.0
202208071045,,0.0
202208071100,,0.0
202208071115,231.0,0.4
202208071130,230.0,0.4
202208071145,,0.0
202208071215,,0.0
202208071230,,0.0
202208071245,,0.0
202208071300,,0.0
202208071316,,0.0
202208071330,,0.0
202208071346,,0.0
202208071400,,0.0
202208071415,184.0,0.4
202208071430,,0.0
202208071445,,0.0
202208071500,,0.0
202208071515,,0.0
202208071530,179.0,0.4
202208071545,204.0,0.4
202208071600,,0.0
202208071615,169.0,0.4
202208071630,,0.0
202208071645,159.0,0.9
202208071700,219.0,0.4
202208071730,122.0,0.9
202208071745,136.0,1.3
202208071801,186.0,0.4
202208071815,142.0,0.4
202208071830,159.0,0.9
202208071845,,0.0
202208071900,137.0,0.9
202208071915,93.0,0.4
202208071930,145.0,0.4
202208071945,,0.0
202208072000,253.0,0.4
202208072015,,0.0
202208072030,311.0,0.4
202208072045,,0.0
202208072100,,0.0
202208072115,,0.0
202208072130,,0.0
202208072145,238.0,0.4
202208072200,,0.0
202208072230,,0.0
202208072245,,0.0
202208072300,,0.0
202208072315,,0.0
202208072331,,0.0
202208072346,,0.0
202208080001,,0.0
202208080015,,0.0
202208080030,240.0,0.4
202208080045,,0.0
202208080100,,0.0
202208080130,,0.0
202208080145,,0.0
202208080200,,0.0
202208080215,,0.0
202208080230,,0.0
202208080245,,0.0
202208080300,,0.0
202208080315,,0.0
202208080330,217.0,0.4
202208080345,219.0,0.4
202208080400,,0.0
202208080415,,0.0
202208080430,,0.0
202208080445,,0.0
202208080500,,0.0
202208080515,,0.0
202208080530,,0.0
202208080545,,0.0
202208080600,,0.0
202208080616,,0.0
202208080631,,0.0
202208080700,,0.0
202208080715,,0.0
202208080730,,0.0
202208080745,,0.0
202208080800,,0.0
202208080815,222.0,0.4
202208080830,,0.0
202208080845,,0.0
202208080900,,0.0
202208080915,,0.0
202208080930,,0.0
202208080945,,0.0
202208081000,,0.0
202208081015,,0.0
202208081030,,0.0
202208081045,,0.0
202208081100,,0.0
202208081115,,0.0
202208081145,,0.0
202208081200,,0.0
202208081215,,0.0
202208081245,,0.0
202208081300,,0.0
202208081315,,0.0
202208081330,,0.0
202208081345,,0.0
202208081400,,0.0
202208081415,,0.0
202208081430,197.0,0.4
202208081445,,0.0
202208081500,,0.0
202208081515,195.0,0.4
202208081530,,0.0
202208081545,184.0,0.4
202208081600,,0.0
202208081615,183.0,0.4
202208081631,,0.0
202208081645,234.0,1.8
202208081700,,0.0
202208081715,247.0,1.3
202208081731,,0.0
202208081745,,0.0
202208081800,295.0,0.9
202208081815,303.0,0.4
202208081830,,0.0
202208081845,51.0,0.4
202208081900,,0.0
202208081915,,0.0
202208081930,,0.0
202208081945,150.0,0.4
202208082000,131.0,0.4
202208082015,128.0,0.9
202208082030,,0.0
202208082045,158.0,0.4
202208082100,,0.0
202208082115,274.0,0.9
202208082131,,0.0
202208082146,286.0,0.4
202208082200,,0.0
202208082215,81.0,0.4
202208082230,146.0,0.4
202208082245,,0.0
202208082300,293.0,0.4
202208082315,,0.0
202208082330,286.0,0.4
202208082345,,0.0
202208090000,,0.0
202208090015,,0.0
202208090030,,0.0
202208090045,260.0,0.4
202208090100,,0.0
202208090115,,0.0
202208090130,242.0,0.4
202208090145,,0.0
202208090200,,0.0
202208090215,223.0,0.4
202208090230,,0.0
202208090245,227.0,0.9
202208090300,,0.0
202208090315,,0.0
202208090330,,0.0
202208090345,,0.0
202208090400,,0.0
202208090416,,0.0
202208090430,,0.0
202208090446,,0.0
202208090500,,0.0
202208090515,,0.0
202208090530,,0.0
202208090545,,0.0
202208090600,,0.0
202208090615,,0.0
202208090630,,0.0
202208090700,,0.0
202208090715,,0.0
202208090730,,0.0
202208090745,,0.0
202208090800,,0.0
202208090815,,0.0
202208090830,,0.0
202208090845,,0.0
202208090900,,0.0
202208090915,,0.0
202208090930,,0.0
202208090945,,0.0
202208091000,,0.0
202208091015,,0.0
202208091031,219.0,0.4
202208091045,219.0,0.4
202208091100,,0.0
202208091115,,0.0
202208091130,,0.0
202208091145,,0.0
202208091200,,0.0
202208091215,,0.0
202208091230,,0.0
202208091245,,0.0
202208091300,,0.0
202208091315,,0.0
202208091330,219.0,0.4
202208091345,,0.0
202208091415,,0.0
202208091430,226.0,0.9
202208091445,186.0,0.4
202208091500,189.0,0.9
202208091515,228.0,0.4
202208091530,176.0,0.4
202208091545,88.0,0.4
202208091600,293.0,1.3
202208091616,227.0,0.4
202208091630,278.0,0.4
202208091645,175.0,0.4
202208091700,,0.0
202208091715,,0.0
202208091730,,0.0
202208091745,,0.0
202208091800,,0.0
202208091815,,0.0
202208091830,,0.0
202208091845,,0.0
202208091900,,0.0
202208091930,,0.0
202208091945,274.0,1.3
202208092000,264.0,0.9
202208092015,234.0,0.4
202208092031,,0.0
202208092046,297.0,1.8
202208092101,,0.0
202208092115,,0.0
202208092130,,0.0
202208092145,,0.0
202208092200,,0.0
202208092215,,0.0
202208092230,,0.0
202208092245,,0.0
202208092300,221.0,0.4
202208092315,283.0,0.4
202208092330,,0.0
202208092345,248.0,0.4
202208100000,,0.0
202208100015,252.0,0.4
202208100030,,0.0
202208100045,,0.0
202208100100,,0.0
202208100115,,0.0
202208100130,,0.0
202208100145,,0.0
202208100200,,0.0
202208100216,,0.0
202208100230,,0.0
202208100245,,0.0
202208100300,,0.0
202208100316,,0.0
202208100330,,0.0
202208100346,,0.0
202208100400,,0.0
202208100415,,0.0
202208100431,,0.0
202208100445,,0.0
202208100500,,0.0
202208100515,,0.0
202208100530,,0.0
202208100545,,0.0
202208100600,,0.0
202208100615,,0.0
202208100630,,0.0
202208100700,,0.0
202208100715,,0.0
202208100730,,0.0
202208100745,,0.0
202208100800,,0.0
202208100816,,0.0
202208100830,,0.0
202208100845,,0.0
202208100900,,0.0
202208100916,,0.0
202208100930,294.0,0.4
202208100945,261.0,0.4
202208101000,,0.0
202208101015,,0.0
202208101031,,0.0
202208101046,,0.0
202208101100,,0.0
202208101115,,0.0
202208101130,,0.0
202208101145,,0.0
202208101200,,0.0
202208101215,,0.0
202208101230,,0.0
202208101245,231.0,0.4
202208101300,,0.0
202208101315,,0.0
202208101330,,0.0
202208101345,,0.0
202208101400,,0.0
202208101415,220.0,0.4
202208101430,197.0,0.4
202208101445,,0.0
202208101500,,0.0
202208101515,,0.0
202208101530,221.0,0.4
202208101545,228.0,0.4
202208101600,197.0,0.9
202208101615,227.0,0.4
202208101630,143.0,1.3
202208101645,134.0,0.9
202208101700,105.0,0.9
202208101715,117.0,0.9
202208101730,,0.0
202208101745,,0.0
202208101800,,0.0
202208101815,186.0,0.4
202208101830,,0.0
202208101845,225.0,1.3
202208101900,278.0,0.4
202208101916,,0.0
202208101931,,0.0
202208101946,,0.0
202208102001,,0.0
202208102015,,0.0
202208102031,,0.0
202208102045,,0.0
202208102100,,0.0
202208102115,229.0,0.9
202208102130,205.0,0.9
202208102145,,0.0
202208102200,,0.0
202208102215,,0.0
202208102230,229.0,0.4
202208102245,,0.0
202208102300,,0.0
202208102315,,0.0
202208102345,,0.0
202208110000,261.0,0.4
202208110015,252.0,0.4
202208110030,,0.0
202208110045,279.0,0.4
202208110100,,0.0
202208110116,270.0,0.4
202208110130,,0.0
202208110145,,0.0
202208110200,,0.0
202208110215,,0.0
202208110230,285.0,0.4
202208110246,,0.0
202208110300,,0.0
202208110331,,0.0
202208110345,,0.0
202208110400,,0.0
202208110415,271.0,0.4
202208110430,,0.0
202208110445,,0.0
202208110500,,0.0
202208110515,271.0,0.4
202208110530,277.0,0.4
202208110600,260.0,0.4
202208110616,252.0,0.4
202208110630,,0.0
202208110715,,0.0
202208110730,,0.0
202208110746,219.0,1.8
202208110801,333.0,0.4
202208110815,,0.0
202208110831,,0.0
202208110845,,0.0
202208110900,,0.0
202208110915,,0.0
202208110930,276.0,0.4
202208110945,,0.0
202208111000,,0.0
202208111015,,0.0
202208111045,,0.0
202208111100,281.0,0.9
202208111115,,0.0
202208111130,336.0,0.4
202208111145,290.0,1.3
202208111200,259.0,0.4
202208111215,,0.0
202208111230,,0.0
202208111245,,0.0
202208111300,286.0,0.9
202208111315,,0.0
202208111330,295.0,1.3
202208111345,,0.0
202208111400,154.0,0.4
202208111415,136.0,1.8
202208111430,,0.0
202208111445,,0.0
202208111501,,0.0
202208111516,,0.0
202208111531,,0.0
202208111545,,0.0
202208111600,,0.0
202208111615,186.0,0.4
202208111630,,0.0
202208111645,,0.0
202208111700,157.0,0.4
202208111715,,0.0
202208111730,,0.0
202208111745,160.0,0.4
202208111800,118.0,1.3
202208111815,169.0,1.8
202208111830,121.0,2.2
202208111845,,0.0
202208111900,,0.0
202208111916,138.0,0.9
202208111931,,0.0
202208111945,,0.0
202208112000,,0.0
202208112015,148.0,0.4
202208112030,183.0,0.4
202208112045,281.0,0.4
202208112100,143.0,0.4
202208112115,279.0,0.4
202208112130,,0.0
202208112145,220.0,0.9
202208112200,304.0,0.9
202208112215,200.0,0.4
202208112230,250.0,0.4
202208112245,274.0,0.4
202208112300,,0.0
202208112315,,0.0
202208112330,,0.0
202208112345,,0.0
202208120001,,0.0
202208120015,,0.0
202208120031,,0.0
202208120046,,0.0
202208120101,,0.0
202208120115,,0.0
202208120130,,0.0
202208120146,,0.0
202208120200,,0.0
202208120216,,0.0
202208120230,,0.0
202208120245,,0.0
202208120300,,0.0
202208120315,,0.0
202208120330,,0.0
202208120345,,0.0
202208120400,,0.0
202208120415,,0.0
202208120430,,0.0
202208120445,,0.0
202208120500,,0.0
202208120515,220.0,0.4
202208120530,,0.0
202208120545,,0.0
202208120600,,0.0
202208120615,,0.0
202208120630,,0.0
202208120700,,0.0
202208120716,189.0,0.4
202208120730,,0.0
202208120745,,0.0
202208120800,,0.0
202208120815,,0.0
202208120845,,0.0
202208120900,,0.0
202208120915,,0.0
202208120930,,0.0
202208120945,,0.0
202208121000,,0.0
202208121030,,0.0
202208121045,,0.0
202208121100,,0.0
202208121116,,0.0
202208121131,,0.0
202208121145,,0.0
202208121200,,0.0
202208121215,,0.0
202208121231,,0.0
202208121246,,0.0
202208121300,,0.0
202208121315,,0.0
202208121330,,0.0
202208121345,,0.0
202208121400,,0.0
202208121415,,0.0
202208121430,180.0,0.4
202208121445,,0.0
202208121500,236.0,0.4
202208121515,,0.0
202208121530,96.0,0.4
202208121545,135.0,0.9
202208121601,113.0,0.4
202208121615,160.0,0.9
202208121631,96.0,0.4
202208121646,216.0,0.4
202208121701,131.0,0.4
202208121731,171.0,0.9
202208121745,,0.0
202208121800,,0.0
202208121815,235.0,0.4
202208121830,150.0,0.4
202208121845,199.0,0.9
202208121900,234.0,0.9
202208121915,264.0,0.4
202208121930,157.0,0.4
202208121945,,0.0
202208122000,280.0,0.9
202208122015,297.0,0.4
202208122045,,0.0
202208122100,,0.0
202208122115,297.0,0.9
202208122130,254.0,0.4
202208122145,266.0,0.4
202208122201,,0.0
202208122215,,0.0
202208122230,,0.0
202208122245,,0.0
202208122301,266.0,0.4
202208122316,,0.0
202208122331,,0.0
202208122345,,0.0
202208130001,,0.0
202208130016,,0.0
202208130030,,0.0
202208130045,,0.0
202208130100,,0.0
202208130115,,0.0
202208130130,,0.0
202208130145,,0.0
202208130200,,0.0
202208130215,,0.0
202208130230,,0.0
202208130245,,0.0
202208130315,,0.0
202208130331,,0.0
202208130400,,0.0
202208130416,,0.0
202208130430,,0.0
202208130446,,0.0
202208130500,,0.0
202208130515,,0.0
202208130531,,0.0
202208130545,,0.0
202208130600,,0.0
202208130615,,0.0
202208130630,,0.0
202208130700,,0.0
202208130715,,0.0
202208130745,,0.0
202208130800,,0.0
202208130815,,0.0
202208130830,,0.0
202208130845,,0.0
202208130900,,0.0
202208130930,,0.0
202208130945,,0.0
202208131000,,0.0
202208131015,,0.0
202208131030,,0.0
202208131046,,0.0
202208131100,,0.0
202208131116,,0.0
202208131131,,0.0
202208131145,,0.0
202208131200,,0.0
202208131215,,0.0
202208131230,,0.0
202208131245,,0.0
202208131300,,0.0
202208131315,217.0,0.4
202208131330,129.0,0.9
202208131345,213.0,0.9
202208131400,124.0,0.4
202208131415,181.0,0.4
202208131430,,0.0
202208131445,148.0,0.4
202208131500,106.0,0.4
202208131515,149.0,0.4
202208131530,,0.0
202208131545,,0.0
202208131600,,0.0
202208131616,,0.0
202208131631,,0.0
202208131645,283.0,0.4
202208131701,300.0,0.9
202208131730,,0.0
202208131745,,0.0
202208131800,122.0,0.4
202208131815,153.0,0.9
202208131830,,0.0
202208131845,296.0,0.9
202208131900,,0.0
202208131930,,0.0
202208131945,,0.0
202208132001,134.0,0.9
202208132015,,0.0
202208132030,224.0,0.9
202208132045,141.0,0.4
202208132101,,0.0
202208132116,,0.0
202208132131,311.0,0.4
202208132146,,0.0
202208132216,,0.0
202208132230,321.0,0.4
202208132245,254.0,0.4
202208132300,,0.0
202208132315,,0.0
202208132330,,0.0
202208132345,,0.0
202208140000,,0.0
202208140045,,0.0
202208140100,249.0,0.4
202208140115,,0.0
202208140130,238.0,0.4
202208140145,,0.0
202208140200,,0.0
202208140215,,0.0
202208140230,,0.0
202208140245,,0.0
202208140300,,0.0
202208140315,,0.0
202208140331,,0.0
202208140345,,0.0
202208140401,,0.0
202208140415,,0.0
202208140431,,0.0
202208140445,,0.0
202208140501,,0.0
202208140515,,0.0
202208140530,,0.0
202208140545,,0.0
202208140600,,0.0
202208140615,,0.0
202208140630,258.0,0.4
202208140700,,0.0
202208140730,,0.0
202208140746,,0.0
202208140800,275.0,0.4
202208140815,,0.0
202208140830,,0.0
202208140845,,0.0
202208140901,,0.0
202208140915,,0.0
202208140930,,0.0
202208140946,,0.0
202208141000,254.0,0.4
202208141016,,0.0
202208141030,,0.0
202208141045,,0.0
202208141100,,0.0
202208141115,,0.0
202208141130,,0.0
202208141145,228.0,0.4
202208141200,229.0,0.4
202208141215,,0.0
202208141230,,0.0
202208141245,,0.0
202208141315,,0.0
202208141330,167.0,0.4
202208141345,,0.0
202208141400,,0.0
202208141415,133.0,0.4
202208141431,,0.0
202208141446,134.0,0.9
202208141501,158.0,0.9
202208141516,134.0,0.9
202208141530,302.0,0.9
202208141545,117.0,0.9
202208141600,143.0,1.3
202208141615,139.0,1.3
202208141630,148.0,0.9
202208141645,169.0,0.4
202208141700,130.0,1.8
202208141715,237.0,0.9
202208141800,,0.0
202208141815,,0.0
202208141830,,0.0
202208141845,118.0,0.4
202208141900,234.0,0.9
202208141915,136.0,0.4
202208141945,,0.0
202208142016,225.0,0.4
202208142031,303.0,0.4
202208142045,,0.0
202208142101,312.0,1.3
202208142115,131.0,0.4
202208142130,,0.0
202208142145,231.0,0.9
202208142200,356.0,0.9
202208142215,150.0,0.4
202208142230,300.0,0.4
202208142245,,0.0
202208142300,,0.0
202208142315,274.0,0.4
202208142330,90.0,0.4
202208142345,326.0,0.4
202208150000,235.0,0.4
202208150016,309.0,0.9
202208150032,249.0,0.4
202208150045,,0.0
202208150101,231.0,0.4
202208150115,231.0,0.4
202208150130,,0.0
202208150146,217.0,0.4
202208150200,238.0,0.4
202208150216,233.0,0.4
202208150230,,0.0
202208150300,,0.0
202208150315,,0.0
202208150331,236.0,0.4
202208150345,267.0,0.9
202208150400,268.0,1.3
202208150415,274.0,1.8
202208150430,257.0,0.4
202208150500,266.0,0.9
202208150515,278.0,1.3
202208150531,228.0,0.4
202208150545,334.0,0.4
202208150600,,0.0
202208150615,,0.0
202208150631,266.0,0.4
202208150700,,0.0
202208150715,,0.0
202208150730,,0.0
202208150745,,0.0
202208150800,274.0,0.4
202208150815,,0.0
202208150830,,0.0
202208150845,,0.0
202208150900,,0.0
202208150915,,0.0
202208151000,,0.0
202208151015,,0.0
202208151030,,0.0
202208151045,,0.0
202208151101,,0.0
202208151115,,0.0
202208151130,,0.0
202208151146,,0.0
202208151201,,0.0
202208151216,,0.0
202208151231,,0.0
202208151245,,0.0
202208151330,234.0,0.4
202208151345,,0.0
202208151400,,0.0
202208151415,,0.0
202208151430,,0.0
202208151445,241.0,0.9
202208151500,271.0,1.8
202208151546,89.0,1.3
202208151615,155.0,0.4
202208151630,302.0,1.8
202208151645,103.0,0.4
202208151700,250.0,0.4
202208151716,277.0,0.9
202208151730,132.0,0.9
202208151745,295.0,0.4
202208151815,302.0,1.3
202208151830,289.0,0.9
202208151845,,0.0
202208151900,264.0,0.9
202208151915,243.0,1.8
202208151930,293.0,0.9
202208151945,271.0,1.3
202208152001,275.0,1.8
202208152015,312.0,2.2
202208152030,295.0,2.7
202208152045,,0.0
202208152100,278.0,1.3
202208152115,314.0,0.9
202208152130,143.0,0.4
202208152146,219.0,0.4
202208152200,,0.0
202208152231,333.0,1.3
202208152246,,0.0
202208152301,,0.0
202208152316,284.0,0.4
202208152330,287.0,0.4
202208152345,286.0,0.4
202208160000,,0.0
202208160015,,0.0
202208160030,,0.0
202208160045,,0.0
202208160100,221.0,0.4
202208160115,,0.0
202208160145,184.0,0.4
202208160230,,0.0
202208160245,219.0,0.4
202208160300,221.0,0.4
202208160315,224.0,0.4
202208160330,,0.0
202208160345,,0.0
202208160400,,0.0
202208160415,,0.0
202208160431,,0.0
202208160446,,0.0
202208160501,,0.0
202208160515,,0.0
202208160531,224.0,0.4
202208160546,,0.0
202208160601,,0.0
202208160615,,0.0
202208160630,224.0,0.4
202208160700,,0.0
202208160730,,0.0
202208160745,,0.0
202208160801,,0.0
202208160815,,0.0
202208160830,,0.0
202208160845,,0.0
202208160915,,0.0
202208160930,262.0,0.4
202208160945,,0.0
202208161000,,0.0
202208161015,,0.0
202208161030,,0.0
202208161046,,0.0
202208161130,,0.0
202208161145,,0.0
202208161201,,0.0
202208161216,,0.0
202208161231,,0.0
202208161245,,0.0
202208161300,,0.0
202208161315,100.0,0.4
202208161330,136.0,0.4
202208161400,,0.0
202208161415,146.0,0.4
202208161430,124.0,0.4
202208161445,,0.0
202208161500,,0.0
202208161515,,0.0
202208161530,,0.0
202208161545,,0.0
202208161601,,0.0
202208161616,211.0,0.4
202208161631,212.0,0.4
202208161646,128.0,0.4
202208161701,141.0,0.4
202208161716,297.0,1.3
202208161731,300.0,0.9
202208161745,222.0,1.3
202208161800,296.0,0.9
202208161815,312.0,1.8
202208161830,224.0,0.4
202208161845,285.0,1.3
202208161900,146.0,0.4
202208161915,198.0,0.4
202208161930,204.0,0.4
202208161945,148.0,0.4
202208162000,137.0,0.4
202208162016,152.0,0.4
202208162030,134.0,0.4
202208162045,,0.0
202208162100,,0.0
202208162115,,0.0
202208162145,,0.0
202208162200,,0.0
202208162215,,0.0
202208162230,286.0,0.4
202208162245,,0.0
202208162300,153.0,0.4
202208162315,,0.0
202208162331,145.0,0.4
202208162346,,0.0
202208170001,,0.0
202208170015,,0.0
202208170031,,0.0
202208170045,,0.0
202208170100,,0.0
202208170115,,0.0
202208170130,,0.0
202208170145,,0.0
202208170200,,0.0
202208170230,,0.0
202208170245,,0.0
202208170300,,0.0
202208170316,,0.0
202208170330,,0.0
202208170400,,0.0
202208170415,,0.0
202208170445,,0.0
202208170500,,0.0
202208170516,,0.0
202208170530,,0.0
202208170546,,0.0
202208170601,,0.0
202208170615,,0.0
202208170630,,0.0
202208170700,,0.0
202208170715,,0.0
202208170730,,0.0
202208170745,,0.0
202208170800,,0.0
202208170815,,0.0
202208170830,,0.0
202208170845,,0.0
202208170900,,0.0
202208170915,,0.0
202208170930,,0.0
202208170945,,0.0
202208171000,,0.0
202208171015,,0.0
202208171031,,0.0
202208171045,,0.0
202208171100,,0.0
202208171115,,0.0
202208171131,,0.0
202208171145,,0.0
202208171201,,0.0
202208171215,,0.0
202208171231,,0.0
202208171245,,0.0
202208171300,,0.0
202208171315,,0.0
202208171330,,0.0
202208171345,,0.0
202208171400,,0.0
202208171430,198.0,0.4
202208171445,201.0,0.9
202208171501,,0.0
202208171515,195.0,0.4
202208171531,221.0,0.4
202208171545,,0.0
202208171601,195.0,0.9
202208171615,116.0,0.4
202208171631,288.0,0.4
202208171645,155.0,0.4
202208171701,132.0,0.4
202208171716,300.0,1.3
202208171730,124.0,0.9
202208171745,162.0,0.9
202208171815,176.0,0.9
202208171830,148.0,0.4
202208171845,301.0,0.9
202208171900,62.0,1.3
202208171915,,0.0
202208171930,84.0,0.4
202208171945,93.0,0.4
202208172000,117.0,0.4
202208172015,93.0,0.4
202208172030,,0.0
202208172100,146.0,0.4
202208172115,248.0,0.4
202208172130,,0.0
202208172146,,0.0
202208172201,,0.0
202208172215,,0.0
202208172231,,0.0
202208172245,,0.0
202208172300,303.0,0.4
202208172315,,0.0
202208172330,,0.0
202208172346,,0.0
202208180000,,0.0
202208180015,,0.0
202208180031,,0.0
202208180046,274.0,0.4
202208180101,,0.0
202208180130,,0.0
202208180145,,0.0
202208180200,,0.0
202208180215,,0.0
202208180230,,0.0
202208180245,,0.0
202208180300,,0.0
202208180315,295.0,0.4
202208180330,,0.0
202208180345,,0.0
202208180400,,0.0
202208180415,,0.0
202208180430,,0.0
202208180445,,0.0
202208180501,255.0,0.4
202208180515,259.0,0.4
202208180531,316.0,0.9
202208180545,,0.0
202208180601,,0.0
202208180615,290.0,0.4
202208180631,,0.0
202208180701,,0.0
202208180716,,0.0
202208180730,,0.0
202208180745,,0.0
202208180800,,0.0
202208180815,,0.0
202208180830,,0.0
202208180845,,0.0
202208180915,,0.0
202208180930,,0.0
202208180945,,0.0
202208181000,,0.0
202208181015,,0.0
202208181030,,0.0
202208181045,,0.0
202208181100,,0.0
202208181115,,0.0
202208181130,,0.0
202208181146,,0.0
202208181200,,0.0
202208181216,,0.0
202208181230,,0.0
202208181300,,0.0
202208181316,,0.0
202208181330,,0.0
202208181400,263.0,0.4
202208181416,,0.0
202208181431,,0.0
202208181445,,0.0
202208181500,,0.0
202208181515,272.0,0.4
202208181530,182.0,0.4
202208181545,245.0,0.4
202208181600,,0.0
202208181615,153.0,0.9
202208181630,,0.0
202208181645,,0.0
202208181700,162.0,0.9
202208181715,232.0,0.9
202208181730,287.0,0.9
202208181745,68.0,0.4
202208181800,135.0,0.4
202208181816,148.0,1.3
202208181831,210.0,0.9
202208181845,275.0,1.3
202208181901,161.0,0.4
202208181915,129.0,0.4
202208181930,145.0,0.4
202208181945,136.0,0.9
202208182000,85.0,0.4
202208182015,121.0,0.9
202208182030,73.0,0.4
202208182046,288.0,0.4
202208182100,94.0,0.9
202208182115,143.0,1.3
202208182130,168.0,0.9
202208182146,307.0,0.9
202208182200,,0.0
202208182216,,0.0
202208182230,,0.0
202208182245,,0.0
202208182301,285.0,0.4
202208182316,,0.0
202208182330,,0.0
202208182345,266.0,0.4
202208190001,,0.0
202208190015,,0.0
202208190031,,0.0
202208190045,,0.0
202208190101,262.0,0.4
202208190115,,0.0
202208190131,,0.0
202208190145,,0.0
202208190200,,0.0
202208190215,,0.0
202208190230,,0.0
202208190245,,0.0
202208190300,,0.0
202208190315,,0.0
202208190330,,0.0
202208190345,,0.0
202208190400,,0.0
202208190415,,0.0
202208190430,,0.0
202208190445,283.0,0.4
202208190500,,0.0
202208190515,,0.0
202208190531,,0.0
202208190545,,0.0
202208190600,,0.0
202208190615,,0.0
202208190630,309.0,0.4
202208190701,,0.0
202208190715,,0.0
202208190731,,0.0
202208190746,249.0,0.4
202208190815,227.0,0.4
202208190830,,0.0
202208190900,,0.0
202208190915,,0.0
202208190930,,0.0
202208190945,,0.0
202208191000,,0.0
202208191015,,0.0
202208191030,,0.0
202208191045,,0.0
202208191115,,0.0
202208191130,,0.0
202208191200,,0.0
202208191215,,0.0
202208191230,,0.0
202208191245,,0.0
202208191300,,0.0
202208191315,,0.0
202208191330,,0.0
202208191345,,0.0
202208191401,,0.0
202208191415,,0.0
202208191430,120.0,0.9
202208191445,125.0,0.4
202208191500,122.0,0.9
202208191515,91.0,0.9
202208191530,139.0,0.4
202208191545,,0.0
202208191600,132.0,0.4
202208191615,,0.0
202208191630,,0.0
202208191645,,0.0
202208191700,,0.0
202208191715,,0.0
202208191730,140.0,0.4
202208191745,,0.0
202208191800,,0.0
202208191815,86.0,0.4
202208191831,198.0,0.4
202208191846,,0.0
202208191901,120.0,0.9
202208191916,151.0,0.9
202208191931,167.0,0.4
202208191946,150.0,0.4
202208192000,,0.0
202208192015,,0.0
202208192030,,0.0
202208192045,,0.0
202208192100,,0.0
202208192115,,0.0
202208192130,,0.0
202208192200,,0.0
202208192215,,0.0
202208192230,,0.0
202208192245,,0.0
202208192300,,0.0
202208192315,,0.0
202208192330,,0.0
202208192345,,0.0
202208200000,,0.0
202208200015,,0.0
202208200030,,0.0
202208200046,,0.0
202208200100,,0.0
202208200130,,0.0
202208200145,,0.0
202208200200,,0.0
202208200216,,0.0
202208200246,,0.0
202208200300,,0.0
202208200315,,0.0
202208200330,,0.0
202208200345,,0.0
202208200400,,0.0
202208200415,,0.0
202208200430,,0.0
202208200445,,0.0
202208200500,,0.0
202208200515,,0.0
202208200530,,0.0
202208200545,,0.0
202208200600,,0.0
202208200615,,0.0
202208200630,,0.0
202208200700,,0.0
202208200716,,0.0
202208200731,,0.0
202208200801,,0.0
202208200816,,0.0
202208200831,,0.0
202208200846,,0.0
202208200901,,0.0
202208200916,,0.0
202208200930,,0.0
202208200945,,0.0
202208201000,,0.0
202208201015,247.0,0.4
202208201030,,0.0
202208201045,,0.0
202208201115,,0.0
202208201130,,0.0
202208201145,,0.0
202208201201,,0.0
202208201217,,0.0
202208201230,,0.0
202208201245,,0.0
202208201300,,0.0
202208201315,,0.0
202208201330,,0.0
202208201346,211.0,0.4
202208201401,,0.0
202208201415,,0.0
202208201430,208.0,0.4
202208201445,210.0,0.9
202208201500,182.0,0.4
202208201515,,0.0
202208201530,208.0,0.9
202208201545,175.0,0.4
202208201600,217.0,0.4
202208201615,249.0,1.3
202208201630,200.0,0.9
202208201645,84.0,0.4
202208201700,,0.0
202208201715,159.0,0.4
202208201731,,0.0
202208201745,222.0,0.4
202208201800,170.0,0.9
202208201815,259.0,0.9
202208201830,216.0,0.9
202208201845,199.0,0.9
202208201900,,0.0
202208201917,127.0,0.4
202208201946,249.0,0.9
202208202015,,0.0
202208202031,278.0,0.4
202208202045,319.0,0.4
202208202100,245.0,0.4
202208202115,259.0,0.4
202208202130,,0.0
202208202145,,0.0
202208202200,,0.0
202208202216,,0.0
202208202230,,0.0
202208202245,,0.0
202208202301,,0.0
202208202315,,0.0
202208202330,274.0,0.4
202208202346,,0.0
202208210000,,0.0
202208210016,,0.0
202208210032,,0.0
202208210046,,0.0
202208210101,,0.0
202208210116,,0.0
202208210131,,0.0
202208210146,,0.0
202208210200,,0.0
202208210215,,0.0
202208210230,,0.0
202208210245,152.0,0.4
202208210300,260.0,0.4
202208210315,245.0,0.4
202208210330,,0.0
202208210345,,0.0
202208210415,,0.0
202208210445,,0.0
202208210500,,0.0
202208210515,,0.0
202208210530,,0.0
202208210546,,0.0
202208210600,,0.0
202208210615,,0.0
202208210630,,0.0
202208210700,288.0,0.4
202208210716,63.0,0.9
202208210730,,0.0
202208210745,293.0,0.4
202208210800,,0.0
202208210815,,0.0
202208210830,,0.0
202208210845,,0.0
202208210900,,0.0
202208210915,222.0,0.4
202208210930,,0.0
202208210945,,0.0
202208211000,,0.0
202208211015,,0.0
202208211030,,0.0
202208211045,,0.0
202208211115,,0.0
202208211130,,0.0
202208211145,,0.0
202208211200,,0.0
202208211215,,0.0
202208211230,,0.0
202208211245,,0.0
202208211300,,0.0
202208211315,,0.0
202208211330,226.0,0.9
202208211345,,0.0
202208211400,,0.0
202208211415,,0.0
202208211430,62.0,0.4
202208211445,,0.0
202208211500,248.0,1.3
202208211515,261.0,0.9
202208211530,278.0,1.8
202208211545,243.0,0.4
202208211600,275.0,0.9
202208211615,,0.0
202208211631,134.0,0.9
202208211645,155.0,0.4
202208211701,142.0,0.4
202208211716,136.0,0.9
202208211731,260.0,1.8
202208211745,,0.0
202208211801,,0.0
202208211816,,0.0
202208211830,,0.0
202208211900,,0.0
202208211915,,0.0
202208211930,316.0,0.9
202208211945,89.0,0.4
202208212000,138.0,0.4
202208212015,158.0,1.3
202208212030,,0.0
202208212045,304.0,0.9
202208212100,157.0,0.4
202208212145,,0.0
202208212200,,0.0
202208212215,,0.0
202208212230,,0.0
202208212246,,0.0
202208212300,,0.0
202208212316,,0.0
202208212330,,0.0
202208212345,,0.0
202208220001,,0.0
202208220015,,0.0
202208220030,,0.0
202208220045,,0.0
202208220100,,0.0
202208220115,,0.0
202208220130,,0.0
202208220145,,0.0
202208220200,,0.0
202208220215,,0.0
202208220230,,0.0
202208220245,212.0,0.4
202208220300,,0.0
202208220315,,0.0
202208220330,,0.0
202208220345,,0.0
202208220400,,0.0
202208220415,210.0,0.4
202208220431,,0.0
202208220445,,0.0
202208220500,,0.0
202208220515,,0.0
202208220530,,0.0
202208220546,,0.0
202208220600,94.0,0.4
202208220616,,0.0
202208220630,4.0,0.4
202208220700,,0.0
202208220715,139.0,0.4
202208220730,286.0,0.4
202208220745,299.0,0.4
202208220800,162.0,0.4
202208220815,274.0,1.8
202208220830,275.0,1.3
202208220845,255.0,2.2
202208220915,150.0,0.9
202208220930,247.0,0.9
202208220945,289.0,0.9
202208221000,153.0,1.3
202208221031,290.0,0.9
202208221045,116.0,0.4
202208221100,99.0,0.4
202208221115,49.0,0.4
202208221131,,0.0
202208221145,,0.0
202208221200,,0.0
202208221215,117.0,0.4
202208221230,,0.0
202208221245,,0.0
202208221300,,0.0
202208221315,,0.0
202208221330,,0.0
202208221345,146.0,0.4
202208221400,198.0,0.9
202208221415,134.0,0.4
202208221430,,0.0
202208221445,,0.0
202208221500,,0.0
202208221515,,0.0
202208221530,,0.0
202208221545,,0.0
202208221600,,0.0
202208221616,158.0,0.4
202208221630,274.0,0.9
202208221645,,0.0
202208221701,,0.0
202208221715,,0.0
202208221730,,0.0
202208221745,,0.0
202208221800,,0.0
202208221815,251.0,0.9
202208221830,,0.0
202208221845,,0.0
202208221900,275.0,0.9
202208221915,221.0,0.9
202208221930,,0.0
202208221945,,0.0
202208222000,218.0,0.4
202208222015,255.0,0.9
202208222030,267.0,1.3
202208222045,274.0,0.9
202208222100,54.0,0.4
202208222115,,0.0
202208222146,53.0,0.4
202208222200,18.0,0.4
202208222230,,0.0
202208222245,,0.0
202208222300,259.0,0.4
202208222315,288.0,0.9
202208222330,,0.0
202208222345,,0.0
202208230000,221.0,0.4
202208230015,,0.0
202208230031,,0.0
202208230045,,0.0
202208230100,,0.0
202208230115,,0.0
202208230130,,0.0
202208230145,,0.0
202208230200,,0.0
202208230215,,0.0
202208230230,,0.0
202208230245,,0.0
202208230300,,0.0
202208230315,,0.0
202208230330,,0.0
202208230345,,0.0
202208230400,217.0,0.4
202208230416,,0.0
202208230431,,0.0
202208230445,,0.0
202208230501,,0.0
202208230516,,0.0
202208230530,,0.0
202208230545,,0.0
202208230600,,0.0
202208230615,,0.0
202208230630,,0.0
202208230700,,0.0
202208230715,,0.0
202208230745,,0.0
202208230800,,0.0
202208230815,,0.0
202208230830,,0.0
202208230845,,0.0
202208230900,,0.0
202208230915,,0.0
202208230930,,0.0
202208230945,,0.0
202208231001,,0.0
202208231016,,0.0
202208231030,216.0,0.4
202208231046,,0.0
202208231100,,0.0
202208231115,,0.0
202208231130,,0.0
202208231145,,0.0
202208231200,,0.0
202208231230,220.0,0.4
202208231245,,0.0
202208231301,,0.0
202208231315,,0.0
202208231330,,0.0
202208231345,,0.0
202208231400,,0.0
202208231415,,0.0
202208231430,,0.0
202208231446,,0.0
202208231500,,0.0
202208231516,,0.0
202208231530,,0.0
202208231545,,0.0
202208231600,113.0,1.3
202208231615,139.0,0.9
202208231631,,0.0
202208231645,89.0,0.4
202208231700,,0.0
202208231715,240.0,0.4
202208231730,,0.0
202208231745,252.0,0.4
202208231800,,0.0
202208231815,91.0,0.4
202208231831,238.0,0.4
202208231845,155.0,0.4
202208231900,224.0,0.9
202208231916,167.0,0.9
202208231930,210.0,1.8
202208231946,180.0,0.4
202208232000,338.0,0.4
202208232015,,0.0
202208232031,,0.0
202208232046,6.0,0.4
202208232115,103.0,0.4
202208232130,160.0,0.9
202208232200,,0.0
202208232230,,0.0
202208232245,,0.0
202208232300,,0.0
202208232330,,0.0
202208232345,,0.0
202208240000,,0.0
202208240015,,0.0
202208240030,,0.0
202208240045,287.0,0.9
202208240101,,0.0
202208240115,,0.0
202208240130,,0.0
202208240145,,0.0
202208240200,,0.0
202208240216,,0.0
202208240231,,0.0
202208240246,,0.0
202208240301,,0.0
202208240315,,0.0
202208240330,,0.0
202208240345,,0.0
202208240400,,0.0
202208240415,,0.0
202208240430,,0.0
202208240445,,0.0
202208240500,,0.0
202208240515,,0.0
202208240530,,0.0
202208240545,,0.0
202208240600,,0.0
202208240615,,0.0
202208240630,,0.0
202208240701,,0.0
202208240716,266.0,0.4
202208240730,,0.0
202208240745,,0.0
202208240801,,0.0
202208240815,262.0,0.4
202208240831,,0.0
202208240845,,0.0
202208240900,,0.0
202208240915,,0.0
202208240930,,0.0
202208240945,,0.0
202208241000,,0.0
202208241015,,0.0
202208241030,,0.0
202208241100,,0.0
202208241115,,0.0
202208241130,,0.0
202208241146,,0.0
202208241200,,0.0
202208241215,,0.0
202208241230,,0.0
202208241245,,0.0
202208241300,,0.0
202208241315,,0.0
202208241330,,0.0
202208241345,,0.0
202208241401,207.0,0.4
202208241415,,0.0
202208241430,,0.0
202208241445,,0.0
202208241500,,0.0
202208241515,252.0,0.4
202208241530,131.0,0.4
202208241545,73.0,0.4
202208241600,129.0,0.4
202208241615,262.0,0.4
202208241630,96.0,0.9
202208241645,157.0,0.4
202208241700,101.0,0.4
202208241715,161.0,0.9
202208241731,72.0,0.4
202208241745,259.0,0.9
202208241801,,0.0
202208241816,,0.0
202208241830,,0.0
202208241845,,0.0
202208241900,224.0,0.4
202208241915,160.0,0.4
202208241931,283.0,0.4
202208241946,,0.0
202208242001,,0.0
202208242015,245.0,0.4
202208242030,314.0,0.9
202208242045,254.0,0.4
202208242100,293.0,0.9
202208242115,291.0,0.4
202208242130,297.0,0.4
202208242145,120.0,0.4
202208242200,266.0,0.4
202208242215,,0.0
202208242231,294.0,0.4
202208242245,,0.0
202208242300,,0.0
202208242315,,0.0
202208242331,,0.0
202208242345,288.0,0.4
202208250000,,0.0
202208250015,,0.0
202208250030,,0.0
202208250045,,0.0
202208250100,,0.0
202208250115,,0.0
202208250130,,0.0
202208250146,,0.0
202208250200,,0.0
202208250215,,0.0
202208250231,,0.0
202208250246,,0.0
202208250301,,0.0
202208250316,,0.0
202208250330,,0.0
202208250345,229.0,0.4
202208250400,,0.0
202208250415,,0.0
202208250430,,0.0
202208250445,233.0,0.4
202208250515,,0.0
202208250530,,0.0
202208250545,,0.0
202208250600,,0.0
202208250615,,0.0
202208250630,,0.0
202208250700,,0.0
202208250715,,0.0
202208250730,,0.0
202208250745,,0.0
202208250800,,0.0
202208250816,,0.0
202208250845,,0.0
202208250900,,0.0
202208250916,,0.0
202208250931,,0.0
202208250945,,0.0
202208251000,,0.0
202208251015,,0.0
202208251030,,0.0
202208251045,,0.0
202208251130,,0.0
202208251145,,0.0
202208251200,,0.0
202208251215,259.0,0.4
202208251245,,0.0
202208251300,,0.0
202208251315,,0.0
202208251330,,0.0
202208251345,,0.0
202208251400,,0.0
202208251415,,0.0
202208251431,,0.0
202208251445,,0.0
202208251500,,0.0
202208251515,139.0,0.4
202208251530,,0.0
202208251545,,0.0
202208251600,,0.0
202208251615,,0.0
202208251645,,0.0
202208251715,247.0,0.9
202208251730,255.0,1.3
202208251800,175.0,0.4
202208251815,147.0,0.4
202208251830,153.0,0.9
202208251845,139.0,0.4
202208251900,248.0,1.3
202208251915,268.0,0.4
202208251931,131.0,0.4
202208251946,220.0,0.9
202208252001,273.0,1.8
202208252016,284.0,1.3
202208252030,161.0,1.3
202208252045,290.0,0.9
202208252100,234.0,0.9
202208252115,123.0,0.4
202208252130,123.0,0.4
202208252145,273.0,0.4
202208252215,149.0,0.9
202208252230,,0.0
202208252245,,0.0
202208252300,,0.0
202208252315,,0.0
202208252330,,0.0
202208252345,,0.0
202208260000,,0.0
202208260015,,0.0
202208260030,,0.0
202208260045,,0.0
202208260100,,0.0
202208260115,,0.0
202208260130,,0.0
202208260146,,0.0
202208260200,,0.0
202208260215,,0.0
202208260231,,0.0
202208260245,,0.0
202208260301,,0.0
202208260316,,0.0
202208260331,,0.0
202208260345,229.0,0.4
202208260400,,0.0
202208260415,,0.0
202208260430,,0.0
202208260445,,0.0
202208260500,,0.0
202208260530,,0.0
202208260545,235.0,0.4
202208260600,,0.0
202208260615,,0.0
202208260630,,0.0
202208260700,,0.0
202208260715,,0.0
202208260730,,0.0
202208260745,231.0,0.4
202208260800,,0.0
202208260815,,0.0
202208260830,,0.0
202208260845,,0.0
202208260900,,0.0
202208260915,,0.0
202208260931,,0.0
202208260945,,0.0
202208261000,,0.0
202208261015,,0.0
202208261030,231.0,0.4
202208261045,,0.0
202208261100,,0.0
202208261115,,0.0
202208261130,231.0,0.4
202208261145,,0.0
202208261201,,0.0
202208261216,,0.0
202208261231,,0.0
202208261245,,0.0
202208261300,,0.0
202208261316,,0.0
202208261330,,0.0
202208261345,212.0,0.4
202208261400,,0.0
202208261415,,0.0
202208261430,,0.0
202208261500,215.0,0.9
202208261515,150.0,0.4
202208261530,,0.0
202208261545,,0.0
202208261601,144.0,0.4
202208261615,113.0,0.4
202208261630,,0.0
202208261645,,0.0
202208261700,,0.0
202208261716,,0.0
202208261731,,0.0
202208261745,235.0,0.9
202208261800,,0.0
202208261815,130.0,0.9
202208261830,274.0,0.4
202208261845,249.0,0.4
202208261900,278.0,0.9
202208261915,115.0,0.4
202208261930,143.0,1.8
202208261945,,0.0
202208262000,244.0,0.4
202208262016,,0.0
202208262030,,0.0
202208262045,,0.0
202208262100,,0.0
202208262116,,0.0
202208262130,,0.0
202208262145,279.0,0.4
202208262200,269.0,0.9
202208262216,,0.0
202208262231,266.0,0.4
202208262246,248.0,0.4
202208262300,269.0,0.4
202208262315,,0.0
202208262331,,0.0
202208262345,,0.0
202208270001,,0.0
202208270016,,0.0
202208270031,,0.0
202208270045,,0.0
202208270100,,0.0
202208270115,,0.0
202208270130,,0.0
202208270145,,0.0
202208270200,,0.0
202208270215,,0.0
202208270230,,0.0
202208270246,,0.0
202208270300,,0.0
202208270315,253.0,0.4
202208270330,,0.0
202208270345,,0.0
202208270401,,0.0
202208270415,,0.0
202208270430,,0.0
202208270445,,0.0
202208270500,,0.0
202208270515,,0.0
202208270530,,0.0
202208270545,,0.0
202208270601,,0.0
202208270616,,0.0
202208270631,252.0,0.4
202208270700,,0.0
202208270715,,0.0
202208270730,,0.0
202208270746,,0.0
202208270800,,0.0
202208270815,252.0,0.4
202208270830,,0.0
202208270900,,0.0
202208270915,,0.0
202208270930,,0.0
202208271000,,0.0
202208271016,247.0,0.4
202208271030,,0.0
202208271045,,0.0
202208271100,,0.0
202208271115,,0.0
202208271130,264.0,0.4
202208271146,,0.0
202208271201,,0.0
202208271215,,0.0
202208271231,,0.0
202208271246,,0.0
202208271301,,0.0
202208271315,,0.0
202208271330,,0.0
202208271345,,0.0
202208271400,,0.0
202208271415,,0.0
202208271430,,0.0
202208271446,,0.0
202208271500,,0.0
202208271515,,0.0
202208271530,,0.0
202208271545,136.0,0.4
202208271601,58.0,0.4
202208271615,,0.0
202208271631,,0.0
202208271646,179.0,0.4
202208271701,236.0,0.4
202208271715,,0.0
202208271731,,0.0
202208271745,,0.0
202208271800,,0.0
202208271815,248.0,0.4
202208271830,243.0,0.4
202208271845,129.0,0.4
202208271900,321.0,1.3
202208271915,109.0,0.9
202208271930,,0.0
202208271945,,0.0
202208272000,238.0,0.4
202208272016,,0.0
202208272030,,0.0
202208272045,,0.0
202208272101,,0.0
202208272115,272.0,0.4
202208272130,,0.0
202208272200,,0.0
202208272215,,0.0
202208272230,,0.0
202208272246,,0.0
202208272301,,0.0
202208272315,246.0,0.4
202208272331,,0.0
202208272346,274.0,0.4
202208280015,,0.0
202208280030,,0.0
202208280045,,0.0
202208280100,,0.0
202208280115,,0.0
202208280130,,0.0
202208280145,,0.0
202208280200,,0.0
202208280215,,0.0
202208280230,,0.0
202208280245,,0.0
202208280300,,0.0
202208280315,,0.0
202208280330,,0.0
202208280345,,0.0
202208280400,,0.0
202208280415,,0.0
202208280430,,0.0
202208280445,,0.0
202208280501,,0.0
202208280546,,0.0
202208280600,,0.0
202208280616,,0.0
202208280631,219.0,0.9
202208280700,,0.0
202208280715,,0.0
202208280730,,0.0
202208280745,,0.0
202208280800,,0.0
202208280815,,0.0
202208280830,,0.0
202208280845,215.0,0.4
202208280900,,0.0
202208280915,,0.0
202208280930,,0.0
202208280945,,0.0
202208281000,,0.0
202208281015,,0.0
202208281030,,0.0
202208281045,,0.0
202208281100,215.0,0.4
202208281115,,0.0
202208281130,,0.0
202208281146,,0.0
202208281202,,0.0
202208281215,,0.0
202208281231,,0.0
202208281245,,0.0
202208281300,,0.0
202208281315,,0.0
202208281345,,0.0
202208281400,,0.0
202208281415,,0.0
202208281445,,0.0
202208281500,204.0,0.4
202208281515,,0.0
202208281530,,0.0
202208281546,167.0,0.4
202208281600,233.0,0.4
202208281616,216.0,0.4
202208281645,,0.0
202208281701,108.0,0.4
202208281715,227.0,0.9
202208281745,,0.0
202208281800,155.0,0.4
202208281815,,0.0
202208281830,97.0,0.4
202208281845,150.0,0.9
202208281900,298.0,0.4
202208281915,,0.0
202208281930,,0.0
202208281945,,0.0
202208282000,,0.0
202208282015,,0.0
202208282030,,0.0
202208282045,,0.0
202208282100,279.0,0.4
202208282116,,0.0
202208282130,262.0,0.4
202208282146,,0.0
202208282200,98.0,0.4
202208282215,255.0,0.9
202208282230,,0.0
202208282245,280.0,0.9
202208282301,,0.0
202208282315,258.0,0.4
202208282331,,0.0
202208282346,,0.0
202208290001,,0.0
202208290016,,0.0
202208290030,,0.0
202208290045,221.0,0.4
202208290115,,0.0
202208290130,,0.0
202208290145,,0.0
202208290200,,0.0
202208290215,,0.0
202208290230,,0.0
202208290245,,0.0
202208290300,,0.0
202208290315,,0.0
202208290330,,0.0
202208290345,,0.0
202208290400,,0.0
202208290415,,0.0
202208290431,,0.0
202208290445,,0.0
202208290500,,0.0
202208290516,,0.0
202208290530,,0.0
202208290545,,0.0
202208290600,,0.0
202208290615,,0.0
202208290631,,0.0
202208290701,,0.0
202208290715,,0.0
202208290730,,0.0
202208290745,,0.0
202208290800,,0.0
202208290815,,0.0
202208290845,,0.0
202208290900,,0.0
202208290915,,0.0
202208290930,,0.0
202208290945,,0.0
202208291000,,0.0
202208291015,,0.0
202208291030,,0.0
202208291046,,0.0
202208291101,,0.0
202208291116,,0.0
202208291131,,0.0
202208291145,,0.0
202208291200,,0.0
202208291216,,0.0
202208291231,,0.0
202208291246,,0.0
202208291300,,0.0
202208291315,,0.0
202208291330,,0.0
202208291345,,0.0
202208291400,,0.0
202208291415,177.0,0.4
202208291430,129.0,1.3
202208291445,136.0,1.3
202208291515,101.0,0.9
202208291545,166.0,0.4
202208291601,69.0,1.3
202208291615,131.0,0.4
202208291630,79.0,0.4
202208291646,,0.0
202208291701,235.0,0.4
202208291716,163.0,0.9
202208291730,,0.0
202208291745,110.0,0.4
202208291800,,0.0
202208291815,221.0,0.9
202208291830,98.0,0.9
202208291845,188.0,0.4
202208291915,122.0,0.4
202208291930,305.0,0.4
202208291945,231.0,0.9
202208292000,150.0,0.9
202208292015,,0.0
202208292030,160.0,0.4
202208292045,283.0,0.4
202208292100,134.0,0.4
202208292116,,0.0
202208292131,139.0,0.4
202208292146,,0.0
202208292216,269.0,0.9
202208292231,,0.0
202208292246,298.0,0.4
202208292300,267.0,0.9
202208292315,262.0,0.4
202208292330,255.0,0.4
202208292345,,0.0
202208300015,,0.0
202208300031,,0.0
202208300045,,0.0
202208300100,,0.0
202208300115,,0.0
202208300130,,0.0
202208300145,231.0,0.9
202208300200,,0.0
202208300230,,0.0
202208300245,,0.0
202208300300,216.0,0.4
202208300315,,0.0
202208300330,,0.0
202208300345,,0.0
202208300400,232.0,0.4
202208300415,,0.0
202208300431,,0.0
202208300445,,0.0
202208300500,,0.0
202208300531,,0.0
202208300546,,0.0
202208300615,,0.0
202208300630,,0.0
202208300700,,0.0
202208300715,226.0,0.4
202208300730,,0.0
202208300745,,0.0
202208300800,,0.0
202208300815,,0.0
202208300830,,0.0
202208300845,,0.0
202208300900,,0.0
202208300915,,0.0
202208300931,231.0,0.4
202208300946,215.0,0.4
202208301000,228.0,0.4
202208301015,,0.0
202208301030,,0.0
202208301046,,0.0
202208301100,,0.0
202208301116,,0.0
202208301130,,0.0
202208301146,232.0,0.4
202208301201,,0.0
202208301215,,0.0
202208301231,,0.0
202208301245,,0.0
202208301300,,0.0
202208301315,,0.0
202208301330,,0.0
202208301345,174.0,0.4
202208301400,,0.0
202208301415,172.0,0.4
202208301430,139.0,1.3
202208301445,,0.0
202208301500,231.0,0.4
202208301515,,0.0
202208301530,,0.0
202208301545,165.0,0.4
202208301601,,0.0
202208301616,,0.0
202208301630,127.0,0.4
202208301646,169.0,0.9
202208301701,,0.0
202208301715,118.0,0.4
202208301730,79.0,0.4
202208301745,142.0,0.4
202208301800,224.0,0.4
202208301815,238.0,0.4
202208301830,105.0,0.9
202208301845,322.0,0.9
202208301900,269.0,1.3
202208301930,,0.0
202208301945,300.0,1.3
202208302000,,0.0
202208302016,,0.0
202208302030,294.0,1.3
202208302046,,0.0
202208302101,,0.0
202208302116,237.0,0.4
202208302131,307.0,0.9
202208302146,225.0,0.9
202208302200,,0.0
202208302215,,0.0
202208302230,,0.0
202208302245,,0.0
202208302300,257.0,0.4
202208302315,,0.0
202208302330,,0.0
202208302345,,0.0
202208310000,,0.0
202208310015,,0.0
202208310030,,0.0
202208310045,,0.0
202208310100,,0.0
202208310130,,0.0
202208310145,,0.0
202208310200,,0.0
202208310245,,0.0
202208310316,,0.0
202208310330,,0.0
202208310345,,0.0
202208310401,,0.0
202208310415,,0.0
202208310430,,0.0
202208310446,,0.0
202208310501,,0.0
202208310515,31.0,0.4
202208310530,,0.0
202208310545,245.0,0.4
202208310600,,0.0
202208310615,,0.0
202208310630,,0.0
202208310700,265.0,0.4
202208310715,,0.0
202208310730,,0.0
202208310745,,0.0
202208310800,,0.0
202208310815,356.0,0.4
202208310830,,0.0
202208310845,,0.0
202208310900,,0.0
202208310916,,0.0
202208310946,,0.0
202208311000,,0.0
202208311015,,0.0
202208311030,,0.0
202208311045,,0.0
202208311100,,0.0
202208311115,,0.0
202208311130,,0.0
202208311145,,0.0
202208311200,,0.0
202208311216,,0.0
202208311230,,0.0
202208311245,,0.0
202208311315,,0.0
202208311330,,0.0
202208311345,277.0,1.8
202208311401,,0.0
202208311415,,0.0
202208311430,,0.0
202208311446,,0.0
202208311500,,0.0
202208311515,217.0,0.4
202208311530,217.0,0.9
202208311545,,0.0
202208311600,215.0,0.4
202208311615,257.0,0.4
202208311630,124.0,0.9
202208311645,,0.0
202208311700,129.0,0.9
202208311715,83.0,0.4
202208311730,80.0,0.4
202208311745,88.0,0.4
202208311800,95.0,0.4
202208311815,269.0,0.4
202208311830,148.0,0.9
202208311846,158.0,0.9
202208311900,150.0,0.9
202208311915,127.0,0.4
202208311931,333.0,0.4
202208311946,,0.0
202208312001,196.0,1.3
202208312015,77.0,0.9
202208312030,293.0,0.4
202208312046,84.0,0.4
202208312100,25.0,0.4
202208312115,162.0,0.4
202208312130,112.0,0.4
202208312145,110.0,0.4
202208312200,237.0,0.4
202208312215,139.0,0.9
202208312230,259.0,0.4
202208312245,276.0,0.4
202208312300,274.0,0.4
202208312315,256.0,0.9
202208312330,276.0,0.9
202208312345,,0.0
202209010000,,0.0
202209010030,,0.0
202209010045,,0.0
202209010100,267.0,0.4
202209010115,,0.0
202209010145,,0.0
202209010200,,0.0
202209010215,,0.0
202209010230,269.0,0.4
202209010245,,0.0
202209010300,,0.0
202209010316,,0.0
202209010330,,0.0
202209010345,,0.0
202209010401,,0.0
202209010416,,0.0
202209010430,,0.0
202209010445,,0.0
202209010500,,0.0
202209010515,,0.0
202209010530,,0.0
202209010545,,0.0
202209010601,,0.0
202209010615,,0.0
202209010630,,0.0
202209010700,,0.0
202209010715,,0.0
202209010730,,0.0
202209010746,,0.0
202209010801,,0.0
202209010815,,0.0
202209010830,,0.0
202209010845,,0.0
202209010902,,0.0
202209010916,,0.0
202209010931,,0.0
202209010945,,0.0
202209011000,,0.0
202209011015,,0.0
202209011030,,0.0
202209011045,,0.0
202209011100,,0.0
202209011115,,0.0
202209011130,,0.0
202209011145,,0.0
202209011200,,0.0
202209011215,,0.0
202209011230,,0.0
202209011245,,0.0
202209011300,,0.0
202209011315,,0.0
202209011330,,0.0
202209011345,,0.0
202209011400,,0.0
202209011415,,0.0
202209011431,189.0,0.9
202209011445,,0.0
202209011500,,0.0
202209011515,,0.0
202209011530,,0.0
202209011630,203.0,0.4
202209011646,145.0,0.4
202209011700,103.0,0.4
202209011715,259.0,0.9
202209011730,235.0,0.4
202209011746,228.0,1.3
202209011802,241.0,0.4
202209011815,270.0,0.4
202209011830,141.0,1.3
202209011845,210.0,0.9
202209011900,274.0,0.4
202209011915,230.0,0.4
202209011930,148.0,0.4
202209011945,148.0,1.3
202209012000,191.0,0.4
202209012015,113.0,1.3
202209012030,104.0,0.9
202209012045,236.0,0.4
202209012100,98.0,0.4
202209012115,,0.0
202209012130,264.0,1.3
202209012145,165.0,0.4
202209012200,127.0,0.4
202209012215,297.0,0.9
202209012230,292.0,0.4
202209012246,265.0,0.4
202209012300,281.0,0.9
202209012315,268.0,0.9
202209012330,266.0,0.4
202209012345,267.0,0.4
202209020000,,0.0
202209020016,,0.0
202209020030,272.0,0.4
202209020046,,0.0
202209020101,270.0,0.4
202209020115,269.0,0.4
202209020130,,0.0
202209020145,,0.0
202209020200,,0.0
202209020215,,0.0
202209020230,,0.0
202209020245,,0.0
202209020315,,0.0
202209020330,,0.0
202209020345,255.0,0.4
202209020400,,0.0
202209020415,,0.0
202209020430,,0.0
202209020445,,0.0
202209020501,,0.0
202209020515,,0.0
202209020530,,0.0
202209020601,,0.0
202209020615,,0.0
202209020630,,0.0
202209020700,,0.0
202209020715,,0.0
202209020730,,0.0
202209020746,,0.0
202209020800,,0.0
202209020830,,0.0
202209020845,,0.0
202209020900,,0.0
202209020915,,0.0
202209020930,,0.0
202209020945,,0.0
202209021000,,0.0
202209021015,,0.0
202209021030,,0.0
202209021045,,0.0
202209021101,,0.0
202209021115,,0.0
202209021130,,0.0
202209021215,,0.0
202209021230,,0.0
202209021245,,0.0
202209021300,,0.0
202209021316,,0.0
202209021330,,0.0
202209021345,,0.0
202209021400,,0.0
202209021415,,0.0
202209021430,,0.0
202209021445,,0.0
202209021501,179.0,0.4
202209021515,,0.0
202209021530,,0.0
202209021545,,0.0
202209021601,151.0,0.9
202209021615,333.0,0.9
202209021630,268.0,0.4
202209021645,184.0,0.4
202209021700,,0.0
202209021715,153.0,0.4
202209021731,91.0,0.4
202209021745,,0.0
202209021800,123.0,0.4
202209021815,236.0,0.4
202209021830,,0.0
202209021845,,0.0
202209021900,151.0,0.4
202209021915,174.0,0.4
202209021930,193.0,0.4
202209021945,212.0,0.9
202209022000,149.0,0.4
202209022015,,0.0
202209022030,,0.0
202209022045,148.0,0.4
202209022100,253.0,0.9
202209022115,120.0,0.4
202209022130,,0.0
202209022146,,0.0
202209022201,,0.0
202209022215,,0.0
202209022231,,0.0
202209022245,278.0,0.4
202209022300,,0.0
202209022315,,0.0
202209022330,,0.0
202209022345,,0.0
202209030000,,0.0
202209030015,,0.0
202209030030,,0.0
202209030045,,0.0
202209030100,148.0,0.4
202209030116,,0.0
202209030130,,0.0
202209030145,,0.0
202209030200,,0.0
202209030230,,0.0
202209030245,,0.0
202209030300,,0.0
202209030330,91.0,0.9
202209030346,,0.0
202209030400,231.0,0.4
202209030416,,0.0
202209030431,,0.0
202209030446,,0.0
202209030500,,0.0
202209030515,340.0,0.4
202209030530,311.0,0.4
202209030545,,0.0
202209030615,144.0,0.4
202209030700,,0.0
202209030715,,0.0
202209030730,,0.0
202209030745,,0.0
202209030800,,0.0
202209030815,,0.0
202209030831,,0.0
202209030845,,0.0
202209030900,,0.0
202209030915,,0.0
202209030930,,0.0
202209030946,,0.0
202209031000,,0.0
202209031015,,0.0
202209031030,,0.0
202209031046,,0.0
202209031101,,0.0
202209031116,,0.0
202209031130,,0.0
202209031145,,0.0
202209031200,,0.0
202209031215,,0.0
202209031245,,0.0
202209031300,,0.0
202209031315,,0.0
202209031330,,0.0
202209031345,,0.0
202209031400,,0.0
202209031415,,0.0
202209031431,,0.0
202209031445,,0.0
202209031500,,0.0
202209031515,,0.0
202209031530,,0.0
202209031545,,0.0
202209031601,,0.0
202209031615,,0.0
202209031630,,0.0
202209031646,,0.0
202209031701,189.0,0.4
202209031715,,0.0
202209031730,278.0,0.9
202209031745,,0.0
202209031800,,0.0
202209031815,116.0,0.4
202209031830,,0.0
202209031845,134.0,0.4
202209031900,,0.0
202209031916,,0.0
202209031945,,0.0
202209032000,,0.0
202209032015,285.0,0.4
202209032031,,0.0
202209032045,,0.0
202209032100,,0.0
202209032115,,0.0
202209032130,,0.0
202209032146,,0.0
202209032200,,0.0
202209032215,,0.0
202209032230,,0.0
202209032245,,0.0
202209032300,,0.0
202209032345,,0.0
202209040000,,0.0
202209040015,,0.0
202209040030,,0.0
202209040045,,0.0
202209040100,,0.0
202209040115,,0.0
202209040131,264.0,0.4
202209040145,,0.0
202209040200,,0.0
202209040215,,0.0
202209040230,,0.0
202209040245,,0.0
202209040301,,0.0
202209040315,,0.0
202209040331,,0.0
202209040401,,0.0
202209040415,,0.0
202209040431,,0.0
202209040446,,0.0
202209040500,,0.0
202209040515,,0.0
202209040545,,0.0
202209040600,,0.0
202209040615,,0.0
202209040630,,0.0
202209040700,286.0,0.4
202209040715,300.0,0.4
202209040730,,0.0
202209040745,,0.0
202209040800,335.0,0.4
202209040816,,0.0
202209040830,,0.0
202209040845,,0.0
202209040900,,0.0
202209040916,,0.0
202209040931,309.0,0.4
202209040945,,0.0
202209041001,,0.0
202209041016,,0.0
202209041030,,0.0
202209041045,,0.0
202209041100,,0.0
202209041115,,0.0
202209041145,,0.0
202209041200,,0.0
202209041215,,0.0
202209041230,,0.0
202209041245,,0.0
202209041300,,0.0
202209041315,,0.0
202209041330,,0.0
202209041345,,0.0
202209041400,,0.0
202209041415,,0.0
202209041430,,0.0
202209041445,,0.0
202209041500,,0.0
202209041515,,0.0
202209041545,,0.0
202209041600,,0.0
202209041615,,0.0
202209041631,,0.0
202209041645,,0.0
202209041701,,0.0
202209041716,,0.0
202209041730,,0.0
202209041745,,0.0
202209041800,,0.0
202209041815,,0.0
202209041830,,0.0
202209041845,244.0,0.4
202209041900,,0.0
202209041915,,0.0
202209041930,,0.0
202209041945,122.0,0.4
202209042000,,0.0
202209042015,,0.0
202209042030,,0.0
202209042046,,0.0
202209042100,,0.0
202209042115,,0.0
202209042130,,0.0
202209042145,,0.0
202209042200,,0.0
202209042216,,0.0
202209042230,,0.0
202209042245,,0.0
202209042300,,0.0
202209042315,,0.0
202209042330,,0.0
202209042345,,0.0
202209050000,,0.0
202209050015,,0.0
202209050030,,0.0
202209050045,,0.0
202209050115,,0.0
202209050130,,0.0
202209050145,,0.0
202209050200,,0.0
202209050215,,0.0
202209050230,,0.0
202209050245,,0.0
202209050300,,0.0
202209050330,,0.0
202209050345,,0.0
202209050400,,0.0
202209050415,,0.0
202209050430,,0.0
202209050446,54.0,0.4
202209050501,,0.0
202209050532,295.0,0.4
202209050547,,0.0
202209050600,,0.0
202209050615,,0.0
202209050700,,0.0
202209050715,,0.0
202209050730,,0.0
202209050745,,0.0
202209050801,154.0,0.4
202209050815,146.0,0.4
202209050830,264.0,1.3
202209050845,4.0,0.9
202209050900,,0.0
202209050916,,0.0
202209050931,180.0,0.9
202209050946,297.0,0.4
202209051001,158.0,0.4
202209051015,,0.0
202209051031,,0.0
202209051046,19.0,0.4
202209051101,198.0,0.4
202209051116,,0.0
202209051130,348.0,0.4
202209051145,,0.0
202209051215,,0.0
202209051230,285.0,0.4
202209051245,,0.0
202209051300,261.0,0.9
202209051315,,0.0
202209051330,,0.0
202209051345,,0.0
202209051400,307.0,0.9
202209051415,220.0,0.9
202209051430,330.0,0.4
202209051445,91.0,0.4
202209051500,,0.0
202209051515,,0.0
202209051545,,0.0
202209051600,,0.0
202209051616,,0.0
202209051630,292.0,0.4
202209051645,,0.0
202209051700,,0.0
202209051715,,0.0
202209051730,292.0,0.4
202209051745,134.0,0.4
202209051800,301.0,0.4
202209051815,245.0,1.3
202209051830,,0.0
202209051845,205.0,0.4
202209051900,237.0,0.4
202209051930,318.0,0.4
202209051945,139.0,0.4
202209052001,175.0,0.9
202209052015,293.0,0.4
202209052030,277.0,0.9
202209052100,,0.0
202209052116,,0.0
202209052131,,0.0
202209052145,,0.0
202209052201,,0.0
202209052215,,0.0
202209052231,,0.0
202209052245,,0.0
202209052300,,0.0
202209052315,,0.0
202209052330,,0.0
202209052346,,0.0
202209060000,,0.0
202209060016,,0.0
202209060030,,0.0
202209060046,,0.0
202209060101,,0.0
202209060131,,0.0
202209060145,,0.0
202209060200,,0.0
202209060215,,0.0
202209060230,,0.0
202209060245,,0.0
202209060300,221.0,0.4
202209060315,,0.0
202209060330,,0.0
202209060345,,0.0
202209060415,,0.0
202209060430,,0.0
202209060445,,0.0
202209060500,223.0,0.4
202209060515,,0.0
202209060530,,0.0
202209060545,,0.0
202209060600,,0.0
202209060615,,0.0
202209060631,,0.0
202209060701,,0.0
202209060715,,0.0
202209060730,,0.0
202209060745,,0.0
202209060800,,0.0
202209060815,,0.0
202209060830,,0.0
202209060845,,0.0
202209060900,,0.0
202209060915,,0.0
202209060930,,0.0
202209060945,124.0,0.4
202209061000,,0.0
202209061030,,0.0
202209061045,,0.0
202209061100,,0.0
202209061115,,0.0
202209061130,116.0,0.4
202209061200,,0.0
202209061215,63.0,0.4
202209061230,,0.0
202209061247,315.0,0.4
202209061301,,0.0
202209061315,,0.0
202209061330,,0.0
202209061415,238.0,0.4
202209061430,157.0,0.4
202209061445,67.0,0.4
202209061500,,0.0
202209061515,,0.0
202209061530,139.0,0.4
202209061545,117.0,0.4
202209061600,,0.0
202209061615,,0.0
202209061630,,0.0
202209061645,,0.0
202209061701,,0.0
202209061716,137.0,0.4
202209061731,143.0,0.4
202209061746,167.0,0.4
202209061800,123.0,0.9
202209061815,153.0,0.9
202209061830,132.0,1.3
202209061845,148.0,0.4
202209061900,122.0,1.3
202209061915,219.0,0.9
202209061930,215.0,0.4
202209062000,139.0,0.4
202209062015,239.0,0.9
202209062030,134.0,0.4
202209062046,,0.0
202209062100,116.0,0.4
202209062115,,0.0
202209062130,,0.0
202209062145,,0.0
202209062200,,0.0
202209062215,,0.0
202209062231,,0.0
202209062246,,0.0
202209062300,,0.0
202209062331,,0.0
202209062346,,0.0
202209070001,,0.0
202209070015,,0.0
202209070031,,0.0
202209070046,,0.0
202209070101,,0.0
202209070117,,0.0
202209070130,,0.0
202209070145,286.0,0.4
202209070200,,0.0
202209070215,,0.0
202209070230,,0.0
202209070300,,0.0
202209070315,,0.0
202209070330,,0.0
202209070345,,0.0
202209070400,,0.0
202209070415,,0.0
202209070430,,0.0
202209070446,,0.0
202209070500,,0.0
202209070515,,0.0
202209070546,,0.0
202209070601,,0.0
202209070616,274.0,0.4
202209070631,,0.0
202209070700,,0.0
202209070715,,0.0
202209070730,,0.0
202209070745,,0.0
202209070800,,0.0
202209070815,,0.0
202209070830,,0.0
202209070845,,0.0
202209070900,,0.0
202209070916,,0.0
202209070930,,0.0
202209070945,,0.0
202209071001,,0.0
202209071015,,0.0
202209071031,,0.0
202209071046,,0.0
202209071100,,0.0
202209071115,,0.0
202209071131,,0.0
202209071146,,0.0
202209071200,,0.0
202209071216,,0.0
202209071231,,0.0
202209071246,,0.0
202209071302,,0.0
202209071345,,0.0
202209071415,,0.0
202209071430,120.0,0.4
202209071445,144.0,1.3
202209071501,119.0,0.9
202209071515,,0.0
202209071530,,0.0
202209071545,,0.0
202209071601,,0.0
202209071631,,0.0
202209071646,,0.0
202209071702,117.0,0.4
202209071716,157.0,0.9
202209071731,,0.0
202209071746,150.0,0.9
202209071800,,0.0
202209071815,,0.0
202209071845,,0.0
202209071900,,0.0
202209071915,,0.0
202209071930,,0.0
202209071945,,0.0
202209072000,,0.0
202209072016,,0.0
202209072031,265.0,0.9
202209072045,,0.0
202209072101,,0.0
202209072116,,0.0
202209072130,,0.0
202209072146,,0.0
202209072201,,0.0
202209072216,,0.0
202209072230,,0.0
202209072246,267.0,0.4
202209072300,270.0,0.4
202209072315,,0.0
202209072330,,0.0
202209072345,,0.0
202209080000,,0.0
202209080015,,0.0
202209080030,,0.0
202209080045,,0.0
202209080100,,0.0
202209080115,,0.0
202209080130,,0.0
202209080145,,0.0
202209080201,,0.0
202209080215,,0.0
202209080230,,0.0
202209080300,,0.0
202209080315,,0.0
202209080331,,0.0
202209080345,,0.0
202209080400,,0.0
202209080416,,0.0
202209080431,,0.0
202209080446,,0.0
202209080500,,0.0
202209080516,,0.0
202209080531,,0.0
202209080545,,0.0
202209080600,,0.0
202209080615,,0.0
202209080630,172.0,0.4
202209080700,,0.0
202209080715,,0.0
202209080730,,0.0
202209080746,,0.0
202209080800,,0.0
202209080815,,0.0
202209080830,,0.0
202209080845,,0.0
202209080901,,0.0
202209080916,,0.0
202209080931,,0.0
202209080945,,0.0
202209081001,,0.0
202209081016,,0.0
202209081031,,0.0
202209081046,,0.0
202209081101,,0.0
202209081115,,0.0
202209081130,,0.0
202209081200,,0.0
202209081245,,0.0
202209081300,,0.0
202209081330,,0.0
202209081345,,0.0
202209081400,,0.0
202209081431,91.0,0.4
202209081445,98.0,0.9
202209081516,120.0,0.4
202209081531,,0.0
202209081545,122.0,0.9
202209081600,146.0,0.4
202209081615,,0.0
202209081630,95.0,0.4
202209081645,153.0,0.9
202209081700,245.0,0.4
202209081715,200.0,0.9
202209081745,232.0,0.9
202209081800,44.0,0.4
202209081816,73.0,0.9
202209081830,165.0,0.9
202209081846,80.0,0.4
202209081901,127.0,0.4
202209081930,,0.0
202209081946,,0.0
202209082001,,0.0
202209082016,,0.0
202209082030,,0.0
202209082047,,0.0
202209082101,293.0,0.4
202209082115,124.0,0.9
202209082130,,0.0
202209082145,,0.0
202209082200,,0.0
202209082215,,0.0
202209082230,,0.0
202209082245,,0.0
202209082300,,0.0
202209082315,,0.0
202209082330,,0.0
202209082345,,0.0
202209090000,,0.0
202209090015,,0.0
202209090030,,0.0
202209090045,,0.0
202209090100,,0.0
202209090115,,0.0
202209090131,,0.0
202209090145,,0.0
202209090201,,0.0
202209090216,,0.0
202209090230,,0.0
202209090246,,0.0
202209090300,,0.0
202209090315,,0.0
202209090331,,0.0
202209090345,,0.0
202209090400,,0.0
202209090416,,0.0
202209090430,,0.0
202209090501,,0.0
202209090515,,0.0
202209090530,,0.0
202209090545,,0.0
202209090615,,0.0
202209090630,,0.0
202209090700,,0.0
202209090716,,0.0
202209090730,,0.0
202209090745,,0.0
202209090801,,0.0
202209090815,,0.0
202209090830,,0.0
202209090846,,0.0
202209090901,,0.0
202209090916,,0.0
202209090930,,0.0
202209090945,,0.0
202209091000,,0.0
202209091015,,0.0
202209091030,,0.0
202209091045,,0.0
202209091100,,0.0
202209091115,,0.0
202209091130,,0.0
202209091145,,0.0
202209091201,,0.0
202209091216,,0.0
202209091230,,0.0
202209091246,,0.0
202209091300,,0.0
202209091345,,0.0
202209091400,148.0,0.4
202209091415,,0.0
202209091430,,0.0
202209091445,136.0,0.4
202209091501,,0.0
202209091530,134.0,0.4
202209091545,158.0,0.4
202209091600,,0.0
202209091615,146.0,0.4
202209091630,178.0,0.9
202209091645,193.0,0.4
202209091715,126.0,1.3
202209091730,198.0,0.9
202209091745,,0.0
202209091800,137.0,0.9
202209091816,149.0,0.4
202209091830,76.0,0.9
202209091845,148.0,1.3
202209091900,135.0,1.3
202209091915,165.0,0.9
202209091930,199.0,0.9
202209091946,148.0,0.9
202209092000,138.0,0.9
202209092015,171.0,0.4
202209092031,173.0,1.3
202209092046,219.0,0.9
202209092100,,0.0
202209092115,138.0,0.4
202209092130,121.0,0.9
202209092145,118.0,0.4
202209092200,,0.0
202209092215,,0.0
202209092230,,0.0
202209092245,,0.0
202209092300,,0.0
202209092315,,0.0
202209092330,,0.0
202209092345,,0.0
202209100000,,0.0
202209100015,,0.0
202209100030,,0.0
202209100045,,0.0
202209100100,,0.0
202209100115,,0.0
202209100145,,0.0
202209100200,,0.0
202209100215,,0.0
202209100230,,0.0
202209100301,160.0,0.4
202209100316,,0.0
202209100330,,0.0
202209100345,,0.0
202209100400,,0.0
202209100415,,0.0
202209100445,,0.0
202209100500,,0.0
202209100515,,0.0
202209100530,,0.0
202209100545,,0.0
202209100600,,0.0
202209100615,,0.0
202209100630,,0.0
202209100700,,0.0
202209100716,,0.0
202209100730,,0.0
202209100800,,0.0
202209100815,,0.0
202209100830,,0.0
202209100845,,0.0
202209100900,,0.0
202209100915,,0.0
202209100930,,0.0
202209100945,,0.0
202209101000,,0.0
202209101015,,0.0
202209101030,,0.0
202209101045,,0.0
202209101115,,0.0
202209101130,,0.0
202209101145,,0.0
202209101200,205.0,0.9
202209101215,164.0,0.4
202209101230,105.0,0.4
202209101246,,0.0
202209101301,,0.0
202209101315,221.0,0.4
202209101330,297.0,0.4
202209101345,,0.0
202209101400,,0.0
202209101415,,0.0
202209101430,,0.0
202209101445,,0.0
202209101500,,0.0
202209101515,,0.0
202209101530,,0.0
202209101545,247.0,0.4
202209101600,,0.0
202209101615,,0.0
202209101630,,0.0
202209101645,,0.0
202209101700,,0.0
202209101715,,0.0
202209101731,,0.0
202209101745,,0.0
202209101801,167.0,0.4
202209101815,,0.0
202209101830,,0.0
202209101846,,0.0
202209101900,,0.0
202209101915,,0.0
202209101930,,0.0
202209101946,,0.0
202209102000,,0.0
202209102015,215.0,0.4
202209102030,,0.0
202209102045,,0.0
202209102100,,0.0
202209102115,,0.0
202209102130,,0.0
202209102145,,0.0
202209102200,,0.0
202209102215,,0.0
202209102230,,0.0
202209102245,,0.0
202209102300,,0.0
202209102315,,0.0
202209102330,,0.0
202209102345,,0.0
202209110000,,0.0
202209110015,,0.0
202209110030,,0.0
202209110045,,0.0
202209110101,,0.0
202209110115,,0.0
202209110130,,0.0
202209110145,,0.0
202209110216,,0.0
202209110230,,0.0
202209110245,,0.0
202209110300,,0.0
202209110315,,0.0
202209110330,,0.0
202209110345,,0.0
202209110400,,0.0
202209110415,,0.0
202209110430,,0.0
202209110445,,0.0
202209110500,,0.0
202209110515,,0.0
202209110530,,0.0
202209110545,,0.0
202209110600,,0.0
202209110615,,0.0
202209110630,,0.0
202209110700,,0.0
202209110715,,0.0
202209110730,,0.0
202209110745,,0.0
202209110801,,0.0
202209110815,,0.0
202209110830,,0.0
202209110846,,0.0
202209110900,,0.0
202209110915,,0.0
202209110930,,0.0
202209110945,,0.0
202209111000,,0.0
202209111015,,0.0
202209111030,,0.0
202209111100,,0.0
202209111115,,0.0
202209111130,,0.0
202209111145,,0.0
202209111200,,0.0
202209111215,,0.0
202209111230,,0.0
202209111300,,0.0
202209111315,,0.0
202209111330,,0.0
202209111346,,0.0
202209111400,,0.0
202209111416,,0.0
202209111431,271.0,0.4
202209111446,270.0,0.4
202209111500,276.0,1.3
202209111515,,0.0
202209111530,,0.0
202209111545,273.0,1.3
202209111600,266.0,0.4
202209111615,114.0,1.8
202209111630,118.0,0.9
202209111645,149.0,0.4
202209111700,135.0,0.4
202209111715,264.0,0.9
202209111730,137.0,0.4
202209111745,293.0,0.4
202209111816,,0.0
202209111830,224.0,0.4
202209111845,144.0,0.9
202209111900,259.0,0.9
202209111916,237.0,0.9
202209111930,158.0,0.9
202209111945,120.0,0.4
202209112000,252.0,0.4
202209112015,278.0,0.4
202209112030,276.0,0.4
202209112045,205.0,0.4
202209112100,138.0,0.4
202209112115,182.0,0.9
202209112130,,0.0
202209112145,,0.0
202209112200,,0.0
202209112215,271.0,0.4
202209112230,281.0,0.4
202209112246,197.0,0.4
202209112300,,0.0
202209112315,,0.0
202209112330,,0.0
202209112346,,0.0
202209120000,,0.0
202209120016,,0.0
202209120031,,0.0
202209120045,,0.0
202209120100,,0.0
202209120115,,0.0
202209120131,,0.0
202209120200,,0.0
202209120215,82.0,0.4
202209120230,,0.0
202209120245,,0.0
202209120300,,0.0
202209120315,,0.0
202209120330,,0.0
202209120345,59.0,0.4
202209120400,,0.0
202209120415,,0.0
202209120430,,0.0
202209120445,231.0,0.4
202209120500,154.0,0.4
202209120515,,0.0
202209120530,,0.0
202209120545,,0.0
202209120600,,0.0
202209120615,,0.0
202209120630,,0.0
202209120701,,0.0
202209120715,104.0,0.4
202209120730,,0.0
202209120745,,0.0
202209120800,,0.0
202209120815,,0.0
202209120830,,0.0
202209120845,,0.0
202209120900,,0.0
202209120915,,0.0
202209120930,,0.0
202209120945,,0.0
202209121000,,0.0
202209121015,,0.0
202209121030,141.0,0.4
202209121045,120.0,0.9
202209121100,237.0,0.4
202209121115,298.0,0.4
202209121130,234.0,1.3
202209121145,139.0,0.9
202209121201,267.0,1.3
202209121216,278.0,1.8
202209121245,265.0,0.4
202209121301,261.0,1.8
202209121315,258.0,1.8
202209121330,274.0,0.4
202209121345,295.0,0.9
202209121400,250.0,0.4
202209121430,,0.0
202209121445,257.0,0.9
202209121501,,0.0
202209121515,,0.0
202209121530,,0.0
202209121545,,0.0
202209121601,122.0,0.4
202209121615,,0.0
202209121630,110.0,1.8
202209121645,287.0,0.9
202209121700,307.0,0.9
202209121715,283.0,1.3
202209121730,240.0,0.4
202209121746,,0.0
202209121801,,0.0
202209121815,250.0,0.4
202209121830,152.0,0.9
202209121845,309.0,0.4
202209121900,124.0,0.4
202209121915,,0.0
202209121945,220.0,0.4
202209122000,221.0,0.9
202209122015,,0.0
202209122030,261.0,0.4
202209122045,269.0,1.3
202209122100,266.0,0.9
202209122115,,0.0
202209122130,,0.0
202209122145,277.0,0.4
202209122215,304.0,1.3
202209122231,295.0,1.3
202209122245,262.0,0.4
202209122300,253.0,0.4
202209122316,,0.0
202209122331,250.0,0.4
202209122346,,0.0
202209130000,241.0,0.4
202209130015,,0.0
202209130030,,0.0
202209130045,,0.0
202209130100,,0.0
202209130115,,0.0
202209130130,,0.0
202209130145,,0.0
202209130200,,0.0
202209130215,,0.0
202209130230,,0.0
202209130245,,0.0
202209130300,216.0,0.4
202209130315,229.0,0.4
202209130330,,0.0
202209130345,,0.0
202209130400,,0.0
202209130415,,0.0
202209130431,,0.0
202209130445,,0.0
202209130500,,0.0
202209130515,,0.0
202209130530,,0.0
202209130545,278.0,0.4
202209130600,284.0,0.4
202209130615,,0.0
202209130630,134.0,0.4
202209130700,,0.0
202209130715,,0.0
202209130730,,0.0
202209130745,112.0,0.4
202209130801,,0.0
202209130815,,0.0
202209130830,,0.0
202209130845,,0.0
202209130900,243.0,0.4
202209130915,263.0,0.4
202209130931,,0.0
202209130946,,0.0
202209131000,,0.0
202209131015,,0.0
202209131030,,0.0
202209131045,278.0,0.4
202209131100,,0.0
202209131115,,0.0
202209131130,,0.0
202209131145,119.0,0.4
202209131200,133.0,0.4
202209131215,,0.0
202209131245,263.0,0.4
202209131300,,0.0
202209131316,269.0,1.3
202209131345,287.0,0.4
202209131401,,0.0
202209131416,,0.0
202209131431,134.0,0.4
202209131445,,0.0
202209131500,,0.0
202209131515,,0.0
202209131530,141.0,0.4
202209131545,264.0,0.4
202209131600,,0.0
202209131630,245.0,0.9
202209131645,225.0,0.4
202209131700,,0.0
202209131715,166.0,0.4
202209131730,154.0,0.4
202209131746,,0.0
202209131800,213.0,0.9
202209131815,,0.0
202209131831,,0.0
202209131845,240.0,0.4
202209131900,162.0,0.4
202209131915,,0.0
202209131931,,0.0
202209131946,,0.0
202209132001,286.0,0.9
202209132015,,0.0
202209132030,302.0,0.4
202209132045,266.0,0.9
202209132101,279.0,0.4
202209132115,235.0,0.4
202209132130,273.0,0.4
202209132145,269.0,0.9
202209132200,145.0,0.4
202209132215,272.0,0.4
202209132230,264.0,0.9
202209132245,265.0,0.9
202209132300,257.0,0.9
202209132331,263.0,0.4
202209132345,262.0,0.4
202209140000,265.0,0.4
202209140015,,0.0
202209140031,,0.0
202209140045,266.0,0.4
202209140100,,0.0
202209140115,,0.0
202209140130,,0.0
202209140146,,0.0
202209140201,,0.0
202209140216,,0.0
202209140230,,0.0
202209140245,,0.0
202209140315,,0.0
202209140330,,0.0
202209140345,,0.0
202209140400,,0.0
202209140415,,0.0
202209140430,,0.0
202209140445,223.0,0.4
202209140500,,0.0
202209140515,221.0,0.4
202209140530,,0.0
202209140545,223.0,0.4
202209140601,,0.0
202209140631,,0.0
202209140701,,0.0
202209140716,,0.0
202209140731,,0.0
202209140746,,0.0
202209140800,,0.0
202209140815,,0.0
202209140830,,0.0
202209140845,,0.0
202209140900,,0.0
202209140930,,0.0
202209140945,,0.0
202209141000,,0.0
202209141015,,0.0
202209141030,,0.0
202209141045,,0.0
202209141101,,0.0
202209141115,,0.0
202209141130,,0.0
202209141146,,0.0
202209141200,,0.0
202209141215,,0.0
202209141230,,0.0
202209141246,,0.0
202209141301,,0.0
202209141315,,0.0
202209141331,,0.0
202209141345,,0.0
202209141400,,0.0
202209141415,,0.0
202209141430,137.0,0.4
202209141445,,0.0
202209141500,289.0,0.4
202209141515,122.0,1.3
202209141530,139.0,0.4
202209141545,43.0,0.4
202209141600,125.0,0.4
202209141615,297.0,0.4
202209141630,,0.0
202209141645,120.0,0.4
202209141701,127.0,0.9
202209141715,91.0,0.4
202209141730,122.0,0.4
202209141746,133.0,0.9
202209141800,124.0,0.9
202209141815,148.0,0.4
202209141830,133.0,0.4
202209141845,86.0,0.4
202209141900,241.0,0.4
202209141915,270.0,0.9
202209141930,,0.0
202209141945,127.0,0.4
202209142000,235.0,0.4
202209142015,277.0,0.9
202209142030,,0.0
202209142115,,0.0
202209142130,153.0,0.4
202209142145,127.0,0.4
202209142200,,0.0
202209142215,,0.0
202209142230,,0.0
202209142246,,0.0
202209142300,327.0,0.4
202209142316,,0.0
202209142330,264.0,0.4
202209142346,,0.0
202209150015,,0.0
202209150030,,0.0
202209150045,,0.0
202209150100,,0.0
202209150115,,0.0
202209150130,,0.0
202209150145,,0.0
202209150200,,0.0
202209150215,,0.0
202209150230,,0.0
202209150245,,0.0
202209150300,,0.0
202209150317,,0.0
202209150330,,0.0
202209150345,,0.0
202209150400,,0.0
202209150415,,0.0
202209150430,,0.0
202209150446,,0.0
202209150500,,0.0
202209150516,,0.0
202209150530,,0.0
202209150545,,0.0
202209150600,,0.0
202209150615,,0.0
202209150630,,0.0
202209150700,,0.0
202209150715,,0.0
202209150745,,0.0
202209150800,,0.0
202209150815,,0.0
202209150830,,0.0
202209150845,,0.0
202209150900,,0.0
202209150915,,0.0
202209150931,,0.0
202209150946,,0.0
202209151000,,0.0
202209151031,,0.0
202209151046,,0.0
202209151101,,0.0
202209151115,,0.0
202209151130,,0.0
202209151145,,0.0
202209151200,,0.0
202209151215,,0.0
202209151230,,0.0
202209151245,,0.0
202209151300,,0.0
202209151315,,0.0
202209151330,,0.0
202209151345,,0.0
202209151400,,0.0
202209151415,,0.0
202209151430,181.0,0.4
202209151446,157.0,1.3
202209151500,168.0,0.4
202209151515,78.0,0.4
202209151530,113.0,1.8
202209151545,142.0,1.8
202209151600,132.0,0.9
202209151615,134.0,0.9
202209151630,183.0,0.9
202209151700,114.0,0.9
202209151730,117.0,1.3
202209151746,176.0,0.9
202209151800,155.0,1.3
202209151815,135.0,1.8
202209151831,179.0,0.4
202209151846,235.0,0.9
202209151915,158.0,2.2
202209151930,150.0,1.3
202209151946,179.0,0.9
202209152000,116.0,0.9
202209152015,150.0,0.9
202209152030,318.0,0.4
202209152045,120.0,0.4
202209152101,34.0,0.4
202209152115,92.0,1.3
202209152130,,0.0
202209152145,33.0,0.4
202209152200,,0.0
202209152215,278.0,0.4
202209152230,285.0,0.9
202209152245,284.0,0.9
202209152300,257.0,0.9
202209152316,255.0,0.4
202209152330,,0.0
202209160000,,0.0
202209160015,,0.0
202209160030,,0.0
202209160046,,0.0
202209160101,,0.0
202209160116,240.0,0.4
202209160130,,0.0
202209160145,241.0,0.4
202209160200,,0.0
202209160215,,0.0
202209160230,,0.0
202209160246,,0.0
202209160316,,0.0
202209160330,,0.0
202209160345,,0.0
202209160400,,0.0
202209160415,,0.0
202209160430,,0.0
202209160500,,0.0
202209160515,,0.0
202209160530,,0.0
202209160545,,0.0
202209160600,,0.0
202209160615,,0.0
202209160630,,0.0
202209160700,,0.0
202209160715,,0.0
202209160731,,0.0
202209160746,,0.0
202209160800,,0.0
202209160816,,0.0
202209160846,,0.0
202209160901,,0.0
202209160915,,0.0
202209160930,,0.0
202209160945,,0.0
202209161000,,0.0
202209161015,,0.0
202209161030,,0.0
202209161045,,0.0
202209161100,,0.0
202209161115,,0.0
202209161130,,0.0
202209161145,,0.0
202209161200,,0.0
202209161215,,0.0
202209161230,,0.0
202209161245,,0.0
202209161300,,0.0
202209161316,,0.0
202209161330,,0.0
202209161345,,0.0
202209161401,,0.0
202209161415,205.0,0.4
202209161430,,0.0
202209161445,,0.0
202209161515,217.0,0.4
202209161530,,0.0
202209161545,,0.0
202209161600,184.0,0.4
202209161615,179.0,0.4
202209161630,179.0,0.4
202209161645,214.0,1.3
202209161700,176.0,0.4
202209161715,,0.0
202209161730,,0.0
202209161745,,0.0
202209161801,,0.0
202209161815,215.0,0.4
202209161830,228.0,1.3
202209161845,199.0,0.4
202209161915,160.0,0.4
202209161930,257.0,0.4
202209161945,135.0,1.3
202209162000,236.0,0.9
202209162016,134.0,1.3
202209162030,152.0,0.4
202209162045,134.0,0.4
202209162100,152.0,0.4
202209162115,269.0,0.4
202209162130,155.0,0.4
202209162145,,0.0
202209162201,,0.0
202209162215,258.0,0.4
202209162230,244.0,0.4
202209162245,,0.0
202209162300,,0.0
202209162330,,0.0
202209162345,,0.0
202209170002,241.0,0.4
202209170016,,0.0
202209170031,,0.0
202209170046,,0.0
202209170100,,0.0
202209170115,,0.0
202209170130,,0.0
202209170145,,0.0
202209170200,,0.0
202209170230,,0.0
202209170245,,0.0
202209170300,,0.0
202209170315,,0.0
202209170345,,0.0
202209170400,,0.0
202209170415,,0.0
202209170430,,0.0
202209170445,,0.0
202209170501,,0.0
202209170515,,0.0
202209170531,,0.0
202209170545,,0.0
202209170601,,0.0
202209170615,,0.0
202209170631,,0.0
202209170715,,0.0
202209170731,,0.0
202209170746,,0.0
202209170800,,0.0
202209170815,,0.0
202209170830,,0.0
202209170845,,0.0
202209170900,,0.0
202209170915,,0.0
202209170930,,0.0
202209170945,,0.0
202209171000,,0.0
202209171015,,0.0
202209171030,,0.0
202209171045,,0.0
202209171100,,0.0
202209171130,,0.0
202209171145,,0.0
202209171200,,0.0
202209171215,,0.0
202209171230,,0.0
202209171245,,0.0
202209171300,,0.0
202209171315,,0.0
202209171331,,0.0
202209171345,,0.0
202209171400,,0.0
202209171415,,0.0
202209171430,,0.0
202209171445,184.0,0.4
202209171500,,0.0
202209171515,,0.0
202209171530,169.0,0.4
202209171600,193.0,0.4
202209171615,,0.0
202209171630,174.0,0.4
202209171700,,0.0
202209171715,249.0,0.4
202209171730,172.0,0.4
202209171745,226.0,0.4
202209171800,164.0,0.4
202209171815,271.0,0.9
202209171830,254.0,1.3
202209171900,168.0,0.4
202209171915,136.0,0.9
202209171930,260.0,0.4
202209171945,208.0,0.9
202209172000,,0.0
202209172015,245.0,0.4
202209172030,,0.0
202209172045,,0.0
202209172100,283.0,1.3
202209172115,,0.0
202209172130,,0.0
202209172145,224.0,0.4
202209172200,,0.0
202209172215,257.0,0.4
202209172230,258.0,0.4
202209172245,260.0,0.9
202209172300,238.0,0.9
202209172315,,0.0
202209172330,240.0,0.4
202209172345,,0.0
202209180000,,0.0
202209180016,243.0,0.4
202209180031,245.0,0.4
202209180045,,0.0
202209180101,,0.0
202209180116,,0.0
202209180130,,0.0
202209180145,,0.0
202209180200,,0.0
202209180215,,0.0
202209180230,,0.0
202209180245,,0.0
202209180300,,0.0
202209180315,,0.0
202209180330,,0.0
202209180345,,0.0
202209180400,,0.0
202209180415,,0.0
202209180431,,0.0
202209180445,,0.0
202209180500,,0.0
202209180515,,0.0
202209180530,,0.0
202209180545,,0.0
202209180601,,0.0
202209180615,,0.0
202209180630,,0.0
202209180701,,0.0
202209180715,,0.0
202209180730,,0.0
202209180745,,0.0
202209180800,,0.0
202209180815,,0.0
202209180830,,0.0
202209180845,,0.0
202209180900,,0.0
202209180915,,0.0
202209180930,,0.0
202209180945,,0.0
202209181000,,0.0
202209181015,,0.0
202209181030,,0.0
202209181045,,0.0
202209181100,,0.0
202209181115,,0.0
202209181130,,0.0
202209181145,,0.0
202209181200,,0.0
202209181230,,0.0
202209181246,,0.0
202209181315,,0.0
202209181330,,0.0
202209181345,,0.0
202209181400,,0.0
202209181415,,0.0
202209181430,,0.0
202209181446,179.0,0.4
202209181500,,0.0
202209181515,,0.0
202209181530,189.0,0.9
202209181546,183.0,0.4
202209181601,171.0,0.4
202209181615,143.0,0.4
202209181631,,0.0
202209181645,184.0,0.9
202209181700,253.0,0.4
202209181715,,0.0
202209181730,139.0,0.9
202209181745,231.0,0.4
202209181801,172.0,0.4
202209181815,231.0,0.4
202209181830,,0.0
202209181845,149.0,0.4
202209181900,,0.0
202209181916,,0.0
202209181930,159.0,0.4
202209181945,158.0,0.4
202209182000,162.0,0.4
202209182015,,0.0
202209182030,148.0,0.4
202209182046,,0.0
202209182100,,0.0
202209182115,,0.0
202209182131,160.0,0.4
202209182146,161.0,0.9
202209182200,,0.0
202209182215,,0.0
202209182230,,0.0
202209182245,240.0,0.4
202209182300,244.0,0.4
202209182315,,0.0
202209182330,,0.0
202209182345,253.0,0.4
202209190000,260.0,0.4
202209190030,257.0,0.4
202209190045,,0.0
202209190100,,0.0
202209190115,,0.0
202209190130,,0.0
202209190145,,0.0
202209190201,,0.0
202209190215,,0.0
202209190230,,0.0
202209190246,,0.0
202209190300,,0.0
202209190316,,0.0
202209190331,,0.0
202209190345,,0.0
202209190400,,0.0
202209190415,,0.0
202209190430,,0.0
202209190446,,0.0
202209190500,,0.0
202209190515,,0.0
202209190530,,0.0
202209190545,,0.0
202209190600,,0.0
202209190615,,0.0
202209190630,,0.0
202209190700,,0.0
202209190730,,0.0
202209190745,,0.0
202209190800,,0.0
202209190815,,0.0
202209190831,,0.0
202209190845,,0.0
202209190900,,0.0
202209190915,,0.0
202209190931,,0.0
202209190945,,0.0
202209191001,,0.0
202209191015,,0.0
202209191030,,0.0
202209191045,,0.0
202209191100,,0.0
202209191115,,0.0
202209191130,,0.0
202209191145,,0.0
202209191200,,0.0
202209191215,,0.0
202209191230,,0.0
202209191245,,0.0
202209191300,,0.0
202209191315,,0.0
202209191330,,0.0
202209191346,,0.0
202209191400,,0.0
202209191415,,0.0
202209191430,,0.0
202209191446,,0.0
202209191501,,0.0
202209191515,,0.0
202209191530,,0.0
202209191546,,0.0
202209191600,,0.0
202209191615,,0.0
202209191630,,0.0
202209191645,,0.0
202209191700,,0.0
202209191715,,0.0
202209191730,,0.0
202209191745,,0.0
202209191800,,0.0
202209191815,,0.0
202209191830,,0.0
202209191846,,0.0
202209191900,,0.0
202209191916,,0.0
202209191930,,0.0
202209191931,,0.0
202209191945,,0.0
202209192000,,0.0
202209192015,,0.0
202209192030,,0.0
202209192045,,0.0
202209192100,,0.0
202209192115,,0.0
202209192130,,0.0
202209192145,,0.0
202209192200,,0.0
202209192215,,0.0
202209192230,,0.0
202209192245,,0.0
202209192300,,0.0
202209192315,,0.0
202209192330,,0.0
202209192345,,0.0
202209200000,,0.0
202209200015,,0.0
202209200030,,0.0
202209200046,,0.0
202209200101,,0.0
202209200115,,0.0
202209200131,,0.0
202209200146,,0.0
202209200201,,0.0
202209200216,,0.0
202209200230,,0.0
202209200245,,0.0
202209200300,,0.0
202209200330,,0.0
202209200345,,0.0
202209200400,,0.0
202209200415,,0.0
202209200430,,0.0
202209200445,,0.0
202209200500,,0.0
202209200515,,0.0
202209200530,,0.0
202209200545,,0.0
202209200601,,0.0
202209200615,,0.0
202209200630,,0.0
202209200700,,0.0
202209200715,,0.0
202209200730,,0.0
202209200745,,0.0
202209200801,,0.0
202209200816,,0.0
202209200830,,0.0
202209200845,,0.0
202209200901,,0.0
202209200915,,0.0
202209200930,,0.0
202209200945,,0.0
202209201000,,0.0
202209201015,,0.0
202209201030,,0.0
202209201045,,0.0
202209201100,,0.0
202209201115,,0.0
202209201145,,0.0
202209201200,,0.0
202209201215,,0.0
202209201230,,0.0
202209201246,,0.0
202209201300,,0.0
202209201315,,0.0
202209201330,,0.0
202209201346,,0.0
202209201400,,0.0
202209201415,,0.0
202209201430,,0.0
202209201445,,0.0
202209201500,,0.0
202209201515,,0.0
202209201530,,0.0
202209201545,,0.0
202209201600,,0.0
202209201615,,0.0
202209201630,,0.0
202209201645,,0.0
202209201700,,0.0
202209201715,,0.0
202209201730,,0.0
202209201745,,0.0
202209201801,,0.0
202209201815,,0.0
202209201831,,0.0
202209201846,,0.0
202209201900,,0.0
202209201915,,0.0
202209201930,,0.0
202209201945,,0.0
202209202000,,0.0
202209202015,,0.0
202209202030,,0.0
202209202045,,0.0
202209202100,,0.0
202209202115,,0.0
202209202130,,0.0
202209202145,,0.0
202209202201,,0.0
202209202215,,0.0
202209202245,,0.0
202209202300,,0.0
202209202315,,0.0
202209202330,,0.0
202209202346,,0.0
202209210001,,0.0
202209210016,,0.0
202209210046,,0.0
202209210101,,0.0
202209210115,,0.0
202209210131,,0.0
202209210146,,0.0
202209210200,,0.0
202209210215,,0.0
202209210230,,0.0
202209210245,,0.0
202209210300,,0.0
202209210315,,0.0
202209210330,,0.0
202209210345,,0.0
202209210400,,0.0
202209210415,,0.0
202209210430,,0.0
202209210446,,0.0
202209210500,,0.0
202209210516,,0.0
202209210530,,0.0
202209210545,,0.0
202209210600,,0.0
202209210615,,0.0
202209210631,,0.0
202209210701,,0.0
202209210715,,0.0
202209210730,,0.0
202209210745,,0.0
202209210800,,0.0
202209210815,,0.0
202209210830,,0.0
202209210845,,0.0
202209210900,,0.0
202209210915,,0.0
202209210930,,0.0
202209210945,,0.0
202209211001,,0.0
202209211015,,0.0
202209211045,,0.0
202209211101,,0.0
202209211115,,0.0
202209211145,,0.0
202209211202,,0.0
202209211215,,0.0
202209211231,,0.0
202209211245,,0.0
202209211300,,0.0
202209211316,,0.0
202209211331,,0.0
202209211345,,0.0
202209211400,,0.0
202209211415,,0.0
202209211430,,0.0
202209211445,,0.0
202209211500,,0.0
202209211515,,0.0
202209211530,,0.0
202209211545,,0.0
202209211600,,0.0
202209211615,,0.0
202209211630,,0.0
202209211645,,0.0
202209211701,,0.0
202209211715,,0.0
202209211730,,0.0
202209211745,,0.0
202209211800,,0.0
202209211815,,0.0
202209211845,,0.0
202209211900,,0.0
202209211915,,0.0
202209211930,,0.0
202209211945,,0.0
202209212000,,0.0
202209212015,,0.0
202209212031,,0.0
202209212045,,0.0
202209212100,,0.0
202209212115,,0.0
202209212130,,0.0
202209212145,,0.0
202209212201,,0.0
202209212216,,0.0
202209212230,,0.0
202209212300,,0.0
202209212330,,0.0
202209212345,,0.0
202209220016,,0.0
202209220030,,0.0
202209220045,,0.0
202209220115,,0.0
202209220130,,0.0
202209220145,,0.0
202209220200,,0.0
202209220215,,0.0
202209220230,,0.0
202209220245,,0.0
202209220301,,0.0
202209220315,,0.0
202209220330,,0.0
202209220345,,0.0
202209220400,,0.0
202209220415,,0.0
202209220431,,0.0
202209220445,,0.0
202209220501,,0.0
202209220516,,0.0
202209220530,,0.0
202209220545,,0.0
202209220600,,0.0
202209220630,,0.0
202209220700,,0.0
202209220716,,0.0
202209220730,,0.0
202209220746,,0.0
202209220800,,0.0
202209220815,,0.0
202209220831,,0.0
202209220846,,0.0
202209220901,,0.0
202209220915,,0.0
202209220930,,0.0
202209220945,,0.0
202209221000,,0.0
202209221015,,0.0
202209221030,,0.0
202209221045,,0.0
202209221100,,0.0
202209221115,,0.0
202209221130,,0.0
202209221146,292.0,0.4
202209221200,,0.0
202209221215,82.0,0.4
202209221230,,0.0
202209221245,,0.0
202209221300,,0.0
202209221330,,0.0
202209221345,,0.0
202209221400,,0.0
202209221416,225.0,0.9
202209221430,127.0,0.4
202209221445,297.0,0.4
202209221500,269.0,0.4
202209221515,234.0,0.4
202209221530,335.0,0.4
202209221545,264.0,0.4
202209221600,,0.0
202209221615,256.0,1.8
202209221630,217.0,0.9
202209221645,240.0,2.2
202209221700,232.0,0.9
202209221715,212.0,0.9
202209221730,127.0,1.3
202209221746,172.0,0.4
202209221800,273.0,1.3
202209221816,287.0,3.1
202209221830,264.0,2.2
202209221900,188.0,1.8
202209221930,134.0,1.8
202209221945,304.0,1.3
202209222000,205.0,0.9
202209222030,329.0,1.3
202209222045,204.0,1.3
202209222100,226.0,1.8
202209222115,228.0,0.9
202209222130,294.0,0.4
202209222145,193.0,0.4
202209222200,222.0,0.4
202209222215,60.0,0.9
202209222245,221.0,0.9
202209222300,182.0,0.4
202209222316,218.0,1.8
202209222330,,0.0
202209222346,221.0,0.4
202209230001,,0.0
202209230016,264.0,0.4
202209230030,,0.0
202209230045,260.0,0.9
202209230100,,0.0
202209230115,255.0,1.8
202209230130,146.0,1.3
202209230145,218.0,0.4
202209230200,139.0,1.8
202209230215,83.0,0.4
202209230230,,0.0
202209230245,,0.0
202209230315,286.0,0.4
202209230345,,0.0
202209230400,,0.0
202209230415,,0.0
202209230430,,0.0
202209230446,,0.0
202209230501,249.0,0.9
202209230531,230.0,0.4
202209230545,247.0,0.4
202209230615,,0.0
202209230630,,0.0
202209230700,202.0,0.4
202209230715,,0.0
202209230730,,0.0
202209230745,,0.0
202209230800,268.0,0.9
202209230815,,0.0
202209230830,267.0,0.9
202209230845,,0.0
202209230900,,0.0
202209230915,,0.0
202209230931,,0.0
202209230946,,0.0
202209231001,,0.0
202209231015,,0.0
202209231030,,0.0
202209231045,,0.0
202209231100,,0.0
202209231115,,0.0
202209231130,,0.0
202209231145,280.0,0.4
202209231200,,0.0
202209231215,,0.0
202209231230,,0.0
202209231245,,0.0
202209231300,,0.0
202209231315,,0.0
202209231330,,0.0
202209231346,,0.0
202209231401,,0.0
202209231416,,0.0
202209231431,,0.0
202209231445,,0.0
202209231500,,0.0
202209231515,96.0,0.4
202209231530,127.0,1.8
202209231545,114.0,0.4
202209231600,125.0,0.4
202209231630,117.0,0.9
202209231646,195.0,0.9
202209231701,122.0,0.9
202209231715,212.0,1.3
202209231730,160.0,1.3
202209231745,169.0,1.3
202209231801,146.0,0.9
202209231815,,0.0
202209231830,166.0,0.4
202209231845,98.0,0.9
202209231900,,0.0
202209231915,,0.0
202209231930,255.0,0.4
202209231945,,0.0
202209232000,202.0,0.4
202209232015,,0.0
202209232030,257.0,0.9
202209232045,,0.0
202209232100,204.0,0.4
202209232115,131.0,0.4
202209232130,269.0,0.4
202209232145,,0.0
202209232200,,0.0
202209232215,277.0,1.3
202209232230,288.0,0.9
202209232245,271.0,1.3
202209232300,279.0,0.9
202209232316,256.0,0.4
202209232331,266.0,0.4
202209232345,,0.0
202209240001,,0.0
202209240015,271.0,0.4
202209240030,262.0,0.4
202209240045,,0.0
202209240100,,0.0
202209240116,276.0,0.4
202209240132,,0.0
202209240145,,0.0
202209240200,,0.0
202209240215,,0.0
202209240230,,0.0
202209240245,,0.0
202209240300,,0.0
202209240315,,0.0
202209240330,,0.0
202209240345,,0.0
202209240400,,0.0
202209240415,,0.0
202209240430,,0.0
202209240445,,0.0
202209240501,,0.0
202209240515,,0.0
202209240530,,0.0
202209240545,,0.0
202209240600,,0.0
202209240615,,0.0
202209240631,,0.0
202209240700,,0.0
202209240715,,0.0
202209240730,,0.0
202209240745,,0.0
202209240800,,0.0
202209240815,,0.0
202209240830,,0.0
202209240846,,0.0
202209240900,,0.0
202209240915,,0.0
202209240930,,0.0
202209241000,,0.0
202209241015,,0.0
202209241030,,0.0
202209241045,283.0,0.4
202209241101,,0.0
202209241115,,0.0
202209241130,,0.0
202209241146,,0.0
202209241200,248.0,0.4
202209241215,,0.0
202209241232,,0.0
202209241246,,0.0
202209241300,,0.0
202209241330,,0.0
202209241345,,0.0
202209241400,,0.0
202209241415,,0.0
202209241430,,0.0
202209241445,141.0,0.4
202209241500,122.0,0.4
202209241516,321.0,0.9
202209241532,101.0,0.4
202209241546,246.0,0.4
202209241601,148.0,0.4
202209241616,143.0,0.4
202209241631,143.0,0.4
202209241645,218.0,0.9
202209241700,221.0,1.3
202209241715,251.0,0.4
202209241730,103.0,0.4
202209241745,,0.0
202209241800,136.0,0.9
202209241815,99.0,0.4
202209241830,283.0,1.3
202209241845,157.0,0.4
202209241900,199.0,0.9
202209241915,126.0,0.4
202209241930,165.0,0.4
202209241945,264.0,0.9
202209242015,139.0,0.9
202209242030,75.0,0.4
202209242045,131.0,0.4
202209242100,90.0,0.9
202209242115,200.0,0.9
202209242131,,0.0
202209242146,,0.0
202209242200,,0.0
202209242215,301.0,0.4
202209242230,,0.0
202209242245,,0.0
202209242300,,0.0
202209242330,,0.0
202209242345,,0.0
202209250000,,0.0
202209250015,,0.0
202209250045,,0.0
202209250100,283.0,0.4
202209250115,,0.0
202209250130,,0.0
202209250145,,0.0
202209250200,,0.0
202209250215,,0.0
202209250230,,0.0
202209250245,,0.0
202209250300,,0.0
202209250315,,0.0
202209250330,,0.0
202209250345,,0.0
202209250401,,0.0
202209250415,,0.0
202209250431,,0.0
202209250445,,0.0
202209250515,,0.0
202209250530,,0.0
202209250545,,0.0
202209250600,,0.0
202209250615,,0.0
202209250630,,0.0
202209250700,,0.0
202209250715,,0.0
202209250730,,0.0
202209250745,,0.0
202209250800,86.0,0.4
202209250830,256.0,2.2
202209250845,195.0,1.3
202209250901,292.0,1.8
202209250916,277.0,2.7
202209250930,283.0,2.7
202209250945,266.0,2.2
202209251000,250.0,1.3
202209251015,98.0,1.8
202209251030,253.0,2.7
202209251046,269.0,3.6
202209251100,295.0,1.8
202209251115,,0.0
202209251130,285.0,0.9
202209251145,269.0,2.2
202209251200,241.0,0.4
202209251215,223.0,0.9
202209251230,226.0,1.3
202209251245,150.0,0.4
202209251300,255.0,0.4
202209251315,,0.0
202209251330,,0.0
202209251345,,0.0
202209251400,198.0,0.4
202209251415,266.0,0.4
202209251430,257.0,0.4
202209251446,,0.0
202209251500,228.0,1.3
202209251516,264.0,1.8
202209251530,278.0,1.8
202209251545,297.0,0.9
202209251600,289.0,0.4
202209251615,271.0,1.3
202209251630,264.0,1.3
202209251645,316.0,1.8
202209251700,254.0,0.9
202209251715,239.0,2.2
202209251730,109.0,1.3
202209251745,271.0,0.4
202209251800,292.0,0.9
202209251815,295.0,1.8
202209251830,275.0,0.4
202209251845,262.0,1.3
202209251900,271.0,0.4
202209251915,255.0,0.9
202209251930,31.0,1.3
202209251945,178.0,0.9
202209252000,166.0,1.3
202209252016,141.0,0.9
202209252030,269.0,0.9
202209252045,,0.0
202209252100,,0.0
202209252130,,0.0
202209252145,,0.0
202209252200,83.0,0.4
202209252215,96.0,0.9
202209252230,93.0,0.4
202209252245,101.0,0.4
202209252300,,0.0
202209252315,,0.0
202209252330,,0.0
202209252345,,0.0
202209260000,,0.0
202209260015,276.0,0.4
202209260030,283.0,0.4
202209260045,290.0,0.4
202209260115,281.0,0.9
202209260201,294.0,0.4
202209260215,,0.0
202209260231,,0.0
202209260245,290.0,1.3
202209260301,,0.0
202209260316,,0.0
202209260331,,0.0
202209260345,,0.0
202209260400,,0.0
202209260445,,0.0
202209260500,,0.0
202209260515,,0.0
202209260530,288.0,0.4
202209260545,291.0,0.4
202209260600,287.0,0.4
202209260616,,0.0
202209260630,,0.0
202209260700,,0.0
202209260715,,0.0
202209260731,,0.0
202209260745,,0.0
202209260800,,0.0
202209260815,261.0,0.9
202209260830,288.0,0.9
202209260845,,0.0
202209260901,,0.0
202209260915,,0.0
202209260930,277.0,0.9
202209260945,271.0,0.4
202209261000,303.0,0.4
202209261015,283.0,0.4
202209261030,294.0,0.4
202209261045,,0.0
202209261100,,0.0
202209261115,,0.0
202209261130,,0.0
202209261145,,0.0
202209261200,,0.0
202209261230,,0.0
202209261246,,0.0
202209261301,,0.0
202209261315,200.0,0.4
202209261330,198.0,0.4
202209261345,110.0,1.3
202209261400,119.0,0.9
202209261416,355.0,0.4
202209261500,82.0,0.9
202209261515,,0.0
202209261530,98.0,0.4
202209261545,255.0,0.4
202209261600,,0.0
202209261615,354.0,1.8
202209261630,235.0,0.9
202209261645,67.0,0.9
202209261700,236.0,0.9
202209261715,86.0,0.9
202209261730,77.0,0.4
202209261746,303.0,1.3
202209261800,234.0,1.3
202209261845,278.0,1.8
202209261900,261.0,1.3
202209261915,219.0,1.3
202209261930,100.0,1.3
202209261945,243.0,1.8
202209262000,188.0,0.4
202209262030,260.0,1.8
202209262045,106.0,0.9
202209262100,215.0,0.4
202209262115,,0.0
202209262130,274.0,0.9
202209262145,105.0,0.4
202209262200,320.0,0.4
202209262215,241.0,0.4
202209262231,,0.0
202209262245,283.0,0.4
202209262300,269.0,0.4
202209262330,256.0,0.4
202209262345,275.0,0.4
202209270000,,0.0
202209270015,,0.0
202209270031,,0.0
202209270045,,0.0
202209270101,257.0,0.4
202209270116,274.0,0.4
202209270130,,0.0
202209270145,,0.0
202209270200,,0.0
202209270215,,0.0
202209270230,,0.0
202209270245,,0.0
202209270300,,0.0
202209270315,282.0,0.4
202209270330,264.0,0.9
202209270345,274.0,0.9
202209270400,276.0,0.4
202209270416,,0.0
202209270445,,0.0
202209270500,,0.0
202209270515,293.0,0.4
202209270530,,0.0
202209270545,277.0,0.4
202209270601,283.0,0.4
202209270615,275.0,0.4
202209270630,273.0,0.4
202209270700,285.0,0.4
202209270715,,0.0
202209270730,258.0,0.4
202209270745,288.0,0.4
202209270800,,0.0
202209270815,,0.0
202209270830,,0.0
202209270847,325.0,0.4
202209270900,,0.0
202209270915,316.0,0.9
202209270931,47.0,0.4
202209270945,114.0,1.3
202209271000,72.0,0.4
202209271016,222.0,0.9
202209271030,120.0,0.9
202209271045,,0.0
202209271100,,0.0
202209271115,,0.0
202209271145,108.0,0.4
202209271201,104.0,0.4
202209271215,91.0,1.3
202209271230,236.0,0.9
202209271245,98.0,0.4
202209271300,222.0,0.9
202209271315,152.0,0.9
202209271330,353.0,0.4
202209271345,139.0,0.9
202209271400,158.0,0.4
202209271415,295.0,1.3
202209271430,42.0,0.4
202209271445,144.0,0.4
202209271500,176.0,0.9
202209271516,288.0,0.9
202209271531,277.0,2.7
202209271601,254.0,0.9
202209271615,255.0,1.8
202209271630,243.0,1.3
202209271645,232.0,0.4
202209271700,329.0,1.3
202209271715,232.0,2.2
202209271730,250.0,1.3
202209271745,255.0,2.2
202209271800,269.0,4.0
202209271815,231.0,2.2
202209271830,250.0,1.8
202209271845,269.0,2.7
202209271900,301.0,1.8
202209271915,238.0,1.8
202209271931,273.0,2.2
202209271945,259.0,2.2
202209272000,272.0,2.7
202209272015,231.0,0.4
202209272031,252.0,1.3
202209272046,276.0,2.7
202209272116,293.0,1.8
202209272131,276.0,0.4
202209272146,266.0,0.9
202209272201,279.0,1.8
202209272216,259.0,0.4
202209272230,210.0,0.9
202209272245,,0.0
202209272300,243.0,0.9
202209272315,166.0,1.8
202209272330,209.0,0.4
202209272345,,0.0
202209280000,,0.0
202209280015,,0.0
202209280030,,0.0
202209280045,,0.0
202209280100,254.0,0.4
202209280115,,0.0
202209280130,,0.0
202209280145,,0.0
202209280200,,0.0
202209280215,258.0,0.4
202209280230,267.0,0.4
202209280245,118.0,0.4
202209280300,225.0,0.4
202209280316,,0.0
202209280331,,0.0
202209280345,,0.0
202209280400,,0.0
202209280415,,0.0
202209280430,,0.0
202209280445,,0.0
202209280500,,0.0
202209280515,107.0,0.9
202209280530,102.0,0.9
202209280545,,0.0
202209280600,,0.0
202209280615,,0.0
202209280631,,0.0
202209280700,,0.0
202209280716,156.0,0.4
202209280731,193.0,0.4
202209280745,148.0,0.9
202209280800,,0.0
202209280815,124.0,0.4
202209280830,,0.0
202209280845,,0.0
202209280900,,0.0
202209280915,,0.0
202209280930,,0.0
202209280945,266.0,0.4
202209281000,242.0,0.4
202209281015,88.0,0.9
202209281030,262.0,1.3
202209281045,,0.0
202209281100,54.0,0.4
202209281115,141.0,0.9
202209281130,172.0,0.4
202209281145,229.0,0.9
202209281201,285.0,0.4
202209281215,251.0,0.9
202209281230,,0.0
202209281246,,0.0
202209281303,,0.0
202209281315,114.0,0.9
202209281331,148.0,0.4
202209281346,173.0,0.4
202209281400,,0.0
202209281415,185.0,0.9
202209281430,146.0,0.9
202209281445,129.0,0.9
202209281500,142.0,0.9
202209281515,127.0,1.3
202209281545,142.0,1.3
202209281600,127.0,1.3
202209281615,162.0,0.4
202209281630,130.0,1.3
202209281645,160.0,0.9
202209281700,128.0,0.9
202209281715,,0.0
202209281730,109.0,0.9
202209281746,74.0,0.4
202209281801,253.0,0.9
202209281816,136.0,1.3
202209281831,101.0,0.9
202209281845,263.0,0.9
202209281900,132.0,1.3
202209281915,153.0,0.9
202209281930,156.0,0.9
202209281945,213.0,0.9
202209282000,158.0,1.3
202209282015,181.0,0.9
202209282030,184.0,0.9
202209282045,127.0,0.4
202209282100,170.0,0.9
202209282115,76.0,0.4
202209282130,278.0,0.4
202209282145,,0.0
202209282200,262.0,0.4
202209282215,,0.0
202209282230,237.0,0.4
202209282245,266.0,0.4
202209282315,,0.0
202209282345,271.0,0.4
202209290000,,0.0
202209290015,,0.0
202209290030,,0.0
202209290046,,0.0
202209290100,241.0,0.4
202209290115,,0.0
202209290130,,0.0
202209290145,,0.0
202209290200,,0.0
202209290215,,0.0
202209290230,,0.0
202209290245,281.0,0.4
202209290300,,0.0
202209290315,272.0,0.4
202209290330,,0.0
202209290345,,0.0
202209290415,,0.0
202209290430,,0.0
202209290445,,0.0
202209290501,,0.0
202209290515,,0.0
202209290530,110.0,0.4
202209290545,47.0,0.4
202209290600,140.0,0.9
202209290615,,0.0
202209290630,,0.0
202209290700,136.0,0.4
202209290715,72.0,0.4
202209290730,314.0,0.4
202209290745,,0.0
202209290800,78.0,0.9
202209290815,122.0,0.9
202209290830,110.0,0.9
202209290845,117.0,0.4
202209290900,221.0,0.4
202209290915,136.0,0.4
202209290930,156.0,0.9
202209290946,73.0,0.4
202209291001,108.0,0.9
202209291016,86.0,0.9
202209291030,160.0,0.4
202209291045,107.0,0.9
202209291100,133.0,0.9
202209291115,122.0,0.9
202209291130,150.0,1.3
202209291145,134.0,1.3
202209291200,101.0,1.3
202209291215,156.0,1.3
202209291245,160.0,1.3
202209291300,136.0,1.3
202209291315,73.0,1.3
202209291330,218.0,1.3
202209291345,75.0,0.9
202209291400,114.0,1.3
202209291416,144.0,1.3
202209291430,125.0,0.9
202209291445,207.0,1.3
202209291501,164.0,2.2
202209291515,54.0,0.9
202209291530,172.0,0.9
202209291545,178.0,0.9
202209291600,180.0,1.8
202209291615,186.0,0.9
202209291630,210.0,1.3
202209291645,134.0,1.8
202209291700,148.0,1.8
202209291715,149.0,1.3
202209291730,157.0,1.8
202209291745,123.0,0.9
202209291800,211.0,1.3
202209291815,166.0,1.8
202209291830,210.0,1.8
202209291846,147.0,1.3
202209291900,180.0,0.9
202209291916,153.0,1.3
202209291931,32.0,1.3
202209291945,115.0,2.2
202209292000,138.0,1.3
202209292015,131.0,1.3
202209292030,63.0,0.4
202209292045,203.0,1.3
202209292101,51.0,0.4
202209292115,86.0,0.9
202209292130,37.0,0.4
202209292145,120.0,0.4
202209292200,86.0,0.9
202209292215,160.0,0.9
202209292230,60.0,0.4
202209292245,158.0,0.9
202209292315,75.0,0.4
202209292330,,0.0
202209292345,145.0,0.9
202209300015,19.0,0.4
202209300030,,0.0
202209300045,,0.0
202209300101,,0.0
202209300116,114.0,0.4
202209300130,,0.0
202209300146,109.0,0.9
202209300201,67.0,1.3
202209300215,87.0,0.9
202209300230,169.0,0.4
202209300245,,0.0
202209300300,62.0,0.4
202209300315,,0.0
202209300330,,0.0
202209300345,99.0,0.9
202209300400,84.0,0.4
202209300415,,0.0
202209300430,139.0,0.4
202209300445,,0.0
202209300500,,0.0
202209300515,,0.0
202209300530,,0.0
202209300545,,0.0
202209300600,,0.0
202209300615,,0.0
202209300631,136.0,0.4
202209300700,155.0,0.4
202209300715,79.0,0.9
202209300730,112.0,0.4
202209300745,218.0,1.3
202209300800,77.0,0.4
202209300815,172.0,1.3
202209300830,177.0,1.3
202209300845,247.0,0.9
202209300900,229.0,0.4
202209300915,41.0,0.9
202209300930,130.0,0.4
202209300945,151.0,0.9
202209301000,63.0,0.9
202209301015,167.0,0.4
202209301030,184.0,0.9
202209301045,113.0,0.4
202209301100,150.0,0.4
202209301116,,0.0
202209301130,251.0,0.4
202209301145,,0.0
202209301200,193.0,0.4
202209301215,119.0,0.4
202209301230,179.0,0.4
202209301245,217.0,1.3
202209301300,259.0,0.9
202209301315,127.0,0.9
202209301330,139.0,1.8
202209301345,98.0,1.3
202209301400,159.0,0.9
202209301415,114.0,1.3
202209301430,200.0,0.9
202209301445,208.0,0.9
202209301500,34.0,0.9
202209301515,128.0,0.9
202209301531,230.0,1.3
202209301546,115.0,0.9
202209301600,143.0,0.9
202209301615,129.0,1.3
202209301631,162.0,1.3
202209301645,132.0,1.3
202209301700,92.0,0.9
202209301730,143.0,1.3
202209301745,96.0,0.4
202209301815,119.0,0.9
202209301830,103.0,0.4
202209301845,92.0,0.4
202209301915,230.0,0.9
202209301930,221.0,1.3
202209302000,212.0,0.4
202209302015,,0.0
202209302031,,0.0
202209302045,,0.0
202209302100,304.0,0.4
202209302115,,0.0
202209302145,285.0,1.3
202209302200,297.0,0.9
202209302215,272.0,0.9
202209302230,198.0,0.9
202209302245,208.0,0.9
202209302300,,0.0
202209302330,240.0,0.9
202209302345,236.0,0.4
202210010000,212.0,1.3
202210010015,214.0,1.3
202210010030,170.0,1.8
202210010045,152.0,0.9
202210010115,150.0,0.9
202210010131,131.0,0.9
202210010145,206.0,1.3
202210010200,153.0,0.9
202210010231,184.0,0.9
202210010245,139.0,0.4
202210010315,294.0,0.4
202210010330,229.0,0.9
202210010345,128.0,0.4
202210010400,92.0,0.4
202210010445,146.0,0.9
202210010500,214.0,0.4
202210010515,,0.0
202210010530,110.0,0.4
202210010545,161.0,1.3
202210010600,70.0,0.4
202210010615,91.0,0.4
202210010630,71.0,0.9
202210010700,135.0,0.4
202210010715,,0.0
202210010730,115.0,0.4
202210010746,,0.0
202210010800,79.0,0.4
202210010815,,0.0
202210010830,,0.0
202210010900,,0.0
202210010915,78.0,0.9
202210010930,139.0,1.3
202210010945,174.0,0.4
202210011000,,0.0
202210011015,168.0,0.4
202210011030,156.0,0.4
202210011045,281.0,0.9
202210011100,144.0,1.3
202210011115,96.0,0.4
202210011130,146.0,0.9
202210011200,120.0,0.4
202210011215,124.0,0.4
202210011230,212.0,0.9
202210011246,206.0,0.9
202210011300,,0.0
202210011316,200.0,0.9
202210011331,116.0,0.4
202210011346,141.0,0.4
202210011400,,0.0
202210011430,216.0,0.9
202210011445,168.0,0.4
202210011500,168.0,0.9
202210011515,279.0,2.2
202210011600,248.0,1.3
202210011615,165.0,1.8
202210011630,248.0,1.3
202210011700,245.0,1.8
202210011715,245.0,1.3
202210011730,,0.0
202210011745,265.0,1.3
202210011815,243.0,0.9
202210011831,239.0,0.9
202210011846,51.0,0.4
202210011900,,0.0
202210011915,268.0,0.9
202210011930,276.0,1.8
202210012000,266.0,1.8
202210012015,223.0,0.4
202210012030,215.0,0.4
202210012100,265.0,2.2
202210012115,249.0,1.8
202210012145,250.0,0.9
202210012200,167.0,0.4
202210012215,207.0,0.4
202210012230,245.0,0.4
202210012245,234.0,0.9
202210012300,219.0,0.4
202210012315,,0.0
202210012330,,0.0
202210012345,,0.0
202210020000,,0.0
202210020015,181.0,0.4
202210020031,,0.0
202210020046,166.0,0.9
202210020100,269.0,1.8
202210020115,193.0,1.3
202210020130,219.0,0.4
202210020145,155.0,0.4
202210020200,136.0,0.9
202210020215,,0.0
202210020230,,0.0
202210020245,,0.0
202210020300,,0.0
202210020330,276.0,0.9
202210020345,250.0,0.9
202210020400,226.0,0.9
202210020415,212.0,0.4
202210020430,260.0,0.9
202210020445,228.0,0.4
202210020515,141.0,0.4
202210020530,,0.0
202210020545,,0.0
202210020600,243.0,0.4
202210020616,,0.0
202210020630,,0.0
202210020700,,0.0
202210020745,281.0,0.4
202210020800,142.0,0.4
202210020830,135.0,0.4
202210020845,66.0,0.4
202210020900,243.0,0.4
202210020915,,0.0
202210020930,,0.0
202210021000,,0.0
202210021015,,0.0
202210021030,,0.0
202210021045,,0.0
202210021101,,0.0
202210021115,,0.0
202210021130,,0.0
202210021145,278.0,0.4
202210021200,,0.0
202210021215,,0.0
202210021230,,0.0
202210021245,,0.0
202210021300,,0.0
202210021315,,0.0
202210021330,267.0,1.3
202210021345,237.0,0.9
202210021400,249.0,1.3
202210021415,186.0,0.9
202210021430,134.0,0.4
202210021445,146.0,0.4
202210021500,212.0,1.3
202210021516,163.0,0.4
202210021531,266.0,0.9
202210021600,114.0,0.9
202210021615,240.0,0.9
202210021645,175.0,0.4
202210021700,271.0,1.3
202210021730,231.0,0.4
202210021745,,0.0
202210021800,140.0,0.9
202210021830,129.0,0.9
202210021845,158.0,0.4
202210021900,147.0,0.4
202210021915,237.0,2.2
202210021930,172.0,0.4
202210021945,264.0,1.3
202210022015,134.0,0.9
202210022030,63.0,0.9
202210022045,239.0,0.4
202210022100,196.0,0.9
202210022116,231.0,0.9
202210022130,224.0,0.4
202210022145,201.0,0.9
202210022200,237.0,0.4
202210022230,,0.0
202210022245,34.0,0.9
202210022300,99.0,0.9
202210022315,300.0,0.9
202210022330,114.0,0.4
202210022345,225.0,0.9
202210030000,127.0,0.4
202210030015,157.0,1.3
202210030045,252.0,1.3
202210030115,,0.0
202210030130,143.0,1.3
202210030145,79.0,0.9
202210030200,152.0,0.9
202210030245,,0.0
202210030301,,0.0
202210030330,,0.0
202210030345,,0.0
202210030400,,0.0
202210030415,,0.0
202210030430,,0.0
202210030500,,0.0
202210030515,,0.0
202210030530,,0.0
202210030545,276.0,0.4
202210030615,,0.0
202210030630,,0.0
202210030715,276.0,0.4
202210030731,,0.0
202210030746,,0.0
202210030800,,0.0
202210030816,,0.0
202210030830,,0.0
202210030845,,0.0
202210030930,,0.0
202210030945,,0.0
202210031015,,0.0
202210031030,,0.0
202210031045,,0.0
202210031100,,0.0
202210031115,,0.0
202210031130,,0.0
202210031145,,0.0
202210031200,,0.0
202210031215,,0.0
202210031230,,0.0
202210031246,,0.0
202210031316,,0.0
202210031330,,0.0
202210031345,,0.0
202210031400,,0.0
202210031415,206.0,0.4
202210031430,208.0,0.4
202210031445,207.0,0.4
202210031531,185.0,0.9
202210031545,,0.0
202210031600,214.0,0.4
202210031630,150.0,0.9
202210031646,158.0,0.9
202210031701,146.0,0.9
202210031715,183.0,1.3
202210031745,138.0,0.4
202210031800,117.0,0.9
202210031815,135.0,1.3
202210031830,179.0,0.9
202210031845,,0.0
202210031900,,0.0
202210031915,,0.0
202210031930,,0.0
202210031945,,0.0
202210032000,133.0,0.4
202210032015,,0.0
202210032030,,0.0
202210032045,,0.0
202210032100,105.0,0.4
202210032115,164.0,0.4
202210032130,,0.0
202210032145,,0.0
202210032200,,0.0
202210032215,,0.0
202210032230,272.0,0.4
202210032245,,0.0
202210032300,249.0,0.4
202210032315,,0.0
202210032330,,0.0
202210032346,,0.0
202210040001,,0.0
202210040016,,0.0
202210040031,,0.0
202210040045,,0.0
202210040100,,0.0
202210040115,,0.0
202210040130,,0.0
202210040145,,0.0
202210040200,,0.0
202210040215,,0.0
202210040230,,0.0
202210040245,,0.0
202210040300,,0.0
202210040315,,0.0
202210040400,,0.0
202210040415,248.0,0.4
202210040430,,0.0
202210040445,,0.0
202210040500,,0.0
202210040515,,0.0
202210040530,,0.0
202210040545,,0.0
202210040600,,0.0
202210040616,,0.0
202210040630,,0.0
202210040700,,0.0
202210040730,,0.0
202210040745,,0.0
202210040800,273.0,0.4
202210040815,,0.0
202210040830,,0.0
202210040845,282.0,0.4
202210040900,,0.0
202210040915,,0.0
202210040930,,0.0
202210040945,,0.0
202210041000,,0.0
202210041030,,0.0
202210041045,,0.0
202210041100,,0.0
202210041115,,0.0
202210041130,276.0,0.4
202210041146,,0.0
202210041200,,0.0
202210041216,,0.0
202210041231,,0.0
202210041245,,0.0
202210041315,165.0,0.4
202210041330,,0.0
202210041345,288.0,0.9
202210041400,,0.0
202210041430,124.0,0.4
202210041445,283.0,1.3
202210041500,243.0,0.9
202210041515,89.0,1.3
202210041530,129.0,0.9
202210041545,214.0,0.4
202210041600,295.0,0.9
202210041616,262.0,2.2
202210041630,294.0,1.3
202210041645,266.0,0.9
202210041700,,0.0
202210041715,217.0,0.9
202210041745,279.0,1.3
202210041800,212.0,0.4
202210041815,258.0,0.4
202210041830,,0.0
202210041845,211.0,0.9
202210041900,259.0,1.8
202210041915,258.0,1.3
202210041930,105.0,0.4
202210041945,245.0,0.4
202210042016,252.0,1.3
202210042030,297.0,0.9
202210042045,248.0,0.4
202210042100,268.0,0.9
202210042116,290.0,2.2
202210042131,238.0,0.4
202210042145,244.0,0.4
202210042200,283.0,0.9
202210042215,279.0,0.9
202210042230,284.0,0.9
202210042245,,0.0
202210042300,,0.0
202210042315,269.0,0.4
202210042330,,0.0
202210042345,,0.0
202210050000,,0.0
202210050015,,0.0
202210050030,,0.0
202210050045,,0.0
202210050100,,0.0
202210050115,,0.0
202210050130,,0.0
202210050200,,0.0
202210050215,,0.0
202210050230,274.0,0.4
202210050245,278.0,0.9
202210050300,,0.0
202210050315,,0.0
202210050331,,0.0
202210050346,,0.0
202210050401,,0.0
202210050415,,0.0
202210050430,259.0,0.4
202210050445,284.0,0.4
202210050500,,0.0
202210050515,285.0,0.4
202210050530,266.0,0.4
202210050545,,0.0
202210050600,,0.0
202210050615,,0.0
202210050630,,0.0
202210050700,,0.0
202210050715,264.0,0.4
202210050730,286.0,0.4
202210050745,285.0,0.4
202210050800,278.0,0.4
202210050816,274.0,0.4
202210050831,,0.0
202210050845,,0.0
202210050900,,0.0
202210050930,271.0,0.4
202210050945,,0.0
202210051000,,0.0
202210051015,,0.0
202210051030,,0.0
202210051045,,0.0
202210051100,,0.0
202210051115,,0.0
202210051130,,0.0
202210051145,293.0,0.4
202210051200,,0.0
202210051215,,0.0
202210051230,,0.0
202210051245,,0.0
202210051300,,0.0
202210051315,,0.0
202210051330,,0.0
202210051345,66.0,0.4
202210051400,,0.0
202210051415,,0.0
202210051430,52.0,0.9
202210051445,264.0,0.9
202210051500,,0.0
202210051515,122.0,0.9
202210051530,216.0,0.4
202210051545,146.0,0.4
202210051600,136.0,0.4
202210051615,255.0,0.9
202210051630,137.0,0.9
202210051645,145.0,1.3
202210051715,191.0,0.4
202210051730,124.0,0.9
202210051745,131.0,0.9
202210051815,139.0,0.9
202210051830,146.0,1.3
202210051845,71.0,0.4
202210051900,213.0,0.4
202210051915,257.0,1.3
202210051930,240.0,0.4
202210051945,263.0,0.9
202210052000,,0.0
202210052015,,0.0
202210052030,172.0,0.9
202210052045,266.0,0.4
202210052100,101.0,0.4
202210052115,260.0,0.4
202210052145,287.0,0.9
202210052200,273.0,0.9
202210052215,275.0,0.9
202210052230,273.0,0.9
202210052245,288.0,0.4
202210052316,288.0,0.4
202210052330,277.0,0.4
202210052345,,0.0
202210060000,262.0,0.4
202210060015,,0.0
202210060031,,0.0
202210060045,,0.0
202210060100,,0.0
202210060115,,0.0
202210060145,260.0,0.4
202210060200,,0.0
202210060215,,0.0
202210060230,,0.0
202210060245,,0.0
202210060300,,0.0
202210060315,,0.0
202210060345,,0.0
202210060400,,0.0
202210060416,,0.0
202210060430,,0.0
202210060445,,0.0
202210060500,,0.0
202210060515,,0.0
202210060530,,0.0
202210060545,,0.0
202210060601,,0.0
202210060615,,0.0
202210060630,,0.0
202210060700,,0.0
202210060715,,0.0
202210060730,,0.0
202210060745,,0.0
202210060800,,0.0
202210060815,,0.0
202210060830,,0.0
202210060845,,0.0
202210060900,,0.0
202210060915,,0.0
202210060930,,0.0
202210060945,,0.0
202210061000,,0.0
202210061016,,0.0
202210061031,,0.0
202210061046,,0.0
202210061100,,0.0
202210061116,,0.0
202210061130,,0.0
202210061145,,0.0
202210061200,,0.0
202210061215,,0.0
202210061230,,0.0
202210061245,,0.0
202210061300,,0.0
202210061315,,0.0
202210061330,,0.0
202210061345,,0.0
202210061400,166.0,0.4
202210061416,297.0,0.4
202210061431,127.0,0.4
202210061445,,0.0
202210061500,110.0,0.9
202210061530,171.0,0.9
202210061545,136.0,0.4
202210061600,115.0,0.4
202210061615,96.0,0.9
202210061630,98.0,0.4
202210061645,199.0,0.4
202210061700,300.0,1.3
202210061715,119.0,0.9
202210061730,177.0,0.9
202210061745,259.0,0.9
202210061800,162.0,0.4
202210061815,116.0,0.9
202210061831,170.0,0.4
202210061845,131.0,0.9
202210061900,136.0,0.4
202210061916,268.0,0.9
202210061930,170.0,0.9
202210061945,264.0,0.9
202210062000,263.0,0.4
202210062015,,0.0
202210062030,217.0,0.9
202210062045,146.0,0.9
202210062100,23.0,0.9
202210062115,116.0,0.4
202210062130,281.0,0.4
202210062145,121.0,0.4
202210062215,272.0,0.4
202210062230,271.0,0.9
202210062245,272.0,0.4
202210062315,,0.0
202210062330,,0.0
202210062345,,0.0
202210070000,,0.0
202210070015,,0.0
202210070030,,0.0
202210070045,,0.0
202210070101,253.0,0.4
202210070115,266.0,0.4
202210070131,268.0,0.9
202210070145,,0.0
202210070200,,0.0
202210070215,,0.0
202210070231,,0.0
202210070245,,0.0
202210070315,270.0,0.9
202210070330,288.0,0.4
202210070345,,0.0
202210070400,,0.0
202210070415,,0.0
202210070430,,0.0
202210070445,,0.0
202210070500,,0.0
202210070515,,0.0
202210070530,,0.0
202210070545,,0.0
202210070600,51.0,0.4
202210070615,58.0,0.4
202210070700,11.0,0.4
202210070716,,0.0
202210070730,217.0,0.4
202210070745,,0.0
202210070800,217.0,0.4
202210070815,83.0,0.4
202210070830,127.0,0.4
202210070845,,0.0
202210070900,139.0,0.4
202210070915,,0.0
202210070930,223.0,0.4
202210070945,,0.0
202210071000,195.0,0.4
202210071015,248.0,0.4
202210071030,131.0,0.4
202210071045,,0.0
202210071100,65.0,0.4
202210071115,49.0,0.4
202210071130,,0.0
202210071145,,0.0
202210071200,80.0,0.4
202210071215,,0.0
202210071230,91.0,0.4
202210071245,,0.0
202210071300,36.0,0.4
202210071316,,0.0
202210071330,84.0,0.4
202210071345,278.0,0.4
202210071400,,0.0
202210071415,49.0,0.4
202210071430,,0.0
202210071445,,0.0
202210071500,111.0,0.4
202210071515,273.0,0.9
202210071530,,0.0
202210071545,,0.0
202210071600,122.0,1.3
202210071616,87.0,0.4
202210071630,226.0,0.9
202210071645,160.0,0.9
202210071700,95.0,0.4
202210071715,128.0,0.4
202210071730,270.0,0.4
202210071746,160.0,0.9
202210071800,250.0,1.3
202210071815,,0.0
202210071830,296.0,0.9
202210071845,244.0,0.9
202210071900,281.0,0.4
202210071915,245.0,0.4
202210071930,257.0,2.2
202210071945,247.0,0.9
202210072000,257.0,1.3
202210072015,262.0,0.4
202210072030,229.0,0.4
202210072045,236.0,0.9
202210072100,97.0,0.4
202210072115,263.0,0.4
202210072130,319.0,0.4
202210072145,285.0,0.9
202210072200,261.0,0.9
202210072215,297.0,0.4
202210072230,,0.0
202210072245,,0.0
202210072300,300.0,0.4
202210072315,326.0,0.4
202210072331,282.0,0.9
202210072345,272.0,0.4
202210080000,,0.0
202210080015,,0.0
202210080030,71.0,0.4
202210080045,,0.0
202210080100,,0.0
202210080115,,0.0
202210080130,,0.0
202210080145,,0.0
202210080200,,0.0
202210080215,,0.0
202210080230,,0.0
202210080245,,0.0
202210080300,,0.0
202210080315,,0.0
202210080330,,0.0
202210080345,,0.0
202210080400,,0.0
202210080415,,0.0
202210080430,,0.0
202210080445,,0.0
202210080500,,0.0
202210080515,,0.0
202210080530,,0.0
202210080545,,0.0
202210080600,,0.0
202210080615,,0.0
202210080630,,0.0
202210080700,,0.0
202210080715,,0.0
202210080730,,0.0
202210080745,,0.0
202210080815,,0.0
202210080830,,0.0
202210080845,,0.0
202210080915,,0.0
202210080930,277.0,0.4
202210080945,,0.0
202210081000,,0.0
202210081045,281.0,0.4
202210081101,,0.0
202210081115,266.0,0.4
202210081130,,0.0
202210081145,261.0,0.4
202210081200,,0.0
202210081215,,0.0
202210081230,,0.0
202210081245,,0.0
202210081300,242.0,0.4
202210081315,,0.0
202210081330,217.0,0.4
202210081345,,0.0
202210081400,207.0,0.4
202210081415,,0.0
202210081430,,0.0
202210081446,,0.0
202210081500,146.0,0.4
202210081515,210.0,0.4
202210081516,,0.0
202210081530,113.0,0.4
202210081545,139.0,0.9
202210081600,143.0,0.9
202210081615,118.0,1.3
202210081630,149.0,0.4
202210081645,77.0,0.9
202210081700,137.0,0.9
202210081715,160.0,1.8
202210081730,81.0,0.4
202210081745,65.0,0.9
202210081800,193.0,1.3
202210081815,213.0,0.9
202210081830,98.0,0.4
202210081845,134.0,0.4
202210081900,155.0,0.4
202210081915,163.0,1.8
202210081930,134.0,0.4
202210081945,,0.0
202210082000,82.0,0.4
202210082015,209.0,0.4
202210082030,93.0,0.4
202210082045,105.0,0.4
202210082101,131.0,0.9
202210082115,,0.0
202210082131,273.0,0.4
202210082145,246.0,0.4
202210082200,300.0,0.9
202210082215,289.0,0.4
202210082245,,0.0
202210082300,,0.0
202210082315,,0.0
202210082330,,0.0
202210082345,,0.0
202210090000,,0.0
202210090015,,0.0
202210090030,,0.0
202210090045,,0.0
202210090100,,0.0
202210090115,,0.0
202210090130,,0.0
202210090145,,0.0
202210090200,,0.0
202210090215,,0.0
202210090230,,0.0
202210090245,,0.0
202210090300,,0.0
202210090315,,0.0
202210090331,250.0,0.4
202210090346,257.0,0.4
202210090400,,0.0
202210090415,,0.0
202210090430,,0.0
202210090445,236.0,0.4
202210090500,,0.0
202210090515,,0.0
202210090530,,0.0
202210090545,236.0,0.4
202210090600,,0.0
202210090615,,0.0
202210090630,240.0,0.4
202210090701,,0.0
202210090716,,0.0
202210090730,,0.0
202210090745,,0.0
202210090800,,0.0
202210090815,,0.0
202210090830,,0.0
202210090845,,0.0
202210090900,,0.0
202210090916,,0.0
202210090930,,0.0
202210090946,,0.0
202210091001,,0.0
202210091015,,0.0
202210091030,,0.0
202210091045,,0.0
202210091100,,0.0
202210091115,,0.0
202210091130,,0.0
202210091145,,0.0
202210091200,,0.0
202210091215,,0.0
202210091230,,0.0
202210091245,,0.0
202210091300,,0.0
202210091315,,0.0
202210091330,,0.0
202210091345,,0.0
202210091400,220.0,0.4
202210091415,,0.0
202210091446,217.0,0.4
202210091500,,0.0
202210091515,210.0,0.4
202210091530,144.0,0.4
202210091545,167.0,0.4
202210091601,210.0,0.4
202210091615,,0.0
202210091645,152.0,0.9
202210091700,139.0,0.4
202210091715,166.0,0.4
202210091730,134.0,0.9
202210091745,182.0,0.9
202210091800,124.0,0.4
202210091816,143.0,0.9
202210091830,107.0,0.4
202210091845,120.0,0.4
202210091900,166.0,0.4
202210091915,129.0,1.3
202210091930,124.0,0.9
202210091945,309.0,0.9
202210092000,248.0,1.8
202210092015,297.0,0.9
202210092045,290.0,0.9
202210092100,324.0,0.9
202210092115,120.0,0.4
202210092130,141.0,0.9
202210092145,262.0,0.4
202210092201,,0.0
202210092215,,0.0
202210092230,184.0,0.4
202210092245,231.0,0.9
202210092301,,0.0
202210092315,,0.0
202210092330,,0.0
202210092345,,0.0
202210100000,,0.0
202210100015,,0.0
202210100030,,0.0
202210100045,,0.0
202210100100,,0.0
202210100115,205.0,0.4
202210100130,,0.0
202210100146,,0.0
202210100200,,0.0
202210100215,,0.0
202210100230,,0.0
202210100245,,0.0
202210100300,,0.0
202210100330,,0.0
202210100345,274.0,0.4
202210100400,,0.0
202210100415,,0.0
202210100430,,0.0
202210100445,,0.0
202210100500,,0.0
202210100515,,0.0
202210100530,,0.0
202210100545,,0.0
202210100600,,0.0
202210100615,,0.0
202210100630,,0.0
202210100700,,0.0
202210100715,,0.0
202210100731,,0.0
202210100745,,0.0
202210100815,,0.0
202210100830,,0.0
202210100845,,0.0
202210100900,,0.0
202210100915,,0.0
202210100930,,0.0
202210100945,,0.0
202210101000,,0.0
202210101015,,0.0
202210101030,,0.0
202210101045,,0.0
202210101100,,0.0
202210101115,,0.0
202210101130,,0.0
202210101146,,0.0
202210101201,,0.0
202210101215,,0.0
202210101246,,0.0
202210101300,,0.0
202210101315,,0.0
202210101330,,0.0
202210101400,,0.0
202210101415,,0.0
202210101430,,0.0
202210101445,,0.0
202210101500,159.0,0.9
202210101515,125.0,1.3
202210101530,72.0,1.8
202210101545,142.0,1.8
202210101600,133.0,0.9
202210101615,160.0,1.3
202210101630,127.0,0.9
202210101700,52.0,0.4
202210101730,202.0,0.9
202210101745,286.0,0.9
202210101800,114.0,0.4
202210101815,84.0,0.9
202210101845,203.0,0.9
202210101900,163.0,0.9
202210101915,184.0,1.3
202210101930,152.0,0.9
202210101945,148.0,0.4
202210102000,130.0,0.9
202210102015,247.0,0.4
202210102045,245.0,0.4
202210102100,148.0,0.9
202210102115,123.0,0.9
202210102130,259.0,1.3
202210102145,96.0,0.4
202210102200,246.0,0.9
202210102215,295.0,0.4
202210102230,283.0,0.4
202210102245,273.0,0.4
202210102301,273.0,0.4
202210102315,278.0,0.4
202210102330,289.0,0.4
202210102345,,0.0
202210110000,,0.0
202210110015,,0.0
202210110030,,0.0
202210110100,,0.0
202210110115,,0.0
202210110130,,0.0
202210110145,,0.0
202210110200,,0.0
202210110215,,0.0
202210110230,,0.0
202210110245,,0.0
202210110300,,0.0
202210110315,,0.0
202210110330,,0.0
202210110345,,0.0
202210110400,,0.0
202210110415,,0.0
202210110430,,0.0
202210110445,,0.0
202210110500,,0.0
202210110516,,0.0
202210110531,,0.0
202210110546,,0.0
202210110615,,0.0
202210110630,,0.0
202210110700,,0.0
202210110715,,0.0
202210110730,,0.0
202210110745,,0.0
202210110800,,0.0
202210110815,,0.0
202210110830,,0.0
202210110845,,0.0
202210110900,,0.0
202210110915,,0.0
202210110930,,0.0
202210110945,,0.0
202210111000,,0.0
202210111016,,0.0
202210111030,,0.0
202210111046,,0.0
202210111100,,0.0
202210111116,,0.0
202210111130,,0.0
202210111145,,0.0
202210111200,,0.0
202210111215,,0.0
202210111230,,0.0
202210111245,,0.0
202210111300,,0.0
202210111315,,0.0
202210111330,,0.0
202210111345,,0.0
202210111400,,0.0
202210111430,,0.0
202210111445,,0.0
202210111515,,0.0
202210111531,174.0,0.4
202210111545,,0.0
202210111600,,0.0
202210111615,229.0,0.4
202210111630,210.0,0.9
202210111645,,0.0
202210111700,,0.0
202210111715,,0.0
202210111730,,0.0
202210111745,,0.0
202210111800,276.0,0.4
202210111815,286.0,1.3
202210111845,165.0,0.4
202210111900,122.0,0.4
202210111915,236.0,0.4
202210111930,137.0,0.4
202210112000,125.0,0.4
202210112015,110.0,0.9
202210112031,136.0,0.4
202210112045,,0.0
202210112100,283.0,0.4
202210112115,,0.0
202210112130,221.0,0.9
202210112145,155.0,0.4
202210112200,167.0,0.4
202210112215,,0.0
202210112230,,0.0
202210112245,,0.0
202210112300,,0.0
202210112315,,0.0
202210112330,267.0,0.4
202210112345,,0.0
202210120000,,0.0
202210120015,,0.0
202210120030,,0.0
202210120045,,0.0
202210120100,,0.0
202210120115,,0.0
202210120130,,0.0
202210120145,,0.0
202210120200,,0.0
202210120215,,0.0
202210120230,,0.0
202210120245,,0.0
202210120301,,0.0
202210120316,274.0,0.4
202210120330,,0.0
202210120345,259.0,0.4
202210120401,,0.0
202210120415,,0.0
202210120430,,0.0
202210120445,,0.0
202210120500,,0.0
202210120515,,0.0
202210120530,,0.0
202210120545,,0.0
202210120600,,0.0
202210120615,,0.0
202210120630,,0.0
202210120700,,0.0
202210120715,,0.0
202210120730,,0.0
202210120745,,0.0
202210120800,,0.0
202210120815,,0.0
202210120831,,0.0
202210120846,,0.0
202210120901,,0.0
202210120915,,0.0
202210120930,,0.0
202210120945,,0.0
202210121000,,0.0
202210121015,244.0,0.4
202210121030,,0.0
202210121045,,0.0
202210121100,,0.0
202210121115,,0.0
202210121130,,0.0
202210121145,,0.0
202210121200,,0.0
202210121215,,0.0
202210121245,,0.0
202210121300,,0.0
202210121315,,0.0
202210121330,,0.0
202210121345,248.0,0.4
202210121401,198.0,0.4
202210121415,,0.0
202210121430,,0.0
202210121445,246.0,0.4
202210121500,,0.0
202210121516,,0.0
202210121530,,0.0
202210121545,,0.0
202210121601,252.0,0.9
202210121615,,0.0
202210121630,148.0,0.4
202210121645,241.0,0.4
202210121700,147.0,0.4
202210121715,,0.0
202210121731,269.0,0.9
202210121745,263.0,0.9
202210121800,65.0,0.4
202210121815,268.0,1.8
202210121830,227.0,0.9
202210121845,73.0,0.9
202210121900,72.0,1.3
202210121915,155.0,0.9
202210121945,302.0,1.3
202210122016,311.0,1.3
202210122030,335.0,0.9
202210122045,268.0,0.9
202210122100,333.0,1.3
202210122115,354.0,0.4
202210122130,,0.0
202210122145,330.0,0.4
202210122200,295.0,0.9
202210122215,295.0,0.9
202210122245,330.0,0.4
202210122300,321.0,1.3
202210122315,323.0,1.8
202210122330,278.0,1.3
202210122345,181.0,0.4
202210130001,283.0,0.4
202210130017,330.0,0.4
202210130030,,0.0
202210130045,,0.0
202210130100,,0.0
202210130115,,0.0
202210130130,,0.0
202210130145,,0.0
202210130200,79.0,0.4
202210130230,86.0,0.4
202210130245,,0.0
202210130300,303.0,1.3
202210130315,,0.0
202210130330,,0.0
202210130345,,0.0
202210130400,217.0,0.9
202210130415,159.0,1.3
202210130430,306.0,0.9
202210130445,283.0,0.9
202210130500,184.0,0.4
202210130515,221.0,0.4
202210130530,236.0,0.9
202210130545,134.0,0.4
202210130600,,0.0
202210130630,,0.0
202210130700,233.0,0.9
202210130715,302.0,0.9
202210130730,211.0,0.9
202210130745,288.0,1.8
202210130815,,0.0
202210130830,262.0,0.4
202210130845,279.0,0.4
202210130900,,0.0
202210130915,,0.0
202210130930,293.0,0.4
202210130945,283.0,0.9
202210131000,294.0,1.3
202210131015,,0.0
202210131030,231.0,0.4
202210131045,205.0,0.4
202210131100,243.0,0.4
202210131115,282.0,0.4
202210131131,285.0,0.4
202210131145,,0.0
202210131200,,0.0
202210131231,,0.0
202210131245,,0.0
202210131300,,0.0
202210131315,,0.0
202210131330,,0.0
202210131345,,0.0
202210131400,,0.0
202210131415,286.0,0.4
202210131430,,0.0
202210131445,283.0,0.9
202210131500,251.0,0.4
202210131515,283.0,0.9
202210131530,262.0,1.8
202210131545,301.0,3.1
202210131600,224.0,0.4
202210131630,100.0,0.9
202210131645,261.0,1.3
202210131700,,0.0
202210131715,261.0,2.2
202210131730,289.0,2.7
202210131745,294.0,0.9
202210131800,300.0,2.2
202210131815,267.0,3.1
202210131830,303.0,0.9
202210131845,155.0,0.9
202210131900,267.0,0.9
202210131915,353.0,0.9
202210131930,296.0,0.4
202210131945,252.0,1.3
202210132000,265.0,1.3
202210132015,217.0,0.9
202210132030,253.0,0.9
202210132045,260.0,1.8
202210132100,42.0,0.9
202210132115,258.0,0.4
202210132131,64.0,0.4
202210132145,,0.0
202210132200,,0.0
202210132215,290.0,0.4
202210132230,290.0,0.4
202210132245,271.0,0.9
202210132300,276.0,0.4
202210132315,,0.0
202210132330,,0.0
202210132345,,0.0
202210140000,,0.0
202210140015,,0.0
202210140031,,0.0
202210140045,,0.0
202210140100,,0.0
202210140115,,0.0
202210140130,300.0,0.4
202210140145,261.0,1.3
202210140201,118.0,0.4
202210140215,253.0,0.9
202210140231,299.0,1.3
202210140245,278.0,1.3
202210140300,,0.0
202210140315,,0.0
202210140331,293.0,1.3
202210140345,242.0,1.8
202210140400,211.0,0.4
202210140415,,0.0
202210140430,,0.0
202210140445,,0.0
202210140500,167.0,0.4
202210140515,,0.0
202210140530,,0.0
202210140545,,0.0
202210140600,,0.0
202210140615,,0.0
202210140630,,0.0
202210140700,230.0,0.9
202210140716,293.0,0.4
202210140730,242.0,0.4
202210140745,,0.0
202210140815,,0.0
202210140830,,0.0
202210140845,,0.0
202210140915,248.0,0.4
202210140930,,0.0
202210140945,,0.0
202210141000,,0.0
202210141015,,0.0
202210141030,,0.0
202210141046,,0.0
202210141100,,0.0
202210141115,,0.0
202210141130,,0.0
202210141145,,0.0
202210141200,,0.0
202210141215,,0.0
202210141230,,0.0
202210141300,,0.0
202210141315,,0.0
202210141330,,0.0
202210141345,155.0,0.4
202210141400,,0.0
202210141415,115.0,0.9
202210141430,79.0,0.9
202210141445,,0.0
202210141501,139.0,1.3
202210141515,146.0,0.9
202210141530,309.0,1.8
202210141545,61.0,2.2
202210141600,285.0,1.8
202210141615,221.0,3.6
202210141630,257.0,2.7
202210141645,266.0,2.2
202210141700,288.0,2.2
202210141715,269.0,1.3
202210141730,253.0,1.8
202210141745,248.0,0.4
202210141800,282.0,1.3
202210141815,240.0,0.4
202210141845,208.0,0.9
202210141900,298.0,1.8
202210141915,274.0,2.2
202210141930,259.0,1.3
202210141945,232.0,0.9
202210142000,257.0,0.9
202210142015,289.0,1.3
202210142031,130.0,0.9
202210142046,250.0,1.8
202210142100,288.0,0.9
202210142115,264.0,1.3
202210142130,290.0,1.8
202210142145,253.0,0.4
202210142200,278.0,0.9
202210142215,296.0,0.4
202210142230,269.0,0.9
202210142245,289.0,0.4
202210142300,,0.0
202210142315,,0.0
202210142330,,0.0
202210142345,274.0,0.4
202210150000,,0.0
202210150015,,0.0
202210150030,,0.0
202210150045,,0.0
202210150100,,0.0
202210150115,,0.0
202210150130,285.0,0.4
202210150145,,0.0
202210150215,,0.0
202210150231,,0.0
202210150245,,0.0
202210150301,,0.0
202210150315,,0.0
202210150330,,0.0
202210150345,,0.0
202210150400,,0.0
202210150415,,0.0
202210150430,,0.0
202210150445,,0.0
202210150500,,0.0
202210150515,,0.0
202210150530,,0.0
202210150545,,0.0
202210150600,275.0,0.4
202210150700,,0.0
202210150715,245.0,0.4
202210150731,,0.0
202210150745,238.0,0.9
202210150800,294.0,1.8
202210150815,257.0,2.7
202210150830,295.0,3.1
202210150845,274.0,3.1
202210150900,319.0,0.9
202210150915,288.0,1.3
202210150930,330.0,0.4
202210150945,262.0,0.4
202210151000,258.0,0.9
202210151015,301.0,0.4
202210151030,84.0,0.9
202210151100,288.0,0.4
202210151115,,0.0
202210151131,,0.0
202210151145,,0.0
202210151200,,0.0
202210151216,,0.0
202210151245,,0.0
202210151300,,0.0
202210151315,66.0,0.4
202210151330,,0.0
202210151345,240.0,0.4
202210151400,160.0,0.4
202210151415,309.0,2.7
202210151430,223.0,0.9
202210151445,313.0,1.3
202210151500,255.0,0.4
202210151515,268.0,1.3
202210151530,281.0,2.7
202210151545,268.0,0.4
202210151600,318.0,1.3
202210151615,288.0,1.3
202210151630,299.0,1.3
202210151645,143.0,1.3
202210151701,254.0,1.3
202210151715,200.0,1.8
202210151730,256.0,1.3
202210151745,299.0,1.3
202210151800,264.0,1.3
202210151815,133.0,1.3
202210151830,295.0,0.9
202210151845,284.0,2.2
202210151900,302.0,1.8
202210151915,294.0,1.3
202210151930,156.0,0.9
202210151945,,0.0
202210152000,306.0,0.9
202210152015,112.0,0.9
202210152030,150.0,0.9
202210152045,136.0,0.9
202210152100,290.0,0.4
202210152115,287.0,2.2
202210152130,292.0,0.4
202210152145,278.0,0.4
202210152200,,0.0
202210152215,,0.0
202210152230,286.0,0.4
202210152245,276.0,0.9
202210152300,292.0,0.4
202210152315,290.0,0.4
202210152331,,0.0
202210152345,,0.0
202210160000,273.0,0.4
202210160015,279.0,0.4
202210160030,,0.0
202210160045,268.0,0.4
202210160100,285.0,0.4
202210160115,,0.0
202210160130,285.0,0.9
202210160146,295.0,0.9
202210160200,285.0,0.4
202210160230,,0.0
202210160245,266.0,0.9
202210160300,,0.0
202210160315,290.0,0.9
202210160330,240.0,1.3
202210160345,45.0,1.3
202210160400,346.0,0.9
202210160430,285.0,0.9
202210160445,294.0,0.4
202210160501,273.0,0.4
202210160515,243.0,0.4
202210160531,288.0,2.7
202210160545,285.0,0.9
202210160600,267.0,2.2
202210160615,254.0,3.6
202210160630,292.0,2.7
202210160701,255.0,2.2
202210160715,277.0,1.8
202210160730,278.0,2.2
202210160745,293.0,1.8
202210160800,299.0,3.1
202210160815,313.0,4.0
202210160830,313.0,1.8
202210160845,280.0,1.3
202210160900,245.0,1.3
202210160915,130.0,1.8
202210160930,302.0,0.9
202210160945,,0.0
202210161015,249.0,0.4
202210161031,263.0,0.4
202210161046,304.0,1.3
202210161100,297.0,0.4
202210161116,,0.0
202210161130,293.0,0.9
202210161145,295.0,0.4
202210161200,,0.0
202210161230,41.0,0.9
202210161245,,0.0
202210161300,,0.0
202210161315,,0.0
202210161330,272.0,0.4
202210161345,,0.0
202210161400,113.0,0.4
202210161415,,0.0
202210161430,150.0,0.4
202210161445,,0.0
202210161500,120.0,0.4
202210161515,243.0,0.9
202210161530,251.0,0.9
202210161545,287.0,2.7
202210161601,115.0,0.9
202210161616,113.0,0.4
202210161631,134.0,1.3
202210161645,281.0,1.3
202210161700,182.0,0.9
202210161715,175.0,1.8
202210161730,245.0,0.9
202210161745,155.0,0.9
202210161800,260.0,0.4
202210161815,198.0,0.4
202210161830,298.0,0.4
202210161845,144.0,0.4
202210161915,,0.0
202210161930,269.0,1.3
202210161945,149.0,1.3
202210162000,113.0,0.9
202210162015,307.0,0.9
202210162031,246.0,0.9
202210162045,,0.0
202210162101,218.0,0.4
202210162115,295.0,0.4
202210162145,266.0,0.4
202210162200,,0.0
202210162215,,0.0
202210162230,,0.0
202210162245,,0.0
202210162300,281.0,0.4
202210162330,,0.0
202210162345,,0.0
202210170000,,0.0
202210170015,,0.0
202210170030,,0.0
202210170045,,0.0
202210170100,,0.0
202210170115,,0.0
202210170130,,0.0
202210170145,,0.0
202210170200,,0.0
202210170215,,0.0
202210170245,,0.0
202210170300,,0.0
202210170315,,0.0
202210170330,,0.0
202210170346,288.0,0.4
202210170400,,0.0
202210170415,,0.0
202210170430,255.0,0.4
202210170445,,0.0
202210170500,236.0,1.3
202210170515,,0.0
202210170530,,0.0
202210170545,,0.0
202210170600,,0.0
202210170615,231.0,0.4
202210170630,,0.0
202210170700,218.0,0.4
202210170715,117.0,0.4
202210170730,,0.0
202210170745,295.0,0.4
202210170801,147.0,0.4
202210170816,283.0,0.4
202210170830,120.0,0.4
202210170845,,0.0
202210170900,,0.0
202210170915,72.0,0.9
202210170930,231.0,0.9
202210170945,,0.0
202210171000,238.0,0.4
202210171015,,0.0
202210171030,160.0,0.9
202210171045,,0.0
202210171100,,0.0
202210171115,,0.0
202210171130,,0.0
202210171145,294.0,0.4
202210171200,268.0,0.9
202210171215,,0.0
202210171230,31.0,0.4
202210171245,84.0,0.4
202210171300,,0.0
202210171315,,0.0
202210171330,0.0,0.9
202210171346,,0.0
202210171400,313.0,1.3
202210171415,207.0,1.8
202210171430,306.0,1.3
202210171445,94.0,2.7
202210171500,323.0,3.1
202210171515,295.0,1.3
202210171530,261.0,0.9
202210171545,240.0,1.3
202210171600,263.0,1.3
202210171615,244.0,0.9
202210171630,113.0,1.8
202210171645,244.0,0.9
202210171700,174.0,2.7
202210171715,238.0,3.1
202210171730,14.0,1.3
202210171746,217.0,2.7
202210171816,262.0,1.8
202210171830,283.0,3.6
202210171845,274.0,4.0
202210171900,265.0,2.7
202210171915,246.0,1.8
202210171930,278.0,2.7
202210171945,324.0,4.0
202210172000,120.0,1.3
202210172015,262.0,2.2
202210172030,319.0,1.3
202210172045,96.0,2.2
202210172100,210.0,1.3
202210172115,314.0,1.3
202210172130,305.0,1.8
202210172145,33.0,0.9
202210172200,148.0,0.4
202210172215,200.0,0.4
202210172230,,0.0
202210172245,228.0,0.9
202210172300,,0.0
202210172315,,0.0
202210172331,,0.0
202210172345,,0.0
202210180000,,0.0
202210180030,194.0,0.4
202210180045,,0.0
202210180100,,0.0
202210180115,53.0,0.9
202210180130,276.0,0.4
202210180145,,0.0
202210180200,186.0,0.4
202210180215,237.0,0.4
202210180230,41.0,0.4
202210180245,269.0,1.3
202210180300,281.0,0.4
202210180315,274.0,1.8
202210180330,223.0,0.4
202210180345,266.0,0.9
202210180400,252.0,1.8
202210180416,164.0,0.9
202210180431,197.0,0.4
202210180445,155.0,0.9
202210180515,122.0,0.4
202210180530,,0.0
202210180545,125.0,0.9
202210180600,82.0,1.3
202210180615,131.0,1.3
202210180630,242.0,0.4
202210180700,323.0,1.3
202210180715,206.0,0.9
202210180730,268.0,1.3
202210180746,115.0,0.9
202210180801,135.0,0.9
202210180815,285.0,0.9
202210180830,267.0,1.3
202210180845,141.0,0.4
202210180900,120.0,0.4
202210180915,63.0,0.4
202210180930,82.0,0.9
202210180945,124.0,1.3
202210181000,122.0,0.4
202210181015,136.0,0.4
202210181030,181.0,1.3
202210181045,206.0,0.4
202210181100,165.0,0.4
202210181115,,0.0
202210181130,,0.0
202210181145,,0.0
202210181200,,0.0
202210181215,,0.0
202210181230,,0.0
202210181245,183.0,1.3
202210181300,237.0,0.9
202210181345,125.0,1.3
202210181400,250.0,0.4
202210181415,155.0,0.9
202210181430,274.0,0.9
202210181445,205.0,0.9
202210181500,226.0,0.9
202210181515,124.0,1.3
202210181530,141.0,0.9
202210181545,210.0,0.9
202210181600,228.0,0.9
202210181615,240.0,0.9
202210181630,111.0,0.9
202210181645,129.0,1.3
202210181701,101.0,0.9
202210181716,175.0,0.9
202210181730,293.0,0.9
202210181745,307.0,1.3
202210181800,178.0,1.8
202210181815,194.0,1.3
202210181830,210.0,0.9
202210181845,324.0,1.8
202210181900,273.0,2.2
202210181915,295.0,2.7
202210181930,266.0,2.7
202210181945,274.0,2.7
202210182000,257.0,0.9
202210182015,236.0,2.7
202210182030,307.0,2.7
202210182045,247.0,0.4
202210182100,200.0,0.4
202210182115,223.0,2.2
202210182130,266.0,2.7
202210182145,296.0,1.8
202210182200,252.0,4.0
202210182215,253.0,1.8
202210182230,274.0,2.7
202210182245,240.0,2.7
202210182301,125.0,0.9
202210182315,161.0,0.9
202210182330,257.0,1.3
202210182345,233.0,1.8
202210190000,258.0,1.8
202210190015,275.0,1.8
202210190030,302.0,0.4
202210190045,22.0,1.3
202210190100,172.0,0.4
202210190115,304.0,0.9
202210190130,233.0,0.9
202210190145,302.0,0.9
202210190200,210.0,0.9
202210190215,113.0,0.4
202210190230,75.0,0.4
202210190245,105.0,0.4
202210190301,131.0,0.4
202210190315,243.0,0.4
202210190330,,0.0
202210190346,101.0,0.4
202210190400,119.0,0.9
202210190415,356.0,0.9
202210190430,123.0,0.9
202210190445,122.0,1.3
202210190500,132.0,0.9
202210190515,214.0,1.3
202210190545,176.0,0.9
202210190600,238.0,0.4
202210190615,252.0,1.3
202210190630,175.0,0.9
202210190700,119.0,0.4
202210190716,252.0,0.9
202210190731,177.0,0.4
202210190745,,0.0
202210190800,248.0,0.4
202210190830,,0.0
202210190845,113.0,0.4
202210190900,,0.0
202210190915,,0.0
202210190930,,0.0
202210190945,,0.0
202210191000,13.0,0.4
202210191015,,0.0
202210191030,,0.0
202210191045,282.0,0.9
202210191100,,0.0
202210191115,,0.0
202210191130,276.0,0.4
202210191145,147.0,0.4
202210191201,,0.0
202210191216,,0.0
202210191230,,0.0
202210191245,92.0,0.4
202210191300,104.0,0.4
202210191315,162.0,0.9
202210191330,50.0,0.9
202210191345,4.0,0.9
202210191400,238.0,0.9
202210191430,245.0,1.3
202210191445,278.0,1.3
202210191500,210.0,1.3
202210191515,245.0,1.8
202210191530,292.0,2.7
202210191545,281.0,3.1
202210191600,302.0,3.1
202210191616,274.0,3.1
202210191630,283.0,1.3
202210191645,248.0,2.2
202210191700,73.0,0.4
202210191715,214.0,1.3
202210191730,203.0,0.9
202210191745,258.0,2.2
202210191815,276.0,2.7
202210191830,270.0,2.7
202210191846,272.0,2.2
202210191900,247.0,1.3
202210191915,263.0,1.3
202210191930,220.0,1.3
202210191946,288.0,1.3
202210192000,212.0,0.4
202210192016,262.0,3.1
202210192030,262.0,1.3
202210192046,,0.0
202210192100,246.0,0.4
202210192115,269.0,1.3
202210192130,252.0,1.3
202210192145,,0.0
202210192200,,0.0
202210192230,,0.0
202210192246,,0.0
202210192300,,0.0
202210192315,,0.0
202210192330,,0.0
202210192345,86.0,0.4
202210200000,173.0,1.3
202210200015,226.0,0.9
202210200030,134.0,0.4
202210200045,162.0,0.4
202210200100,273.0,0.4
202210200115,96.0,0.4
202210200130,198.0,0.4
202210200145,146.0,0.4
202210200200,139.0,0.4
202210200216,124.0,0.4
202210200230,236.0,0.9
202210200245,175.0,0.4
202210200301,108.0,0.4
202210200316,,0.0
202210200330,,0.0
202210200345,,0.0
202210200400,109.0,0.4
202210200415,,0.0
202210200430,156.0,0.4
202210200445,,0.0
202210200500,281.0,0.4
202210200515,300.0,1.3
202210200530,239.0,0.9
202210200545,,0.0
202210200600,,0.0
202210200615,,0.0
202210200630,,0.0
202210200646,,0.0
202210200701,,0.0
202210200715,,0.0
202210200730,,0.0
202210200745,271.0,0.4
202210200800,270.0,0.4
202210200815,288.0,0.4
202210200830,,0.0
202210200845,,0.0
202210200900,,0.0
202210200915,,0.0
202210200930,277.0,0.4
202210200945,,0.0
202210201000,,0.0
202210201015,,0.0
202210201030,,0.0
202210201046,,0.0
202210201100,,0.0
202210201115,278.0,0.4
202210201130,,0.0
202210201145,,0.0
202210201200,,0.0
202210201215,,0.0
202210201230,,0.0
202210201245,,0.0
202210201300,,0.0
202210201315,,0.0
202210201330,,0.0
202210201345,,0.0
202210201400,,0.0
202210201415,158.0,0.4
202210201430,,0.0
202210201445,245.0,0.4
202210201500,173.0,0.9
202210201515,236.0,0.9
202210201530,131.0,0.9
202210201545,269.0,1.8
202210201600,241.0,0.4
202210201615,304.0,1.3
202210201631,150.0,0.9
202210201646,153.0,0.4
202210201700,136.0,0.4
202210201715,272.0,1.3
202210201730,259.0,0.9
202210201745,281.0,2.2
202210201800,210.0,0.9
202210201815,267.0,1.8
202210201830,139.0,0.9
202210201845,202.0,0.9
202210201900,210.0,0.9
202210201915,66.0,0.4
202210201930,305.0,1.3
202210201945,63.0,0.9
202210202000,90.0,0.4
202210202015,180.0,1.3
202210202030,248.0,1.3
202210202045,148.0,1.3
202210202100,241.0,1.3
202210202116,70.0,1.3
202210202130,281.0,0.9
202210202145,292.0,1.3
202210202200,284.0,0.4
202210202215,326.0,0.9
202210202230,301.0,0.9
202210202245,283.0,0.9
202210202300,269.0,0.9
202210202315,280.0,0.9
202210202330,257.0,0.4
202210202345,275.0,0.4
202210210000,,0.0
202210210015,,0.0
202210210030,,0.0
202210210045,,0.0
202210210100,273.0,0.4
202210210115,,0.0
202210210130,,0.0
202210210145,,0.0
202210210200,,0.0
202210210230,,0.0
202210210245,,0.0
202210210300,,0.0
202210210330,,0.0
202210210345,,0.0
202210210400,,0.0
202210210415,,0.0
202210210430,257.0,0.4
202210210445,,0.0
202210210500,,0.0
202210210515,,0.0
202210210530,,0.0
202210210545,,0.0
202210210600,,0.0
202210210615,,0.0
202210210630,271.0,0.4
202210210700,,0.0
202210210715,,0.0
202210210730,,0.0
202210210745,,0.0
202210210800,293.0,0.4
202210210815,,0.0
202210210830,267.0,0.4
202210210845,,0.0
202210210900,,0.0
202210210915,,0.0
202210210930,,0.0
202210210945,,0.0
202210211000,,0.0
202210211015,,0.0
202210211030,,0.0
202210211045,,0.0
202210211100,261.0,0.4
202210211115,,0.0
202210211130,,0.0
202210211145,,0.0
202210211200,,0.0
202210211216,,0.0
202210211230,,0.0
202210211245,,0.0
202210211300,,0.0
202210211315,,0.0
202210211330,,0.0
202210211345,,0.0
202210211400,,0.0
202210211415,,0.0
202210211430,174.0,0.4
202210211445,152.0,1.3
202210211500,153.0,0.4
202210211515,189.0,0.4
202210211530,226.0,0.4
202210211545,181.0,0.9
202210211600,250.0,0.4
202210211615,146.0,0.4
202210211630,176.0,0.9
202210211645,214.0,0.4
202210211700,187.0,0.4
202210211716,128.0,0.9
202210211730,91.0,0.9
202210211746,254.0,0.4
202210211800,141.0,1.3
202210211815,,0.0
202210211830,134.0,0.9
202210211845,205.0,0.4
202210211900,162.0,0.4
202210211915,62.0,0.4
202210211930,309.0,1.3
202210211945,179.0,0.9
202210212000,319.0,0.9
202210212015,260.0,0.4
202210212030,287.0,0.9
202210212045,252.0,0.4
202210212100,231.0,0.4
202210212115,158.0,0.9
202210212130,309.0,0.4
202210212145,140.0,0.4
202210212201,320.0,0.9
202210212215,252.0,0.4
202210212245,,0.0
202210212300,277.0,0.4
202210212315,,0.0
202210212330,277.0,0.4
202210212345,,0.0
202210220000,,0.0
202210220015,,0.0
202210220031,,0.0
202210220046,,0.0
202210220100,,0.0
202210220115,,0.0
202210220130,,0.0
202210220145,,0.0
202210220200,,0.0
202210220215,,0.0
202210220230,,0.0
202210220246,,0.0
202210220300,,0.0
202210220315,,0.0
202210220330,,0.0
202210220345,,0.0
202210220400,262.0,0.4
202210220415,,0.0
202210220430,,0.0
202210220445,,0.0
202210220500,,0.0
202210220515,,0.0
202210220530,,0.0
202210220545,,0.0
202210220600,,0.0
202210220615,,0.0
202210220630,,0.0
202210220700,,0.0
202210220715,,0.0
202210220730,,0.0
202210220745,,0.0
202210220800,,0.0
202210220815,,0.0
202210220830,,0.0
202210220845,,0.0
202210220900,,0.0
202210220915,,0.0
202210220930,,0.0
202210220945,,0.0
202210221000,,0.0
202210221015,,0.0
202210221030,,0.0
202210221045,283.0,0.4
202210221101,,0.0
202210221115,,0.0
202210221130,267.0,0.4
202210221146,,0.0
202210221200,281.0,0.4
202210221215,,0.0
202210221230,,0.0
202210221245,,0.0
202210221300,,0.0
202210221315,,0.0
202210221330,,0.0
202210221345,,0.0
202210221400,,0.0
202210221415,,0.0
202210221430,,0.0
202210221445,,0.0
202210221501,,0.0
202210221515,158.0,0.4
202210221545,182.0,0.9
202210221601,155.0,0.4
202210221615,142.0,0.9
202210221630,187.0,0.4
202210221645,143.0,0.9
202210221700,226.0,0.4
202210221715,86.0,0.4
202210221730,153.0,0.4
202210221745,108.0,0.4
202210221801,154.0,0.9
202210221815,179.0,0.4
202210221831,88.0,0.9
202210221845,128.0,0.9
202210221901,136.0,0.4
202210221915,176.0,0.4
202210221931,233.0,0.4
202210221945,133.0,0.9
202210222000,141.0,1.3
202210222015,140.0,1.3
202210222031,250.0,1.3
202210222045,129.0,1.3
202210222100,160.0,0.9
202210222115,269.0,0.9
202210222130,269.0,0.4
202210222145,271.0,0.9
202210222200,229.0,0.4
202210222215,267.0,0.4
202210222231,,0.0
202210222245,,0.0
202210222300,,0.0
202210222315,,0.0
202210222330,,0.0
202210222345,,0.0
202210230000,,0.0
202210230015,,0.0
202210230030,,0.0
202210230045,,0.0
202210230100,,0.0
202210230115,,0.0
202210230130,,0.0
202210230145,,0.0
202210230201,,0.0
202210230245,258.0,0.4
202210230300,,0.0
202210230315,,0.0
202210230330,,0.0
202210230345,,0.0
202210230400,,0.0
202210230415,,0.0
202210230430,,0.0
202210230445,,0.0
202210230500,,0.0
202210230515,,0.0
202210230530,,0.0
202210230545,,0.0
202210230600,,0.0
202210230615,,0.0
202210230630,,0.0
202210230646,,0.0
202210230700,,0.0
202210230715,,0.0
202210230731,,0.0
202210230746,,0.0
202210230800,,0.0
202210230816,,0.0
202210230830,,0.0
202210230845,,0.0
202210230900,,0.0
202210230915,283.0,0.4
202210230930,,0.0
202210230945,,0.0
202210231015,,0.0
202210231030,,0.0
202210231045,,0.0
202210231115,,0.0
202210231130,,0.0
202210231145,,0.0
202210231200,,0.0
202210231215,,0.0
202210231230,,0.0
202210231245,,0.0
202210231300,,0.0
202210231316,,0.0
202210231345,,0.0
202210231400,,0.0
202210231415,,0.0
202210231430,,0.0
202210231445,,0.0
202210231500,,0.0
202210231515,141.0,0.4
202210231531,,0.0
202210231546,110.0,0.9
202210231600,138.0,0.4
202210231616,143.0,0.9
202210231630,150.0,0.9
202210231645,128.0,0.9
202210231700,171.0,1.3
202210231715,,0.0
202210231730,225.0,0.4
202210231745,80.0,0.4
202210231800,86.0,0.9
202210231815,163.0,0.9
202210231830,147.0,0.9
202210231845,41.0,0.9
202210231900,143.0,0.9
202210231915,147.0,0.4
202210232001,125.0,0.9
202210232015,141.0,0.4
202210232030,90.0,0.9
202210232045,135.0,0.9
202210232100,146.0,0.9
202210232115,171.0,0.9
202210232130,295.0,0.4
202210232201,265.0,0.4
202210232216,277.0,0.4
202210232230,269.0,0.4
202210232245,270.0,0.4
202210232300,,0.0
202210232315,274.0,0.4
202210232330,,0.0
202210232345,,0.0
202210240000,,0.0
202210240015,,0.0
202210240030,,0.0
202210240045,,0.0
202210240100,,0.0
202210240115,,0.0
202210240130,,0.0
202210240145,,0.0
202210240200,260.0,0.4
202210240215,,0.0
202210240230,,0.0
202210240245,,0.0
202210240300,,0.0
202210240315,,0.0
202210240330,,0.0
202210240345,,0.0
202210240400,,0.0
202210240415,,0.0
202210240430,,0.0
202210240445,,0.0
202210240501,,0.0
202210240515,,0.0
202210240530,,0.0
202210240545,,0.0
202210240600,,0.0
202210240615,,0.0
202210240631,283.0,0.4
202210240700,,0.0
202210240715,,0.0
202210240730,,0.0
202210240800,,0.0
202210240815,,0.0
202210240845,,0.0
202210240915,,0.0
202210240930,,0.0
202210240945,,0.0
202210241001,,0.0
202210241016,,0.0
202210241031,,0.0
202210241045,,0.0
202210241100,,0.0
202210241115,,0.0
202210241130,,0.0
202210241145,,0.0
202210241200,,0.0
202210241215,,0.0
202210241230,,0.0
202210241245,,0.0
202210241300,,0.0
202210241315,,0.0
202210241330,,0.0
202210241345,,0.0
202210241400,,0.0
202210241415,221.0,0.4
202210241431,,0.0
202210241446,115.0,0.4
202210241500,109.0,0.4
202210241515,134.0,1.3
202210241530,97.0,0.4
202210241545,203.0,0.9
202210241600,105.0,0.4
202210241616,254.0,0.9
202210241630,152.0,0.9
202210241645,240.0,0.4
202210241700,223.0,0.4
202210241715,165.0,0.4
202210241730,129.0,0.4
202210241745,174.0,0.9
202210241800,148.0,0.9
202210241815,124.0,0.9
202210241830,101.0,0.4
202210241846,217.0,0.4
202210241901,156.0,0.9
202210241916,226.0,0.4
202210241930,125.0,0.9
202210241945,200.0,0.9
202210242000,79.0,0.4
202210242015,158.0,0.9
202210242030,125.0,0.4
202210242045,146.0,0.9
202210242130,319.0,0.9
202210242145,,0.0
202210242200,266.0,0.4
202210242230,275.0,0.4
202210242245,,0.0
202210242300,,0.0
202210242315,,0.0
202210242345,,0.0
202210250000,,0.0
202210250031,,0.0
202210250045,,0.0
202210250101,,0.0
202210250116,,0.0
202210250131,,0.0
202210250145,,0.0
202210250200,,0.0
202210250215,,0.0
202210250230,,0.0
202210250245,,0.0
202210250300,,0.0
202210250315,,0.0
202210250330,,0.0
202210250345,,0.0
202210250400,,0.0
202210250415,,0.0
202210250430,,0.0
202210250445,,0.0
202210250500,,0.0
202210250515,,0.0
202210250531,,0.0
202210250545,,0.0
202210250601,,0.0
202210250615,,0.0
202210250631,,0.0
202210250646,,0.0
202210250700,,0.0
202210250715,,0.0
202210250730,,0.0
202210250745,,0.0
202210250800,,0.0
202210250815,,0.0
202210250830,,0.0
202210250845,,0.0
202210250900,,0.0
202210250916,,0.0
202210250930,,0.0
202210250945,,0.0
202210251000,,0.0
202210251015,,0.0
202210251030,,0.0
202210251045,,0.0
202210251100,,0.0
202210251115,,0.0
202210251130,,0.0
202210251145,,0.0
202210251200,,0.0
202210251215,,0.0
202210251230,,0.0
202210251245,,0.0
202210251300,,0.0
202210251315,,0.0
202210251330,60.0,0.4
202210251345,,0.0
202210251400,262.0,0.4
202210251415,134.0,0.4
202210251430,144.0,0.9
202210251445,302.0,1.8
202210251500,,0.0
202210251515,203.0,0.9
202210251545,187.0,1.3
202210251600,355.0,1.8
202210251615,84.0,0.9
202210251630,249.0,1.3
202210251645,289.0,1.8
202210251715,160.0,0.4
202210251745,91.0,0.9
202210251800,127.0,1.8
202210251815,117.0,1.3
202210251831,266.0,1.3
202210251845,302.0,1.3
202210251900,305.0,0.9
202210251916,137.0,0.4
202210251930,,0.0
202210251945,58.0,0.4
202210252000,293.0,0.4
202210252015,122.0,0.4
202210252031,288.0,1.3
202210252045,295.0,1.3
202210252100,92.0,0.4
202210252130,236.0,0.4
202210252145,293.0,0.4
202210252200,253.0,0.9
202210252215,231.0,0.4
202210252245,,0.0
202210252300,,0.0
202210252315,285.0,0.9
202210252330,,0.0
202210252345,269.0,0.4
202210260000,,0.0
202210260016,250.0,0.4
202210260030,,0.0
202210260045,,0.0
202210260100,,0.0
202210260115,,0.0
202210260130,,0.0
202210260146,,0.0
202210260200,,0.0
202210260216,,0.0
202210260230,,0.0
202210260245,,0.0
202210260300,344.0,0.4
202210260315,268.0,0.9
202210260330,69.0,0.4
202210260345,352.0,0.4
202210260400,218.0,0.9
202210260416,,0.0
202210260430,,0.0
202210260445,,0.0
202210260500,,0.0
202210260515,,0.0
202210260530,,0.0
202210260545,,0.0
202210260600,,0.0
202210260615,,0.0
202210260630,,0.0
202210260646,297.0,0.4
202210260700,271.0,0.4
202210260731,,0.0
202210260745,,0.0
202210260815,,0.0
202210260830,,0.0
202210260845,,0.0
202210260900,,0.0
202210260915,,0.0
202210260930,,0.0
202210260945,,0.0
202210261031,,0.0
202210261045,72.0,0.4
202210261130,,0.0
202210261145,288.0,0.9
202210261215,,0.0
202210261230,,0.0
202210261300,,0.0
202210261315,,0.0
202210261330,,0.0
202210261345,,0.0
202210261401,,0.0
202210261415,141.0,0.9
202210261430,134.0,0.9
202210261445,138.0,0.9
202210261500,160.0,0.4
202210261515,138.0,0.4
202210261530,120.0,0.9
202210261545,304.0,1.3
202210261600,,0.0
202210261630,240.0,0.9
202210261645,111.0,0.9
202210261700,103.0,0.4
202210261715,278.0,0.4
202210261730,93.0,0.9
202210261745,158.0,0.4
202210261800,134.0,1.3
202210261815,93.0,0.9
202210261830,129.0,0.9
202210261900,82.0,0.4
202210261915,230.0,0.4
202210261930,183.0,0.4
202210261945,132.0,0.9
202210262000,136.0,0.9
202210262015,224.0,0.9
202210262030,168.0,1.3
202210262045,90.0,0.4
202210262100,,0.0
202210262115,,0.0
202210262130,,0.0
202210262145,,0.0
202210262200,,0.0
202210262230,,0.0
202210262245,,0.0
202210262300,,0.0
202210262315,,0.0
202210262330,,0.0
202210262345,,0.0
202210270000,,0.0
202210270015,,0.0
202210270045,,0.0
202210270101,,0.0
202210270115,,0.0
202210270130,,0.0
202210270145,,0.0
202210270200,,0.0
202210270215,,0.0
202210270230,,0.0
202210270245,,0.0
202210270300,,0.0
202210270315,,0.0
202210270330,255.0,0.4
202210270345,269.0,0.4
202210270400,,0.0
202210270430,235.0,0.4
202210270446,,0.0
202210270500,,0.0
202210270516,,0.0
202210270531,,0.0
202210270545,,0.0
202210270600,,0.0
202210270615,,0.0
202210270630,,0.0
202210270646,,0.0
202210270700,,0.0
202210270715,,0.0
202210270730,,0.0
202210270745,,0.0
202210270800,,0.0
202210270815,,0.0
202210270830,,0.0
202210270846,,0.0
202210270900,,0.0
202210270915,,0.0
202210270931,,0.0
202210270946,,0.0
202210271001,,0.0
202210271015,,0.0
202210271030,,0.0
202210271045,,0.0
202210271100,,0.0
202210271115,,0.0
202210271130,,0.0
202210271145,,0.0
202210271200,,0.0
202210271215,,0.0
202210271230,,0.0
202210271245,,0.0
202210271300,,0.0
202210271315,,0.0
202210271330,,0.0
202210271345,,0.0
202210271400,,0.0
202210271416,,0.0
202210271430,210.0,0.4
202210271446,177.0,0.4
202210271500,188.0,0.4
202210271515,142.0,0.9
202210271530,136.0,1.8
202210271545,122.0,1.3
202210271600,167.0,1.3
202210271615,147.0,1.3
202210271630,145.0,1.3
202210271645,124.0,0.9
202210271700,147.0,0.4
202210271730,258.0,0.4
202210271745,131.0,0.4
202210271801,147.0,1.3
202210271815,162.0,0.4
202210271830,129.0,0.4
202210271845,126.0,1.3
202210271900,,0.0
202210271915,279.0,0.4
202210271930,160.0,1.3
202210271945,133.0,0.9
202210272000,155.0,0.4
202210272015,163.0,0.4
202210272030,134.0,0.9
202210272101,,0.0
202210272115,274.0,0.4
202210272130,238.0,0.9
202210272145,265.0,0.4
202210272200,,0.0
202210272215,292.0,0.4
202210272230,,0.0
202210272245,282.0,0.4
202210272300,258.0,0.4
202210272315,267.0,0.4
202210272331,274.0,0.4
202210272346,257.0,0.4
202210280000,,0.0
202210280015,,0.0
202210280030,,0.0
202210280045,,0.0
202210280100,,0.0
202210280115,,0.0
202210280130,,0.0
202210280145,,0.0
202210280200,,0.0
202210280215,,0.0
202210280230,,0.0
202210280245,,0.0
202210280300,,0.0
202210280315,,0.0
202210280330,,0.0
202210280345,,0.0
202210280400,,0.0
202210280415,,0.0
202210280431,,0.0
202210280445,,0.0
202210280500,,0.0
202210280516,,0.0
202210280530,,0.0
202210280545,,0.0
202210280600,,0.0
202210280615,,0.0
202210280630,,0.0
202210280700,,0.0
202210280715,,0.0
202210280730,,0.0
202210280745,,0.0
202210280830,,0.0
202210280845,,0.0
202210280900,,0.0
202210280915,,0.0
202210280930,,0.0
202210280945,,0.0
202210281000,,0.0
202210281015,,0.0
202210281030,,0.0
202210281045,,0.0
202210281100,286.0,0.4
202210281115,,0.0
202210281130,,0.0
202210281145,,0.0
202210281200,,0.0
202210281215,,0.0
202210281230,,0.0
202210281245,,0.0
202210281300,,0.0
202210281315,,0.0
202210281330,,0.0
202210281400,,0.0
202210281415,172.0,0.9
202210281431,165.0,0.4
202210281446,129.0,0.9
202210281500,131.0,0.4
202210281515,157.0,0.9
202210281530,144.0,1.3
202210281545,154.0,0.4
202210281615,122.0,1.3
202210281630,189.0,0.9
202210281645,198.0,0.9
202210281700,159.0,0.4
202210281715,143.0,0.9
202210281730,141.0,0.9
202210281745,133.0,0.9
202210281800,134.0,0.9
202210281815,184.0,0.4
202210281830,153.0,0.4
202210281845,176.0,0.4
202210281900,,0.0
202210281915,154.0,1.3
202210281931,122.0,0.9
202210281946,153.0,0.9
202210282000,171.0,0.4
202210282016,358.0,0.4
202210282030,225.0,0.9
202210282045,153.0,0.4
202210282100,147.0,0.9
202210282115,129.0,0.4
202210282130,160.0,0.4
202210282145,137.0,0.9
202210282200,,0.0
202210282215,,0.0
202210282230,285.0,0.9
202210282300,,0.0
202210282315,,0.0
202210282330,,0.0
202210282345,,0.0
202210290000,,0.0
202210290015,,0.0
202210290030,,0.0
202210290045,,0.0
202210290100,,0.0
202210290115,,0.0
202210290130,,0.0
202210290145,,0.0
202210290201,,0.0
202210290216,,0.0
202210290230,,0.0
202210290245,,0.0
202210290301,,0.0
202210290315,,0.0
202210290330,,0.0
202210290345,,0.0
202210290400,,0.0
202210290415,,0.0
202210290430,,0.0
202210290445,,0.0
202210290500,,0.0
202210290515,,0.0
202210290530,,0.0
202210290545,,0.0
202210290601,,0.0
202210290616,,0.0
202210290630,,0.0
202210290646,,0.0
202210290701,,0.0
202210290715,,0.0
202210290730,,0.0
202210290746,,0.0
202210290801,,0.0
202210290815,,0.0
202210290830,,0.0
202210290845,,0.0
202210290900,,0.0
202210290915,,0.0
202210290930,,0.0
202210290945,,0.0
202210291000,,0.0
202210291015,,0.0
202210291030,,0.0
202210291100,,0.0
202210291115,,0.0
202210291130,,0.0
202210291145,,0.0
202210291200,,0.0
202210291215,,0.0
202210291230,,0.0
202210291245,,0.0
202210291316,,0.0
202210291330,110.0,0.4
202210291345,,0.0
202210291400,150.0,0.4
202210291415,127.0,0.4
202210291430,144.0,0.4
202210291445,233.0,0.4
202210291500,147.0,0.9
202210291515,150.0,0.4
202210291530,234.0,0.4
202210291545,129.0,0.4
202210291601,159.0,0.4
202210291615,139.0,0.9
202210291630,134.0,0.4
202210291645,140.0,0.9
202210291700,189.0,0.9
202210291716,148.0,0.9
202210291731,148.0,0.4
202210291745,109.0,0.9
202210291800,149.0,0.4
202210291815,151.0,0.9
202210291830,129.0,0.9
202210291845,,0.0
202210291915,158.0,0.4
202210291945,195.0,0.9
202210292015,,0.0
202210292030,,0.0
202210292045,126.0,0.4
202210292100,141.0,0.4
202210292115,124.0,0.4
202210292130,140.0,0.4
202210292145,,0.0
202210292200,,0.0
202210292215,,0.0
202210292230,,0.0
202210292245,,0.0
202210292300,,0.0
202210292315,,0.0
202210292330,,0.0
202210292345,,0.0
202210300000,,0.0
202210300015,,0.0
202210300030,,0.0
202210300045,,0.0
202210300100,,0.0
202210300115,,0.0
202210300130,,0.0
202210300145,,0.0
202210300200,,0.0
202210300215,139.0,0.4
202210300230,,0.0
202210300245,,0.0
202210300300,,0.0
202210300315,,0.0
202210300330,,0.0
202210300345,,0.0
202210300400,200.0,0.4
202210300415,,0.0
202210300430,,0.0
202210300445,,0.0
202210300500,,0.0
202210300515,,0.0
202210300530,,0.0
202210300545,,0.0
202210300600,,0.0
202210300630,,0.0
202210300700,,0.0
202210300715,,0.0
202210300730,,0.0
202210300745,,0.0
202210300800,,0.0
202210300815,,0.0
202210300830,,0.0
202210300845,,0.0
202210300900,,0.0
202210300915,,0.0
202210300930,,0.0
202210300945,,0.0
202210301015,,0.0
202210301030,,0.0
202210301045,,0.0
202210301100,,0.0
202210301115,,0.0
202210301130,,0.0
202210301145,,0.0
202210301200,,0.0
202210301215,,0.0
202210301231,,0.0
202210301245,,0.0
202210301300,,0.0
202210301315,,0.0
202210301331,,0.0
202210301345,,0.0
202210301400,,0.0
202210301415,,0.0
202210301430,,0.0
202210301445,,0.0
202210301500,,0.0
202210301515,,0.0
202210301530,136.0,0.4
202210301545,,0.0
202210301600,,0.0
202210301615,142.0,0.4
202210301630,139.0,0.4
202210301645,,0.0
202210301700,,0.0
202210301715,,0.0
202210301730,,0.0
202210301745,,0.0
202210301800,,0.0
202210301816,,0.0
202210301830,,0.0
202210301845,,0.0
202210301900,,0.0
202210301915,,0.0
202210301930,139.0,0.4
202210301945,,0.0
202210302000,,0.0
202210302015,,0.0
202210302030,,0.0
202210302045,,0.0
202210302100,,0.0
202210302115,,0.0
202210302130,,0.0
202210302145,,0.0
202210302200,,0.0
202210302215,,0.0
202210302230,,0.0
202210302245,,0.0
202210302300,,0.0
202210302315,,0.0
202210302330,,0.0
202210302346,,0.0
202210310000,,0.0
202210310015,,0.0
202210310030,,0.0
202210310046,,0.0
202210310100,,0.0
202210310116,,0.0
202210310130,,0.0
202210310145,136.0,0.9
202210310200,,0.0
202210310215,,0.0
202210310230,,0.0
202210310245,,0.0
202210310300,,0.0
202210310330,,0.0
202210310400,,0.0
202210310415,,0.0
202210310430,,0.0
202210310445,,0.0
202210310500,,0.0
202210310515,,0.0
202210310530,,0.0
202210310546,,0.0
202210310601,,0.0
202210310617,,0.0
202210310630,,0.0
202210310646,291.0,0.4
202210310700,,0.0
202210310715,,0.0
202210310730,,0.0
202210310745,,0.0
202210310815,,0.0
202210310830,,0.0
202210310845,,0.0
202210310900,,0.0
202210310915,,0.0
202210310930,,0.0
202210310945,,0.0
202210311000,,0.0
202210311015,,0.0
202210311030,,0.0
202210311045,,0.0
202210311101,,0.0
202210311116,,0.0
202210311131,,0.0
202210311145,,0.0
202210311200,,0.0
202210311215,,0.0
202210311230,,0.0
202210311245,,0.0
202210311300,,0.0
202210311315,,0.0
202210311330,,0.0
202210311345,,0.0
202210311400,,0.0
202210311415,,0.0
202210311430,,0.0
202210311445,,0.0
202210311500,157.0,0.4
202210311516,270.0,0.4
202210311530,,0.0
202210311545,,0.0
202210311616,,0.0
202210311631,,0.0
202210311645,304.0,0.4
202210311700,67.0,0.4
202210311715,314.0,0.4
202210311730,324.0,0.9
202210311800,338.0,0.4
202210311815,250.0,0.9
202210311830,289.0,1.3
202210311845,291.0,1.8
202210311900,247.0,1.3
202210311915,317.0,1.8
202210312000,117.0,0.9
202210312015,311.0,1.3
202210312030,350.0,0.9
202210312045,69.0,0.9
202210312101,236.0,0.4
202210312115,,0.0
202210312131,108.0,0.9
202210312145,84.0,1.3
202210312200,235.0,1.3
202210312215,143.0,0.4
202210312230,171.0,0.4
202210312245,98.0,0.4
202210312300,,0.0
202210312315,,0.0
202210312330,,0.0
202210312345,,0.0
202211010000,233.0,0.4
202211010015,,0.0
202211010030,,0.0
202211010045,,0.0
202211010100,,0.0
202211010115,,0.0
202211010130,,0.0
202211010145,,0.0
202211010200,,0.0
202211010215,233.0,0.9
202211010230,,0.0
202211010300,,0.0
202211010315,258.0,0.4
202211010330,266.0,0.4
202211010401,,0.0
202211010415,,0.0
202211010431,,0.0
202211010445,,0.0
202211010515,,0.0
202211010530,,0.0
202211010545,,0.0
202211010600,,0.0
202211010615,,0.0
202211010630,,0.0
202211010700,,0.0
202211010715,,0.0
202211010730,,0.0
202211010745,,0.0
202211010800,,0.0
202211010815,77.0,0.4
202211010830,,0.0
202211010845,,0.0
202211010900,,0.0
202211010930,,0.0
202211010945,,0.0
202211011000,61.0,0.4
202211011015,82.0,0.4
202211011030,81.0,0.4
202211011045,85.0,0.4
202211011100,60.0,0.4
202211011115,,0.0
202211011130,,0.0
202211011145,,0.0
202211011201,,0.0
202211011215,,0.0
202211011230,,0.0
202211011245,,0.0
202211011300,,0.0
202211011315,,0.0
202211011330,,0.0
202211011345,,0.0
202211011400,9.0,0.4
202211011415,,0.0
202211011430,,0.0
202211011445,240.0,0.4
202211011500,264.0,0.4
202211011515,263.0,0.4
202211011530,,0.0
202211011545,210.0,1.3
202211011600,264.0,1.3
202211011615,,0.0
202211011630,,0.0
202211011645,,0.0
202211011700,,0.0
202211011715,,0.0
202211011730,,0.0
202211011745,,0.0
202211011800,,0.0
202211011815,105.0,0.4
202211011830,,0.0
202211011845,183.0,0.4
202211011900,,0.0
202211011915,119.0,0.4
202211011930,139.0,0.4
202211011945,131.0,0.4
202211012000,,0.0
202211012015,169.0,0.4
202211012030,,0.0
202211012045,192.0,0.4
202211012100,173.0,0.9
202211012116,,0.0
202211012146,,0.0
202211012201,,0.0
202211012215,264.0,0.4
202211012230,,0.0
202211012245,,0.0
202211012300,,0.0
202211012315,,0.0
202211012330,,0.0
202211012345,,0.0
202211020000,,0.0
202211020015,,0.0
202211020030,,0.0
202211020100,,0.0
202211020115,,0.0
202211020130,,0.0
202211020145,,0.0
202211020200,,0.0
202211020215,,0.0
202211020230,,0.0
202211020245,,0.0
202211020300,,0.0
202211020315,,0.0
202211020331,,0.0
202211020345,,0.0
202211020400,,0.0
202211020416,,0.0
202211020430,,0.0
202211020445,,0.0
202211020500,,0.0
202211020515,,0.0
202211020530,,0.0
202211020545,,0.0
202211020600,,0.0
202211020615,,0.0
202211020630,,0.0
202211020700,,0.0
202211020715,,0.0
202211020730,,0.0
202211020745,,0.0
202211020800,,0.0
202211020815,,0.0
202211020830,,0.0
202211020845,,0.0
202211020900,,0.0
202211020915,,0.0
202211020930,,0.0
202211020945,,0.0
202211021000,,0.0
202211021015,,0.0
202211021031,,0.0
202211021045,,0.0
202211021115,,0.0
202211021130,,0.0
202211021145,,0.0
202211021200,,0.0
202211021215,,0.0
202211021230,,0.0
202211021245,,0.0
202211021300,,0.0
202211021315,,0.0
202211021330,,0.0
202211021345,,0.0
202211021400,,0.0
202211021415,,0.0
202211021430,,0.0
202211021445,,0.0
202211021500,,0.0
202211021516,,0.0
202211021531,,0.0
202211021545,,0.0
202211021600,146.0,0.9
202211021615,,0.0
202211021630,,0.0
202211021645,,0.0
202211021700,,0.0
202211021715,,0.0
202211021730,129.0,0.4
202211021745,145.0,0.4
202211021800,143.0,0.4
202211021815,,0.0
202211021830,,0.0
202211021845,,0.0
202211021900,,0.0
202211021915,,0.0
202211021930,124.0,0.9
202211021945,136.0,0.9
202211022000,,0.0
202211022015,,0.0
202211022030,153.0,0.4
202211022046,134.0,0.4
202211022100,,0.0
202211022116,,0.0
202211022130,,0.0
202211022145,,0.0
202211022200,,0.0
202211022230,,0.0
202211022245,,0.0
202211022300,,0.0
202211022315,,0.0
202211022330,,0.0
202211022345,,0.0
202211030000,,0.0
202211030015,,0.0
202211030030,,0.0
202211030045,,0.0
202211030100,,0.0
202211030115,,0.0
202211030145,,0.0
202211030200,,0.0
202211030215,,0.0
202211030231,,0.0
202211030245,,0.0
202211030300,,0.0
202211030315,,0.0
202211030331,,0.0
202211030415,,0.0
202211030430,,0.0
202211030445,,0.0
202211030500,,0.0
202211030515,,0.0
202211030530,,0.0
202211030545,,0.0
202211030600,,0.0
202211030615,,0.0
202211030630,,0.0
202211030730,,0.0
202211030745,,0.0
202211030800,,0.0
202211030815,,0.0
202211030830,,0.0
202211030845,,0.0
202211030900,,0.0
202211030915,,0.0
202211030931,,0.0
202211030946,,0.0
202211031000,,0.0
202211031015,,0.0
202211031030,,0.0
202211031045,,0.0
202211031100,,0.0
202211031115,,0.0
202211031130,,0.0
202211031145,,0.0
202211031200,,0.0
202211031215,,0.0
202211031230,,0.0
202211031245,,0.0
202211031300,,0.0
202211031315,,0.0
202211031330,,0.0
202211031345,,0.0
202211031400,,0.0
202211031431,,0.0
202211031445,,0.0
202211031500,130.0,0.4
202211031515,,0.0
202211031530,245.0,0.9
202211031545,103.0,0.4
202211031600,172.0,0.4
202211031615,91.0,0.4
202211031630,135.0,0.4
202211031645,176.0,0.9
202211031700,249.0,0.4
202211031715,143.0,0.4
202211031730,74.0,1.3
202211031745,123.0,0.4
202211031800,268.0,0.4
202211031815,208.0,0.9
202211031831,126.0,0.4
202211031845,,0.0
202211031900,,0.0
202211031916,,0.0
202211031930,230.0,0.4
202211031945,161.0,0.9
202211032000,214.0,0.4
202211032015,134.0,0.4
202211032030,143.0,0.4
202211032045,126.0,0.4
202211032100,207.0,0.4
202211032115,,0.0
202211032130,,0.0
202211032145,238.0,0.4
202211032200,300.0,0.9
202211032215,,0.0
202211032230,,0.0
202211032245,,0.0
202211032300,,0.0
202211032315,,0.0
202211032330,,0.0
202211032345,,0.0
202211040000,276.0,0.4
202211040015,,0.0
202211040030,,0.0
202211040045,,0.0
202211040100,,0.0
202211040115,,0.0
202211040130,,0.0
202211040145,,0.0
202211040200,,0.0
202211040216,,0.0
202211040230,,0.0
202211040245,,0.0
202211040300,,0.0
202211040315,,0.0
202211040330,,0.0
202211040345,,0.0
202211040400,,0.0
202211040415,,0.0
202211040430,,0.0
202211040445,,0.0
202211040500,,0.0
202211040515,,0.0
202211040530,,0.0
202211040545,,0.0
202211040600,,0.0
202211040615,,0.0
202211040630,,0.0
202211040646,,0.0
202211040700,,0.0
202211040715,,0.0
202211040730,,0.0
202211040746,,0.0
202211040800,,0.0
202211040830,,0.0
202211040845,,0.0
202211040900,,0.0
202211040915,,0.0
202211040930,,0.0
202211040945,,0.0
202211041000,,0.0
202211041015,,0.0
202211041045,,0.0
202211041100,,0.0
202211041115,,0.0
202211041130,,0.0
202211041145,,0.0
202211041200,,0.0
202211041215,,0.0
202211041230,,0.0
202211041245,,0.0
202211041300,,0.0
202211041315,,0.0
202211041400,,0.0
202211041415,125.0,0.4
202211041430,,0.0
202211041445,214.0,0.9
202211041500,170.0,0.9
202211041515,127.0,1.3
202211041530,143.0,1.8
202211041545,,0.0
202211041600,116.0,0.9
202211041615,92.0,1.3
202211041630,153.0,0.4
202211041645,142.0,0.9
202211041700,70.0,0.4
202211041715,207.0,0.9
202211041731,214.0,0.9
202211041745,181.0,0.9
202211041800,197.0,1.3
202211041815,150.0,0.9
202211041830,160.0,0.9
202211041845,153.0,0.4
202211041915,248.0,2.2
202211041930,226.0,0.9
202211041945,288.0,0.9
202211042000,232.0,0.4
202211042015,176.0,0.4
202211042030,,0.0
202211042045,46.0,0.4
202211042100,214.0,0.4
202211042115,103.0,0.9
202211042130,135.0,0.4
202211042145,,0.0
202211042200,,0.0
202211042215,,0.0
202211042230,,0.0
202211042245,,0.0
202211042300,,0.0
202211042315,,0.0
202211042330,,0.0
202211042345,,0.0
202211050002,,0.0
202211050030,,0.0
202211050045,,0.0
202211050100,,0.0
202211050115,,0.0
202211050130,,0.0
202211050145,,0.0
202211050200,,0.0
202211050215,,0.0
202211050230,,0.0
202211050245,,0.0
202211050300,,0.0
202211050315,,0.0
202211050330,,0.0
202211050345,,0.0
202211050400,,0.0
202211050415,,0.0
202211050430,,0.0
202211050445,,0.0
202211050500,,0.0
202211050515,,0.0
202211050530,,0.0
202211050600,,0.0
202211050615,298.0,0.4
202211050630,,0.0
202211050700,3.0,0.4
202211050715,,0.0
202211050730,256.0,0.9
202211050745,53.0,1.3
202211050815,23.0,0.9
202211050830,41.0,1.3
202211050845,32.0,0.4
202211050900,128.0,2.2
202211050915,,0.0
202211050930,132.0,1.3
202211050945,35.0,0.4
202211051000,250.0,3.1
202211051015,231.0,1.3
202211051045,291.0,2.7
202211051101,242.0,0.9
202211051115,14.0,0.4
202211051130,33.0,0.9
202211051145,98.0,1.3
202211051200,307.0,1.8
202211051215,96.0,1.8
202211051230,321.0,0.9
202211051245,218.0,1.8
202211051301,285.0,1.3
202211051330,347.0,1.3
202211051345,307.0,2.2
202211051400,288.0,1.8
202211051415,192.0,1.8
202211051430,311.0,2.7
202211051500,337.0,1.3
202211051515,281.0,3.1
202211051530,266.0,0.4
202211051545,134.0,2.2
202211051600,106.0,0.9
202211051616,292.0,2.7
202211051631,135.0,0.9
202211051645,352.0,0.9
202211051700,98.0,1.8
202211051715,208.0,2.2
202211051730,212.0,1.8
202211051745,118.0,0.9
202211051800,300.0,1.8
202211051815,78.0,0.9
202211051830,280.0,0.4
202211051845,11.0,0.4
202211051900,359.0,0.9
202211051915,148.0,1.8
202211051930,219.0,1.3
202211051945,341.0,0.9
202211052000,155.0,0.9
202211052015,,0.0
202211052030,57.0,0.9
202211052046,359.0,0.9
202211052100,308.0,1.8
202211052115,153.0,1.3
202211052130,129.0,1.3
202211052145,208.0,0.9
202211052200,18.0,0.9
202211052215,101.0,0.4
202211052230,136.0,1.3
202211052245,,0.0
202211052300,,0.0
202211052315,,0.0
202211052330,58.0,0.4
202211052345,,0.0
202211060000,96.0,0.4
202211060015,,0.0
202211060030,,0.0
202211060045,,0.0
202211060100,,0.0
202211060115,,0.0
202211060200,,0.0
202211060215,,0.0
202211060230,,0.0
202211060245,70.0,0.9
202211060301,314.0,0.4
202211060316,65.0,0.4
202211060331,54.0,0.4
202211060345,,0.0
202211060400,269.0,0.4
202211060415,,0.0
202211060430,,0.0
202211060445,,0.0
202211060500,32.0,0.4
202211060515,,0.0
202211060531,299.0,0.4
202211060545,253.0,0.4
202211060615,250.0,0.9
202211060630,139.0,0.9
202211060646,235.0,0.4
202211060700,281.0,0.9
202211060715,224.0,0.9
202211060730,295.0,0.4
202211060745,335.0,0.9
202211060800,351.0,0.4
202211060815,158.0,1.3
202211060831,350.0,1.3
202211060845,297.0,1.3
202211060900,75.0,0.4
202211060915,,0.0
202211060930,59.0,0.9
202211060945,95.0,0.4
202211061000,,0.0
202211061015,255.0,0.4
202211061030,234.0,0.4
202211061045,99.0,0.9
202211061100,146.0,0.4
202211061115,143.0,1.3
202211061130,334.0,0.9
202211061145,65.0,0.4
202211061200,297.0,1.3
202211061215,290.0,0.9
202211061230,319.0,1.8
202211061245,343.0,0.4
202211061301,,0.0
202211061316,274.0,0.4
202211061331,113.0,0.9
202211061345,288.0,1.3
202211061400,66.0,0.9
202211061415,98.0,0.4
202211061430,292.0,0.4
202211061445,80.0,0.4
202211061500,252.0,0.9
202211061515,6.0,1.3
202211061530,252.0,0.4
202211061545,140.0,0.9
202211061600,160.0,0.9
202211061615,,0.0
202211061630,120.0,0.4
202211061645,,0.0
202211061700,187.0,0.9
202211061715,,0.0
202211061731,,0.0
202211061746,356.0,0.4
202211061800,137.0,0.9
202211061815,146.0,0.4
202211061830,290.0,0.9
202211061845,217.0,0.4
202211061900,132.0,0.9
202211061915,152.0,1.3
202211061930,151.0,0.4
202211061945,315.0,1.3
202211062000,199.0,0.4
202211062015,122.0,0.4
202211062030,,0.0
202211062045,,0.0
202211062100,86.0,0.4
202211062115,121.0,0.4
202211062130,,0.0
202211062145,,0.0
202211062200,,0.0
202211062215,,0.0
202211062230,,0.0
202211062245,,0.0
202211062300,,0.0
202211062315,,0.0
202211062330,,0.0
202211062345,,0.0
202211070000,,0.0
202211070015,,0.0
202211070030,,0.0
202211070100,,0.0
202211070115,,0.0
202211070130,,0.0
202211070145,,0.0
202211070200,,0.0
202211070215,,0.0
202211070245,,0.0
202211070300,,0.0
202211070315,,0.0
202211070330,,0.0
202211070345,,0.0
202211070400,,0.0
202211070416,,0.0
202211070430,,0.0
202211070445,,0.0
202211070515,265.0,0.4
202211070531,,0.0
202211070545,,0.0
202211070600,,0.0
202211070630,,0.0
202211070646,,0.0
202211070700,266.0,0.4
202211070715,,0.0
202211070730,,0.0
202211070745,,0.0
202211070800,,0.0
202211070815,,0.0
202211070845,,0.0
202211070901,,0.0
202211070915,,0.0
202211070930,,0.0
202211070945,,0.0
202211071000,,0.0
202211071015,,0.0
202211071030,,0.0
202211071045,,0.0
202211071100,,0.0
202211071115,,0.0
202211071130,,0.0
202211071145,,0.0
202211071200,272.0,0.4
202211071215,,0.0
202211071230,,0.0
202211071245,,0.0
202211071300,,0.0
202211071315,,0.0
202211071330,,0.0
202211071345,,0.0
202211071400,,0.0
202211071416,,0.0
202211071430,,0.0
202211071445,130.0,0.4
202211071500,,0.0
202211071515,147.0,0.4
202211071530,,0.0
202211071545,136.0,0.4
202211071600,,0.0
202211071615,162.0,0.4
202211071630,141.0,0.4
202211071645,,0.0
202211071700,,0.0
202211071715,,0.0
202211071730,,0.0
202211071745,,0.0
202211071800,287.0,0.4
202211071830,,0.0
202211071845,221.0,0.4
202211071901,,0.0
202211071915,278.0,0.9
202211071930,,0.0
202211071946,,0.0
202211072001,273.0,0.4
202211072015,,0.0
202211072030,113.0,0.4
202211072045,,0.0
202211072100,,0.0
202211072115,,0.0
202211072130,,0.0
202211072145,,0.0
202211072200,,0.0
202211072215,,0.0
202211072230,,0.0
202211072245,,0.0
202211072300,,0.0
202211072315,,0.0
202211072330,,0.0
202211072345,,0.0
202211080015,,0.0
202211080030,,0.0
202211080045,,0.0
202211080100,,0.0
202211080115,,0.0
202211080130,,0.0
202211080145,,0.0
202211080201,,0.0
202211080215,,0.0
202211080231,,0.0
202211080246,,0.0
202211080301,,0.0
202211080315,,0.0
202211080330,,0.0
202211080345,,0.0
202211080400,,0.0
202211080415,,0.0
202211080430,,0.0
202211080445,,0.0
202211080500,,0.0
202211080515,,0.0
202211081130,,0.0
202211081145,,0.0
202211081200,,0.0
202211081215,,0.0
202211081230,,0.0
202211081245,,0.0
202211081301,,0.0
202211081315,,0.0
202211081330,,0.0
202211081345,,0.0
202211081400,106.0,0.4
202211081430,,0.0
202211081445,,0.0
202211081500,,0.0
202211081515,136.0,0.9
202211081530,127.0,0.9
202211081545,122.0,1.3
202211081600,153.0,0.9
202211081615,132.0,1.3
202211081630,168.0,0.4
202211081645,129.0,1.8
202211081700,167.0,0.9
202211081715,139.0,0.9
202211081730,,0.0
202211081745,133.0,1.8
202211081815,144.0,1.3
202211081845,134.0,1.8
202211081900,120.0,1.3
202211081915,102.0,0.9
202211081930,129.0,0.4
202211081945,99.0,0.4
202211082000,141.0,0.4
202211082015,,0.0
202211082030,,0.0
202211082045,,0.0
202211082101,158.0,0.4
202211082115,217.0,0.4
202211082130,241.0,0.4
202211082145,286.0,0.4
202211082200,135.0,0.4
202211082215,290.0,0.9
202211082230,257.0,0.9
202211082315,275.0,0.4
202211082330,,0.0
202211082345,278.0,0.4
202211090000,,0.0
202211090016,,0.0
202211090031,,0.0
202211090100,,0.0
202211090116,,0.0
202211090130,,0.0
202211090145,,0.0
202211090200,,0.0
202211090215,,0.0
202211090230,,0.0
202211090245,,0.0
202211090300,,0.0
202211090315,,0.0
202211090330,,0.0
202211090400,,0.0
202211090415,,0.0
202211090430,,0.0
202211090445,,0.0
202211090500,,0.0
202211090515,73.0,0.4
202211090530,,0.0
202211090546,,0.0
202211090601,,0.0
202211090615,,0.0
202211090630,,0.0
202211090646,,0.0
202211090700,,0.0
202211090715,,0.0
202211090730,,0.0
202211090745,,0.0
202211090800,,0.0
202211090815,,0.0
202211090830,,0.0
202211090845,,0.0
202211090900,,0.0
202211090915,,0.0
202211090930,,0.0
202211090945,,0.0
202211091001,,0.0
202211091016,,0.0
202211091046,,0.0
202211091101,,0.0
202211091130,,0.0
202211091200,,0.0
202211091215,,0.0
202211091230,,0.0
202211091245,,0.0
202211091300,,0.0
202211091315,,0.0
202211091330,,0.0
202211091345,,0.0
202211091400,,0.0
202211091415,123.0,1.8
202211091431,98.0,0.9
202211091445,141.0,0.9
202211091500,128.0,1.3
202211091516,140.0,1.3
202211091531,173.0,0.9
202211091545,98.0,0.4
202211091600,117.0,1.3
202211091615,134.0,1.8
202211091630,111.0,1.8
202211091645,167.0,1.3
202211091700,93.0,0.9
202211091715,134.0,1.3
202211091730,150.0,0.9
202211091745,194.0,2.2
202211091800,197.0,0.9
202211091830,175.0,1.8
202211091845,94.0,1.3
202211091900,129.0,1.3
202211091915,299.0,0.9
202211091930,107.0,1.3
202211091946,175.0,1.3
202211092000,98.0,0.9
202211092015,168.0,1.8
202211092030,117.0,1.3
202211092045,130.0,0.4
202211092115,,0.0
202211092130,23.0,0.4
202211092145,,0.0
202211092200,,0.0
202211092215,,0.0
202211092230,,0.0
202211092245,,0.0
202211092300,,0.0
202211092315,,0.0
202211092330,248.0,0.4
202211092345,265.0,0.4
202211100000,,0.0
202211100016,,0.0
202211100030,,0.0
202211100046,,0.0
202211100100,,0.0
202211100115,,0.0
202211100130,,0.0
202211100145,,0.0
202211100200,,0.0
202211100215,,0.0
202211100230,,0.0
202211100246,,0.0
202211100301,,0.0
202211100315,,0.0
202211100330,,0.0
202211100345,,0.0
202211100400,,0.0
202211100415,,0.0
202211100430,,0.0
202211100445,,0.0
202211100500,,0.0
202211100515,,0.0
202211100530,,0.0
202211100545,,0.0
202211100600,,0.0
202211100615,,0.0
202211100630,,0.0
202211100646,,0.0
202211100700,,0.0
202211100715,,0.0
202211100730,,0.0
202211100746,,0.0
202211100800,,0.0
202211100815,,0.0
202211100831,,0.0
202211100845,,0.0
202211100900,,0.0
202211100915,,0.0
202211100930,,0.0
202211100945,,0.0
202211101000,,0.0
202211101015,,0.0
202211101031,,0.0
202211101045,,0.0
202211101100,,0.0
202211101116,,0.0
202211101130,,0.0
202211101145,,0.0
202211101201,,0.0
202211101230,,0.0
202211101246,,0.0
202211101300,,0.0
202211101316,,0.0
202211101330,,0.0
202211101345,,0.0
202211101400,,0.0
202211101415,,0.0
202211101430,117.0,0.4
202211101445,110.0,0.4
202211101500,,0.0
202211101516,129.0,0.4
202211101530,150.0,0.4
202211101545,131.0,0.4
202211101600,124.0,1.3
202211101615,,0.0
202211101630,,0.0
202211101645,,0.0
202211101700,,0.0
202211101715,80.0,0.4
202211101730,,0.0
202211101746,,0.0
202211101800,345.0,0.9
202211101815,149.0,0.4
202211101830,,0.0
202211101845,,0.0
202211101900,,0.0
202211101915,,0.0
202211101930,,0.0
202211101945,228.0,0.9
202211102000,,0.0
202211102015,,0.0
202211102030,,0.0
202211102100,,0.0
202211102115,,0.0
202211102130,,0.0
202211102145,,0.0
202211102200,,0.0
202211102215,,0.0
202211102230,,0.0
202211102245,,0.0
202211102300,,0.0
202211102316,,0.0
202211102331,,0.0
202211102345,,0.0
202211110000,,0.0
202211110015,,0.0
202211110030,61.0,0.4
202211110045,,0.0
202211110100,,0.0
202211110115,,0.0
202211110130,,0.0
202211110145,,0.0
202211110200,,0.0
202211110215,,0.0
202211110230,,0.0
202211110245,,0.0
202211110300,,0.0
202211110315,,0.0
202211110330,,0.0
202211110346,92.0,0.4
202211110400,,0.0
202211110415,,0.0
202211110431,,0.0
202211110500,,0.0
202211110515,,0.0
202211110530,,0.0
202211110545,,0.0
202211110600,,0.0
202211110615,,0.0
202211110630,,0.0
202211110647,54.0,0.4
202211110700,,0.0
202211110715,343.0,0.4
202211110730,,0.0
202211110746,,0.0
202211110801,,0.0
202211110815,,0.0
202211110830,,0.0
202211110845,,0.0
202211110915,,0.0
202211110930,,0.0
202211110945,,0.0
202211111000,,0.0
202211111015,278.0,0.4
202211111030,258.0,0.4
202211111100,,0.0
202211111116,,0.0
202211111130,341.0,0.9
202211111146,77.0,1.3
202211111201,163.0,0.4
202211111230,,0.0
202211111246,181.0,0.9
202211111300,194.0,1.8
202211111315,104.0,0.9
202211111330,338.0,0.4
202211111345,20.0,0.9
202211111400,168.0,1.3
202211111415,331.0,0.4
202211111430,,0.0
202211111445,310.0,0.9
202211111500,58.0,0.4
202211111515,155.0,0.9
202211111530,27.0,1.3
202211111600,277.0,0.4
202211111616,269.0,0.4
202211111630,46.0,0.9
202211111645,320.0,0.4
202211111701,28.0,1.3
202211111716,309.0,0.4
202211111730,337.0,1.3
202211111745,,0.0
202211111800,5.0,0.9
202211111815,230.0,0.9
202211111845,16.0,0.4
202211111915,,0.0
202211111930,,0.0
202211111945,,0.0
202211112000,142.0,0.4
202211112030,250.0,0.4
202211112045,,0.0
202211112100,,0.0
202211112115,123.0,0.4
202211112130,117.0,0.4
202211112146,,0.0
202211112200,,0.0
202211112215,,0.0
202211112231,,0.0
202211112245,,0.0
202211112301,259.0,0.4
202211112315,254.0,0.9
202211112330,,0.0
202211112345,,0.0
202211120001,,0.0
202211120016,,0.0
202211120030,,0.0
202211120045,,0.0
202211120100,,0.0
202211120115,231.0,1.3
202211120130,54.0,0.4
202211120200,,0.0
202211120215,,0.0
202211120230,,0.0
202211120245,,0.0
202211120315,,0.0
202211120330,,0.0
202211120345,,0.0
202211120400,,0.0
202211120415,,0.0
202211120430,,0.0
202211120445,,0.0
202211120500,,0.0
202211120515,,0.0
202211120545,,0.0
202211120600,,0.0
202211120615,,0.0
202211120630,,0.0
202211120646,,0.0
202211120700,,0.0
202211120715,,0.0
202211120730,,0.0
202211120745,,0.0
202211120800,,0.0
202211120815,,0.0
202211120830,,0.0
202211120845,,0.0
202211120900,,0.0
202211120915,,0.0
202211120930,,0.0
202211120945,,0.0
202211121000,,0.0
202211121015,,0.0
202211121030,,0.0
202211121045,274.0,0.4
202211121100,,0.0
202211121115,,0.0
202211121130,,0.0
202211121145,281.0,0.4
202211121200,,0.0
202211121215,,0.0
202211121230,,0.0
202211121245,,0.0
202211121300,,0.0
202211121315,,0.0
202211121330,,0.0
202211121345,,0.0
202211121400,233.0,0.4
202211121415,134.0,0.4
202211121430,154.0,1.3
202211121445,,0.0
202211121500,157.0,1.3
202211121515,184.0,0.4
202211121530,124.0,0.4
202211121546,235.0,0.4
202211121600,140.0,0.4
202211121615,84.0,0.4
202211121630,294.0,0.9
202211121646,224.0,1.3
202211121700,128.0,0.9
202211121715,230.0,0.4
202211121730,164.0,0.4
202211121745,170.0,0.9
202211121800,47.0,0.9
202211121815,311.0,0.9
202211121830,85.0,0.9
202211121845,19.0,0.4
202211121900,143.0,0.9
202211121945,,0.0
202211122015,257.0,0.9
202211122030,,0.0
202211122045,239.0,0.9
202211122100,252.0,0.4
202211122116,248.0,1.3
202211122130,256.0,0.9
202211122145,264.0,1.3
202211122200,289.0,0.4
202211122215,265.0,0.4
202211122230,274.0,0.4
202211122246,,0.0
202211122300,282.0,2.2
202211122315,154.0,0.4
202211122330,223.0,0.4
202211122345,133.0,0.4
202211130001,176.0,0.4
202211130015,,0.0
202211130030,,0.0
202211130100,,0.0
202211130130,262.0,1.3
202211130145,228.0,0.9
202211130200,265.0,2.2
202211130230,279.0,2.2
202211130245,200.0,3.1
202211130300,231.0,2.2
202211130315,113.0,0.4
202211130330,237.0,2.2
202211130345,221.0,0.9
202211130400,141.0,0.9
202211130415,207.0,0.9
202211130431,,0.0
202211130445,170.0,0.4
202211130500,266.0,2.2
202211130530,265.0,1.8
202211130545,129.0,0.9
202211130600,119.0,0.4
202211130615,65.0,0.4
202211130630,23.0,0.4
202211130646,,0.0
202211130700,125.0,0.4
202211130715,108.0,0.4
202211130730,,0.0
202211130745,,0.0
202211130800,,0.0
202211130816,,0.0
202211130830,,0.0
202211130845,142.0,0.4
202211130900,,0.0
202211130915,220.0,0.4
202211130930,245.0,1.8
202211130945,,0.0
202211131015,,0.0
202211131030,113.0,1.8
202211131045,,0.0
202211131100,,0.0
202211131115,,0.0
202211131130,,0.0
202211131145,97.0,0.4
202211131201,,0.0
202211131215,,0.0
202211131230,,0.0
202211131245,,0.0
202211131300,141.0,0.4
202211131315,,0.0
202211131330,57.0,0.9
202211131345,127.0,0.4
202211131401,275.0,2.2
202211131415,246.0,0.4
202211131430,,0.0
202211131445,153.0,0.9
202211131500,249.0,0.9
202211131515,226.0,1.8
202211131530,244.0,1.3
202211131545,127.0,0.9
202211131601,141.0,1.3
202211131615,119.0,0.9
202211131630,193.0,0.9
202211131645,154.0,1.3
202211131700,127.0,0.9
202211131715,,0.0
202211131730,252.0,0.4
202211131745,263.0,0.4
202211131800,274.0,0.4
202211131815,259.0,0.9
202211131830,135.0,1.8
202211131845,124.0,0.4
202211131900,134.0,2.2
202211131915,110.0,0.4
202211131930,162.0,0.4
202211131945,126.0,1.3
202211132001,141.0,1.3
202211132016,155.0,1.3
202211132031,131.0,1.3
202211132045,114.0,0.4
202211132100,152.0,0.9
202211132115,127.0,1.8
202211132130,128.0,0.4
202211132145,273.0,0.4
202211132200,,0.0
202211132215,,0.0
202211132230,,0.0
202211132245,,0.0
202211132300,,0.0
202211132315,,0.0
202211132330,,0.0
202211132345,,0.0
202211140000,,0.0
202211140015,,0.0
202211140045,,0.0
202211140100,,0.0
202211140115,,0.0
202211140130,,0.0
202211140146,257.0,0.4
202211140200,,0.0
202211140215,,0.0
202211140230,,0.0
202211140245,,0.0
202211140300,,0.0
202211140315,,0.0
202211140330,,0.0
202211140345,,0.0
202211140400,,0.0
202211140415,,0.0
202211140430,,0.0
202211140445,,0.0
202211140500,,0.0
202211140515,,0.0
202211140530,,0.0
202211140545,,0.0
202211140600,,0.0
202211140615,,0.0
202211140630,,0.0
202211140646,,0.0
202211140700,,0.0
202211140715,,0.0
202211140730,,0.0
202211140745,,0.0
202211140800,,0.0
202211140815,,0.0
202211140830,,0.0
202211140846,,0.0
202211140900,,0.0
202211140915,,0.0
202211140930,,0.0
202211140945,263.0,0.4
202211141000,,0.0
202211141015,,0.0
202211141030,,0.0
202211141045,,0.0
202211141116,,0.0
202211141131,,0.0
202211141146,,0.0
202211141200,,0.0
202211141215,,0.0
202211141230,,0.0
202211141245,,0.0
202211141300,,0.0
202211141315,,0.0
202211141330,,0.0
202211141345,104.0,0.4
202211141400,,0.0
202211141415,,0.0
202211141431,77.0,0.4
202211141445,,0.0
202211141500,110.0,1.3
202211141515,165.0,1.3
202211141530,133.0,1.3
202211141546,136.0,0.9
202211141601,131.0,0.4
202211141616,167.0,0.9
202211141630,158.0,0.4
202211141645,191.0,1.3
202211141700,137.0,0.9
202211141715,204.0,0.4
202211141730,189.0,0.9
202211141815,144.0,1.8
202211141830,127.0,0.9
202211141845,150.0,0.9
202211141900,136.0,0.4
202211141916,145.0,1.8
202211141930,129.0,1.3
202211141946,136.0,1.3
202211142015,155.0,0.9
202211142045,,0.0
202211142130,,0.0
202211142145,,0.0
202211142200,236.0,0.4
202211142215,,0.0
202211142230,274.0,0.4
202211142245,,0.0
202211142300,,0.0
202211142315,,0.0
202211142345,,0.0
202211150000,,0.0
202211150015,,0.0
202211150030,,0.0
202211150045,,0.0
202211150100,,0.0
202211150115,,0.0
202211150130,,0.0
202211150145,,0.0
202211150200,,0.0
202211150215,,0.0
202211150230,,0.0
202211150245,,0.0
202211150300,,0.0
202211150315,,0.0
202211150330,,0.0
202211150345,,0.0
202211150416,,0.0
202211150430,,0.0
202211150445,,0.0
202211150500,,0.0
202211150516,,0.0
202211150530,,0.0
202211150600,,0.0
202211150615,,0.0
202211150646,,0.0
202211150700,,0.0
202211150715,,0.0
202211150730,,0.0
202211150745,,0.0
202211150801,,0.0
202211150815,,0.0
202211150831,,0.0
202211150846,,0.0
202211150900,110.0,0.4
202211150915,,0.0
202211150930,,0.0
202211150945,,0.0
202211151000,,0.0
202211151015,,0.0
202211151030,139.0,0.4
202211151100,,0.0
202211151115,,0.0
202211151130,,0.0
202211151145,,0.0
202211151200,,0.0
202211151215,,0.0
202211151230,,0.0
202211151245,,0.0
202211151300,,0.0
202211151315,,0.0
202211151346,,0.0
202211151401,,0.0
202211151415,256.0,0.4
202211151430,,0.0
202211151445,,0.0
202211151500,,0.0
202211151515,,0.0
202211151530,,0.0
202211151545,,0.0
202211151600,,0.0
202211151615,,0.0
202211151645,,0.0
202211151700,,0.0
202211151715,,0.0
202211151746,,0.0
202211151800,,0.0
202211151815,,0.0
202211151830,,0.0
202211151845,,0.0
202211151900,,0.0
202211151915,,0.0
202211151930,,0.0
202211151945,,0.0
202211152015,,0.0
202211152030,,0.0
202211152045,,0.0
202211152100,,0.0
202211152115,,0.0
202211152130,,0.0
202211152200,272.0,0.4
202211152216,,0.0
202211152230,,0.0
202211152245,,0.0
202211152300,,0.0
202211152316,,0.0
202211152331,,0.0
202211152345,,0.0
202211160000,,0.0
202211160015,,0.0
202211160030,,0.0
202211160045,,0.0
202211160100,,0.0
202211160116,,0.0
202211160130,,0.0
202211160145,,0.0
202211160200,,0.0
202211160215,,0.0
202211160230,,0.0
202211160245,,0.0
202211160300,,0.0
202211160315,,0.0
202211160330,,0.0
202211160345,,0.0
202211160400,,0.0
202211160415,,0.0
202211160430,,0.0
202211160500,,0.0
202211160515,,0.0
202211160530,,0.0
202211160601,,0.0
202211160615,,0.0
202211160631,288.0,0.4
202211160646,,0.0
202211160715,,0.0
202211160730,76.0,0.4
202211160745,,0.0
202211160800,,0.0
202211160815,,0.0
202211160830,,0.0
202211160845,75.0,0.4
202211160900,89.0,0.9
202211160915,,0.0
202211160930,,0.0
202211160945,,0.0
202211161000,,0.0
202211161015,,0.0
202211161031,,0.0
202211161045,,0.0
202211161100,,0.0
202211161116,,0.0
202211161130,,0.0
202211161145,,0.0
202211161200,,0.0
202211161215,15.0,0.4
202211161245,101.0,0.4
202211161300,274.0,0.9
202211161315,205.0,0.4
202211161330,,0.0
202211161345,273.0,1.8
202211161400,280.0,2.2
202211161415,153.0,0.9
202211161430,114.0,0.4
202211161501,160.0,0.9
202211161515,114.0,0.4
202211161531,56.0,0.9
202211161600,99.0,0.4
202211161616,243.0,0.4
202211161630,262.0,0.4
202211161645,,0.0
202211161700,129.0,0.4
202211161715,176.0,0.4
202211161730,,0.0
202211161745,267.0,0.4
202211161800,232.0,0.9
202211161815,107.0,0.4
202211161831,217.0,0.4
202211161845,,0.0
202211161900,,0.0
202211161915,,0.0
202211161930,89.0,0.4
202211161945,,0.0
202211162000,166.0,1.3
202211162015,195.0,0.9
202211162030,127.0,0.4
202211162045,131.0,0.9
202211162100,89.0,0.4
202211162115,,0.0
202211162130,322.0,0.9
202211162146,,0.0
202211162201,,0.0
202211162215,,0.0
202211162231,230.0,0.9
202211162245,,0.0
202211162300,122.0,0.4
202211162316,127.0,0.4
202211162330,,0.0
202211162345,,0.0
202211170000,233.0,0.9
202211170015,,0.0
202211170030,107.0,0.4
202211170045,,0.0
202211170115,208.0,0.4
202211170131,153.0,0.4
202211170145,86.0,1.3
202211170200,122.0,1.3
202211170215,109.0,0.9
202211170230,75.0,0.9
202211170245,74.0,1.8
202211170300,199.0,0.4
202211170315,252.0,1.3
202211170331,,0.0
202211170345,228.0,0.9
202211170415,266.0,1.3
202211170430,260.0,0.9
202211170445,171.0,1.8
202211170500,290.0,1.3
202211170515,245.0,1.3
202211170530,204.0,0.9
202211170545,186.0,0.4
202211170600,234.0,0.9
202211170615,321.0,0.9
202211170630,97.0,0.9
202211170646,247.0,0.4
202211170700,250.0,1.3
202211170730,124.0,0.4
202211170745,274.0,1.3
202211170801,277.0,0.9
202211170816,312.0,2.2
202211170830,240.0,2.2
202211170845,252.0,2.7
202211170900,274.0,1.3
202211170915,,0.0
202211170930,128.0,0.4
202211170945,,0.0
202211171000,254.0,0.4
202211171015,113.0,0.4
202211171030,133.0,0.9
202211171100,211.0,0.4
202211171115,199.0,0.4
202211171130,87.0,0.4
202211171145,167.0,0.4
202211171200,,0.0
202211171215,221.0,0.9
202211171231,,0.0
202211171245,24.0,0.4
202211171300,130.0,0.9
202211171315,54.0,0.9
202211171330,243.0,0.4
202211171345,245.0,1.3
202211171415,160.0,1.3
202211171431,,0.0
202211171445,186.0,0.4
202211171500,162.0,0.9
202211171515,150.0,0.9
202211171530,149.0,0.9
202211171545,162.0,1.8
202211171600,,0.0
202211171616,141.0,1.3
202211171631,146.0,0.9
202211171645,131.0,1.8
202211171700,233.0,0.9
202211171715,141.0,0.4
202211171730,,0.0
202211171745,240.0,0.9
202211171800,151.0,0.9
202211171830,136.0,1.3
202211171845,131.0,1.3
202211171900,222.0,0.4
202211171915,257.0,0.9
202211171930,295.0,0.9
202211171945,198.0,0.4
202211172030,248.0,0.4
202211172045,226.0,0.9
202211172100,277.0,0.9
202211172116,,0.0
202211172131,283.0,0.4
202211172146,268.0,0.4
202211172201,258.0,0.4
202211172215,267.0,0.9
202211172230,250.0,0.4
202211172245,,0.0
202211172300,277.0,0.4
202211172315,,0.0
202211172330,234.0,0.4
202211172345,,0.0
202211180000,,0.0
202211180015,,0.0
202211180030,,0.0
202211180045,,0.0
202211180100,,0.0
202211180115,25.0,0.4
202211180130,,0.0
202211180146,,0.0
202211180200,,0.0
202211180215,,0.0
202211180230,,0.0
202211180245,,0.0
202211180300,255.0,0.4
202211180315,243.0,0.4
202211180330,259.0,0.4
202211180345,207.0,0.9
202211180415,194.0,0.9
202211180430,,0.0
202211180445,265.0,0.9
202211180500,243.0,0.4
202211180515,,0.0
202211180530,,0.0
202211180545,,0.0
202211180600,,0.0
202211180615,,0.0
202211180646,,0.0
202211180700,,0.0
202211180715,250.0,0.4
202211180730,,0.0
202211180746,,0.0
202211180801,,0.0
202211180816,,0.0
202211180831,,0.0
202211180845,,0.0
202211180900,,0.0
202211180915,,0.0
202211180930,,0.0
202211180945,,0.0
202211181000,,0.0
202211181015,,0.0
202211181030,,0.0
202211181045,,0.0
202211181100,,0.0
202211181115,,0.0
202211181130,,0.0
202211181145,,0.0
202211181200,274.0,0.4
202211181215,,0.0
202211181231,,0.0
202211181246,,0.0
202211181301,,0.0
202211181316,,0.0
202211181331,,0.0
202211181345,,0.0
202211181400,145.0,0.4
202211181430,,0.0
202211181445,202.0,0.4
202211181500,118.0,0.4
202211181515,153.0,0.9
202211181530,152.0,0.9
202211181615,,0.0
202211181630,140.0,1.3
202211181715,207.0,0.9
202211181730,257.0,1.3
202211181745,278.0,2.2
202211181800,271.0,3.6
202211181815,264.0,4.0
202211181830,226.0,2.2
202211181845,239.0,1.8
202211181900,148.0,0.9
202211181915,237.0,3.1
202211181930,203.0,1.8
202211181945,252.0,0.9
202211182000,273.0,2.2
202211182015,252.0,1.3
202211182030,94.0,2.7
202211182045,240.0,0.9
202211182101,172.0,0.4
202211182130,231.0,0.9
202211182145,,0.0
202211182200,323.0,0.9
202211182215,256.0,0.9
202211182231,,0.0
202211182245,,0.0
202211182301,,0.0
202211182316,,0.0
202211182330,278.0,0.4
202211182345,,0.0
202211190000,280.0,0.4
202211190015,,0.0
202211190030,,0.0
202211190045,,0.0
202211190100,,0.0
202211190115,,0.0
202211190130,,0.0
202211190145,,0.0
202211190200,257.0,0.4
202211190215,,0.0
202211190230,283.0,0.4
202211190245,,0.0
202211190300,,0.0
202211190315,,0.0
202211190330,278.0,0.4
202211190345,,0.0
202211190400,,0.0
202211190415,,0.0
202211190430,,0.0
202211190445,,0.0
202211190500,,0.0
202211190515,,0.0
202211190530,,0.0
202211190546,,0.0
202211190600,70.0,0.4
202211190616,,0.0
202211190630,,0.0
202211190646,,0.0
202211190700,,0.0
202211190715,261.0,0.4
202211190730,,0.0
202211190800,,0.0
202211190815,,0.0
202211190830,34.0,0.4
202211190845,,0.0
202211190901,,0.0
202211190915,,0.0
202211190930,,0.0
202211190945,354.0,1.3
202211191000,98.0,0.9
202211191016,253.0,0.9
202211191045,283.0,0.9
202211191100,125.0,0.9
202211191115,85.0,0.9
202211191130,259.0,1.3
202211191145,141.0,0.9
202211191200,231.0,1.8
202211191215,145.0,1.3
202211191230,238.0,0.4
202211191245,302.0,2.2
202211191300,278.0,1.3
202211191315,278.0,2.2
202211191330,143.0,0.9
202211191346,82.0,1.8
202211191400,153.0,0.9
202211191415,84.0,0.9
202211191430,300.0,0.9
202211191445,249.0,0.9
202211191501,72.0,0.4
202211191515,232.0,0.4
202211191530,,0.0
202211191545,134.0,0.4
202211191600,127.0,1.3
202211191615,219.0,0.9
202211191630,253.0,3.6
202211191645,224.0,2.7
202211191700,270.0,3.1
202211191715,295.0,0.9
202211191730,263.0,0.9
202211191745,293.0,1.3
202211191800,259.0,0.9
202211191815,116.0,3.1
202211191830,194.0,2.2
202211191845,264.0,2.7
202211191900,206.0,1.8
202211191916,269.0,0.9
202211191931,258.0,3.1
202211191945,204.0,0.9
202211192000,290.0,1.3
202211192015,212.0,0.9
202211192030,,0.0
202211192045,103.0,0.9
202211192115,245.0,1.3
202211192130,176.0,1.8
202211192145,57.0,0.9
202211192200,296.0,2.2
202211192215,192.0,0.9
202211192230,,0.0
202211192245,,0.0
202211192300,159.0,1.8
202211192315,138.0,0.4
202211192330,268.0,0.9
202211192345,302.0,0.4
202211200016,,0.0
202211200030,146.0,0.9
202211200046,224.0,2.2
202211200100,128.0,0.9
202211200115,302.0,0.4
202211200130,115.0,1.3
202211200146,94.0,0.9
202211200200,235.0,0.4
202211200215,,0.0
202211200231,,0.0
202211200246,91.0,0.9
202211200300,,0.0
202211200330,300.0,4.0
202211200345,240.0,2.2
202211200400,269.0,0.9
202211200415,176.0,1.8
202211200430,269.0,2.7
202211200445,108.0,0.9
202211200500,241.0,2.2
202211200515,151.0,1.3
202211200530,314.0,1.3
202211200545,229.0,1.3
202211200600,196.0,0.4
202211200615,217.0,2.2
202211200630,250.0,2.2
202211200646,255.0,1.8
202211200700,217.0,3.6
202211200715,248.0,2.2
202211200730,270.0,2.2
202211200745,124.0,1.8
202211200800,251.0,2.7
202211200815,318.0,1.8
202211200830,266.0,1.8
202211200845,200.0,1.3
202211200900,261.0,1.3
202211200915,219.0,1.3
202211200930,216.0,2.2
202211200945,289.0,1.8
202211201000,302.0,2.2
202211201015,275.0,0.9
202211201030,293.0,1.8
202211201100,246.0,0.9
202211201115,95.0,0.9
202211201131,167.0,1.3
202211201145,184.0,1.8
202211201200,85.0,0.4
202211201215,341.0,0.9
202211201230,257.0,0.4
202211201245,58.0,1.3
202211201300,166.0,0.9
202211201315,206.0,1.3
202211201330,,0.0
202211201345,121.0,0.4
202211201400,,0.0
202211201416,150.0,0.4
202211201430,147.0,0.4
202211201445,,0.0
202211201500,135.0,0.9
202211201515,141.0,0.9
202211201530,146.0,0.9
202211201545,266.0,0.4
202211201600,152.0,0.9
202211201615,123.0,0.9
202211201630,136.0,0.9
202211201645,110.0,0.4
202211201700,91.0,0.4
202211201715,150.0,0.4
202211201730,69.0,0.9
202211201745,152.0,1.3
202211201800,148.0,1.3
202211201815,179.0,1.3
202211201830,160.0,0.4
202211201845,159.0,0.9
202211201900,92.0,0.9
202211201915,112.0,1.3
202211201930,139.0,1.3
202211201945,148.0,0.9
202211202000,134.0,0.4
202211202015,135.0,0.4
202211202030,142.0,0.9
202211202045,124.0,0.9
202211202100,137.0,0.9
202211202115,141.0,0.9
202211202130,225.0,0.4
202211202145,264.0,0.4
202211202200,,0.0
202211202215,271.0,0.4
202211202230,,0.0
202211202245,,0.0
202211202300,,0.0
202211202315,281.0,0.4
202211202330,,0.0
202211202345,,0.0
202211210000,,0.0
202211210016,,0.0
202211210031,,0.0
202211210046,251.0,0.4
202211210100,,0.0
202211210115,,0.0
202211210130,,0.0
202211210145,,0.0
202211210200,,0.0
202211210215,,0.0
202211210230,,0.0
202211210245,,0.0
202211210301,,0.0
202211210315,,0.0
202211210330,,0.0
202211210345,,0.0
202211210400,,0.0
202211210415,,0.0
202211210430,,0.0
202211210445,,0.0
202211210500,,0.0
202211210515,,0.0
202211210530,,0.0
202211210546,,0.0
202211210601,,0.0
202211210616,,0.0
202211210630,,0.0
202211210646,,0.0
202211210700,,0.0
202211210715,271.0,0.4
202211210730,,0.0
202211210800,,0.0
202211210815,,0.0
202211210831,,0.0
202211210845,,0.0
202211210900,,0.0
202211210915,,0.0
202211210930,,0.0
202211210945,,0.0
202211211000,,0.0
202211211015,,0.0
202211211045,,0.0
202211211101,,0.0
202211211116,,0.0
202211211145,,0.0
202211211200,,0.0
202211211215,,0.0
202211211230,,0.0
202211211245,,0.0
202211211315,,0.0
202211211330,,0.0
202211211345,,0.0
202211211400,,0.0
202211211415,,0.0
202211211430,,0.0
202211211446,148.0,0.4
202211211501,,0.0
202211211515,135.0,1.8
202211211530,168.0,0.9
202211211545,183.0,1.3
202211211600,131.0,0.9
202211211615,160.0,1.3
202211211630,230.0,0.4
202211211645,247.0,0.9
202211211700,139.0,0.9
202211211715,150.0,0.9
202211211730,300.0,0.9
202211211745,250.0,1.8
202211211800,204.0,0.9
202211211815,234.0,1.8
202211211830,173.0,1.3
202211211845,144.0,0.4
202211211900,179.0,1.8
202211211916,234.0,0.9
202211211930,146.0,0.4
202211211945,111.0,0.4
202211212000,151.0,0.4
202211212016,264.0,0.4
202211212031,258.0,0.9
202211212045,270.0,0.4
202211212100,128.0,0.9
202211212115,,0.0
202211212130,,0.0
202211212145,,0.0
202211212200,,0.0
202211212215,,0.0
202211212230,,0.0
202211212300,,0.0
202211212315,,0.0
202211212330,,0.0
202211212345,,0.0
202211220000,,0.0
202211220030,,0.0
202211220045,,0.0
202211220100,,0.0
202211220115,,0.0
202211220130,,0.0
202211220145,,0.0
202211220200,,0.0
202211220215,281.0,0.4
202211220230,,0.0
202211220245,,0.0
202211220300,,0.0
202211220316,,0.0
202211220330,,0.0
202211220346,,0.0
202211220400,,0.0
202211220415,,0.0
202211220430,275.0,0.4
202211220445,,0.0
202211220500,,0.0
202211220515,,0.0
202211220530,,0.0
202211220545,,0.0
202211220600,,0.0
202211220630,,0.0
202211220646,283.0,0.4
202211220700,,0.0
202211220715,,0.0
202211220730,,0.0
202211220745,,0.0
202211220800,286.0,0.4
202211220815,281.0,0.4
202211220830,,0.0
202211220901,285.0,0.4
202211220915,,0.0
202211220930,,0.0
202211220945,,0.0
202211221000,,0.0
202211221015,,0.0
202211221030,,0.0
202211221045,,0.0
202211221100,,0.0
202211221115,,0.0
202211221130,,0.0
202211221145,268.0,0.4
202211221200,,0.0
202211221215,,0.0
202211221230,,0.0
202211221245,,0.0
202211221300,,0.0
202211221315,,0.0
202211221330,,0.0
202211221345,,0.0
202211221400,,0.0
202211221415,,0.0
202211221431,,0.0
202211221446,,0.0
202211221500,258.0,0.9
202211221515,,0.0
202211221530,,0.0
202211221545,,0.0
202211221600,,0.0
202211221615,122.0,0.4
202211221630,148.0,0.9
202211221645,134.0,0.9
202211221700,139.0,0.9
202211221715,,0.0
202211221731,201.0,0.4
202211221746,175.0,0.4
202211221801,247.0,0.4
202211221815,257.0,0.4
202211221845,116.0,0.4
202211221900,,0.0
202211221915,233.0,0.4
202211221930,255.0,0.9
202211221945,,0.0
202211222000,,0.0
202211222015,196.0,0.4
202211222030,,0.0
202211222100,,0.0
202211222115,,0.0
202211222130,,0.0
202211222145,,0.0
202211222200,,0.0
202211222215,,0.0
202211222230,,0.0
202211222245,,0.0
202211222300,,0.0
202211222315,,0.0
202211222330,,0.0
202211222345,267.0,0.4
202211230000,,0.0
202211230015,257.0,0.4
202211230031,,0.0
202211230046,,0.0
202211230100,,0.0
202211230115,,0.0
202211230130,,0.0
202211230145,,0.0
202211230200,,0.0
202211230215,,0.0
202211230230,,0.0
202211230245,,0.0
202211230300,281.0,0.4
202211230315,,0.0
202211230330,,0.0
202211230345,,0.0
202211230400,,0.0
202211230415,,0.0
202211230430,,0.0
202211230445,,0.0
202211230500,,0.0
202211230515,,0.0
202211230530,,0.0
202211230545,,0.0
202211230600,,0.0
202211230616,,0.0
202211230631,,0.0
202211230646,,0.0
202211230700,,0.0
202211230715,,0.0
202211230730,,0.0
202211230745,,0.0
202211230815,,0.0
202211230830,,0.0
202211230845,274.0,0.4
202211230900,267.0,0.4
202211230915,,0.0
202211230930,,0.0
202211230946,,0.0
202211231001,,0.0
202211231015,,0.0
202211231030,,0.0
202211231045,,0.0
202211231100,,0.0
202211231115,,0.0
202211231131,,0.0
202211231145,,0.0
202211231200,,0.0
202211231215,,0.0
202211231230,,0.0
202211231245,,0.0
202211231300,,0.0
202211231316,,0.0
202211231330,,0.0
202211231415,,0.0
202211231430,,0.0
202211231445,,0.0
202211231500,,0.0
202211231515,,0.0
202211231531,148.0,0.4
202211231545,179.0,0.9
202211231600,169.0,0.4
202211231615,154.0,0.4
202211231630,120.0,0.9
202211231700,115.0,0.9
202211231715,143.0,0.4
202211231730,91.0,0.4
202211231745,156.0,0.4
202211231800,139.0,0.4
202211231815,151.0,0.4
202211231830,160.0,0.9
202211231845,121.0,1.3
202211231900,295.0,1.3
202211231915,149.0,1.8
202211231930,152.0,0.4
202211231946,122.0,0.9
202211232000,113.0,0.9
202211232016,193.0,1.3
202211232030,260.0,0.4
202211232045,343.0,1.3
202211232100,238.0,0.4
202211232115,,0.0
202211232130,291.0,0.4
202211232145,255.0,0.4
202211232200,271.0,0.4
202211232215,,0.0
202211232230,,0.0
202211232245,,0.0
202211232300,,0.0
202211232315,,0.0
202211232330,259.0,0.4
202211232345,,0.0
202211240015,276.0,0.4
202211240030,,0.0
202211240045,,0.0
202211240100,,0.0
202211240115,,0.0
202211240130,260.0,0.4
202211240145,,0.0
202211240200,262.0,0.4
202211240215,,0.0
202211240231,,0.0
202211240245,,0.0
202211240300,,0.0
202211240315,,0.0
202211240330,,0.0
202211240346,272.0,0.4
202211240401,,0.0
202211240416,,0.0
202211240431,,0.0
202211240445,,0.0
202211240500,,0.0
202211240515,,0.0
202211240530,,0.0
202211240600,,0.0
202211240615,,0.0
202211240630,,0.0
202211240645,,0.0
202211240700,,0.0
202211240715,,0.0
202211240730,,0.0
202211240745,,0.0
202211240800,,0.0
202211240816,,0.0
202211240830,,0.0
202211240845,,0.0
202211240900,,0.0
202211240915,,0.0
202211240930,,0.0
202211241000,,0.0
202211241015,,0.0
202211241030,,0.0
202211241045,,0.0
202211241100,,0.0
202211241130,,0.0
202211241145,,0.0
202211241200,,0.0
202211241215,,0.0
202211241230,,0.0
202211241245,,0.0
202211241300,,0.0
202211241315,,0.0
202211241330,,0.0
202211241345,,0.0
202211241400,,0.0
202211241415,,0.0
202211241430,,0.0
202211241445,,0.0
202211241500,,0.0
202211241515,,0.0
202211241530,165.0,0.4
202211241545,129.0,0.9
202211241600,172.0,0.9
202211241615,135.0,0.9
202211241630,171.0,0.9
202211241645,150.0,0.9
202211241700,232.0,0.9
202211241715,131.0,0.9
202211241730,228.0,0.4
202211241746,267.0,0.4
202211241801,,0.0
202211241815,,0.0
202211241830,,0.0
202211241900,173.0,0.4
202211241916,,0.0
202211241931,249.0,0.4
202211242000,,0.0
202211242015,143.0,1.3
202211242030,148.0,0.9
202211242045,,0.0
202211242100,,0.0
202211242115,,0.0
202211242130,,0.0
202211242145,,0.0
202211242200,,0.0
202211242215,,0.0
202211242230,,0.0
202211242245,,0.0
202211242300,,0.0
202211242315,,0.0
202211242330,,0.0
202211242345,,0.0
202211250000,,0.0
202211250015,,0.0
202211250030,,0.0
202211250045,,0.0
202211250100,,0.0
202211250115,261.0,0.4
202211250130,,0.0
202211250145,,0.0
202211250200,,0.0
202211250215,,0.0
202211250231,,0.0
202211250246,,0.0
202211250315,,0.0
202211250330,,0.0
202211250345,,0.0
202211250400,,0.0
202211250415,,0.0
202211250430,,0.0
202211250445,,0.0
202211250500,,0.0
202211250515,,0.0
202211250530,,0.0
202211250545,,0.0
202211250600,,0.0
202211250615,,0.0
202211250630,,0.0
202211250645,,0.0
202211250701,,0.0
202211250730,,0.0
202211250746,,0.0
202211250800,,0.0
202211250815,,0.0
202211250830,,0.0
202211250845,,0.0
202211250900,,0.0
202211250915,,0.0
202211250930,,0.0
202211250945,,0.0
202211251000,,0.0
202211251015,,0.0
202211251030,,0.0
202211251045,,0.0
202211251100,,0.0
202211251115,,0.0
202211251130,,0.0
202211251145,,0.0
202211251200,,0.0
202211251215,,0.0
202211251230,,0.0
202211251245,,0.0
202211251300,,0.0
202211251315,,0.0
202211251330,,0.0
202211251346,222.0,1.3
202211251400,257.0,1.3
202211251415,294.0,1.3
202211251430,266.0,1.3
202211251445,195.0,2.2
202211251500,,0.0
202211251515,100.0,0.4
202211251530,164.0,0.4
202211251545,,0.0
202211251600,231.0,0.4
202211251615,238.0,0.4
202211251630,136.0,0.9
202211251645,10.0,0.4
202211251700,162.0,0.4
202211251715,276.0,1.8
202211251745,319.0,1.3
202211251800,293.0,3.1
202211251815,248.0,0.4
202211251830,216.0,0.4
202211251845,241.0,0.9
202211251900,163.0,0.4
202211251930,220.0,0.4
202211251945,240.0,3.1
202211252000,330.0,1.8
202211252015,255.0,2.2
202211252030,214.0,0.9
202211252045,205.0,1.8
202211252100,122.0,0.4
202211252115,101.0,0.9
202211252130,124.0,0.4
202211252146,,0.0
202211252201,,0.0
202211252215,,0.0
202211252230,301.0,0.4
202211252246,,0.0
202211252301,,0.0
202211252315,,0.0
202211252331,,0.0
202211252345,275.0,0.4
202211260001,,0.0
202211260015,,0.0
202211260030,,0.0
202211260045,,0.0
202211260100,,0.0
202211260115,,0.0
202211260145,,0.0
202211260200,,0.0
202211260215,,0.0
202211260245,,0.0
202211260300,,0.0
202211260315,196.0,0.4
202211260330,,0.0
202211260400,,0.0
202211260415,,0.0
202211260431,,0.0
202211260446,,0.0
202211260501,,0.0
202211260515,,0.0
202211260545,,0.0
202211260600,,0.0
202211260615,,0.0
202211260630,,0.0
202211260645,,0.0
202211260700,,0.0
202211260715,,0.0
202211260730,,0.0
202211260745,,0.0
202211260800,,0.0
202211260815,,0.0
202211260830,,0.0
202211260846,,0.0
202211260900,,0.0
202211260916,290.0,0.4
202211260931,,0.0
202211260946,,0.0
202211261001,,0.0
202211261015,,0.0
202211261030,,0.0
202211261045,,0.0
202211261100,,0.0
202211261115,,0.0
202211261130,,0.0
202211261145,,0.0
202211261200,,0.0
202211261215,,0.0
202211261230,,0.0
202211261245,,0.0
202211261300,,0.0
202211261315,,0.0
202211261331,,0.0
202211261345,,0.0
202211261400,,0.0
202211261416,127.0,0.4
202211261430,223.0,0.4
202211261500,180.0,0.4
202211261515,265.0,0.4
202211261530,251.0,0.4
202211261545,116.0,1.3
202211261600,126.0,1.3
202211261630,127.0,0.4
202211261645,295.0,0.9
202211261700,120.0,1.3
202211261716,120.0,0.4
202211261730,310.0,1.3
202211261746,246.0,1.8
202211261801,,0.0
202211261816,131.0,0.4
202211261830,326.0,0.9
202211261845,137.0,0.9
202211261900,223.0,0.4
202211261915,154.0,0.9
202211261930,289.0,0.9
202211261945,134.0,1.3
202211262000,184.0,0.9
202211262015,284.0,0.4
202211262030,230.0,0.9
202211262045,,0.0
202211262100,160.0,0.9
202211262116,180.0,0.9
202211262130,301.0,0.4
202211262145,141.0,0.4
202211262200,109.0,0.4
202211262215,,0.0
202211262230,,0.0
202211262245,,0.0
202211262300,,0.0
202211262315,,0.0
202211262330,,0.0
202211262345,,0.0
202211270000,,0.0
202211270015,,0.0
202211270031,,0.0
202211270045,,0.0
202211270100,,0.0
202211270131,,0.0
202211270146,,0.0
202211270200,,0.0
202211270230,,0.0
202211270245,,0.0
202211270300,,0.0
202211270316,,0.0
202211270345,190.0,1.3
202211270400,323.0,0.9
202211270415,79.0,0.4
202211270430,315.0,0.4
202211270445,,0.0
202211270500,,0.0
202211270515,,0.0
202211270530,,0.0
202211270545,,0.0
202211270601,,0.0
202211270615,,0.0
202211270631,,0.0
202211270645,,0.0
202211270700,,0.0
202211270715,,0.0
202211270730,,0.0
202211270745,,0.0
202211270815,,0.0
202211270830,,0.0
202211270845,,0.0
202211270900,,0.0
202211270915,,0.0
202211270931,,0.0
202211270946,,0.0
202211271000,,0.0
202211271015,,0.0
202211271030,,0.0
202211271045,,0.0
202211271100,,0.0
202211271115,271.0,0.4
202211271130,,0.0
202211271145,,0.0
202211271200,234.0,0.4
202211271215,19.0,0.4
202211271230,344.0,0.4
202211271300,359.0,1.8
202211271315,274.0,0.9
202211271331,224.0,2.2
202211271345,74.0,1.3
202211271400,104.0,0.9
202211271415,309.0,1.8
202211271430,44.0,2.2
202211271445,323.0,3.6
202211271500,201.0,3.1
202211271515,304.0,2.2
202211271530,130.0,2.7
202211271545,159.0,2.7
202211271600,115.0,1.8
202211271616,320.0,1.3
202211271631,148.0,1.8
202211271646,274.0,1.8
202211271701,155.0,1.8
202211271715,243.0,1.8
202211271730,84.0,0.9
202211271745,221.0,2.2
202211271800,269.0,1.3
202211271815,220.0,1.3
202211271830,98.0,2.7
202211271845,35.0,1.8
202211271900,95.0,2.2
202211271945,151.0,1.3
202211272000,165.0,2.2
202211272015,256.0,2.7
202211272030,271.0,0.9
202211272045,109.0,1.3
202211272100,108.0,1.3
202211272115,246.0,1.8
202211272130,112.0,0.9
202211272146,257.0,2.7
202211272201,289.0,2.2
202211272215,41.0,1.8
202211272230,335.0,2.7
202211272245,325.0,2.2
202211272300,,0.0
202211272315,242.0,0.9
202211272330,152.0,0.9
202211272345,,0.0
202211280000,,0.0
202211280015,,0.0
202211280030,272.0,1.3
202211280045,299.0,1.3
202211280100,269.0,0.4
202211280115,166.0,0.9
202211280130,219.0,0.9
202211280145,244.0,0.4
202211280200,,0.0
202211280215,255.0,0.9
202211280246,141.0,0.4
202211280300,149.0,1.3
202211280315,297.0,0.4
202211280330,,0.0
202211280345,,0.0
202211280400,,0.0
202211280415,,0.0
202211280430,143.0,0.4
202211280445,125.0,0.9
202211280500,,0.0
202211280516,117.0,0.4
202211280530,,0.0
202211280545,,0.0
202211280600,,0.0
202211280615,81.0,0.4
202211280630,229.0,0.9
202211280646,221.0,0.9
202211280700,177.0,1.3
202211280715,158.0,0.9
202211280730,252.0,1.8
202211280745,208.0,0.4
202211280800,106.0,0.9
202211280815,,0.0
202211280831,88.0,0.4
202211280900,93.0,1.3
202211280915,,0.0
202211280930,110.0,0.4
202211280946,,0.0
202211281001,275.0,0.9
202211281016,127.0,0.4
202211281030,255.0,2.2
202211281046,245.0,2.2
202211281100,268.0,3.1
202211281115,234.0,2.2
202211281130,234.0,3.1
202211281145,286.0,2.7
202211281200,135.0,2.7
202211281215,277.0,2.7
202211281230,269.0,1.8
202211281245,26.0,1.3
202211281300,231.0,0.9
202211281315,231.0,1.8
202211281330,153.0,1.8
202211281345,227.0,1.3
202211281401,142.0,0.4
202211281415,139.0,1.3
202211281430,176.0,0.9
202211281445,148.0,0.9
202211281500,174.0,0.9
202211281515,256.0,0.4
202211281530,272.0,1.8
202211281545,188.0,1.3
202211281601,166.0,0.9
202211281615,129.0,0.9
202211281630,101.0,0.9
202211281645,131.0,0.9
202211281700,164.0,0.9
202211281715,158.0,0.4
202211281730,155.0,0.9
202211281745,115.0,1.8
202211281800,167.0,0.9
202211281815,176.0,0.9
202211281831,233.0,1.8
202211281845,165.0,0.4
202211281900,192.0,1.3
202211281915,169.0,0.4
202211281930,294.0,1.3
202211281945,263.0,2.2
202211282000,324.0,1.8
202211282015,276.0,1.3
202211282030,283.0,1.3
202211282045,248.0,0.9
202211282100,195.0,0.4
202211282115,299.0,0.9
202211282130,,0.0
202211282145,,0.0
202211282200,279.0,0.4
202211282215,,0.0
202211282230,,0.0
202211282300,277.0,0.4
202211282315,,0.0
202211282330,,0.0
202211282346,273.0,0.4
202211290000,,0.0
202211290015,271.0,0.4
202211290030,,0.0
202211290045,,0.0
202211290100,,0.0
202211290115,259.0,0.4
202211290130,,0.0
202211290145,,0.0
202211290200,,0.0
202211290215,,0.0
202211290230,272.0,0.4
202211290245,,0.0
202211290300,,0.0
202211290316,,0.0
202211290330,277.0,0.4
202211290346,,0.0
202211290400,,0.0
202211290415,,0.0
202211290430,,0.0
202211290445,268.0,0.4
202211290500,,0.0
202211290515,,0.0
202211290530,,0.0
202211290545,252.0,0.4
202211290600,,0.0
202211290615,279.0,0.4
202211290630,,0.0
202211290645,,0.0
202211290700,,0.0
202211290715,,0.0
202211290730,,0.0
202211290745,,0.0
202211290800,,0.0
202211290816,,0.0
202211290831,,0.0
202211290845,,0.0
202211290900,,0.0
202211290915,,0.0
202211290930,,0.0
202211290945,,0.0
202211291000,,0.0
202211291015,,0.0
202211291030,,0.0
202211291045,,0.0
202211291100,,0.0
202211291115,,0.0
202211291130,,0.0
202211291145,,0.0
202211291201,,0.0
202211291215,,0.0
202211291230,,0.0
202211291245,,0.0
202211291300,,0.0
202211291315,,0.0
202211291330,,0.0
202211291345,,0.0
202211291400,,0.0
202211291415,,0.0
202211291430,,0.0
202211291445,248.0,0.4
202211291500,299.0,0.4
202211291515,,0.0
202211291530,134.0,0.9
202211291545,267.0,0.4
202211291601,128.0,0.4
202211291615,174.0,0.9
202211291630,70.0,0.9
202211291645,134.0,0.9
202211291700,252.0,1.3
202211291716,153.0,0.9
202211291730,169.0,0.4
202211291745,144.0,0.4
202211291800,300.0,0.9
202211291815,113.0,1.3
202211291830,262.0,0.9
202211291845,290.0,0.4
202211291900,134.0,0.4
202211291915,132.0,0.9
202211291930,144.0,0.9
202211292000,79.0,1.8
202211292016,15.0,1.3
202211292030,314.0,1.8
202211292045,273.0,0.9
202211292100,204.0,0.4
202211292115,295.0,0.4
202211292130,282.0,0.4
202211292145,,0.0
202211292201,,0.0
202211292215,,0.0
202211292230,,0.0
202211292245,272.0,0.9
202211292301,,0.0
202211292316,,0.0
202211292331,270.0,0.4
202211292345,292.0,0.4
202211300000,292.0,0.4
202211300015,,0.0
202211300100,,0.0
202211300115,,0.0
202211300130,,0.0
202211300145,,0.0
202211300200,,0.0
202211300215,,0.0
202211300230,,0.0
202211300245,,0.0
202211300300,,0.0
202211300315,,0.0
202211300330,,0.0
202211300345,,0.0
202211300400,,0.0
202211300415,,0.0
202211300430,,0.0
202211300445,,0.0
202211300500,,0.0
202211300515,,0.0
202211300530,,0.0
202211300545,,0.0
202211300601,,0.0
202211300615,,0.0
202211300630,,0.0
202211300646,,0.0
202211300700,,0.0
202211300715,,0.0
202211300730,,0.0
202211300745,,0.0
202211300800,,0.0
202211300815,,0.0
202211300830,,0.0
202211300845,242.0,0.9
202211300900,,0.0
202211300915,,0.0
202211300931,,0.0
202211300945,,0.0
202211301000,,0.0
202211301015,,0.0
202211301030,240.0,0.4
202211301045,,0.0
202211301100,319.0,0.4
202211301115,274.0,0.9
202211301130,,0.0
202211301145,,0.0
202211301200,309.0,0.9
202211301215,269.0,0.9
202211301230,206.0,0.9
202211301245,281.0,0.9
202211301300,,0.0
202211301315,243.0,0.4
202211301330,275.0,1.3
202211301345,255.0,0.9
202211301400,266.0,0.9
202211301415,296.0,0.9
202211301430,281.0,0.4
202211301445,280.0,0.9
202211301500,276.0,1.3
202211301516,229.0,0.9
202211301530,297.0,1.3
202211301545,173.0,0.9
202211301600,,0.0
202211301615,176.0,0.9
202211301630,118.0,0.9
202211301645,276.0,0.9
202211301700,210.0,0.9
202211301715,53.0,0.9
202211301730,207.0,1.8
202211301745,259.0,1.3
202211301815,258.0,0.9
202211301830,241.0,0.9
202211301846,298.0,0.9
202211301900,68.0,0.9
202211301916,226.0,1.8
202211301931,299.0,2.7
202211301945,276.0,2.2
202211302000,89.0,1.3
202211302015,256.0,0.9
202211302030,156.0,0.4
202211302045,179.0,0.4
202211302100,139.0,0.9
202211302115,290.0,1.8
202211302130,233.0,0.4
202211302145,256.0,0.9
202211302200,240.0,0.4
202211302215,238.0,1.3
202211302230,,0.0
202211302245,266.0,1.3
202211302300,354.0,1.3
202211302315,51.0,1.8
202211302330,248.0,0.4
202211302345,239.0,0.9
202212010001,251.0,2.2
202212010016,248.0,1.8
202212010031,225.0,1.3
202212010045,232.0,0.4
202212010100,225.0,0.4
202212010115,116.0,0.4
202212010130,267.0,0.4
202212010145,116.0,0.9
202212010200,252.0,0.9
202212010215,226.0,1.3
202212010230,253.0,1.3
202212010245,169.0,1.3
202212010300,233.0,0.9
202212010315,249.0,1.8
202212010330,285.0,1.3
202212010345,263.0,0.4
202212010401,145.0,0.4
202212010416,102.0,0.4
202212010430,141.0,0.9
202212010500,167.0,0.9
202212010515,,0.0
202212010530,231.0,0.9
202212010545,,0.0
202212010600,,0.0
202212010615,,0.0
202212010630,,0.0
202212010645,28.0,0.4
202212010701,86.0,0.4
202212010715,,0.0
202212010730,,0.0
202212010745,,0.0
202212010800,,0.0
202212010815,,0.0
202212010830,,0.0
202212010845,,0.0
202212010900,79.0,0.4
202212010915,,0.0
202212010930,240.0,0.4
202212010945,246.0,0.4
202212011000,316.0,0.4
202212011015,124.0,0.4
202212011030,133.0,0.9
202212011045,,0.0
202212011100,68.0,0.4
202212011115,260.0,1.8
202212011145,86.0,0.4
202212011200,,0.0
202212011215,,0.0
202212011230,,0.0
202212011245,,0.0
202212011300,,0.0
202212011315,,0.0
202212011330,,0.0
202212011345,,0.0
202212011400,,0.0
202212011415,,0.0
202212011430,145.0,0.9
202212011446,158.0,0.9
202212011500,141.0,1.3
202212011515,148.0,0.9
202212011530,181.0,0.4
202212011545,154.0,0.9
202212011600,170.0,0.4
202212011615,173.0,1.3
202212011630,165.0,1.3
202212011645,180.0,0.9
202212011701,,0.0
202212011715,145.0,1.3
202212011730,351.0,0.4
202212011745,134.0,0.9
202212011800,129.0,1.3
202212011815,143.0,1.3
202212011830,88.0,0.4
202212011845,144.0,0.9
202212011900,165.0,0.4
202212011915,168.0,0.9
202212011930,133.0,1.3
202212011946,110.0,0.4
202212012000,215.0,0.9
202212012015,141.0,0.4
202212012030,117.0,0.9
202212012045,172.0,0.4
202212012100,229.0,0.4
202212012115,158.0,1.3
202212012130,,0.0
202212012145,,0.0
202212012200,,0.0
202212012216,276.0,0.4
202212012245,,0.0
202212012300,,0.0
202212012315,275.0,0.4
202212012330,,0.0
202212012345,247.0,0.4
202212020000,,0.0
202212020015,,0.0
202212020030,,0.0
202212020045,,0.0
202212020101,264.0,0.4
202212020115,,0.0
202212020130,,0.0
202212020145,,0.0
202212020200,263.0,0.4
202212020215,,0.0
202212020230,,0.0
202212020245,,0.0
202212020300,,0.0
202212020315,,0.0
202212020330,,0.0
202212020345,244.0,0.4
202212020400,,0.0
202212020415,,0.0
202212020430,,0.0
202212020445,,0.0
202212020500,,0.0
202212020515,257.0,0.4
202212020530,,0.0
202212020546,,0.0
202212020630,,0.0
202212020645,,0.0
202212020700,,0.0
202212020716,,0.0
202212020730,,0.0
202212020745,,0.0
202212020800,,0.0
202212020815,,0.0
202212020830,,0.0
202212020845,,0.0
202212020900,,0.0
202212020930,,0.0
202212020945,,0.0
202212021000,,0.0
202212021015,,0.0
202212021030,,0.0
202212021045,,0.0
202212021100,,0.0
202212021115,,0.0
202212021130,,0.0
202212021145,,0.0
202212021200,,0.0
202212021215,,0.0
202212021230,,0.0
202212021246,,0.0
202212021300,,0.0
202212021315,,0.0
202212021330,,0.0
202212021345,,0.0
202212021400,257.0,0.4
202212021415,290.0,0.4
202212021430,,0.0
202212021445,136.0,0.4
202212021500,121.0,0.4
202212021515,,0.0
202212021530,25.0,0.4
202212021545,96.0,0.4
202212021600,,0.0
202212021615,,0.0
202212021631,110.0,0.9
202212021646,,0.0
202212021700,,0.0
202212021715,94.0,0.4
202212021730,167.0,0.4
202212021745,90.0,0.4
202212021800,235.0,1.3
202212021815,172.0,1.3
202212021830,149.0,1.3
202212021845,134.0,1.8
202212021900,117.0,1.8
202212021930,265.0,1.3
202212021945,208.0,1.3
202212022000,220.0,0.4
202212022015,324.0,1.3
202212022031,25.0,0.4
202212022045,162.0,1.3
202212022101,155.0,0.9
202212022116,99.0,1.3
202212022130,201.0,0.9
202212022145,179.0,0.9
202212022200,311.0,1.3
202212022215,144.0,0.9
202212022230,308.0,0.9
202212022245,126.0,0.4
202212022300,173.0,0.9
202212022315,233.0,1.3
202212022330,75.0,0.9
202212022345,205.0,0.4
202212030000,134.0,1.3
202212030015,187.0,0.9
202212030030,156.0,0.4
202212030045,158.0,0.4
202212030100,167.0,0.4
202212030130,195.0,1.3
202212030146,209.0,0.9
202212030200,103.0,1.3
202212030215,263.0,0.4
202212030230,,0.0
202212030245,325.0,0.4
202212030300,,0.0
202212030315,302.0,0.4
202212030330,261.0,0.4
202212030345,,0.0
202212030401,,0.0
202212030415,274.0,0.4
202212030430,95.0,0.4
202212030446,,0.0
202212030500,113.0,0.4
202212030515,,0.0
202212030530,281.0,0.9
202212030545,,0.0
202212030600,,0.0
202212030615,269.0,0.4
202212030630,,0.0
202212030645,,0.0
202212030700,122.0,0.4
202212030715,332.0,1.3
202212030730,305.0,0.9
202212030745,359.0,0.4
202212030801,217.0,0.4
202212030815,166.0,0.9
202212030830,290.0,0.4
202212030845,70.0,0.4
202212030900,72.0,0.4
202212030915,98.0,0.9
202212030930,129.0,1.8
202212030945,117.0,0.9
202212031000,283.0,0.9
202212031015,224.0,1.3
202212031030,301.0,1.8
202212031045,289.0,2.2
202212031100,195.0,0.9
202212031115,17.0,1.3
202212031130,341.0,2.7
202212031145,342.0,1.3
202212031200,152.0,0.9
202212031215,297.0,0.9
202212031230,169.0,1.3
202212031245,305.0,2.2
202212031300,261.0,0.9
202212031316,209.0,0.9
202212031330,196.0,0.9
202212031345,319.0,0.4
202212031400,286.0,1.3
202212031415,296.0,0.9
202212031430,127.0,1.3
202212031445,226.0,0.4
202212031501,164.0,0.9
202212031515,295.0,0.9
202212031530,282.0,1.3
202212031545,,0.0
202212031600,,0.0
202212031615,236.0,1.3
202212031630,166.0,0.9
202212031700,235.0,1.3
202212031730,248.0,1.3
202212031745,264.0,0.9
202212031800,210.0,0.9
202212031815,211.0,2.7
202212031830,224.0,1.3
202212031845,224.0,2.2
202212031900,128.0,0.9
202212031915,269.0,1.3
202212031930,256.0,0.9
202212032000,263.0,0.9
202212032015,293.0,0.4
202212032030,72.0,0.4
202212032045,269.0,0.9
202212032115,,0.0
202212032130,91.0,0.4
202212032145,6.0,0.4
202212032200,284.0,0.4
202212032215,,0.0
202212032231,,0.0
202212032245,258.0,1.3
202212032300,,0.0
202212032315,137.0,0.4
202212032330,,0.0
202212032345,,0.0
202212040000,129.0,0.9
202212040015,284.0,0.4
202212040045,,0.0
202212040100,,0.0
202212040115,,0.0
202212040130,,0.0
202212040145,,0.0
202212040200,,0.0
202212040215,,0.0
202212040230,,0.0
202212040245,,0.0
202212040300,,0.0
202212040315,,0.0
202212040330,,0.0
202212040345,104.0,0.4
202212040400,91.0,0.4
202212040415,,0.0
202212040430,,0.0
202212040501,,0.0
202212040530,,0.0
202212040545,,0.0
202212040600,,0.0
202212040615,,0.0
202212040630,283.0,0.4
202212040700,259.0,0.4
202212040715,,0.0
202212040730,,0.0
202212040745,,0.0
202212040800,,0.0
202212040816,,0.0
202212040830,,0.0
202212040845,,0.0
202212040900,271.0,0.4
202212040915,,0.0
202212040945,293.0,0.4
202212041000,,0.0
202212041015,272.0,0.4
202212041030,,0.0
202212041045,,0.0
202212041100,,0.0
202212041115,,0.0
202212041130,,0.0
202212041145,,0.0
202212041200,,0.0
202212041215,,0.0
202212041230,269.0,0.4
202212041245,,0.0
202212041300,,0.0
202212041315,,0.0
202212041331,,0.0
202212041345,,0.0
202212041400,,0.0
202212041415,,0.0
202212041430,,0.0
202212041445,,0.0
202212041500,,0.0
202212041515,,0.0
202212041530,172.0,0.4
202212041545,,0.0
202212041600,,0.0
202212041615,112.0,0.9
202212041630,241.0,0.4
202212041646,130.0,0.9
202212041700,246.0,0.4
202212041716,183.0,0.4
202212041730,165.0,1.8
202212041745,84.0,0.9
202212041800,200.0,0.4
202212041816,161.0,1.3
202212041830,223.0,0.4
202212041845,153.0,0.9
202212041900,212.0,1.3
202212041930,,0.0
202212041945,296.0,0.4
202212042000,129.0,0.4
202212042015,,0.0
202212042030,152.0,0.4
202212042045,238.0,0.9
202212042100,281.0,0.4
202212042130,,0.0
202212042145,,0.0
202212042231,,0.0
202212042245,,0.0
202212042300,,0.0
202212042315,,0.0
202212042330,,0.0
202212042345,,0.0
202212050000,,0.0
202212050016,,0.0
202212050031,,0.0
202212050045,,0.0
202212050100,,0.0
202212050115,,0.0
202212050130,,0.0
202212050145,,0.0
202212050200,,0.0
202212050215,,0.0
202212050230,,0.0
202212050245,,0.0
202212050300,,0.0
202212050330,,0.0
202212050345,,0.0
202212050400,,0.0
202212050415,,0.0
202212050430,,0.0
202212050445,,0.0
202212050500,255.0,0.4
202212050515,,0.0
202212050530,,0.0
202212050545,,0.0
202212050600,,0.0
202212050615,256.0,0.4
202212050631,129.0,0.4
202212050645,136.0,0.4
202212050700,,0.0
202212050715,,0.0
202212050730,,0.0
202212050745,,0.0
202212050800,,0.0
202212050815,,0.0
202212050830,291.0,0.4
202212050845,295.0,0.4
202212050900,,0.0
202212050915,,0.0
202212050930,,0.0
202212050945,,0.0
202212051000,,0.0
202212051015,247.0,0.4
202212051030,,0.0
202212051045,,0.0
202212051100,,0.0
202212051116,,0.0
202212051131,,0.0
202212051201,,0.0
202212051215,,0.0
202212051230,,0.0
202212051245,,0.0
202212051300,,0.0
202212051315,,0.0
202212051330,,0.0
202212051400,129.0,0.4
202212051415,,0.0
202212051430,,0.0
202212051445,132.0,0.9
202212051500,133.0,0.4
202212051515,134.0,0.4
202212051530,,0.0
202212051545,,0.0
202212051630,,0.0
202212051645,,0.0
202212051715,,0.0
202212051730,,0.0
202212051746,,0.0
202212051800,,0.0
202212051816,,0.0
202212051831,,0.0
202212051845,,0.0
202212051900,,0.0
202212051915,,0.0
202212051930,,0.0
202212051945,,0.0
202212052000,,0.0
202212052030,,0.0
202212052045,,0.0
202212052100,,0.0
202212052115,,0.0
202212052130,,0.0
202212052145,,0.0
202212052200,,0.0
202212052215,,0.0
202212052230,,0.0
202212052245,,0.0
202212052300,,0.0
202212052315,,0.0
202212052330,,0.0
202212052345,,0.0
202212060000,,0.0
202212060015,,0.0
202212060030,196.0,0.9
202212060046,205.0,0.4
202212060100,,0.0
202212060130,,0.0
202212060145,254.0,0.4
202212060200,,0.0
202212060215,,0.0
202212060230,,0.0
202212060245,,0.0
202212060300,,0.0
202212060315,,0.0
202212060345,128.0,0.4
202212060400,,0.0
202212060415,148.0,0.4
202212060430,229.0,0.4
202212060446,,0.0
202212060500,,0.0
202212060515,,0.0
202212060530,,0.0
202212060545,,0.0
202212060600,,0.0
202212060615,,0.0
202212060630,,0.0
202212060645,,0.0
202212060700,134.0,0.4
202212060715,15.0,0.4
202212060730,309.0,0.4
202212060746,,0.0
202212060800,,0.0
202212060815,,0.0
202212060831,,0.0
202212060845,,0.0
202212060901,,0.0
202212060915,,0.0
202212060930,46.0,0.4
202212060945,,0.0
202212061000,,0.0
202212061015,,0.0
202212061030,290.0,0.4
202212061045,269.0,0.4
202212061100,,0.0
202212061115,283.0,1.3
202212061130,244.0,0.4
202212061145,173.0,0.4
202212061215,,0.0
202212061230,136.0,0.9
202212061245,,0.0
202212061315,290.0,0.4
202212061330,,0.0
202212061345,,0.0
202212061400,236.0,0.4
202212061415,307.0,0.4
202212061430,276.0,0.4
202212061446,316.0,0.4
202212061501,,0.0
202212061515,136.0,0.9
202212061530,143.0,0.9
202212061545,,0.0
202212061600,219.0,0.4
202212061615,,0.0
202212061645,,0.0
202212061700,34.0,0.4
202212061715,289.0,0.4
202212061730,306.0,0.4
202212061745,266.0,0.4
202212061800,274.0,0.4
202212061816,285.0,0.4
202212061830,274.0,0.4
202212061845,283.0,0.4
202212061900,,0.0
202212061915,,0.0
202212061930,,0.0
202212062000,,0.0
202212062015,,0.0
202212062031,,0.0
202212062100,,0.0
202212062115,,0.0
202212062130,,0.0
202212062146,,0.0
202212062201,,0.0
202212062215,,0.0
202212062230,,0.0
202212062245,,0.0
202212062300,,0.0
202212062315,,0.0
202212062330,,0.0
202212062346,,0.0
202212070001,,0.0
202212070015,,0.0
202212070030,,0.0
202212070045,,0.0
202212070100,,0.0
202212070115,,0.0
202212070130,,0.0
202212070145,,0.0
202212070200,,0.0
202212070215,,0.0
202212070230,,0.0
202212070245,,0.0
202212070300,,0.0
202212070315,,0.0
202212070330,,0.0
202212070345,,0.0
202212070400,,0.0
202212070416,,0.0
202212070430,,0.0
202212070445,300.0,0.4
202212070500,284.0,0.4
202212070515,,0.0
202212070530,,0.0
202212070545,222.0,0.4
202212070600,,0.0
202212070615,,0.0
202212070630,,0.0
202212070645,,0.0
202212070700,,0.0
202212070715,,0.0
202212070730,,0.0
202212070745,,0.0
202212070800,,0.0
202212070815,,0.0
202212070830,,0.0
202212070845,,0.0
202212070900,,0.0
202212070915,,0.0
202212070930,,0.0
202212070946,175.0,0.4
202212071001,228.0,0.4
202212071015,,0.0
202212071030,,0.0
202212071045,,0.0
202212071100,,0.0
202212071115,116.0,0.4
202212071130,,0.0
202212071145,,0.0
202212071200,,0.0
202212071215,,0.0
202212071230,,0.0
202212071245,,0.0
202212071300,,0.0
202212071315,,0.0
202212071330,36.0,0.4
202212071345,,0.0
202212071401,328.0,0.4
202212071415,299.0,0.4
202212071445,78.0,0.4
202212071500,,0.0
202212071515,,0.0
202212071530,145.0,0.4
202212071545,,0.0
202212071600,,0.0
202212071615,,0.0
202212071630,,0.0
202212071700,,0.0
202212071715,153.0,0.9
202212071730,169.0,0.4
202212071745,,0.0
202212071800,,0.0
202212071815,300.0,0.4
202212071830,,0.0
202212071845,,0.0
202212071900,,0.0
202212071915,,0.0
202212071930,,0.0
202212071945,,0.0
202212072001,,0.0
202212072016,,0.0
202212072031,281.0,0.4
202212072045,253.0,0.4
202212072100,,0.0
202212072115,294.0,0.4
202212072130,,0.0
202212072145,,0.0
202212072200,,0.0
202212072215,,0.0
202212072230,,0.0
202212072245,,0.0
202212072300,,0.0
202212072315,,0.0
202212072330,,0.0
202212072345,,0.0
202212080000,300.0,0.4
202212080015,,0.0
202212080030,272.0,0.4
202212080045,,0.0
202212080100,,0.0
202212080115,276.0,0.4
202212080130,288.0,0.4
202212080145,283.0,0.4
202212080230,,0.0
202212080245,,0.0
202212080300,262.0,0.9
202212080315,,0.0
202212080330,285.0,0.4
202212080346,,0.0
202212080400,,0.0
202212080416,,0.0
202212080430,112.0,0.9
202212080445,25.0,0.4
202212080500,,0.0
202212080515,233.0,0.4
202212080530,,0.0
202212080600,,0.0
202212080615,,0.0
202212080630,,0.0
202212080645,,0.0
202212080700,,0.0
202212080715,275.0,0.4
202212080730,115.0,0.4
202212080745,,0.0
202212080800,,0.0
202212080816,,0.0
202212080830,,0.0
202212080845,128.0,0.4
202212080900,91.0,0.4
202212080915,,0.0
202212080931,97.0,0.4
202212081016,,0.0
202212081030,,0.0
202212081045,,0.0
202212081100,,0.0
202212081115,,0.0
202212081130,,0.0
202212081145,,0.0
202212081200,,0.0
202212081215,,0.0
202212081230,,0.0
202212081245,,0.0
202212081300,,0.0
202212081315,,0.0
202212081330,,0.0
202212081345,,0.0
202212081400,,0.0
202212081415,,0.0
202212081430,,0.0
202212081445,,0.0
202212081500,,0.0
202212081515,,0.0
202212081530,,0.0
202212081545,,0.0
202212081600,,0.0
202212081615,153.0,0.4
202212081630,,0.0
202212081645,,0.0
202212081700,293.0,0.4
202212081715,307.0,0.4
202212081730,311.0,0.4
202212081745,160.0,0.9
202212081800,143.0,0.4
202212081815,167.0,0.4
202212081830,231.0,0.4
202212081845,294.0,0.9
202212081900,312.0,0.9
202212081915,239.0,0.4
202212081930,166.0,0.4
202212081946,289.0,0.4
202212082000,274.0,1.3
202212082015,319.0,1.3
202212082030,309.0,0.9
202212082045,,0.0
202212082100,,0.0
202212082115,,0.0
202212082145,148.0,0.9
202212082201,108.0,0.4
202212082215,,0.0
202212082230,,0.0
202212082245,,0.0
202212082300,,0.0
202212082315,,0.0
202212082330,,0.0
202212082345,,0.0
202212090000,114.0,0.4
202212090030,,0.0
202212090045,,0.0
202212090100,,0.0
202212090115,,0.0
202212090130,,0.0
202212090215,,0.0
202212090230,,0.0
202212090245,,0.0
202212090300,,0.0
202212090315,,0.0
202212090330,,0.0
202212090345,,0.0
202212090400,,0.0
202212090416,,0.0
202212090430,,0.0
202212090500,,0.0
202212090516,,0.0
202212090531,,0.0
202212090545,,0.0
202212090600,,0.0
202212090615,,0.0
202212090630,,0.0
202212090645,,0.0
202212090700,,0.0
202212090715,,0.0
202212090730,,0.0
202212090745,,0.0
202212090800,,0.0
202212090815,,0.0
202212090830,,0.0
202212090845,,0.0
202212090915,,0.0
202212090930,,0.0
202212090945,,0.0
202212091000,,0.0
202212091015,,0.0
202212091031,,0.0
202212091046,,0.0
202212091115,,0.0
202212091130,,0.0
202212091145,,0.0
202212091200,,0.0
202212091215,,0.0
202212091245,,0.0
202212091300,,0.0
202212091330,,0.0
202212091345,149.0,0.4
202212091400,,0.0
202212091415,143.0,0.9
202212091430,,0.0
202212091445,,0.0
202212091500,,0.0
202212091515,,0.0
202212091530,,0.0
202212091545,,0.0
202212091600,,0.0
202212091615,,0.0
202212091630,,0.0
202212091646,,0.0
202212091701,218.0,0.4
202212091716,168.0,0.4
202212091731,,0.0
202212091746,,0.0
202212091800,,0.0
202212091815,,0.0
202212091831,,0.0
202212091845,,0.0
202212091900,,0.0
202212091915,301.0,0.4
202212091930,207.0,0.4
202212091945,,0.0
202212092000,270.0,0.4
202212092015,266.0,0.4
202212092030,,0.0
202212092045,295.0,0.4
202212092100,218.0,0.4
202212092115,268.0,0.4
202212092130,,0.0
202212092145,,0.0
202212092201,,0.0
202212092215,,0.0
202212092231,217.0,0.4
202212092245,259.0,0.4
202212092300,,0.0
202212092316,,0.0
202212092330,214.0,0.4
202212092345,,0.0
202212100000,,0.0
202212100030,,0.0
202212100045,121.0,0.4
202212100100,290.0,0.4
202212100115,307.0,0.4
202212100130,202.0,0.4
202212100145,294.0,0.4
202212100200,309.0,0.4
202212100215,,0.0
202212100230,200.0,0.4
202212100245,206.0,0.4
202212100300,,0.0
202212100315,308.0,0.4
202212100330,,0.0
202212100345,267.0,0.4
202212100400,240.0,0.4
202212100415,,0.0
202212100431,,0.0
202212100445,,0.0
202212100501,217.0,0.4
202212100515,,0.0
202212100530,,0.0
202212100600,309.0,0.4
202212100615,,0.0
202212100630,301.0,0.4
202212100700,,0.0
202212100715,,0.0
202212100730,,0.0
202212100800,181.0,0.4
202212100815,,0.0
202212100830,,0.0
202212100845,,0.0
202212100900,,0.0
202212100915,227.0,0.4
202212100931,,0.0
202212100945,,0.0
202212101000,,0.0
202212101015,,0.0
202212101045,,0.0
202212101101,,0.0
202212101116,,0.0
202212101130,,0.0
202212101145,,0.0
202212101200,,0.0
202212101215,267.0,0.4
202212101230,,0.0
202212101245,,0.0
202212101300,,0.0
202212101315,,0.0
202212101330,,0.0
202212101345,,0.0
202212101400,179.0,0.9
202212101415,132.0,0.9
202212101430,,0.0
202212101500,,0.0
202212101515,129.0,0.9
202212101530,131.0,0.9
202212101545,143.0,0.4
202212101600,255.0,0.4
202212101616,226.0,0.9
202212101631,224.0,1.3
202212101646,109.0,0.9
202212101700,157.0,0.9
202212101715,115.0,0.4
202212101730,146.0,0.4
202212101745,,0.0
202212101800,117.0,0.4
202212101815,,0.0
202212101830,260.0,0.4
202212101845,134.0,0.9
202212101900,151.0,0.4
202212101915,294.0,0.9
202212101930,158.0,0.4
202212101945,252.0,0.9
202212102000,232.0,0.4
202212102015,,0.0
202212102030,139.0,0.4
202212102045,,0.0
202212102100,133.0,0.9
202212102115,129.0,0.4
202212102130,,0.0
202212102145,229.0,0.4
202212102200,257.0,0.4
202212102215,292.0,0.4
202212102230,,0.0
202212102245,275.0,0.9
202212102300,326.0,0.4
202212102315,243.0,0.9
202212102346,301.0,0.9
202212110000,233.0,0.4
202212110016,,0.0
202212110030,323.0,0.4
202212110100,,0.0
202212110115,,0.0
202212110130,250.0,0.4
202212110145,,0.0
202212110200,,0.0
202212110215,,0.0
202212110230,,0.0
202212110245,,0.0
202212110300,,0.0
202212110315,223.0,0.4
202212110330,206.0,0.4
202212110345,210.0,0.9
202212110400,204.0,0.4
202212110415,,0.0
202212110430,,0.0
202212110445,309.0,0.4
202212110501,,0.0
202212110515,336.0,0.4
202212110530,,0.0
202212110546,,0.0
202212110601,,0.0
202212110615,,0.0
202212110631,,0.0
202212110645,,0.0
202212110700,231.0,0.4
202212110715,,0.0
202212110730,229.0,0.9
202212110745,,0.0
202212110800,,0.0
202212110815,,0.0
202212110830,,0.0
202212110845,309.0,0.4
202212110900,,0.0
202212110915,,0.0
202212110930,250.0,0.4
202212110945,228.0,0.4
202212111000,,0.0
202212111015,254.0,0.4
202212111030,226.0,0.4
202212111045,,0.0
202212111100,,0.0
202212111115,262.0,0.4
202212111131,,0.0
202212111145,136.0,0.4
202212111200,,0.0
202212111215,,0.0
202212111230,,0.0
202212111246,,0.0
202212111300,315.0,0.4
202212111316,316.0,0.4
202212111330,,0.0
202212111345,,0.0
202212111400,,0.0
202212111430,,0.0
202212111445,,0.0
202212111500,229.0,0.4
202212111515,,0.0
202212111545,,0.0
202212111630,259.0,0.9
202212111646,250.0,1.3
202212111700,285.0,0.9
202212111715,,0.0
202212111730,,0.0
202212111746,,0.0
202212111800,,0.0
202212111816,255.0,0.9
202212111845,,0.0
202212111900,,0.0
202212111915,,0.0
202212111930,,0.0
202212111945,,0.0
202212112000,,0.0
202212112015,,0.0
202212112030,209.0,0.4
202212112045,293.0,0.4
202212112100,285.0,0.4
202212112115,,0.0
202212112145,269.0,0.4
202212112200,212.0,0.4
202212112215,,0.0
202212112230,,0.0
202212112245,,0.0
202212112300,,0.0
202212112315,,0.0
202212112330,,0.0
202212112345,,0.0
202212120000,,0.0
202212120015,,0.0
202212120030,,0.0
202212120045,,0.0
202212120100,,0.0
202212120115,,0.0
202212120130,,0.0
202212120145,,0.0
202212120201,,0.0
202212120216,,0.0
202212120230,,0.0
202212120245,,0.0
202212120300,,0.0
202212120315,,0.0
202212120330,,0.0
202212120345,,0.0
202212120400,,0.0
202212120415,,0.0
202212120430,,0.0
202212120445,,0.0
202212120500,,0.0
202212120515,,0.0
202212120530,,0.0
202212120545,287.0,0.4
202212120600,274.0,0.4
202212120615,271.0,0.9
202212120630,,0.0
202212120700,,0.0
202212120715,,0.0
202212120731,,0.0
202212120746,,0.0
202212120800,,0.0
202212120815,,0.0
202212120830,,0.0
202212120845,,0.0
202212120900,,0.0
202212120915,,0.0
202212120930,,0.0
202212120945,,0.0
202212121000,,0.0
202212121015,,0.0
202212121030,,0.0
202212121045,,0.0
202212121100,,0.0
202212121115,,0.0
202212121130,,0.0
202212121145,,0.0
202212121200,,0.0
202212121215,,0.0
202212121230,,0.0
202212121245,,0.0
202212121300,,0.0
202212121316,,0.0
202212121330,,0.0
202212121345,,0.0
202212121401,,0.0
202212121415,,0.0
202212121430,,0.0
202212121445,,0.0
202212121500,,0.0
202212121515,,0.0
202212121530,,0.0
202212121545,,0.0
202212121615,143.0,0.4
202212121630,138.0,0.4
202212121645,,0.0
202212121700,132.0,0.4
202212121715,120.0,0.4
202212121730,143.0,1.3
202212121745,126.0,0.9
202212121800,,0.0
202212121815,,0.0
202212121831,130.0,0.9
202212121900,142.0,0.9
202212121915,228.0,1.3
202212121930,205.0,0.9
202212121945,240.0,0.4
202212122000,,0.0
202212122015,130.0,0.9
202212122030,216.0,0.9
202212122045,272.0,0.4
202212122100,,0.0
202212122115,,0.0
202212122130,,0.0
202212122145,,0.0
202212122200,,0.0
202212122215,,0.0
202212122230,,0.0
202212122245,130.0,0.4
202212122300,,0.0
202212122315,,0.0
202212122331,,0.0
202212122345,,0.0
202212130000,,0.0
202212130015,,0.0
202212130030,237.0,0.4
202212130045,210.0,0.4
202212130100,,0.0
202212130115,,0.0
202212130130,152.0,0.4
202212130145,,0.0
202212130200,287.0,0.4
202212130215,,0.0
202212130230,,0.0
202212130231,116.0,0.9
202212130300,,0.0
202212130315,212.0,0.9
202212130330,,0.0
202212130345,,0.0
202212130400,242.0,0.9
202212130415,,0.0
202212130430,,0.0
202212130445,,0.0
202212130500,,0.0
202212130515,,0.0
202212130530,,0.0
202212130545,,0.0
202212130600,134.0,0.4
202212130615,,0.0
202212130631,,0.0
202212130645,,0.0
202212130700,,0.0
202212130715,,0.0
202212130730,,0.0
202212130745,,0.0
202212130800,,0.0
202212130816,255.0,0.4
202212130830,,0.0
202212130845,,0.0
202212130900,,0.0
202212130915,,0.0
202212130930,,0.0
202212130945,155.0,0.4
202212131000,229.0,0.4
202212131015,297.0,0.4
202212131030,349.0,0.4
202212131045,148.0,0.4
202212131100,179.0,0.4
202212131115,206.0,0.4
202212131145,288.0,0.4
202212131200,129.0,0.4
202212131215,245.0,0.4
202212131230,,0.0
202212131245,281.0,0.4
202212131300,,0.0
202212131315,134.0,0.4
202212131330,,0.0
202212131345,,0.0
202212131400,,0.0
202212131415,127.0,0.4
202212131430,235.0,0.4
202212131445,,0.0
202212131500,152.0,0.4
202212131515,152.0,0.4
202212131530,180.0,0.9
202212131545,158.0,0.4
202212131601,168.0,0.9
202212131615,179.0,0.4
202212131630,,0.0
202212131645,245.0,0.4
202212131700,213.0,0.4
202212131716,242.0,0.9
202212131730,236.0,0.4
202212131745,280.0,0.4
202212131800,,0.0
202212131815,232.0,0.9
202212131830,177.0,0.4
202212131846,268.0,0.4
202212131901,,0.0
202212131915,,0.0
202212131930,,0.0
202212131945,,0.0
202212132000,,0.0
202212132015,117.0,0.9
202212132030,103.0,0.4
202212132045,217.0,0.4
202212132100,162.0,0.4
202212132115,101.0,0.4
202212132131,125.0,0.4
202212132145,293.0,0.4
202212132200,,0.0
202212132215,,0.0
202212132230,,0.0
202212132245,,0.0
202212132300,,0.0
202212132315,,0.0
202212132330,,0.0
202212132345,,0.0
202212140000,,0.0
202212140015,,0.0
202212140030,,0.0
202212140045,,0.0
202212140100,,0.0
202212140115,,0.0
202212140130,38.0,0.4
202212140145,,0.0
202212140200,240.0,0.4
202212140216,238.0,0.9
202212140245,,0.0
202212140300,,0.0
202212140315,,0.0
202212140330,228.0,0.4
202212140346,267.0,0.4
202212140400,276.0,0.4
202212140415,226.0,0.4
202212140430,160.0,0.4
202212140445,264.0,0.9
202212140500,,0.0
202212140530,153.0,0.4
202212140545,199.0,0.4
202212140600,,0.0
202212140615,,0.0
202212140630,265.0,0.9
202212140645,,0.0
202212140700,,0.0
202212140730,,0.0
202212140745,,0.0
202212140800,,0.0
202212140815,,0.0
202212140831,,0.0
202212140846,,0.0
202212140900,,0.0
202212140915,,0.0
202212140930,295.0,0.4
202212140945,,0.0
202212141000,,0.0
202212141015,,0.0
202212141030,143.0,0.4
202212141045,,0.0
202212141100,,0.0
202212141115,,0.0
202212141130,,0.0
202212141145,,0.0
202212141200,,0.0
202212141215,,0.0
202212141230,,0.0
202212141245,,0.0
202212141300,,0.0
202212141315,,0.0
202212141330,,0.0
202212141346,348.0,0.4
202212141401,,0.0
202212141416,,0.0
202212141430,126.0,0.4
202212141445,93.0,0.9
202212141500,318.0,1.3
202212141515,174.0,0.4
202212141530,,0.0
202212141545,145.0,1.3
202212141600,149.0,0.4
202212141615,,0.0
202212141630,238.0,0.4
202212141645,110.0,0.9
202212141700,256.0,0.9
202212141715,172.0,0.4
202212141730,307.0,0.4
202212141745,239.0,0.4
202212141800,161.0,0.9
202212141815,154.0,0.9
202212141831,120.0,0.4
202212141846,286.0,0.4
202212141900,,0.0
202212141930,290.0,1.8
202212141945,154.0,0.4
202212142000,226.0,0.4
202212142015,,0.0
202212142030,,0.0
202212142045,,0.0
202212142100,,0.0
202212142115,,0.0
202212142130,,0.0
202212142145,,0.0
202212142200,,0.0
202212142215,,0.0
202212142245,,0.0
202212142300,304.0,0.4
202212142330,,0.0
202212142345,,0.0
202212150000,,0.0
202212150015,,0.0
202212150031,,0.0
202212150045,231.0,0.4
202212150101,,0.0
202212150116,,0.0
202212150130,,0.0
202212150145,,0.0
202212150215,,0.0
202212150230,,0.0
202212150245,,0.0
202212150300,117.0,0.9
202212150315,,0.0
202212150330,276.0,0.4
202212150345,,0.0
202212150400,,0.0
202212150415,,0.0
202212150430,25.0,0.4
202212150445,,0.0
202212150500,,0.0
202212150515,,0.0
202212150530,,0.0
202212150545,,0.0
202212150600,,0.0
202212150616,,0.0
202212150631,,0.0
202212150645,,0.0
202212150715,,0.0
202212150730,,0.0
202212150745,240.0,0.4
202212150800,,0.0
202212150815,,0.0
202212150830,,0.0
202212150845,,0.0
202212150900,,0.0
202212150915,300.0,0.9
202212150930,,0.0
202212150945,,0.0
202212151000,,0.0
202212151015,,0.0
202212151030,,0.0
202212151045,,0.0
202212151115,235.0,0.4
202212151131,,0.0
202212151146,,0.0
202212151216,,0.0
202212151230,,0.0
202212151245,,0.0
202212151300,,0.0
202212151315,,0.0
202212151330,,0.0
202212151400,,0.0
202212151415,,0.0
202212151430,,0.0
202212151445,,0.0
202212151500,141.0,0.4
202212151515,,0.0
202212151545,,0.0
202212151600,,0.0
202212151615,243.0,0.4
202212151631,134.0,0.4
202212151645,,0.0
202212151700,,0.0
202212151715,314.0,1.3
202212151730,271.0,0.9
202212151745,274.0,0.9
202212151800,245.0,0.9
202212151815,240.0,1.3
202212151830,165.0,1.3
202212151845,165.0,1.8
202212151900,237.0,0.9
202212151915,301.0,1.3
202212151930,250.0,1.3
202212151945,246.0,0.4
202212152000,243.0,0.9
202212152015,257.0,0.9
202212152030,263.0,0.4
202212152045,274.0,0.4
202212152100,139.0,0.9
202212152115,238.0,0.4
202212152130,246.0,0.4
202212152145,,0.0
202212152200,,0.0
202212152215,285.0,0.4
202212152231,,0.0
202212152246,,0.0
202212152300,,0.0
202212152315,,0.0
202212152330,275.0,0.4
202212152345,268.0,1.8
202212160000,,0.0
202212160015,257.0,0.4
202212160030,,0.0
202212160045,,0.0
202212160115,,0.0
202212160130,,0.0
202212160145,296.0,0.4
202212160200,55.0,0.4
202212160215,272.0,1.3
202212160230,60.0,0.9
202212160245,93.0,0.9
202212160300,225.0,2.7
202212160315,290.0,1.3
202212160330,231.0,1.3
202212160346,270.0,0.4
202212160400,221.0,0.4
202212160415,145.0,0.4
202212160430,134.0,0.4
202212160515,162.0,0.9
202212160530,,0.0
202212160545,113.0,1.3
202212160600,71.0,0.9
202212160615,349.0,0.4
202212160630,201.0,1.3
202212160645,288.0,1.8
202212160700,166.0,2.2
202212160715,262.0,1.8
202212160730,148.0,1.3
202212160745,266.0,1.8
202212160801,217.0,0.9
202212160815,236.0,1.8
202212160830,231.0,3.6
202212160845,103.0,2.2
202212160900,197.0,1.8
202212160915,289.0,1.8
202212160930,329.0,0.4
202212160945,108.0,0.9
202212161000,,0.0
202212161015,,0.0
202212161045,96.0,0.4
202212161100,193.0,0.9
202212161115,282.0,2.2
202212161130,,0.0
202212161145,255.0,1.3
202212161201,101.0,1.3
202212161215,272.0,2.2
202212161231,175.0,3.1
202212161245,207.0,1.8
202212161301,218.0,2.2
202212161315,257.0,1.3
202212161330,227.0,1.3
202212161345,352.0,1.3
202212161400,248.0,1.8
202212161415,146.0,1.3
202212161445,11.0,0.9
202212161500,311.0,0.4
202212161515,116.0,0.9
202212161530,129.0,2.2
202212161545,169.0,0.9
202212161600,152.0,0.4
202212161615,158.0,0.4
202212161631,283.0,2.2
202212161645,185.0,1.8
202212161700,191.0,1.3
202212161730,307.0,2.2
202212161746,118.0,0.9
202212161800,263.0,1.8
202212161815,191.0,1.8
202212161830,213.0,2.2
202212161846,297.0,2.2
202212161900,226.0,1.3
202212161915,129.0,0.9
202212161930,251.0,0.9
202212161945,262.0,1.3
202212162000,224.0,1.8
202212162016,235.0,0.4
202212162030,260.0,1.3
202212162045,278.0,1.8
202212162100,91.0,3.1
202212162115,301.0,0.9
202212162130,262.0,1.3
202212162145,167.0,1.3
202212162200,,0.0
202212162215,314.0,0.4
202212162230,245.0,0.4
202212162245,320.0,1.3
202212162300,,0.0
202212162315,291.0,0.4
202212162331,,0.0
202212162346,,0.0
202212170000,,0.0
202212170015,,0.0
202212170030,,0.0
202212170045,257.0,0.9
202212170100,,0.0
202212170115,,0.0
202212170130,295.0,0.4
202212170145,,0.0
202212170200,266.0,0.4
202212170215,,0.0
202212170230,,0.0
202212170245,265.0,0.4
202212170300,,0.0
202212170315,,0.0
202212170330,,0.0
202212170345,,0.0
202212170400,,0.0
202212170415,,0.0
202212170430,,0.0
202212170445,,0.0
202212170500,,0.0
202212170515,,0.0
202212170531,280.0,1.3
202212170545,250.0,0.4
202212170600,299.0,0.9
202212170615,,0.0
202212170630,266.0,0.9
202212170645,31.0,0.4
202212170715,,0.0
202212170730,,0.0
202212170745,250.0,0.9
202212170800,,0.0
202212170815,304.0,0.9
202212170830,245.0,0.4
202212170846,51.0,0.4
202212170900,345.0,0.4
202212170915,,0.0
202212170930,,0.0
202212170945,,0.0
202212171000,282.0,0.4
202212171015,,0.0
202212171030,75.0,0.4
202212171101,,0.0
202212171115,,0.0
202212171130,29.0,1.3
202212171201,,0.0
202212171215,295.0,0.9
202212171230,159.0,0.4
202212171245,,0.0
202212171300,220.0,0.9
202212171315,,0.0
202212171330,,0.0
202212171345,,0.0
202212171400,236.0,0.4
202212171415,155.0,1.8
202212171430,297.0,2.7
202212171445,340.0,1.8
202212171500,169.0,1.3
202212171515,148.0,0.9
202212171530,353.0,1.3
202212171545,238.0,1.3
202212171600,236.0,0.9
202212171615,213.0,0.4
202212171630,,0.0
202212171645,,0.0
202212171700,284.0,0.9
202212171715,271.0,2.2
202212171730,164.0,2.2
202212171745,174.0,0.9
202212171800,214.0,0.9
202212171815,251.0,0.9
202212171845,226.0,0.9
202212171900,245.0,0.9
202212171915,266.0,1.3
202212171930,152.0,1.8
202212171945,302.0,1.8
202212172000,159.0,2.2
202212172015,273.0,1.8
202212172045,274.0,0.9
202212172101,263.0,2.2
202212172115,284.0,1.8
202212172131,299.0,1.3
202212172145,359.0,0.4
202212172200,,0.0
202212172216,,0.0
202212172230,261.0,0.9
202212172231,293.0,0.4
202212172245,,0.0
202212172300,246.0,0.9
202212172315,303.0,0.4
202212172330,58.0,0.4
202212172345,241.0,0.9
202212180000,174.0,0.4
202212180015,288.0,1.3
202212180030,112.0,0.9
202212180045,,0.0
202212180100,,0.0
202212180130,,0.0
202212180145,,0.0
202212180200,,0.0
202212180215,,0.0
202212180230,,0.0
202212180245,,0.0
202212180300,,0.0
202212180315,285.0,0.9
202212180330,243.0,0.9
202212180345,136.0,0.4
202212180400,,0.0
202212180415,127.0,0.9
202212180430,70.0,0.4
202212180446,280.0,1.8
202212180500,251.0,0.9
202212180515,274.0,0.9
202212180530,262.0,0.9
202212180545,304.0,1.3
202212180600,153.0,1.8
202212180615,149.0,0.9
202212180631,71.0,1.3
202212180700,249.0,2.2
202212180730,296.0,1.8
202212180745,281.0,1.8
202212180800,262.0,0.4
202212180816,234.0,1.8
202212180830,236.0,3.6
202212180846,75.0,0.9
202212180901,271.0,1.8
202212180915,255.0,4.0
202212180930,288.0,0.9
202212180945,,0.0
202212181000,248.0,0.4
202212181100,290.0,1.3
202212181115,257.0,2.7
202212181130,264.0,2.2
202212181145,262.0,2.2
202212181200,293.0,2.2
202212181215,267.0,2.7
202212181230,244.0,1.8
202212181245,276.0,2.7
202212181300,269.0,2.2
202212181316,276.0,0.9
202212181330,243.0,1.3
202212181345,264.0,3.1
202212181400,75.0,1.3
202212181415,169.0,0.4
202212181430,139.0,0.9
202212181445,281.0,1.3
202212181500,274.0,1.3
202212181515,92.0,0.9
202212181530,118.0,1.3
202212181545,219.0,0.9
202212181600,179.0,1.3
202212181615,256.0,0.9
202212181630,156.0,0.4
202212181646,240.0,1.8
202212181715,178.0,1.8
202212181731,101.0,1.3
202212181745,143.0,0.9
202212181830,160.0,0.4
202212181845,160.0,0.9
202212181900,219.0,1.3
202212181915,268.0,0.9
202212181930,151.0,0.9
202212181945,268.0,1.3
202212182000,141.0,0.9
202212182015,,0.0
202212182030,224.0,0.9
202212182045,291.0,2.2
202212182100,250.0,1.3
202212182115,255.0,0.4
202212182131,290.0,0.9
202212182146,267.0,0.4
202212182200,,0.0
202212182215,,0.0
202212182230,,0.0
202212182245,283.0,0.4
202212182300,,0.0
202212182315,278.0,0.4
202212182330,,0.0
202212182345,,0.0
202212190000,,0.0
202212190015,,0.0
202212190030,,0.0
202212190045,,0.0
202212190100,,0.0
202212190115,,0.0
202212190130,,0.0
202212190145,,0.0
202212190201,,0.0
202212190215,,0.0
202212190231,,0.0
202212190245,,0.0
202212190300,,0.0
202212190315,286.0,0.4
202212190330,258.0,0.4
202212190345,,0.0
202212190400,,0.0
202212190415,,0.0
202212190430,,0.0
202212190500,,0.0
202212190515,,0.0
202212190530,,0.0
202212190545,,0.0
202212190600,,0.0
202212190615,,0.0
202212190630,,0.0
202212190645,,0.0
202212190646,,0.0
202212190700,,0.0
202212190715,,0.0
202212190730,,0.0
202212190745,,0.0
202212190800,,0.0
202212190815,,0.0
202212190831,,0.0
202212190845,,0.0
202212190900,,0.0
202212190915,,0.0
202212190930,,0.0
202212190945,,0.0
202212191000,,0.0
202212191015,,0.0
202212191030,283.0,0.4
202212191045,,0.0
202212191100,,0.0
202212191130,,0.0
202212191146,,0.0
202212191201,,0.0
202212191230,,0.0
202212191245,,0.0
202212191300,,0.0
202212191315,,0.0
202212191330,,0.0
202212191345,,0.0
202212191415,,0.0
202212191430,,0.0
202212191445,,0.0
202212191500,,0.0
202212191530,138.0,0.4
202212191545,149.0,0.9
202212191600,,0.0
202212191615,134.0,0.9
202212191630,123.0,0.9
202212191645,,0.0
202212191700,152.0,0.9
202212191715,,0.0
202212191730,102.0,0.4
202212191745,225.0,0.4
202212191800,163.0,0.4
202212191815,148.0,0.9
202212191830,134.0,0.9
202212191845,157.0,0.9
202212191900,144.0,0.9
202212191930,,0.0
202212191945,162.0,0.4
202212192000,,0.0
202212192015,186.0,0.4
202212192030,143.0,0.4
202212192045,162.0,0.4
202212192100,,0.0
202212192115,,0.0
202212192130,,0.0
202212192145,,0.0
202212192200,,0.0
202212192215,,0.0
202212192230,,0.0
202212192246,,0.0
202212192300,,0.0
202212192316,,0.0
202212192331,,0.0
202212192345,,0.0
202212200000,,0.0
202212200015,,0.0
202212200030,,0.0
202212200045,,0.0
202212200100,,0.0
202212200115,,0.0
202212200130,,0.0
202212200145,,0.0
202212200200,273.0,0.4
202212200215,,0.0
202212200230,,0.0
202212200245,,0.0
202212200300,,0.0
202212200315,,0.0
202212200330,,0.0
202212200345,,0.0
202212200400,276.0,0.4
202212200415,,0.0
202212200430,269.0,0.4
202212200445,,0.0
202212200516,,0.0
202212200530,,0.0
202212200546,,0.0
202212200600,262.0,0.4
202212200615,,0.0
202212200631,,0.0
202212200700,,0.0
202212200715,,0.0
202212200730,,0.0
202212200745,,0.0
202212200800,,0.0
202212200815,,0.0
202212200830,,0.0
202212200845,,0.0
202212200915,,0.0
202212200930,,0.0
202212200946,,0.0
202212201000,,0.0
202212201015,,0.0
202212201030,,0.0
202212201046,,0.0
202212201101,,0.0
202212201115,,0.0
202212201130,,0.0
202212201145,,0.0
202212201200,,0.0
202212201215,,0.0
202212201230,,0.0
202212201245,,0.0
202212201300,,0.0
202212201315,278.0,0.4
202212201330,,0.0
202212201400,,0.0
202212201415,,0.0
202212201430,,0.0
202212201445,,0.0
202212201500,,0.0
202212201515,,0.0
202212201530,170.0,0.4
202212201545,136.0,0.9
202212201601,122.0,1.3
202212201630,163.0,0.4
202212201645,151.0,0.4
202212201701,145.0,0.4
202212201715,,0.0
202212201730,142.0,0.4
202212201745,,0.0
202212201800,,0.0
202212201815,,0.0
202212201830,,0.0
202212201845,167.0,0.4
202212201900,,0.0
202212201930,130.0,0.4
202212201945,,0.0
202212202000,,0.0
202212202015,292.0,0.4
202212202045,,0.0
202212202100,,0.0
202212202115,,0.0
202212202130,,0.0
202212202145,,0.0
202212202200,,0.0
202212202215,,0.0
202212202230,299.0,0.4
202212202245,,0.0
202212202315,,0.0
202212202330,,0.0
202212202345,,0.0
202212210001,,0.0
202212210015,141.0,0.4
202212210030,,0.0
202212210045,,0.0
202212210115,,0.0
202212210130,,0.0
202212210145,,0.0
202212210200,,0.0
202212210215,160.0,0.4
202212210230,,0.0
202212210245,,0.0
202212210300,,0.0
202212210315,,0.0
202212210330,,0.0
202212210345,,0.0
202212210400,,0.0
202212210415,,0.0
202212210430,,0.0
202212210445,,0.0
202212210500,,0.0
202212210515,,0.0
202212210530,,0.0
202212210545,,0.0
202212210601,,0.0
202212210615,,0.0
202212210646,,0.0
202212210700,,0.0
202212210716,,0.0
202212210730,,0.0
202212210745,,0.0
202212210800,,0.0
202212210815,,0.0
202212210830,,0.0
202212210845,,0.0
202212210900,,0.0
202212210915,,0.0
202212210930,,0.0
202212210945,,0.0
202212211000,,0.0
202212211045,,0.0
202212211100,,0.0
202212211115,,0.0
202212211130,,0.0
202212211145,,0.0
202212211201,,0.0
202212211230,,0.0
202212211246,133.0,0.4
202212211300,,0.0
202212211331,,0.0
202212211345,,0.0
202212211400,,0.0
202212211415,,0.0
202212211445,,0.0
202212211500,,0.0
202212211515,169.0,0.4
202212211530,130.0,0.9
202212211545,118.0,1.8
202212211601,165.0,1.8
202212211615,116.0,1.3
202212211630,134.0,0.9
202212211701,174.0,1.3
202212211730,134.0,0.9
202212211745,124.0,1.3
202212211800,104.0,1.3
202212211815,198.0,0.9
202212211830,92.0,0.4
202212211845,122.0,0.4
202212211900,132.0,0.9
202212211915,81.0,0.4
202212211930,,0.0
202212211945,,0.0
202212212000,,0.0
202212212015,133.0,0.4
202212212045,237.0,0.9
202212212100,,0.0
202212212115,,0.0
202212212130,,0.0
202212212145,,0.0
202212212200,,0.0
202212212230,,0.0
202212212245,,0.0
202212212300,,0.0
202212212315,,0.0
202212212330,,0.0
202212212345,,0.0
202212220000,143.0,0.4
202212220015,,0.0
202212220030,,0.0
202212220045,114.0,0.4
202212220100,,0.0
202212220115,,0.0
202212220130,,0.0
202212220145,,0.0
202212220200,,0.0
202212220215,148.0,0.4
202212220230,233.0,0.4
202212220245,,0.0
202212220300,,0.0
202212220315,,0.0
202212220330,,0.0
202212220346,,0.0
202212220401,,0.0
202212220415,,0.0
202212220430,,0.0
202212220445,,0.0
202212220500,,0.0
202212220515,,0.0
202212220530,,0.0
202212220545,,0.0
202212220600,,0.0
202212220615,,0.0
202212220630,,0.0
202212220645,,0.0
202212220700,,0.0
202212220715,,0.0
202212220730,,0.0
202212220746,,0.0
202212220801,,0.0
202212220815,,0.0
202212220900,,0.0
202212220915,,0.0
202212220930,,0.0
202212220945,,0.0
202212221000,,0.0
202212221015,,0.0
202212221030,,0.0
202212221045,,0.0
202212221100,,0.0
202212221115,,0.0
202212221130,,0.0
202212221145,,0.0
202212221201,160.0,0.9
202212221216,,0.0
202212221230,,0.0
202212221245,,0.0
202212221300,,0.0
202212221315,151.0,0.4
202212221330,,0.0
202212221345,,0.0
202212221415,133.0,0.9
202212221445,162.0,0.4
202212221500,139.0,0.4
202212221516,130.0,0.4
202212221546,131.0,0.4
202212221601,174.0,0.4
202212221616,139.0,0.9
202212221630,146.0,0.4
202212221645,,0.0
202212221700,,0.0
202212221716,131.0,0.4
202212221730,281.0,0.4
202212221745,282.0,0.4
202212221800,262.0,0.9
202212221815,269.0,0.9
202212221830,250.0,0.4
202212221845,146.0,0.4
202212221901,193.0,1.3
202212221915,308.0,0.9
202212221930,278.0,0.4
202212221946,292.0,0.4
202212222001,243.0,0.9
202212222015,184.0,1.3
202212222030,139.0,0.4
202212222045,,0.0
202212222100,217.0,0.4
202212222115,278.0,0.9
202212222130,252.0,0.9
202212222145,,0.0
202212222200,296.0,0.9
202212222215,300.0,0.4
202212222230,,0.0
202212222245,,0.0
202212222300,,0.0
202212222315,165.0,0.4
202212222330,313.0,0.9
202212222345,323.0,1.3
202212230015,160.0,0.9
202212230030,168.0,0.4
202212230046,,0.0
202212230101,281.0,0.4
202212230116,,0.0
202212230131,,0.0
202212230146,,0.0
202212230200,,0.0
202212230215,,0.0
202212230230,,0.0
202212230245,,0.0
202212230300,139.0,0.4
202212230315,126.0,0.9
202212230330,,0.0
202212230345,75.0,0.4
202212230400,94.0,0.9
202212230415,291.0,0.4
202212230445,311.0,1.3
202212230500,306.0,0.9
202212230530,293.0,0.9
202212230545,70.0,1.8
202212230601,268.0,0.9
202212230615,299.0,0.4
202212230630,298.0,1.3
202212230700,233.0,1.3
202212230715,346.0,0.9
202212230730,238.0,0.4
202212230745,,0.0
202212230800,,0.0
202212230815,107.0,2.7
202212230830,286.0,3.1
202212230845,18.0,3.1
202212230900,169.0,2.7
202212230915,15.0,1.3
202212230930,241.0,2.7
202212230946,248.0,1.8
202212231000,257.0,1.8
202212231015,255.0,1.3
202212231030,276.0,2.2
202212231045,224.0,1.8
202212231100,263.0,2.7
202212231115,285.0,2.7
202212231130,255.0,2.7
202212231145,262.0,1.3
202212231201,192.0,0.9
202212231216,105.0,2.2
202212231246,267.0,1.8
202212231300,235.0,1.3
202212231330,107.0,0.4
202212231345,269.0,1.8
202212231400,301.0,1.8
202212231415,30.0,0.4
202212231431,214.0,1.3
202212231446,226.0,3.6
202212231500,194.0,2.2
202212231515,63.0,1.8
202212231530,303.0,1.3
202212231545,148.0,0.9
202212231600,233.0,2.2
202212231615,237.0,2.2
202212231630,153.0,0.9
202212231645,76.0,1.3
202212231700,131.0,0.4
202212231716,141.0,2.2
202212231730,219.0,2.2
202212231745,277.0,3.6
202212231800,94.0,0.9
202212231815,130.0,2.7
202212231830,248.0,5.4
202212231845,287.0,2.2
202212231900,238.0,4.0
202212231916,291.0,1.8
202212231931,304.0,1.8
202212231946,43.0,1.3
202212232000,285.0,4.0
202212232015,126.0,0.9
202212232030,261.0,2.7
202212232045,255.0,2.2
202212232100,354.0,2.2
202212232115,86.0,1.3
202212232130,298.0,0.4
202212232145,262.0,2.7
202212232200,197.0,1.3
202212232215,257.0,0.9
202212232230,,0.0
202212232245,,0.0
202212232300,112.0,0.4
202212232315,108.0,0.4
202212232330,,0.0
202212232345,94.0,0.4
202212240000,252.0,1.8
202212240015,75.0,0.4
202212240030,106.0,0.4
202212240045,271.0,1.3
202212240100,170.0,0.4
202212240115,134.0,0.4
202212240130,103.0,0.4
202212240145,267.0,0.9
202212240200,255.0,1.3
202212240215,122.0,0.9
202212240230,,0.0
202212240245,261.0,0.9
202212240301,252.0,0.9
202212240315,51.0,1.3
202212240330,,0.0
202212240345,142.0,0.4
202212240400,210.0,0.4
202212240430,,0.0
202212240445,,0.0
202212240500,,0.0
202212240515,,0.0
202212240531,92.0,0.9
202212240545,217.0,0.4
202212240600,,0.0
202212240615,166.0,0.9
202212240630,,0.0
202212240645,,0.0
202212240701,97.0,0.4
202212240715,,0.0
202212240745,,0.0
202212240800,,0.0
202212240830,165.0,1.3
202212240846,127.0,0.9
202212240915,342.0,0.9
202212240930,201.0,1.8
202212240945,205.0,0.9
202212241000,142.0,0.4
202212241015,307.0,1.8
202212241030,180.0,1.3
202212241045,82.0,0.4
202212241100,168.0,0.9
202212241116,,0.0
202212241131,246.0,2.2
202212241145,59.0,1.3
202212241200,248.0,0.9
202212241215,230.0,2.7
202212241246,238.0,2.7
202212241301,272.0,4.9
202212241330,290.0,6.3
202212241331,316.0,4.5
202212241345,144.0,4.9
202212241400,260.0,4.0
202212241415,276.0,5.4
202212241500,262.0,5.4
202212241530,232.0,5.4
202212241545,280.0,3.1
202212241601,259.0,4.9
202212241630,276.0,3.6
202212241700,289.0,4.5
202212241730,270.0,4.0
202212241745,248.0,1.8
202212241800,77.0,1.3
202212241815,131.0,2.2
202212241831,210.0,0.9
202212241845,163.0,0.9
202212241900,281.0,2.7
202212241915,180.0,1.8
202212241930,294.0,0.4
202212241945,125.0,1.3
202212242000,175.0,1.8
202212242015,217.0,0.4
202212242030,206.0,1.3
202212242045,217.0,0.4
202212242101,68.0,0.4
202212242115,245.0,0.9
202212242130,22.0,0.4
202212242145,,0.0
202212242200,,0.0
202212242215,,0.0
202212242245,,0.0
202212242300,,0.0
202212242315,,0.0
202212242331,,0.0
202212242345,,0.0
202212250000,132.0,0.4
202212250015,276.0,1.3
202212250030,16.0,1.3
202212250045,319.0,1.3
202212250100,286.0,0.4
202212250115,,0.0
202212250130,27.0,0.9
202212250145,202.0,0.4
202212250200,139.0,0.4
202212250215,,0.0
202212250230,,0.0
202212250245,302.0,0.4
202212250300,285.0,0.4
202212250315,,0.0
202212250330,248.0,1.3
202212250345,293.0,1.8
202212250415,105.0,0.4
202212250430,252.0,2.2
202212250445,296.0,0.9
202212250500,222.0,1.3
202212250530,261.0,0.9
202212250545,,0.0
202212250600,,0.0
202212250615,126.0,1.3
202212250630,160.0,0.9
202212250645,286.0,1.8
202212250700,108.0,1.8
202212250715,209.0,0.9
202212250731,238.0,1.3
202212250745,250.0,2.2
202212250800,112.0,0.9
202212250815,,0.0
202212250830,63.0,0.9
202212250845,219.0,0.4
202212250900,236.0,1.8
202212250915,,0.0
202212250930,136.0,0.4
202212250946,186.0,0.4
202212251001,,0.0
202212251015,,0.0
202212251030,,0.0
202212251045,146.0,0.4
202212251100,240.0,1.3
202212251115,111.0,1.8
202212251130,170.0,1.3
202212251200,134.0,1.3
202212251215,,0.0
202212251230,82.0,0.4
202212251245,115.0,0.4
202212251300,,0.0
202212251315,280.0,0.9
202212251330,245.0,0.4
202212251345,269.0,0.4
202212251400,266.0,0.9
202212251416,121.0,0.9
202212251515,140.0,0.9
202212251530,133.0,2.2
202212251545,112.0,0.9
202212251600,224.0,1.8
202212251615,136.0,1.3
202212251645,250.0,0.9
202212251700,142.0,0.9
202212251716,257.0,0.9
202212251745,30.0,0.9
202212251800,227.0,1.3
202212251815,214.0,1.3
202212251845,93.0,0.9
202212251900,276.0,1.3
202212251915,348.0,1.3
202212251930,,0.0
202212251946,233.0,0.9
202212252000,245.0,0.9
202212252015,305.0,0.9
202212252030,,0.0
202212252045,269.0,1.8
202212252100,271.0,1.3
202212252115,229.0,0.9
202212252130,223.0,0.4
202212252145,,0.0
202212252200,,0.0
202212252215,,0.0
202212252300,,0.0
202212252315,,0.0
202212252330,,0.0
202212252345,145.0,0.4
202212260000,,0.0
202212260015,,0.0
202212260030,,0.0
202212260046,141.0,0.4
202212260101,,0.0
202212260115,119.0,0.9
202212260130,115.0,0.4
202212260145,103.0,0.4
202212260200,278.0,0.9
202212260215,263.0,0.4
202212260230,,0.0
202212260245,,0.0
202212260316,97.0,0.4
202212260331,,0.0
202212260345,268.0,0.4
202212260400,,0.0
202212260415,274.0,0.4
202212260430,,0.0
202212260445,,0.0
202212260500,,0.0
202212260515,,0.0
202212260530,,0.0
202212260546,297.0,0.4
202212260600,,0.0
202212260615,,0.0
202212260630,273.0,0.4
202212260646,262.0,0.4
202212260700,,0.0
202212260715,,0.0
202212260730,,0.0
202212260745,,0.0
202212260800,,0.0
202212260815,,0.0
202212260831,,0.0
202212260845,,0.0
202212260900,251.0,0.9
202212260915,,0.0
202212260930,,0.0
202212260945,,0.0
202212261000,,0.0
202212261015,,0.0
202212261030,,0.0
202212261100,,0.0
202212261116,,0.0
202212261130,,0.0
202212261145,,0.0
202212261200,,0.0
202212261215,,0.0
202212261230,,0.0
202212261245,,0.0
202212261300,,0.0
202212261315,,0.0
202212261330,,0.0
202212261345,,0.0
202212261400,,0.0
202212261415,,0.0
202212261430,,0.0
202212261445,,0.0
202212261500,120.0,0.4
202212261515,,0.0
202212261530,134.0,0.4
202212261601,176.0,0.4
202212261615,150.0,0.9
202212261631,122.0,0.9
202212261645,148.0,0.9
202212261700,147.0,0.9
202212261715,270.0,0.4
202212261730,274.0,0.4
202212261745,152.0,0.9
202212261800,,0.0
202212261815,88.0,0.4
202212261830,167.0,0.4
202212261845,,0.0
202212261900,124.0,0.4
202212261915,,0.0
202212261930,,0.0
202212261945,,0.0
202212262000,208.0,0.4
202212262016,226.0,0.4
202212262030,123.0,0.4
202212262045,,0.0
202212262101,,0.0
202212262115,,0.0
202212262130,,0.0
202212262145,,0.0
202212262200,149.0,0.4
202212262215,,0.0
202212262230,,0.0
202212262245,,0.0
202212262300,,0.0
202212262315,,0.0
202212262330,,0.0
202212262345,205.0,0.4
202212270000,,0.0
202212270016,,0.0
202212270030,,0.0
202212270045,,0.0
202212270100,,0.0
202212270115,,0.0
202212270130,,0.0
202212270145,,0.0
202212270200,,0.0
202212270215,,0.0
202212270230,,0.0
202212270245,,0.0
202212270300,,0.0
202212270315,,0.0
202212270330,,0.0
202212270345,,0.0
202212270400,,0.0
202212270415,,0.0
202212270430,,0.0
202212270445,,0.0
202212270501,,0.0
202212270516,,0.0
202212270530,,0.0
202212270545,,0.0
202212270600,,0.0
202212270615,,0.0
202212270630,,0.0
202212270700,,0.0
202212270730,,0.0
202212270745,,0.0
202212270800,,0.0
202212270815,,0.0
202212270830,,0.0
202212270845,,0.0
202212270900,,0.0
202212270915,,0.0
202212270945,,0.0
202212271000,,0.0
202212271015,,0.0
202212271046,,0.0
202212271100,,0.0
202212271115,,0.0
202212271130,,0.0
202212271200,,0.0
202212271215,,0.0
202212271231,,0.0
202212271245,,0.0
202212271300,,0.0
202212271315,,0.0
202212271330,,0.0
202212271401,,0.0
202212271415,,0.0
202212271430,,0.0
202212271445,,0.0
202212271500,,0.0
202212271515,,0.0
202212271530,,0.0
202212271545,139.0,1.3
202212271546,136.0,1.3
202212271600,137.0,0.9
202212271615,173.0,1.3
202212271630,173.0,1.3
202212271645,184.0,0.9
202212271700,131.0,0.9
202212271715,166.0,0.4
202212271730,159.0,0.9
202212271745,130.0,0.9
202212271800,63.0,0.4
202212271815,136.0,0.4
202212271830,234.0,1.3
202212271845,,0.0
202212271900,117.0,0.9
202212271916,,0.0
202212271931,,0.0
202212271945,,0.0
202212272001,124.0,0.9
202212272015,140.0,0.4
202212272030,270.0,0.9
202212272045,131.0,0.4
202212272100,139.0,1.3
202212272115,255.0,0.9
202212272130,259.0,0.9
202212272145,126.0,0.9
202212272200,,0.0
202212272215,256.0,0.4
202212272230,,0.0
202212272245,,0.0
202212272300,,0.0
202212272315,,0.0
202212272330,,0.0
202212272345,,0.0
202212280000,,0.0
202212280015,,0.0
202212280030,,0.0
202212280045,,0.0
202212280100,,0.0
202212280115,,0.0
202212280145,,0.0
202212280200,,0.0
202212280215,,0.0
202212280230,,0.0
202212280245,,0.0
202212280301,,0.0
202212280330,271.0,0.4
202212280346,,0.0
202212280400,,0.0
202212280415,,0.0
202212280430,,0.0
202212280445,,0.0
202212280500,,0.0
202212280515,,0.0
202212280545,,0.0
202212280600,,0.0
202212280615,,0.0
202212280630,,0.0
202212280645,,0.0
202212280700,,0.0
202212280715,,0.0
202212280730,,0.0
202212280745,,0.0
202212280800,,0.0
202212280815,,0.0
202212280830,,0.0
202212280845,,0.0
202212280900,35.0,0.4
202212280915,,0.0
202212280930,,0.0
202212280945,,0.0
202212281000,233.0,0.4
202212281015,,0.0
202212281030,,0.0
202212281045,,0.0
202212281100,,0.0
202212281115,,0.0
202212281130,,0.0
202212281145,,0.0
202212281200,,0.0
202212281215,,0.0
202212281230,,0.0
202212281245,,0.0
202212281301,,0.0
202212281315,,0.0
202212281330,,0.0
202212281345,,0.0
202212281400,,0.0
202212281416,,0.0
202212281431,,0.0
202212281445,,0.0
202212281500,228.0,0.4
202212281515,192.0,0.4
202212281530,170.0,0.9
202212281600,132.0,0.9
202212281615,169.0,0.4
202212281630,172.0,0.4
202212281645,166.0,0.9
202212281700,115.0,0.4
202212281715,313.0,0.4
202212281730,129.0,1.3
202212281745,231.0,0.9
202212281800,91.0,0.4
202212281815,138.0,0.9
202212281831,228.0,0.9
202212281846,200.0,0.4
202212281900,254.0,0.4
202212281915,260.0,0.9
202212281930,313.0,1.8
202212281945,,0.0
202212282000,257.0,1.3
202212282015,150.0,0.4
202212282045,298.0,0.4
202212282100,,0.0
202212282116,274.0,0.9
202212282130,298.0,0.4
202212282146,278.0,0.4
202212282215,216.0,0.4
202212282245,,0.0
202212282300,,0.0
202212282315,,0.0
202212282330,,0.0
202212282345,,0.0
202212290000,,0.0
202212290015,,0.0
202212290030,,0.0
202212290045,,0.0
202212290100,,0.0
202212290115,,0.0
202212290130,,0.0
202212290200,,0.0
202212290215,,0.0
202212290230,,0.0
202212290300,,0.0
202212290315,,0.0
202212290330,,0.0
202212290345,,0.0
202212290400,,0.0
202212290430,,0.0
202212290445,,0.0
202212290500,,0.0
202212290515,,0.0
202212290530,,0.0
202212290545,,0.0
202212290615,,0.0
202212290630,,0.0
202212290645,,0.0
202212290646,,0.0
202212290700,,0.0
202212290715,,0.0
202212290731,,0.0
202212290745,,0.0
202212290800,,0.0
202212290815,,0.0
202212290830,,0.0
202212290845,,0.0
202212290900,213.0,0.4
202212290915,,0.0
202212290930,220.0,0.4
202212290945,,0.0
202212291000,,0.0
202212291015,,0.0
202212291045,,0.0
202212291100,175.0,0.9
202212291115,266.0,0.9
202212291130,,0.0
202212291145,,0.0
202212291201,,0.0
202212291215,,0.0
202212291230,,0.0
202212291245,,0.0
202212291300,,0.0
202212291315,,0.0
202212291330,288.0,0.4
202212291345,,0.0
202212291400,,0.0
202212291415,,0.0
202212291430,174.0,0.4
202212291445,189.0,0.9
202212291500,,0.0
202212291515,,0.0
202212291530,,0.0
202212291545,,0.0
202212291600,,0.0
202212291615,,0.0
202212291630,76.0,0.4
202212291645,146.0,0.9
202212291700,110.0,0.4
202212291715,162.0,0.4
202212291716,216.0,0.4
202212291730,301.0,0.4
202212291745,72.0,0.9
202212291800,122.0,1.8
202212291815,229.0,0.9
202212291830,230.0,0.4
202212291845,285.0,0.9
202212291900,201.0,0.9
202212291915,231.0,0.4
202212291930,199.0,1.3
202212291945,237.0,0.9
202212292000,160.0,0.4
202212292015,250.0,0.4
202212292030,134.0,0.9
202212292045,169.0,0.4
202212292100,,0.0
202212292115,,0.0
202212292130,,0.0
202212292146,258.0,0.4
202212292201,248.0,1.3
202212292216,,0.0
202212292230,,0.0
202212292245,263.0,0.4
202212292300,,0.0
202212292315,,0.0
202212292330,,0.0
202212292345,,0.0
202212300000,,0.0
202212300015,,0.0
202212300030,,0.0
202212300045,,0.0
202212300100,,0.0
202212300115,,0.0
202212300130,,0.0
202212300145,,0.0
202212300200,,0.0
202212300215,,0.0
202212300230,,0.0
202212300245,,0.0
202212300315,,0.0
202212300330,,0.0
202212300345,,0.0
202212300400,,0.0
202212300415,,0.0
202212300430,,0.0
202212300445,,0.0
202212300515,,0.0
202212300531,,0.0
202212300546,,0.0
202212300600,,0.0
202212300615,,0.0
202212300630,,0.0
202212300645,,0.0
202212300700,,0.0
202212300715,,0.0
202212300730,,0.0
202212300800,,0.0
202212300815,,0.0
202212300830,,0.0
202212300845,,0.0
202212300900,,0.0
202212300915,,0.0
202212300930,,0.0
202212300945,,0.0
202212301001,,0.0
202212301015,,0.0
202212301030,,0.0
202212301046,,0.0
202212301101,,0.0
202212301115,,0.0
202212301130,,0.0
202212301145,,0.0
202212301200,,0.0
202212301215,,0.0
202212301230,,0.0
202212301245,,0.0
202212301300,,0.0
202212301315,,0.0
202212301330,,0.0
202212301345,,0.0
202212301400,,0.0
202212301415,,0.0
202212301430,,0.0
202212301446,,0.0
202212301501,,0.0
202212301515,,0.0
202212301530,,0.0
202212301545,,0.0
202212301600,,0.0
202212301615,,0.0
202212301645,338.0,0.4
202212301700,141.0,0.4
202212301715,,0.0
202212301730,,0.0
202212301745,,0.0
202212301800,,0.0
202212301815,,0.0
202212301830,,0.0
202212301845,140.0,0.4
202212301900,,0.0
202212301915,129.0,0.4
202212301930,,0.0
202212301945,,0.0
202212302000,4.0,0.4
202212302015,,0.0
202212302030,,0.0
202212302045,,0.0
202212302100,,0.0
202212302115,,0.0
202212302130,,0.0
202212302145,271.0,0.4
202212302215,,0.0
202212302230,,0.0
202212302246,,0.0
202212302300,,0.0
202212302315,,0.0
202212302330,,0.0
202212302345,,0.0
202212310000,,0.0
202212310015,283.0,0.4
202212310030,,0.0
202212310046,,0.0
202212310100,,0.0
202212310115,,0.0
202212310130,,0.0
202212310145,,0.0
202212310200,,0.0
202212310215,,0.0
202212310230,,0.0
202212310245,,0.0
202212310300,,0.0
202212310315,,0.0
202212310330,,0.0
202212310345,,0.0
202212310400,,0.0
202212310415,,0.0
202212310430,,0.0
202212310445,,0.0
202212310500,,0.0
202212310515,283.0,1.3
202212310530,,0.0
202212310545,313.0,0.4
202212310600,,0.0
202212310615,,0.0
202212310630,309.0,0.4
202212310646,,0.0
202212310700,324.0,0.4
202212310715,,0.0
202212310730,163.0,0.9
202212310745,,0.0
202212310800,,0.0
202212310815,,0.0
202212310830,,0.0
202212310845,,0.0
202212310900,,0.0
202212310915,63.0,0.4
202212310930,130.0,0.4
202212310945,,0.0
202212311000,67.0,0.4
202212311016,,0.0
202212311030,89.0,0.4
202212311045,,0.0
202212311100,,0.0
202212311115,41.0,0.4
202212311131,301.0,0.4
202212311145,,0.0
202212311201,,0.0
202212311216,91.0,0.4
202212311230,143.0,0.4
202212311245,,0.0
202212311300,,0.0
202212311315,120.0,0.4
202212311330,,0.0
202212311345,,0.0
202212311400,,0.0
202212311416,,0.0
202212311430,,0.0
202212311445,141.0,0.4
202212311500,,0.0
202212311515,,0.0
202212311530,,0.0
202212311545,,0.0
202212311600,325.0,0.9
202212311615,,0.0
202212311630,205.0,0.9
202212311645,,0.0
202212311700,162.0,0.9
202212311715,,0.0
202212311731,,0.0
202212311745,,0.0
202212311800,,0.0
202212311815,,0.0
202212311830,,0.0
202212311845,,0.0
202212311900,,0.0
202212311915,,0.0
202212311930,294.0,0.4
202212312000,,0.0
202212312015,,0.0
202212312030,,0.0
202212312045,,0.0
202212312115,,0.0
202212312130,,0.0
202212312145,,0.0
202212312200,131.0,0.4
202212312215,,0.0
202212312231,,0.0
202212312245,291.0,0.4
202212312300,,0.0
202212312316,,0.0
202212312331,,0.0
202212312345,,0.0
