timestamp string,wind direction,wind speed
202204010133,123.0,1.3
202204010143,103.0,1.8
202204010153,215.0,0.9
202204010203,41.0,6.3
202204010334,96.0,2.7
202204010344,179.0,1.8
202204010354,129.0,1.3
202204010404,119.0,0.4
202204010414,113.0,0.9
202204010423,107.0,0.9
202204010433,148.0,1.3
202204010443,243.0,0.9
202204010453,144.0,1.3
202204010503,127.0,0.9
202204010513,66.0,1.3
202204010522,99.0,0.4
202204010532,134.0,1.8
202204010542,115.0,1.8
202204010552,135.0,0.9
202204010602,150.0,0.4
202204010612,156.0,1.8
202204010622,185.0,0.4
202204010631,22.0,1.3
202204010641,137.0,1.3
202204010651,143.0,1.8
202204010700,107.0,0.9
202204010710,137.0,2.2
202204010720,153.0,1.8
202204010730,125.0,0.9
202204010739,186.0,0.4
202204010749,135.0,0.9
202204010759,141.0,0.9
202204010808,16.0,0.9
202204010818,150.0,0.9
202204010827,89.0,0.9
202204010837,150.0,1.3
202204010847,138.0,2.7
202204010856,43.0,0.9
202204010906,142.0,1.8
202204010916,116.0,1.3
202204010926,148.0,2.2
202204010936,180.0,1.3
202204010945,141.0,0.4
202204010955,118.0,1.3
202204011015,92.0,1.3
202204011025,154.0,1.3
202204011034,76.0,1.8
202204011044,163.0,0.9
202204011053,156.0,3.1
202204011103,88.0,1.8
202204011112,121.0,0.9
202204011122,140.0,1.8
202204011140,130.0,3.1
202204011150,147.0,2.2
202204011200,148.0,2.7
202204011209,322.0,1.8
202204011219,45.0,1.8
202204011229,138.0,2.2
202204011239,91.0,0.9
202204011249,28.0,1.8
202204011259,119.0,1.3
202204011308,70.0,1.3
202204011318,111.0,0.9
202204011327,147.0,0.9
202204011337,103.0,1.8
202204011357,120.0,0.4
202204011407,91.0,1.3
202204011417,162.0,1.8
202204011427,158.0,1.3
202204011436,149.0,1.3
202204011455,,0.0
202204011505,91.0,0.9
202204011523,102.0,1.3
202204011533,153.0,2.7
202204011543,120.0,2.7
202204011553,157.0,3.1
202204011603,25.0,1.3
202204011613,150.0,1.8
202204011622,152.0,2.7
202204011632,131.0,0.9
202204011642,36.0,0.9
202204011651,172.0,1.8
202204011700,141.0,2.7
202204011710,72.0,0.4
202204011719,150.0,1.8
202204011728,33.0,1.8
202204011738,134.0,2.2
202204011748,115.0,5.4
202204011758,11.0,2.2
202204011807,110.0,3.1
202204011816,211.0,2.2
202204011826,161.0,4.0
202204011835,81.0,1.3
202204011844,188.0,1.8
202204011854,18.0,3.1
202204011904,12.0,2.7
202204011913,54.0,0.9
202204011923,191.0,1.8
202204011932,108.0,2.2
202204011942,214.0,3.6
202204011951,175.0,1.8
202204012001,20.0,2.7
202204012011,209.0,3.1
202204012020,23.0,2.2
202204012030,95.0,0.9
202204012040,149.0,1.8
202204012050,231.0,2.2
202204012100,24.0,1.3
202204012110,35.0,1.3
202204012119,79.0,0.9
202204012129,187.0,2.7
202204012139,265.0,0.9
202204012149,5.0,1.8
202204012159,116.0,1.3
202204012208,231.0,1.3
202204012218,178.0,1.3
202204012227,343.0,0.9
202204012237,206.0,0.9
202204012247,152.0,1.3
202204012256,89.0,2.2
202204012306,154.0,0.9
202204012315,124.0,1.3
202204012325,24.0,1.8
202204012335,81.0,1.8
202204012344,84.0,0.4
202204012353,130.0,0.9
202204020003,,0.0
202204020012,,0.0
202204020022,118.0,0.4
202204020031,154.0,0.4
202204020040,152.0,0.4
202204020049,153.0,0.4
202204020109,,0.0
202204020119,153.0,0.4
202204020128,152.0,0.4
202204020138,152.0,0.4
202204020147,154.0,0.9
202204020156,,0.0
202204020206,167.0,0.4
202204020216,167.0,0.4
202204020226,167.0,0.4
202204020235,167.0,0.9
202204021002,,0.0
202204021012,,0.0
202204021022,,0.0
202204021032,,0.0
202204021041,,0.0
202204021050,,0.0
202204021100,,0.0
202204021110,,0.0
202204021119,,0.0
202204021129,,0.0
202204021138,,0.0
202204021148,,0.0
202204021157,,0.0
202204021207,,0.0
202204021216,,0.0
202204021226,,0.0
202204021235,,0.0
202204021244,167.0,0.4
202204021254,167.0,0.4
202204021304,167.0,0.4
202204021313,,0.0
202204021332,,0.0
202204021342,,0.0
202204021352,,0.0
202204021401,165.0,0.4
202204021411,165.0,0.4
202204021421,,0.0
202204021430,165.0,0.4
202204021440,165.0,0.4
202204021449,55.0,0.9
202204021459,,0.0
202204021509,,0.0
202204021519,88.0,0.4
202204021539,194.0,0.9
202204021549,45.0,0.9
202204021559,114.0,0.4
202204021609,185.0,0.9
202204021619,86.0,0.4
202204021629,169.0,0.4
202204021639,32.0,0.4
202204021649,30.0,0.9
202204021659,247.0,1.8
202204021708,26.0,0.4
202204021717,19.0,1.3
202204021727,241.0,1.8
202204021737,181.0,1.3
202204021747,78.0,0.9
202204021757,21.0,0.9
202204021817,,0.0
202204021827,7.0,1.8
202204021836,8.0,1.3
202204021846,113.0,0.9
202204021856,227.0,1.8
202204021906,234.0,2.2
202204021916,97.0,0.9
202204021926,174.0,2.2
202204021936,202.0,2.2
202204021946,338.0,3.6
202204021956,144.0,3.6
202204022006,213.0,1.8
202204022016,136.0,0.9
202204022025,180.0,1.8
202204022035,162.0,4.0
202204022045,102.0,1.3
202204022055,306.0,1.3
202204022104,173.0,2.2
202204022114,167.0,2.7
202204022123,157.0,1.8
202204022133,151.0,1.8
202204022142,151.0,1.3
202204022152,195.0,2.2
202204022202,149.0,0.9
202204022212,327.0,1.8
202204022222,173.0,2.7
202204022232,160.0,0.9
202204022242,118.0,0.9
202204022252,195.0,0.9
202204022301,178.0,0.4
202204022311,123.0,1.3
202204022321,,0.0
202204022341,137.0,0.9
202204022351,134.0,0.4
202204030001,172.0,0.9
202204030011,161.0,0.9
202204030021,145.0,1.3
202204031012,169.0,0.4
202204031022,112.0,0.9
202204031031,100.0,0.9
202204031041,75.0,1.3
202204031051,173.0,1.8
202204031101,121.0,1.8
202204031111,76.0,0.9
202204031120,1.0,2.7
202204031130,135.0,1.3
202204031140,117.0,2.2
202204031150,138.0,1.3
202204031200,168.0,1.8
202204031210,80.0,0.9
202204031220,130.0,1.3
202204031229,1.0,3.1
202204031239,160.0,1.8
202204031248,92.0,1.8
202204031258,90.0,0.9
202204031308,109.0,0.9
202204031318,,0.0
202204031327,192.0,0.9
202204031337,29.0,2.7
202204031347,195.0,1.3
202204031357,36.0,1.8
202204031406,111.0,1.3
202204031416,54.0,0.9
202204031426,159.0,0.4
202204031436,151.0,1.3
202204031446,17.0,0.9
202204031455,75.0,1.3
202204031505,348.0,4.0
202204031515,26.0,1.8
202204031525,44.0,2.7
202204031535,152.0,1.8
202204031544,25.0,2.2
202204031554,105.0,1.3
202204031604,22.0,1.3
202204031613,263.0,2.7
202204031633,164.0,0.9
202204031642,246.0,0.9
202204031652,158.0,1.3
202204031702,251.0,0.9
202204031712,155.0,0.9
202204031721,23.0,3.6
202204031731,230.0,1.8
202204031741,132.0,1.3
202204031751,333.0,0.9
202204031801,14.0,1.3
202204031811,27.0,1.8
202204031821,193.0,1.3
202204031831,25.0,2.2
202204031841,46.0,0.9
202204031851,141.0,0.4
202204031901,19.0,0.9
202204031911,49.0,1.3
202204031921,26.0,1.3
202204031931,105.0,1.8
202204031941,18.0,1.8
202204031951,237.0,2.7
202204032000,156.0,1.8
202204032010,210.0,0.9
202204032020,68.0,1.8
202204032030,67.0,3.1
202204032040,228.0,1.3
202204032050,103.0,1.3
202204032100,38.0,2.7
202204032110,7.0,1.3
202204032119,177.0,2.2
202204032129,162.0,1.3
202204032139,49.0,1.3
202204032149,330.0,1.3
202204032159,202.0,0.9
202204032209,27.0,1.3
202204032219,119.0,1.3
202204032229,41.0,1.8
202204032239,236.0,0.9
202204032249,17.0,0.9
202204032259,140.0,0.4
202204032309,43.0,0.9
202204032319,45.0,0.9
202204032329,310.0,0.9
202204032339,115.0,0.4
202204032349,124.0,0.4
202204032358,94.0,0.4
202204040008,,0.0
202204040018,84.0,0.4
202204040027,,0.0
202204040037,126.0,0.4
202204040046,127.0,0.4
202204040056,,0.0
202204040106,127.0,0.9
202204040116,,0.0
202204040126,141.0,0.4
202204040136,,0.0
202204040146,,0.0
202204040156,131.0,0.9
202204040206,,0.0
202204040215,154.0,0.4
202204040225,138.0,0.4
202204040235,136.0,0.4
202204040245,157.0,0.4
202204040255,157.0,0.4
202204040305,,0.0
202204041003,,0.0
202204041012,,0.0
202204041022,,0.0
202204041032,,0.0
202204041041,143.0,0.4
202204041051,175.0,0.4
202204041101,,0.0
202204041110,,0.0
202204041120,158.0,0.4
202204041129,,0.0
202204041139,,0.0
202204041149,,0.0
202204041158,113.0,0.4
202204041210,,0.0
202204041219,,0.0
202204041229,,0.0
202204041238,118.0,0.4
202204041248,,0.0
202204041258,104.0,0.4
202204041307,114.0,0.4
202204041317,90.0,0.4
202204041327,,0.0
202204041337,,0.0
202204041347,,0.0
202204041356,78.0,0.9
202204041406,,0.0
202204041416,73.0,0.4
202204041426,22.0,0.9
202204041436,25.0,1.3
202204041446,19.0,0.9
202204041455,352.0,1.3
202204041505,31.0,0.9
202204041514,85.0,0.4
202204041523,252.0,0.9
202204041533,48.0,0.9
202204041543,108.0,0.9
202204041553,23.0,1.8
202204041603,86.0,0.4
202204041613,168.0,0.4
202204041623,291.0,1.3
202204041633,300.0,0.9
202204041643,96.0,0.4
202204041653,136.0,1.8
202204041703,241.0,0.4
202204041713,57.0,0.9
202204041723,116.0,1.8
202204041733,80.0,0.9
202204041743,188.0,2.2
202204041753,51.0,0.9
202204041803,140.0,1.3
202204041812,173.0,2.2
202204041822,127.0,2.2
202204041832,149.0,2.7
202204041841,329.0,1.8
202204041851,352.0,0.9
202204041901,0.0,2.7
202204041911,118.0,0.4
202204041921,118.0,0.9
202204041931,98.0,0.9
202204041941,169.0,0.9
202204041951,98.0,1.3
202204042001,173.0,1.3
202204042011,93.0,0.4
202204042021,,0.0
202204042031,145.0,2.7
202204042041,165.0,2.2
202204042051,172.0,0.4
202204042101,40.0,0.9
202204042111,183.0,1.3
202204042121,223.0,1.3
202204042130,188.0,0.9
202204042140,7.0,0.9
202204042150,67.0,0.9
202204042200,137.0,0.4
202204042210,40.0,1.8
202204042219,149.0,0.9
202204042229,143.0,0.9
202204042239,97.0,1.8
202204042249,123.0,1.8
202204042259,54.0,0.9
202204042309,144.0,0.9
202204042319,164.0,0.9
202204042329,143.0,0.9
202204042339,,0.0
202204042349,134.0,0.4
202204042358,,0.0
202204050008,138.0,0.9
202204050017,,0.0
202204050027,,0.0
202204050036,155.0,0.4
202204050046,155.0,0.9
202204050105,156.0,0.4
202204050115,128.0,0.4
202204050125,,0.0
202204050134,149.0,0.9
202204050144,117.0,1.3
202204050154,125.0,0.4
202204050204,144.0,0.9
202204050224,131.0,0.9
202204050234,149.0,0.4
202204050244,,0.0
202204050254,,0.0
202204050304,,0.0
202204050314,,0.0
202204050324,149.0,0.4
202204050334,,0.0
202204050343,,0.0
202204050353,,0.0
202204050403,149.0,0.9
202204050413,149.0,0.9
202204050433,163.0,0.9
202204050442,164.0,0.4
202204050452,146.0,0.4
202204050501,146.0,0.4
202204050511,,0.0
202204050521,,0.0
202204050531,,0.0
202204050541,,0.0
202204050550,,0.0
202204050600,,0.0
202204050610,,0.0
202204050620,,0.0
202204050630,119.0,0.4
202204050640,,0.0
202204050650,,0.0
202204050700,,0.0
202204050709,,0.0
202204050719,,0.0
202204050729,,0.0
202204050738,,0.0
202204050747,,0.0
202204050807,,0.0
202204050817,,0.0
202204050827,,0.0
202204050837,,0.0
202204050847,,0.0
202204050856,,0.0
202204050906,,0.0
202204050916,,0.0
202204050925,,0.0
202204050934,,0.0
202204050954,,0.0
202204051004,,0.0
202204051014,,0.0
202204051023,,0.0
202204051033,,0.0
202204051043,,0.0
202204051053,,0.0
202204051103,,0.0
202204051113,,0.0
202204051122,,0.0
202204051132,,0.0
202204051142,,0.0
202204051152,120.0,0.9
202204051202,119.0,0.4
202204051222,,0.0
202204051232,,0.0
202204051241,,0.0
202204051251,,0.0
202204051301,,0.0
202204051311,119.0,0.4
202204051321,,0.0
202204051330,,0.0
202204051340,,0.0
202204051350,117.0,0.4
202204051400,102.0,0.4
202204051410,101.0,0.4
202204051420,,0.0
202204051430,,0.0
202204051440,101.0,0.4
202204051450,101.0,0.4
202204051500,,0.0
202204051510,101.0,0.4
202204051520,101.0,0.4
202204051529,,0.0
202204051539,100.0,0.9
202204051549,,0.0
202204051559,164.0,0.4
202204051609,90.0,0.4
202204051619,305.0,0.9
202204051629,197.0,0.9
202204051639,161.0,0.9
202204051649,327.0,2.2
202204051659,248.0,1.8
202204051709,144.0,1.3
202204051719,21.0,1.8
202204051729,195.0,0.9
202204051739,157.0,0.4
202204051749,145.0,0.9
202204051759,36.0,1.8
202204051809,41.0,0.9
202204051818,334.0,0.9
202204051828,27.0,1.3
202204051838,146.0,2.2
202204051848,31.0,0.9
202204051858,,0.0
202204051908,41.0,0.9
202204051917,33.0,0.9
202204051927,170.0,1.3
202204051937,101.0,0.4
202204051947,23.0,0.9
202204051957,322.0,0.9
202204052007,31.0,2.7
202204052016,11.0,2.7
202204052026,102.0,0.9
202204052036,0.0,3.1
202204052056,10.0,1.3
202204052106,93.0,0.9
202204052115,191.0,1.3
202204052135,118.0,0.9
202204052145,197.0,0.9
202204052205,169.0,1.8
202204052215,91.0,1.3
202204052235,67.0,0.4
202204052245,11.0,1.3
202204052255,1.0,0.9
202204052305,99.0,0.9
202204052314,84.0,1.8
202204052324,80.0,0.9
202204052333,35.0,0.9
202204052343,358.0,1.8
202204052353,90.0,0.9
202204060003,110.0,1.3
202204060013,62.0,0.4
202204060023,139.0,0.9
202204060033,69.0,0.4
202204060043,134.0,0.4
202204060052,,0.0
202204060102,146.0,0.4
202204060111,145.0,0.9
202204060121,145.0,0.9
202204060131,177.0,0.9
202204060141,138.0,0.4
202204060151,,0.0
202204060201,,0.0
202204060221,112.0,0.9
202204060231,,0.0
202204060241,,0.0
202204060251,131.0,0.4
202204060301,131.0,0.4
202204060310,,0.0
202204060320,132.0,0.4
202204061003,,0.0
202204061013,,0.0
202204061023,,0.0
202204061033,,0.0
202204061043,151.0,0.9
202204061052,151.0,0.9
202204061102,151.0,0.4
202204061112,151.0,0.4
202204061122,,0.0
202204061132,,0.0
202204061142,,0.0
202204061151,,0.0
202204061200,,0.0
202204061210,,0.0
202204061220,,0.0
202204061229,,0.0
202204061239,154.0,0.4
202204061249,,0.0
202204061259,,0.0
202204061309,101.0,1.8
202204061318,131.0,1.3
202204061328,102.0,1.3
202204061338,84.0,0.4
202204061347,,0.0
202204061357,129.0,1.3
202204061407,99.0,0.9
202204061417,166.0,0.4
202204061427,235.0,0.9
202204061437,101.0,1.3
202204061447,,0.0
202204061457,123.0,1.3
202204061506,141.0,0.9
202204061516,151.0,0.4
202204061526,96.0,0.4
202204061536,169.0,0.9
202204061546,297.0,1.3
202204061556,264.0,0.9
202204061606,313.0,2.7
202204061616,186.0,1.3
202204061626,176.0,1.3
202204061636,87.0,0.4
202204061645,87.0,0.4
202204061655,80.0,0.9
202204061705,14.0,0.9
202204061715,271.0,1.3
202204061725,71.0,0.4
202204061735,189.0,0.9
202204061745,74.0,0.4
202204061755,120.0,1.8
202204061805,216.0,1.3
202204061815,273.0,1.3
202204061825,183.0,0.4
202204061834,148.0,1.3
202204061844,189.0,3.1
202204061854,73.0,1.3
202204061914,185.0,0.9
202204061924,181.0,0.9
202204061933,110.0,1.8
202204061943,208.0,0.9
202204061953,146.0,1.3
202204062003,210.0,0.9
202204062013,84.0,1.3
202204062023,263.0,0.9
202204062033,306.0,2.2
202204062043,234.0,1.3
202204062053,125.0,0.4
202204062103,20.0,1.3
202204062113,303.0,2.7
202204062123,234.0,1.3
202204062133,319.0,3.1
202204062143,318.0,1.3
202204062153,188.0,1.3
202204062203,199.0,2.2
202204062212,248.0,1.3
202204062222,62.0,0.4
202204062232,185.0,0.4
202204062251,178.0,0.4
202204062301,263.0,1.3
202204062311,168.0,0.4
202204062321,126.0,0.4
202204062331,143.0,1.3
202204062341,164.0,1.3
202204062351,147.0,1.3
202204070001,161.0,1.3
202204070010,160.0,0.4
202204070020,153.0,0.4
202204070030,273.0,0.9
202204070039,167.0,0.9
202204070049,148.0,1.8
202204070059,64.0,0.9
202204070109,49.0,1.3
202204070119,179.0,0.9
202204070129,145.0,1.3
202204070139,131.0,2.2
202204070159,77.0,2.2
202204070209,147.0,1.8
202204070219,73.0,2.2
202204070229,101.0,2.7
202204070238,72.0,1.8
202204070444,101.0,0.4
202204070454,,0.0
202204070504,,0.0
202204070514,52.0,0.9
202204070524,,0.0
202204070533,,0.0
202204070543,85.0,0.4
202204070553,120.0,0.9
202204070603,5.0,1.3
202204070613,117.0,0.9
202204070623,,0.0
202204070633,,0.0
202204070643,127.0,0.4
202204070652,129.0,0.4
202204070702,123.0,0.4
202204070712,74.0,0.9
202204070722,,0.0
202204070910,,0.0
202204070919,,0.0
202204070929,,0.0
202204070939,,0.0
202204070949,,0.0
202204070958,,0.0
202204071008,,0.0
202204071018,,0.0
202204071028,,0.0
202204071048,,0.0
202204071058,138.0,0.4
202204071108,,0.0
202204071118,138.0,0.4
202204071128,,0.0
202204071138,,0.0
202204071148,,0.0
202204071157,,0.0
202204071207,,0.0
202204071217,139.0,0.4
202204071227,156.0,0.4
202204071237,160.0,0.4
202204071247,163.0,0.9
202204071306,,0.0
202204071316,,0.0
202204071335,105.0,0.4
202204071345,168.0,0.4
202204071355,,0.0
202204071405,165.0,0.4
202204071414,118.0,0.4
202204071424,240.0,1.3
202204071434,336.0,1.3
202204071444,,0.0
202204071454,,0.0
202204071504,165.0,0.9
202204071514,,0.0
202204071524,180.0,1.3
202204071534,192.0,1.3
202204071544,,0.0
202204071553,74.0,0.9
202204071603,343.0,1.8
202204071613,91.0,0.9
202204071623,214.0,1.8
202204071633,141.0,1.8
202204071642,141.0,1.8
202204071652,,0.0
202204071702,70.0,1.8
202204071712,158.0,1.8
202204071722,151.0,2.2
202204071732,353.0,2.2
202204071742,16.0,0.9
202204071802,95.0,2.2
202204071812,25.0,1.3
202204071822,169.0,1.3
202204071832,124.0,2.2
202204071841,87.0,1.3
202204071851,160.0,2.2
202204071901,137.0,4.9
202204071911,109.0,1.8
202204071921,343.0,1.8
202204071931,152.0,2.2
202204071941,348.0,1.3
202204071951,251.0,1.3
202204072001,73.0,2.2
202204072011,43.0,3.1
202204072021,169.0,1.8
202204072031,167.0,1.3
202204072041,147.0,1.8
202204072051,122.0,1.8
202204072100,163.0,2.2
202204072120,209.0,0.4
202204072130,30.0,1.8
202204072140,331.0,1.3
202204072150,177.0,2.7
202204072200,86.0,2.2
202204072210,16.0,1.8
202204072220,171.0,2.2
202204072230,64.0,1.3
202204072239,51.0,0.9
202204072249,144.0,3.1
202204072259,69.0,0.9
202204072309,140.0,1.8
202204072319,108.0,1.3
202204072329,60.0,3.1
202204072339,119.0,0.9
202204072348,151.0,0.9
202204072358,,0.0
202204080007,,0.0
202204080255,,0.0
202204080304,,0.0
202204080314,,0.0
202204080359,169.0,0.4
202204080409,,0.0
202204080418,168.0,0.4
202204080428,,0.0
202204080438,,0.0
202204081002,,0.0
202204081012,,0.0
202204081022,,0.0
202204081042,,0.0
202204081051,,0.0
202204081101,,0.0
202204081111,,0.0
202204081121,,0.0
202204081130,,0.0
202204081140,,0.0
202204081150,,0.0
202204081159,,0.0
202204081209,,0.0
202204081219,,0.0
202204081229,,0.0
202204081239,,0.0
202204081249,,0.0
202204081259,,0.0
202204081309,114.0,0.4
202204081319,,0.0
202204081338,,0.0
202204081348,116.0,0.9
202204081358,257.0,1.3
202204081408,158.0,0.4
202204081418,158.0,0.4
202204081438,265.0,2.2
202204081448,75.0,0.9
202204081458,141.0,0.9
202204081508,209.0,2.7
202204081518,241.0,1.8
202204081527,129.0,5.4
202204081537,185.0,2.7
202204081547,154.0,2.7
202204081557,150.0,3.6
202204081607,283.0,1.8
202204081617,128.0,1.3
202204081627,339.0,1.3
202204081637,298.0,0.4
202204081647,196.0,1.8
202204081657,163.0,0.4
202204081717,98.0,0.4
202204081727,127.0,3.1
202204081737,,0.0
202204081747,177.0,2.2
202204081807,87.0,0.9
202204081817,127.0,1.3
202204081827,193.0,4.0
202204081837,150.0,1.3
202204081846,171.0,0.4
202204081856,126.0,1.8
202204081906,318.0,0.4
202204081916,102.0,2.7
202204081926,179.0,1.3
202204081936,33.0,3.1
202204081945,143.0,2.2
202204081955,18.0,2.7
202204082005,121.0,0.9
202204082025,128.0,0.4
202204082045,249.0,1.3
202204082055,312.0,0.4
202204082114,124.0,1.3
202204082124,111.0,0.9
202204082134,146.0,1.3
202204082144,138.0,1.3
202204082154,90.0,0.4
202204082204,123.0,0.4
202204082214,106.0,0.9
202204082224,149.0,1.8
202204082234,112.0,0.9
202204082244,75.0,0.4
202204082254,,0.0
202204082304,141.0,0.9
202204082314,,0.0
202204082324,156.0,1.3
202204082334,81.0,0.9
202204082344,150.0,1.8
202204082354,158.0,1.8
202204090014,150.0,0.9
202204090024,170.0,0.4
202204090034,,0.0
202204090044,141.0,0.4
202204090054,169.0,1.8
202204090104,141.0,0.9
202204090124,129.0,0.9
202204090134,172.0,1.3
202204090143,106.0,1.8
202204090153,129.0,0.9
202204090203,109.0,0.9
202204090213,118.0,1.8
202204090223,164.0,0.9
202204090232,17.0,0.9
202204090242,183.0,2.7
202204090251,128.0,1.3
202204090301,121.0,2.2
202204090311,136.0,2.7
202204090321,104.0,1.8
202204090331,109.0,0.4
202204090341,171.0,1.8
202204090351,92.0,1.3
202204090401,142.0,1.3
202204090411,115.0,0.9
202204090420,150.0,1.8
202204090429,156.0,1.3
202204090439,88.0,0.9
202204090449,147.0,0.9
202204090459,119.0,1.3
202204090509,142.0,1.3
202204090519,148.0,1.3
202204090529,171.0,0.9
202204090539,129.0,0.9
202204090548,140.0,0.9
202204090558,96.0,0.4
202204090607,170.0,0.4
202204090617,140.0,0.9
202204090626,109.0,0.4
202204090636,152.0,1.8
202204090646,181.0,1.3
202204090656,151.0,1.3
202204091002,130.0,0.9
202204091012,144.0,1.8
202204091021,157.0,0.9
202204091031,,0.0
202204091040,179.0,0.4
202204091100,181.0,1.8
202204091110,107.0,0.9
202204091120,133.0,0.4
202204091129,150.0,1.3
202204091139,138.0,0.9
202204091149,166.0,0.9
202204091159,139.0,0.9
202204091209,,0.0
202204091219,125.0,0.9
202204091229,,0.0
202204091239,137.0,0.4
202204091249,135.0,0.9
202204091258,135.0,0.9
202204091308,113.0,0.4
202204091317,113.0,0.4
202204091327,140.0,1.3
202204091337,140.0,0.4
202204091347,,0.0
202204091357,116.0,0.9
202204091407,182.0,2.2
202204091417,31.0,2.2
202204091448,139.0,1.8
202204091507,161.0,1.3
202204091517,98.0,0.9
202204091527,59.0,2.2
202204091537,46.0,0.9
202204091547,54.0,1.3
202204091557,138.0,3.6
202204091606,139.0,0.9
202204091616,190.0,1.8
202204091625,132.0,3.6
202204091634,348.0,4.0
202204091644,25.0,0.4
202204091654,169.0,3.1
202204091704,158.0,1.8
202204091714,3.0,2.7
202204091724,12.0,2.2
202204091734,176.0,4.0
202204091744,100.0,1.8
202204091754,137.0,1.3
202204091804,17.0,4.9
202204091814,208.0,4.0
202204091824,135.0,0.9
202204091834,126.0,4.9
202204091844,95.0,2.7
202204091854,205.0,1.8
202204091913,60.0,0.9
202204091923,73.0,0.9
202204091933,84.0,1.8
202204091943,35.0,3.1
202204091953,172.0,1.3
202204092003,162.0,1.8
202204092013,134.0,1.8
202204092022,151.0,2.7
202204092032,54.0,4.5
202204092042,61.0,3.6
202204092052,145.0,4.0
202204092101,123.0,2.2
202204092111,109.0,4.0
202204092121,351.0,4.0
202204092130,100.0,0.9
202204092140,132.0,1.8
202204092150,68.0,3.1
202204092200,144.0,4.0
202204092210,105.0,2.2
202204092220,293.0,1.8
202204092230,98.0,1.8
202204092240,168.0,4.5
202204092250,115.0,2.7
202204092300,151.0,0.9
202204092310,354.0,1.3
202204092320,86.0,1.8
202204092330,81.0,2.7
202204092340,170.0,2.7
202204092350,134.0,2.2
202204100000,123.0,1.3
202204100010,36.0,3.6
202204100020,85.0,1.3
202204100029,116.0,1.3
202204100039,95.0,1.8
202204100049,55.0,2.2
202204100058,36.0,1.3
202204100108,168.0,1.3
202204100118,166.0,1.8
202204100128,119.0,0.4
202204100138,13.0,0.4
202204100148,,0.0
202204100158,70.0,1.3
202204100207,93.0,0.4
202204100216,99.0,0.9
202204100226,122.0,0.9
202204100235,135.0,0.9
202204100245,101.0,0.9
202204100303,,0.0
202204100312,101.0,0.9
202204100321,,0.0
202204100331,132.0,0.9
202204100341,156.0,0.9
202204100350,145.0,0.9
202204100400,,0.0
202204100410,,0.0
202204100419,,0.0
202204100428,,0.0
202204100438,,0.0
202204101007,165.0,0.4
202204101016,,0.0
202204101026,,0.0
202204101036,166.0,0.4
202204101045,181.0,0.4
202204101055,,0.0
202204101105,,0.0
202204101114,160.0,0.4
202204101124,,0.0
202204101134,,0.0
202204101143,,0.0
202204101152,,0.0
202204101202,,0.0
202204101212,106.0,0.4
202204101222,,0.0
202204101232,107.0,0.4
202204101242,123.0,0.9
202204101252,133.0,1.3
202204101302,143.0,1.8
202204101312,135.0,0.9
202204101321,75.0,0.9
202204101330,127.0,0.9
202204101350,91.0,0.9
202204101419,112.0,0.9
202204101429,227.0,1.8
202204101438,127.0,0.9
202204101508,146.0,2.2
202204101518,153.0,1.3
202204101528,154.0,1.8
202204101538,39.0,1.3
202204101547,154.0,0.4
202204101556,112.0,0.4
202204101606,16.0,1.3
202204101615,106.0,1.3
202204101624,359.0,1.3
202204101634,98.0,1.3
202204101653,151.0,4.0
202204101703,208.0,2.2
202204101713,143.0,1.8
202204101722,311.0,2.2
202204101732,28.0,2.7
202204101742,206.0,2.7
202204101751,30.0,1.8
202204101800,174.0,0.9
202204101820,125.0,3.1
202204101830,37.0,1.3
202204101840,59.0,1.8
202204101850,9.0,4.0
202204101859,26.0,3.6
202204101909,132.0,1.3
202204101919,160.0,1.8
202204101928,259.0,1.8
202204101937,124.0,0.9
202204101947,160.0,2.7
202204101956,331.0,2.2
202204102006,208.0,2.2
202204102015,59.0,0.9
202204102025,201.0,0.9
202204102034,306.0,1.3
202204102044,79.0,0.9
202204102054,181.0,0.9
202204102103,1.0,2.2
202204102112,260.0,1.3
202204102122,235.0,0.4
202204102132,43.0,0.9
202204102141,338.0,1.3
202204102151,228.0,0.4
202204102210,223.0,0.9
202204102220,248.0,1.3
202204102230,125.0,0.9
202204102240,,0.0
202204102250,173.0,0.9
202204102300,229.0,1.3
202204102309,175.0,0.4
202204102319,160.0,0.4
202204102328,,0.0
202204102338,172.0,0.9
202204102347,,0.0
202204102357,140.0,0.4
202204110007,152.0,0.9
202204110016,152.0,0.9
202204110026,151.0,0.9
202204110045,102.0,0.9
202204110055,146.0,0.4
202204110105,161.0,0.4
202204110115,149.0,0.9
202204110125,169.0,0.9
202204110134,,0.0
202204110144,151.0,0.9
202204110153,161.0,0.9
202204110202,153.0,0.4
202204110212,140.0,0.4
202204110222,141.0,0.4
202204110232,170.0,0.4
202204110241,,0.0
202204110251,,0.0
202204110301,,0.0
202204110311,164.0,0.4
202204110320,164.0,0.4
202204110330,164.0,0.9
202204110340,165.0,0.4
202204110350,,0.0
202204110400,,0.0
202204110410,,0.0
202204110420,,0.0
202204110430,,0.0
202204110439,125.0,0.4
202204110449,,0.0
202204110459,,0.0
202204110508,,0.0
202204110518,,0.0
202204110528,,0.0
202204110538,,0.0
202204110548,150.0,0.4
202204110558,,0.0
202204110608,,0.0
202204110618,,0.0
202204110627,150.0,0.9
202204110636,,0.0
202204110645,,0.0
202204110655,,0.0
202204110705,,0.0
202204110715,,0.0
202204110725,,0.0
202204110734,,0.0
202204111006,,0.0
202204111016,151.0,0.4
202204111026,152.0,0.4
202204111036,,0.0
202204111046,,0.0
202204111106,,0.0
202204111115,,0.0
202204111125,,0.0
202204111135,,0.0
202204111145,,0.0
202204111154,,0.0
202204111204,148.0,0.4
202204111214,,0.0
202204111224,,0.0
202204111234,,0.0
202204111304,142.0,0.4
202204111313,139.0,0.9
202204111323,,0.0
202204111332,110.0,0.4
202204111341,,0.0
202204111351,,0.0
202204111400,155.0,0.4
202204111410,,0.0
202204111419,70.0,0.4
202204111429,36.0,1.3
202204111438,209.0,0.9
202204111447,177.0,0.4
202204111457,107.0,0.9
202204111507,194.0,0.9
202204111517,213.0,0.9
202204111535,18.0,0.9
202204111545,170.0,1.3
202204111555,129.0,0.9
202204111614,112.0,1.8
202204111624,174.0,0.9
202204111634,91.0,0.4
202204111644,144.0,0.9
202204111654,83.0,2.2
202204111703,291.0,1.3
202204111713,113.0,1.8
202204111722,206.0,1.8
202204111732,309.0,4.0
202204111741,104.0,2.2
202204111751,168.0,0.4
202204111801,158.0,2.2
202204111811,253.0,1.3
202204111821,122.0,2.7
202204111831,62.0,0.9
202204111841,132.0,1.8
202204111851,3.0,2.7
202204111900,318.0,1.3
202204111910,138.0,1.3
202204111929,71.0,1.8
202204111948,150.0,0.4
202204111958,121.0,1.3
202204112008,157.0,0.4
202204112018,118.0,0.4
202204112028,23.0,1.3
202204112038,89.0,0.9
202204112048,170.0,1.3
202204112058,182.0,1.3
202204112108,134.0,2.2
202204112118,161.0,2.2
202204112128,144.0,2.7
202204112138,129.0,3.1
202204112157,153.0,0.4
202204112207,176.0,0.4
202204112216,216.0,0.9
202204112225,163.0,0.4
202204112235,157.0,1.3
202204112245,132.0,2.7
202204112254,153.0,0.9
202204112304,141.0,2.2
202204112313,181.0,2.2
202204112323,123.0,1.8
202204112333,153.0,2.2
202204112342,161.0,1.8
202204112352,192.0,0.9
202204120002,,0.0
202204120012,137.0,0.4
202204120022,132.0,0.4
202204120032,135.0,0.4
202204120051,236.0,0.9
202204120101,124.0,1.3
202204120504,152.0,0.9
202204120514,,0.0
202204120524,121.0,0.4
202204120534,154.0,0.4
202204120743,59.0,0.9
202204120753,144.0,0.4
202204120802,150.0,0.4
202204120812,152.0,0.9
202204120822,170.0,0.9
202204120831,124.0,0.4
202204120841,,0.0
202204120900,,0.0
202204120910,152.0,0.4
202204120920,,0.0
202204120929,,0.0
202204120939,153.0,0.4
202204120948,,0.0
202204120958,,0.0
202204121008,,0.0
202204121018,,0.0
202204121027,,0.0
202204121037,153.0,0.9
202204121047,,0.0
202204121107,,0.0
202204121127,,0.0
202204121137,,0.0
202204121147,,0.0
202204121157,,0.0
202204121207,,0.0
202204121217,,0.0
202204121227,,0.0
202204121237,,0.0
202204121246,,0.0
202204121256,169.0,0.4
202204121305,,0.0
202204121315,,0.0
202204121325,,0.0
202204121335,,0.0
202204121345,,0.0
202204121355,350.0,0.4
202204121404,176.0,0.4
202204121414,93.0,0.4
202204121423,,0.0
202204121433,122.0,0.4
202204121443,225.0,1.3
202204121453,155.0,0.9
202204121503,148.0,1.3
202204121513,167.0,0.4
202204121523,176.0,0.9
202204121533,307.0,0.9
202204121543,99.0,0.4
202204121553,61.0,0.4
202204121603,284.0,1.3
202204121612,36.0,0.9
202204121622,120.0,0.9
202204121631,197.0,0.9
202204121641,69.0,0.4
202204121701,97.0,0.9
202204121711,72.0,0.9
202204121721,164.0,0.4
202204121731,290.0,0.9
202204121740,144.0,0.9
202204121750,64.0,0.9
202204121759,187.0,0.4
202204121809,56.0,1.3
202204121819,190.0,0.9
202204121829,64.0,1.3
202204121839,56.0,0.9
202204121849,233.0,0.9
202204121859,259.0,0.9
202204121909,113.0,0.4
202204121919,126.0,0.4
202204121929,201.0,0.9
202204121938,252.0,1.8
202204121947,1.0,2.7
202204121957,340.0,1.8
202204122007,229.0,0.9
202204122017,2.0,1.3
202204122027,281.0,1.3
202204122037,128.0,0.4
202204122046,114.0,0.4
202204122056,301.0,1.3
202204122106,184.0,0.9
202204122116,191.0,0.9
202204122126,160.0,1.3
202204122136,178.0,0.9
202204122145,197.0,0.9
202204122155,346.0,1.3
202204122205,148.0,0.4
202204122214,293.0,1.8
202204122224,150.0,0.9
202204122234,227.0,0.9
202204122244,40.0,1.3
202204122254,201.0,0.9
202204122304,185.0,0.9
202204122314,102.0,0.4
202204122324,68.0,0.9
202204122333,107.0,0.4
202204122343,,0.0
202204122353,,0.0
202204130002,,0.0
202204130012,,0.0
202204130021,,0.0
202204130031,128.0,0.4
202204130041,131.0,0.4
202204130051,,0.0
202204130101,141.0,0.4
202204130111,,0.0
202204130121,,0.0
202204130130,,0.0
202204130140,141.0,0.4
202204130150,,0.0
202204131002,152.0,0.4
202204131012,,0.0
202204131022,,0.0
202204131031,,0.0
202204131041,,0.0
202204131051,,0.0
202204131100,,0.0
202204131120,,0.0
202204131130,,0.0
202204131140,,0.0
202204131150,,0.0
202204131200,,0.0
202204131210,,0.0
202204131219,146.0,0.4
202204131229,,0.0
202204131239,,0.0
202204131249,,0.0
202204131259,146.0,0.4
202204131309,84.0,0.4
202204131319,,0.0
202204131328,,0.0
202204131338,165.0,0.4
202204131348,,0.0
202204131358,,0.0
202204131408,,0.0
202204131417,,0.0
202204131426,,0.0
202204131436,106.0,0.4
202204131446,164.0,0.4
202204131456,57.0,1.3
202204131506,98.0,0.9
202204131516,,0.0
202204131525,,0.0
202204131535,,0.0
202204131545,,0.0
202204131555,137.0,0.4
202204131615,117.0,0.4
202204131624,348.0,1.8
202204131634,290.0,2.7
202204131643,110.0,0.9
202204131653,24.0,1.8
202204131703,202.0,0.9
202204131713,223.0,0.9
202204131723,60.0,0.9
202204131732,211.0,0.9
202204131742,76.0,1.3
202204131752,169.0,2.7
202204131801,169.0,2.7
202204131811,53.0,1.8
202204131821,135.0,0.4
202204131831,192.0,2.2
202204131841,324.0,1.8
202204131851,90.0,0.9
202204131901,104.0,0.9
202204131911,12.0,1.8
202204131921,19.0,1.3
202204131931,219.0,1.3
202204131941,226.0,1.8
202204131951,0.0,0.4
202204132000,153.0,0.9
202204132010,213.0,1.3
202204132020,83.0,1.3
202204132030,221.0,1.3
202204132040,134.0,2.2
202204132050,110.0,2.7
202204132059,102.0,0.9
202204132108,147.0,0.4
202204132118,135.0,0.9
202204132128,213.0,0.9
202204132138,319.0,1.3
202204132148,187.0,0.4
202204132158,131.0,0.4
202204132208,206.0,2.2
202204132217,117.0,0.4
202204132227,127.0,0.9
202204132237,215.0,0.4
202204132247,145.0,0.9
202204132257,160.0,0.9
202204132307,154.0,0.9
202204132316,159.0,0.4
202204132326,193.0,0.4
202204132336,171.0,0.4
202204132346,108.0,0.4
202204140005,135.0,1.3
202204140015,111.0,0.4
202204140024,154.0,0.4
202204140034,66.0,1.3
202204140043,18.0,1.8
202204140053,35.0,0.9
202204140103,126.0,0.9
202204140113,80.0,0.9
202204140122,113.0,0.9
202204140132,203.0,1.3
202204140548,113.0,1.8
202204140558,145.0,1.8
202204140608,111.0,1.3
202204140636,,0.0
202204140646,148.0,0.4
202204140656,,0.0
202204140706,,0.0
202204140855,140.0,0.4
202204140905,167.0,0.4
202204140915,103.0,0.4
202204140925,152.0,1.3
202204140935,175.0,0.9
202204140945,58.0,0.9
202204140955,15.0,1.3
202204141005,264.0,0.9
202204141014,57.0,0.4
202204141024,28.0,1.3
202204141033,137.0,0.4
202204141043,147.0,1.3
202204141053,120.0,0.9
202204141103,127.0,0.9
202204141113,112.0,0.4
202204141123,,0.0
202204141133,159.0,0.4
202204141143,,0.0
202204141152,145.0,0.4
202204141202,178.0,0.4
202204141212,123.0,0.4
202204141222,134.0,0.4
202204141232,134.0,0.9
202204141242,98.0,0.9
202204141251,129.0,1.8
202204141301,147.0,0.9
202204141310,144.0,1.3
202204141320,148.0,1.3
202204141329,132.0,0.9
202204141349,135.0,0.4
202204141359,32.0,4.0
202204141409,114.0,1.8
202204141419,178.0,1.3
202204141429,70.0,0.9
202204141439,77.0,2.2
202204141449,99.0,1.3
202204141458,107.0,3.6
202204141508,110.0,1.3
202204141517,126.0,1.3
202204141527,64.0,1.8
202204141536,120.0,0.9
202204141546,89.0,1.8
202204141556,64.0,1.8
202204141606,143.0,2.2
202204141615,70.0,1.8
202204141624,22.0,1.3
202204141634,41.0,1.8
202204141643,157.0,1.3
202204141653,90.0,1.3
202204141703,,0.0
202204141713,24.0,0.9
202204141723,180.0,1.3
202204141733,,0.0
202204141743,354.0,2.2
202204141753,25.0,0.9
202204141803,84.0,0.4
202204141813,346.0,0.9
202204141823,79.0,0.4
202204141843,282.0,0.9
202204141853,341.0,1.8
202204141902,13.0,2.2
202204141912,337.0,1.8
202204141932,258.0,0.4
202204141942,256.0,1.3
202204141951,290.0,1.3
202204142000,204.0,1.3
202204142010,320.0,0.9
202204142020,257.0,1.8
202204142030,25.0,2.2
202204142040,10.0,0.9
202204142049,32.0,2.2
202204142059,108.0,0.9
202204142108,24.0,1.3
202204142118,237.0,1.3
202204142128,6.0,1.8
202204142138,98.0,1.8
202204151658,143.0,0.9
202204151707,86.0,0.4
202204151717,357.0,1.3
202204151726,294.0,0.9
202204151735,104.0,0.9
202204151745,268.0,1.8
202204151754,231.0,1.8
202204151813,295.0,2.7
202204151823,232.0,1.3
202204151832,110.0,2.7
202204151842,220.0,0.9
202204151851,303.0,1.8
202204151901,68.0,1.3
202204151911,133.0,1.8
202204151921,178.0,1.8
202204151931,125.0,0.9
202204151940,240.0,1.8
202204151950,239.0,1.3
202204152000,122.0,0.9
202204152010,206.0,0.9
202204152020,91.0,1.3
202204152029,300.0,0.4
202204152039,136.0,2.2
202204152048,200.0,1.3
202204152108,222.0,1.8
202204152118,185.0,0.9
202204152127,147.0,0.4
202204152136,,0.0
202204152146,155.0,1.3
202204152156,145.0,0.9
202204152206,229.0,0.9
202204152216,118.0,0.9
202204152226,143.0,0.9
202204152236,135.0,0.4
202204152245,147.0,0.4
202204152255,175.0,1.8
202204152305,140.0,1.3
202204152315,165.0,1.3
202204152325,163.0,1.8
202204152335,,0.0
202204152345,135.0,1.3
202204152354,175.0,0.4
202204160004,141.0,0.9
202204160014,137.0,1.3
202204160032,151.0,0.4
202204160042,,0.0
202204160052,,0.0
202204160102,,0.0
202204160112,150.0,0.9
202204160122,159.0,0.4
202204160606,147.0,0.4
202204160616,,0.0
202204160626,,0.0
202204160635,147.0,0.4
202204160645,147.0,0.9
202204160655,,0.0
202204160704,131.0,0.9
202204160714,,0.0
202204160723,131.0,0.4
202204160733,,0.0
202204160743,,0.0
202204160803,34.0,1.3
202204160813,53.0,0.9
202204160822,113.0,0.4
202204160831,,0.0
202204160841,136.0,0.4
202204160851,157.0,1.3
202204160900,150.0,1.8
202204160910,175.0,4.0
202204160919,213.0,0.9
202204160928,119.0,0.9
202204160938,95.0,0.9
202204160948,74.0,0.9
202204160958,151.0,0.9
202204161007,68.0,0.9
202204161017,47.0,1.3
202204161027,65.0,0.4
202204161037,125.0,1.3
202204161046,183.0,0.9
202204161056,,0.0
202204161105,,0.0
202204161115,68.0,0.4
202204161124,289.0,1.3
202204161134,160.0,0.4
202204161143,207.0,1.3
202204161153,150.0,0.4
202204161213,277.0,0.9
202204161223,138.0,0.9
202204161233,97.0,0.4
202204161242,,0.0
202204161252,,0.0
202204161301,84.0,0.4
202204161311,108.0,2.7
202204161321,188.0,0.4
202204161330,132.0,0.4
202204161340,275.0,2.2
202204161349,46.0,1.3
202204161359,177.0,1.3
202204161428,148.0,1.3
202204161438,179.0,2.2
202204161448,134.0,0.4
202204161457,69.0,0.4
202204161507,150.0,0.4
202204161517,177.0,2.7
202204161527,144.0,3.1
202204161537,167.0,1.3
202204161546,132.0,1.8
202204161556,134.0,1.8
202204161606,10.0,2.2
202204161616,39.0,0.9
202204161626,36.0,1.3
202204161636,185.0,3.1
202204161646,16.0,4.0
202204161656,178.0,2.7
202204161705,156.0,2.2
202204161714,187.0,1.3
202204161723,69.0,4.0
202204161733,234.0,1.3
202204161743,136.0,0.4
202204161752,139.0,3.1
202204161802,143.0,1.3
202204161812,175.0,1.8
202204161822,260.0,1.8
202204161832,159.0,3.1
202204161842,91.0,1.3
202204161900,10.0,1.3
202204161910,168.0,2.7
202204161920,190.0,3.6
202204161929,55.0,0.9
202204161939,162.0,1.8
202204161949,130.0,4.5
202204161958,332.0,0.9
202204162008,153.0,2.7
202204162018,178.0,4.9
202204162028,36.0,2.7
202204162037,143.0,0.4
202204162047,172.0,0.4
202204162057,337.0,1.8
202204162107,163.0,1.8
202204162117,113.0,0.9
202204162127,171.0,1.8
202204162136,9.0,2.2
202204162146,136.0,1.8
202204162155,81.0,1.8
202204162205,58.0,0.9
202204162215,167.0,0.4
202204162225,153.0,1.3
202204162234,111.0,0.9
202204162244,44.0,1.3
202204162253,95.0,1.3
202204162303,155.0,0.4
202204162313,64.0,0.9
202204162323,347.0,1.8
202204162333,104.0,0.9
202204162343,104.0,0.4
202204162352,113.0,0.4
202204170011,125.0,1.3
202204170021,146.0,0.9
202204170031,114.0,0.4
202204170041,77.0,1.3
202204170051,138.0,0.4
202204170101,134.0,1.3
202204170111,126.0,1.3
202204170842,119.0,0.9
202204170852,128.0,0.4
202204170902,124.0,0.9
202204170912,124.0,1.3
202204171001,,0.0
202204171011,,0.0
202204171030,138.0,0.9
202204171039,,0.0
202204171049,61.0,0.4
202204171059,,0.0
202204171108,122.0,0.4
202204171118,,0.0
202204171138,141.0,0.4
202204171148,32.0,0.9
202204171158,,0.0
202204171208,124.0,0.4
202204171218,52.0,0.9
202204171228,99.0,0.4
202204171238,76.0,0.4
202204171248,,0.0
202204171258,114.0,0.9
202204171308,256.0,0.4
202204171318,342.0,1.3
202204171327,59.0,0.4
202204171337,7.0,1.8
202204171347,342.0,1.3
202204171356,21.0,0.4
202204171406,25.0,1.3
202204171416,84.0,1.3
202204171426,328.0,1.8
202204171435,55.0,0.9
202204171445,296.0,3.1
202204171455,296.0,3.1
202204171505,42.0,1.3
202204171515,86.0,0.4
202204171525,29.0,1.3
202204171535,153.0,1.3
202204171554,175.0,0.9
202204171604,62.0,0.9
202204171614,98.0,0.9
202204171634,354.0,1.3
202204171644,339.0,1.8
202204171654,225.0,0.9
202204171704,11.0,1.8
202204171714,359.0,2.7
202204171723,32.0,2.2
202204171733,287.0,0.4
202204171753,211.0,0.9
202204171803,38.0,1.3
202204171813,296.0,1.8
202204171823,164.0,1.3
202204171833,23.0,1.3
202204171843,24.0,1.8
202204171853,340.0,1.8
202204171923,226.0,1.8
202204171932,223.0,0.9
202204171941,66.0,1.3
202204171951,349.0,0.9
202204172001,347.0,1.8
202204172011,69.0,0.9
202204172021,212.0,1.3
202204172031,211.0,1.8
202204172041,19.0,2.2
202204172051,269.0,0.9
202204172101,,0.0
202204172111,32.0,1.3
202204172121,85.0,0.4
202204172131,290.0,0.9
202204172140,327.0,0.4
202204172150,97.0,0.4
202204172200,100.0,0.9
202204172210,137.0,0.9
202204172220,,0.0
202204172230,340.0,0.9
202204172240,,0.0
202204172300,,0.0
202204172310,,0.0
202204172319,115.0,0.4
202204172329,136.0,0.4
202204172339,137.0,0.9
202204172349,146.0,1.3
202204172358,,0.0
202204180008,,0.0
202204180018,124.0,0.4
202204180027,11.0,0.9
202204180037,,0.0
202204190856,93.0,1.8
202204190906,100.0,1.3
202204191001,114.0,0.4
202204191011,95.0,2.7
202204191020,140.0,1.8
202204191030,149.0,1.8
202204191040,141.0,1.3
202204191050,136.0,1.3
202204191100,150.0,0.9
202204191110,,0.0
202204191120,112.0,0.9
202204191130,125.0,0.9
202204191140,102.0,1.8
202204191149,142.0,1.8
202204191159,203.0,1.8
202204191209,42.0,1.3
202204191219,45.0,1.3
202204191229,36.0,1.3
202204191239,23.0,1.3
202204191249,185.0,1.3
202204191259,170.0,1.3
202204191309,177.0,1.3
202204191319,160.0,0.9
202204191328,160.0,0.9
202204191338,131.0,2.7
202204191348,164.0,1.8
202204191358,121.0,2.2
202204191408,149.0,2.2
202204191418,28.0,2.2
202204191428,169.0,1.3
202204191448,21.0,2.2
202204191458,309.0,2.2
202204191508,79.0,1.8
202204191528,126.0,1.3
202204191538,131.0,1.8
202204191548,351.0,3.1
202204191558,276.0,3.1
202204191608,211.0,2.7
202204191618,88.0,0.9
202204191628,21.0,2.7
202204191637,21.0,3.1
202204191647,92.0,0.4
202204191657,43.0,1.8
202204211745,305.0,2.7
202204211755,359.0,2.2
202204211805,233.0,0.9
202204211814,233.0,0.9
202204211824,244.0,2.2
202204211834,150.0,2.7
202204211844,121.0,2.2
202204211853,121.0,2.2
202204211903,135.0,0.9
202204211913,113.0,0.4
202204211923,207.0,0.9
202204211932,353.0,0.9
202204211942,340.0,1.8
202204211952,222.0,1.8
202204212002,214.0,0.9
202204212012,237.0,1.3
202204212022,302.0,2.2
202204212032,316.0,2.2
202204212042,158.0,2.2
202204212052,46.0,0.9
202204212102,231.0,2.2
202204212112,113.0,1.3
202204212122,135.0,1.3
202204212132,81.0,1.8
202204212142,148.0,1.8
202204212152,278.0,1.8
202204212202,91.0,0.4
202204212212,176.0,0.9
202204212222,136.0,0.4
202204212232,162.0,1.3
202204212242,162.0,1.3
202204212252,261.0,0.4
202204212302,102.0,0.4
202204212312,158.0,0.4
202204212321,,0.0
202204212331,129.0,0.4
202204212341,187.0,0.9
202204212351,116.0,0.9
202204220001,112.0,0.4
202204220011,177.0,0.9
202204220021,169.0,0.4
202204220031,173.0,0.4
202204220040,168.0,0.9
202204220050,168.0,0.4
202204220100,173.0,0.9
202204220110,141.0,0.9
202204221002,,0.0
202204221012,110.0,0.4
202204221022,110.0,0.4
202204221032,110.0,0.4
202204221042,,0.0
202204221052,109.0,0.4
202204221102,,0.0
202204221112,,0.0
202204221122,,0.0
202204221132,,0.0
202204221141,,0.0
202204221151,,0.0
202204221201,,0.0
202204221211,,0.0
202204221221,,0.0
202204221241,,0.0
202204221251,,0.0
202204221301,,0.0
202204221311,,0.0
202204221321,,0.0
202204221331,109.0,0.4
202204221341,109.0,0.4
202204221351,,0.0
202204221400,,0.0
202204221410,71.0,0.9
202204221420,,0.0
202204221430,,0.0
202204221440,,0.0
202204221450,113.0,0.4
202204221500,169.0,1.3
202204221510,181.0,0.4
202204221520,240.0,0.9
202204221529,,0.0
202204221549,194.0,1.3
202204221559,36.0,1.8
202204221609,139.0,0.9
202204221628,86.0,0.4
202204221638,284.0,1.3
202204221647,179.0,1.8
202204221657,358.0,2.2
202204221707,47.0,0.9
202204221717,67.0,0.9
202204221727,135.0,0.4
202204221737,98.0,0.4
202204221747,222.0,1.8
202204221757,121.0,0.9
202204221807,147.0,0.9
202204221817,346.0,3.1
202204221826,156.0,0.4
202204221836,261.0,1.3
202204221846,176.0,0.4
202204221856,,0.0
202204221906,165.0,0.4
202204221916,27.0,0.9
202204221925,346.0,1.3
202204221935,208.0,0.4
202204221945,5.0,1.8
202204221955,27.0,1.3
202204222005,145.0,0.4
202204222015,7.0,0.9
202204222025,351.0,1.3
202204222034,351.0,1.3
202204222044,341.0,1.3
202204222054,23.0,1.8
202204222104,168.0,0.9
202204222113,236.0,1.3
202204222123,232.0,0.9
202204222133,40.0,0.9
202204222143,174.0,0.4
202204222153,177.0,0.9
202204222203,165.0,1.3
202204222212,181.0,0.9
202204222222,207.0,0.9
202204222232,136.0,0.9
202204222241,189.0,0.4
202204222251,,0.0
202204222300,161.0,0.4
202204222310,162.0,0.4
202204222319,,0.0
202204222329,,0.0
202204222339,167.0,0.4
202204222349,158.0,0.4
202204222359,,0.0
202204230008,163.0,0.4
202204230018,160.0,1.3
202204230028,162.0,0.4
202204230038,165.0,0.9
202204231002,,0.0
202204231012,,0.0
202204231022,,0.0
202204231031,,0.0
202204231041,,0.0
202204231051,,0.0
202204231101,,0.0
202204231111,,0.0
202204231121,165.0,0.4
202204231131,,0.0
202204231141,,0.0
202204231151,,0.0
202204231201,,0.0
202204231211,,0.0
202204231221,,0.0
202204231230,,0.0
202204231240,,0.0
202204231250,,0.0
202204231300,,0.0
202204231310,,0.0
202204231320,,0.0
202204231329,,0.0
202204231339,80.0,0.4
202204231349,81.0,0.4
202204231359,,0.0
202204231409,100.0,0.4
202204231419,139.0,0.9
202204231429,228.0,1.3
202204231439,183.0,1.8
202204231449,268.0,1.8
202204231459,157.0,0.4
202204231519,174.0,1.3
202204231529,144.0,0.4
202204231539,187.0,0.9
202204231549,300.0,0.9
202204231558,,0.0
202204231608,94.0,0.9
202204231618,143.0,1.8
202204231627,93.0,0.4
202204231637,165.0,0.9
202204231647,171.0,0.9
202204231657,79.0,1.8
202204231707,296.0,1.3
202204231736,182.0,0.9
202204231746,64.0,1.8
202204231756,166.0,1.3
202204231806,70.0,1.3
202204231816,198.0,1.8
202204231826,107.0,0.4
202204231836,327.0,2.7
202204231846,355.0,0.9
202204231855,154.0,1.3
202204231905,169.0,0.4
202204231915,59.0,0.9
202204231925,157.0,2.7
202204231935,210.0,1.8
202204231945,150.0,0.4
202204231955,340.0,1.3
202204232014,255.0,1.3
202204232024,318.0,0.9
202204232034,275.0,1.8
202204232044,354.0,0.9
202204232054,194.0,1.3
202204232104,121.0,0.9
202204232114,273.0,0.9
202204232123,3.0,1.8
202204232133,163.0,0.9
202204232143,320.0,1.8
202204232152,206.0,0.4
202204232202,179.0,1.3
202204232212,,0.0
202204232222,132.0,1.3
202204232232,173.0,0.4
202204232242,151.0,0.4
202204232252,142.0,1.3
202204232301,101.0,0.4
202204232311,102.0,0.9
202204232331,,0.0
202204232341,173.0,0.9
202204232350,155.0,0.4
202204240000,124.0,0.4
202204240010,150.0,0.9
202204240020,150.0,0.4
202204240708,129.0,0.4
202204240718,163.0,0.9
202204240728,124.0,0.4
202204240737,155.0,0.4
202205091744,269.0,0.9
202205091754,155.0,0.4
202205091804,113.0,0.4
202205091814,16.0,0.4
202205091824,299.0,0.4
202205091834,19.0,1.8
202205091844,27.0,0.4
202205091854,230.0,1.3
202205091903,5.0,1.8
202205091913,310.0,1.3
202205091923,168.0,1.3
202205091933,165.0,0.4
202205091942,194.0,0.9
202205091952,309.0,0.9
202205092002,20.0,0.9
202205092012,187.0,1.8
202205092022,203.0,0.9
202205092032,20.0,0.9
202205092052,17.0,0.9
202205092102,181.0,0.4
202205092112,0.0,0.9
202205092122,190.0,0.9
202205092132,185.0,0.9
202205092142,254.0,0.9
202205092152,110.0,0.4
202205092202,156.0,0.4
202205092222,,0.0
202205092232,,0.0
202205092242,,0.0
202205092252,5.0,0.4
202205092302,,0.0
202205092312,,0.0
202205092322,,0.0
202205092332,5.0,0.4
202205092341,5.0,0.4
202205092351,5.0,0.4
202205100001,5.0,0.4
202205100011,,0.0
202205100021,5.0,0.4
202205100031,5.0,0.4
202205100041,5.0,0.4
202205100051,5.0,0.9
202205100101,5.0,0.4
202205100121,,0.0
202205100131,,0.0
202205100141,,0.0
202205100151,5.0,0.4
202205100201,,0.0
202205100211,,0.0
202205100221,,0.0
202205100231,,0.0
202205100241,,0.0
202205100251,,0.0
202205100301,,0.0
202205100310,5.0,0.4
202205100320,,0.0
202205100330,,0.0
202205100340,,0.0
202205100350,,0.0
202205100404,,0.0
202205100414,,0.0
202205100424,,0.0
202205100434,,0.0
202205100444,,0.0
202205100454,,0.0
202205100514,,0.0
202205100524,,0.0
202205100534,,0.0
202205100544,,0.0
202205100554,,0.0
202205100604,,0.0
202205100614,,0.0
202205100624,,0.0
202205100634,,0.0
202205100644,,0.0
202205100704,,0.0
202205100714,5.0,0.4
202205100724,,0.0
202205100743,,0.0
202205100753,,0.0
202205100803,,0.0
202205100813,,0.0
202205100823,,0.0
202205100833,,0.0
202205100843,,0.0
202205100903,,0.0
202205100912,,0.0
202205100922,,0.0
202205100932,,0.0
202205100942,,0.0
202205100952,,0.0
202205101002,,0.0
202205101012,,0.0
202205101022,,0.0
202205101032,,0.0
202205101042,,0.0
202205101052,,0.0
202205101102,,0.0
202205101112,,0.0
202205101121,,0.0
202205101131,,0.0
202205101141,,0.0
202205101151,,0.0
202205101201,,0.0
202205101211,,0.0
202205101221,,0.0
202205101231,,0.0
202205101241,,0.0
202205101251,,0.0
202205101300,,0.0
202205101310,,0.0
202205101320,,0.0
202205101330,,0.0
202205101349,,0.0
202205101359,,0.0
202205101409,,0.0
202205101419,,0.0
202205101429,,0.0
202205101438,,0.0
202205101447,3.0,0.4
202205101457,295.0,0.9
202205101507,3.0,0.4
202205101516,289.0,0.4
202205101536,,0.0
202205101546,23.0,0.4
202205101556,61.0,0.4
202205101606,29.0,0.4
202205101616,73.0,0.4
202205101626,176.0,0.4
202205101636,78.0,0.4
202205101645,,0.0
202205101654,72.0,0.9
202205101704,250.0,0.9
202205101714,45.0,1.3
202205101724,114.0,0.4
202205101734,167.0,0.9
202205101744,134.0,0.4
202205101754,306.0,1.3
202205101804,8.0,0.4
202205101813,231.0,0.9
202205101822,259.0,0.9
202205101832,174.0,1.3
202205101841,98.0,0.4
202205101851,189.0,0.4
202205101901,288.0,0.9
202205101911,12.0,0.9
202205101921,,0.0
202205101930,331.0,0.9
202205101939,217.0,0.4
202205101948,113.0,0.4
202205102008,173.0,0.9
202205102017,52.0,0.4
202205102027,205.0,0.4
202205102036,35.0,0.9
202205102046,193.0,0.9
202205102056,188.0,0.4
202205102105,26.0,1.3
202205102115,305.0,0.9
202205102124,279.0,0.9
202205102134,50.0,0.4
202205102143,307.0,0.4
202205102153,338.0,0.4
202205102203,,0.0
202205102213,288.0,0.4
202205102222,303.0,0.4
202205102232,296.0,0.9
202205102242,160.0,0.9
202205102251,107.0,0.4
202205102310,,0.0
202205102319,,0.0
202205102329,,0.0
202205102338,134.0,0.4
202205102348,152.0,0.4
202205102357,155.0,0.4
202205110006,165.0,0.9
202205110016,165.0,0.4
202205110026,,0.0
202205110035,165.0,0.4
202205110054,,0.0
202205110103,,0.0
202205110113,165.0,0.9
202205110123,,0.0
202205110133,,0.0
202205110142,165.0,0.4
202205110151,,0.0
202205110201,,0.0
202205110211,,0.0
202205110220,,0.0
202205110230,,0.0
202205110239,,0.0
202205110248,,0.0
202205110258,,0.0
202205110308,,0.0
202205110317,,0.0
202205110327,,0.0
202205110336,,0.0
202205110346,,0.0
202205110355,,0.0
202205110404,,0.0
202205110414,,0.0
202205110424,,0.0
202205110434,,0.0
202205110444,,0.0
202205110454,,0.0
202205110504,,0.0
202205110513,,0.0
202205110522,,0.0
202205110531,,0.0
202205110541,,0.0
202205110551,,0.0
202205110601,,0.0
202205110611,,0.0
202205110620,,0.0
202205110630,,0.0
202205110640,,0.0
202205110650,,0.0
202205110720,,0.0
202205110729,,0.0
202205110748,119.0,0.4
202205110758,,0.0
202205110807,,0.0
202205110816,,0.0
202205110825,,0.0
202205110835,,0.0
202205110845,,0.0
202205110854,,0.0
202205110904,,0.0
202205110914,,0.0
202205110923,,0.0
202205110933,,0.0
202205110942,,0.0
202205110952,,0.0
202205111001,,0.0
202205111011,,0.0
202205111020,,0.0
202205111030,,0.0
202205111040,,0.0
202205111049,,0.0
202205111059,,0.0
202205111109,,0.0
202205111118,,0.0
202205111128,,0.0
202205111138,,0.0
202205111148,,0.0
202205111158,,0.0
202205111208,,0.0
202205111217,,0.0
202205111236,,0.0
202205111246,,0.0
202205111256,118.0,0.4
202205111315,118.0,0.4
202205111324,118.0,0.4
202205111333,118.0,0.4
202205111343,118.0,0.4
202205111353,,0.0
202205111402,118.0,0.9
202205111412,118.0,0.4
202205111421,,0.0
202205111431,,0.0
202205111440,114.0,0.4
202205111450,78.0,0.4
202205111508,43.0,0.4
202205111518,168.0,0.4
202205111527,127.0,0.4
202205111537,88.0,0.4
202205111547,178.0,0.9
202205111557,356.0,1.3
202205111616,149.0,0.9
202205111626,,0.0
202205111636,159.0,0.4
202205111646,316.0,0.4
202205111655,163.0,0.4
202205111705,104.0,0.9
202205111714,13.0,1.3
202205111724,339.0,1.3
202205111733,53.0,2.2
202205111743,269.0,0.9
202205111753,170.0,0.4
202205111803,210.0,1.3
202205111813,355.0,1.8
202205111823,251.0,0.9
202205111833,184.0,0.4
202205111843,,0.0
202205111853,13.0,0.9
202205111903,256.0,1.8
202205111912,327.0,1.3
202205111921,165.0,0.9
202205111930,355.0,0.9
202205111940,210.0,1.3
202205111950,352.0,1.3
202205111959,66.0,0.9
202205112009,30.0,1.3
202205112019,325.0,0.9
202205112029,152.0,2.2
202205112039,353.0,0.9
202205112049,180.0,0.9
202205112108,129.0,0.4
202205112118,108.0,1.3
202205112128,352.0,0.9
202205112138,328.0,1.3
202205112147,215.0,1.3
202205112157,,0.0
202205112207,151.0,0.4
202205112216,239.0,1.8
202205112226,292.0,0.4
202205112236,243.0,0.9
202205112246,45.0,0.4
202205112305,93.0,0.9
202205112315,,0.0
202205112325,111.0,0.4
202205112334,,0.0
202205112343,153.0,0.9
202205112353,152.0,0.9
202205120002,153.0,0.9
202205120012,157.0,0.4
202205120021,160.0,0.9
202205120031,,0.0
202205120040,,0.0
202205120049,161.0,0.4
202205120059,163.0,0.9
202205120109,,0.0
202205120118,161.0,0.4
202205120128,,0.0
202205120138,,0.0
202205120147,,0.0
202205120157,163.0,0.4
202205120206,,0.0
202205120216,,0.0
202205120226,,0.0
202205120236,,0.0
202205120246,,0.0
202205120255,,0.0
202205120305,,0.0
202205120314,,0.0
202205120324,,0.0
202205120344,,0.0
202205120354,,0.0
202205120404,,0.0
202205120413,163.0,0.4
202205120422,,0.0
202205120432,,0.0
202205120441,,0.0
202205120451,,0.0
202205120500,,0.0
202205120510,,0.0
202205120520,,0.0
202205120530,,0.0
202205120540,,0.0
202205120549,,0.0
202205120558,,0.0
202205120608,,0.0
202205120617,,0.0
202205120627,,0.0
202205120637,,0.0
202205120647,,0.0
202205120657,,0.0
202205120707,,0.0
202205120717,,0.0
202205120726,,0.0
202205120736,,0.0
202205120746,,0.0
202205120756,,0.0
202205120805,,0.0
202205120815,,0.0
202205120824,,0.0
202205120833,,0.0
202205120842,,0.0
202205120852,,0.0
202205120902,,0.0
202205120911,,0.0
202205120921,,0.0
202205120931,,0.0
202205120940,,0.0
202205120950,,0.0
202205121000,,0.0
202205121010,,0.0
202205121019,,0.0
202205121028,,0.0
202205121048,,0.0
202205121057,,0.0
202205121107,,0.0
202205121116,,0.0
202205121126,,0.0
202205121136,,0.0
202205121146,,0.0
202205121156,,0.0
202205121205,,0.0
202205121215,,0.0
202205121227,,0.0
202205121237,,0.0
202205121246,,0.0
202205121256,,0.0
202205121306,,0.0
202205121316,,0.0
202205121325,,0.0
202205121334,,0.0
202205121344,163.0,0.4
202205121354,163.0,0.4
202205121403,,0.0
202205121413,164.0,0.4
202205121422,159.0,0.4
202205121432,,0.0
202205121441,135.0,0.4
202205121450,104.0,0.4
202205121500,,0.0
202205121510,136.0,0.4
202205121520,106.0,0.4
202205121530,73.0,0.9
202205121540,203.0,0.4
202205121550,156.0,0.4
202205121600,94.0,0.4
202205121610,55.0,1.3
202205121620,103.0,0.4
202205121630,7.0,0.9
202205121639,344.0,0.9
202205121648,61.0,0.9
202205121658,73.0,0.9
202205121707,8.0,0.9
202205121717,5.0,1.8
202205121727,169.0,0.9
202205121736,60.0,1.3
202205121746,207.0,0.9
202205121806,158.0,0.4
202205121816,37.0,0.9
202205121825,27.0,1.8
202205121845,96.0,0.4
202205121855,222.0,0.9
202205121905,,0.0
202205121915,,0.0
202205121925,236.0,0.9
202205121934,112.0,0.4
202205121953,153.0,0.9
202205122002,202.0,0.9
202205122012,219.0,0.9
202205122022,232.0,0.9
202205122031,202.0,0.4
202205122041,53.0,0.4
202205122050,50.0,0.9
202205122100,166.0,0.9
202205122110,,0.0
202205122119,167.0,0.4
202205122128,247.0,1.8
202205122138,,0.0
202205122148,197.0,0.9
202205122158,148.0,0.4
202205122207,171.0,0.9
202205122217,143.0,0.9
202205122227,,0.0
202205122237,203.0,0.4
202205122247,,0.0
202205122257,,0.0
202205122307,117.0,0.9
202205122317,37.0,0.4
202205122327,150.0,0.4
202205122337,,0.0
202205122346,,0.0
202205122355,134.0,0.4
202205130005,,0.0
202205130014,132.0,0.9
202205130023,145.0,0.9
202205130033,147.0,0.9
202205130052,152.0,0.9
202205130101,151.0,0.9
202205130111,150.0,0.9
202205130120,150.0,0.4
202205130129,,0.0
202205130139,,0.0
202205130158,136.0,0.9
202205130208,140.0,0.9
202205130217,,0.0
202205130227,140.0,0.9
202205130237,140.0,0.9
202205130247,140.0,0.9
202205130256,140.0,0.9
202205130306,140.0,0.4
202205130315,146.0,1.3
202205130325,145.0,0.9
202205130335,145.0,0.4
202205130345,145.0,0.9
202205130355,162.0,0.9
202205130405,150.0,0.9
202205130425,128.0,0.9
202205130434,128.0,0.9
202205130443,,0.0
202205130453,139.0,0.9
202205130503,139.0,0.4
202205130513,139.0,0.4
202205130522,,0.0
202205130532,139.0,0.4
202205130541,,0.0
202205130551,140.0,0.4
202205130601,,0.0
202205130610,,0.0
202205130620,,0.0
202205130630,,0.0
202205130640,,0.0
202205130650,,0.0
202205130659,,0.0
202205130709,,0.0
202205130718,139.0,0.4
202205130728,,0.0
202205130738,,0.0
202205130747,,0.0
202205130757,,0.0
202205130807,139.0,0.4
202205130817,,0.0
202205130826,,0.0
202205130836,,0.0
202205130846,,0.0
202205130856,,0.0
202205130906,,0.0
202205130916,,0.0
202205130925,,0.0
202205130934,,0.0
202205130943,139.0,0.4
202205130953,,0.0
202205131002,,0.0
202205131012,,0.0
202205131022,,0.0
202205131032,,0.0
202205131042,,0.0
202205131051,,0.0
202205131101,,0.0
202205131111,,0.0
202205131121,,0.0
202205131131,,0.0
202205131141,,0.0
202205131150,,0.0
202205131209,,0.0
202205131219,,0.0
202205131229,,0.0
202205131238,131.0,0.4
202205131248,130.0,0.4
202205131258,,0.0
202205131307,,0.0
202205131326,,0.0
202205131336,,0.0
202205131346,,0.0
202205131355,158.0,0.9
202205131405,,0.0
202205131425,131.0,0.4
202205131435,114.0,0.4
202205131445,145.0,0.4
202205131454,145.0,0.4
202205131504,,0.0
202205131514,41.0,0.9
202205131533,337.0,0.9
202205131543,270.0,0.9
202205131553,172.0,0.9
202205131603,,0.0
202205131613,,0.0
202205131623,,0.0
202205131642,316.0,1.3
202205131651,8.0,1.3
202205131701,23.0,1.8
202205131711,109.0,0.9
202205131720,29.0,0.9
202205131730,180.0,0.9
202205131740,139.0,0.4
202205131749,47.0,0.9
202205131759,188.0,0.4
202205131808,0.0,0.4
202205131818,,0.0
202205131827,10.0,0.9
202205131837,105.0,0.4
202205131846,275.0,1.3
202205131906,26.0,0.9
202205131916,250.0,0.9
202205131926,265.0,1.3
202205131936,343.0,1.3
202205131946,297.0,1.3
202205131956,124.0,0.4
202205132006,158.0,0.9
202205132015,315.0,0.9
202205132025,75.0,0.9
202205132035,86.0,0.9
202205132044,124.0,0.4
202205132054,129.0,0.4
202205132104,,0.0
202205132113,,0.0
202205132122,,0.0
202205132132,131.0,0.4
202205132142,307.0,0.9
202205132152,111.0,0.9
202205132202,311.0,0.9
202205132212,,0.0
202205132221,,0.0
202205132231,,0.0
202205132240,,0.0
202205132250,,0.0
202205132300,,0.0
202205132310,220.0,0.4
202205132319,,0.0
202205132329,,0.0
202205132339,,0.0
202205132349,,0.0
202205132359,,0.0
202205140009,,0.0
202205140019,,0.0
202205140028,140.0,0.9
202205140038,139.0,0.9
202205140048,141.0,0.9
202205140057,141.0,0.9
202205140106,140.0,0.4
202205140116,,0.0
202205140125,,0.0
202205140134,,0.0
202205140143,,0.0
202205140153,,0.0
202205140202,,0.0
202205140212,,0.0
202205140222,,0.0
202205140232,,0.0
202205140242,,0.0
202205140251,,0.0
202205140301,,0.0
202205140311,,0.0
202205140321,,0.0
202205140330,,0.0
202205140349,140.0,0.9
202205140359,,0.0
202205140409,,0.0
202205140419,,0.0
202205140428,,0.0
202205140438,,0.0
202205140448,,0.0
202205140457,,0.0
202205140507,,0.0
202205140517,,0.0
202205140526,,0.0
202205140536,140.0,0.9
202205140546,,0.0
202205140556,,0.0
202205140606,140.0,0.4
202205140615,140.0,0.9
202205140625,,0.0
202205140634,,0.0
202205140644,,0.0
202205140654,,0.0
202205140704,,0.0
202205140714,,0.0
202205140724,,0.0
202205140733,,0.0
202205140743,,0.0
202205140752,140.0,0.4
202205140802,,0.0
202205140811,,0.0
202205140821,,0.0
202205140831,,0.0
202205140841,,0.0
202205140851,,0.0
202205140901,,0.0
202205140911,,0.0
202205140921,,0.0
202205140931,140.0,0.9
202205140941,,0.0
202205140951,,0.0
202205141000,,0.0
202205141010,,0.0
202205141020,,0.0
202205141030,,0.0
202205141039,,0.0
202205141049,,0.0
202205141058,,0.0
202205141107,,0.0
202205141117,,0.0
202205141126,,0.0
202205141136,,0.0
202205141146,,0.0
202205141155,,0.0
202205141204,,0.0
202205141214,,0.0
202205141224,86.0,0.9
202205141233,329.0,0.4
202205141242,,0.0
202205141251,,0.0
202205141301,80.0,0.9
202205141310,,0.0
202205141319,87.0,0.4
202205141328,,0.0
202205141338,,0.0
202205141348,,0.0
202205141358,,0.0
202205141408,,0.0
202205141418,,0.0
202205141427,118.0,1.3
202205141446,153.0,1.3
202205141456,130.0,0.9
202205141506,173.0,1.3
202205141516,110.0,0.9
202205141526,139.0,0.9
202205141536,137.0,0.9
202205141546,326.0,0.9
202205141556,64.0,1.8
202205141606,58.0,0.4
202205141616,26.0,0.9
202205141625,75.0,0.4
202205141634,242.0,1.3
202205141643,70.0,0.4
202205141653,160.0,0.9
202205141702,18.0,1.8
202205141712,7.0,0.9
202205141721,82.0,0.4
202205141730,64.0,0.9
202205141740,17.0,0.9
202205141750,124.0,1.3
202205141800,70.0,0.9
202205141810,187.0,1.3
202205141820,101.0,0.9
202205141830,135.0,0.4
202205141839,169.0,0.9
202205141848,141.0,0.4
202205141857,142.0,0.9
202205141916,179.0,0.9
202205141926,224.0,0.4
202205141935,164.0,0.4
202205141945,186.0,1.3
202205141955,314.0,0.4
202205142005,348.0,0.9
202205142014,357.0,1.8
202205142024,193.0,1.3
202205142033,72.0,0.4
202205142043,152.0,1.8
202205142052,327.0,1.3
202205142102,181.0,1.3
202205142111,,0.0
202205142121,163.0,0.4
202205142131,,0.0
202205142141,,0.0
202205142150,193.0,0.4
202205142200,,0.0
202205142209,173.0,0.4
202205142219,,0.0
202205142228,154.0,0.4
202205142238,,0.0
202205142247,,0.0
202205142257,,0.0
202205142306,,0.0
202205142316,,0.0
202205142325,155.0,0.4
202205142334,,0.0
202205142344,,0.0
202205142354,,0.0
202205150004,155.0,0.4
202205150014,155.0,0.4
202205150023,155.0,0.9
202205150033,,0.0
202205150042,155.0,0.4
202205150052,155.0,0.4
202205150102,155.0,0.4
202205150112,,0.0
202205150121,,0.0
202205150131,,0.0
202205150141,,0.0
202205150151,155.0,0.4
202205150201,,0.0
202205150210,155.0,0.9
202205150220,155.0,0.4
202205150230,,0.0
202205150240,,0.0
202205150250,,0.0
202205150259,,0.0
202205150309,,0.0
202205150318,,0.0
202205150328,,0.0
202205150338,,0.0
202205150348,155.0,0.4
202205150358,155.0,0.4
202205150408,,0.0
202205150418,155.0,0.4
202205150428,,0.0
202205150438,155.0,0.4
202205150448,,0.0
202205150458,,0.0
202205150508,,0.0
202205150518,,0.0
202205150528,155.0,0.4
202205150538,135.0,0.4
202205150548,135.0,0.9
202205150558,,0.0
202205150608,,0.0
202205150618,,0.0
202205150628,,0.0
202205150638,,0.0
202205150648,,0.0
202205150658,,0.0
202205150708,,0.0
202205150718,,0.0
202205150728,,0.0
202205150738,,0.0
202205150748,,0.0
202205150758,,0.0
202205150808,,0.0
202205150818,,0.0
202205150828,,0.0
202205150838,,0.0
202205150848,,0.0
202205150858,,0.0
202205150908,,0.0
202205150918,,0.0
202205150928,,0.0
202205150938,,0.0
202205150948,,0.0
202205150957,,0.0
202205151007,,0.0
202205151017,,0.0
202205151027,,0.0
202205151037,,0.0
202205151047,,0.0
202205151057,,0.0
202205151107,,0.0
202205151117,,0.0
202205151127,,0.0
202205151137,,0.0
202205151146,,0.0
202205151156,,0.0
202205151206,,0.0
202205151216,,0.0
202205151226,,0.0
202205151235,,0.0
202205151245,,0.0
202205151255,,0.0
202205151305,,0.0
202205151315,,0.0
202205151325,,0.0
202205151335,,0.0
202205151345,,0.0
202205151355,,0.0
202205151405,,0.0
202205151415,,0.0
202205151425,129.0,0.9
202205151435,130.0,0.4
202205151445,,0.0
202205151455,161.0,0.9
202205151504,35.0,0.9
202205151514,,0.0
202205151524,118.0,0.9
202205151533,,0.0
202205151543,,0.0
202205151553,90.0,0.4
202205151603,,0.0
202205151623,25.0,0.4
202205151632,19.0,0.9
202205151642,345.0,0.9
202205151651,126.0,0.9
202205151701,178.0,1.3
202205151710,153.0,0.4
202205151740,98.0,0.9
202205151750,136.0,0.9
202205151810,264.0,0.9
202205151830,188.0,0.9
202205151840,192.0,0.4
202205151900,21.0,0.9
202205151909,122.0,0.4
202205151918,,0.0
202205151928,172.0,0.4
202205151938,248.0,0.4
202205151948,205.0,0.9
202205151958,66.0,0.9
202205152008,,0.0
202205152018,127.0,0.9
202205152028,284.0,0.9
202205152038,,0.0
202205152047,,0.0
202205152057,132.0,0.9
202205152107,133.0,0.4
202205152117,113.0,0.4
202205152127,114.0,0.9
202205152136,117.0,0.9
202205152146,93.0,1.3
202205152156,16.0,1.3
202205152206,176.0,1.3
202205152219,169.0,0.4
202205152229,,0.0
202205152238,,0.0
202205152248,155.0,0.9
202205152258,165.0,0.4
202205152308,141.0,0.9
202205152318,141.0,0.4
202205152328,167.0,0.4
202205152338,,0.0
202205152348,153.0,0.4
202205152358,160.0,0.4
202205160008,,0.0
202205160018,139.0,0.9
202205160028,,0.0
202205160037,149.0,0.4
202205160047,,0.0
202205160057,,0.0
202205160107,,0.0
202205160203,,0.0
202205160213,91.0,0.4
202205160222,91.0,0.4
202205160231,,0.0
202205160241,92.0,0.4
202205160251,,0.0
202205160301,92.0,0.9
202205160311,92.0,0.4
202205160321,,0.0
202205160340,92.0,0.4
202205160350,,0.0
202205160410,,0.0
202205160420,,0.0
202205160440,,0.0
202205160450,,0.0
202205160500,,0.0
202205160510,,0.0
202205160520,,0.0
202205160530,,0.0
202205160539,,0.0
202205160549,,0.0
202205160559,,0.0
202205160608,,0.0
202205160618,,0.0
202205160628,,0.0
202205160638,92.0,0.4
202205160658,,0.0
202205160708,,0.0
202205160718,,0.0
202205160728,,0.0
202205160738,,0.0
202205160748,,0.0
202205160758,,0.0
202205160808,,0.0
202205160818,,0.0
202205160828,,0.0
202205160838,,0.0
202205160848,,0.0
202205160858,,0.0
202205160908,,0.0
202205160918,,0.0
202205160928,,0.0
202205160937,,0.0
202205160947,,0.0
202205161006,,0.0
202205161016,,0.0
202205161026,,0.0
202205161035,,0.0
202205161045,,0.0
202205161054,,0.0
202205161104,,0.0
202205161114,,0.0
202205161124,70.0,1.3
202205161133,,0.0
202205161143,126.0,0.4
202205161152,,0.0
202205161202,138.0,1.3
202205161222,,0.0
202205161232,,0.0
202205161242,,0.0
202205161252,,0.0
202205161302,111.0,0.4
202205161312,,0.0
202205161322,,0.0
202205161332,24.0,0.9
202205161341,,0.0
202205161350,,0.0
202205161359,,0.0
202205161409,119.0,0.4
202205161419,,0.0
202205161429,140.0,0.4
202205161439,111.0,0.9
202205161448,133.0,0.9
202205161458,134.0,1.3
202205161508,135.0,0.9
202205161517,138.0,0.9
202205161527,139.0,0.9
202205161537,126.0,0.9
202205161546,161.0,0.9
202205161556,138.0,1.3
202205161605,155.0,1.3
202205161615,47.0,0.9
202205161625,147.0,0.9
202205161635,146.0,2.7
202205161645,141.0,0.4
202205161655,53.0,2.2
202205161704,125.0,1.8
202205161714,94.0,1.8
202205161724,125.0,1.8
202205161734,41.0,1.8
202205161744,73.0,1.8
202205161754,35.0,1.8
202205161804,74.0,2.2
202205161813,74.0,2.2
202205161823,130.0,2.2
202205161832,20.0,3.6
202205161842,272.0,1.3
202205161852,118.0,0.4
202205161902,262.0,1.3
202205161912,102.0,0.9
202205161922,119.0,0.4
202205161931,121.0,0.9
202205161941,147.0,1.3
202205161951,140.0,0.9
202205162001,163.0,1.3
202205162011,137.0,1.8
202205162021,193.0,1.3
202205162031,133.0,1.8
202205162041,125.0,0.4
202205162050,147.0,1.8
202205162100,139.0,1.3
202205162110,155.0,1.3
202205162120,275.0,1.3
202205162130,216.0,0.9
202205162140,260.0,0.9
202205162150,209.0,0.9
202205162200,123.0,0.9
202205162209,,0.0
202205162219,,0.0
202205162229,145.0,0.4
202205162239,205.0,1.3
202205162249,312.0,0.9
202205162259,267.0,0.9
202205162309,264.0,1.3
202205162319,,0.0
202205162329,118.0,0.4
202205162338,,0.0
202205170236,,0.0
202205170245,,0.0
202205170255,,0.0
202205170305,,0.0
202205170314,,0.0
202205170324,,0.0
202205170334,,0.0
202205170344,,0.0
202205170354,,0.0
202205170404,,0.0
202205170414,,0.0
202205170424,,0.0
202205170434,,0.0
202205170444,,0.0
202205170454,,0.0
202205170504,,0.0
202205170513,,0.0
202205170523,,0.0
202205170533,,0.0
202205170543,,0.0
202205170553,,0.0
202205170603,,0.0
202205170613,,0.0
202205170622,,0.0
202205170632,,0.0
202205170642,,0.0
202205170652,,0.0
202205170702,,0.0
202205170712,,0.0
202205170721,,0.0
202205170731,,0.0
202205170740,,0.0
202205170750,,0.0
202205170800,,0.0
202205170810,,0.0
202205170820,,0.0
202205170830,,0.0
202205170840,,0.0
202205170850,,0.0
202205170900,,0.0
202205170909,,0.0
202205170919,,0.0
202205170929,,0.0
202205170938,,0.0
202205170948,,0.0
202205170957,,0.0
202205171017,,0.0
202205171027,,0.0
202205171037,,0.0
202205171057,,0.0
202205171107,,0.0
202205171117,,0.0
202205171137,,0.0
202205171147,,0.0
202205171157,,0.0
202205171206,,0.0
202205171216,,0.0
202205171226,,0.0
202205171235,,0.0
202205171245,,0.0
202205171255,,0.0
202205171305,,0.0
202205171315,,0.0
202205171325,,0.0
202205171334,,0.0
202205171344,,0.0
202205171354,160.0,0.9
202205171404,108.0,0.9
202205171414,117.0,0.9
202205171423,110.0,0.4
202205171433,150.0,0.9
202205171442,150.0,0.9
202205171452,127.0,1.3
202205171502,127.0,0.9
202205171512,158.0,1.3
202205171532,127.0,2.7
202205171542,111.0,0.9
202205171552,143.0,1.8
202205171602,47.0,0.9
202205171622,86.0,1.3
202205171632,290.0,2.7
202205171642,83.0,0.4
202205171652,107.0,0.4
202205171702,127.0,0.4
202205171712,115.0,1.3
202205171722,91.0,1.3
202205171732,141.0,1.3
202205171741,114.0,1.8
202205171751,47.0,1.8
202205171801,194.0,0.9
202205171810,152.0,1.3
202205171820,95.0,1.3
202205171830,46.0,0.4
202205171839,183.0,0.9
202205171849,158.0,1.3
202205171859,147.0,0.9
202205171908,153.0,1.8
202205171918,45.0,1.3
202205171928,349.0,1.3
202205171938,142.0,1.3
202205171948,13.0,1.8
202205171958,62.0,0.9
202205172008,156.0,1.8
202205172018,166.0,2.2
202205172028,124.0,0.9
202205172038,160.0,1.8
202205172048,168.0,0.9
202205172058,178.0,0.9
202205172108,149.0,1.8
202205172118,207.0,2.2
202205172128,,0.0
202205172138,119.0,1.3
202205172148,194.0,1.8
202205172157,154.0,2.7
202205172207,105.0,0.9
202205172217,68.0,1.3
202205172227,132.0,0.4
202205172237,143.0,0.9
202205172247,107.0,0.4
202205172257,143.0,0.4
202205172307,128.0,0.9
202205172317,,0.0
202205172326,,0.0
202205172336,135.0,0.4
202205172346,146.0,0.4
202205172356,147.0,0.4
202205180006,155.0,0.4
202205180016,156.0,0.4
202205180026,,0.0
202205180036,156.0,0.4
202205180046,157.0,0.4
202205180106,157.0,0.9
202205180116,156.0,0.9
202205180126,,0.0
202205180136,163.0,0.4
202205180146,162.0,0.4
202205180155,162.0,0.4
202205180205,,0.0
202205180215,,0.0
202205180225,,0.0
202205180235,,0.0
202205180245,,0.0
202205180255,,0.0
202205180305,,0.0
202205180315,,0.0
202205180325,,0.0
202205180335,,0.0
202205180344,,0.0
202205180354,,0.0
202205180404,,0.0
202205180414,,0.0
202205180424,,0.0
202205180434,,0.0
202205180443,,0.0
202205180453,,0.0
202205180503,,0.0
202205180513,,0.0
202205180523,,0.0
202205180532,,0.0
202205180542,,0.0
202205180552,,0.0
202205180602,,0.0
202205180612,,0.0
202205180632,,0.0
202205180652,,0.0
202205180702,,0.0
202205180712,,0.0
202205180722,,0.0
202205180732,,0.0
202205180742,,0.0
202205180752,,0.0
202205180802,,0.0
202205191042,,0.0
202205191051,,0.0
202205191101,,0.0
202205191111,,0.0
202205191121,158.0,0.4
202205191131,,0.0
202205191141,,0.0
202205191151,158.0,0.4
202205191201,158.0,0.4
202205191211,,0.0
202205191221,,0.0
202205191231,,0.0
202205191241,,0.0
202205191251,159.0,0.9
202205191301,,0.0
202205191311,158.0,0.9
202205191320,159.0,0.9
202205191330,158.0,0.9
202205191340,,0.0
202205191400,98.0,0.4
202205191410,163.0,0.9
202205191420,129.0,0.9
202205191430,,0.0
202205191440,116.0,1.3
202205191450,115.0,0.9
202205191459,115.0,0.9
202205191509,60.0,0.4
202205191518,52.0,1.8
202205191538,117.0,0.9
202205191548,106.0,0.9
202205191558,93.0,0.9
202205191608,123.0,1.3
202205191618,157.0,2.2
202205191628,47.0,1.3
202205191638,204.0,1.8
202205191650,141.0,1.8
202205191700,112.0,0.4
202205191710,112.0,0.9
202205191720,150.0,0.9
202205191730,155.0,0.9
202205191740,167.0,0.9
202205191750,268.0,0.9
202205191800,142.0,1.3
202205191810,84.0,1.3
202205191820,38.0,1.3
202205191830,87.0,0.4
202205191839,189.0,1.3
202205191849,148.0,0.4
202205191859,175.0,0.9
202205191909,33.0,1.3
202205191919,34.0,1.3
202205191929,77.0,0.9
202205191939,159.0,1.8
202205191948,98.0,0.9
202205191958,94.0,0.9
202205192008,136.0,0.4
202205192018,283.0,0.9
202205192028,175.0,1.3
202205192037,,0.0
202205192047,120.0,0.9
202205192057,166.0,0.9
202205192107,28.0,1.3
202205192117,50.0,0.9
202205192127,138.0,0.9
202205192147,142.0,0.9
202205222100,54.0,2.2
202205222110,145.0,1.3
202205222120,131.0,0.9
202205222130,113.0,0.9
202205222150,95.0,0.9
202205222200,101.0,0.9
202205222210,101.0,0.9
202205222220,234.0,1.8
202205222230,180.0,0.9
202205222239,180.0,0.9
202205222248,323.0,0.9
202205222258,,0.0
202205222318,130.0,0.9
202205222327,,0.0
202205222337,123.0,0.4
202205222347,58.0,0.9
202205222356,100.0,0.4
202205230006,121.0,0.4
202205230016,130.0,0.4
202205230026,,0.0
202205230036,,0.0
202205230046,,0.0
202205230055,96.0,0.9
202205230104,112.0,0.4
202205230114,157.0,0.9
202205230123,140.0,0.4
202205230133,,0.0
202205230143,94.0,0.4
202205230153,140.0,0.4
202205230202,,0.0
202205230212,,0.0
202205230222,,0.0
202205230232,,0.0
202205230242,,0.0
202205230251,,0.0
202205230301,,0.0
202205230320,,0.0
202205230330,,0.0
202205230339,,0.0
202205230349,,0.0
202205230359,,0.0
202205230409,,0.0
202205230419,,0.0
202205230429,,0.0
202205230439,,0.0
202205230448,,0.0
202205230458,,0.0
202205230508,,0.0
202205230518,,0.0
202205230528,,0.0
202205230538,,0.0
202205230548,,0.0
202205230558,,0.0
202205230608,,0.0
202205230618,,0.0
202205230628,,0.0
202205230638,144.0,0.4
202205230648,12.0,0.4
202205230658,,0.0
202205230707,,0.0
202205230717,154.0,0.4
202205230727,97.0,0.4
202205230737,158.0,0.9
202205230747,86.0,0.4
202205230757,136.0,0.4
202205230806,162.0,0.4
202205230816,218.0,1.3
202205230826,159.0,0.4
202205230836,,0.0
202205230845,,0.0
202205230854,,0.0
202205230904,,0.0
202205230914,,0.0
202205230933,,0.0
202205230953,,0.0
202205231003,,0.0
202205231013,162.0,0.9
202205231022,,0.0
202205231032,,0.0
202205231042,,0.0
202205231052,,0.0
202205231102,,0.0
202205231112,178.0,0.4
202205231122,,0.0
202205231132,,0.0
202205231142,,0.0
202205231151,,0.0
202205231201,,0.0
202205231211,74.0,0.4
202205231221,,0.0
202205231231,,0.0
202205231241,,0.0
202205231250,,0.0
202205231300,,0.0
202205231310,,0.0
202205231320,,0.0
202205231329,,0.0
202205231339,88.0,0.4
202205231349,102.0,0.4
202205231359,132.0,0.4
202205231409,,0.0
202205231419,,0.0
202205231429,,0.0
202205231439,,0.0
202205231449,,0.0
202205231458,181.0,0.4
202205231508,,0.0
202205231517,,0.0
202205231527,175.0,0.9
202205231537,,0.0
202205231546,,0.0
202205231555,,0.0
202205231605,164.0,0.4
202205231615,,0.0
202205231625,,0.0
202205231634,,0.0
202205231644,165.0,0.4
202205231654,164.0,0.9
202205231704,165.0,0.4
202205231714,165.0,0.4
202205231724,165.0,0.4
202205231734,,0.0
202205231744,,0.0
202205231803,,0.0
202205231813,,0.0
202205231822,,0.0
202205231831,,0.0
202205231840,,0.0
202205231850,,0.0
202205231859,,0.0
202205231909,116.0,0.4
202205231918,149.0,0.4
202205231928,,0.0
202205231938,89.0,0.4
202205231948,92.0,0.9
202205231957,155.0,0.4
202205232007,,0.0
202205232017,86.0,0.4
202205232027,,0.0
202205232037,94.0,0.4
202205232047,,0.0
202205232057,,0.0
202205232107,,0.0
202205232117,,0.0
202205232126,,0.0
202205232136,,0.0
202205232146,,0.0
202205232156,,0.0
202205232206,,0.0
202205232215,176.0,0.9
202205232225,,0.0
202205232235,173.0,0.4
202205232244,151.0,0.4
202205232254,152.0,0.4
202205232304,,0.0
202205232324,,0.0
202205232334,,0.0
202205232344,175.0,0.9
202205232353,,0.0
202205240003,,0.0
202205240013,,0.0
202205240023,,0.0
202205240033,128.0,0.4
202205240043,,0.0
202205240053,,0.0
202205240103,117.0,0.9
202205240112,358.0,1.8
202205240121,180.0,0.9
202205240131,37.0,1.8
202205240141,,0.0
202205240151,131.0,0.4
202205240201,81.0,0.9
202205240211,,0.0
202205240221,,0.0
202205240233,,0.0
202205240243,,0.0
202205240253,104.0,0.4
202205240303,181.0,0.9
202205240313,77.0,1.3
202205240333,176.0,0.9
202205240343,,0.0
202205240353,157.0,0.4
202205240402,155.0,0.4
202205240412,,0.0
202205240421,148.0,0.4
202205240431,,0.0
202205240441,162.0,0.4
202205240451,,0.0
202205240501,134.0,0.4
202205240511,140.0,0.4
202205240520,,0.0
202205240529,81.0,0.9
202205240539,149.0,0.4
202205240548,107.0,0.4
202205240558,,0.0
202205240608,149.0,0.9
202205240617,115.0,0.4
202205240627,,0.0
202205240636,,0.0
202205240646,,0.0
202205240656,,0.0
202205240706,,0.0
202205240716,86.0,0.4
202205240726,168.0,0.4
202205240736,11.0,0.9
202205240746,322.0,0.9
202205240755,,0.0
202205240805,,0.0
202205240814,164.0,0.4
202205240824,,0.0
202205240834,,0.0
202205240844,,0.0
202205240853,,0.0
202205240903,,0.0
202205240913,79.0,0.4
202205240923,,0.0
202205240933,,0.0
202205240943,95.0,0.4
202205240953,,0.0
202205241003,,0.0
202205241013,,0.0
202205241023,,0.0
202205241032,,0.0
202205241042,,0.0
202205241052,,0.0
202205241101,,0.0
202205241111,,0.0
202205241121,,0.0
202205241130,,0.0
202205241140,,0.0
202205241150,124.0,0.4
202205241200,134.0,0.4
202205241210,89.0,0.4
202205241220,74.0,0.4
202205241230,156.0,0.4
202205241239,,0.0
202205241249,152.0,0.4
202205241259,,0.0
202205241309,,0.0
202205241319,169.0,0.4
202205241328,163.0,0.4
202205241338,122.0,0.4
202205241348,140.0,0.9
202205241357,,0.0
202205241407,75.0,0.4
202205241417,152.0,0.9
202205241437,146.0,0.4
202205241447,,0.0
202205241457,163.0,0.9
202205241507,285.0,0.9
202205241517,,0.0
202205241527,78.0,0.4
202205241537,70.0,0.4
202205241547,68.0,0.9
202205241607,50.0,0.9
202205241617,106.0,0.4
202205241627,53.0,0.4
202205241637,300.0,0.9
202205241657,,0.0
202205241707,,0.0
202205241716,,0.0
202205241735,,0.0
202205241745,97.0,0.4
202205241755,,0.0
202205241805,85.0,0.4
202205241815,,0.0
202205241825,222.0,0.9
202205241835,106.0,0.4
202205241845,155.0,0.4
202205241855,58.0,0.9
202205241904,172.0,0.4
202205241914,,0.0
202205241924,,0.0
202205241934,172.0,0.9
202205241944,87.0,0.4
202205241954,183.0,0.9
202205242004,153.0,0.9
202205242013,153.0,0.9
202205242023,28.0,0.4
202205242033,,0.0
202205242043,,0.0
202205242053,,0.0
202205242103,,0.0
202205242113,,0.0
202205242123,,0.0
202205242133,,0.0
202205242143,302.0,0.4
202205242153,,0.0
202205242203,154.0,0.4
202205242213,145.0,0.4
202205242223,176.0,0.4
202205242233,,0.0
202205242242,,0.0
202205242252,,0.0
202205242301,,0.0
202205242311,,0.0
202205242320,,0.0
202205242330,,0.0
202205242339,,0.0
202205242349,,0.0
202205242359,,0.0
202205250009,,0.0
202205250019,,0.0
202205250029,216.0,0.4
202205250039,,0.0
202205250049,,0.0
202205250059,,0.0
202205250109,,0.0
202205250119,,0.0
202205250129,,0.0
202205250139,,0.0
202205250149,,0.0
202205250159,,0.0
202205250208,,0.0
202205250218,,0.0
202205250228,,0.0
202205250237,216.0,0.4
202205250247,,0.0
202205250257,,0.0
202205250307,,0.0
202205250317,,0.0
202205250327,,0.0
202205250337,,0.0
202205250346,,0.0
202205250356,,0.0
202205250406,,0.0
202205250416,,0.0
202205250426,,0.0
202205250436,,0.0
202205250445,,0.0
202205250455,,0.0
202205250505,,0.0
202205250515,,0.0
202205250534,,0.0
202205250544,,0.0
202205250554,,0.0
202205250603,,0.0
202205250613,,0.0
202205250623,,0.0
202205250633,,0.0
202205250643,,0.0
202205250653,,0.0
202205250702,,0.0
202205250712,,0.0
202205250722,,0.0
202205250731,,0.0
202205250741,,0.0
202205250751,,0.0
202205250801,,0.0
202205250811,,0.0
202205250821,,0.0
202205250831,,0.0
202205250841,,0.0
202205250851,,0.0
202205250900,,0.0
202205250910,,0.0
202205250920,,0.0
202205250930,,0.0
202205250940,,0.0
202205250950,,0.0
202205250959,,0.0
202205251008,,0.0
202205251018,,0.0
202205251028,,0.0
202205251038,,0.0
202205251048,,0.0
202205251058,,0.0
202205251107,,0.0
202205251117,,0.0
202205251127,,0.0
202205251146,,0.0
202205251156,,0.0
202205251206,,0.0
202205251216,,0.0
202205251226,,0.0
202205251236,,0.0
202205251246,,0.0
202205251256,,0.0
202205251306,,0.0
202205251316,,0.0
202205251336,,0.0
202205251356,106.0,0.4
202205251406,106.0,0.4
202205251416,,0.0
202205251426,,0.0
202205251436,,0.0
202205251446,,0.0
202205251456,,0.0
202205251506,72.0,0.4
202205251516,80.0,0.4
202205251526,124.0,0.4
202205251536,71.0,0.9
202205251545,121.0,0.4
202205251555,124.0,0.4
202205251605,192.0,0.9
202205251615,224.0,0.4
202205251625,94.0,0.4
202205251635,134.0,0.4
202205251645,76.0,0.9
202205251655,135.0,0.4
202205251705,147.0,0.4
202205251715,172.0,0.4
202205251725,,0.0
202205251735,208.0,0.4
202205251745,39.0,0.4
202205251755,142.0,0.4
202205251805,105.0,0.4
202205251815,39.0,1.3
202205251825,137.0,0.4
202205251845,323.0,0.9
202205251905,28.0,1.3
202205251915,213.0,1.3
202205251925,222.0,1.3
202205251934,28.0,1.3
202205251944,193.0,0.9
202205251954,257.0,0.9
202205252003,257.0,0.9
202205252013,15.0,1.3
202205252023,3.0,0.9
202205252033,331.0,0.9
202205252043,349.0,2.2
202205252053,184.0,1.8
202205252103,4.0,1.8
202205252123,290.0,1.3
202205252132,,0.0
202205252142,50.0,0.9
202205252152,348.0,0.9
202205252202,53.0,0.9
202205252212,11.0,1.3
202205252222,348.0,0.9
202205252232,,0.0
202205252242,203.0,0.9
202205252252,53.0,0.4
202205252311,,0.0
202205252321,69.0,0.4
202205252331,71.0,0.4
202205252341,,0.0
202205252351,47.0,0.4
202205260001,60.0,0.9
202205260011,345.0,1.3
202205260021,56.0,1.3
202205260031,29.0,0.9
202205260041,141.0,0.4
202205260050,65.0,0.9
202205260100,45.0,0.9
202205260110,128.0,0.4
202205260119,,0.0
202205260129,52.0,0.4
202205260138,62.0,0.9
202205260148,100.0,0.4
202205260158,17.0,1.3
202205260217,68.0,0.4
202205260227,66.0,1.3
202205260237,215.0,0.9
202205260247,63.0,0.4
202205260257,144.0,0.4
202205260307,115.0,0.4
202205260316,96.0,0.4
202205260326,,0.0
202205260346,39.0,0.9
202205260406,,0.0
202205260416,40.0,1.3
202205260426,,0.0
202205260436,123.0,0.4
202205260446,,0.0
202205260456,123.0,0.4
202205260506,,0.0
202205260516,,0.0
202205260526,124.0,0.4
202205260535,,0.0
202205260545,,0.0
202205260555,123.0,0.4
202205260605,124.0,0.9
202205260615,,0.0
202205260625,,0.0
202205260635,,0.0
202205260645,,0.0
202205260655,124.0,0.4
202205260704,,0.0
202205260714,125.0,0.9
202205260724,,0.0
202205260734,,0.0
202205260744,122.0,0.4
202205260754,,0.0
202205260803,,0.0
202205260813,,0.0
202205260823,,0.0
202205260833,,0.0
202205260843,,0.0
202205260853,,0.0
202205260903,,0.0
202205260913,,0.0
202205260923,,0.0
202205260933,,0.0
202205260942,122.0,0.4
202205260952,,0.0
202205261002,,0.0
202205261012,,0.0
202205261022,,0.0
202205261032,123.0,0.9
202205261042,,0.0
202205261052,,0.0
202205261102,,0.0
202205261112,,0.0
202205261121,,0.0
202205261131,123.0,0.4
202205261141,123.0,0.4
202205261151,,0.0
202205261201,125.0,0.4
202205261210,127.0,0.4
202205261220,,0.0
202205261229,,0.0
202205261239,126.0,0.4
202205261249,,0.0
202205261258,127.0,0.9
202205261308,302.0,0.9
202205261318,57.0,0.9
202205261328,58.0,0.4
202205261338,54.0,0.9
202205261348,,0.0
202205261358,32.0,0.9
202205261408,38.0,0.9
202205261418,,0.0
202205261427,353.0,0.9
202205261437,87.0,0.9
202205261447,48.0,1.8
202205261457,26.0,0.9
202205261506,26.0,0.9
202205261516,57.0,0.4
202205261526,79.0,0.4
202205261555,40.0,1.3
202205261605,27.0,0.9
202205261615,326.0,0.9
202205261625,67.0,0.4
202205261635,10.0,0.9
202205261645,245.0,2.2
202205261655,47.0,0.9
202205261705,41.0,1.3
202205261715,52.0,0.4
202205261725,53.0,0.9
202205261735,53.0,0.4
202205261745,318.0,1.3
202205261755,,0.0
202205261805,130.0,0.4
202205261815,128.0,0.4
202205261825,,0.0
202205261835,57.0,0.9
202205261845,77.0,0.9
202205261905,81.0,0.9
202205261915,,0.0
202205261925,45.0,0.9
202205261935,54.0,0.9
202205261945,49.0,0.4
202205261955,,0.0
202205262005,,0.0
202205262035,,0.0
202205262045,,0.0
202205262055,62.0,0.9
202205262104,72.0,0.9
202205262114,54.0,0.9
202205262124,47.0,0.9
202205262134,88.0,0.9
202205262144,,0.0
202205262154,,0.0
202205262204,130.0,0.4
202205262214,,0.0
202205262224,89.0,0.4
202205262234,,0.0
202205262244,148.0,0.4
202205262254,39.0,0.9
202205262303,,0.0
202205262313,63.0,0.4
202205262323,85.0,0.4
202205262333,,0.0
202205262342,68.0,0.9
202205262352,193.0,0.9
202205270002,55.0,0.4
202205270012,,0.0
202205270022,,0.0
202205270032,59.0,0.4
202205270042,,0.0
202205270101,59.0,0.4
202205270111,50.0,0.9
202205270121,42.0,0.4
202205270131,,0.0
202205270140,,0.0
202205270150,42.0,0.9
202205270200,,0.0
202205270210,,0.0
202205270219,,0.0
202205270229,,0.0
202205270239,,0.0
202205270249,191.0,0.4
202205270259,143.0,0.4
202205270309,,0.0
202205270318,,0.0
202205270328,,0.0
202205270338,60.0,0.9
202205270348,100.0,0.4
202205270358,147.0,0.4
202205270408,,0.0
202205270418,,0.0
202205270427,74.0,0.4
202205270437,,0.0
202205270446,,0.0
202205270456,,0.0
202205270506,,0.0
202205270516,,0.0
202205270526,,0.0
202205270536,,0.0
202205270546,,0.0
202205270556,,0.0
202205270605,133.0,0.9
202205270614,,0.0
202205270624,,0.0
202205270634,,0.0
202205270644,,0.0
202205270654,,0.0
202205270704,,0.0
202205270714,,0.0
202205270724,45.0,0.9
202205270734,36.0,1.3
202205270744,152.0,1.3
202205270754,95.0,0.4
202205270804,118.0,0.9
202205270814,115.0,0.4
202205270824,,0.0
202205270834,,0.0
202205270853,,0.0
202205270903,103.0,0.4
202205270923,,0.0
202205270933,,0.0
202205270943,,0.0
202205270953,,0.0
202205271002,103.0,0.4
202205271012,129.0,0.4
202205271021,,0.0
202205271031,128.0,0.4
202205271041,,0.0
202205271051,115.0,0.4
202205271100,,0.0
202205271110,,0.0
202205271119,,0.0
202205271139,,0.0
202205271149,,0.0
202205271159,,0.0
202205271209,,0.0
202205271219,115.0,0.4
202205271249,115.0,0.4
202205271259,,0.0
202205271319,,0.0
202205271329,,0.0
202205271339,191.0,0.4
202205271348,191.0,0.4
202205271358,92.0,0.4
202205271407,103.0,0.4
202205271417,122.0,0.4
202205271427,74.0,0.9
202205271437,341.0,1.3
202205271447,,0.0
202205271457,,0.0
202205271507,100.0,0.4
202205271517,,0.0
202205271527,,0.0
202205271536,,0.0
202205271546,122.0,0.9
202205271555,171.0,1.3
202205271605,,0.0
202205271615,104.0,0.4
202205271625,,0.0
202205271634,,0.0
202205271644,76.0,0.9
202205271654,124.0,0.4
202205271704,,0.0
202205271713,100.0,0.4
202205271723,,0.0
202205271732,65.0,0.4
202205271742,,0.0
202205271752,58.0,0.9
202205271802,4.0,0.9
202205271812,58.0,0.9
202205271822,29.0,0.4
202205271832,180.0,0.4
202205271842,127.0,0.4
202205271852,163.0,0.4
202205271902,173.0,1.3
202205271912,157.0,0.4
202205271922,65.0,0.9
202205271932,147.0,1.3
202205271942,71.0,0.9
202205271952,81.0,0.9
202205272002,108.0,1.3
202205272012,61.0,0.9
202205272022,97.0,0.9
202205272032,160.0,0.9
202205272042,132.0,0.9
202205272051,168.0,0.9
202205272101,130.0,0.9
202205272111,166.0,0.9
202205272121,126.0,0.9
202205272131,194.0,0.4
202205272141,,0.0
202205272151,156.0,1.3
202205272201,153.0,1.3
202205272211,130.0,0.9
202205272221,,0.0
202205272230,143.0,0.9
202205272240,130.0,0.4
202205272249,347.0,1.3
202205272259,125.0,0.4
202205272309,131.0,0.4
202205272319,145.0,0.4
202205272329,144.0,1.8
202205272339,115.0,1.3
202205272349,130.0,0.9
202205272358,130.0,0.9
202205280008,131.0,0.4
202205280017,143.0,1.8
202205280027,155.0,1.3
202205280037,144.0,1.3
202205280046,136.0,1.8
202205280056,132.0,0.9
202205280106,,0.0
202205280116,,0.0
202205280126,143.0,1.3
202205280136,148.0,0.9
202205280146,125.0,0.9
202205280156,147.0,1.3
202205280205,147.0,1.3
202205280215,141.0,0.4
202205280234,,0.0
202205280244,153.0,0.4
202205280254,,0.0
202205280304,,0.0
202205280314,161.0,0.4
202205280324,,0.0
202205280334,,0.0
202205280344,,0.0
202205280354,,0.0
202205280404,164.0,0.4
202205280414,164.0,0.4
202205280424,164.0,0.9
202205280434,168.0,0.4
202205280454,,0.0
202205280504,,0.0
202205280514,168.0,0.4
202205280524,,0.0
202205280533,,0.0
202205280553,,0.0
202205280602,,0.0
202205280612,,0.0
202205280622,,0.0
202205280632,,0.0
202205280642,,0.0
202205280651,,0.0
202205280701,,0.0
202205280711,,0.0
202205280720,,0.0
202205280730,,0.0
202205280740,,0.0
202205280750,,0.0
202205280800,,0.0
202205280809,,0.0
202205280819,,0.0
202205280829,,0.0
202205280839,,0.0
202205280849,,0.0
202205280859,,0.0
202205280909,,0.0
202205280919,,0.0
202205280928,,0.0
202205280938,,0.0
202205280948,,0.0
202205280958,,0.0
202205281008,,0.0
202205281017,,0.0
202205281027,,0.0
202205281037,,0.0
202205281047,,0.0
202205281057,168.0,0.4
202205281107,168.0,0.4
202205281117,,0.0
202205281127,,0.0
202205281137,,0.0
202205281147,,0.0
202205281157,,0.0
202205281207,168.0,0.4
202205281217,168.0,0.4
202205281227,,0.0
202205281237,,0.0
202205281247,139.0,0.9
202205281257,130.0,0.4
202205281317,120.0,0.4
202205281326,156.0,0.4
202205281336,123.0,0.4
202205281345,87.0,0.9
202205281355,,0.0
202205281404,,0.0
202205281413,,0.0
202205281423,,0.0
202205281433,140.0,0.9
202205281443,99.0,0.9
202205281453,125.0,0.9
202205281512,141.0,0.4
202205281522,121.0,0.4
202205281532,158.0,0.4
202205281542,277.0,0.4
202205281552,145.0,0.9
202205281601,69.0,0.4
202205281611,54.0,0.9
202205281621,178.0,1.8
202205281631,106.0,0.4
202205281641,137.0,0.9
202205281650,61.0,0.4
202205281659,61.0,0.4
202205281709,,0.0
202205281718,154.0,0.4
202205281728,341.0,0.9
202205281738,42.0,0.9
202205281748,286.0,1.3
202205281757,141.0,0.4
202205281807,147.0,0.4
202205281817,90.0,0.9
202205281827,153.0,0.9
202205281837,150.0,0.9
202205281846,197.0,0.4
202205281856,261.0,0.9
202205281905,,0.0
202205281915,,0.0
202205281924,128.0,0.4
202205281934,348.0,1.3
202205281944,48.0,0.9
202205281954,273.0,0.4
202205282004,273.0,0.4
202205282014,120.0,0.4
202205282023,,0.0
202205282033,,0.0
202205282043,191.0,0.4
202205282052,61.0,0.4
202205282102,,0.0
202205282122,110.0,0.4
202205282132,164.0,0.9
202205282142,,0.0
202205282152,26.0,0.9
202205282201,,0.0
202205282211,175.0,0.4
202205282221,187.0,0.9
202205282231,345.0,0.9
202205282241,183.0,0.4
202205282251,338.0,1.3
202205282300,193.0,0.9
202205282310,,0.0
202205282320,153.0,0.4
202205282340,,0.0
202205282350,,0.0
202205290000,,0.0
202205290010,,0.0
202205290020,,0.0
202205290030,,0.0
202205290039,,0.0
202205290049,,0.0
202205290058,,0.0
202205290108,,0.0
202205290118,153.0,0.4
202205290127,153.0,0.4
202205290137,,0.0
202205290147,,0.0
202205290157,,0.0
202205290217,,0.0
202205290227,,0.0
202205290237,,0.0
202205290257,,0.0
202205290307,,0.0
202205290317,,0.0
202205290326,,0.0
202205290336,,0.0
202205290346,,0.0
202205290356,,0.0
202205290406,,0.0
202205290415,,0.0
202205290425,,0.0
202205290435,,0.0
202205290445,,0.0
202205290455,,0.0
202205290504,,0.0
202205290514,,0.0
202205290524,,0.0
202205290534,,0.0
202205290544,,0.0
202205290554,,0.0
202205290604,,0.0
202205290614,,0.0
202205290624,,0.0
202205290634,,0.0
202205290644,,0.0
202205290654,,0.0
202205290704,,0.0
202205290713,,0.0
202205290723,,0.0
202205290733,,0.0
202205290743,,0.0
202205290753,,0.0
202205290803,,0.0
202205290813,,0.0
202205290823,,0.0
202205290832,,0.0
202205290842,,0.0
202205290851,,0.0
202205290901,,0.0
202205290911,,0.0
202205290921,,0.0
202205290931,,0.0
202205290941,,0.0
202205290950,,0.0
202205291000,,0.0
202205291010,,0.0
202205291020,,0.0
202205291040,,0.0
202205291050,,0.0
202205291100,,0.0
202205291109,,0.0
202205291119,,0.0
202205291129,,0.0
202205291139,153.0,0.4
202205291158,,0.0
202205291208,153.0,0.4
202205291217,,0.0
202205291227,108.0,0.4
202205291236,108.0,0.4
202205291246,,0.0
202205291256,,0.0
202205291306,,0.0
202205291316,108.0,0.4
202205291326,,0.0
202205291335,108.0,0.4
202205291345,108.0,0.4
202205291355,108.0,0.9
202205291405,,0.0
202205291415,,0.0
202205291425,,0.0
202205291434,94.0,0.4
202205291444,,0.0
202205291453,,0.0
202205291513,100.0,0.4
202205291522,352.0,0.9
202205291532,61.0,0.9
202205291542,104.0,0.4
202205291551,,0.0
202205291601,54.0,0.9
202205291611,68.0,0.4
202205291621,,0.0
202205291630,312.0,0.9
202205291650,291.0,0.4
202205291700,197.0,0.9
202205291709,220.0,0.9
202205291719,167.0,0.9
202205291729,346.0,0.9
202205291739,90.0,0.9
202205291748,178.0,0.4
202205291757,168.0,0.9
202205291807,,0.0
202205291817,128.0,0.9
202205291826,297.0,0.9
202205291836,,0.0
202205291845,181.0,0.9
202205291855,161.0,0.4
202205291904,255.0,0.9
202205291913,,0.0
202205291923,175.0,1.3
202205291933,,0.0
202205291943,106.0,0.4
202205291953,354.0,0.9
202205292002,314.0,0.9
202205292012,126.0,0.4
202205292022,183.0,0.4
202205292031,185.0,0.4
202205292041,139.0,0.4
202205292051,194.0,0.9
202205292100,232.0,0.9
202205292109,331.0,1.3
202205292118,183.0,0.4
202205292127,187.0,0.9
202205292146,91.0,0.4
202205292156,176.0,0.4
202205292206,,0.0
202205292216,7.0,0.9
202205292226,178.0,0.4
202205292236,,0.0
202205292246,,0.0
202205292255,,0.0
202205292305,,0.0
202205292314,,0.0
202205292324,,0.0
202205292342,,0.0
202205292352,179.0,0.4
202205300002,179.0,0.4
202205300012,179.0,0.4
202205300021,179.0,0.4
202205300031,,0.0
202205300041,,0.0
202205300050,,0.0
202205300059,,0.0
202205300109,,0.0
202205300119,,0.0
202205300128,180.0,0.4
202205300138,,0.0
202205300147,,0.0
202205300207,,0.0
202205300217,,0.0
202205300227,,0.0
202205300237,,0.0
202205300247,,0.0
202205300257,,0.0
202205300307,,0.0
202205300316,,0.0
202205300326,,0.0
202205300335,,0.0
202205300345,,0.0
202205300355,,0.0
202205300404,,0.0
202205300414,,0.0
202205300423,,0.0
202205300433,,0.0
202205300443,,0.0
202205300452,,0.0
202205300502,,0.0
202205300511,,0.0
202205300521,,0.0
202205300530,,0.0
202205300539,,0.0
202205300549,,0.0
202205300558,,0.0
202205300608,,0.0
202205300617,,0.0
202205300627,,0.0
202205300637,,0.0
202205300646,,0.0
202205300705,,0.0
202205300715,,0.0
202205300724,,0.0
202205300733,,0.0
202205300743,,0.0
202205300752,,0.0
202205300802,,0.0
202205300812,,0.0
202205300821,,0.0
202205300831,,0.0
202205300840,,0.0
202205300849,,0.0
202205300858,,0.0
202205300907,,0.0
202205300917,,0.0
202205300927,,0.0
202205300947,,0.0
202205301007,,0.0
202205301016,,0.0
202205301026,,0.0
202205301036,,0.0
202205301046,,0.0
202205301056,,0.0
202205301106,,0.0
202205301126,,0.0
202205301136,,0.0
202205301146,,0.0
202205301156,,0.0
202205301206,,0.0
202205301216,,0.0
202205301226,,0.0
202205301236,,0.0
202205301246,,0.0
202205301255,,0.0
202205301305,,0.0
202205301315,,0.0
202205301324,,0.0
202205301334,,0.0
202205301344,,0.0
202205301353,,0.0
202205301403,,0.0
202205301413,,0.0
202205301423,,0.0
202205301433,179.0,0.4
202205301452,160.0,0.9
202205301501,126.0,0.4
202205301511,,0.0
202205301530,147.0,0.9
202205301540,55.0,0.9
202205301550,38.0,0.9
202205301600,,0.0
202205301609,123.0,0.4
202205301619,,0.0
202205301629,147.0,0.9
202205301638,,0.0
202205301648,105.0,0.9
202205301658,,0.0
202205301708,173.0,0.4
202205301718,178.0,0.9
202205301727,338.0,0.9
202205301736,136.0,0.9
202205301745,83.0,0.9
202205301755,95.0,0.4
202205301805,162.0,0.9
202205301815,3.0,1.8
202205301825,54.0,1.3
202205301834,13.0,0.9
202205301844,275.0,1.3
202205301853,201.0,1.3
202205301902,164.0,0.4
202205301912,14.0,0.9
202205301922,345.0,1.8
202205301931,194.0,0.9
202205301941,163.0,1.3
202205301950,238.0,1.3
202205301959,160.0,0.4
202205302019,190.0,0.4
202205302029,,0.0
202205302038,53.0,0.4
202205302047,113.0,1.3
202205302057,106.0,0.4
202205302106,129.0,0.4
202205302116,130.0,0.4
202205302126,130.0,0.4
202205302136,,0.0
202205302145,,0.0
202205302155,,0.0
202205302204,166.0,0.9
202205302214,,0.0
202205302224,,0.0
202205302233,172.0,0.4
202205302243,138.0,0.4
202205302252,139.0,0.4
202205302301,,0.0
202205302311,,0.0
202205302321,,0.0
202205302331,,0.0
202205302340,,0.0
202205302350,139.0,0.4
202205310000,,0.0
202205310009,,0.0
202205310019,139.0,0.4
202205310029,,0.0
202205310039,139.0,0.4
202205310048,139.0,0.4
202205310058,139.0,0.4
202205310107,,0.0
202205310117,,0.0
202205310127,,0.0
202205310137,,0.0
202205310147,,0.0
202205310156,,0.0
202205310215,,0.0
202205310224,,0.0
202205310234,,0.0
202205310244,,0.0
202205310254,,0.0
202205310449,,0.0
202205310459,,0.0
202205310509,,0.0
202205310518,,0.0
202205310528,,0.0
202205310537,,0.0
202205310547,,0.0
202205310557,,0.0
202205310607,,0.0
202205310616,,0.0
202205310626,,0.0
202205310635,,0.0
202205310645,,0.0
202205310655,,0.0
202205310705,,0.0
202205310725,,0.0
202205310734,,0.0
202205310744,,0.0
202205310753,,0.0
202205310802,,0.0
202205310812,,0.0
202205310822,,0.0
202205310832,,0.0
202205310842,,0.0
202205310852,,0.0
202205310912,,0.0
202205310922,,0.0
202205310932,,0.0
202205310942,,0.0
202205311002,,0.0
202205311012,,0.0
202205311021,,0.0
202205311031,,0.0
202205311040,,0.0
202205311050,,0.0
202205311100,,0.0
202205311109,,0.0
202205311119,,0.0
202205311129,,0.0
202205311139,,0.0
202205311149,,0.0
202205311159,,0.0
202205311209,,0.0
202205311219,,0.0
202205311228,,0.0
202205311238,,0.0
202205311248,,0.0
202205311258,,0.0
202205311308,,0.0
202205311317,,0.0
202205311326,139.0,0.4
202205311336,,0.0
202205311345,,0.0
202205311355,139.0,0.4
202205311405,139.0,0.4
202205311424,,0.0
202205311433,,0.0
202205311443,140.0,0.4
202205311453,140.0,0.4
202205311503,164.0,0.9
202205311513,171.0,0.4
202205311523,163.0,0.9
202205311533,,0.0
202205311542,,0.0
202205311551,,0.0
202205311601,157.0,0.4
202205311611,113.0,0.9
202205311621,75.0,0.9
202205311631,171.0,0.9
202205311641,209.0,0.9
202205311650,59.0,0.4
202205311700,145.0,0.4
202205311709,247.0,1.3
202205311719,,0.0
202205311729,277.0,0.9
202205311739,320.0,0.4
202205311748,188.0,0.4
202205311758,42.0,1.3
202205311808,,0.0
202205311817,225.0,0.9
202205311827,290.0,0.9
202205311837,66.0,0.9
202205311846,183.0,1.3
202205311906,89.0,0.4
202205311916,334.0,1.3
202205311926,178.0,0.4
202205311935,268.0,0.9
202205311945,,0.0
202205311955,176.0,0.9
202205312005,139.0,0.4
202205312014,329.0,1.3
202205312024,272.0,1.3
202205312034,163.0,0.4
202205312043,163.0,0.4
202205312053,30.0,0.9
202205312104,,0.0
202205312114,52.0,0.9
202205312124,90.0,1.3
202205312133,122.0,0.4
202205312143,46.0,1.3
202205312152,115.0,0.9
202205312201,38.0,0.9
202205312211,61.0,0.4
202205312220,124.0,0.4
202205312239,,0.0
202205312248,81.0,0.4
202205312258,112.0,0.4
202205312307,155.0,0.4
202205312316,,0.0
202205312326,158.0,0.4
202205312345,158.0,0.9
202205312355,158.0,0.4
202206010015,,0.0
202206010024,,0.0
202206010034,158.0,0.4
202206010044,,0.0
202206010054,,0.0
202206010104,,0.0
202206010113,,0.0
202206010132,,0.0
202206010151,,0.0
202206010201,,0.0
202206010211,,0.0
202206010221,,0.0
202206010231,,0.0
202206010241,,0.0
202206010251,,0.0
202206010301,,0.0
202206010310,,0.0
202206010330,,0.0
202206010339,,0.0
202206010349,,0.0
202206010359,,0.0
202206010409,,0.0
202206010419,,0.0
202206010429,,0.0
202206010438,,0.0
202206010448,,0.0
202206010507,,0.0
202206010517,,0.0
202206010527,,0.0
202206010536,,0.0
202206010545,,0.0
202206010555,,0.0
202206010604,,0.0
202206010614,,0.0
202206010624,,0.0
202206010634,,0.0
202206010644,,0.0
202206010653,,0.0
202206010703,,0.0
202206010712,,0.0
202206010721,,0.0
202206010731,,0.0
202206010740,,0.0
202206010750,,0.0
202206010800,,0.0
202206010809,,0.0
202206010819,,0.0
202206010828,,0.0
202206010837,,0.0
202206010847,,0.0
202206010856,,0.0
202206010924,,0.0
202206010934,,0.0
202206010953,,0.0
202206011002,,0.0
202206011011,,0.0
202206011030,,0.0
202206011040,,0.0
202206011050,,0.0
202206011100,,0.0
202206011109,,0.0
202206011128,,0.0
202206011138,,0.0
202206011147,,0.0
202206011157,,0.0
202206011207,,0.0
202206011217,,0.0
202206011226,,0.0
202206011236,,0.0
202206011246,,0.0
202206011305,,0.0
202206011314,,0.0
202206011323,,0.0
202206011332,,0.0
202206011342,,0.0
202206011351,,0.0
202206011401,,0.0
202206011411,,0.0
202206011421,,0.0
202206011431,121.0,0.4
202206011441,125.0,0.9
202206011450,83.0,0.4
202206011459,71.0,0.4
202206011509,134.0,0.9
202206011519,57.0,0.4
202206011528,98.0,0.9
202206011538,34.0,1.3
202206011548,,0.0
202206011557,174.0,0.9
202206011607,60.0,0.4
202206011616,133.0,0.9
202206011626,122.0,0.9
202206011636,219.0,0.9
202206011645,132.0,0.9
202206011655,132.0,0.4
202206011704,77.0,0.4
202206011714,75.0,0.4
202206011733,308.0,0.9
202206011743,193.0,0.9
202206011752,193.0,0.9
202206011802,,0.0
202206011812,,0.0
202206011822,224.0,0.9
202206011842,2.0,0.9
202206011852,202.0,1.3
202206011924,96.0,0.9
202206011957,248.0,1.3
202206012009,175.0,0.9
202206012021,,0.0
202206012033,146.0,0.9
202206012042,129.0,0.9
202206012103,122.0,0.4
202206012112,187.0,0.4
202206012121,151.0,0.4
202206012133,189.0,0.4
202206012145,164.0,0.4
202206012154,173.0,0.9
202206012206,,0.0
202206012215,152.0,0.4
202206012224,,0.0
202206012236,,0.0
202206012248,189.0,0.4
202206012303,190.0,0.4
202206012336,,0.0
202206012348,,0.0
202206020000,191.0,0.4
202206020015,,0.0
202206020033,191.0,0.9
202206020154,,0.0
202206020248,,0.0
202206020309,,0.0
202206020348,,0.0
202206020430,,0.0
202206020512,,0.0
202206020545,,0.0
202206020630,,0.0
202206020651,,0.0
202206020700,,0.0
202206020724,,0.0
202206022115,181.0,0.4
202206022136,134.0,0.9
202206022145,,0.0
202206022209,148.0,1.3
202206022236,138.0,0.9
202206022248,138.0,0.9
202206031033,,0.0
202206031042,,0.0
202206031109,,0.0
202206031130,,0.0
202206031142,,0.0
202206031154,135.0,0.4
202206031206,,0.0
202206031236,,0.0
202206031300,,0.0
202206031339,,0.0
202206031415,,0.0
202206031424,163.0,0.4
202206031436,183.0,0.4
202206031457,,0.0
202206031509,140.0,0.4
202206031524,210.0,0.9
202206031536,,0.0
202206031545,317.0,0.9
202206031557,197.0,0.9
202206031609,322.0,0.9
202206031621,212.0,1.3
202206031633,119.0,0.4
202206031645,,0.0
202206031654,63.0,0.4
202206031715,,0.0
202206031727,,0.0
202206031748,57.0,1.3
202206031757,186.0,0.4
202206031809,208.0,0.9
202206031842,143.0,0.4
202206031854,57.0,0.9
202206031909,244.0,0.9
202206031942,,0.0
202206032006,274.0,1.3
202206032021,,0.0
202206032042,25.0,0.9
202206032054,176.0,0.9
202206032106,350.0,1.8
202206032121,,0.0
202206032133,162.0,0.4
202206032145,341.0,0.9
202206032212,307.0,0.9
202206032239,330.0,1.3
202206032254,355.0,1.3
202206032312,316.0,0.9
202206032333,148.0,0.4
202206040006,,0.0
202206040030,148.0,0.4
202206040054,,0.0
202206040115,,0.0
202206040136,,0.0
202206040148,,0.0
202206040157,,0.0
202206040209,,0.0
202206040218,,0.0
202206040239,,0.0
202206040251,,0.0
202206040300,,0.0
202206040312,,0.0
202206040336,,0.0
202206040351,,0.0
202206040400,,0.0
202206040412,,0.0
202206040439,,0.0
202206040448,,0.0
202206040512,,0.0
202206040521,,0.0
202206040533,,0.0
202206040545,,0.0
202206040600,,0.0
202206040612,,0.0
202206040624,,0.0
202206040648,,0.0
202206040657,,0.0
202206040721,,0.0
202206040754,,0.0
202206040806,,0.0
202206040821,,0.0
202206040833,,0.0
202206040848,,0.0
202206040903,,0.0
202206040915,,0.0
202206040927,,0.0
202206040939,,0.0
202206040951,,0.0
202206041000,,0.0
202206041012,,0.0
202206041024,,0.0
202206041036,,0.0
202206041145,,0.0
202206041157,,0.0
202206041216,,0.0
202206041225,,0.0
202206041235,35.0,0.9
202206041244,,0.0
202206041254,71.0,0.4
202206041303,,0.0
202206041312,,0.0
202206041322,,0.0
202206041331,,0.0
202206041341,,0.0
202206041351,,0.0
202206041401,,0.0
202206041411,,0.0
202206041421,68.0,0.4
202206041430,,0.0
202206041440,,0.0
202206041459,86.0,0.4
202206041508,90.0,0.4
202206041518,145.0,0.4
202206041528,123.0,0.4
202206041538,329.0,0.4
202206041547,,0.0
202206041556,184.0,0.9
202206041606,,0.0
202206041615,242.0,0.9
202206041624,219.0,0.9
202206041634,306.0,0.4
202206041644,228.0,0.4
202206041653,137.0,0.9
202206041703,187.0,0.9
202206041712,312.0,1.8
202206041722,310.0,1.8
202206041732,126.0,0.4
202206041741,194.0,0.9
202206041750,5.0,0.9
202206041759,274.0,0.9
202206041809,194.0,0.9
202206041819,341.0,1.8
202206041829,339.0,1.3
202206041838,174.0,0.9
202206041848,174.0,0.9
202206041857,178.0,0.4
202206041906,280.0,2.7
202206041915,162.0,0.4
202206041925,338.0,1.8
202206041935,242.0,1.8
202206041944,190.0,0.9
202206041954,166.0,0.4
202206042003,289.0,1.3
202206042012,144.0,0.9
202206042022,344.0,0.9
202206042031,204.0,0.9
202206042041,158.0,0.4
202206042050,183.0,0.4
202206042100,311.0,1.3
202206042109,31.0,0.9
202206042119,193.0,0.4
202206042128,165.0,0.4
202206042137,148.0,0.4
202206042147,324.0,0.9
202206042156,172.0,0.9
202206042206,,0.0
202206042216,,0.0
202206042226,,0.0
202206042235,,0.0
202206042244,244.0,0.4
202206042253,,0.0
202206042313,,0.0
202206042323,158.0,0.4
202206042332,,0.0
202206042342,,0.0
202206042351,,0.0
202206050001,158.0,0.4
202206050011,,0.0
202206050021,158.0,0.4
202206050031,158.0,0.4
202206050041,,0.0
202206050051,,0.0
202206050100,158.0,0.4
202206050109,,0.0
202206050119,,0.0
202206050129,,0.0
202206050138,,0.0
202206050147,,0.0
202206050156,,0.0
202206050206,,0.0
202206050216,,0.0
202206050226,,0.0
202206050236,,0.0
202206050246,,0.0
202206050256,,0.0
202206050306,,0.0
202206050316,,0.0
202206050325,,0.0
202206050344,,0.0
202206050354,,0.0
202206050403,,0.0
202206050413,,0.0
202206050423,,0.0
202206050433,,0.0
202206050443,,0.0
202206050452,,0.0
202206050502,,0.0
202206050511,,0.0
202206050521,,0.0
202206050531,,0.0
202206050540,,0.0
202206050550,,0.0
202206050600,,0.0
202206050610,,0.0
202206050620,,0.0
202206050629,,0.0
202206050638,158.0,0.4
202206050648,,0.0
202206050657,,0.0
202206050707,,0.0
202206050716,,0.0
202206050726,,0.0
202206050736,,0.0
202206050745,,0.0
202206050755,,0.0
202206050805,,0.0
202206050814,,0.0
202206050824,,0.0
202206050834,,0.0
202206050844,,0.0
202206050853,,0.0
202206050903,,0.0
202206050913,,0.0
202206050923,,0.0
202206050932,,0.0
202206050942,,0.0
202206050951,,0.0
202206051001,,0.0
202206051010,,0.0
202206051019,,0.0
202206051028,,0.0
202206051038,,0.0
202206051047,,0.0
202206051056,,0.0
202206051105,,0.0
202206051115,,0.0
202206051125,,0.0
202206051135,,0.0
202206051144,,0.0
202206051153,,0.0
202206051203,,0.0
202206051213,,0.0
202206051223,,0.0
202206051232,,0.0
202206051242,,0.0
202206051251,157.0,0.4
202206051301,,0.0
202206051310,157.0,0.4
202206051320,157.0,0.4
202206051329,157.0,0.4
202206051339,157.0,0.4
202206051348,157.0,0.4
202206051358,,0.0
202206051407,157.0,0.4
202206051417,92.0,0.4
202206051436,105.0,0.4
202206051445,92.0,0.4
202206051455,89.0,0.4
202206051504,,0.0
202206051514,63.0,0.9
202206051524,,0.0
202206051534,107.0,0.4
202206051544,328.0,0.9
202206051553,11.0,1.3
202206051603,82.0,0.4
202206051612,299.0,1.8
202206051622,19.0,1.8
202206051631,334.0,0.9
202206051640,272.0,1.8
202206051649,50.0,0.9
202206051659,177.0,0.4
202206051708,71.0,0.9
202206051718,295.0,0.9
202206051728,88.0,0.4
202206051737,209.0,1.3
202206051747,347.0,1.3
202206051757,205.0,1.3
202206051807,238.0,0.9
202206051816,290.0,1.8
202206051826,224.0,0.4
202206051835,245.0,0.9
202206051845,137.0,0.4
202206051854,148.0,0.9
202206051904,105.0,0.4
202206051914,331.0,0.9
202206051924,313.0,0.9
202206051934,,0.0
202206051944,8.0,1.3
202206051954,24.0,0.9
202206052004,77.0,0.4
202206052014,201.0,0.9
202206052023,87.0,0.4
202206052032,201.0,0.9
202206052042,137.0,0.9
202206052052,130.0,0.4
202206052111,77.0,0.9
202206052121,35.0,1.3
202206052131,333.0,1.3
202206052141,194.0,0.4
202206052150,352.0,0.9
202206052200,81.0,0.4
202206052210,173.0,0.4
202206052219,183.0,0.4
202206052238,,0.0
202206052247,,0.0
202206052257,181.0,0.4
202206052306,,0.0
202206052316,181.0,0.4
202206052325,,0.0
202206052335,,0.0
202206052344,,0.0
202206052354,,0.0
202206060004,187.0,0.4
202206060013,187.0,0.4
202206060023,,0.0
202206060032,,0.0
202206060041,,0.0
202206060051,,0.0
202206060100,,0.0
202206060110,,0.0
202206060120,,0.0
202206060130,185.0,0.4
202206060140,185.0,0.4
202206060149,185.0,0.4
202206060159,,0.0
202206060209,,0.0
202206060219,,0.0
202206060229,,0.0
202206060239,,0.0
202206060249,,0.0
202206060259,,0.0
202206060309,,0.0
202206060319,,0.0
202206060328,,0.0
202206060338,,0.0
202206060357,,0.0
202206060406,,0.0
202206060416,,0.0
202206060425,,0.0
202206060435,,0.0
202206060445,,0.0
202206060455,,0.0
202206060504,,0.0
202206060513,,0.0
202206060522,,0.0
202206060532,,0.0
202206060541,,0.0
202206060551,,0.0
202206060601,,0.0
202206060610,,0.0
202206060620,,0.0
202206060629,,0.0
202206060639,,0.0
202206060649,,0.0
202206060659,,0.0
202206060709,,0.0
202206060719,,0.0
202206060729,,0.0
202206060739,,0.0
202206060748,,0.0
202206060758,,0.0
202206060808,,0.0
202206060817,,0.0
202206060827,,0.0
202206060837,,0.0
202206060846,,0.0
202206060855,,0.0
202206060905,,0.0
202206060915,,0.0
202206060925,,0.0
202206060935,,0.0
202206060945,,0.0
202206060955,,0.0
202206061004,,0.0
202206061023,,0.0
202206061033,,0.0
202206061042,,0.0
202206061052,,0.0
202206061112,,0.0
202206061122,,0.0
202206061131,,0.0
202206061141,,0.0
202206061151,,0.0
202206061201,,0.0
202206061210,,0.0
202206061220,,0.0
202206061229,,0.0
202206061239,,0.0
202206061248,,0.0
202206061307,187.0,0.9
202206061317,181.0,0.9
202206061327,181.0,0.9
202206061354,121.0,0.9
202206061404,109.0,0.4
202206061413,116.0,0.4
202206061423,73.0,0.4
202206061433,63.0,0.9
202206061443,68.0,0.9
202206061453,59.0,0.9
202206061503,59.0,0.9
202206061513,,0.0
202206061522,37.0,0.9
202206061532,149.0,1.3
202206061551,359.0,0.4
202206061601,114.0,0.4
202206061611,39.0,0.9
202206061621,54.0,0.9
202206061630,356.0,0.4
202206061640,133.0,0.9
202206061650,145.0,0.9
202206061700,185.0,1.8
202206061720,63.0,0.9
202206061729,91.0,0.4
202206061739,188.0,0.4
202206061749,14.0,1.8
202206061758,126.0,1.3
202206061808,108.0,1.3
202206061818,86.0,0.9
202206061827,156.0,0.9
202206061837,37.0,0.9
202206061847,,0.0
202206061857,162.0,0.4
202206061907,147.0,0.4
202206061916,137.0,0.4
202206061925,169.0,0.4
202206061935,174.0,0.4
202206061945,95.0,0.4
202206061955,356.0,1.8
202206062005,351.0,0.9
202206062025,138.0,0.9
202206062035,117.0,0.9
202206062045,336.0,1.3
202206062055,161.0,0.4
202206062104,137.0,0.4
202206062113,173.0,0.4
202206062122,106.0,0.4
202206062132,205.0,0.9
202206062141,121.0,1.3
202206062151,183.0,0.9
202206062200,156.0,0.9
202206062209,191.0,0.9
202206062219,2.0,0.9
202206062229,,0.0
202206062239,,0.0
202206062248,7.0,0.9
202206062258,156.0,0.4
202206062308,155.0,0.4
202206062317,167.0,0.9
202206062326,,0.0
202206062335,167.0,0.4
202206062345,169.0,0.4
202206070005,,0.0
202206070014,,0.0
202206070023,,0.0
202206070033,,0.0
202206070043,,0.0
202206070053,169.0,0.4
202206070103,,0.0
202206070112,169.0,0.4
202206070122,80.0,0.4
202206070132,,0.0
202206070142,77.0,0.9
202206070152,82.0,0.4
202206070201,,0.0
202206070211,128.0,0.4
202206070221,,0.0
202206070230,,0.0
202206070240,81.0,0.4
202206070250,141.0,0.9
202206070309,120.0,0.4
202206070318,,0.0
202206070328,117.0,0.4
202206070338,150.0,0.9
202206070348,120.0,0.4
202206070358,17.0,0.9
202206070407,,0.0
202206070417,,0.0
202206070426,,0.0
202206070436,147.0,0.4
202206070446,,0.0
202206070456,,0.0
202206070505,,0.0
202206070515,,0.0
202206070525,,0.0
202206070535,,0.0
202206070545,,0.0
202206070554,,0.0
202206070603,,0.0
202206070613,148.0,0.4
202206070623,,0.0
202206070633,,0.0
202206070643,,0.0
202206070652,148.0,0.4
202206070702,147.0,0.4
202206070712,150.0,0.4
202206070741,,0.0
202206070750,,0.0
202206070759,,0.0
202206070809,98.0,0.4
202206070818,,0.0
202206070828,173.0,0.9
202206070847,,0.0
202206070857,,0.0
202206070907,155.0,0.4
202206070917,173.0,0.9
202206070927,,0.0
202206070936,100.0,0.4
202206070946,160.0,0.9
202206070956,,0.0
202206071005,126.0,0.9
202206071015,112.0,0.4
202206071025,,0.0
202206071035,92.0,0.4
202206071045,147.0,0.4
202206071055,117.0,0.4
202206071105,105.0,0.4
202206071115,148.0,0.4
202206071125,131.0,0.4
202206071135,,0.0
202206071144,133.0,0.4
202206071154,,0.0
202206071203,,0.0
202206071222,,0.0
202206071232,153.0,0.4
202206071241,153.0,0.4
202206071251,72.0,1.3
202206071301,,0.0
202206071310,,0.0
202206071320,153.0,0.9
202206071329,118.0,0.4
202206071339,159.0,0.4
202206071359,311.0,0.9
202206071409,,0.0
202206071419,,0.0
202206071429,150.0,0.4
202206071439,,0.0
202206071449,,0.0
202206071459,,0.0
202206071508,109.0,0.4
202206071518,74.0,0.4
202206071528,,0.0
202206071538,143.0,0.4
202206071547,102.0,0.4
202206071557,,0.0
202206071606,,0.0
202206071616,115.0,0.9
202206071636,,0.0
202206071646,,0.0
202206071656,,0.0
202206071705,,0.0
202206071715,181.0,1.3
202206071724,181.0,1.3
202206071734,136.0,0.4
202206071743,,0.0
202206071752,139.0,0.9
202206071802,218.0,0.9
202206071812,80.0,0.9
202206071822,140.0,1.3
202206071832,113.0,2.2
202206071842,175.0,0.9
202206071852,148.0,0.9
202206071901,18.0,1.3
202206071911,39.0,0.9
202206071920,157.0,0.9
202206071930,82.0,0.9
202206071939,338.0,0.4
202206071958,172.0,0.9
202206072008,179.0,0.9
202206072017,345.0,0.4
202206072027,122.0,0.4
202206072036,132.0,0.9
202206072046,146.0,0.9
202206072055,342.0,0.9
202206072105,177.0,0.4
202206072114,,0.0
202206072124,187.0,0.4
202206072134,,0.0
202206072144,334.0,1.3
202206072154,44.0,0.9
202206072204,,0.0
202206072223,115.0,0.4
202206072233,,0.0
202206072243,,0.0
202206072253,80.0,0.4
202206072312,,0.0
202206072322,,0.0
202206072332,,0.0
202206072342,,0.0
202206080001,177.0,0.4
202206080011,,0.0
202206080020,,0.0
202206080248,,0.0
202206080257,,0.0
202206080307,,0.0
202206080317,177.0,0.4
202206080326,,0.0
202206080336,,0.0
202206080345,,0.0
202206081812,339.0,0.9
202206081822,96.0,0.4
202206081842,,0.0
202206081851,138.0,0.9
202206081911,183.0,0.9
202206081921,145.0,1.8
202206081931,,0.0
202206081941,149.0,0.4
202206081950,,0.0
202206082000,292.0,0.9
202206082010,312.0,0.4
202206082020,159.0,0.4
202206082030,14.0,1.3
202206082040,19.0,0.9
202206082049,163.0,0.9
202206082059,143.0,0.4
202206082109,52.0,0.9
202206082118,,0.0
202206082128,166.0,0.4
202206082138,145.0,0.4
202206082147,132.0,0.4
202206082157,73.0,0.9
202206082207,121.0,0.9
202206082217,180.0,0.9
202206082227,148.0,0.4
202206082237,,0.0
202206082247,158.0,2.2
202206082257,141.0,0.4
202206082307,133.0,0.9
202206082317,156.0,1.3
202206082326,165.0,0.4
202206082336,173.0,0.4
202206082346,173.0,0.4
202206082356,163.0,0.4
202206090015,123.0,0.9
202206090024,,0.0
202206090156,,0.0
202206090205,111.0,0.9
202206090215,111.0,0.9
202206090553,129.0,0.9
202206090603,146.0,0.4
202206090613,149.0,1.3
202206090623,120.0,0.4
202206090633,104.0,0.4
202206090643,96.0,1.3
202206090652,115.0,0.4
202206090702,139.0,0.4
202206090711,124.0,0.9
202206091002,126.0,0.4
202206091012,126.0,0.4
202206091021,126.0,0.4
202206091030,109.0,0.4
202206091040,150.0,0.4
202206091049,,0.0
202206091059,,0.0
202206091108,,0.0
202206091117,,0.0
202206091127,133.0,0.4
202206091137,110.0,0.4
202206091147,,0.0
202206091156,,0.0
202206091206,134.0,0.4
202206091216,125.0,0.9
202206091226,125.0,0.4
202206091235,152.0,0.4
202206091244,121.0,0.4
202206091254,126.0,0.4
202206091304,138.0,1.3
202206091314,150.0,1.3
202206091324,139.0,0.4
202206091333,36.0,0.9
202206091342,160.0,0.4
202206091352,139.0,0.9
202206091402,93.0,0.9
202206091411,130.0,0.9
202206091421,111.0,0.9
202206091431,63.0,1.8
202206091450,91.0,0.9
202206091500,129.0,0.9
202206091509,131.0,1.3
202206091519,80.0,1.3
202206091528,150.0,1.8
202206091538,79.0,0.9
202206091548,63.0,1.8
202206091557,138.0,0.9
202206091607,44.0,0.9
202206091617,,0.0
202206091626,108.0,0.4
202206091636,128.0,0.4
202206091646,64.0,1.3
202206091656,99.0,1.8
202206091705,145.0,1.8
202206091714,45.0,2.2
202206091724,80.0,0.9
202206091734,105.0,1.8
202206091743,95.0,1.3
202206091752,115.0,0.9
202206091802,107.0,0.9
202206091812,0.0,1.8
202206091822,194.0,1.3
202206091831,44.0,1.3
202206091841,106.0,0.4
202206091850,118.0,0.4
202206091859,12.0,0.4
202206091909,159.0,1.8
202206091919,330.0,1.3
202206091929,248.0,1.3
202206091957,284.0,1.3
202206092007,192.0,0.9
202206092017,,0.0
202206092027,129.0,0.4
202206092037,114.0,0.4
202206092047,101.0,0.4
202206092057,131.0,0.9
202206092106,183.0,0.4
202206092116,70.0,0.4
202206092125,117.0,0.9
202206092135,29.0,0.9
202206092145,142.0,1.3
202206092154,31.0,0.9
202206092204,216.0,0.9
202206092214,34.0,0.9
202206092224,135.0,0.4
202206092234,114.0,0.4
202206092243,137.0,0.4
202206092253,143.0,0.4
202206092303,71.0,0.9
202206092312,154.0,0.4
202206092322,,0.0
202206092331,,0.0
202206092341,147.0,1.3
202206092351,,0.0
202206100001,135.0,0.4
202206100011,168.0,0.4
202206100021,146.0,0.4
202206100031,146.0,0.4
202206100041,,0.0
202206100050,,0.0
202206100100,,0.0
202206100110,,0.0
202206100120,147.0,0.4
202206100130,147.0,0.4
202206100140,,0.0
202206100150,,0.0
202206100159,,0.0
202206100209,,0.0
202206100218,,0.0
202206100228,147.0,0.4
202206100237,147.0,0.4
202206101639,125.0,0.4
202206101649,139.0,0.4
202206101659,162.0,1.3
202206101708,158.0,0.4
202206101718,161.0,0.4
202206101727,219.0,0.4
202206101739,157.0,0.9
202206101749,,0.0
202206101759,357.0,0.4
202206101818,102.0,0.4
202206101828,,0.0
202206101838,123.0,0.9
202206101848,188.0,0.9
202206101858,157.0,0.4
202206101908,147.0,0.4
202206101918,104.0,0.4
202206101928,100.0,0.9
202206101938,100.0,0.4
202206101948,,0.0
202206101958,174.0,0.9
202206102008,131.0,0.4
202206102018,128.0,0.9
202206102028,110.0,0.4
202206102038,,0.0
202206102058,110.0,0.4
202206102107,110.0,0.4
202206102117,110.0,0.4
202206102126,153.0,0.4
202206102136,326.0,0.4
202206102146,,0.0
202206102156,120.0,0.9
202206102206,120.0,0.9
202206102215,120.0,0.4
202206102225,,0.0
202206102234,120.0,0.4
202206122029,149.0,0.4
202206122038,149.0,0.4
202206122057,,0.0
202206122107,146.0,0.4
202206122117,146.0,0.4
202206122127,146.0,0.9
202206122136,146.0,0.9
202206122146,,0.0
202206122155,,0.0
202206122204,147.0,0.4
202206122213,147.0,0.4
202206122223,,0.0
202206122233,147.0,0.4
202206122242,147.0,0.4
202206122252,147.0,0.4
202206122302,,0.0
202206122312,,0.0
202206122321,,0.0
202206122331,,0.0
202206122340,,0.0
202206122349,,0.0
202206122359,,0.0
202206130009,,0.0
202206130019,,0.0
202206130029,,0.0
202206130039,,0.0
202206130851,,0.0
202206130901,,0.0
202206130911,,0.0
202206130920,,0.0
202206130930,,0.0
202206130940,,0.0
202206130950,,0.0
202206131000,,0.0
202206131009,,0.0
202206131019,,0.0
202206131029,,0.0
202206131039,,0.0
202206131049,,0.0
202206131058,,0.0
202206131108,,0.0
202206131117,,0.0
202206131127,,0.0
202206131136,,0.0
202206131146,,0.0
202206131156,,0.0
202206131215,,0.0
202206131225,,0.0
202206131235,,0.0
202206131245,,0.0
202206131254,148.0,0.4
202206131304,147.0,0.4
202206131314,131.0,0.9
202206131324,,0.0
202206131334,,0.0
202206131344,,0.0
202206131354,130.0,0.9
202206131403,,0.0
202206131413,,0.0
202206131432,,0.0
202206131550,,0.0
202206131609,129.0,0.4
202206131618,,0.0
202206131628,119.0,0.4
202206131638,17.0,1.3
202206131657,298.0,0.9
202206131707,108.0,0.9
202206131717,168.0,0.4
202206131727,71.0,0.9
202206131737,131.0,1.3
202206131747,,0.0
202206131756,7.0,1.8
202206131806,149.0,0.9
202206131815,118.0,0.9
202206131825,126.0,0.9
202206131835,153.0,1.3
202206131855,284.0,0.4
202206131905,146.0,0.4
202206131914,271.0,0.4
202206131924,207.0,0.4
202206131933,,0.0
202206131943,128.0,0.4
202206131953,50.0,0.9
202206132003,159.0,0.4
202206132012,161.0,0.4
202206132022,139.0,0.9
202206132032,97.0,0.9
202206132042,,0.0
202206132052,35.0,0.4
202206132102,,0.0
202206132111,224.0,0.4
202206132121,160.0,0.4
202206132131,179.0,0.9
202206132141,177.0,0.4
202206132151,,0.0
202206132201,164.0,0.9
202206132211,,0.0
202206132220,,0.0
202206132230,174.0,0.4
202206132240,174.0,0.9
202206132259,,0.0
202206132309,,0.0
202206132319,,0.0
202206132339,,0.0
202206132348,,0.0
202206132358,175.0,0.4
202206140008,175.0,0.4
202206140017,175.0,0.4
202206140027,175.0,0.4
202206140036,175.0,0.4
202206140046,,0.0
202206140056,175.0,0.4
202206140105,175.0,0.4
202206140115,175.0,0.4
202206140125,175.0,0.4
202206140155,,0.0
202206140204,,0.0
202206140214,175.0,0.4
202206140223,,0.0
202206140233,,0.0
202206140252,,0.0
202206140302,,0.0
202206140312,,0.0
202206140321,,0.0
202206140331,,0.0
202206140341,,0.0
202206140351,,0.0
202206140401,,0.0
202206140411,175.0,0.9
202206140421,158.0,0.9
202206140500,127.0,0.4
202206140510,,0.0
202206140520,,0.0
202206140529,,0.0
202206140539,142.0,0.4
202206140549,143.0,0.4
202206140559,,0.0
202206140609,79.0,0.9
202206140619,140.0,0.9
202206140629,141.0,0.9
202206140649,,0.0
202206140659,,0.0
202206140709,141.0,0.9
202206140729,,0.0
202206140738,,0.0
202206140748,,0.0
202206140758,,0.0
202206140808,153.0,0.4
202206140818,,0.0
202206140828,,0.0
202206140838,210.0,1.3
202206140848,83.0,0.9
202206140858,313.0,0.4
202206140908,,0.0
202206140918,166.0,0.4
202206140928,79.0,0.4
202206140938,,0.0
202206140947,,0.0
202206140957,90.0,0.9
202206141006,148.0,0.4
202206141016,,0.0
202206141026,,0.0
202206141036,,0.0
202206141046,,0.0
202206141056,119.0,0.4
202206141106,,0.0
202206141116,118.0,0.4
202206141126,,0.0
202206141136,119.0,0.9
202206141146,,0.0
202206141156,136.0,1.3
202206141206,136.0,1.3
202206141216,,0.0
202206141226,132.0,0.4
202206141236,,0.0
202206141246,,0.0
202206141256,,0.0
202206141306,,0.0
202206141315,,0.0
202206141325,85.0,0.9
202206141334,168.0,0.4
202206141344,,0.0
202206141354,73.0,0.9
202206141403,54.0,0.4
202206141413,53.0,0.4
202206141423,109.0,0.9
202206141433,119.0,0.4
202206141442,,0.0
202206141452,145.0,0.4
202206141502,61.0,0.9
202206141512,,0.0
202206141522,209.0,1.3
202206141532,139.0,0.4
202206141542,,0.0
202206141551,300.0,0.9
202206141601,,0.0
202206141610,29.0,0.9
202206141620,118.0,2.2
202206141630,162.0,2.7
202206141640,158.0,0.9
202206141650,159.0,0.9
202206141700,155.0,0.9
202206141710,242.0,1.3
202206141720,207.0,0.4
202206141730,23.0,1.8
202206141750,178.0,1.8
202206141800,39.0,0.4
202206141809,91.0,0.4
202206141819,165.0,0.4
202206141829,153.0,0.4
202206141839,153.0,0.4
202206141849,115.0,1.3
202206141859,115.0,1.3
202206141909,132.0,0.4
202206141918,132.0,0.4
202206141928,104.0,0.9
202206141937,,0.0
202206141946,20.0,1.8
202206141956,90.0,0.4
202206142006,112.0,0.9
202206142016,134.0,1.3
202206142025,134.0,0.9
202206142035,141.0,1.3
202206142044,148.0,0.4
202206142054,145.0,1.3
202206142104,121.0,0.4
202206142114,168.0,0.4
202206142124,,0.0
202206142134,130.0,0.9
202206142143,130.0,0.9
202206142203,158.0,0.9
202206142213,158.0,0.9
202206142223,157.0,0.4
202206142233,131.0,0.9
202206142243,147.0,1.8
202206142252,145.0,0.4
202206142304,,0.0
202206142314,145.0,0.9
202206142323,,0.0
202206142333,,0.0
202206142343,146.0,0.9
202206142353,145.0,0.4
202206150003,,0.0
202206150012,145.0,0.4
202206150022,,0.0
202206150032,145.0,0.4
202206150041,,0.0
202206150051,145.0,0.4
202206150101,,0.0
202206150111,,0.0
202206150121,146.0,0.4
202206150131,146.0,0.4
202206150141,,0.0
202206150151,,0.0
202206150201,,0.0
202206150211,,0.0
202206150221,,0.0
202206151002,,0.0
202206151011,,0.0
202206151021,,0.0
202206151031,,0.0
202206151041,,0.0
202206151051,,0.0
202206151100,,0.0
202206151109,,0.0
202206151119,,0.0
202206151129,,0.0
202206151139,,0.0
202206151159,,0.0
202206151209,,0.0
202206151219,,0.0
202206151229,,0.0
202206151239,,0.0
202206151248,,0.0
202206151258,,0.0
202206151308,,0.0
202206151318,,0.0
202206151327,,0.0
202206151337,,0.0
202206151347,136.0,0.9
202206151356,136.0,0.9
202206151406,135.0,0.4
202206151415,36.0,0.9
202206151425,95.0,0.4
202206151435,129.0,0.9
202206151445,,0.0
202206151455,145.0,0.9
202206151505,,0.0
202206151514,54.0,0.9
202206151523,54.0,0.9
202206151533,,0.0
202206151543,163.0,0.9
202206151602,121.0,0.4
202206151612,100.0,0.9
202206151622,163.0,0.4
202206151632,186.0,0.4
202206151642,,0.0
202206151652,90.0,0.4
202206151702,,0.0
202206151711,217.0,0.9
202206151721,125.0,0.4
202206151731,264.0,0.4
202206151740,142.0,0.4
202206151750,326.0,1.3
202206151800,326.0,1.3
202206151810,331.0,0.4
202206151819,331.0,0.4
202206151829,121.0,0.9
202206151848,141.0,0.4
202206151858,,0.0
202206151907,80.0,0.4
202206151917,263.0,0.4
202206151927,162.0,0.4
202206151936,350.0,1.3
202206151946,,0.0
202206151955,185.0,0.4
202206152004,137.0,0.4
202206152014,333.0,0.4
202206152024,346.0,1.3
202206152034,,0.0
202206152044,,0.0
202206152054,,0.0
202206152104,,0.0
202206152114,329.0,0.4
202206152124,174.0,0.4
202206152134,178.0,0.4
202206152144,174.0,0.4
202206152154,195.0,0.4
202206152204,177.0,0.4
202206152214,,0.0
202206152223,180.0,0.4
202206152233,180.0,0.4
202206152243,,0.0
202206152252,,0.0
202206152301,180.0,0.4
202206152311,,0.0
202206152321,,0.0
202206152331,,0.0
202206152341,,0.0
202206152350,,0.0
202206160000,,0.0
202206160019,,0.0
202206160028,,0.0
202206160038,,0.0
202206160048,,0.0
202206160057,,0.0
202206160107,181.0,0.4
202206160117,,0.0
202206160127,,0.0
202206160137,181.0,0.4
202206160147,,0.0
202206160207,,0.0
202206160217,,0.0
202206160227,,0.0
202206160237,,0.0
202206160247,,0.0
202206160257,,0.0
202206160307,,0.0
202206160316,,0.0
202206160326,,0.0
202206160336,,0.0
202206160346,,0.0
202206160356,,0.0
202206160406,,0.0
202206160416,,0.0
202206160426,,0.0
202206160436,,0.0
202206160446,,0.0
202206160456,,0.0
202206160506,,0.0
202206160525,,0.0
202206160535,,0.0
202206160545,,0.0
202206160555,,0.0
202206160605,,0.0
202206160615,,0.0
202206160625,,0.0
202206160645,,0.0
202206160655,,0.0
202206160704,,0.0
202206160714,,0.0
202206160724,,0.0
202206161347,145.0,0.9
202206161407,105.0,0.4
202206161416,102.0,0.4
202206161426,135.0,0.4
202206161446,,0.0
202206161456,134.0,0.4
202206161506,194.0,0.9
202206161515,97.0,0.4
202206161525,172.0,0.9
202206161534,172.0,0.9
202206161544,84.0,0.4
202206161554,111.0,0.4
202206161603,111.0,0.4
202206161612,126.0,0.9
202206161622,55.0,1.3
202206161631,,0.0
202206161641,135.0,1.8
202206161651,167.0,1.8
202206161700,112.0,0.4
202206161710,82.0,0.9
202206161719,,0.0
202206161729,135.0,0.9
202206161749,165.0,1.3
202206161759,174.0,3.1
202206161808,174.0,3.1
202206161817,151.0,1.8
202206161827,109.0,1.3
202206161837,76.0,0.9
202206161847,76.0,0.9
202206161857,33.0,1.8
202206161906,,0.0
202206161926,141.0,1.3
202206161946,151.0,1.3
202206161956,144.0,0.9
202206162006,167.0,1.3
202206162015,32.0,1.3
202206162025,141.0,0.9
202206162035,176.0,0.9
202206162044,51.0,1.3
202206162054,154.0,1.8
202206162104,100.0,0.4
202206162113,115.0,1.3
202206162123,,0.0
202206162133,149.0,1.3
202206162143,122.0,0.4
202206162153,29.0,0.4
202206162202,150.0,1.8
202206162212,86.0,1.8
202206162222,115.0,0.9
202206162232,160.0,0.4
202206162241,163.0,0.9
202206162251,143.0,1.3
202206162300,,0.0
202206162310,,0.0
202206162320,163.0,0.4
202206162330,,0.0
202206162340,,0.0
202206162359,157.0,0.4
202206170009,,0.0
202206170018,,0.0
202206170028,,0.0
202206170038,,0.0
202206170047,,0.0
202206170057,156.0,0.4
202206170107,,0.0
202206170117,157.0,0.4
202206170127,,0.0
202206170137,,0.0
202206170207,,0.0
202206170217,,0.0
202206170227,,0.0
202206170236,157.0,0.4
202206170246,,0.0
202206170256,,0.0
202206170306,,0.0
202206170316,,0.0
202206170326,,0.0
202206170335,,0.0
202206170345,,0.0
202206170354,,0.0
202206170404,,0.0
202206170414,,0.0
202206170424,,0.0
202206170433,,0.0
202206170443,,0.0
202206170503,,0.0
202206170513,,0.0
202206170522,,0.0
202206170532,,0.0
202206170542,,0.0
202206170552,,0.0
202206170602,,0.0
202206170612,,0.0
202206170622,,0.0
202206170632,,0.0
202206170642,,0.0
202206170702,,0.0
202206170712,,0.0
202206170722,,0.0
202206170732,,0.0
202206170742,,0.0
202206170751,,0.0
202206170801,,0.0
202206170821,,0.0
202206170831,,0.0
202206170841,,0.0
202206170850,,0.0
202206170900,,0.0
202206170910,,0.0
202206170920,,0.0
202206170930,,0.0
202206170940,,0.0
202206170950,,0.0
202206171000,,0.0
202206171010,,0.0
202206171020,,0.0
202206171029,,0.0
202206171039,,0.0
202206171049,,0.0
202206171059,,0.0
202206171109,,0.0
202206171119,,0.0
202206171129,,0.0
202206171139,,0.0
202206171149,,0.0
202206171159,,0.0
202206171209,,0.0
202206171219,,0.0
202206171229,,0.0
202206171239,,0.0
202206171249,,0.0
202206171258,147.0,1.8
202206171308,139.0,0.4
202206171318,136.0,0.9
202206171327,97.0,0.9
202206171337,114.0,0.9
202206171347,91.0,0.4
202206171357,120.0,0.9
202206171407,179.0,2.7
202206171417,154.0,2.2
202206171427,82.0,0.4
202206171436,77.0,0.9
202206171446,18.0,0.9
202206171456,128.0,0.4
202206171506,161.0,1.3
202206171515,137.0,0.9
202206171525,145.0,1.3
202206171535,29.0,1.8
202206171545,158.0,0.9
202206171555,130.0,1.3
202206171614,76.0,0.4
202206171624,133.0,1.3
202206171634,196.0,1.3
202206171654,101.0,0.9
202206171704,81.0,1.8
202206171713,110.0,1.8
202206171723,99.0,1.3
202206171733,128.0,0.9
202206171743,183.0,1.8
202206171752,148.0,1.8
202206171802,106.0,0.9
202206171811,122.0,0.9
202206171821,116.0,0.9
202206171830,147.0,1.8
202206171840,130.0,0.4
202206171850,76.0,2.7
202206171900,80.0,3.6
202206171910,157.0,1.3
202206171919,131.0,0.9
202206171929,134.0,1.3
202206171938,124.0,0.9
202206171948,149.0,0.4
202206171958,130.0,0.4
202206172007,,0.0
202206172017,170.0,0.4
202206172026,,0.0
202206172036,135.0,0.4
202206172045,169.0,0.9
202206172055,101.0,0.4
202206172105,3.0,1.3
202206172115,70.0,1.3
202206172124,,0.0
202206172134,,0.0
202206172143,75.0,0.4
202206172153,70.0,0.9
202206172212,23.0,0.9
202206172222,216.0,0.9
202206172232,,0.0
202206172241,,0.0
202206172251,,0.0
202206172301,141.0,0.4
202206172311,136.0,0.4
202206172321,135.0,0.4
202206172331,,0.0
202206172341,,0.0
202206172350,,0.0
202206180000,153.0,0.4
202206180009,,0.0
202206180019,,0.0
202206180029,,0.0
202206180039,,0.0
202206180049,,0.0
202206180059,,0.0
202206180108,,0.0
202206180118,,0.0
202206180127,,0.0
202206180137,,0.0
202206180157,,0.0
202206180207,,0.0
202206180217,,0.0
202206180227,,0.0
202206180237,,0.0
202206180246,,0.0
202206180256,,0.0
202206180306,,0.0
202206180316,,0.0
202206180326,,0.0
202206180335,,0.0
202206180345,,0.0
202206180355,,0.0
202206180404,,0.0
202206180414,,0.0
202206180423,,0.0
202206180433,,0.0
202206180442,,0.0
202206180452,,0.0
202206180502,,0.0
202206180512,,0.0
202206180522,,0.0
202206180532,,0.0
202206180602,153.0,0.4
202206180612,157.0,0.4
202206180621,,0.0
202206180630,131.0,0.9
202206180639,159.0,0.4
202206180649,125.0,0.9
202206180659,,0.0
202206180709,,0.0
202206180729,109.0,0.4
202206180738,,0.0
202206180758,110.0,0.4
202206180808,,0.0
202206180818,,0.0
202206180828,,0.0
202206180837,,0.0
202206180847,109.0,0.9
202206180857,,0.0
202206180906,,0.0
202206180916,,0.0
202206180926,,0.0
202206180936,,0.0
202206180946,,0.0
202206180956,,0.0
202206181006,109.0,0.4
202206181015,109.0,0.4
202206181025,110.0,0.9
202206181035,,0.0
202206181045,110.0,0.4
202206181055,,0.0
202206181105,,0.0
202206181114,109.0,0.4
202206181124,,0.0
202206181134,109.0,0.4
202206181144,110.0,0.4
202206181153,111.0,0.9
202206181203,143.0,0.9
202206181213,135.0,0.4
202206181223,155.0,0.9
202206181233,164.0,0.4
202206181243,106.0,0.4
202206181253,95.0,0.9
202206181303,143.0,1.3
202206181313,143.0,1.3
202206181323,175.0,1.3
202206181332,171.0,0.9
202206181342,,0.0
202206181352,94.0,0.4
202206181402,358.0,1.3
202206181412,114.0,0.4
202206181432,117.0,0.4
202206181442,157.0,1.3
202206181451,194.0,1.3
202206181501,21.0,0.9
202206181511,225.0,0.4
202206181530,333.0,0.9
202206181540,,0.0
202206181558,69.0,0.9
202206181608,114.0,0.4
202206181618,204.0,0.9
202206181628,127.0,1.3
202206181638,143.0,0.9
202206181648,124.0,0.4
202206181657,253.0,1.3
202206181707,203.0,1.3
202206181717,212.0,1.8
202206181727,87.0,1.3
202206181736,237.0,1.3
202206181746,129.0,0.4
202206181756,278.0,0.9
202206181806,251.0,1.3
202206181816,133.0,1.3
202206181826,258.0,1.3
202206181835,106.0,0.4
202206181845,228.0,2.2
202206181854,193.0,1.3
202206181914,308.0,1.3
202206181923,174.0,0.4
202206181933,28.0,0.9
202206181943,160.0,0.4
202206181953,88.0,1.3
202206182003,313.0,1.8
202206182023,148.0,0.4
202206182033,171.0,0.9
202206182043,103.0,0.9
202206182052,176.0,0.9
202206182102,179.0,0.4
202206182112,56.0,1.3
202206182122,304.0,1.3
202206182132,197.0,0.9
202206182142,258.0,0.9
202206182152,196.0,1.3
202206182201,192.0,0.9
202206182211,270.0,0.9
202206182221,315.0,1.8
202206182230,221.0,0.4
202206182240,14.0,0.4
202206182250,187.0,0.9
202206182300,,0.0
202206182310,303.0,0.4
202206182320,194.0,0.9
202206182330,88.0,0.9
202206182340,82.0,0.9
202206182350,,0.0
202206190000,108.0,0.4
202206190010,,0.0
202206190020,,0.0
202206190030,,0.0
202206190039,120.0,0.9
202206190049,120.0,0.4
202206190058,137.0,0.4
202206190108,139.0,0.4
202206190117,,0.0
202206190127,152.0,0.4
202206190137,153.0,0.4
202206190146,,0.0
202206190156,,0.0
202206190205,,0.0
202206190214,,0.0
202206190224,,0.0
202206190233,,0.0
202206190243,,0.0
202206190253,,0.0
202206190303,,0.0
202206190312,,0.0
202206190322,,0.0
202206190332,,0.0
202206190341,,0.0
202206190351,,0.0
202206190401,,0.0
202206190411,,0.0
202206190430,,0.0
202206190439,,0.0
202206190449,,0.0
202206190459,,0.0
202206190508,,0.0
202206190518,,0.0
202206190527,,0.0
202206190537,,0.0
202206190547,,0.0
202206190556,,0.0
202206190606,,0.0
202206190616,153.0,0.4
202206190626,153.0,0.4
202206190635,,0.0
202206190645,,0.0
202206190654,,0.0
202206190704,,0.0
202206190713,,0.0
202206190723,,0.0
202206190733,,0.0
202206190745,154.0,0.4
202206190827,,0.0
202206190839,,0.0
202206190848,,0.0
202206190900,,0.0
202206190912,,0.0
202206190924,,0.0
202206190944,,0.0
202206191005,,0.0
202206191015,,0.0
202206191035,,0.0
202206191047,,0.0
202206191059,,0.0
202206191108,,0.0
202206191118,,0.0
202206191127,,0.0
202206191146,,0.0
202206191156,,0.0
202206191235,,0.0
202206191244,,0.0
202206191254,154.0,0.4
202206191303,153.0,0.9
202206191323,154.0,0.9
202206191332,154.0,0.9
202206191413,,0.0
202206191423,,0.0
202206191432,123.0,0.4
202206191442,180.0,0.4
202206191452,127.0,0.9
202206191502,114.0,0.4
202206191521,,0.0
202206191531,,0.0
202206191540,92.0,0.9
202206191610,125.0,0.4
202206191620,109.0,0.4
202206191629,172.0,0.4
202206191639,226.0,1.3
202206191649,226.0,1.3
202206191658,,0.0
202206191708,350.0,0.9
202206191718,200.0,0.9
202206191728,173.0,0.4
202206191738,,0.0
202206191748,298.0,0.9
202206191757,35.0,1.3
202206191815,137.0,0.4
202206191825,105.0,0.9
202206191844,246.0,1.3
202206191854,235.0,0.9
202206191904,15.0,0.4
202206191914,87.0,0.4
202206191924,,0.0
202206191933,165.0,0.4
202206191943,67.0,0.9
202206191953,184.0,0.9
202206192003,359.0,1.3
202206192012,174.0,0.4
202206192022,3.0,2.2
202206192032,187.0,0.4
202206192042,224.0,0.9
202206192051,152.0,0.9
202206192101,48.0,0.4
202206192111,139.0,0.9
202206192121,231.0,0.9
202206192131,356.0,0.9
202206192140,187.0,0.4
202206192150,77.0,0.9
202206192200,175.0,0.9
202206192210,80.0,0.4
202206192219,36.0,1.3
202206192228,177.0,0.4
202206192238,86.0,0.4
202206192248,95.0,0.4
202206192258,,0.0
202206192308,,0.0
202206192317,,0.0
202206192327,,0.0
202206192337,,0.0
202206192347,,0.0
202206192356,,0.0
202206200006,,0.0
202206200015,,0.0
202206200025,,0.0
202206200035,,0.0
202206200045,,0.0
202206200055,,0.0
202206200104,118.0,0.4
202206200123,,0.0
202206200132,118.0,0.4
202206200142,,0.0
202206200152,,0.0
202206200201,,0.0
202206200211,,0.0
202206200221,,0.0
202206200241,,0.0
202206200251,,0.0
202206200300,,0.0
202206200310,,0.0
202206200319,,0.0
202206200328,,0.0
202206200338,,0.0
202206200348,,0.0
202206200357,,0.0
202206200407,,0.0
202206200417,,0.0
202206200426,,0.0
202206200436,,0.0
202206200446,,0.0
202206200456,,0.0
202206200505,,0.0
202206200514,,0.0
202206200524,,0.0
202206200533,,0.0
202206200542,118.0,0.4
202206200552,,0.0
202206200601,,0.0
202206200610,,0.0
202206200620,,0.0
202206200630,,0.0
202206200640,,0.0
202206200650,,0.0
202206200700,,0.0
202206200710,,0.0
202206200719,,0.0
202206200729,,0.0
202206200739,,0.0
202206200749,,0.0
202206200758,,0.0
202206200807,,0.0
202206200817,,0.0
202206200827,,0.0
202206200837,,0.0
202206200847,,0.0
202206200857,,0.0
202206200907,,0.0
202206200917,,0.0
202206200926,,0.0
202206200936,,0.0
202206200945,,0.0
202206200955,,0.0
202206201004,,0.0
202206201013,,0.0
202206201023,,0.0
202206201032,,0.0
202206201042,,0.0
202206201052,,0.0
202206201102,,0.0
202206201111,,0.0
202206201120,,0.0
202206201130,118.0,0.4
202206201139,,0.0
202206201149,,0.0
202206201158,118.0,0.4
202206201208,,0.0
202206201218,,0.0
202206201228,,0.0
202206201237,,0.0
202206201247,,0.0
202206201257,,0.0
202206201317,117.0,0.9
202206201326,117.0,0.4
202206201336,,0.0
202206201346,117.0,0.4
202206201355,117.0,0.4
202206201405,,0.0
202206201414,,0.0
202206201424,,0.0
202206201434,,0.0
202206201443,,0.0
202206201453,,0.0
202206201503,,0.0
202206201512,,0.0
202206201522,51.0,0.9
202206201532,,0.0
202206201541,25.0,0.9
202206201551,,0.0
202206201600,89.0,0.4
202206201610,60.0,0.4
202206201619,102.0,0.4
202206201628,263.0,0.9
202206201637,263.0,0.9
202206201647,,0.0
202206201657,,0.0
202206201706,219.0,0.4
202206201716,,0.0
202206201725,,0.0
202206201735,143.0,0.9
202206201745,,0.0
202206201755,129.0,0.4
202206201805,53.0,0.4
202206201815,,0.0
202206201825,120.0,0.4
202206201834,120.0,0.4
202206201843,126.0,0.9
202206201853,143.0,0.9
202206201902,142.0,0.9
202206201912,142.0,0.4
202206201922,,0.0
202206201941,129.0,0.9
202206201950,143.0,0.9
202206201959,157.0,0.4
202206202009,156.0,0.9
202206202019,156.0,0.9
202206202029,156.0,0.4
202206202038,156.0,0.4
202206202048,,0.0
202206202058,,0.0
202206202107,156.0,0.9
202206202117,156.0,0.9
202206202126,156.0,0.9
202206202136,156.0,0.9
202206202145,156.0,0.9
202206202155,,0.0
202206202205,,0.0
202206202215,,0.0
202206202225,,0.0
202206202235,,0.0
202206202245,144.0,0.4
202206202255,,0.0
202206202305,,0.0
202206202314,,0.0
202206202324,,0.0
202206202333,,0.0
202206202343,,0.0
202206202352,,0.0
202206210001,,0.0
202206210010,144.0,0.4
202206210020,,0.0
202206210029,,0.0
202206210039,,0.0
202206210049,,0.0
202206210059,,0.0
202206210108,,0.0
202206210117,,0.0
202206210127,,0.0
202206210136,,0.0
202206210146,,0.0
202206210155,,0.0
202206210205,,0.0
202206210215,,0.0
202206210224,,0.0
202206210234,,0.0
202206210244,,0.0
202206210254,,0.0
202206210303,,0.0
202206210313,,0.0
202206210323,,0.0
202206210333,,0.0
202206210343,,0.0
202206210353,,0.0
202206210403,,0.0
202206210413,,0.0
202206210422,,0.0
202206210431,,0.0
202206210441,,0.0
202206210451,,0.0
202206210500,,0.0
202206210510,,0.0
202206210520,,0.0
202206210529,,0.0
202206210539,,0.0
202206210548,,0.0
202206210558,,0.0
202206210607,,0.0
202206210616,,0.0
202206210626,,0.0
202206210635,,0.0
202206210645,,0.0
202206210655,,0.0
202206210704,,0.0
202206210713,,0.0
202206210723,,0.0
202206210733,,0.0
202206210742,,0.0
202206210752,,0.0
202206210801,,0.0
202206210811,,0.0
202206210820,,0.0
202206210830,,0.0
202206210839,,0.0
202206210849,,0.0
202206210859,,0.0
202206210909,,0.0
202206210919,,0.0
202206210928,,0.0
202206210937,,0.0
202206210946,,0.0
202206210956,,0.0
202206211005,,0.0
202206211014,,0.0
202206211023,,0.0
202206211033,,0.0
202206211042,,0.0
202206211052,,0.0
202206211101,,0.0
202206211111,,0.0
202206211121,,0.0
202206211140,,0.0
202206211149,,0.0
202206211159,,0.0
202206211208,,0.0
202206211217,,0.0
202206211227,,0.0
202206211236,,0.0
202206211246,,0.0
202206211255,,0.0
202206211305,,0.0
202206211324,,0.0
202206211333,,0.0
202206211343,,0.0
202206211352,,0.0
202206211401,,0.0
202206211411,,0.0
202206211421,,0.0
202206211430,,0.0
202206211440,,0.0
202206211450,,0.0
202206211459,,0.0
202206211509,,0.0
202206211519,,0.0
202206211528,142.0,0.9
202206211538,59.0,0.9
202206211548,142.0,0.9
202206211557,115.0,0.4
202206211607,132.0,0.4
202206211617,,0.0
202206211626,106.0,0.4
202206211636,111.0,1.3
202206211646,101.0,0.9
202206211656,158.0,1.3
202206211705,,0.0
202206211714,163.0,0.9
202206211724,142.0,0.9
202206211734,285.0,0.9
202206211743,157.0,0.9
202206211753,73.0,0.4
202206211802,97.0,0.4
202206211812,71.0,0.4
202206211821,282.0,0.9
202206211831,154.0,0.4
202206211841,137.0,0.9
202206211851,265.0,0.9
202206211901,71.0,0.4
202206211910,185.0,0.9
202206211920,26.0,1.8
202206211930,158.0,0.9
202206211939,58.0,1.3
202206211948,26.0,0.9
202206211958,216.0,0.9
202206212007,145.0,0.9
202206212017,148.0,0.4
202206212027,10.0,0.9
202206212036,,0.0
202206212046,168.0,1.3
202206212105,66.0,0.9
202206212114,7.0,1.3
202206212124,,0.0
202206212133,179.0,0.9
202206212143,147.0,0.9
202206212153,170.0,0.4
202206212202,161.0,0.9
202206212212,,0.0
202206212222,140.0,0.4
202206212232,151.0,0.4
202206212242,,0.0
202206212251,,0.0
202206212300,167.0,0.4
202206212309,,0.0
202206212318,,0.0
202206212328,,0.0
202206212338,149.0,0.4
202206212348,149.0,0.4
202206212358,,0.0
202206220007,150.0,0.9
202206220016,150.0,0.4
202206220026,150.0,0.4
202206220035,151.0,0.9
202206220045,,0.0
202206220054,,0.0
202206220103,,0.0
202206220113,,0.0
202206220123,,0.0
202206220133,,0.0
202206220142,,0.0
202206220151,,0.0
202206221248,,0.0
202206221257,,0.0
202206221316,,0.0
202206221325,,0.0
202206221335,,0.0
202206221345,,0.0
202206221354,,0.0
202206221403,,0.0
202206221412,,0.0
202206221421,,0.0
202206221430,150.0,0.9
202206221440,115.0,0.9
202206221449,137.0,0.4
202206221458,250.0,0.4
202206221508,31.0,1.3
202206221517,33.0,0.9
202206221527,110.0,0.4
202206221537,27.0,0.9
202206221546,127.0,0.9
202206221556,,0.0
202206221605,207.0,0.4
202206221615,,0.0
202206221625,175.0,0.9
202206221635,137.0,0.4
202206221644,155.0,0.9
202206221653,139.0,0.4
202206221703,,0.0
202206221713,,0.0
202206221722,107.0,0.9
202206221731,166.0,0.4
202206221741,121.0,1.3
202206221750,242.0,1.3
202206221800,245.0,0.9
202206221810,132.0,0.9
202206221819,180.0,1.8
202206221829,20.0,3.1
202206221839,157.0,1.3
202206221848,85.0,0.4
202206221858,114.0,1.3
202206221907,127.0,1.3
202206221926,153.0,2.2
202206221935,43.0,0.9
202206221945,150.0,1.3
202206221955,65.0,0.4
202206222004,130.0,0.9
202206222014,80.0,0.9
202206222024,103.0,0.4
202206222034,158.0,0.4
202206222043,68.0,0.9
202206222053,136.0,0.4
202206222103,140.0,1.8
202206222112,133.0,1.3
202206222121,139.0,0.4
202206222131,,0.0
202206222141,160.0,0.4
202206222151,150.0,1.3
202206222201,141.0,0.4
202206222211,,0.0
202206222221,17.0,0.4
202206222231,208.0,0.9
202206222240,79.0,0.9
202206222250,0.0,0.9
202206222300,160.0,0.4
202206222309,88.0,0.4
202206222319,149.0,0.4
202206222328,115.0,0.9
202206222337,144.0,0.4
202206222347,,0.0
202206222356,,0.0
202206230006,,0.0
202206230016,149.0,0.9
202206230026,150.0,0.4
202206230036,,0.0
202206230046,150.0,0.4
202206230055,150.0,0.4
202206230105,150.0,0.4
202206230114,,0.0
202206230124,158.0,5.4
202206230133,135.0,0.9
202206230143,100.0,0.9
202206230152,,0.0
202206230202,112.0,0.4
202206231523,54.0,0.4
202206231533,,0.0
202206231542,,0.0
202206231552,90.0,0.4
202206231602,151.0,0.4
202206231612,135.0,0.9
202206231622,158.0,0.9
202206231632,104.0,0.4
202206231641,213.0,0.9
202206231650,128.0,0.9
202206231700,222.0,1.3
202206231709,126.0,1.8
202206231719,181.0,0.4
202206231729,148.0,0.9
202206231739,53.0,0.4
202206231748,150.0,0.9
202206231758,286.0,1.3
202206231817,127.0,0.4
202206231827,204.0,0.9
202206231836,183.0,0.4
202206231846,206.0,0.9
202206231856,13.0,0.9
202206231905,75.0,0.9
202206231915,206.0,0.9
202206231924,174.0,0.4
202206231944,87.0,0.9
202206231953,148.0,0.4
202206232003,0.0,0.9
202206232013,,0.0
202206232022,19.0,1.3
202206232032,307.0,1.3
202206232042,191.0,0.9
202206232051,1.0,1.3
202206232101,287.0,0.9
202206232110,160.0,0.4
202206232120,143.0,0.4
202206232129,179.0,1.8
202206232139,207.0,0.9
202206232148,161.0,0.4
202206232158,173.0,0.4
202206232207,227.0,1.3
202206232217,177.0,0.4
202206232237,,0.0
202206232247,286.0,0.4
202206232256,,0.0
202206232316,161.0,0.4
202206232326,158.0,0.4
202206232335,,0.0
202206232345,,0.0
202206232354,,0.0
202206240004,,0.0
202206240014,150.0,0.4
202206240024,150.0,0.9
202206240034,150.0,0.4
202206240043,150.0,0.4
202206240052,150.0,0.4
202206240102,,0.0
202206240111,151.0,0.4
202206240121,,0.0
202206240131,,0.0
202206240140,,0.0
202206240150,,0.0
202206240159,,0.0
202206240209,,0.0
202206240219,,0.0
202206240229,,0.0
202206240239,,0.0
202206240249,,0.0
202206240259,,0.0
202206240309,,0.0
202206240319,,0.0
202206240328,,0.0
202206240338,,0.0
202206240348,,0.0
202206240357,,0.0
202206240406,,0.0
202206240415,,0.0
202206240424,,0.0
202206240434,,0.0
202206240443,,0.0
202206240453,,0.0
202206240502,,0.0
202206240511,,0.0
202206240521,,0.0
202206240531,,0.0
202206240541,,0.0
202206240550,,0.0
202206240600,,0.0
202206240609,,0.0
202206240618,,0.0
202206240627,,0.0
202206240636,,0.0
202206240646,,0.0
202206240656,,0.0
202206240706,,0.0
202206240716,,0.0
202206240725,,0.0
202206240735,,0.0
202206240745,,0.0
202206240754,,0.0
202206240803,,0.0
202206240813,,0.0
202206240822,,0.0
202206240832,,0.0
202206240842,,0.0
202206240852,,0.0
202206240901,,0.0
202206240911,,0.0
202206240921,,0.0
202206240931,,0.0
202206240940,,0.0
202206240950,,0.0
202206241000,,0.0
202206241009,,0.0
202206241019,,0.0
202206241028,,0.0
202206241038,,0.0
202206241048,,0.0
202206241057,,0.0
202206241107,,0.0
202206241117,,0.0
202206241136,,0.0
202206241145,,0.0
202206241155,,0.0
202206241205,,0.0
202206241214,,0.0
202206241224,,0.0
202206241234,,0.0
202206241244,,0.0
202206241253,,0.0
202206241302,,0.0
202206241312,,0.0
202206241322,,0.0
202206241332,150.0,0.4
202206241341,150.0,0.4
202206241350,,0.0
202206241400,,0.0
202206241409,,0.0
202206241418,,0.0
202206241427,,0.0
202206241437,150.0,0.9
202206241446,,0.0
202206241455,152.0,0.4
202206241505,46.0,1.3
202206241515,81.0,0.4
202206241525,,0.0
202206241535,149.0,0.4
202206241545,82.0,0.4
202206241554,117.0,0.9
202206241604,44.0,0.9
202206241613,312.0,1.3
202206241623,54.0,0.4
202206241633,,0.0
202206241643,197.0,0.9
202206241702,144.0,0.9
202206241712,206.0,0.9
202206241722,154.0,0.4
202206241731,177.0,0.9
202206241751,,0.0
202206241801,344.0,1.3
202206241810,145.0,0.9
202206241820,35.0,0.9
202206241829,238.0,1.3
202206241838,165.0,0.9
202206241847,41.0,1.8
202206241857,120.0,0.4
202206241907,143.0,0.4
202206241916,282.0,2.2
202206241926,,0.0
202206241936,358.0,1.3
202206241945,173.0,0.4
202206242005,87.0,0.9
202206242014,120.0,0.4
202206242024,146.0,0.4
202206242033,199.0,0.9
202206242042,159.0,0.4
202206242052,8.0,0.9
202206242101,107.0,0.4
202206242121,,0.0
202206242130,133.0,0.9
202206242140,158.0,0.4
202206242149,220.0,1.3
202206242159,177.0,0.4
202206242209,115.0,0.4
202206242219,176.0,0.4
202206242229,,0.0
202206242238,,0.0
202206242248,165.0,0.4
202206242257,,0.0
202206242307,163.0,0.9
202206242317,,0.0
202206242327,,0.0
202206242337,,0.0
202206242347,,0.0
202206242357,,0.0
202206250006,,0.0
202206250016,88.0,0.4
202206250026,88.0,0.4
202206250036,88.0,0.4
202206250045,88.0,0.4
202206250054,,0.0
202206250104,88.0,0.4
202206250114,88.0,0.9
202206250124,,0.0
202206250133,88.0,0.4
202206250142,,0.0
202206250151,88.0,0.4
202206250201,88.0,0.4
202206250210,,0.0
202206250219,,0.0
202206250228,,0.0
202206250238,,0.0
202206250248,,0.0
202206250257,,0.0
202206250307,,0.0
202206250316,,0.0
202206250326,,0.0
202206250336,,0.0
202206250346,,0.0
202206250355,,0.0
202206250405,,0.0
202206250415,,0.0
202206250425,,0.0
202206250434,,0.0
202206250444,,0.0
202206250453,,0.0
202206261013,,0.0
202206261023,,0.0
202206261033,,0.0
202206261042,,0.0
202206261052,,0.0
202206261102,,0.0
202206261112,,0.0
202206261122,,0.0
202206261132,,0.0
202206261142,,0.0
202206261151,,0.0
202206261211,,0.0
202206261221,,0.0
202206261231,,0.0
202206261241,,0.0
202206261251,117.0,0.4
202206261300,111.0,0.4
202206261310,,0.0
202206261320,,0.0
202206261330,,0.0
202206261340,105.0,0.4
202206261350,,0.0
202206261400,103.0,0.4
202206261410,,0.0
202206261420,160.0,0.9
202206261429,143.0,0.4
202206261439,,0.0
202206261449,,0.0
202206261458,,0.0
202206261508,,0.0
202206261518,,0.0
202206261528,89.0,0.4
202206261538,,0.0
202206261548,,0.0
202206261558,119.0,0.4
202206261608,118.0,0.4
202206261618,109.0,0.4
202206261627,73.0,0.9
202206261636,,0.0
202206261646,,0.0
202206261656,,0.0
202206261705,,0.0
202206261715,,0.0
202206261725,,0.0
202206261735,,0.0
202206261745,118.0,0.4
202206261755,132.0,0.4
202206261805,,0.0
202206261814,,0.0
202206261824,,0.0
202206261834,157.0,0.9
202206261844,,0.0
202206261854,154.0,0.4
202206261904,,0.0
202206261913,155.0,0.4
202206261923,116.0,0.9
202206261933,122.0,0.4
202206261943,132.0,0.4
202206261953,129.0,0.9
202206262003,132.0,0.9
202206262013,106.0,0.4
202206262023,,0.0
202206262032,,0.0
202206262042,,0.0
202206262051,138.0,0.4
202206262100,138.0,0.4
202206262110,137.0,0.4
202206262120,136.0,0.4
202206262130,137.0,0.4
202206262140,137.0,0.9
202206262150,137.0,0.9
202206262200,136.0,0.9
202206262210,131.0,0.4
202206262220,137.0,0.9
202206262230,131.0,1.3
202206262240,122.0,0.9
202206262250,,0.0
202206262259,,0.0
202206262319,,0.0
202206262329,,0.0
202206262339,,0.0
202206262349,,0.0
202206270009,,0.0
202206270019,,0.0
202206270029,,0.0
202206270039,,0.0
202206270049,,0.0
202206270059,,0.0
202206270109,143.0,0.4
202206270119,,0.0
202206270128,,0.0
202206270138,146.0,0.4
202206270148,148.0,0.9
202206270158,,0.0
202206270208,,0.0
202206270218,,0.0
202206270228,,0.0
202206270238,146.0,0.9
202206270248,,0.0
202206270257,,0.0
202206270307,,0.0
202206270317,,0.0
202206270326,,0.0
202206270336,,0.0
202206270346,,0.0
202206270356,,0.0
202206270406,,0.0
202206270416,,0.0
202206270426,,0.0
202206270435,,0.0
202206270445,,0.0
202206270454,,0.0
202206270504,,0.0
202206270514,,0.0
202206270523,,0.0
202206270533,,0.0
202206270543,,0.0
202206270553,,0.0
202206270602,,0.0
202206270612,,0.0
202206270622,,0.0
202206270632,,0.0
202206270641,,0.0
202206270651,,0.0
202206270701,,0.0
202206270711,,0.0
202206270721,,0.0
202206270731,,0.0
202206270741,,0.0
202206270801,,0.0
202206270811,,0.0
202206270821,,0.0
202206270831,,0.0
202206270850,,0.0
202206270900,,0.0
202206270920,,0.0
202206270930,,0.0
202206270940,,0.0
202206270950,,0.0
202206271000,,0.0
202206271020,,0.0
202206271030,,0.0
202206271039,,0.0
202206271049,,0.0
202206271059,,0.0
202206271109,,0.0
202206271118,,0.0
202206271127,,0.0
202206271137,117.0,1.3
202206271146,137.0,0.9
202206271156,120.0,0.4
202206271206,111.0,0.4
202206271216,146.0,0.9
202206271226,,0.0
202206271235,,0.0
202206271245,118.0,0.4
202206271255,85.0,0.9
202206271305,302.0,0.4
202206271314,37.0,1.3
202206271324,248.0,1.3
202206271334,87.0,0.9
202206271344,299.0,1.3
202206271354,116.0,0.4
202206271404,174.0,0.9
202206271414,150.0,0.9
202206271424,141.0,0.4
202206271434,,0.0
202206271444,165.0,0.9
202206271454,82.0,0.4
202206271504,,0.0
202206271513,,0.0
202206271523,,0.0
202206271533,,0.0
202206271543,,0.0
202206271553,,0.0
202206271603,86.0,0.9
202206271613,128.0,0.9
202206271623,50.0,0.9
202206271633,,0.0
202206271642,47.0,0.9
202206271651,59.0,0.9
202206271701,115.0,0.9
202206271711,343.0,1.3
202206271721,280.0,1.3
202206271731,223.0,0.9
202206271741,313.0,0.9
202206271751,329.0,0.9
202206271801,107.0,0.4
202206271811,25.0,0.9
202206271821,117.0,0.4
202206271831,31.0,0.9
202206271840,9.0,1.8
202206271850,238.0,0.9
202206271900,125.0,0.4
202206271910,330.0,1.8
202206271920,128.0,0.9
202206271930,171.0,0.4
202206271940,110.0,0.4
202206271950,109.0,0.9
202206272000,16.0,1.3
202206272010,,0.0
202206272020,174.0,0.4
202206272030,147.0,1.3
202206272049,225.0,1.3
202206272059,129.0,0.9
202206272108,327.0,0.9
202206272117,168.0,1.8
202206272217,190.0,0.4
202206272226,25.0,0.9
202206272236,171.0,1.8
202206272246,265.0,0.4
202206272256,359.0,0.9
202206272306,21.0,0.4
202206272316,,0.0
202206272326,154.0,0.4
202206272336,129.0,0.9
202206272345,,0.0
202206272355,,0.0
202206280004,155.0,0.4
202206280014,155.0,0.4
202206280024,,0.0
202206280034,,0.0
202206280044,,0.0
202206280054,,0.0
202206280103,,0.0
202206281250,111.0,0.4
202206281300,87.0,0.4
202206281310,,0.0
202206281319,,0.0
202206281328,,0.0
202206281338,,0.0
202206281348,88.0,0.4
202206281358,,0.0
202206281407,88.0,0.4
202206281417,88.0,0.4
202206281426,88.0,0.4
202206281436,,0.0
202206281446,86.0,0.4
202206281456,359.0,0.4
202206281506,,0.0
202206281516,117.0,0.4
202206281526,,0.0
202206281536,150.0,0.4
202206281545,150.0,0.4
202206281555,37.0,0.9
202206281604,204.0,1.3
202206281614,,0.0
202206281624,347.0,1.3
202206281634,115.0,0.4
202206281644,230.0,0.9
202206281654,199.0,0.9
202206281704,,0.0
202206281713,299.0,0.9
202206281723,355.0,0.9
202206281733,,0.0
202206281743,179.0,0.4
202206281753,278.0,0.4
202206281803,191.0,0.4
202206281813,80.0,0.4
202206281822,57.0,0.9
202206281832,175.0,0.9
202206281842,359.0,1.3
202206281852,347.0,1.3
202206281902,78.0,0.4
202206281912,353.0,1.3
202206281922,357.0,0.9
202206281932,341.0,0.4
202206281942,39.0,1.3
202206281952,346.0,1.3
202206282002,321.0,1.3
202206282012,126.0,0.4
202206282021,190.0,0.4
202206282031,,0.0
202206282041,106.0,0.9
202206282051,323.0,0.9
202206282101,347.0,1.3
202206282111,252.0,1.3
202206282121,94.0,0.4
202206282131,157.0,0.4
202206282141,164.0,0.4
202206282150,164.0,0.4
202206282159,91.0,0.4
202206282209,36.0,0.9
202206282219,205.0,0.9
202206282229,323.0,1.3
202206282239,193.0,0.9
202206282249,150.0,0.4
202206282258,,0.0
202206282308,,0.0
202206282317,,0.0
202206282327,,0.0
202206282336,,0.0
202206282346,,0.0
202206282355,,0.0
202206290005,,0.0
202206290015,,0.0
202206290025,152.0,0.4
202206290035,,0.0
202206290045,,0.0
202206290054,152.0,0.4
202206290104,152.0,0.4
202206290113,,0.0
202206291002,,0.0
202206291012,,0.0
202206291022,,0.0
202206291042,,0.0
202206291052,,0.0
202206291101,,0.0
202206291111,,0.0
202206291121,,0.0
202206291131,,0.0
202206291141,,0.0
202206291150,,0.0
202206291200,,0.0
202206291209,,0.0
202206291219,,0.0
202206291229,,0.0
202206291238,,0.0
202206291248,,0.0
202206291257,,0.0
202206291307,151.0,0.4
202206291317,,0.0
202206291327,,0.0
202206291337,151.0,0.4
202206291346,,0.0
202206291356,,0.0
202206291406,151.0,0.4
202206291416,152.0,0.4
202206291426,,0.0
202206291436,122.0,0.9
202206291446,43.0,0.9
202206291456,25.0,1.3
202206291505,64.0,0.4
202206291515,156.0,1.3
202206291524,156.0,1.3
202206291534,84.0,0.4
202206291544,148.0,0.4
202206291554,165.0,1.3
202206291604,106.0,0.4
202206291613,181.0,0.9
202206291623,110.0,1.3
202206291633,27.0,1.8
202206291643,51.0,0.9
202206291652,21.0,1.8
202206291702,,0.0
202206291711,93.0,0.4
202206291720,105.0,0.4
202206291730,169.0,1.3
202206291740,222.0,0.9
202206291750,116.0,0.4
202206291800,206.0,0.9
202206291810,150.0,1.3
202206291820,358.0,1.8
202206291829,,0.0
202206291839,134.0,0.4
202206291849,32.0,1.3
202206291858,117.0,1.3
202206291907,95.0,0.4
202206291917,162.0,1.3
202206291927,171.0,0.4
202206291937,143.0,0.4
202206291947,165.0,0.9
202206291957,269.0,1.3
202206292007,42.0,0.4
202206292017,337.0,1.3
202206292027,57.0,0.9
202206292036,255.0,0.4
202206292046,165.0,0.9
202206292056,,0.0
202206292106,69.0,0.9
202206292116,0.0,0.9
202206292126,193.0,0.9
202206292136,210.0,0.9
202206292146,144.0,0.4
202206292206,256.0,0.9
202206292216,213.0,0.9
202206292226,309.0,0.9
202206292236,132.0,0.4
202206292245,132.0,0.4
202206292254,172.0,0.4
202206292303,168.0,0.4
202206292313,,0.0
202206292322,72.0,0.9
202206292332,74.0,0.4
202206292342,74.0,0.4
202206292351,,0.0
202206300001,141.0,0.4
202206300011,,0.0
202206300020,,0.0
202206300030,141.0,0.4
202206300040,141.0,0.4
202206300050,,0.0
202206300100,141.0,0.9
202206300110,142.0,0.4
202206300120,,0.0
202206300130,142.0,0.4
202206300140,,0.0
202206300149,,0.0
202206300159,,0.0
202206300209,,0.0
202206300218,,0.0
202206300228,,0.0
202206300238,142.0,0.4
202206300307,,0.0
202206300317,,0.0
202206300327,,0.0
202206300337,,0.0
202206301953,,0.0
202206302002,,0.0
202206302012,142.0,0.9
202206302022,114.0,0.4
202206302041,142.0,0.4
202206302051,166.0,0.9
202206302100,166.0,0.9
202206302110,37.0,0.9
202206302120,157.0,0.4
202206302150,,0.0
202206302200,96.0,0.4
202206302210,,0.0
202206302220,170.0,0.9
202206302230,88.0,0.9
202206302239,132.0,0.4
202206302249,162.0,0.4
202206302259,,0.0
202206302309,151.0,0.4
202206302319,,0.0
202206302328,,0.0
202206302338,,0.0
202206302348,,0.0
202206302358,154.0,0.4
202207010007,154.0,0.4
202207010017,154.0,0.4
202207010026,154.0,0.4
202207010036,154.0,0.4
202207010045,154.0,0.4
202207010055,154.0,0.4
202207010104,,0.0
202207010114,,0.0
202207010124,,0.0
202207010134,,0.0
202207010144,,0.0
202207010154,,0.0
202207010204,159.0,0.4
202207010214,,0.0
202207010224,,0.0
202207010234,160.0,0.4
202207010244,,0.0
202207010254,,0.0
202207010304,,0.0
202207010314,,0.0
202207010324,,0.0
202207010334,,0.0
202207010344,,0.0
202207010354,,0.0
202207010403,,0.0
202207010413,,0.0
202207010423,,0.0
202207010433,,0.0
202207010443,,0.0
202207010453,,0.0
202207010503,,0.0
202207010513,,0.0
202207010523,,0.0
202207010533,,0.0
202207010543,,0.0
202207010651,,0.0
202207010701,,0.0
202207010710,,0.0
202207010720,,0.0
202207010730,,0.0
202207010740,,0.0
202207010749,,0.0
202207010759,,0.0
202207010808,,0.0
202207010818,,0.0
202207010828,,0.0
202207010838,,0.0
202207010848,,0.0
202207010858,,0.0
202207010918,,0.0
202207010928,,0.0
202207010938,,0.0
202207010948,,0.0
202207010958,,0.0
202207011008,,0.0
202207011018,,0.0
202207011028,,0.0
202207011038,,0.0
202207011048,,0.0
202207011058,,0.0
202207011108,,0.0
202207011118,,0.0
202207011128,,0.0
202207011137,,0.0
202207011147,,0.0
202207011157,,0.0
202207011207,,0.0
202207011217,,0.0
202207011227,,0.0
202207011237,,0.0
202207011247,,0.0
202207011257,,0.0
202207011307,,0.0
202207011317,,0.0
202207011327,,0.0
202207011337,,0.0
202207011347,,0.0
202207011407,162.0,0.9
202207011417,127.0,1.3
202207011427,73.0,0.9
202207011437,29.0,1.8
202207011446,105.0,0.4
202207011456,20.0,2.7
202207011506,141.0,1.3
202207011516,,0.0
202207011526,179.0,0.9
202207011536,95.0,0.4
202207011546,,0.0
202207011555,,0.0
202207011605,97.0,0.4
202207011615,137.0,0.9
202207011624,136.0,0.4
202207011634,78.0,0.4
202207011644,141.0,0.9
202207011653,167.0,0.4
202207011703,109.0,0.4
202207011713,166.0,1.8
202207011723,,0.0
202207011733,176.0,0.4
202207011743,149.0,0.9
202207011753,191.0,0.9
202207011803,130.0,0.9
202207011813,141.0,0.9
202207011823,,0.0
202207011833,121.0,0.9
202207011843,,0.0
202207011852,143.0,0.9
202207011902,66.0,0.4
202207011912,167.0,0.9
202207011922,135.0,0.4
202207011932,124.0,1.3
202207011942,137.0,1.8
202207011952,,0.0
202207012002,140.0,0.9
202207012012,143.0,0.4
202207012022,164.0,0.4
202207012032,138.0,0.9
202207012042,136.0,0.9
202207012052,125.0,0.9
202207012102,,0.0
202207012111,,0.0
202207012121,,0.0
202207012131,85.0,0.9
202207012150,,0.0
202207012200,177.0,0.4
202207012209,153.0,0.4
202207012218,,0.0
202207012228,,0.0
202207012238,,0.0
202207012248,,0.0
202207012308,358.0,0.4
202207012318,338.0,0.4
202207012347,,0.0
202207012357,,0.0
202207020007,,0.0
202207020017,,0.0
202207020027,,0.0
202207020036,,0.0
202207020046,,0.0
202207020055,,0.0
202207020104,,0.0
202207020114,339.0,0.4
202207020124,,0.0
202207020134,340.0,0.4
202207020144,,0.0
202207020154,,0.0
202207020204,339.0,0.4
202207020214,340.0,0.4
202207020224,340.0,0.4
202207020233,340.0,0.4
202207020243,,0.0
202207020253,,0.0
202207020303,,0.0
202207020313,,0.0
202207020323,,0.0
202207020333,339.0,0.4
202207020343,,0.0
202207020353,,0.0
202207020403,,0.0
202207020413,,0.0
202207020423,,0.0
202207020433,,0.0
202207020443,,0.0
202207020453,339.0,0.4
202207020503,,0.0
202207020513,,0.0
202207020522,,0.0
202207021004,,0.0
202207021014,,0.0
202207021024,,0.0
202207021033,,0.0
202207021043,,0.0
202207021053,,0.0
202207021103,,0.0
202207021112,339.0,0.4
202207021122,,0.0
202207021132,,0.0
202207021142,,0.0
202207021152,,0.0
202207021201,,0.0
202207021210,,0.0
202207021220,,0.0
202207021229,339.0,0.4
202207021239,,0.0
202207021248,,0.0
202207021258,339.0,0.4
202207021308,339.0,0.4
202207021317,339.0,0.4
202207021327,339.0,0.9
202207021336,128.0,0.9
202207021346,116.0,0.4
202207021356,143.0,1.3
202207021406,145.0,1.3
202207021416,,0.0
202207021426,138.0,1.3
202207021436,150.0,0.9
202207021446,,0.0
202207021455,,0.0
202207021504,237.0,1.3
202207021514,59.0,0.4
202207021524,176.0,1.3
202207021533,296.0,0.4
202207021542,32.0,0.9
202207021552,339.0,0.9
202207021601,172.0,0.9
202207021611,31.0,0.9
202207021621,137.0,0.9
202207021641,97.0,0.4
202207021651,355.0,1.3
202207021701,28.0,0.9
202207021711,135.0,0.4
202207021721,119.0,0.9
202207021731,47.0,0.9
202207021740,,0.0
202207021750,53.0,1.8
202207021800,169.0,0.4
202207021809,111.0,0.9
202207021829,139.0,0.4
202207021839,139.0,0.9
202207021848,86.0,0.9
202207021858,277.0,0.9
202207021908,340.0,1.8
202207021918,202.0,1.3
202207021927,183.0,0.4
202207021937,,0.0
202207021947,151.0,0.9
202207022006,139.0,0.9
202207022016,,0.0
202207022026,,0.0
202207022036,99.0,0.4
202207022045,,0.0
202207022055,100.0,0.4
202207022105,,0.0
202207022125,,0.0
202207022135,,0.0
202207022145,,0.0
202207022154,,0.0
202207022204,,0.0
202207022213,,0.0
202207022233,88.0,0.4
202207022243,,0.0
202207022253,,0.0
202207022303,,0.0
202207022312,100.0,0.9
202207022322,,0.0
202207022332,123.0,0.4
202207022342,,0.0
202207022352,123.0,0.4
202207030012,,0.0
202207030022,,0.0
202207030031,,0.0
202207030041,,0.0
202207030050,,0.0
202207030100,,0.0
202207030120,,0.0
202207030130,,0.0
202207030140,,0.0
202207030150,,0.0
202207030200,,0.0
202207030819,,0.0
202207030829,,0.0
202207030839,,0.0
202207030849,,0.0
202207030859,,0.0
202207030909,,0.0
202207030919,,0.0
202207030928,,0.0
202207030938,,0.0
202207030948,,0.0
202207030958,,0.0
202207031008,,0.0
202207031017,,0.0
202207031027,,0.0
202207031036,,0.0
202207031046,,0.0
202207031056,,0.0
202207031106,,0.0
202207031116,,0.0
202207031126,,0.0
202207031136,80.0,0.9
202207031146,,0.0
202207031156,129.0,0.4
202207031206,90.0,0.9
202207031216,152.0,0.9
202207031226,,0.0
202207031236,,0.0
202207031246,157.0,0.4
202207031256,,0.0
202207031305,90.0,0.4
202207031315,,0.0
202207031325,,0.0
202207031335,133.0,1.3
202207031345,,0.0
202207031355,,0.0
202207031405,,0.0
202207031415,115.0,0.4
202207031424,,0.0
202207031434,,0.0
202207031444,172.0,0.4
202207031454,136.0,0.9
202207031504,171.0,0.4
202207031513,167.0,0.9
202207031523,192.0,0.9
202207031533,180.0,0.4
202207031543,181.0,0.4
202207031553,174.0,0.4
202207031603,,0.0
202207031613,,0.0
202207031633,108.0,0.9
202207031643,134.0,0.9
202207031653,,0.0
202207031703,,0.0
202207031723,119.0,0.4
202207031732,126.0,0.4
202207031742,,0.0
202207031752,,0.0
202207031802,56.0,0.9
202207031812,174.0,0.4
202207031822,61.0,0.9
202207031832,221.0,0.9
202207031841,,0.0
202207031851,30.0,0.9
202207031901,207.0,0.9
202207031911,267.0,1.3
202207031921,357.0,0.9
202207031931,163.0,0.9
202207031941,,0.0
202207031951,32.0,0.4
202207032001,233.0,0.9
202207032011,338.0,0.9
202207032020,169.0,0.4
202207032030,104.0,0.4
202207032040,15.0,1.3
202207032050,166.0,0.4
202207032100,356.0,1.3
202207032110,166.0,0.9
202207032120,162.0,0.4
202207032130,162.0,0.9
202207032140,185.0,0.4
202207032150,107.0,0.4
202207032200,,0.0
202207032210,,0.0
202207032219,,0.0
202207032229,117.0,0.4
202207032239,,0.0
202207032249,,0.0
202207032259,164.0,0.4
202207032309,52.0,0.9
202207032319,149.0,0.4
202207032329,,0.0
202207032338,,0.0
202207032347,,0.0
202207032357,,0.0
202207040007,,0.0
202207040017,,0.0
202207040027,,0.0
202207040037,,0.0
202207040047,,0.0
202207040057,95.0,0.4
202207040116,,0.0
202207040126,,0.0
202207040136,,0.0
202207040146,,0.0
202207040156,,0.0
202207040206,,0.0
202207040226,,0.0
202207040246,,0.0
202207040255,,0.0
202207040305,,0.0
202207040315,,0.0
202207040324,,0.0
202207040353,,0.0
202207040403,,0.0
202207040413,,0.0
202207040433,,0.0
202207040442,,0.0
202207040452,,0.0
202207040502,,0.0
202207040512,,0.0
202207040522,,0.0
202207040532,,0.0
202207040542,,0.0
202207040552,,0.0
202207040602,,0.0
202207040612,,0.0
202207040621,,0.0
202207040631,,0.0
202207040641,,0.0
202207040651,,0.0
202207040701,,0.0
202207040711,,0.0
202207040721,,0.0
202207040731,,0.0
202207040741,,0.0
202207040751,,0.0
202207040801,,0.0
202207040811,,0.0
202207040821,,0.0
202207040831,,0.0
202207040841,,0.0
202207040851,,0.0
202207040911,,0.0
202207040920,,0.0
202207040930,,0.0
202207040939,,0.0
202207040949,,0.0
202207040958,,0.0
202207041008,,0.0
202207041017,,0.0
202207041027,,0.0
202207041037,,0.0
202207041046,,0.0
202207041056,,0.0
202207041106,,0.0
202207041116,,0.0
202207041126,,0.0
202207041136,,0.0
202207041146,,0.0
202207041156,,0.0
202207041206,,0.0
202207041217,,0.0
202207041226,,0.0
202207041236,,0.0
202207041245,,0.0
202207041255,,0.0
202207041305,,0.0
202207041315,,0.0
202207041324,,0.0
202207041334,,0.0
202207041344,,0.0
202207041353,,0.0
202207041403,,0.0
202207041413,,0.0
202207041423,,0.0
202207041433,,0.0
202207041443,,0.0
202207041452,,0.0
202207041502,,0.0
202207041511,96.0,0.4
202207041521,67.0,0.9
202207041531,111.0,0.4
202207041541,49.0,0.4
202207041551,49.0,0.9
202207041601,137.0,0.9
202207041611,78.0,0.4
202207041621,26.0,1.3
202207041631,76.0,0.4
202207041641,168.0,0.4
202207041651,131.0,0.9
202207041701,177.0,0.4
202207041711,123.0,0.4
202207041721,54.0,0.9
202207041731,20.0,1.3
202207041740,138.0,0.4
202207041750,124.0,0.4
202207041800,327.0,1.8
202207041809,148.0,0.4
202207041819,258.0,1.3
202207041829,,0.0
202207051042,,0.0
202207051052,,0.0
202207051102,,0.0
202207051112,,0.0
202207051122,,0.0
202207051132,,0.0
202207051142,,0.0
202207051151,,0.0
202207051201,,0.0
202207051210,,0.0
202207051220,,0.0
202207051230,,0.0
202207051240,,0.0
202207051250,,0.0
202207051300,,0.0
202207051309,,0.0
202207051319,,0.0
202207051329,,0.0
202207051339,,0.0
202207051359,,0.0
202207051419,104.0,0.4
202207051429,150.0,0.4
202207051449,50.0,0.9
202207051459,139.0,1.3
202207051509,112.0,0.4
202207051519,36.0,1.3
202207051529,105.0,0.9
202207051539,35.0,1.8
202207051549,140.0,0.4
202207051559,192.0,0.9
202207051609,,0.0
202207051619,161.0,2.2
202207051639,92.0,0.4
202207051649,175.0,2.2
202207051658,175.0,2.2
202207051708,131.0,0.4
202207051718,175.0,1.8
202207051728,160.0,2.7
202207051737,147.0,2.7
202207051747,153.0,1.8
202207051757,146.0,0.4
202207051807,81.0,0.4
202207051817,177.0,0.4
202207051826,156.0,0.4
202207051836,208.0,0.4
202207051846,174.0,0.4
202207051856,143.0,0.4
202207051906,,0.0
202207051916,154.0,0.4
202207051925,126.0,0.4
202207051935,56.0,0.9
202207051945,2.0,1.3
202207051955,292.0,1.8
202207052005,213.0,1.3
202207052026,175.0,0.9
202207052036,,0.0
202207052046,172.0,0.9
202207052056,91.0,0.9
202207052106,,0.0
202207052116,91.0,0.9
202207052126,,0.0
202207052136,152.0,0.9
202207052146,96.0,0.4
202207052156,106.0,0.4
202207052206,,0.0
202207052226,160.0,1.3
202207052236,133.0,0.4
202207052246,,0.0
202207052256,109.0,1.8
202207052306,94.0,0.4
202207052316,123.0,0.4
202207052326,,0.0
202207052336,,0.0
202207052346,,0.0
202207052355,150.0,0.4
202207060005,150.0,0.4
202207060024,,0.0
202207060034,,0.0
202207060044,,0.0
202207060054,130.0,0.4
202207060113,,0.0
202207060123,,0.0
202207060133,125.0,0.4
202207060143,,0.0
202207060153,129.0,0.4
202207060202,,0.0
202207060212,,0.0
202207060222,,0.0
202207060232,,0.0
202207060242,,0.0
202207060252,,0.0
202207060302,,0.0
202207060314,,0.0
202207060333,,0.0
202207061748,,0.0
202207061757,,0.0
202207061806,69.0,0.4
202207061816,135.0,1.8
202207061826,96.0,1.3
202207061836,86.0,0.4
202207061850,,0.0
202207061859,54.0,0.9
202207061909,54.0,0.9
202207061919,,0.0
202207061929,118.0,0.4
202207061939,,0.0
202207061949,,0.0
202207061959,,0.0
202207062008,175.0,1.3
202207062018,107.0,0.4
202207062028,,0.0
202207062038,,0.0
202207062057,,0.0
202207062107,,0.0
202207062117,104.0,0.4
202207062127,,0.0
202207062137,,0.0
202207062147,83.0,0.4
202207062157,,0.0
202207062207,113.0,0.4
202207062217,,0.0
202207062227,,0.0
202207062237,,0.0
202207062247,,0.0
202207062257,,0.0
202207062307,,0.0
202207062317,,0.0
202207062327,,0.0
202207062337,,0.0
202207062347,,0.0
202207062356,96.0,0.4
202207070006,96.0,0.4
202207070016,126.0,0.9
202207070026,103.0,0.4
202207072211,133.0,0.9
202207072221,,0.0
202207072231,133.0,0.4
202207072241,,0.0
202207072251,,0.0
202207072310,132.0,0.4
202207072320,,0.0
202207072330,,0.0
202207072349,190.0,0.9
202207072359,190.0,0.9
202207080009,,0.0
202207080019,,0.0
202207080029,163.0,0.4
202207080039,122.0,0.9
202207080049,,0.0
202207080119,,0.0
202207080129,,0.0
202207080139,,0.0
202207080149,95.0,0.4
202207080159,157.0,0.4
202207080219,,0.0
202207080229,,0.0
202207080239,,0.0
202207080249,,0.0
202207082235,,0.0
202207082254,99.0,0.4
202207082304,,0.0
202207082314,,0.0
202207082324,,0.0
202207082334,,0.0
202207082344,,0.0
202207082354,,0.0
202207090004,,0.0
202207090014,,0.0
202207090024,,0.0
202207090034,,0.0
202207090044,,0.0
202207090054,117.0,0.4
202207090104,,0.0
202207090114,,0.0
202207090124,,0.0
202207090134,,0.0
202207090144,,0.0
202207090154,,0.0
202207090204,,0.0
202207090214,,0.0
202207090224,,0.0
202207090234,,0.0
202207090243,,0.0
202207090253,,0.0
202207090303,,0.0
202207090323,,0.0
202207090333,,0.0
202207090343,,0.0
202207090353,,0.0
202207090403,,0.0
202207090413,,0.0
202207090423,,0.0
202207090433,,0.0
202207090443,,0.0
202207090503,,0.0
202207090513,,0.0
202207090523,,0.0
202207090533,,0.0
202207090543,,0.0
202207090553,,0.0
202207090603,,0.0
202207090613,,0.0
202207090622,,0.0
202207090632,,0.0
202207090642,,0.0
202207090652,,0.0
202207090702,,0.0
202207090712,,0.0
202207090722,,0.0
202207090732,,0.0
202207090742,,0.0
202207090751,,0.0
202207090801,,0.0
202207090811,,0.0
202207090821,,0.0
202207090831,,0.0
202207090850,,0.0
202207090900,,0.0
202207090909,,0.0
202207090919,,0.0
202207090929,,0.0
202207090948,,0.0
202207090958,,0.0
202207091008,,0.0
202207091018,,0.0
202207091027,,0.0
202207091037,,0.0
202207091047,,0.0
202207091056,,0.0
202207091106,,0.0
202207091116,,0.0
202207091126,,0.0
202207091136,,0.0
202207091145,,0.0
202207091155,,0.0
202207091205,,0.0
202207091215,,0.0
202207091225,,0.0
202207091235,,0.0
202207091245,,0.0
202207091255,,0.0
202207091304,,0.0
202207091314,,0.0
202207091324,,0.0
202207091333,,0.0
202207091343,126.0,0.4
202207091353,,0.0
202207091403,,0.0
202207091423,,0.0
202207091433,,0.0
202207091442,,0.0
202207091452,,0.0
202207091502,,0.0
202207091511,,0.0
202207091521,147.0,0.9
202207091531,133.0,0.4
202207091541,98.0,0.4
202207091550,159.0,1.3
202207091600,123.0,0.9
202207091610,143.0,0.9
202207091620,141.0,0.9
202207091630,142.0,0.4
202207091640,151.0,0.4
202207091650,,0.0
202207091659,79.0,0.9
202207091709,136.0,0.4
202207091719,128.0,0.4
202207091728,147.0,0.4
202207091738,171.0,1.3
202207091747,153.0,0.9
202207091757,92.0,0.4
202207091807,120.0,0.4
202207091817,135.0,0.4
202207091827,119.0,0.4
202207091837,131.0,0.9
202207091847,158.0,0.9
202207091857,125.0,0.4
202207091906,155.0,0.9
202207091915,155.0,0.9
202207091925,,0.0
202207091935,160.0,0.9
202207091945,166.0,0.9
202207091955,194.0,0.4
202207092004,0.0,1.3
202207092014,160.0,0.9
202207092024,13.0,1.3
202207092034,172.0,0.9
202207092044,,0.0
202207092054,166.0,0.4
202207092105,192.0,0.4
202207092115,10.0,1.8
202207092125,190.0,0.9
202207092135,123.0,0.4
202207092145,145.0,0.4
202207092154,,0.0
202207092204,,0.0
202207092214,136.0,0.9
202207092224,,0.0
202207092234,,0.0
202207092244,168.0,1.8
202207092254,98.0,0.4
202207092304,,0.0
202207092314,156.0,0.4
202207092323,169.0,0.4
202207092333,,0.0
202207092343,150.0,0.4
202207092353,133.0,0.9
202207100003,144.0,0.4
202207100013,,0.0
202207100023,,0.0
202207100033,,0.0
202207100043,90.0,0.9
202207100053,,0.0
202207100102,,0.0
202207100112,,0.0
202207100121,187.0,0.9
202207100131,79.0,0.4
202207100141,,0.0
202207100150,137.0,0.4
202207100200,,0.0
202207100210,,0.0
202207100219,145.0,0.4
202207100229,170.0,0.4
202207100239,,0.0
202207100248,,0.0
202207100258,,0.0
202207100308,157.0,0.4
202207100318,,0.0
202207100327,149.0,0.4
202207100337,157.0,0.4
202207100347,,0.0
202207100356,72.0,0.9
202207100406,,0.0
202207100416,,0.0
202207100425,,0.0
202207100435,,0.0
202207100445,,0.0
202207100455,,0.0
202207100505,,0.0
202207100515,,0.0
202207100525,,0.0
202207100534,,0.0
202207100544,155.0,0.4
202207100553,,0.0
202207100603,,0.0
202207100613,,0.0
202207100623,165.0,0.4
202207100632,,0.0
202207100642,,0.0
202207100651,,0.0
202207100701,102.0,0.4
202207100710,,0.0
202207100720,,0.0
202207100729,,0.0
202207100739,160.0,0.4
202207100748,,0.0
202207100758,,0.0
202207100807,,0.0
202207100817,,0.0
202207100827,,0.0
202207100836,,0.0
202207100846,,0.0
202207100856,,0.0
202207100905,,0.0
202207100915,,0.0
202207100925,,0.0
202207100935,,0.0
202207100945,,0.0
202207100955,,0.0
202207101005,,0.0
202207101014,,0.0
202207101024,,0.0
202207101034,,0.0
202207101044,,0.0
202207101053,,0.0
202207101102,,0.0
202207101112,,0.0
202207101122,,0.0
202207101131,,0.0
202207101140,,0.0
202207101149,,0.0
202207101159,,0.0
202207101209,,0.0
202207101218,,0.0
202207101227,,0.0
202207101236,,0.0
202207101245,,0.0
202207101255,,0.0
202207101304,,0.0
202207101314,,0.0
202207101324,,0.0
202207101334,181.0,0.4
202207101343,,0.0
202207101353,,0.0
202207101412,,0.0
202207101422,,0.0
202207101432,,0.0
202207101442,,0.0
202207101501,,0.0
202207101510,,0.0
202207101520,,0.0
202207101530,,0.0
202207101539,,0.0
202207101549,189.0,0.4
202207101558,,0.0
202207101607,168.0,0.4
202207101617,,0.0
202207101627,143.0,0.4
202207101636,,0.0
202207101646,,0.0
202207101655,144.0,0.4
202207101704,,0.0
202207101714,,0.0
202207101723,156.0,0.4
202207101743,,0.0
202207101753,,0.0
202207101802,,0.0
202207101812,173.0,0.4
202207101822,263.0,1.3
202207101832,,0.0
202207101842,144.0,0.4
202207101851,,0.0
202207101900,,0.0
202207101910,139.0,0.4
202207101920,,0.0
202207101930,66.0,0.9
202207101940,302.0,0.9
202207101949,193.0,0.9
202207101959,,0.0
202207102009,205.0,0.9
202207102018,181.0,0.4
202207102027,,0.0
202207102037,15.0,0.9
202207102057,,0.0
202207102106,,0.0
202207102116,172.0,0.9
202207102126,,0.0
202207102136,188.0,0.9
202207102146,180.0,0.9
202207102156,,0.0
202207102206,156.0,0.4
202207102215,172.0,0.4
202207102225,180.0,0.4
202207102234,187.0,0.4
202207102244,177.0,0.4
202207102254,,0.0
202207102303,,0.0
202207102313,,0.0
202207102323,,0.0
202207102342,,0.0
202207102351,,0.0
202207110000,,0.0
202207110010,,0.0
202207110019,,0.0
202207110029,,0.0
202207110038,,0.0
202207110048,,0.0
202207110057,194.0,0.4
202207110106,,0.0
202207110116,193.0,0.4
202207110125,193.0,0.4
202207110135,193.0,0.4
202207110145,,0.0
202207110154,166.0,0.4
202207110203,,0.0
202207110213,164.0,0.4
202207110223,,0.0
202207110233,165.0,0.4
202207110242,,0.0
202207110251,165.0,0.9
202207110301,,0.0
202207110311,,0.0
202207110321,,0.0
202207110330,,0.0
202207110340,,0.0
202207110350,,0.0
202207110359,,0.0
202207110408,,0.0
202207110417,,0.0
202207110427,,0.0
202207110436,,0.0
202207110446,,0.0
202207110455,,0.0
202207110504,,0.0
202207110514,,0.0
202207110523,,0.0
202207182049,,0.0
202207182059,83.0,0.4
202207182109,145.0,0.4
202207182118,,0.0
202207182128,,0.0
202207182138,,0.0
202207182148,,0.0
202207182158,138.0,0.4
202207182207,137.0,0.4
202207182227,,0.0
202207182237,137.0,0.4
202207182246,137.0,0.4
202207182256,,0.0
202207182305,,0.0
202207182315,,0.0
202207182325,137.0,0.4
202207182334,,0.0
202207182344,,0.0
202207182354,,0.0
202207190003,,0.0
202207190012,,0.0
202207190022,,0.0
202207190031,,0.0
202207190041,131.0,0.4
202207190051,131.0,0.4
202207190111,,0.0
202207190121,,0.0
202207190131,129.0,0.4
202207190140,,0.0
202207190150,,0.0
202207190200,,0.0
202207190210,,0.0
202207190230,125.0,0.4
202207190240,125.0,0.4
202207190250,,0.0
202207190300,,0.0
202207190310,,0.0
202207190320,153.0,0.4
202207190330,,0.0
202207190340,,0.0
202207190350,,0.0
202207190359,,0.0
202207190409,,0.0
202207190419,,0.0
202207190429,,0.0
202207190449,,0.0
202207190458,,0.0
202207190508,,0.0
202207190517,,0.0
202207190527,,0.0
202207190536,,0.0
202207190546,152.0,0.9
202207190556,153.0,0.4
202207190606,,0.0
202207190616,,0.0
202207190625,,0.0
202207190635,,0.0
202207190645,,0.0
202207190655,,0.0
202207190705,,0.0
202207190715,,0.0
202207190725,,0.0
202207190735,,0.0
202207190744,,0.0
202207190754,,0.0
202207190804,,0.0
202207190814,,0.0
202207190824,,0.0
202207190833,,0.0
202207190843,,0.0
202207190853,,0.0
202207190902,,0.0
202207190912,,0.0
202207190922,,0.0
202207190932,,0.0
202207190941,,0.0
202207190951,,0.0
202207191000,,0.0
202207191010,,0.0
202207191020,,0.0
202207191029,,0.0
202207191039,,0.0
202207191049,,0.0
202207191109,,0.0
202207191119,,0.0
202207191128,,0.0
202207191138,,0.0
202207191158,,0.0
202207191208,,0.0
202207191218,,0.0
202207191228,,0.0
202207191248,,0.0
202207191258,,0.0
202207191308,135.0,0.4
202207191318,154.0,0.9
202207191338,131.0,0.4
202207191348,,0.0
202207191358,113.0,0.9
202207191407,166.0,1.3
202207191417,119.0,0.9
202207191427,98.0,0.4
202207191437,,0.0
202207191447,90.0,0.4
202207191456,134.0,0.4
202207191506,137.0,0.4
202207191516,156.0,0.4
202207191526,99.0,0.4
202207191536,61.0,0.4
202207191546,134.0,0.4
202207191556,124.0,0.4
202207191606,,0.0
202207191615,141.0,0.4
202207191625,,0.0
202207191635,,0.0
202207191645,157.0,0.4
202207191654,162.0,0.9
202207191704,146.0,0.9
202207191714,131.0,0.9
202207191724,108.0,0.4
202207191733,,0.0
202207191743,183.0,0.9
202207191753,155.0,0.9
202207191803,117.0,0.4
202207191813,167.0,1.3
202207191823,109.0,0.4
202207191833,148.0,0.9
202207191843,115.0,0.4
202207191853,111.0,0.9
202207191902,163.0,0.4
202207191912,,0.0
202207191922,,0.0
202207191932,,0.0
202207191942,,0.0
202207191952,265.0,0.4
202207192002,,0.0
202207192012,,0.0
202207192022,126.0,0.4
202207192031,154.0,0.9
202207192041,,0.0
202207192051,,0.0
202207192101,,0.0
202207192111,72.0,0.9
202207192121,,0.0
202207192131,120.0,0.9
202207192141,120.0,0.9
202207192151,88.0,0.4
202207192211,,0.0
202207192220,125.0,0.4
202207192240,,0.0
202207192250,,0.0
202207192300,162.0,0.4
202207192310,,0.0
202207192319,,0.0
202207192329,,0.0
202207192339,,0.0
202207192349,,0.0
202207192359,,0.0
202207200008,,0.0
202207200018,,0.0
202207200028,,0.0
202207200038,,0.0
202207200048,,0.0
202207200057,,0.0
202207200107,,0.0
202207200117,,0.0
202207200126,,0.0
202207200136,,0.0
202207200146,,0.0
202207200155,,0.0
202207200205,,0.0
202207200215,,0.0
202207200225,,0.0
202207200234,,0.0
202207200244,,0.0
202207200254,,0.0
202207200304,,0.0
202207200314,,0.0
202207200324,,0.0
202207200334,,0.0
202207200343,,0.0
202207200353,,0.0
202207200403,,0.0
202207200413,,0.0
202207200423,,0.0
202207200433,,0.0
202207200443,,0.0
202207200453,,0.0
202207200503,,0.0
202207200512,,0.0
202207200522,,0.0
202207200532,,0.0
202207200542,,0.0
202207200552,,0.0
202207200601,,0.0
202207200611,,0.0
202207200621,,0.0
202207200630,,0.0
202207200640,,0.0
202207200650,,0.0
202207200700,,0.0
202207200710,,0.0
202207200730,,0.0
202207200739,,0.0
202207200749,,0.0
202207200759,,0.0
202207200809,,0.0
202207200819,,0.0
202207200828,,0.0
202207200837,,0.0
202207200847,,0.0
202207200857,,0.0
202207200906,,0.0
202207200916,,0.0
202207200936,,0.0
202207200946,,0.0
202207200956,,0.0
202207201006,,0.0
202207201026,,0.0
202207201046,,0.0
202207201055,,0.0
202207201105,,0.0
202207201125,,0.0
202207201135,,0.0
202207201144,,0.0
202207201154,,0.0
202207201204,,0.0
202207201214,,0.0
202207201224,,0.0
202207201234,,0.0
202207201244,,0.0
202207201254,,0.0
202207201304,,0.0
202207201313,,0.0
202207201323,,0.0
202207201333,,0.0
202207201343,,0.0
202207201353,,0.0
202207201403,161.0,0.4
202207201413,160.0,0.4
202207201423,144.0,0.4
202207201433,108.0,0.4
202207201443,,0.0
202207201453,74.0,0.4
202207201503,125.0,0.4
202207201513,136.0,1.3
202207201523,56.0,0.9
202207201533,136.0,0.4
202207201543,129.0,0.4
202207201553,131.0,0.9
202207201603,,0.0
202207201613,156.0,0.9
202207201623,356.0,1.3
202207201633,144.0,1.3
202207201642,112.0,0.4
202207201652,136.0,0.9
202207201702,111.0,0.4
202207201712,155.0,0.9
202207201722,111.0,0.4
202207201731,,0.0
202207201741,239.0,1.3
202207201750,18.0,0.9
202207201800,258.0,0.9
202207201820,130.0,0.9
202207201840,157.0,0.4
202207201850,192.0,0.9
202207201900,185.0,0.4
202207201910,119.0,0.4
202207201920,153.0,0.9
202207201930,148.0,0.4
202207201939,135.0,0.4
202207201949,105.0,0.4
202207201958,105.0,0.4
202207202008,150.0,1.8
202207202018,64.0,0.9
202207202038,122.0,0.4
202207202048,193.0,0.4
202207202058,,0.0
202207202117,176.0,1.8
202207202127,179.0,0.9
202207202137,158.0,0.9
202207202147,,0.0
202207202157,,0.0
202207202207,191.0,0.4
202207202217,,0.0
202207202227,173.0,0.4
202207202236,199.0,0.9
202207202246,164.0,0.4
202207202255,,0.0
202207202305,173.0,0.4
202207202314,199.0,0.9
202207202324,141.0,0.4
202207202334,163.0,0.4
202207202344,,0.0
202207202354,,0.0
202207210004,,0.0
202207210014,,0.0
202207210024,181.0,0.4
202207210033,,0.0
202207210043,,0.0
202207210052,,0.0
202207210102,,0.0
202207210112,,0.0
202207210131,,0.0
202207210141,,0.0
202207210151,,0.0
202207210200,,0.0
202207210210,,0.0
202207210220,,0.0
202207210230,,0.0
202207210240,,0.0
202207210250,,0.0
202207210300,,0.0
202207210310,,0.0
202207210320,,0.0
202207210329,,0.0
202207210339,,0.0
202207210349,,0.0
202207210359,,0.0
202207210409,,0.0
202207210418,,0.0
202207210428,,0.0
202207210438,183.0,0.4
202207210458,,0.0
202207210507,,0.0
202207210516,,0.0
202207210536,,0.0
202207210545,,0.0
202207220211,,0.0
202207220230,,0.0
202207220240,,0.0
202207220250,,0.0
202207220300,,0.0
202207220310,,0.0
202207220320,,0.0
202207220330,,0.0
202207220340,,0.0
202207220350,,0.0
202207220400,,0.0
202207220410,,0.0
202207220420,,0.0
202207220430,,0.0
202207220440,,0.0
202207220450,,0.0
202207220500,,0.0
202207220510,,0.0
202207220520,,0.0
202207220529,,0.0
202207220539,,0.0
202207220548,,0.0
202207220558,,0.0
202207220608,,0.0
202207220618,,0.0
202207220628,,0.0
202207220638,,0.0
202207220658,,0.0
202207220707,,0.0
202207220717,,0.0
202207220727,,0.0
202207220736,,0.0
202207220746,,0.0
202207220756,,0.0
202207220806,,0.0
202207220816,,0.0
202207220826,,0.0
202207220836,,0.0
202207220846,,0.0
202207220856,,0.0
202207220906,,0.0
202207220915,,0.0
202207220925,,0.0
202207220935,,0.0
202207220945,,0.0
202207220955,,0.0
202207221005,,0.0
202207221015,,0.0
202207221025,,0.0
202207221035,,0.0
202207221045,,0.0
202207221055,,0.0
202207221105,,0.0
202207221114,,0.0
202207221124,,0.0
202207221134,,0.0
202207221143,,0.0
202207221153,,0.0
202207221202,,0.0
202207221212,,0.0
202207221222,,0.0
202207221232,,0.0
202207221242,,0.0
202207221251,,0.0
202207221301,,0.0
202207221311,181.0,0.4
202207221320,,0.0
202207221330,112.0,0.9
202207221340,137.0,0.4
202207221350,137.0,0.4
202207221400,124.0,0.9
202207221409,124.0,0.9
202207221419,148.0,0.9
202207221429,134.0,0.9
202207221439,105.0,0.4
202207221449,101.0,0.9
202207221459,148.0,1.3
202207221509,162.0,1.8
202207221519,85.0,0.4
202207221529,129.0,0.4
202207221539,102.0,0.4
202207221549,,0.0
202207221559,,0.0
202207221609,181.0,0.4
202207221619,,0.0
202207221629,175.0,0.4
202207221639,289.0,0.9
202207221648,120.0,0.9
202207221658,132.0,0.4
202207221718,35.0,0.9
202207221728,153.0,1.3
202207221738,31.0,0.9
202207221748,21.0,0.9
202207221757,21.0,0.9
202207221806,69.0,0.9
202207221816,24.0,0.9
202207221826,6.0,1.3
202207221836,,0.0
202207221846,112.0,0.4
202207221855,170.0,0.4
202207221905,172.0,1.3
202207221915,35.0,0.4
202207221925,156.0,0.4
202207221935,42.0,1.3
202207221944,42.0,1.3
202207221953,138.0,0.4
202207222003,83.0,0.9
202207222013,248.0,0.9
202207222023,,0.0
202207222033,146.0,1.3
202207222043,,0.0
202207222053,145.0,0.4
202207222103,7.0,0.9
202207222113,107.0,0.4
202207222123,,0.0
202207222133,,0.0
202207222142,218.0,0.9
202207222151,,0.0
202207222201,161.0,0.4
202207222211,169.0,0.4
202207222220,,0.0
202207222230,,0.0
202207222239,,0.0
202207222249,183.0,0.4
202207222259,,0.0
202207222309,,0.0
202207222319,,0.0
202207222329,,0.0
202207222339,194.0,0.4
202207222349,185.0,0.4
202207222359,204.0,0.4
202207230009,,0.0
202207230018,,0.0
202207230028,202.0,0.4
202207230038,,0.0
202207230048,,0.0
202207230058,187.0,0.4
202207230108,187.0,0.4
202207230118,,0.0
202207230127,,0.0
202207230137,,0.0
202207230146,,0.0
202207230156,,0.0
202207230205,,0.0
202207230215,,0.0
202207230225,,0.0
202207230235,,0.0
202207230255,,0.0
202207230305,,0.0
202207230315,,0.0
202207230325,,0.0
202207230334,,0.0
202207230344,,0.0
202207230354,,0.0
202207230404,,0.0
202207230414,,0.0
202207230424,,0.0
202207230434,,0.0
202207230444,,0.0
202207230453,,0.0
202207230503,,0.0
202207230523,,0.0
202207230533,,0.0
202207230543,,0.0
202207230552,,0.0
202207230602,,0.0
202207230611,,0.0
202207230620,,0.0
202207230630,,0.0
202207230640,,0.0
202207230650,,0.0
202207230659,,0.0
202207230708,,0.0
202207230718,,0.0
202207230728,,0.0
202207230738,,0.0
202207230747,,0.0
202207230757,,0.0
202207230806,,0.0
202207230816,,0.0
202207230826,,0.0
202207230836,,0.0
202207230845,,0.0
202207230855,,0.0
202207230905,,0.0
202207230925,,0.0
202207230934,,0.0
202207230944,,0.0
202207230954,,0.0
202207231004,,0.0
202207231014,,0.0
202207231023,,0.0
202207231033,,0.0
202207231043,,0.0
202207231053,,0.0
202207231103,,0.0
202207231112,,0.0
202207231122,,0.0
202207231132,,0.0
202207231142,,0.0
202207231152,,0.0
202207231202,,0.0
202207231212,,0.0
202207231222,,0.0
202207231232,,0.0
202207231241,,0.0
202207231251,,0.0
202207231301,,0.0
202207231311,,0.0
202207231321,,0.0
202207231341,,0.0
202207231351,185.0,0.4
202207231401,185.0,0.4
202207231411,,0.0
202207231421,185.0,0.4
202207231431,191.0,0.9
202207231441,191.0,0.4
202207231450,,0.0
202207231510,192.0,0.4
202207231519,105.0,0.9
202207231549,113.0,0.4
202207231559,14.0,1.3
202207231609,138.0,0.9
202207231958,119.0,0.9
202207232008,177.0,0.4
202207232027,127.0,0.4
202207232036,,0.0
202207232106,,0.0
202207232115,,0.0
202207232124,129.0,0.4
202207232143,129.0,0.4
202207232153,,0.0
202207232202,312.0,2.7
202207232212,312.0,1.8
202207232221,316.0,0.9
202207232231,137.0,0.4
202207232240,222.0,0.4
202207232250,55.0,0.4
202207232310,,0.0
202207232320,33.0,1.3
202207232330,95.0,0.4
202207232340,,0.0
202207232350,150.0,0.9
202207232359,147.0,0.9
202207240009,165.0,0.4
202207240019,,0.0
202207240049,152.0,0.4
202207240058,152.0,0.9
202207240108,152.0,0.4
202207240118,152.0,0.4
202207240128,164.0,0.9
202207240138,157.0,0.9
202207240147,,0.0
202207240157,,0.0
202207240207,153.0,0.4
202207240217,153.0,0.4
202207240227,,0.0
202207240237,,0.0
202207240246,,0.0
202207240256,,0.0
202207240306,,0.0
202207240316,,0.0
202207240326,,0.0
202207240335,,0.0
202207240345,,0.0
202207240355,,0.0
202207240404,153.0,0.4
202207240414,,0.0
202207240424,,0.0
202207240433,,0.0
202207240443,,0.0
202207240453,,0.0
202207240503,153.0,0.4
202207240512,158.0,0.4
202207240522,,0.0
202207240531,100.0,0.4
202207240541,,0.0
202207240551,,0.0
202207240601,,0.0
202207240611,,0.0
202207240621,,0.0
202207240631,,0.0
202207240641,,0.0
202207240650,,0.0
202207240700,,0.0
202207240710,,0.0
202207261757,116.0,0.4
202207261807,,0.0
202207261817,118.0,0.4
202207261827,133.0,0.9
202207261837,113.0,0.4
202207261847,134.0,0.4
202207261856,119.0,0.4
202207261906,115.0,0.4
202207261916,,0.0
202207261926,,0.0
202207261936,,0.0
202207261946,,0.0
202207262006,124.0,0.4
202207262026,,0.0
202207262036,138.0,0.4
202207262046,138.0,0.4
202207262056,,0.0
202207262105,,0.0
202207262125,135.0,0.4
202207262134,132.0,0.9
202207262144,,0.0
202207262154,146.0,0.4
202207262204,,0.0
202207262214,171.0,0.4
202207262224,,0.0
202207262234,125.0,0.4
202207262243,,0.0
202207262253,125.0,0.4
202207262303,,0.0
202207262313,,0.0
202207262342,,0.0
202207262352,,0.0
202207270002,,0.0
202207270012,,0.0
202207270022,,0.0
202207270032,,0.0
202207270042,,0.0
202207270102,,0.0
202207270112,,0.0
202207270141,,0.0
202207270151,,0.0
202207270201,,0.0
202207270211,,0.0
202207270221,,0.0
202207270230,,0.0
202207270240,,0.0
202207270249,,0.0
202207270259,,0.0
202207270309,,0.0
202207270319,,0.0
202207270329,,0.0
202207270339,,0.0
202207270349,,0.0
202207270359,,0.0
202207270419,,0.0
202207270429,,0.0
202207270439,,0.0
202207270449,,0.0
202207270509,,0.0
202207270519,,0.0
202207270529,,0.0
202207270549,,0.0
202207270559,,0.0
202207270609,,0.0
202207270619,,0.0
202207270629,,0.0
202207270639,,0.0
202207270648,,0.0
202207270658,,0.0
202207270708,,0.0
202207270718,,0.0
202207270728,,0.0
202207270738,,0.0
202207270748,,0.0
202207270758,,0.0
202207271004,,0.0
202207271014,158.0,0.4
202207271024,,0.0
202207271034,,0.0
202207271044,,0.0
202207271054,,0.0
202207271104,152.0,1.3
202207271114,152.0,0.4
202207271124,,0.0
202207271134,,0.0
202207271144,,0.0
202207271154,,0.0
202207271204,,0.0
202207271214,108.0,0.4
202207271224,65.0,0.9
202207271234,122.0,0.4
202207271243,122.0,0.4
202207271253,,0.0
202207271302,,0.0
202207271312,,0.0
202207271322,,0.0
202207271332,,0.0
202207271342,111.0,0.4
202207271352,,0.0
202207271402,,0.0
202207271412,,0.0
202207271422,,0.0
202207271432,104.0,0.4
202207271442,,0.0
202207271452,318.0,1.3
202207271502,133.0,0.4
202207271512,71.0,0.4
202207271522,144.0,0.9
202207271532,,0.0
202207271542,144.0,0.4
202207271551,108.0,0.4
202207271601,,0.0
202207271611,132.0,0.9
202207271621,251.0,0.9
202207271631,126.0,0.4
202207271641,133.0,0.9
202207271651,114.0,0.9
202207271701,252.0,0.9
202207271711,138.0,2.2
202207271721,324.0,1.3
202207271730,132.0,0.9
202207271740,118.0,0.4
202207271750,120.0,0.9
202207271800,146.0,0.9
202207271810,146.0,0.4
202207271820,,0.0
202207271829,131.0,1.3
202207271839,157.0,0.9
202207271849,127.0,1.3
202207271859,128.0,0.9
202207271909,141.0,0.9
202207271919,167.0,0.4
202207271928,134.0,0.9
202207271957,107.0,0.9
202207272007,127.0,0.9
202207272017,150.0,0.9
202207272027,155.0,0.9
202207272036,132.0,1.3
202207272046,156.0,0.4
202207272056,178.0,0.9
202207272106,162.0,0.4
202207272116,,0.0
202207272126,,0.0
202207272136,157.0,0.4
202207272146,94.0,0.9
202207272155,168.0,0.4
202207272205,212.0,0.4
202207272215,327.0,0.4
202207272225,,0.0
202207272235,,0.0
202207272245,,0.0
202207272255,103.0,0.4
202207272304,177.0,0.4
202207272314,,0.0
202207272324,246.0,0.4
202207272334,130.0,1.3
202207272344,,0.0
202207272354,,0.0
202207280004,,0.0
202207280013,163.0,0.4
202207280023,,0.0
202207280033,,0.0
202207280043,,0.0
202207280053,,0.0
202207280103,,0.0
202207280113,,0.0
202207280123,,0.0
202207280133,,0.0
202207280143,,0.0
202207280152,,0.0
202207280202,,0.0
202207280212,,0.0
202207280222,,0.0
202207280232,,0.0
202207280242,,0.0
202207280252,,0.0
202207280302,,0.0
202207280312,,0.0
202207280321,,0.0
202207280331,,0.0
202207280341,152.0,1.3
202207280351,116.0,0.9
202207280401,160.0,0.9
202207280426,158.0,1.8
202207280446,167.0,0.4
202207280455,167.0,0.4
202207280515,,0.0
202207280525,160.0,0.4
202207280535,99.0,0.9
202207280544,,0.0
202207280554,,0.0
202207280604,,0.0
202207280614,,0.0
202207280624,169.0,0.9
202208012045,129.0,0.9
202208012054,131.0,0.9
202208012104,161.0,0.9
202208012114,128.0,1.8
202208012124,144.0,0.4
202208012133,90.0,0.4
202208012143,153.0,0.9
202208012212,95.0,1.3
202208012222,98.0,0.4
202208012231,105.0,0.4
202208012241,148.0,0.9
202208012250,181.0,0.9
202208012300,,0.0
202208012309,160.0,0.9
202208012319,155.0,0.4
202208012328,,0.0
202208012338,167.0,0.4
202208020008,160.0,1.3
202208020017,,0.0
202208020027,153.0,0.9
202208020036,,0.0
202208020045,188.0,0.9
202208020055,,0.0
202208020105,165.0,0.9
202208020115,164.0,0.4
202208020125,171.0,0.4
202208020135,178.0,0.9
202208020144,178.0,0.9
202208020154,181.0,0.4
202208020203,137.0,0.9
202208020212,,0.0
202208020221,175.0,0.9
202208020231,,0.0
202208020240,,0.0
202208020251,,0.0
202208020300,,0.0
202208020309,,0.0
202208020318,,0.0
202208020328,,0.0
202208020348,,0.0
202208020357,,0.0
202208020407,158.0,1.3
202208020417,154.0,0.4
202208020427,,0.0
202208020437,,0.0
202208020447,,0.0
202208020507,,0.0
202208020517,153.0,0.9
202208020527,,0.0
202208020536,,0.0
202208020555,,0.0
202208020614,,0.0
202208020624,,0.0
202208020633,,0.0
202208020642,171.0,0.4
202208020652,171.0,0.4
202208020702,155.0,0.4
202208020711,,0.0
202208020721,172.0,0.4
202208020730,,0.0
202208020739,,0.0
202208020749,149.0,0.4
202208020759,,0.0
202208020809,,0.0
202208020818,,0.0
202208020828,,0.0
202208020838,,0.0
202208020848,,0.0
202208020858,,0.0
202208020908,135.0,0.9
202208020918,,0.0
202208020927,,0.0
202208020947,,0.0
202208020957,,0.0
202208021006,,0.0
202208021016,,0.0
202208021026,158.0,0.4
202208021035,132.0,0.9
202208021103,,0.0
202208021113,,0.0
202208021123,,0.0
202208021132,,0.0
202208021142,,0.0
202208021151,167.0,0.4
202208021201,166.0,0.9
202208021210,,0.0
202208021219,167.0,0.4
202208021229,140.0,1.3
202208021238,176.0,0.4
202208021248,101.0,0.9
202208021257,168.0,1.8
202208021306,165.0,0.4
202208021316,142.0,1.3
202208021325,134.0,1.3
202208021335,126.0,1.3
202208021344,126.0,0.4
202208021353,148.0,1.8
202208021403,148.0,1.8
202208021413,161.0,1.8
202208021423,161.0,1.8
202208021432,167.0,2.2
202208021442,138.0,0.4
202208021452,73.0,0.9
202208021502,174.0,1.8
202208021511,108.0,0.4
202208021520,,0.0
202208021530,44.0,1.3
202208021539,58.0,0.9
202208021549,140.0,0.4
202208021558,10.0,1.8
202208021608,123.0,1.3
202208021618,,0.0
202208021628,113.0,0.9
202208021638,94.0,1.3
202208021657,49.0,1.3
202208021707,79.0,0.9
202208021716,66.0,0.9
202208021725,105.0,0.9
202208021735,158.0,1.3
202208021744,158.0,1.3
202208021754,163.0,1.3
202208021804,172.0,0.4
202208021814,82.0,0.9
202208021823,105.0,1.8
202208021941,131.0,1.3
202208021951,124.0,0.9
202208022001,41.0,1.8
202208022011,39.0,1.8
202208022020,150.0,1.8
202208022030,171.0,0.4
202208022040,127.0,0.9
202208022050,149.0,0.4
202208022059,150.0,1.8
202208022109,166.0,0.9
202208022118,209.0,0.9
202208022128,209.0,0.9
202208022138,,0.0
202208022147,,0.0
202208022207,122.0,0.9
202208022216,140.0,0.4
202208022225,140.0,0.4
202208022235,140.0,0.9
202208022244,,0.0
202208022253,,0.0
202208022303,,0.0
202208022313,,0.0
202208022322,,0.0
202208022332,,0.0
202208022341,140.0,0.4
202208022351,,0.0
202208030000,141.0,0.4
202208030010,,0.0
202208030020,,0.0
202208030030,,0.0
202208030040,150.0,0.4
202208030100,,0.0
202208030110,,0.0
202208030129,,0.0
202208030139,,0.0
202208030148,,0.0
202208030158,,0.0
202208030207,,0.0
202208030216,,0.0
202208030226,,0.0
202208030235,,0.0
202208030245,,0.0
202208030255,,0.0
202208030304,,0.0
202208030314,,0.0
202208030323,,0.0
202208030333,,0.0
202208030343,,0.0
202208030353,,0.0
202208030403,,0.0
202208030412,,0.0
202208030422,,0.0
202208030432,,0.0
202208030441,,0.0
202208030451,,0.0
202208030501,,0.0
202208030520,,0.0
202208030529,,0.0
202208030539,,0.0
202208030548,,0.0
202208030557,,0.0
202208030606,150.0,0.4
202208030616,,0.0
202208030626,,0.0
202208030636,,0.0
202208030645,,0.0
202208030654,,0.0
202208030704,,0.0
202208030713,,0.0
202208030723,,0.0
202208030732,,0.0
202208030742,,0.0
202208030751,,0.0
202208030800,,0.0
202208030809,,0.0
202208030828,,0.0
202208030837,,0.0
202208030847,,0.0
202208030857,,0.0
202208030907,,0.0
202208030917,,0.0
202208030927,,0.0
202208030937,,0.0
202208030947,,0.0
202208030957,,0.0
202208031007,,0.0
202208031016,,0.0
202208031025,,0.0
202208031035,,0.0
202208031055,,0.0
202208031105,,0.0
202208031115,,0.0
202208031125,,0.0
202208031134,,0.0
202208031144,,0.0
202208031154,,0.0
202208031204,,0.0
202208031214,,0.0
202208031223,,0.0
202208031233,,0.0
202208031242,,0.0
202208031252,,0.0
202208031302,,0.0
202208031311,,0.0
202208031321,,0.0
202208031330,,0.0
202208031339,,0.0
202208031349,,0.0
202208031358,,0.0
202208031408,,0.0
202208031418,,0.0
202208031428,,0.0
202208031438,,0.0
202208031448,,0.0
202208031457,,0.0
202208031507,,0.0
202208031517,113.0,0.9
202208031527,115.0,0.4
202208031537,123.0,0.9
202208031547,153.0,0.4
202208031557,127.0,0.9
202208031607,119.0,0.4
202208031617,,0.0
202208031627,,0.0
202208031637,82.0,0.4
202208031647,277.0,1.3
202208031657,,0.0
202208031706,164.0,0.4
202208031715,,0.0
202208031725,171.0,0.9
202208031735,126.0,0.9
202208031744,340.0,1.3
202208031754,37.0,0.4
202208031803,163.0,0.9
202208031813,307.0,0.4
202208031822,58.0,0.9
202208031832,58.0,0.9
202208031842,10.0,0.9
202208031852,128.0,0.4
202208031901,341.0,1.3
202208031911,,0.0
202208031931,,0.0
202208031940,177.0,0.9
202208031950,330.0,1.3
202208032000,185.0,0.9
202208032009,185.0,0.9
202208032018,200.0,0.4
202208032036,22.0,0.9
202208032046,139.0,0.9
202208032056,234.0,0.4
202208032106,,0.0
202208032115,166.0,0.4
202208032125,189.0,0.4
202208032134,189.0,0.4
202208032143,,0.0
202208032203,,0.0
202208032213,,0.0
202208032232,189.0,0.4
202208032254,,0.0
202208032313,,0.0
202208032332,,0.0
202208032342,,0.0
202208032352,191.0,0.4
202208040003,191.0,0.4
202208040013,,0.0
202208040022,,0.0
202208040042,,0.0
202208040051,,0.0
202208040100,,0.0
202208040110,,0.0
202208040119,,0.0
202208040129,,0.0
202208040139,,0.0
202208040149,,0.0
202208040159,191.0,0.4
202208040209,,0.0
202208040219,,0.0
202208040228,,0.0
202208040237,,0.0
202208040246,,0.0
202208040256,,0.0
202208040306,,0.0
202208040316,,0.0
202208040325,,0.0
202208040335,191.0,0.9
202208040345,,0.0
202208040354,,0.0
202208040404,,0.0
202208040414,,0.0
202208040424,,0.0
202208040433,,0.0
202208040442,,0.0
202208040452,,0.0
202208040502,,0.0
202208040512,,0.0
202208040522,,0.0
202208040531,,0.0
202208040540,,0.0
202208040550,,0.0
202208040600,191.0,0.4
202208040609,,0.0
202208040619,,0.0
202208040628,,0.0
202208040638,,0.0
202208040648,,0.0
202208040658,191.0,0.4
202208040707,,0.0
202208040717,,0.0
202208040727,,0.0
202208040737,191.0,0.4
202208040747,,0.0
202208040757,,0.0
202208040806,,0.0
202208040816,,0.0
202208040826,,0.0
202208040845,,0.0
202208040854,,0.0
202208040904,,0.0
202208040913,,0.0
202208040923,,0.0
202208040933,,0.0
202208040943,,0.0
202208040953,,0.0
202208041003,,0.0
202208041013,191.0,0.4
202208041023,,0.0
202208041033,,0.0
202208041042,,0.0
202208041052,,0.0
202208041102,,0.0
202208041111,,0.0
202208041121,,0.0
202208041131,,0.0
202208041141,,0.0
202208041150,,0.0
202208041200,,0.0
202208041210,,0.0
202208041219,,0.0
202208041229,191.0,0.4
202208041238,,0.0
202208041248,,0.0
202208041258,191.0,0.4
202208041307,,0.0
202208041317,,0.0
202208041327,,0.0
202208041336,,0.0
202208041346,,0.0
202208041355,,0.0
202208041405,,0.0
202208041415,,0.0
202208041424,158.0,0.4
202208041433,,0.0
202208041443,,0.0
202208041453,100.0,0.4
202208041502,48.0,0.9
202208041512,133.0,0.4
202208041521,60.0,0.9
202208041530,123.0,0.4
202208041540,138.0,0.4
202208041550,,0.0
202208041600,303.0,2.2
202208041610,108.0,1.3
202208041619,108.0,1.3
202208041629,131.0,0.4
202208041638,,0.0
202208041648,223.0,0.4
202208041658,39.0,0.9
202208041708,299.0,1.3
202208041717,122.0,1.3
202208041727,122.0,1.3
202208041737,146.0,0.4
202208041746,177.0,0.9
202208041756,121.0,0.9
202208041808,136.0,0.9
202208041818,136.0,0.9
202208041827,,0.0
202208041846,83.0,0.9
202208041856,64.0,1.3
202208041906,170.0,0.4
202208041915,78.0,0.9
202208041925,311.0,0.9
202208041935,311.0,0.9
202208041945,35.0,0.9
202208041955,35.0,0.9
202208042004,168.0,1.3
202208042014,,0.0
202208042023,95.0,0.9
202208042033,95.0,0.9
202208042042,,0.0
202208042052,83.0,0.9
202208042111,139.0,0.4
202208042121,185.0,0.4
202208042131,,0.0
202208042141,,0.0
202208042150,,0.0
202208042200,,0.0
202208042210,162.0,0.4
202208042220,,0.0
202208042229,,0.0
202208042239,,0.0
202208042249,,0.0
202208042258,,0.0
202208042308,,0.0
202208042317,,0.0
202208042327,,0.0
202208042336,,0.0
202208042346,,0.0
202208042356,,0.0
202208050005,,0.0
202208050014,163.0,0.4
202208050024,,0.0
202208050033,,0.0
202208050043,,0.0
202208050053,,0.0
202208050102,,0.0
202208050112,,0.0
202208050122,,0.0
202208050132,,0.0
202208050142,,0.0
202208050152,,0.0
202208050201,,0.0
202208050214,,0.0
202208050224,,0.0
202208050233,,0.0
202208050243,,0.0
202208050253,,0.0
202208050303,,0.0
202208050312,,0.0
202208050321,,0.0
202208050331,,0.0
202208050340,,0.0
202208050350,,0.0
202208050359,,0.0
202208050409,,0.0
202208050419,,0.0
202208050429,,0.0
202208050438,,0.0
202208050448,,0.0
202208050458,,0.0
202208050507,,0.0
202208050517,,0.0
202208050527,,0.0
202208050537,,0.0
202208050546,,0.0
202208050556,,0.0
202208050605,,0.0
202208050615,,0.0
202208050625,,0.0
202208050635,,0.0
202208050645,,0.0
202208050654,,0.0
202208050704,,0.0
202208050713,,0.0
202208050722,,0.0
202208050732,,0.0
202208050741,,0.0
202208050750,,0.0
202208050800,,0.0
202208050810,,0.0
202208050820,,0.0
202208050829,,0.0
202208050839,,0.0
202208050849,,0.0
202208050859,,0.0
202208050909,,0.0
202208050919,,0.0
202208050929,,0.0
202208050939,,0.0
202208050948,,0.0
202208050958,,0.0
202208051008,,0.0
202208051017,,0.0
202208051026,,0.0
202208051036,,0.0
202208051045,,0.0
202208051054,,0.0
202208051104,,0.0
202208051124,,0.0
202208051133,,0.0
202208051143,,0.0
202208051152,,0.0
202208051202,,0.0
202208051212,,0.0
202208051222,,0.0
202208051232,,0.0
202208051241,,0.0
202208051251,,0.0
202208051301,,0.0
202208051311,,0.0
202208051320,,0.0
202208051329,,0.0
202208051339,,0.0
202208051348,,0.0
202208051358,,0.0
202208051407,,0.0
202208051417,,0.0
202208051427,,0.0
202208051436,,0.0
202208051446,,0.0
202208051456,,0.0
202208051505,,0.0
202208051514,,0.0
202208051524,,0.0
202208051534,,0.0
202208051543,,0.0
202208051553,146.0,0.4
202208051603,39.0,0.4
202208051612,39.0,0.4
202208051622,145.0,0.4
202208051631,145.0,0.4
202208051641,,0.0
202208051650,,0.0
202208051700,,0.0
202208051710,151.0,0.4
202208051720,132.0,0.4
202208051730,116.0,0.4
202208051739,165.0,0.4
202208051748,165.0,0.4
202208051808,,0.0
202208051818,,0.0
202208051828,159.0,0.9
202208051838,188.0,0.4
202208051857,141.0,0.4
202208051907,177.0,0.4
202208051917,,0.0
202208051926,,0.0
202208051945,,0.0
202208051954,179.0,0.4
202208052004,265.0,1.3
202208052014,97.0,0.9
202208052023,183.0,0.4
202208052033,16.0,0.9
202208052042,187.0,0.4
202208052051,192.0,0.4
202208052101,201.0,0.9
202208052110,,0.0
202208052130,,0.0
202208052140,138.0,0.4
202208052150,,0.0
202208052200,135.0,0.4
202208052209,109.0,0.9
202208052219,187.0,0.9
202208052250,153.0,0.9
202208052259,153.0,0.9
202208052308,,0.0
202208052318,,0.0
202208052327,161.0,0.4
202208052336,,0.0
202208052346,,0.0
202208060005,119.0,0.4
202208060015,,0.0
202208060024,,0.0
202208060034,,0.0
202208060043,,0.0
202208060052,,0.0
202208060101,,0.0
202208060111,,0.0
202208060120,,0.0
202208060130,,0.0
202208060140,,0.0
202208060150,,0.0
202208060209,,0.0
202208060218,,0.0
202208060228,,0.0
202208060238,,0.0
202208060247,,0.0
202208060256,,0.0
202208060307,,0.0
202208060316,,0.0
202208060326,,0.0
202208060336,,0.0
202208060348,,0.0
202208060358,,0.0
202208060407,,0.0
202208060416,,0.0
202208060426,,0.0
202208060436,,0.0
202208060446,,0.0
202208060456,,0.0
202208060516,117.0,0.4
202208060526,,0.0
202208060546,,0.0
202208060555,,0.0
202208060605,,0.0
202208060615,,0.0
202208060624,,0.0
202208060634,,0.0
202208060643,,0.0
202208060653,,0.0
202208060702,,0.0
202208060712,,0.0
202208060721,,0.0
202208060731,,0.0
202208060751,,0.0
202208060801,,0.0
202208060811,,0.0
202208060821,,0.0
202208060830,,0.0
202208060840,,0.0
202208060850,,0.0
202208060900,,0.0
202208060910,,0.0
202208060920,,0.0
202208060929,,0.0
202208060938,,0.0
202208060948,,0.0
202208060958,,0.0
202208061008,,0.0
202208061026,,0.0
202208061045,,0.0
202208061055,,0.0
202208061104,,0.0
202208061114,,0.0
202208061124,,0.0
202208061134,,0.0
202208061144,,0.0
202208061154,,0.0
202208061203,,0.0
202208061212,,0.0
202208061222,,0.0
202208061231,,0.0
202208061241,,0.0
202208061251,,0.0
202208061301,,0.0
202208061311,,0.0
202208061320,,0.0
202208061330,,0.0
202208061340,30.0,1.8
202208061350,123.0,0.4
202208061400,123.0,0.4
202208061410,59.0,1.3
202208061429,80.0,0.9
202208061438,129.0,1.3
202208061448,122.0,0.9
202208061458,132.0,0.9
202208061518,107.0,0.4
202208061527,10.0,1.3
202208061536,144.0,0.4
202208061546,113.0,0.9
202208061556,145.0,0.4
202208061606,,0.0
202208061616,,0.0
202208061626,191.0,0.4
202208061636,108.0,0.4
202208061645,322.0,0.4
202208061705,105.0,0.4
202208061714,,0.0
202208061724,176.0,1.3
202208061733,,0.0
202208061743,147.0,0.4
202208061753,273.0,1.8
202208061803,311.0,0.4
202208061812,167.0,0.9
202208061832,204.0,0.9
202208061842,200.0,0.9
202208061852,107.0,0.9
202208061911,43.0,0.9
202208061920,27.0,0.9
202208061940,59.0,0.4
202208061950,288.0,0.9
202208062000,338.0,0.9
202208062009,162.0,0.4
202208062019,280.0,1.3
202208062029,149.0,0.9
202208062039,179.0,0.4
202208062049,192.0,0.4
202208062058,229.0,0.9
202208062117,,0.0
202208062127,,0.0
202208062137,192.0,0.9
202208062147,174.0,0.4
202208062157,161.0,0.4
202208062207,,0.0
202208062217,,0.0
202208062227,173.0,0.4
202208062245,,0.0
202208062255,,0.0
202208062305,,0.0
202208062315,174.0,0.4
202208062325,,0.0
202208062348,174.0,0.9
202208070007,174.0,0.4
202208070027,,0.0
202208070036,179.0,0.4
202208070046,,0.0
202208070056,179.0,0.4
202208070106,,0.0
202208070116,181.0,0.4
202208070125,,0.0
202208070309,,0.0
202208070318,,0.0
202208070328,,0.0
202208070348,,0.0
202208070358,,0.0
202208070408,,0.0
202208070418,181.0,0.9
202208070428,181.0,0.4
202208070437,,0.0
202208070447,,0.0
202208070457,,0.0
202208070506,181.0,0.4
202208070516,,0.0
202208070526,,0.0
202208070536,,0.0
202208070546,,0.0
202208070555,181.0,0.4
202208070615,,0.0
202208070625,,0.0
202208070634,,0.0
202208070644,181.0,0.4
202208070654,,0.0
202208070704,181.0,0.4
202208070714,,0.0
202208070724,,0.0
202208070734,,0.0
202208070744,,0.0
202208070754,,0.0
202208070814,,0.0
202208070823,,0.0
202208070843,,0.0
202208070852,,0.0
202208070902,,0.0
202208070912,,0.0
202208070922,,0.0
202208070931,,0.0
202208070940,,0.0
202208070950,,0.0
202208071000,,0.0
202208071009,,0.0
202208071019,,0.0
202208071029,,0.0
202208071039,,0.0
202208071049,,0.0
202208071059,,0.0
202208071109,,0.0
202208071119,,0.0
202208071129,,0.0
202208071139,,0.0
202208071149,,0.0
202208071159,,0.0
202208071208,,0.0
202208071218,,0.0
202208071228,,0.0
202208071238,,0.0
202208071248,,0.0
202208071258,,0.0
202208071308,,0.0
202208071318,,0.0
202208071328,,0.0
202208071338,,0.0
202208071348,,0.0
202208071358,,0.0
202208071407,,0.0
202208071417,,0.0
202208071427,72.0,0.4
202208071437,,0.0
202208071446,142.0,0.4
202208071456,151.0,0.9
202208071506,151.0,0.9
202208071516,73.0,0.9
202208071526,132.0,0.9
202208071536,80.0,0.9
202208071546,,0.0
202208071556,145.0,0.9
202208071616,140.0,0.9
202208071626,140.0,0.4
202208071636,,0.0
202208071646,,0.0
202208071655,,0.0
202208071705,110.0,0.4
202208071715,110.0,0.4
202208071725,110.0,0.9
202208071735,110.0,0.9
202208071745,,0.0
202208071754,,0.0
202208071804,,0.0
202208071814,196.0,0.4
202208071824,,0.0
202208071833,201.0,1.3
202208071843,,0.0
202208071853,164.0,0.9
202208071903,137.0,0.9
202208071913,163.0,1.3
202208071923,164.0,0.9
202208071933,164.0,0.9
202208071943,211.0,0.9
202208071953,180.0,0.4
202208072003,164.0,0.4
202208072013,169.0,1.3
202208072023,106.0,0.4
202208072033,,0.0
202208072042,,0.0
202208072052,176.0,1.3
202208072102,341.0,0.9
202208072112,196.0,0.9
202208072122,168.0,0.4
202208072132,168.0,0.4
202208072142,142.0,0.9
202208072151,,0.0
202208072204,154.0,0.4
202208072213,154.0,0.4
202208072223,,0.0
202208072232,,0.0
202208072242,,0.0
202208072252,15.0,0.9
202208072305,,0.0
202208072314,,0.0
202208072324,,0.0
202208072334,,0.0
202208072343,,0.0
202208072353,174.0,0.4
202208080003,,0.0
202208080013,174.0,0.9
202208080023,174.0,0.9
202208080033,,0.0
202208080043,174.0,0.4
202208080053,174.0,0.4
202208080103,174.0,0.4
202208080113,174.0,0.4
202208080122,,0.0
202208080132,,0.0
202208080142,,0.0
202208080152,,0.0
202208080202,,0.0
202208080211,,0.0
202208080221,,0.0
202208080231,,0.0
202208080241,,0.0
202208080251,,0.0
202208080301,,0.0
202208080310,,0.0
202208080320,,0.0
202208080330,142.0,0.9
202208080340,,0.0
202208080350,126.0,0.4
202208080400,,0.0
202208080410,,0.0
202208080419,,0.0
202208080429,,0.0
202208080439,,0.0
202208080449,,0.0
202208080509,,0.0
202208080519,,0.0
202208080529,,0.0
202208080539,,0.0
202208080549,,0.0
202208080558,,0.0
202208080608,,0.0
202208080618,,0.0
202208080628,,0.0
202208080638,,0.0
202208080648,,0.0
202208080658,,0.0
202208080708,,0.0
202208080717,,0.0
202208080727,,0.0
202208080747,,0.0
202208080757,,0.0
202208080807,,0.0
202208080817,,0.0
202208080827,,0.0
202208080836,,0.0
202208080846,,0.0
202208080856,,0.0
202208080906,,0.0
202208080916,,0.0
202208080925,,0.0
202208080935,,0.0
202208080945,,0.0
202208080954,,0.0
202208081004,,0.0
202208081014,,0.0
202208081023,,0.0
202208081033,,0.0
202208081043,,0.0
202208081053,,0.0
202208081103,,0.0
202208081113,,0.0
202208081122,,0.0
202208081132,,0.0
202208081142,,0.0
202208081152,,0.0
202208081202,,0.0
202208081212,,0.0
202208081222,,0.0
202208081231,,0.0
202208081241,,0.0
202208081250,,0.0
202208081300,,0.0
202208081310,,0.0
202208081320,,0.0
202208081329,,0.0
202208081339,,0.0
202208081349,,0.0
202208081359,112.0,0.4
202208081409,118.0,0.4
202208081419,,0.0
202208081429,165.0,1.3
202208081443,143.0,0.9
202208081453,143.0,0.9
202208081503,130.0,0.4
202208081513,157.0,1.3
202208081523,119.0,0.9
202208081533,87.0,0.9
202208081543,160.0,1.3
202208081602,144.0,2.2
202208081612,128.0,0.9
202208081622,171.0,1.3
202208081632,,0.0
202208081642,,0.0
202208081652,169.0,0.9
202208081702,124.0,0.9
202208081712,153.0,1.3
202208081722,,0.0
202208081731,133.0,0.9
202208081741,152.0,0.9
202208081751,152.0,0.4
202208081801,144.0,0.4
202208081811,153.0,0.4
202208081820,153.0,0.4
202208081829,,0.0
202208081839,,0.0
202208081859,137.0,0.4
202208081909,,0.0
202208081919,,0.0
202208081929,253.0,0.4
202208081938,180.0,0.9
202208081947,173.0,0.4
202208081957,250.0,1.3
202208082007,165.0,1.8
202208082017,177.0,0.9
202208082027,,0.0
202208082037,177.0,0.9
202208082047,181.0,0.4
202208082057,173.0,0.4
202208082106,136.0,0.4
202208082116,170.0,0.4
202208082125,170.0,0.4
202208082135,183.0,0.4
202208082145,187.0,0.9
202208082155,172.0,0.4
202208082204,172.0,0.4
202208090753,,0.0
202208090803,,0.0
202208090813,,0.0
202208090823,,0.0
202208090833,,0.0
202208090843,,0.0
202208090853,,0.0
202208090903,,0.0
202208090913,,0.0
202208090923,,0.0
202208090933,,0.0
202208090943,,0.0
202208090953,,0.0
202208091002,,0.0
202208091012,,0.0
202208091022,,0.0
202208091032,,0.0
202208091041,,0.0
202208091051,,0.0
202208091100,,0.0
202208091110,,0.0
202208091120,,0.0
202208091130,,0.0
202208091140,,0.0
202208091150,,0.0
202208091200,,0.0
202208091210,,0.0
202208091220,,0.0
202208091229,,0.0
202208091239,,0.0
202208091249,,0.0
202208091258,,0.0
202208091308,,0.0
202208091318,,0.0
202208091328,,0.0
202208091338,,0.0
202208091347,,0.0
202208091357,,0.0
202208091407,,0.0
202208091417,,0.0
202208091427,141.0,0.9
202208091436,141.0,0.9
202208091446,121.0,0.9
202208091456,129.0,0.4
202208091506,125.0,0.9
202208091629,290.0,0.4
202208091702,142.0,0.9
202208091735,161.0,0.9
202208091745,149.0,0.9
202208091755,150.0,0.9
202208091805,172.0,0.4
202208091815,215.0,0.4
202208091825,150.0,0.4
202208091835,150.0,0.4
202208091844,112.0,0.9
202208091854,151.0,0.9
202208091904,,0.0
202208091914,,0.0
202208091924,,0.0
202208091933,148.0,0.4
202208091943,147.0,0.4
202208091953,,0.0
202208092003,140.0,0.4
202208092013,166.0,1.3
202208092023,,0.0
202208261433,,0.0
202208262018,179.0,0.4
202208270954,101.0,0.4
202209062054,,0.0
202209062109,176.0,0.4
202209062121,22.0,0.9
202209062212,,0.0
202209062224,,0.0
202209062239,,0.0
202209062309,104.0,0.4
202209062354,,0.0
202209070012,,0.0
202209070036,,0.0
202209070054,,0.0
202209070121,138.0,0.4
202209070133,,0.0
202209070154,,0.0
202209070333,,0.0
202209070442,,0.0
202209070454,,0.0
202209070521,,0.0
202209070530,,0.0
202209070612,,0.0
202209070627,,0.0
202209070642,,0.0
202209070651,,0.0
202209070703,,0.0
202209070724,,0.0
202209070818,,0.0
202209070915,,0.0
202209071033,,0.0
202209071045,,0.0
202209071206,,0.0
202209071430,122.0,0.4
202209071457,158.0,0.4
202209071509,,0.0
202209071539,175.0,0.9
202209071800,166.0,0.9
202209071833,50.0,0.9
202209071857,71.0,1.8
202209072003,,0.0
202209072048,180.0,0.9
202209072106,142.0,0.9
202209072148,308.0,1.3
202209072212,101.0,0.9
202209072309,,0.0
202209072321,,0.0
202209080006,,0.0
202209080212,,0.0
202209080312,,0.0
202209080348,,0.0
202209080412,,0.0
202209080430,,0.0
202209080512,,0.0
202209080524,,0.0
202209080548,,0.0
202209080618,,0.0
202209080630,,0.0
202209080657,160.0,0.4
202209080709,,0.0
202209080736,,0.0
202209080815,,0.0
202209080827,,0.0
202209080851,,0.0
202209080900,,0.0
202209080933,,0.0
202209080942,,0.0
202209081606,170.0,0.4
202209081624,12.0,1.3
202209081636,34.0,0.4
202209081648,96.0,0.9
202209081721,28.0,0.9
202209081751,,0.0
202209081803,115.0,0.4
202209081824,,0.0
202209081845,252.0,0.4
202209081921,351.0,1.3
202209081933,176.0,0.4
202209081954,129.0,0.9
202209082006,158.0,0.4
202209082042,153.0,0.4
202209082054,349.0,0.9
202209082115,174.0,0.4
202209082130,183.0,0.4
202209082142,188.0,0.4
202209082206,240.0,0.9
202209082215,169.0,1.3
202209082300,,0.0
202209082315,,0.0
202209082354,,0.0
202209090018,,0.0
202209090033,,0.0
202209090054,,0.0
202209090121,,0.0
202209090212,,0.0
202209090230,172.0,0.4
202209090303,,0.0
202209090318,,0.0
202209090351,,0.0
202209090651,,0.0
202209090748,,0.0
202209090803,,0.0
202209090824,,0.0
202209090948,,0.0
202209091003,,0.0
202209091021,,0.0
202209091045,,0.0
202209091206,,0.0
202209091236,,0.0
202209091330,171.0,0.4
202209091351,171.0,0.9
202209091448,,0.0
202209091524,141.0,0.4
202209091539,154.0,0.4
202209091612,275.0,0.9
202209091639,,0.0
202209091654,248.0,1.3
202209091709,163.0,0.4
202209091727,147.0,0.4
202209091739,161.0,0.9
202209091803,235.0,0.9
202209091833,140.0,0.4
202209091842,,0.0
202209091927,339.0,1.3
202209092009,328.0,0.9
202209092021,,0.0
202209092033,197.0,0.4
202209092048,176.0,0.4
202209092106,199.0,0.4
202209092133,165.0,0.4
202209092224,,0.0
202209092236,,0.0
202209092254,,0.0
202209092309,,0.0
202209100045,,0.0
202209100103,,0.0
202209100115,,0.0
202209100127,,0.0
202209100148,,0.0
202209100215,,0.0
202209100251,,0.0
202209100303,,0.0
202209100406,,0.0
202209100427,,0.0
202209100439,,0.0
202209100518,,0.0
202209100530,,0.0
202209100542,,0.0
202209100554,,0.0
202209100606,,0.0
202209100618,,0.0
202209100633,,0.0
202209100645,,0.0
202209100700,,0.0
202209100803,,0.0
202209100821,,0.0
202209100857,,0.0
202209100933,,0.0
202209100948,,0.0
202209101009,,0.0
202209101021,,0.0
202209101036,,0.0
202209101045,,0.0
202209101139,,0.0
202209101157,,0.0
202209101215,,0.0
202209101248,,0.0
202209101300,,0.0
202209101312,,0.0
202209101324,,0.0
202209101357,,0.0
202209101406,,0.0
202209101418,,0.0
202209101427,,0.0
202209101515,,0.0
202209101548,,0.0
202209101557,,0.0
202209101609,,0.0
202209101621,,0.0
202209101742,,0.0
202209101803,,0.0
202209101939,,0.0
202209102124,,0.0
202209102142,,0.0
202209102203,,0.0
202209102300,,0.0
202209102312,,0.0
202209102324,,0.0
202209102339,,0.0
202209110015,,0.0
202209110103,,0.0
202209110142,,0.0
202209110206,,0.0
202209110227,,0.0
202209110242,,0.0
202209110257,,0.0
202209110315,,0.0
202209110418,,0.0
202209110430,,0.0
202209110442,,0.0
202209110536,,0.0
202209110712,,0.0
202209110736,,0.0
202209110806,,0.0
202209110818,,0.0
202209110912,,0.0
202209110924,,0.0
202209110942,,0.0
202209110957,,0.0
202209111045,,0.0
202209111139,,0.0
202209111309,,0.0
202209111333,,0.0
202209111454,,0.0
202209111539,,0.0
202209111551,,0.0
202209111612,,0.0
202209111642,169.0,0.4
202209111709,179.0,1.3
202209111751,163.0,0.4
202209111800,129.0,0.9
202209111854,,0.0
202209112233,170.0,0.9
202209112351,127.0,0.4
202209120709,,0.0
202209120730,,0.0
202209120936,,0.0
202209121036,,0.0
202209121154,,0.0
202209121239,,0.0
202209121254,,0.0
202209121615,146.0,0.4
202209130233,,0.0
202209130542,,0.0
202209130557,,0.0
202209130706,,0.0
202209131724,134.0,0.4
202209140057,,0.0
202209140945,,0.0
202209141149,155.0,0.4
202209141208,,0.0
202209141230,,0.0
202209141331,103.0,0.4
202209141422,,0.0
202209141533,161.0,0.4
202209141702,125.0,0.4
202209141750,188.0,0.9
202209141927,151.0,0.4
202209142015,220.0,0.9
202209142210,,0.0
202209150001,,0.0
202209150141,,0.0
202209150936,,0.0
202209151454,,0.0
202209151613,17.0,0.4
202209151812,155.0,0.4
202209151824,201.0,0.4
202209151912,246.0,1.3
202209152009,,0.0
202209152118,,0.0
202209152157,,0.0
202209152227,,0.0
202209152300,,0.0
202209160103,,0.0
202209160315,,0.0
202209160415,,0.0
202209160642,,0.0
202209160652,,0.0
202209160710,,0.0
202209160722,,0.0
202209160734,,0.0
202209160746,,0.0
202209160819,,0.0
202209160831,,0.0
202209160840,,0.0
202209160901,,0.0
202209160934,,0.0
202209161004,,0.0
202209161137,,0.0
202209161146,,0.0
202209161158,,0.0
202209161213,,0.0
202209161237,,0.0
202209161352,,0.0
202209161404,,0.0
202209161416,,0.0
202209161440,,0.0
202209161455,,0.0
202209161507,131.0,0.4
202209161601,,0.0
202209161631,,0.0
202209161649,,0.0
202209161707,137.0,0.9
202209161737,183.0,0.4
202209161813,,0.0
202209161828,138.0,0.4
202209161852,114.0,0.4
202209161901,114.0,0.4
202209161913,140.0,0.9
202209161925,221.0,0.9
202209161943,170.0,0.4
202209162022,356.0,0.9
202209162040,180.0,0.4
202209162104,188.0,0.4
202209162213,,0.0
202209162231,,0.0
202209162307,181.0,0.4
202209162316,,0.0
202209162347,,0.0
202209162356,,0.0
202209170023,,0.0
202209170056,,0.0
202209170132,,0.0
202209170144,,0.0
202209170159,,0.0
202209170208,,0.0
202209170220,,0.0
202209170238,,0.0
202209170332,,0.0
202209170420,,0.0
202209170511,,0.0
202209170541,,0.0
202209170554,,0.0
202209170606,,0.0
202209170627,,0.0
202209170739,,0.0
202209170806,,0.0
202209170921,,0.0
202209170945,,0.0
202209171045,,0.0
202209171112,,0.0
202209171127,,0.0
202209171145,,0.0
202209171233,,0.0
202209171245,,0.0
202209171309,,0.0
202209171331,,0.0
202209171416,,0.0
202209171453,,0.0
202209171611,114.0,0.9
202209171626,77.0,0.4
202209171750,192.0,0.4
202209171826,147.0,0.4
202209171841,158.0,0.4
202209171902,190.0,0.9
202209171941,62.0,0.9
202209172008,174.0,0.9
202209172050,196.0,0.4
202209172102,189.0,0.4
202209172147,116.0,0.9
202209172223,,0.0
202209172333,,0.0
202209180000,,0.0
202209180012,,0.0
202209180100,,0.0
202209180112,,0.0
202209180154,,0.0
202209180430,,0.0
202209180451,,0.0
202209180600,,0.0
202209180612,,0.0
202209180630,,0.0
202209180700,,0.0
202209180800,,0.0
202209180912,,0.0
202209180924,,0.0
202209180936,,0.0
202209181009,,0.0
202209181021,,0.0
202209181042,,0.0
202209181112,,0.0
202209181206,,0.0
202209181218,,0.0
202209181239,,0.0
202209181255,,0.0
202209181313,,0.0
202209181322,,0.0
202209181352,,0.0
202209181404,,0.0
202209181422,,0.0
202209181431,,0.0
202209181443,141.0,0.4
202209181455,174.0,1.8
202209181531,119.0,0.4
202209181552,139.0,0.4
202209181604,24.0,0.9
202209181616,129.0,0.9
202209181628,151.0,1.3
202209181652,46.0,0.4
202209181716,149.0,0.4
202209181728,147.0,0.9
202209181740,26.0,1.3
202209181804,,0.0
202209181816,167.0,0.4
202209181840,178.0,0.4
202209181910,180.0,0.4
202209181940,133.0,0.9
202209182016,167.0,0.9
202209182037,,0.0
202209182058,190.0,0.4
202209182140,,0.0
202209182213,,0.0
202209182228,,0.0
202209182310,189.0,0.4
202209190052,,0.0
202209190116,,0.0
202209190147,,0.0
202209190244,,0.0
202209190256,,0.0
202209190326,,0.0
202209190414,,0.0
202209190438,,0.0
202209190520,,0.0
202209190544,,0.0
202209190747,,0.0
202209190811,,0.0
202209190847,,0.0
202209190856,,0.0
202209190941,,0.0
202209191023,,0.0
202209191111,,0.0
202209191229,,0.0
202209191241,,0.0
202209191259,,0.0
202209191332,,0.0
202209191453,,0.0
202209191505,,0.0
202209191532,,0.0
202209191559,142.0,1.3
202209191635,109.0,1.3
202209191644,159.0,1.8
202209191656,148.0,1.3
202209191714,135.0,0.9
202209191726,153.0,1.3
202209191750,169.0,0.4
202209191814,147.0,0.4
202209191847,161.0,0.4
202209191911,60.0,1.3
202209191920,165.0,0.9
202209192012,75.0,0.4
202209192021,266.0,0.9
202209192040,190.0,0.4
202209192052,190.0,0.4
202209192125,175.0,0.4
202209192134,,0.0
202209192146,,0.0
202209192158,196.0,0.9
202209192213,,0.0
202209192237,,0.0
202209192246,,0.0
202209192302,196.0,0.4
202209192312,196.0,0.4
202209192324,196.0,0.4
202209192345,196.0,0.4
202209192357,196.0,0.4
202209200006,196.0,0.4
202209200021,196.0,0.4
202209200045,,0.0
202209200057,,0.0
202209200121,,0.0
202209200136,,0.0
202209200148,,0.0
202209200200,,0.0
202209200212,,0.0
202209200244,,0.0
202209200305,,0.0
202209200317,,0.0
202209200332,,0.0
202209200344,,0.0
202209200402,,0.0
202209200423,,0.0
202209200450,,0.0
202209200505,,0.0
202209200529,,0.0
202209200615,,0.0
202209200636,,0.0
202209200648,,0.0
202209200709,,0.0
202209200721,,0.0
202209200734,,0.0
202209200743,,0.0
202209200755,,0.0
202209200849,,0.0
202209200931,,0.0
202209200946,,0.0
202209201010,,0.0
202209201019,,0.0
202209201052,,0.0
202209201116,,0.0
202209201131,,0.0
202209201203,,0.0
202209201221,,0.0
202209201236,,0.0
202209201251,,0.0
202209201300,,0.0
202209201312,,0.0
202209201354,,0.0
202209201427,,0.0
202209201451,,0.0
202209201539,140.0,0.4
202209201612,114.0,0.9
202209201637,170.0,0.9
202209201650,95.0,0.4
202209201714,105.0,0.4
202209201723,134.0,0.4
202209201747,97.0,0.9
202209201820,181.0,0.4
202209201835,303.0,0.4
202209201923,16.0,1.3
202209201935,,0.0
202209201947,179.0,0.9
202209202002,210.0,1.3
202209202011,184.0,0.4
202209202030,212.0,0.9
202209202111,202.0,0.9
202209202135,193.0,0.9
202209202153,188.0,0.4
202209202202,,0.0
202209202214,,0.0
202209202226,,0.0
202209202238,187.0,0.4
202209202323,187.0,0.4
202209202335,,0.0
202209202344,,0.0
202209202356,,0.0
202209210008,,0.0
202209210020,,0.0
202209210035,,0.0
202209210044,,0.0
202209210059,,0.0
202209210117,,0.0
202209210147,,0.0
202209210202,,0.0
202209210238,,0.0
202209210250,187.0,0.4
202209210308,,0.0
202209210353,,0.0
202209210405,,0.0
202209210417,,0.0
202209210438,,0.0
202209210508,,0.0
202209210517,,0.0
202209210544,,0.0
202209210559,,0.0
202209210617,,0.0
202209210659,,0.0
202209210759,,0.0
202209210808,,0.0
202209210835,,0.0
202209210844,,0.0
202209210941,,0.0
202209210953,,0.0
202209211005,,0.0
202209211017,,0.0
202209211029,,0.0
202209211047,,0.0
202209211056,,0.0
202209211108,,0.0
202209211126,,0.0
202209211138,,0.0
202209211202,,0.0
202209211211,,0.0
202209211223,,0.0
202209211232,,0.0
202209211244,,0.0
202209211256,,0.0
202209211317,,0.0
202209211329,,0.0
202209211341,,0.0
202209211356,,0.0
202209211429,,0.0
202209211529,,0.0
202209211544,,0.0
202209211623,148.0,0.4
202209211638,132.0,1.3
202209211647,127.0,0.9
202209211735,220.0,0.9
202209211833,153.0,0.4
202209211845,47.0,0.9
202209211909,188.0,0.4
202209211924,329.0,0.4
202209212006,191.0,0.9
202209212024,,0.0
202209212115,,0.0
202209212142,,0.0
202209212224,,0.0
202209212257,216.0,0.4
202209212306,,0.0
202209212318,,0.0
202209212339,216.0,0.4
202209212348,,0.0
202209220009,,0.0
202209220019,,0.0
202209220055,,0.0
202209220116,,0.0
202209220213,,0.0
202209220255,,0.0
202209220328,,0.0
202209220340,,0.0
202209220401,,0.0
202209220440,,0.0
202209220504,,0.0
202209220522,,0.0
202209220537,,0.0
202209220552,,0.0
202209220601,,0.0
202209220643,,0.0
202209220704,,0.0
202209220758,,0.0
202209220819,,0.0
202209220831,,0.0
202209220925,,0.0
202209220958,,0.0
202209221058,,0.0
202209221122,,0.0
202209221146,,0.0
202209221234,,0.0
202209221243,,0.0
202209221258,141.0,0.9
202209221307,,0.0
202209221328,,0.0
202209221355,160.0,0.4
202209221443,131.0,0.9
202209221455,178.0,1.3
202209221507,132.0,0.9
202209221519,18.0,0.9
202209221528,136.0,0.4
202209221607,136.0,0.9
202209221616,176.0,0.4
202209221631,167.0,0.4
202209221643,111.0,0.4
202209221725,198.0,1.8
202209221737,,0.0
202209221749,1.0,0.9
202209221819,12.0,0.9
202209221916,82.0,1.8
202209221955,141.0,1.3
202209222034,217.0,2.2
202209222058,145.0,1.3
202209222110,206.0,1.8
202209222149,172.0,0.4
202209222201,148.0,1.3
202209222216,147.0,0.4
202209222328,122.0,0.4
202209230004,,0.0
202209230016,154.0,0.4
202209230037,121.0,0.9
202209230049,,0.0
202209230110,142.0,0.4
202209230122,,0.0
202209230143,99.0,0.4
202209230231,,0.0
202209230240,,0.0
202209230252,152.0,0.4
202209230304,139.0,0.4
202209230313,,0.0
202209230322,157.0,0.4
202209230331,154.0,0.9
202209230343,,0.0
202209230407,168.0,0.9
202209230422,,0.0
202209230440,175.0,0.4
202209230501,175.0,0.4
202209230710,,0.0
202209230737,,0.0
202209230804,,0.0
202209230819,,0.0
202209230831,,0.0
202209230843,,0.0
202209230855,175.0,0.4
202209230928,,0.0
202209230958,,0.0
202209231010,,0.0
202209231034,,0.0
202209231101,,0.0
202209231113,,0.0
202209231125,,0.0
202209231231,,0.0
202209231246,,0.0
202209231322,,0.0
202209231334,175.0,0.9
202209231358,161.0,0.4
202209231446,188.0,0.9
202209231528,168.0,0.4
202209231601,199.0,1.3
202209231625,155.0,0.4
202209231655,94.0,0.4
202209231728,187.0,0.4
202209231740,217.0,1.3
202209231801,202.0,0.9
202209231813,339.0,0.9
202209231846,42.0,0.9
202209231919,76.0,1.3
202209231934,159.0,0.4
202209231946,192.0,0.9
202209231958,224.0,0.9
202209232043,197.0,0.4
202209232116,187.0,0.4
202209232125,196.0,0.4
202209232201,172.0,0.4
202209232213,172.0,0.4
202209232234,,0.0
202209232249,,0.0
202209232301,,0.0
202209232340,173.0,0.4
202209240016,,0.0
202209240043,,0.0
202209240116,,0.0
202209240155,,0.0
202209240213,,0.0
202209240237,173.0,0.9
202209240301,,0.0
202209240316,,0.0
202209240358,,0.0
202209240410,,0.0
202209240422,,0.0
202209240434,,0.0
202209240458,,0.0
202209240513,,0.0
202209240540,173.0,0.4
202209240616,,0.0
202209240628,,0.0
202209240713,,0.0
202209240737,,0.0
202209240749,,0.0
202209240801,,0.0
202209240813,173.0,0.9
202209240858,,0.0
202209240907,,0.0
202209240934,,0.0
202209240943,,0.0
202209241004,,0.0
202209241019,,0.0
202209241031,,0.0
202209241116,,0.0
202209241128,,0.0
202209241140,,0.0
202209241149,,0.0
202209241201,132.0,0.4
202209241225,,0.0
202209241237,,0.0
202209241249,,0.0
202209241431,137.0,0.4
202209241455,,0.0
202209241543,,0.0
202209241555,,0.0
202209241646,138.0,0.4
202209241734,173.0,0.4
202209241743,84.0,0.4
202209241752,195.0,0.9
202209241825,225.0,0.9
202209241846,174.0,0.9
202209241901,194.0,0.9
202209241913,319.0,2.2
202209242034,332.0,1.3
202209242107,338.0,0.9
202209242155,181.0,0.9
202209242252,173.0,0.4
202209242319,173.0,0.9
202209242331,,0.0
202209242343,,0.0
202209242355,,0.0
202209250016,,0.0
202209250037,161.0,0.4
202209250052,,0.0
202209250101,,0.0
202209250113,,0.0
202209250125,,0.0
202209250137,162.0,0.4
202209250152,,0.0
202209250216,,0.0
202209250252,,0.0
202209250313,,0.0
202209250322,,0.0
202209250343,,0.0
202209250419,,0.0
202209250428,,0.0
202209250452,,0.0
202209250504,,0.0
202209250513,,0.0
202209250528,,0.0
202209250546,,0.0
202209250558,,0.0
202209250616,,0.0
202209250628,,0.0
202209250646,,0.0
202209250658,,0.0
202209250755,,0.0
202209250807,,0.0
202209250819,,0.0
202209250831,,0.0
202209250843,,0.0
202209250855,,0.0
202209250931,,0.0
202209250946,,0.0
202209250958,,0.0
202209251019,,0.0
202209251052,,0.0
202209251104,,0.0
202209251116,,0.0
202209251125,162.0,0.4
202209251134,,0.0
202209251143,,0.0
202209251155,172.0,0.9
202209251204,172.0,0.9
202209251213,120.0,1.8
202209251225,36.0,1.3
202209251246,112.0,0.9
202209251255,,0.0
202209251307,,0.0
202209251319,103.0,0.4
202209251328,144.0,1.3
202209251337,152.0,1.3
202209251401,241.0,0.4
202209251413,156.0,0.4
202209251425,114.0,0.4
202209251434,116.0,0.4
202209251443,117.0,0.9
202209251452,,0.0
202209251504,103.0,0.9
202209251513,141.0,0.9
202209251525,126.0,0.4
202209251537,142.0,0.9
202209251549,148.0,2.7
202209251613,105.0,0.4
202209251622,106.0,0.9
202209251710,135.0,0.9
202209251734,151.0,1.3
202209251749,116.0,1.3
202209251825,156.0,0.4
202209251837,141.0,1.3
202209251907,156.0,2.2
202209251916,124.0,0.4
202209251925,147.0,1.3
202209251937,87.0,0.4
202209252010,190.0,0.4
202209252019,153.0,1.8
202209252040,165.0,0.4
202209252049,120.0,0.9
202209252119,331.0,0.9
202209252131,,0.0
202209252152,173.0,0.4
202209252204,131.0,0.9
202209252228,153.0,0.4
202209252301,,0.0
202209252322,139.0,0.9
202209252334,172.0,0.9
202209260049,,0.0
202209260113,153.0,0.9
202209260125,157.0,0.4
202209260146,,0.0
202209260158,,0.0
202209260240,,0.0
202209260252,,0.0
202209260304,,0.0
202209260349,,0.0
202209260401,,0.0
202209260455,,0.0
202209260504,171.0,0.4
202209260516,171.0,0.4
202209260525,,0.0
202209260534,,0.0
202209260546,173.0,0.4
202209260555,,0.0
202209260604,,0.0
202209260619,,0.0
202209260640,,0.0
202209260713,,0.0
202209260728,,0.0
202209260740,,0.0
202209260755,,0.0
202209260807,,0.0
202209260852,,0.0
202209260907,,0.0
202209260934,,0.0
202209260955,175.0,0.4
202209261019,,0.0
202209261028,,0.0
202209261058,,0.0
202209261110,,0.0
202209261128,,0.0
202209261152,,0.0
202209261216,,0.0
202209261301,,0.0
202209261313,,0.0
202209261322,194.0,0.9
202209261340,133.0,0.4
202209261358,138.0,1.3
202209261449,150.0,2.7
202209261507,154.0,1.8
202209261546,80.0,1.3
202209261610,74.0,1.8
202209261628,66.0,1.3
202209261637,176.0,0.9
202209261652,58.0,1.3
202209261710,55.0,1.3
202209261746,114.0,1.3
202209261840,175.0,1.3
202209261855,55.0,0.9
202209261940,152.0,0.4
202209262025,359.0,1.8
202209262040,39.0,0.9
202209262101,131.0,1.3
202209262110,135.0,1.3
202209262122,117.0,1.3
202209262146,129.0,1.8
202209262222,143.0,0.4
202209262301,136.0,0.4
202209262340,142.0,0.9
202209270013,,0.0
202209270031,166.0,0.9
202209270143,,0.0
202209270213,,0.0
202209270331,,0.0
202209270340,,0.0
202209270422,,0.0
202209270504,,0.0
202209270531,,0.0
202209270631,,0.0
202209270643,,0.0
202209270701,,0.0
202209270716,,0.0
202209270810,,0.0
202209270901,,0.0
202209270913,,0.0
202209270940,,0.0
202209271004,,0.0
202209271031,,0.0
202209271101,,0.0
202209271113,,0.0
202209271125,,0.0
202209271234,,0.0
202209271255,,0.0
202209271328,,0.0
202209271340,124.0,0.9
202209271434,136.0,1.3
202209271455,155.0,1.8
202209271510,129.0,0.9
202209271528,115.0,1.8
202209271543,107.0,1.8
202209271555,212.0,1.3
202209271616,89.0,1.8
202209271631,156.0,1.8
202209271652,139.0,0.4
202209271704,108.0,0.4
202209271834,188.0,1.8
202209271846,10.0,2.7
202209271902,123.0,0.9
202209271925,129.0,0.9
202209271935,172.0,0.4
202209272009,79.0,0.4
202209272024,173.0,2.2
202209272045,130.0,1.3
202209272103,140.0,0.9
202209272115,151.0,0.9
202209272139,152.0,0.9
202209272206,,0.0
202209272227,152.0,1.3
202209272248,,0.0
202209272312,183.0,0.9
202209272354,,0.0
202209280003,,0.0
202209280018,,0.0
202209280033,,0.0
202209280045,,0.0
202209280057,,0.0
202209280112,,0.0
202209280145,,0.0
202209280157,183.0,0.4
202209280327,,0.0
202209280442,,0.0
202209280454,,0.0
202209280506,,0.0
202209280518,,0.0
202209280551,,0.0
202209280625,,0.0
202209280705,,0.0
202209280720,,0.0
202209280732,,0.0
202209280744,,0.0
202209280808,,0.0
202209280844,,0.0
202209280923,,0.0
202209281008,,0.0
202209281026,,0.0
202209281035,,0.0
202209281132,,0.0
202209281150,,0.0
202209281217,,0.0
202209281232,,0.0
202209281244,,0.0
202209281259,,0.0
202209281311,181.0,0.4
202209281326,,0.0
202209281405,181.0,0.4
202209281417,181.0,0.4
202209281456,,0.0
202209281514,38.0,0.4
202209281556,148.0,0.9
202209281605,160.0,0.9
202209281635,141.0,0.4
202209281650,161.0,1.3
202209281702,94.0,0.4
202209281717,112.0,0.4
202209281802,121.0,0.9
202209281826,140.0,1.8
202209281917,108.0,0.4
202209281947,,0.0
202209282005,11.0,1.3
202209282044,115.0,0.4
202209282056,180.0,0.4
202209282114,187.0,0.4
202209282126,208.0,0.9
202209282217,166.0,0.4
202209282226,,0.0
202209282238,,0.0
202209282314,168.0,0.4
202209282326,168.0,0.4
202209282341,168.0,0.4
202209282356,169.0,0.9
202209290026,,0.0
202209290044,,0.0
202209290114,,0.0
202209290129,,0.0
202209290150,,0.0
202209290217,,0.0
202209290238,,0.0
202209290247,,0.0
202209290302,,0.0
202209290314,,0.0
202209290338,,0.0
202209290359,,0.0
202209290435,,0.0
202209290535,,0.0
202209290550,,0.0
202209290614,,0.0
202209290626,,0.0
202209290702,,0.0
202209290732,,0.0
202209290753,,0.0
202209290805,,0.0
202209290814,,0.0
202209290826,,0.0
202209290835,,0.0
202209290844,,0.0
202209290856,,0.0
202209290908,,0.0
202209290938,,0.0
202209290950,,0.0
202209290959,,0.0
202209291008,,0.0
202209291020,,0.0
202209291032,,0.0
202209291102,,0.0
202209291114,,0.0
202209291129,,0.0
202209291141,,0.0
202209291153,,0.0
202209291205,,0.0
202209291220,,0.0
202209291235,,0.0
202209291308,168.0,0.4
202209291317,,0.0
202209291332,,0.0
202209291344,170.0,0.4
202209291356,,0.0
202209291417,177.0,0.4
202209291429,169.0,0.4
202209291444,,0.0
202209291453,67.0,0.9
202209291508,223.0,0.4
202209291529,132.0,1.3
202209291538,132.0,1.3
202209291614,217.0,1.3
202209291623,52.0,0.4
202209291653,190.0,0.9
202209291708,11.0,1.8
202209291720,236.0,1.3
202209291802,197.0,0.4
202209291814,251.0,1.8
202209291823,187.0,0.4
202209291850,204.0,0.9
202209291902,250.0,0.9
202209291911,171.0,0.9
202209291926,,0.0
202209291941,359.0,0.9
202209291953,22.0,1.8
202209292008,247.0,0.4
202209292020,172.0,0.9
202209292029,218.0,1.3
202209292102,170.0,0.9
202209292114,177.0,0.9
202209292135,357.0,0.9
202209292159,337.0,0.4
202209292211,,0.0
202209292223,179.0,0.9
202209292302,,0.0
202209292314,,0.0
202209292323,175.0,0.4
202209300050,,0.0
202209300150,,0.0
202209300202,,0.0
202209300226,,0.0
202209300311,,0.0
202209300429,,0.0
202209300438,,0.0
202209300502,,0.0
202209300517,,0.0
202209300559,,0.0
202209300629,,0.0
202209300647,,0.0
202209300723,,0.0
202209300738,,0.0
202209300753,,0.0
202209300808,,0.0
202209300838,,0.0
202209300856,,0.0
202209300947,,0.0
202209301002,,0.0
202209301035,,0.0
202209301105,,0.0
202209301232,,0.0
202209301241,,0.0
202209301259,,0.0
202209301417,,0.0
202209301426,181.0,0.4
202209301505,204.0,0.4
202209301517,187.0,0.4
202209301529,,0.0
202209301541,354.0,0.9
202209301553,248.0,0.9
202209301614,196.0,0.9
202209301635,217.0,1.8
202209301659,259.0,1.8
202209301726,20.0,0.4
202209301738,201.0,0.9
202209301748,280.0,0.9
202209301758,,0.0
202209301810,5.0,0.9
202209301831,148.0,0.4
202209301940,290.0,1.3
202209302001,346.0,0.9
202209302013,,0.0
202209302050,126.0,0.4
202209302102,170.0,0.4
202209302112,132.0,0.4
202209302136,,0.0
202209302207,74.0,0.9
202209302222,103.0,0.4
202209302237,98.0,0.9
202209302304,13.0,0.9
202209302328,75.0,0.9
202209302340,38.0,0.9
202210010001,,0.0
202210010016,113.0,0.4
202210010031,95.0,0.9
202210010119,,0.0
202210010146,,0.0
202210010159,,0.0
202210010217,115.0,0.4
202210010254,132.0,0.4
202210010315,135.0,0.4
202210010342,,0.0
202210010355,148.0,0.4
202210010407,,0.0
202210010425,,0.0
202210010449,130.0,0.9
202210010535,169.0,1.3
202210010618,142.0,0.9
202210010642,163.0,0.9
202210010651,132.0,0.9
202210010701,143.0,1.3
202210010713,,0.0
202210010732,,0.0
202210010829,67.0,0.4
202210010926,168.0,0.9
202210011032,,0.0
202210011045,,0.0
202210011100,,0.0
202210011113,,0.0
202210011125,,0.0
202210011137,142.0,0.4
202210011146,,0.0
202210011158,,0.0
202210011231,,0.0
202210011243,135.0,0.9
202210011255,146.0,0.4
202210011310,,0.0
202210011322,,0.0
202210011343,150.0,0.4
202210011410,,0.0
202210011437,106.0,0.4
202210011446,146.0,1.3
202210011501,125.0,0.9
202210011513,135.0,0.4
202210011527,,0.0
202210011539,131.0,0.4
202210011551,,0.0
202210011639,150.0,0.4
202210011651,,0.0
202210011730,,0.0
202210011751,181.0,0.4
202210011806,92.0,0.4
202210011830,142.0,0.9
202210011842,,0.0
202210011854,144.0,0.4
202210011922,88.0,0.4
202210011934,140.0,0.9
202210011946,,0.0
202210012001,,0.0
202210012013,150.0,0.4
202210012028,,0.0
202210012052,132.0,0.9
202210012120,136.0,0.4
202210012144,150.0,0.9
202210012156,139.0,0.4
202210012220,138.0,0.4
202210012247,134.0,0.4
202210012302,149.0,1.3
202210012350,,0.0
202210020005,,0.0
202210020020,,0.0
202210020033,,0.0
202210020049,146.0,0.4
202210020125,113.0,0.4
202210020150,106.0,0.9
202210020211,142.0,0.9
202210020236,160.0,0.9
202210020300,157.0,1.3
202210020321,135.0,0.4
202210020345,83.0,0.4
202210020409,171.0,1.8
202210020428,137.0,0.9
202210020443,137.0,0.4
202210020528,142.0,0.4
202210020549,136.0,0.9
202210020607,143.0,0.9
202210020637,122.0,0.9
202210020713,,0.0
202210020723,138.0,0.9
202210020735,146.0,0.9
202210020918,146.0,0.9
202210020951,,0.0
202210021051,,0.0
202210021246,133.0,0.9
202210021305,185.0,0.4
202210021417,141.0,0.4
202210021427,153.0,0.4
202210021507,162.0,0.4
202210021519,147.0,0.9
202210021549,27.0,0.9
202210021604,,0.0
202210021622,175.0,0.4
202210021638,121.0,0.4
202210021742,174.0,1.3
202210021804,118.0,0.4
202210021825,58.0,1.3
202210021843,134.0,0.4
202210021916,141.0,0.4
202210021952,,0.0
202210022004,132.0,0.4
202210022046,132.0,0.4
202210022116,,0.0
202210022156,126.0,0.4
202210022208,162.0,0.4
202210022240,140.0,0.4
202210022307,,0.0
202210022356,,0.0
202210030035,115.0,0.4
202210030105,,0.0
202210030120,161.0,0.4
202210030130,,0.0
202210030145,,0.0
202210030155,171.0,0.4
202210030243,131.0,0.4
202210030256,,0.0
202210030311,,0.0
202210030433,,0.0
202210030451,,0.0
202210030516,,0.0
202210030546,,0.0
202210030656,,0.0
202210030841,,0.0
202210030902,,0.0
202210030927,,0.0
202210030939,,0.0
202210031000,,0.0
202210031012,,0.0
202210031037,115.0,0.4
202210031116,88.0,0.4
202210031310,133.0,0.4
202210031446,254.0,0.4
202210032004,123.0,0.4
202210032046,,0.0
202210032204,146.0,0.9
202210032231,139.0,0.4
202210032249,,0.0
202210032258,,0.0
202210032311,,0.0
202210032326,,0.0
202210040032,,0.0
202210040044,,0.0
202210040145,,0.0
202210040157,,0.0
202210040309,,0.0
202210040339,,0.0
202210040354,,0.0
202210040424,,0.0
202210040445,,0.0
202210040516,,0.0
202210040531,,0.0
202210040549,,0.0
202210040601,,0.0
202210040616,,0.0
202210040628,,0.0
202210040747,,0.0
202210040805,,0.0
202210040820,,0.0
202210040917,,0.0
202210040944,,0.0
202210040956,,0.0
202210041009,,0.0
202210041039,,0.0
202210041100,,0.0
202210041130,,0.0
202210041140,,0.0
202210041152,,0.0
202210041207,,0.0
202210041217,148.0,0.4
202210041229,159.0,0.4
202210041409,109.0,0.9
202210041430,,0.0
202210041443,110.0,0.4
202210041519,127.0,0.4
202210041537,142.0,0.4
202210041552,250.0,1.8
202210041625,101.0,0.4
202210041704,278.0,0.4
202210041723,133.0,0.4
202210041833,190.0,0.4
202210041906,128.0,1.3
202210041918,138.0,1.3
202210041939,350.0,1.8
202210042024,159.0,0.9
202210042037,149.0,0.4
202210042049,152.0,0.4
202210042104,135.0,0.4
202210042122,,0.0
202210042213,,0.0
202210042225,172.0,0.4
202210042237,173.0,0.4
202210042249,173.0,0.9
202210042326,,0.0
202210042339,173.0,0.4
202210050033,,0.0
202210050057,,0.0
202210050115,,0.0
202210050130,,0.0
202210050148,,0.0
202210050304,,0.0
202210050340,,0.0
202210050404,,0.0
202210050429,,0.0
202210050511,,0.0
202210050523,,0.0
202210050538,,0.0
202210050553,,0.0
202210050611,,0.0
202210050650,,0.0
202210050759,,0.0
202210050826,,0.0
202210050856,,0.0
202210050929,,0.0
202210050941,,0.0
202210050951,,0.0
202210051006,,0.0
202210051033,,0.0
202210051057,,0.0
202210051110,,0.0
202210051125,,0.0
202210051213,,0.0
202210051314,,0.0
202210051357,,0.0
202210051406,,0.0
202210051430,172.0,0.4
202210051448,171.0,0.9
202210051503,120.0,0.9
202210051522,81.0,0.4
202210051543,,0.0
202210051558,141.0,0.9
202210051610,143.0,1.8
202210051641,41.0,1.8
202210051729,129.0,0.4
202210051748,177.0,0.4
202210051803,120.0,0.4
202210051827,326.0,1.8
202210051846,299.0,1.3
202210051925,286.0,0.9
202210051935,13.0,1.3
202210051959,230.0,0.9
202210052117,202.0,1.8
202210052144,,0.0
202210052212,,0.0
202210052230,170.0,0.4
202210052246,171.0,0.4
202210052312,,0.0
202210052324,171.0,0.9
202210052334,171.0,0.4
202210052355,,0.0
202210060008,171.0,0.4
202210060144,,0.0
202210060226,,0.0
202210060245,,0.0
202210060304,,0.0
202210060358,,0.0
202210060440,,0.0
202210060524,,0.0
202210060552,,0.0
202210060738,,0.0
202210060753,,0.0
202210060814,,0.0
202210060908,,0.0
202210060921,,0.0
202210060948,,0.0
202210061033,,0.0
202210061051,,0.0
202210061116,,0.0
202210061126,,0.0
202210061141,,0.0
202210061159,,0.0
202210061229,,0.0
202210061305,,0.0
202210061344,,0.0
202210061420,,0.0
202210061453,,0.0
202210061526,,0.0
202210061541,147.0,0.4
202210061553,,0.0
202210061626,,0.0
202210061650,124.0,0.4
202210061708,80.0,0.9
202210061828,154.0,1.8
202210061904,158.0,0.4
202210061923,179.0,0.4
202210061944,,0.0
202210062038,,0.0
202210062048,,0.0
202210062103,,0.0
202210062206,,0.0
202210062236,171.0,0.4
202210062257,171.0,0.4
202210062330,171.0,0.4
202210070100,,0.0
202210070109,,0.0
202210070140,,0.0
202210070213,,0.0
202210070228,,0.0
202210070304,,0.0
202210070350,,0.0
202210070429,,0.0
202210070511,,0.0
202210070541,,0.0
202210070554,,0.0
202210070619,,0.0
202210070637,,0.0
202210070652,,0.0
202210070716,,0.0
202210070746,,0.0
202210070853,,0.0
202210070929,,0.0
202210071044,,0.0
202210071129,,0.0
202210071202,,0.0
202210071303,,0.0
202210071322,,0.0
202210071416,,0.0
202210071437,170.0,0.4
202210071450,170.0,0.9
202210071500,170.0,0.9
202210071515,170.0,0.9
202210071558,119.0,0.9
202210071613,127.0,0.9
202210071640,149.0,1.8
202210071653,129.0,0.4
202210071705,25.0,1.8
202210071732,157.0,0.9
202210071812,345.0,2.2
202210071857,194.0,0.4
202210071909,92.0,1.3
202210071921,49.0,1.3
202210071952,,0.0
202210072001,97.0,1.3
202210072016,9.0,1.3
202210072034,131.0,1.3
202210072053,135.0,0.4
202210072117,111.0,0.9
202210072127,143.0,0.4
202210072139,133.0,0.9
202210072151,135.0,0.9
202210072203,78.0,0.9
202210072213,164.0,0.9
202210072234,138.0,0.4
202210072244,127.0,0.4
202210072308,123.0,0.9
202210072335,127.0,0.4
202210072350,143.0,0.9
202210080011,355.0,0.4
202210080023,,0.0
202210080035,141.0,0.9
202210080047,139.0,0.9
202210080111,104.0,0.4
202210080123,151.0,0.4
202210080135,,0.0
202210080229,,0.0
202210080253,,0.0
202210080313,,0.0
202210080328,,0.0
202210080407,,0.0
202210080416,,0.0
202210080425,,0.0
202210080437,143.0,0.4
202210080449,134.0,0.9
202210080458,179.0,0.9
202210080528,135.0,0.4
202210080552,170.0,0.9
202210080604,168.0,1.3
202210080616,93.0,0.4
202210080628,55.0,1.3
202210080640,198.0,0.9
202210080652,,0.0
202210080701,264.0,1.3
202210080713,,0.0
202210080729,154.0,0.4
202210080741,,0.0
202210080802,164.0,0.9
202210080811,165.0,0.4
202210080844,,0.0
202210080856,,0.0
202210080905,,0.0
202210080914,,0.0
202210080926,,0.0
202210080944,,0.0
202210080959,,0.0
202210081008,,0.0
202210081029,,0.0
202210081051,138.0,0.4
202210081103,339.0,1.3
202210081115,,0.0
202210081124,173.0,0.9
202210081134,,0.0
202210081143,,0.0
202210081153,,0.0
202210081205,154.0,0.4
202210081224,168.0,0.4
202210081233,,0.0
202210081245,130.0,0.4
202210081307,,0.0
202210081319,95.0,0.9
202210081331,331.0,1.3
202210081352,119.0,0.4
202210081404,29.0,0.9
202210081428,89.0,0.9
202210081440,84.0,0.9
202210081452,178.0,0.9
202210081504,225.0,1.3
202210081513,351.0,0.9
202210081528,196.0,0.9
202210081543,29.0,1.3
202210081558,173.0,0.4
202210081610,140.0,0.4
202210081625,342.0,0.9
202210081704,207.0,0.4
202210081719,3.0,0.9
202210081731,6.0,1.3
202210081746,84.0,0.4
202210081758,348.0,1.8
202210081825,97.0,0.4
202210081847,5.0,1.3
202210081859,198.0,0.9
202210081920,105.0,0.9
202210081930,82.0,0.9
202210081942,284.0,1.3
202210082003,192.0,1.3
202210082015,304.0,0.9
202210082027,198.0,0.9
202210082046,69.0,0.9
202210082055,319.0,1.3
202210082107,191.0,0.4
202210082119,197.0,0.4
202210082131,,0.0
202210082141,189.0,0.9
202210082210,,0.0
202210082222,140.0,0.4
202210082231,142.0,0.4
202210082243,142.0,0.4
202210082253,,0.0
202210082314,143.0,0.4
202210082332,,0.0
202210082347,,0.0
202210090006,,0.0
202210090057,144.0,0.4
202210090124,,0.0
202210090218,,0.0
202210090239,,0.0
202210090252,,0.0
202210090304,,0.0
202210090328,,0.0
202210090338,,0.0
202210090359,,0.0
202210090414,,0.0
202210090429,,0.0
202210090447,,0.0
202210090459,,0.0
202210090526,,0.0
202210090538,,0.0
202210090623,,0.0
202210090650,,0.0
202210090711,,0.0
202210090729,,0.0
202210090803,,0.0
202210090827,,0.0
202210090842,,0.0
202210090910,,0.0
202210090922,,0.0
202210090943,,0.0
202210091020,,0.0
202210091035,,0.0
202210091059,,0.0
202210091132,,0.0
202210091200,,0.0
202210091212,,0.0
202210091248,,0.0
202210091258,,0.0
202210091319,,0.0
202210091331,,0.0
202210091355,144.0,0.4
202210091405,,0.0
202210091427,,0.0
202210091442,144.0,0.4
202210091515,,0.0
202210091603,,0.0
202210091612,7.0,2.2
202210091627,91.0,0.4
202210091727,326.0,1.3
202210091800,21.0,1.3
202210091818,154.0,0.4
202210091845,184.0,0.4
202210091903,199.0,0.9
202210091949,207.0,0.9
202210092001,210.0,0.9
202210092028,27.0,0.4
202210092049,191.0,0.4
202210092107,180.0,0.4
202210092120,329.0,0.9
202210092156,,0.0
202210092217,168.0,0.4
202210092229,168.0,0.4
202210092241,168.0,0.4
202210092317,168.0,0.4
202210092356,168.0,0.4
202210100008,,0.0
202210100020,,0.0
202210100032,,0.0
202210100053,,0.0
202210100105,,0.0
202210100306,,0.0
202210100318,,0.0
202210100357,,0.0
202210100406,,0.0
202210100433,,0.0
202210100451,,0.0
202210100524,,0.0
202210100600,,0.0
202210100612,,0.0
202210100630,,0.0
202210100724,,0.0
202210100755,,0.0
202210100816,,0.0
202210100831,,0.0
202210100847,,0.0
202210100909,,0.0
202210100937,,0.0
202210101004,,0.0
202210101016,,0.0
202210101026,,0.0
202210101038,,0.0
202210101108,,0.0
202210101117,,0.0
202210101139,,0.0
202210101203,,0.0
202210101221,,0.0
202210101236,,0.0
202210101251,,0.0
202210101400,,0.0
202210101415,168.0,0.4
202210101448,168.0,0.4
202210101504,,0.0
202210101529,,0.0
202210101632,87.0,1.3
202210101653,141.0,0.4
202210101705,,0.0
202210101717,76.0,0.4
202210101732,33.0,0.9
202210101747,178.0,0.4
202210101808,199.0,0.9
202210101824,219.0,1.3
202210101915,326.0,0.9
202210101930,206.0,2.2
202210101945,5.0,0.4
202210102010,200.0,0.4
202210102055,210.0,0.9
202210102131,,0.0
202210102143,188.0,0.4
202210102153,,0.0
202210102238,168.0,0.4
202210102302,168.0,0.9
202210102327,169.0,0.4
202210110045,,0.0
202210110104,,0.0
202210110134,,0.0
202210110217,,0.0
202210110345,,0.0
202210110403,,0.0
202210110427,,0.0
202210110501,,0.0
202210110516,,0.0
202210110535,,0.0
202210110609,,0.0
202210110657,,0.0
202210110721,,0.0
202210110736,,0.0
202210110818,,0.0
202210110836,,0.0
202210110901,,0.0
202210110914,,0.0
202210111024,,0.0
202210111100,,0.0
202210111109,,0.0
202210111119,,0.0
202210111137,,0.0
202210111210,,0.0
202210111231,,0.0
202210111249,,0.0
202210111301,,0.0
202210111316,,0.0
202210111334,,0.0
202210111353,168.0,0.4
202210111405,,0.0
202210111447,168.0,0.4
202210111459,168.0,0.4
202210111520,168.0,0.4
202210111553,128.0,0.9
202210111629,116.0,0.9
202210111641,,0.0
202210111702,,0.0
202210111833,,0.0
202210111942,193.0,0.9
202210111952,216.0,1.3
202210112029,334.0,0.9
202210112041,200.0,1.3
202210112120,199.0,0.9
202210112132,171.0,0.4
202210112214,195.0,0.9
202210112244,195.0,0.4
202210112335,195.0,0.9
202210120003,,0.0
202210120106,,0.0
202210120203,,0.0
202210120218,,0.0
202210120257,,0.0
202210120318,,0.0
202210120342,,0.0
202210120403,,0.0
202210120448,,0.0
202210120506,,0.0
202210120516,,0.0
202210120609,,0.0
202210120619,,0.0
202210120643,,0.0
202210120704,,0.0
202210120716,,0.0
202210120737,,0.0
202210120828,,0.0
202210120928,,0.0
202210121001,,0.0
202210121022,,0.0
202210121043,,0.0
202210121143,,0.0
202210121228,,0.0
202210121240,,0.0
202210121255,,0.0
202210121317,,0.0
202210121341,,0.0
202210121420,,0.0
202210121441,,0.0
202210121459,196.0,0.4
202210121544,144.0,0.4
202210121602,,0.0
202210121653,168.0,0.4
202210121705,359.0,0.4
202210121724,24.0,1.3
202210121737,348.0,1.3
202210121816,233.0,0.9
202210121834,332.0,1.8
202210121904,185.0,1.3
202210121935,79.0,0.4
202210121956,135.0,0.4
202210122117,147.0,0.9
202210122132,,0.0
202210122147,176.0,0.9
202210122214,183.0,0.4
202210122235,130.0,0.4
202210122302,,0.0
202210122317,,0.0
202210122332,,0.0
202210122344,,0.0
202210130035,91.0,0.9
202210130050,,0.0
202210130109,161.0,0.4
202210130142,146.0,0.4
202210130206,,0.0
202210130224,,0.0
202210130239,,0.0
202210130309,143.0,0.4
202210130342,131.0,0.4
202210130357,148.0,0.9
202210130415,169.0,0.9
202210130506,,0.0
202210130545,111.0,0.4
202210130651,,0.0
202210130724,,0.0
202210130854,,0.0
202210130934,116.0,0.4
202210130955,154.0,0.4
202210131023,151.0,0.9
202210131035,,0.0
202210131051,146.0,0.4
202210131131,,0.0
202210131144,,0.0
202210131210,,0.0
202210131237,,0.0
202210131313,117.0,0.4
202210131342,143.0,0.4
202210131352,123.0,0.9
202210131413,,0.0
202210131452,169.0,2.2
202210131528,316.0,0.9
202210131610,144.0,0.9
202210131625,154.0,0.4
202210131634,106.0,1.3
202210131652,33.0,1.3
202210131725,118.0,0.9
202210131746,166.0,1.3
202210131913,189.0,0.9
202210131932,147.0,1.8
202210131944,119.0,1.3
202210132014,109.0,0.9
202210132041,176.0,2.2
202210132053,151.0,1.3
202210132123,126.0,0.9
202210132141,,0.0
202210132205,145.0,0.9
202210132233,,0.0
202210132245,147.0,1.3
202210132257,,0.0
202210132321,122.0,0.4
202210132342,,0.0
202210140004,147.0,0.4
202210140102,158.0,0.4
202210140138,159.0,0.4
202210140157,,0.0
202210140209,159.0,0.4
202210140233,,0.0
202210140251,,0.0
202210140303,,0.0
202210140321,,0.0
202210140333,,0.0
202210140409,,0.0
202210140446,,0.0
202210140543,159.0,0.4
202210140558,,0.0
202210140610,,0.0
202210140634,,0.0
202210140713,,0.0
202210140725,,0.0
202210140743,,0.0
202210140819,,0.0
202210140834,,0.0
202210140850,,0.0
202210140932,,0.0
202210140941,,0.0
202210141036,,0.0
202210141103,,0.0
202210141133,,0.0
202210141154,,0.0
202210141207,,0.0
202210141228,,0.0
202210141238,,0.0
202210141253,,0.0
202210141314,159.0,0.4
202210141347,158.0,0.9
202210141403,158.0,0.9
202210141412,158.0,0.4
202210141427,158.0,0.4
202210141451,159.0,0.4
202210141506,142.0,0.4
202210141521,118.0,1.8
202210141539,159.0,1.3
202210141606,122.0,3.6
202210141642,103.0,1.3
202210141706,167.0,0.9
202210141724,41.0,1.3
202210141830,171.0,1.8
202210141925,119.0,0.4
202210141955,72.0,0.9
202210142007,292.0,0.4
202210142037,46.0,0.9
202210142052,108.0,0.9
202210142107,44.0,1.3
202210142143,164.0,0.4
202210142201,,0.0
202210142228,147.0,0.4
202210142301,170.0,0.4
202210142319,,0.0
202210142329,,0.0
202210142341,,0.0
202210150000,,0.0
202210150021,,0.0
202210150042,,0.0
202210150106,,0.0
202210150124,,0.0
202210150203,,0.0
202210150309,,0.0
202210150346,,0.0
202210150431,,0.0
202210150513,,0.0
202210150552,,0.0
202210150616,,0.0
202210150635,,0.0
202210150726,,0.0
202210150800,,0.0
202210150818,,0.0
202210150857,,0.0
202210150912,,0.0
202210150945,168.0,0.4
202210150955,168.0,0.4
202210151005,,0.0
202210151017,168.0,0.4
202210151035,169.0,0.4
202210151053,,0.0
202210151135,,0.0
202210151215,,0.0
202210151252,157.0,0.9
202210151304,131.0,0.4
202210151358,,0.0
202210151410,120.0,2.2
202210151422,154.0,0.9
202210151446,349.0,1.3
202210151501,150.0,1.3
202210151516,271.0,2.2
202210151531,195.0,1.3
202210151549,218.0,1.8
202210151604,334.0,2.2
202210151631,205.0,2.2
202210151653,129.0,1.3
202210151735,1.0,0.9
202210151748,214.0,0.9
202210151806,206.0,1.3
202210151909,111.0,1.3
202210151924,192.0,1.8
202210151936,115.0,3.1
202210152000,171.0,1.3
202210152012,143.0,1.3
202210152112,156.0,1.3
202210152133,80.0,0.4
202210152200,142.0,0.9
202210152218,189.0,0.9
202210152240,,0.0
202210152255,,0.0
202210152307,165.0,0.4
202210152324,165.0,0.9
202210152348,,0.0
202210160003,157.0,0.4
202210160039,,0.0
202210160127,157.0,0.9
202210160242,158.0,0.4
202210160254,158.0,0.4
202210160306,,0.0
202210160354,,0.0
202210160421,,0.0
202210160434,,0.0
202210160543,,0.0
202210160631,,0.0
202210160656,,0.0
202210161140,,0.0
202210161211,,0.0
202210161238,,0.0
202210161259,,0.0
202210161320,,0.0
202210161403,,0.0
202210161451,,0.0
202210161512,,0.0
202210161530,159.0,0.4
202210161545,159.0,0.4
202210161603,159.0,0.4
202210161624,,0.0
202210161724,125.0,0.4
202210161748,30.0,1.3
202210161821,90.0,0.4
202210161833,,0.0
202210161901,158.0,0.9
202210161937,152.0,1.3
202210161958,150.0,0.4
202210162028,146.0,0.4
202210162102,,0.0
202210162129,,0.0
202210162153,,0.0
202210162211,,0.0
202210162247,,0.0
202210162259,129.0,0.4
202210162320,,0.0
202210162341,,0.0
202210170017,,0.0
202210170059,,0.0
202210170117,,0.0
202210170221,,0.0
202210170233,,0.0
202210170303,140.0,0.4
202210170354,,0.0
202210170418,141.0,0.9
202210170439,,0.0
202210170518,166.0,0.4
202210170527,130.0,0.4
202210170630,,0.0
202210170721,,0.0
202210170840,,0.0
202210170932,,0.0
202210171002,157.0,0.4
202210171020,125.0,0.9
202210171102,146.0,0.9
202210171124,62.0,0.9
202210171151,142.0,0.9
202210171203,,0.0
202210171218,,0.0
202210171230,,0.0
202210171245,147.0,0.4
202210171257,150.0,0.9
202210171312,153.0,0.4
202210171324,,0.0
202210171336,131.0,0.9
202210171424,,0.0
202210171445,150.0,1.8
202210171457,,0.0
202210171536,,0.0
202210171601,50.0,0.4
202210171616,88.0,0.4
202210171628,36.0,1.8
202210171637,83.0,0.9
202210171652,168.0,2.2
202210171702,63.0,0.9
202210171726,116.0,1.3
202210171739,101.0,0.9
202210171751,90.0,0.4
202210171803,133.0,1.3
202210171821,,0.0
202210171831,121.0,1.3
202210171840,121.0,1.3
202210171855,225.0,2.7
202210171917,119.0,2.7
202210171933,199.0,1.8
202210171951,161.0,1.8
202210172007,147.0,1.8
202210172022,196.0,1.3
202210172040,333.0,2.2
202210172055,141.0,1.3
202210172152,99.0,1.3
202210172207,151.0,0.9
202210172216,69.0,0.9
202210172228,118.0,0.9
202210172237,118.0,0.9
202210172249,125.0,0.9
202210172258,,0.0
202210172310,104.0,0.9
202210172322,117.0,0.4
202210172331,123.0,0.9
202210172349,122.0,0.4
202210172358,122.0,0.4
202210180007,106.0,0.9
202210180017,137.0,0.4
202210180026,137.0,0.4
202210180038,,0.0
202210180059,138.0,1.3
202210180111,113.0,1.3
202210180123,101.0,0.4
202210180135,145.0,0.4
202210180147,,0.0
202210180156,110.0,1.3
202210180206,56.0,1.3
202210180215,116.0,0.9
202210180227,141.0,1.3
202210180236,116.0,1.3
202210180245,128.0,1.3
202210180257,231.0,1.3
202210180306,126.0,4.0
202210180354,123.0,0.4
202210180418,151.0,0.9
202210180430,150.0,0.4
202210180442,77.0,0.9
202210180452,23.0,0.9
202210180504,180.0,0.4
202210180513,128.0,0.4
202210180537,146.0,1.3
202210180547,125.0,0.9
202210180556,264.0,0.9
202210180638,133.0,1.3
202210180738,,0.0
202210180808,,0.0
202210180842,105.0,0.9
202210180857,,0.0
202210180906,,0.0
202210180930,150.0,0.4
202210180954,141.0,0.4
202210181003,133.0,0.9
202210181015,135.0,1.8
202210181027,106.0,0.9
202210181036,116.0,0.4
202210181046,122.0,1.3
202210181058,139.0,0.4
202210181110,126.0,1.3
202210181134,161.0,0.9
202210181144,103.0,0.9
202210181156,41.0,1.8
202210181220,99.0,0.4
202210181232,128.0,0.9
202210181241,24.0,1.3
202210181314,,0.0
202210181326,55.0,0.9
202210181338,90.0,0.4
202210181350,148.0,0.4
202210181359,,0.0
202210181408,146.0,0.9
202210181423,,0.0
202210181441,29.0,1.3
202210181453,141.0,1.3
202210181514,106.0,1.8
202210181523,90.0,0.4
202210181535,209.0,0.4
202210181550,57.0,1.8
202210181612,116.0,0.4
202210181624,116.0,1.8
202210181634,127.0,0.9
202210181648,53.0,0.9
202210181700,109.0,1.8
202210181712,17.0,0.9
202210181721,143.0,0.4
202210181733,97.0,0.4
202210181748,73.0,0.9
202210181800,114.0,0.4
202210181809,163.0,1.3
202210181830,135.0,0.4
202210181842,150.0,1.8
202210181906,70.0,0.9
202210181918,133.0,0.4
202210181930,83.0,0.9
202210181939,52.0,1.8
202210181951,44.0,0.9
202210182003,116.0,0.4
202210182015,294.0,0.4
202210182027,332.0,1.8
202210182040,56.0,1.3
202210182104,160.0,1.3
202210182119,95.0,0.9
202210182143,150.0,1.8
202210182217,131.0,0.4
202210182238,157.0,1.3
202210182253,171.0,1.3
202210182308,147.0,0.4
202210182323,153.0,0.9
202210182332,138.0,1.3
202210182356,151.0,0.9
202210190008,148.0,0.9
202210190017,142.0,0.9
202210190032,,0.0
202210190050,143.0,1.3
202210190059,175.0,0.9
202210190111,139.0,0.4
202210190123,141.0,0.4
202210190138,181.0,0.9
202210190150,144.0,0.9
202210190202,157.0,0.9
202210190214,141.0,0.4
202210190226,145.0,0.9
202210190259,140.0,0.9
202210190311,47.0,0.4
202210190320,150.0,0.9
202210190338,77.0,0.9
202210190347,32.0,0.4
202210190359,135.0,1.3
202210190414,56.0,0.9
202210190429,98.0,1.3
202210190505,195.0,0.9
202210190521,15.0,1.8
202210190533,135.0,1.3
202210190555,146.0,1.3
202210190605,149.0,1.8
202210190626,139.0,1.3
202210190647,164.0,1.3
202210190656,146.0,0.9
202210190706,165.0,0.4
202210190718,147.0,1.3
202210190736,150.0,1.3
202210190748,157.0,1.3
202210190803,113.0,0.4
202210190812,152.0,1.3
202210190827,166.0,0.9
202210190842,127.0,0.4
202210190903,,0.0
202210190933,137.0,0.9
202210191000,,0.0
202210191045,,0.0
202210191109,,0.0
202210191124,,0.0
202210191136,,0.0
202210191152,,0.0
202210191211,145.0,0.4
202210191229,152.0,0.4
202210191318,160.0,0.9
202210191357,163.0,1.8
202210191409,142.0,1.8
202210191430,165.0,0.9
202210191446,82.0,0.9
202210191501,172.0,2.2
202210191528,163.0,1.8
202210191540,173.0,0.9
202210191550,,0.0
202210191626,141.0,1.8
202210191635,49.0,1.8
202210191647,25.0,1.8
202210191657,139.0,1.8
202210191712,210.0,1.3
202210191724,64.0,0.9
202210191736,156.0,1.3
202210191751,121.0,0.9
202210191815,45.0,1.8
202210191827,120.0,1.8
202210191839,135.0,0.9
202210191851,,0.0
202210191921,127.0,1.8
202210191948,84.0,1.3
202210192000,153.0,2.2
202210192030,180.0,1.3
202210192042,127.0,0.9
202210192054,144.0,2.2
202210192115,30.0,0.9
202210192140,334.0,0.9
202210192231,152.0,0.4
202210192243,155.0,0.9
202210192255,,0.0
202210192319,,0.0
202210192331,133.0,0.4
202210192343,119.0,0.4
202210192358,119.0,0.4
202210200049,,0.0
202210200101,119.0,0.4
202210200113,,0.0
202210200128,,0.0
202210200140,,0.0
202210200152,,0.0
202210200204,,0.0
202210200214,,0.0
202210200256,,0.0
202210200311,,0.0
202210200326,,0.0
202210200347,,0.0
202210200441,,0.0
202210200453,,0.0
202210200502,,0.0
202210200520,,0.0
202210200532,,0.0
202210200547,,0.0
202210200557,,0.0
202210200606,,0.0
202210200618,,0.0
202210200627,,0.0
202210200639,,0.0
202210200655,,0.0
202210200728,,0.0
202210200740,,0.0
202210200753,,0.0
202210200802,,0.0
202210200820,,0.0
202210200838,,0.0
202210200856,,0.0
202210200941,,0.0
202210200956,,0.0
202210201008,,0.0
202210201021,,0.0
202210201036,,0.0
202210201048,,0.0
202210201100,,0.0
202210201109,,0.0
202210201122,,0.0
202210201134,,0.0
202210201149,,0.0
202210201201,,0.0
202210201219,,0.0
202210201234,,0.0
202210201258,,0.0
202210201320,,0.0
202210201335,119.0,0.4
202210201345,119.0,0.4
202210201400,,0.0
202210201418,120.0,0.9
202210201433,119.0,0.4
202210201448,119.0,0.4
202210201500,119.0,0.4
202210201515,158.0,0.9
202210201545,149.0,0.9
202210201615,152.0,1.8
202210201627,146.0,0.9
202210201642,173.0,1.3
202210201651,173.0,1.3
202210201703,117.0,1.3
202210201721,312.0,2.7
202210201733,158.0,2.2
202210201742,,0.0
202210201754,110.0,0.4
202210201806,165.0,4.0
202210201827,103.0,0.9
202210201906,3.0,0.9
202210201942,171.0,1.3
202210201957,128.0,3.6
202210202015,138.0,0.4
202210202025,154.0,0.9
202210202035,352.0,1.3
202210202047,275.0,1.8
202210202056,148.0,1.3
202210202115,129.0,2.2
202210202130,120.0,1.3
202210202210,87.0,0.4
202210202222,201.0,0.4
202210202238,,0.0
202210202320,161.0,0.4
202210202338,162.0,0.4
202210202359,161.0,0.4
202210210132,,0.0
202210210205,,0.0
202210210217,,0.0
202210210232,,0.0
202210210244,,0.0
202210210300,,0.0
202210210312,,0.0
202210210349,,0.0
202210210359,,0.0
202210210426,,0.0
202210210438,,0.0
202210210453,,0.0
202210210508,,0.0
202210210520,,0.0
202210210530,,0.0
202210210547,,0.0
202210210605,,0.0
202210210615,,0.0
202210210645,,0.0
202210210727,,0.0
202210210739,,0.0
202210210748,,0.0
202210210800,,0.0
202210210812,,0.0
202210210827,,0.0
202210210839,,0.0
202210210848,,0.0
202210210900,,0.0
202210210909,,0.0
202210210933,,0.0
202210211006,,0.0
202210211021,,0.0
202210211042,,0.0
202210211054,,0.0
202210211103,,0.0
202210211112,,0.0
202210211124,,0.0
202210211136,,0.0
202210211145,,0.0
202210211154,,0.0
202210211203,,0.0
202210211224,,0.0
202210211236,,0.0
202210211245,,0.0
202210211306,,0.0
202210211316,,0.0
202210211325,,0.0
202210211348,,0.0
202210211407,161.0,0.4
202210211428,161.0,0.4
202210211452,161.0,0.4
202210211504,,0.0
202210211525,,0.0
202210211557,325.0,1.3
202210211609,308.0,0.9
202210211621,181.0,0.4
202210211630,128.0,0.4
202210211642,174.0,0.9
202210211712,181.0,0.4
202210211733,251.0,0.9
202210211745,241.0,1.3
202210211755,158.0,1.8
202210211807,69.0,0.9
202210211816,199.0,1.8
202210211825,181.0,0.9
202210211837,183.0,0.9
202210211901,200.0,0.4
202210211913,130.0,0.4
202210211922,214.0,0.4
202210212007,158.0,0.4
202210212016,257.0,0.9
202210212028,218.0,0.9
202210212040,185.0,0.9
202210212102,183.0,0.9
202210212111,167.0,0.4
202210212132,189.0,0.4
202210212208,162.0,0.9
202210212244,163.0,0.4
202210212253,171.0,0.4
202210212305,171.0,0.4
202210212317,174.0,0.4
202210212338,,0.0
202210220017,175.0,0.4
202210220029,,0.0
202210220047,,0.0
202210220059,,0.0
202210220109,,0.0
202210220121,,0.0
202210220157,,0.0
202210220209,,0.0
202210220230,,0.0
202210220242,,0.0
202210220251,,0.0
202210220303,,0.0
202210220312,,0.0
202210220333,,0.0
202210220342,,0.0
202210220418,,0.0
202210220430,,0.0
202210220442,,0.0
202210220454,,0.0
202210220506,,0.0
202210220518,,0.0
202210220527,,0.0
202210220539,,0.0
202210220551,,0.0
202210220603,,0.0
202210220615,,0.0
202210220624,,0.0
202210220636,,0.0
202210220648,,0.0
202210220657,,0.0
202210220709,,0.0
202210220718,,0.0
202210220728,,0.0
202210220740,,0.0
202210220752,,0.0
202210220804,,0.0
202210220816,,0.0
202210220828,,0.0
202210220837,,0.0
202210220852,,0.0
202210220916,,0.0
202210220938,,0.0
202210220950,,0.0
202210221002,,0.0
202210221014,,0.0
202210221023,,0.0
202210221035,,0.0
202210221044,,0.0
202210221105,,0.0
202210221117,,0.0
202210221129,,0.0
202210221144,,0.0
202210221156,,0.0
202210221205,,0.0
202210221217,,0.0
202210221229,,0.0
202210221259,,0.0
202210221311,,0.0
202210221344,,0.0
202210221406,,0.0
202210221430,,0.0
202210221442,,0.0
202210221451,,0.0
202210221512,174.0,0.4
202210221524,120.0,0.4
202210221536,37.0,0.9
202210221545,,0.0
202210221618,,0.0
202210221630,292.0,0.9
202210221642,146.0,0.4
202210221651,171.0,1.8
202210221703,147.0,0.4
202210221715,193.0,0.4
202210221727,346.0,1.3
202210221739,226.0,0.9
202210221751,171.0,0.4
202210221815,71.0,0.9
202210221824,76.0,0.9
202210221836,270.0,1.3
202210221909,50.0,0.9
202210221921,218.0,0.4
202210221930,177.0,0.9
202210221942,173.0,0.4
202210221954,196.0,0.9
202210222015,70.0,1.3
202210222037,62.0,0.4
202210222047,190.0,0.4
202210222056,,0.0
202210222108,223.0,0.9
202210222120,,0.0
202210222132,,0.0
202210222151,183.0,0.9
202210222203,,0.0
202210222227,159.0,0.9
202210222236,162.0,0.9
202210222248,165.0,0.4
202210222300,,0.0
202210222312,170.0,0.4
202210222324,,0.0
202210222333,170.0,0.4
202210222348,,0.0
202210222357,,0.0
202210230007,,0.0
202210230028,,0.0
202210230041,,0.0
202210230102,170.0,0.4
202210230248,,0.0
202210230300,,0.0
202210230439,,0.0
202210230500,,0.0
202210230515,,0.0
202210230603,170.0,0.4
202210230645,,0.0
202210230719,,0.0
202210230731,,0.0
202210230744,,0.0
202210230809,,0.0
202210230900,,0.0
202210230912,,0.0
202210230924,,0.0
202210230939,,0.0
202210231027,,0.0
202210231148,,0.0
202210231216,,0.0
202210231308,,0.0
202210231330,,0.0
202210231345,,0.0
202210231355,170.0,0.4
202210231419,170.0,0.9
202210231531,,0.0
202210231541,,0.0
202210231608,98.0,0.4
202210231648,,0.0
202210231754,183.0,0.9
202210231834,165.0,0.4
202210231846,5.0,1.8
202210231922,287.0,1.3
202210231931,222.0,1.3
202210232043,182.0,0.4
202210232120,185.0,0.4
202210232141,,0.0
202210232153,187.0,0.4
202210232215,187.0,0.9
202210232345,,0.0
202210232358,,0.0
202210240026,,0.0
202210240041,,0.0
202210240114,,0.0
202210240124,,0.0
202210240200,,0.0
202210240303,,0.0
202210240315,,0.0
202210240325,,0.0
202210240337,,0.0
202210240524,,0.0
202210240642,,0.0
202210240709,,0.0
202210240830,,0.0
202210241019,,0.0
202210241034,,0.0
202210241110,,0.0
202210241128,,0.0
202210241152,,0.0
202210241234,,0.0
202210241246,,0.0
202210241313,,0.0
202210241322,,0.0
202210241349,,0.0
202210241404,175.0,0.4
202210241437,,0.0
202210241452,181.0,0.4
202210241513,,0.0
202210241608,185.0,0.4
202210241632,33.0,0.9
202210241659,90.0,0.4
202210241724,188.0,0.4
202210241740,311.0,1.3
202210241819,179.0,0.4
202210241904,176.0,0.4
202210241932,250.0,0.4
202210242014,180.0,0.9
202210242036,186.0,1.3
202210242215,156.0,0.9
202210242228,,0.0
202210242325,,0.0
202210250008,,0.0
202210250026,,0.0
202210250135,,0.0
202210250347,,0.0
202210250359,,0.0
202210250432,,0.0
202210250450,,0.0
202210250514,,0.0
202210250524,,0.0
202210250619,,0.0
202210250640,,0.0
202210250704,,0.0
202210250741,,0.0
202210250759,,0.0
202210250944,,0.0
202210251002,,0.0
202210251123,,0.0
202210251156,,0.0
202210251302,,0.0
202210251320,,0.0
202210251345,,0.0
202210251422,,0.0
202210251556,,0.0
202210251608,,0.0
202210251632,40.0,0.9
202210251745,358.0,1.3
202210251809,110.0,0.4
202210251901,358.0,1.3
202210251940,305.0,0.9
202210251952,212.0,0.9
202211142349,,0.0
202211150029,,0.0
202211150141,,0.0
202211150211,,0.0
202211150232,,0.0
202211150256,,0.0
202211150308,,0.0
202211150347,,0.0
202211150405,,0.0
202211150432,,0.0
202211150556,,0.0
202211150608,,0.0
202211150641,,0.0
202211150756,,0.0
202211150817,,0.0
202211150905,,0.0
202211151005,,0.0
202211151038,,0.0
202211151103,,0.0
202211151151,195.0,0.4
202211151310,116.0,0.9
202211151343,106.0,0.4
202211151401,,0.0
202211151446,,0.0
202211151531,114.0,0.4
202211151716,,0.0
202211151755,,0.0
202211151819,132.0,0.4
202211151837,137.0,0.4
202211151852,152.0,0.9
202211151907,,0.0
202211151937,99.0,0.4
202211152016,,0.0
202211152031,,0.0
202211152107,,0.0
202211152156,,0.0
202211152217,97.0,0.4
202211152253,161.0,0.9
202211152332,174.0,0.4
202211152344,,0.0
202211152359,,0.0
202211160014,,0.0
202211160038,,0.0
202211160059,129.0,0.4
202211160124,152.0,1.3
202211160225,135.0,1.3
202211160543,147.0,1.3
202211160555,115.0,0.9
202211160646,132.0,0.4
202211160728,113.0,1.8
202211160801,117.0,1.3
202211160813,147.0,0.9
202211160825,140.0,2.7
202211160843,43.0,2.2
202211160901,43.0,1.8
202211160949,127.0,0.4
202211161025,107.0,0.9
202211161225,33.0,0.9
202211161241,114.0,1.8
202211161326,,0.0
202211161347,137.0,0.4
202211161453,29.0,1.3
202211161506,133.0,0.9
202211161525,167.0,1.3
202211161541,111.0,0.9
202211161618,69.0,0.4
202211161642,24.0,0.9
202211161700,161.0,2.2
202211161712,145.0,0.4
202211161739,95.0,0.9
202211161751,47.0,2.2
202211161804,180.0,3.6
202211161832,155.0,1.3
202211161850,123.0,0.4
202211161914,172.0,1.3
202211161944,149.0,1.3
202211161956,89.0,0.9
202211162014,61.0,2.2
202211162029,101.0,2.2
202211162102,102.0,0.9
202211162157,139.0,1.3
202211162209,135.0,0.9
202211162243,119.0,0.9
202211162301,115.0,0.9
202211162328,148.0,0.4
202211170001,146.0,0.9
202211170016,145.0,0.9
202211170032,150.0,0.9
202211170044,139.0,0.4
202211170133,95.0,0.9
202211170148,138.0,0.9
202211170200,128.0,0.9
202211170219,54.0,0.9
202211170234,157.0,1.3
202211170244,137.0,0.9
202211170311,150.0,0.9
202211170339,161.0,0.9
202211170410,141.0,0.4
202211170443,,0.0
202211170456,136.0,0.9
202211170530,143.0,1.8
202211170555,168.0,0.4
202211170640,183.0,1.8
202211170655,157.0,0.9
202211170728,39.0,0.9
202211170741,83.0,0.9
202211170759,132.0,1.8
202211170835,332.0,1.3
202211170848,26.0,1.8
202211170919,59.0,2.2
202211170929,94.0,0.9
202211170956,117.0,1.3
202211171038,115.0,2.2
202211171102,,0.0
202211171129,154.0,2.2
202211171208,73.0,0.4
202211171218,126.0,0.9
202211171312,107.0,1.3
202211171336,20.0,2.7
202211171409,38.0,2.2
202211171431,23.0,1.3
202211171452,34.0,0.4
202211171507,137.0,1.8
202211171544,202.0,0.9
202211171557,321.0,1.3
202211171634,,0.0
202211171716,216.0,0.9
202211171735,192.0,1.3
202211171818,188.0,0.9
202211171836,299.0,0.9
202211171916,296.0,0.4
202211171928,35.0,0.9
202211171955,102.0,2.2
202211172143,87.0,0.4
202211172202,,0.0
202211172212,,0.0
202211172249,,0.0
202211172307,153.0,0.4
202211172340,,0.0
202211172350,153.0,0.9
202211180005,153.0,0.4
202211180015,153.0,0.4
202211180055,153.0,0.4
202211180113,153.0,0.4
202211180143,153.0,0.9
202211180232,113.0,0.4
202211180246,133.0,0.4
202211180256,133.0,0.4
202211180308,134.0,0.4
202211180348,,0.0
202211180400,,0.0
202211180415,,0.0
202211180439,,0.0
202211180455,,0.0
202211180543,,0.0
202211180604,,0.0
202211180623,135.0,0.4
202211180650,,0.0
202211180805,,0.0
202211180854,,0.0
202211180924,,0.0
202211180945,,0.0
202211181024,,0.0
202211181034,,0.0
202211181125,,0.0
202211181140,,0.0
202211181152,,0.0
202211181222,,0.0
202211181246,,0.0
202211181301,,0.0
202211181316,,0.0
202211181431,138.0,0.4
202211181523,133.0,0.4
202211181539,161.0,0.9
202211181552,232.0,0.9
202211181625,86.0,0.9
202211181704,117.0,2.7
202211181725,173.0,3.6
202211181740,136.0,2.2
202211181810,235.0,0.9
202211181837,193.0,2.2
202211181849,127.0,1.3
202211181904,184.0,1.8
202211181919,165.0,0.9
202211181959,167.0,0.9
202211182011,68.0,0.9
202211182059,156.0,2.2
202211182123,126.0,1.3
202211182136,206.0,0.9
202211182148,174.0,1.3
202211182158,104.0,1.8
202211182235,141.0,0.4
202211182250,,0.0
202211182305,,0.0
202211182320,,0.0
202211182359,126.0,0.4
202211190014,,0.0
202211190039,129.0,0.9
202211190057,129.0,0.4
202211190127,,0.0
202211190203,,0.0
202211190233,126.0,0.9
202211190257,126.0,0.4
202211190321,126.0,0.4
202211190333,,0.0
202211190343,127.0,0.4
202211190405,126.0,0.4
202211190450,,0.0
202211190511,,0.0
202211190523,,0.0
202211190547,126.0,0.4
202211190605,,0.0
202211190623,,0.0
202211190635,,0.0
202211190702,,0.0
202211190720,,0.0
202211190753,,0.0
202211190904,,0.0
202211190958,,0.0
202211191110,,0.0
202211191137,,0.0
202211191149,,0.0
202211191211,,0.0
202211191226,,0.0
202211191241,,0.0
202211191439,143.0,0.4
202211191509,162.0,0.9
202211191543,145.0,1.3
202211191613,198.0,2.2
202211191628,183.0,2.7
202211191701,174.0,0.4
202211191713,193.0,1.3
202211191723,160.0,1.3
202211191827,165.0,2.2
202211191840,170.0,2.2
202211191937,179.0,2.2
202211191953,145.0,0.9
202211192024,150.0,0.9
202211192036,231.0,0.9
202211192046,32.0,0.4
202211192113,118.0,1.3
202211192219,226.0,1.3
202211192231,134.0,3.1
202211192246,183.0,0.9
202211192311,164.0,1.8
202211200008,160.0,0.4
202211200023,,0.0
202211200114,,0.0
202211200129,,0.0
202211200226,,0.0
202211200235,147.0,0.4
202211200247,,0.0
202211200257,96.0,0.9
202211200306,116.0,0.9
202211200318,138.0,2.7
202211200330,147.0,4.0
202211200351,181.0,0.9
202211200403,139.0,1.8
202211200415,41.0,1.8
202211200439,91.0,0.9
202211200448,133.0,1.8
202211200457,127.0,0.9
202211200506,132.0,1.8
202211200518,129.0,3.6
202211200539,118.0,0.9
202211200551,153.0,1.3
202211200603,142.0,1.3
202211200612,141.0,0.9
202211200624,114.0,1.3
202211200636,,0.0
202211200645,112.0,0.4
202211200655,,0.0
202211200707,131.0,0.4
202211200719,90.0,1.8
202211200728,94.0,0.9
202211200740,122.0,1.3
202211200755,124.0,0.9
202211200807,135.0,0.4
202211200828,,0.0
202211200840,145.0,0.4
202211200849,126.0,0.4
202211200910,140.0,0.4
202211200919,158.0,0.4
202211200928,132.0,0.4
202211200937,,0.0
202211200949,115.0,0.9
202211200958,130.0,1.8
202211201019,47.0,1.3
202211201028,141.0,0.4
202211201038,123.0,0.9
202211201047,152.0,0.9
202211201111,,0.0
202211201123,118.0,0.9
202211201142,193.0,0.9
202211201154,117.0,0.9
202211201203,131.0,1.8
202211201224,,0.0
202211201233,,0.0
202211201245,121.0,0.4
202211201257,98.0,0.9
202211201309,68.0,1.3
202211201318,35.0,1.3
202211201342,137.0,0.4
202211201354,77.0,0.9
202211201420,153.0,1.3
202211201432,167.0,1.3
202211201441,172.0,2.2
202211201502,80.0,0.4
202211201511,165.0,1.3
202211201523,21.0,1.3
202211201544,19.0,1.8
202211201554,23.0,2.7
202211201606,355.0,3.1
202211201615,331.0,0.9
202211201627,58.0,0.9
202211201637,13.0,1.3
202211201647,77.0,1.8
202211201656,174.0,1.3
202211201705,80.0,0.4
202211201717,129.0,0.4
202211201729,150.0,1.8
202211201741,185.0,3.1
202211201751,348.0,1.8
202211201803,42.0,3.1
202211201821,152.0,0.9
202211201842,17.0,2.7
202211201852,107.0,2.2
202211201904,161.0,0.9
202211201914,33.0,1.3
202211201926,69.0,1.3
202211202008,187.0,0.4
202211202020,205.0,0.9
202211202032,145.0,0.4
202211202112,99.0,0.4
202211202127,,0.0
202211202145,,0.0
202211202157,116.0,0.4
202211202215,117.0,0.4
202211202227,117.0,0.4
202211202239,117.0,0.9
202211202251,118.0,0.4
202211202316,,0.0
202211202331,118.0,0.4
202211202355,,0.0
202211210010,118.0,0.4
202211210058,118.0,0.4
202211210110,,0.0
202211210120,118.0,0.4
202211210132,118.0,0.4
202211210144,,0.0
202211210154,,0.0
202211210209,,0.0
202211210221,,0.0
202211210233,,0.0
202211210248,,0.0
202211210309,,0.0
202211210327,,0.0
202211210351,,0.0
202211210403,,0.0
202211210415,,0.0
202211210442,118.0,0.4
202211210536,,0.0
202211210557,,0.0
202211210616,,0.0
202211210634,,0.0
202211210646,,0.0
202211210701,,0.0
202211210710,,0.0
202211210728,,0.0
202211210752,,0.0
202211210816,,0.0
202211210914,,0.0
202211210924,,0.0
202211211009,,0.0
202211211024,,0.0
202211211036,,0.0
202211211051,,0.0
202211211103,,0.0
202211211112,,0.0
202211211124,,0.0
202211211148,,0.0
202211211200,,0.0
202211211221,,0.0
202211211233,,0.0
202211211245,,0.0
202211211257,,0.0
202211211306,,0.0
202211211318,,0.0
202211211327,,0.0
202211211336,,0.0
202211211345,118.0,0.4
202211211357,118.0,0.4
202211211407,118.0,0.4
202211211431,118.0,0.4
202211211455,118.0,0.9
202211211507,119.0,0.9
202211211522,119.0,0.9
202211211543,120.0,0.4
202211211555,,0.0
202211211607,,0.0
202211211616,119.0,0.4
202211211637,80.0,0.9
202211211649,72.0,0.4
202211211701,70.0,0.9
202211211720,,0.0
202211211729,18.0,0.9
202211211741,18.0,0.9
202211211753,23.0,0.9
202211211805,40.0,0.9
202211211817,,0.0
202211211826,193.0,0.9
202211211835,162.0,0.9
202211211845,110.0,0.9
202211211857,300.0,0.9
202211211909,201.0,0.9
202211211919,67.0,0.4
202211211929,180.0,0.9
202211211938,191.0,1.3
202211211950,112.0,1.3
202211211959,256.0,0.9
202211212014,143.0,0.9
202211212035,190.0,0.9
202211212047,164.0,1.3
202211212059,192.0,0.4
202211212108,170.0,1.8
202211212120,170.0,0.4
202211212147,160.0,0.9
202211212159,141.0,1.3
202211212209,164.0,0.9
202211212221,161.0,0.9
202211212230,163.0,0.9
202211212242,166.0,0.9
202211212254,167.0,0.9
202211212303,168.0,0.4
202211212313,168.0,0.4
202211212331,168.0,0.4
202211212343,168.0,0.9
202211212358,169.0,0.9
202211220007,,0.0
202211220034,169.0,0.4
202211220043,,0.0
202211220055,,0.0
202211220105,,0.0
202211220132,,0.0
202211220144,169.0,0.4
202211220154,169.0,0.4
202211220203,169.0,0.4
202211220215,,0.0
202211220227,,0.0
202211220239,,0.0
202211220251,169.0,0.4
202211220303,,0.0
202211220312,169.0,0.4
202211220324,,0.0
202211220336,,0.0
202211220348,,0.0
202211220400,169.0,0.4
202211220422,,0.0
202211220437,169.0,0.4
202211220446,,0.0
202211220456,,0.0
202211220508,169.0,0.4
202211220520,,0.0
202211220532,,0.0
202211220553,,0.0
202211220602,,0.0
202211220614,,0.0
202211220626,,0.0
202211220635,,0.0
202211220647,,0.0
202211220700,,0.0
202211220712,,0.0
202211220722,,0.0
202211220740,,0.0
202211220752,,0.0
202211220810,,0.0
202211220820,,0.0
202211220839,,0.0
202211220851,,0.0
202211220903,,0.0
202211220927,,0.0
202211220937,,0.0
202211220959,,0.0
202211221011,,0.0
202211221020,,0.0
202211221032,,0.0
202211221045,169.0,0.9
202211221112,,0.0
202211221124,168.0,0.4
202211221136,,0.0
202211221200,,0.0
202211221210,,0.0
202211221222,,0.0
202211221301,,0.0
202211221310,,0.0
202211221337,,0.0
202211221410,169.0,0.4
202211221422,169.0,0.4
202211221434,169.0,0.9
202211221452,168.0,0.9
202211221504,168.0,0.4
202211221513,168.0,0.4
202211221544,,0.0
202211221608,,0.0
202211221617,170.0,0.4
202211221629,,0.0
202211221639,125.0,0.4
202211221651,75.0,0.9
202211221728,56.0,0.9
202211221740,73.0,0.9
202211221752,19.0,0.9
202211221804,33.0,0.9
202211221813,8.0,0.9
202211221858,11.0,0.9
202211221907,21.0,0.9
202211221922,213.0,1.3
202211221937,211.0,0.9
202211222021,152.0,0.4
202211222048,179.0,0.4
202211222058,,0.0
202211222124,179.0,0.4
202211222136,180.0,0.4
202211222200,179.0,0.4
202211222215,176.0,0.9
202211222237,175.0,0.9
202211222249,176.0,0.9
202211230014,,0.0
202211230102,,0.0
202211230117,,0.0
202211230138,,0.0
202211230156,,0.0
202211230211,,0.0
202211230223,,0.0
202211230232,,0.0
202211230253,,0.0
202211230308,,0.0
202211230320,,0.0
202211230332,,0.0
202211230344,,0.0
202211230359,,0.0
202211230441,,0.0
202211230453,,0.0
202211230505,,0.0
202211230520,,0.0
202211230536,,0.0
202211230603,,0.0
202211230630,,0.0
202211230654,,0.0
202211230706,,0.0
202211230716,,0.0
202211230801,,0.0
202211230825,,0.0
202211230835,,0.0
202211230850,,0.0
202211230905,,0.0
202211230932,,0.0
202211230953,,0.0
202211231029,,0.0
202211231044,,0.0
202211231059,,0.0
202211231126,,0.0
202211231144,,0.0
202211231212,,0.0
202211231245,,0.0
202211231306,,0.0
202211231321,,0.0
202211231403,,0.0
202211231451,176.0,0.4
202211231527,176.0,0.9
202211231539,,0.0
202211231551,177.0,0.4
202211231601,,0.0
202211231629,,0.0
202211231644,68.0,0.9
202211231732,54.0,0.9
202211231744,173.0,0.4
202211231759,23.0,1.3
202211231817,132.0,0.4
202211231832,32.0,0.9
202211231845,37.0,1.8
202211231903,29.0,0.9
202211231921,33.0,0.9
202211240022,,0.0
202211240117,,0.0
202211240129,,0.0
202211240147,,0.0
202211240202,,0.0
202211240217,,0.0
202211240232,,0.0
202211240256,,0.0
202211240306,,0.0
202211240321,,0.0
202211240333,,0.0
202211240354,,0.0
202211240433,,0.0
202211240512,,0.0
202211240524,,0.0
202211240536,,0.0
202211240546,,0.0
202211240558,,0.0
202211240625,,0.0
202211240637,,0.0
202211240649,,0.0
202211240701,,0.0
202211240713,,0.0
202211240731,,0.0
202211240746,,0.0
202211240813,,0.0
202211240838,,0.0
202211240851,,0.0
202211240912,,0.0
202211240924,,0.0
202211241025,,0.0
202211241043,,0.0
202211241101,,0.0
202211241123,,0.0
202211241202,,0.0
202211241211,,0.0
202211241226,,0.0
202211241238,,0.0
202211241302,,0.0
202211241326,,0.0
202211241341,,0.0
202211241356,,0.0
202211241409,,0.0
202211241422,,0.0
202211241449,,0.0
202211241513,,0.0
202211241525,,0.0
202211241552,,0.0
202211241607,,0.0
202211241638,124.0,0.4
202211241650,114.0,0.9
202211241715,111.0,0.4
202211241742,175.0,0.4
202211241804,51.0,0.9
202211241814,246.0,1.3
202211241832,62.0,0.9
202211241844,163.0,0.4
202211241914,270.0,1.3
202211242037,159.0,0.4
202211242058,,0.0
202211242113,177.0,0.9
202211242158,162.0,0.9
202211242210,169.0,0.9
202211242240,162.0,0.9
202211242325,170.0,0.9
202211242355,,0.0
202211250022,,0.0
202211250034,,0.0
202211250052,,0.0
202211250101,,0.0
202211250116,,0.0
202211250132,170.0,0.4
202211250153,170.0,0.4
202211250215,,0.0
202211250227,,0.0
202211250251,,0.0
202211250304,,0.0
202211250316,,0.0
202211250331,170.0,0.4
202211250343,,0.0
202211250358,,0.0
202211250409,,0.0
202211250426,,0.0
202211250441,,0.0
202211250456,,0.0
202211250506,,0.0
202211250542,,0.0
202211250554,,0.0
202211250625,,0.0
202211250702,,0.0
202211250720,,0.0
202211250733,,0.0
202211250818,,0.0
202211250830,,0.0
202211250843,,0.0
202211250852,,0.0
202211250913,,0.0
202211250940,,0.0
202211250952,,0.0
202211251010,,0.0
202211251023,,0.0
202211251039,,0.0
202211251054,,0.0
202211251109,,0.0
202211251130,,0.0
202211251203,,0.0
202211251218,,0.0
202211251228,,0.0
202211251246,,0.0
202211251258,,0.0
202211251346,,0.0
202211251358,,0.0
202211251419,,0.0
202211251435,,0.0
202211251447,,0.0
202211251457,,0.0
202211251534,,0.0
202211251546,,0.0
202211251601,,0.0
202211251616,,0.0
202211251628,,0.0
202211251637,,0.0
202211251710,,0.0
202211251725,,0.0
202211251752,,0.0
202211251804,151.0,0.4
202211251840,66.0,0.9
202211251901,,0.0
202211251920,,0.0
202211251950,26.0,1.3
202211252014,132.0,0.4
202211252032,129.0,0.4
202211252050,76.0,0.4
202211252100,55.0,1.3
202211252112,134.0,0.4
202211252122,32.0,0.9
202211252131,114.0,0.9
202211252155,99.0,0.4
202211252210,,0.0
202212061757,,0.0
202212061809,,0.0
202212061821,128.0,0.4
202212061830,102.0,0.4
202212061842,,0.0
202212061857,104.0,0.4
202212061909,106.0,0.4
202212061933,,0.0
202212061945,,0.0
202212061954,169.0,0.4
202212062006,129.0,0.4
202212062027,152.0,0.4
202212062100,,0.0
202212062118,,0.0
202212062130,,0.0
202212062149,,0.0
202212062201,,0.0
202212062213,,0.0
202212062225,,0.0
202212062237,,0.0
202212062246,,0.0
202212062258,123.0,0.4
202212062313,,0.0
202212062322,,0.0
202212062347,,0.0
202212062359,,0.0
202212070011,,0.0
202212070021,131.0,0.4
202212070033,131.0,0.4
202212070043,131.0,0.4
202212070055,,0.0
202212070104,,0.0
202212070117,,0.0
202212070126,,0.0
202212070135,,0.0
202212070145,,0.0
202212070200,,0.0
202212070212,,0.0
202212070233,,0.0
202212070242,,0.0
202212070254,,0.0
202212070306,,0.0
202212070316,,0.0
202212070329,,0.0
202212070351,,0.0
202212070403,165.0,0.4
202212070418,165.0,0.4
202212070430,,0.0
202212070454,164.0,0.9
202212070503,,0.0
202212070515,,0.0
202212070527,,0.0
202212070539,,0.0
202212070549,164.0,0.4
202212070558,,0.0
202212070619,,0.0
202212070631,,0.0
202212070640,,0.0
202212070658,165.0,0.4
202212070722,,0.0
202212070734,,0.0
202212070747,,0.0
202212070817,136.0,0.9
202212070936,143.0,0.4
202212071003,,0.0
202212071013,,0.0
202212071022,,0.0
202212071040,,0.0
202212071052,,0.0
202212071104,,0.0
202212071119,169.0,0.4
202212071134,164.0,0.4
202212071146,146.0,0.9
202212071158,132.0,0.9
202212071216,160.0,0.4
202212071255,168.0,0.9
202212071310,154.0,0.4
202212071332,159.0,0.4
202212071344,149.0,0.4
202212071400,,0.0
202212071415,,0.0
202212071427,,0.0
202212071439,,0.0
202212071506,,0.0
202212071536,,0.0
202212071548,111.0,0.4
202212071557,,0.0
202212071609,,0.0
202212071618,,0.0
202212071628,,0.0
202212071640,,0.0
202212071652,,0.0
202212071704,,0.0
202212071716,,0.0
202212071728,104.0,0.9
202212071749,,0.0
202212071758,,0.0
202212071810,,0.0
202212071820,,0.0
202212071829,94.0,0.4
202212071841,,0.0
202212071902,,0.0
202212071914,,0.0
202212071954,190.0,0.9
202212072006,61.0,1.3
202212072018,144.0,0.9
202212072030,141.0,0.9
202212072042,,0.0
202212072054,,0.0
202212072103,,0.0
202212072115,,0.0
202212072124,,0.0
202212072136,,0.0
202212072157,139.0,0.4
202212072207,,0.0
202212072216,,0.0
202212072225,,0.0
202212072234,,0.0
202212072246,,0.0
202212072301,,0.0
202212072313,160.0,0.4
202212072337,,0.0
202212080001,160.0,0.9
202212080010,,0.0
202212080022,,0.0
202212080032,,0.0
202212080041,,0.0
202212080051,,0.0
202212080121,160.0,0.9
202212080145,161.0,0.4
202212080157,135.0,0.4
202212080321,,0.0
202212080342,,0.0
202212080354,,0.0
202212080404,,0.0
202212080440,,0.0
202212080449,,0.0
202212080458,,0.0
202212080513,,0.0
202212080522,,0.0
202212080534,,0.0
202212081329,,0.0
202212081341,,0.0
202212081406,,0.0
202212081434,,0.0
202212081446,,0.0
202212081516,,0.0
202212081528,,0.0
202212081555,,0.0
202212081610,,0.0
202212081625,,0.0
202212081710,,0.0
202212081746,,0.0
202212081801,,0.0
202212081813,,0.0
202212081825,,0.0
202212081837,162.0,0.4
202212081850,,0.0
202212081859,,0.0
202212081911,,0.0
202212081923,,0.0
202212081938,,0.0
202212081948,162.0,0.4
202212082012,,0.0
202212082024,,0.0
202212082033,,0.0
202212082043,,0.0
202212082055,,0.0
202212082104,,0.0
202212082116,,0.0
202212082152,137.0,0.4
202212082204,,0.0
202212082216,137.0,0.4
202212082228,,0.0
202212082240,,0.0
202212082252,,0.0
202212082316,,0.0
202212082325,,0.0
202212082337,,0.0
202212082355,,0.0
202212090019,,0.0
202212090031,141.0,0.4
202212090043,85.0,0.4
202212090101,,0.0
202212090113,,0.0
202212090125,132.0,0.4
202212090149,123.0,0.9
202212090159,57.0,1.3
202212090214,,0.0
202212090224,99.0,0.4
202212090239,302.0,0.9
202212090254,,0.0
202212090303,,0.0
202212090313,,0.0
202212090322,,0.0
202212090331,,0.0
202212090340,,0.0
202212090349,,0.0
202212090401,,0.0
202212090413,86.0,0.4
202212090425,,0.0
202212090437,81.0,0.9
202212090446,101.0,0.4
202212090458,,0.0
202212090507,77.0,0.4
202212090519,,0.0
202212090529,,0.0
202212090541,,0.0
202212090550,,0.0
202212090602,,0.0
202212090614,99.0,0.4
202212090624,,0.0
202212090645,,0.0
202212090654,,0.0
202212090706,,0.0
202212091332,,0.0
202212091341,,0.0
202212091353,,0.0
202212091408,,0.0
202212091417,,0.0
202212091427,,0.0
202212091500,,0.0
202212091509,,0.0
202212091519,,0.0
202212091540,,0.0
202212091552,,0.0
202212091602,146.0,0.4
202212091626,67.0,0.4
202212091636,,0.0
202212091648,81.0,0.4
202212091658,,0.0
202212091710,,0.0
202212091723,169.0,0.4
202212091735,202.0,0.4
202212091747,,0.0
202212091817,167.0,0.4
202212091829,165.0,0.4
202212091844,161.0,0.4
202212091856,,0.0
202212091908,203.0,0.9
202212091920,137.0,0.9
202212092017,163.0,0.4
202212092041,,0.0
202212092114,,0.0
202212092123,,0.0
202212092132,,0.0
202212092144,156.0,0.4
202212092156,,0.0
202212092218,162.0,0.9
202212092230,163.0,0.9
202212092242,163.0,0.4
202212092251,163.0,0.4
202212092303,163.0,0.9
202212092315,163.0,0.4
202212092327,163.0,0.4
202212092339,163.0,0.4
202212092351,,0.0
202212100004,,0.0
202212100016,,0.0
202212100028,,0.0
202212100101,,0.0
202212100110,,0.0
202212100119,163.0,0.4
202212100152,,0.0
202212100204,,0.0
202212100259,,0.0
202212100311,,0.0
202212100320,,0.0
202212100332,,0.0
202212100344,,0.0
202212100353,,0.0
202212100403,,0.0
202212100412,,0.0
202212100433,,0.0
202212100512,,0.0
202212100524,,0.0
202212100536,146.0,0.4
202212100548,,0.0
202212100557,,0.0
202212100609,,0.0
202212100619,,0.0
202212100631,140.0,0.4
202212100643,,0.0
202212100653,,0.0
202212100705,,0.0
202212100717,137.0,0.4
202212100729,87.0,0.4
202212100805,97.0,0.4
202212100817,,0.0
202212100829,,0.0
202212100841,,0.0
202212100853,,0.0
202212100902,138.0,0.4
202212100914,,0.0
202212100926,,0.0
202212100938,,0.0
202212101002,,0.0
202212101035,,0.0
202212101047,,0.0
202212101059,,0.0
202212101112,,0.0
202212101124,,0.0
202212101200,,0.0
202212101212,,0.0
202212101245,,0.0
202212101313,,0.0
202212101325,,0.0
202212101337,,0.0
202212101355,,0.0
202212101416,,0.0
202212101443,,0.0
202212101455,,0.0
202212101516,174.0,0.4
202212101540,,0.0
202212101552,110.0,0.4
202212101628,1.0,0.9
202212101655,330.0,0.9
202212101704,336.0,0.9
202212101714,,0.0
202212101735,186.0,0.9
202212101757,,0.0
202212101809,,0.0
202212101821,65.0,0.9
202212101836,12.0,1.3
202212101848,184.0,0.4
202212101857,12.0,1.3
202212101909,,0.0
202212101921,33.0,0.9
202212101933,,0.0
202212101942,33.0,0.9
202212101951,205.0,0.4
202212102003,,0.0
202212102012,,0.0
202212102027,98.0,0.4
202212102051,,0.0
202212102103,,0.0
202212102125,65.0,0.4
202212102135,,0.0
202212102147,,0.0
202212102211,129.0,0.4
202212102223,,0.0
202212102247,,0.0
202212102256,,0.0
202212102317,132.0,0.4
202212102327,,0.0
202212102351,,0.0
202212110015,,0.0
202212110025,,0.0
202212110037,,0.0
202212110049,,0.0
202212110149,128.0,0.4
202212110201,,0.0
202212110238,,0.0
202212110250,,0.0
202212110259,,0.0
202212110314,,0.0
202212110332,,0.0
202212110344,,0.0
202212110414,,0.0
202212110435,,0.0
202212110447,,0.0
202212110459,,0.0
202212110511,,0.0
202212110523,,0.0
202212110550,,0.0
202212110605,,0.0
202212110615,,0.0
202212110624,,0.0
202212110636,,0.0
202212110648,,0.0
202212110712,,0.0
202212110724,,0.0
202212110737,,0.0
202212110749,,0.0
202212110813,,0.0
202212110825,,0.0
202212110852,,0.0
202212110904,,0.0
202212110916,,0.0
202212110941,,0.0
202212110953,,0.0
202212111008,,0.0
202212111023,,0.0
202212111035,,0.0
202212111047,,0.0
202212111102,,0.0
202212111124,,0.0
202212111142,,0.0
202212111155,,0.0
202212111235,,0.0
202212111250,,0.0
202212111302,,0.0
202212111314,,0.0
202212111329,,0.0
202212111339,,0.0
202212111351,,0.0
202212111419,,0.0
202212111437,,0.0
202212111449,,0.0
202212111501,,0.0
202212111543,36.0,0.9
202212111558,,0.0
202212111625,,0.0
202212111643,,0.0
202212111655,157.0,0.9
202212111707,97.0,0.4
202212111729,,0.0
202212111747,,0.0
202212111759,68.0,0.4
202212111812,,0.0
202212111822,,0.0
202212111837,,0.0
202212111849,107.0,0.4
202212111907,201.0,0.4
202212111925,,0.0
202212111943,345.0,0.9
202212112010,68.0,0.4
202212112025,,0.0
202212112052,154.0,0.4
202212112107,54.0,0.4
202212112119,32.0,0.9
202212112132,55.0,0.9
202212112150,,0.0
202212112202,306.0,0.4
202212112217,40.0,0.4
202212112244,78.0,0.4
202212112253,78.0,0.4
202212112323,,0.0
202212112341,128.0,0.4
202212112351,127.0,0.4
202212120001,,0.0
202212120028,,0.0
202212120040,108.0,0.4
202212120055,80.0,0.9
202212120110,119.0,0.4
202212120128,,0.0
202212120140,,0.0
202212120150,,0.0
202212120205,,0.0
202212120229,,0.0
202212120257,,0.0
202212120330,,0.0
202212120352,,0.0
202212120407,,0.0
202212120514,,0.0
202212120524,,0.0
202212120534,,0.0
202212120625,,0.0
202212120640,,0.0
202212120704,,0.0
202212120716,147.0,0.4
202212120728,,0.0
202212120740,,0.0
202212120755,,0.0
202212120807,,0.0
202212120816,,0.0
202212120828,,0.0
202212120840,,0.0
202212120852,,0.0
202212120907,,0.0
202212120916,,0.0
202212120926,,0.0
202212120938,,0.0
202212120950,,0.0
202212121012,147.0,0.4
202212121024,,0.0
202212121036,,0.0
202212121100,,0.0
202212121112,,0.0
202212121124,,0.0
202212121134,,0.0
202212121145,,0.0
202212121154,,0.0
202212121215,,0.0
202212121227,,0.0
202212121242,,0.0
202212121303,,0.0
202212121313,,0.0
202212121325,,0.0
202212121346,,0.0
202212121410,50.0,0.9
202212121422,88.0,0.4
202212121432,8.0,0.9
202212121441,311.0,0.9
202212121453,307.0,0.9
202212121508,228.0,0.9
202212121520,208.0,1.3
202212121532,118.0,0.4
202212121542,210.0,0.9
202212121554,17.0,1.3
202212121606,22.0,0.9
202212121630,114.0,0.4
202212121642,334.0,0.4
202212121710,0.0,1.3
202212121725,290.0,1.3
202212121737,225.0,0.9
202212121749,153.0,0.4
202212121758,228.0,0.9
202212121822,66.0,0.9
202212121834,197.0,0.4
202212121843,5.0,0.9
202212121855,310.0,0.4
202212121907,14.0,0.9
202212121928,347.0,1.3
202212121940,279.0,2.2
202212121952,44.0,0.9
202212122004,207.0,0.9
202212122023,,0.0
202212122038,345.0,1.3
202212122050,341.0,1.8
202212122102,345.0,0.4
202212122114,187.0,0.4
202212122124,17.0,1.3
202212122136,95.0,0.4
202212122148,,0.0
202212122200,,0.0
202212122209,,0.0
202212122224,,0.0
202212122236,,0.0
202212122251,149.0,0.4
202212122303,149.0,0.4
202212122318,150.0,0.4
202212122333,,0.0
202212122354,,0.0
202212130006,,0.0
202212130016,,0.0
202212130047,150.0,0.4
202212130102,,0.0
202212130114,150.0,0.4
202212130130,,0.0
202212130139,,0.0
202212130151,,0.0
202212130203,,0.0
202212130230,,0.0
202212130242,,0.0
202212130257,,0.0
202212130312,,0.0
202212130339,,0.0
202212130352,,0.0
202212130401,,0.0
202212130413,,0.0
202212130425,,0.0
202212130437,,0.0
202212130449,,0.0
202212130510,,0.0
202212130522,,0.0
202212130534,,0.0
202212130546,,0.0
202212130558,,0.0
202212130607,,0.0
202212130619,,0.0
202212130701,,0.0
202212130710,,0.0
202212130723,,0.0
202212131015,,0.0
202212131027,,0.0
202212131042,,0.0
202212131054,,0.0
202212131106,,0.0
202212131116,,0.0
202212131137,,0.0
202212131149,,0.0
202212131213,,0.0
202212131225,,0.0
202212131252,,0.0
202212131322,,0.0
202212131334,,0.0
202212131404,,0.0
202212131416,,0.0
202212131437,,0.0
202212131507,,0.0
202212131537,,0.0
202212131549,,0.0
202212131616,,0.0
202212131640,,0.0
202212131649,,0.0
202212131710,115.0,0.4
202212131722,94.0,0.9
202212131747,79.0,0.9
202212131759,63.0,0.9
202212131808,37.0,0.4
202212131832,81.0,0.9
202212131847,109.0,0.4
202212131859,52.0,0.4
202212131911,,0.0
202212131939,,0.0
202212132001,,0.0
202212132013,,0.0
202212132025,,0.0
202212132040,,0.0
202212132055,,0.0
202212132105,,0.0
202212132147,,0.0
202212132205,146.0,0.9
202212132217,159.0,0.4
202212132244,150.0,0.9
202212132320,,0.0
202212132332,150.0,0.4
202212132341,150.0,0.4
202212132350,,0.0
202212140002,,0.0
202212140014,,0.0
202212140026,,0.0
202212140038,,0.0
202212140109,,0.0
202212140124,,0.0
202212140156,,0.0
202212140217,149.0,0.4
202212140244,,0.0
202212140253,,0.0
202212140320,,0.0
202212140332,,0.0
202212140344,,0.0
202212140402,,0.0
202212140414,,0.0
202212140423,,0.0
202212140447,,0.0
202212140459,,0.0
202212162048,253.0,1.3
202212162100,159.0,1.8
202212162115,161.0,2.7
202212162130,180.0,0.4
202212162154,96.0,0.9
202212162218,174.0,0.4
202212162241,158.0,0.9
202212162250,,0.0
202212162311,125.0,0.4
202212162320,166.0,0.4
202212162347,181.0,0.9
202212170005,,0.0
202212170020,146.0,0.4
202212170044,140.0,0.9
202212170059,163.0,1.3
202212170111,216.0,0.4
202212170123,158.0,0.4
202212170135,192.0,0.4
202212170145,164.0,0.9
202212171021,,0.0
202212171033,,0.0
202212171048,,0.0
202212171100,160.0,0.4
202212171109,151.0,1.8
202212171121,,0.0
202212171133,,0.0
202212171143,,0.0
202212171153,,0.0
202212171208,,0.0
202212171230,,0.0
202212171254,160.0,0.4
202212171306,,0.0
202212171327,159.0,0.9
202212171345,,0.0
202212171409,135.0,1.3
202212171433,,0.0
202212171521,134.0,1.8
202212171530,172.0,2.7
202212171540,130.0,2.2
202212171556,278.0,0.4
202212171608,183.0,0.4
202212171618,180.0,1.3
202212171630,277.0,1.8
202212171645,317.0,1.8
202212171712,13.0,1.8
202212171757,148.0,1.8
202212171809,151.0,0.4
202212171830,139.0,2.2
202212171842,198.0,0.9
202212171907,183.0,2.7
202212171922,344.0,1.3
202212171931,314.0,0.9
202212171943,185.0,1.3
202212171958,177.0,0.9
202212172011,139.0,2.7
202212172020,232.0,1.3
202212172035,204.0,0.9
202212172050,187.0,0.4
202212172111,132.0,0.9
202212172123,178.0,0.4
202212172132,169.0,0.4
202212172144,232.0,1.3
202212172154,,0.0
202212172215,198.0,0.9
202212172224,178.0,0.9
202212172236,147.0,1.3
202212172309,185.0,0.9
202212172351,170.0,0.9
202212180000,151.0,0.4
202212180018,158.0,0.4
202212180039,178.0,0.4
202212180139,154.0,1.3
202212180205,117.0,0.4
202212180238,152.0,0.4
202212180250,,0.0
202212180318,119.0,0.9
202212180512,135.0,0.9
202212180524,126.0,1.3
202212180536,26.0,0.9
202212180606,155.0,1.3
202212181005,26.0,1.3
202212181056,103.0,1.3
202212181133,62.0,1.8
202212181145,118.0,1.3
202212181242,191.0,0.4
202212181300,173.0,1.3
202212181318,137.0,0.4
202212181427,68.0,0.9
202212181437,161.0,0.4
202212181452,77.0,1.8
202212181541,108.0,0.9
202212181603,93.0,0.9
202212181655,127.0,1.8
202212181838,57.0,1.8
202212181853,77.0,0.9
202212181908,21.0,1.3
202212182030,156.0,0.9
202212182104,,0.0
202212182119,62.0,0.4
202212182134,100.0,0.4
202212182217,,0.0
202212182229,,0.0
202212182250,,0.0
202212182323,143.0,0.4
202212182357,143.0,0.4
202212190018,,0.0
202212190031,,0.0
202212190045,,0.0
202212190058,,0.0
202212190134,,0.0
202212190325,,0.0
202212190358,,0.0
202212190429,,0.0
202212190453,,0.0
202212190512,,0.0
202212190533,,0.0
202212190713,,0.0
202212191035,,0.0
202212191045,,0.0
202212191142,,0.0
202212191203,,0.0
202212191218,,0.0
202212191404,,0.0
202212191444,,0.0
202212191454,,0.0
202212191527,143.0,0.4
202212191539,142.0,0.4
202212191554,131.0,0.4
202212191604,,0.0
202212191640,,0.0
202212191719,43.0,0.9
202212191740,1.0,0.9
202212191816,144.0,0.4
202212191826,209.0,0.9
202212191915,,0.0
202212191942,353.0,0.9
202212192024,,0.0
202212192106,188.0,0.4
202212192139,188.0,0.4
202212192203,,0.0
202212192218,,0.0
202212192252,188.0,0.4
202212200008,,0.0
202212200105,188.0,0.4
202212200139,,0.0
202212200149,,0.0
202212200210,,0.0
202212200238,,0.0
202212200326,,0.0
202212200445,,0.0
202212200500,,0.0
202212200516,,0.0
202212200558,,0.0
202212200614,,0.0
202212200711,,0.0
202212200721,,0.0
202212200745,,0.0
202212200810,,0.0
202212200822,,0.0
202212200944,,0.0
202212201021,,0.0
202212201110,,0.0
202212201137,,0.0
202212201232,,0.0
202212201259,,0.0
202212201314,,0.0
202212201356,,0.0
202212201439,,0.0
202212201522,187.0,0.4
202212201643,,0.0
202212201731,202.0,0.9
202212201750,35.0,1.3
202212201806,11.0,1.8
202212201828,27.0,1.3
202212201908,60.0,0.4
202212201920,246.0,0.9
202212201944,180.0,0.9
202212202103,,0.0
202212202131,126.0,0.9
202212202149,42.0,0.4
202212202204,,0.0
202212202223,59.0,0.4
202212202238,145.0,0.4
202212202254,146.0,0.9
202212202304,,0.0
202212202349,,0.0
202212210059,138.0,0.4
202212210144,,0.0
202212210250,,0.0
202212210302,,0.0
202212210332,,0.0
202212210342,,0.0
202212210357,,0.0
202212210415,,0.0
202212210503,,0.0
202212210519,,0.0
202212210537,,0.0
202212210559,,0.0
202212210650,,0.0
202212210706,,0.0
202212210755,,0.0
202212210807,,0.0
202212211049,,0.0
202212211105,,0.0
202212211118,,0.0
202212211128,,0.0
202212211142,,0.0
202212211153,,0.0
202212211205,,0.0
202212211219,,0.0
202212211448,,0.0
202212211732,92.0,0.4
202212211808,41.0,0.4
202212211824,1.0,0.4
202212211845,229.0,0.4
202212211904,227.0,0.9
202212212019,193.0,0.4
202212212031,,0.0
202212212123,,0.0
202212212136,,0.0
202212212237,163.0,0.4
202212212247,158.0,0.4
202212220000,,0.0
202212220018,,0.0
202212220033,,0.0
202212220221,172.0,0.4
202212220629,,0.0
202212221055,172.0,0.9
202212221122,172.0,0.9
202212221152,,0.0
202212221204,,0.0
202212221217,,0.0
202212221244,,0.0
202212221415,,0.0
202212221506,89.0,0.9
202212221516,,0.0
202212221556,90.0,0.4
202212221606,90.0,0.4
202212221642,82.0,0.4
202212221654,205.0,0.9
202212221709,,0.0
202212221814,60.0,0.4
202212221920,,0.0
202212221935,16.0,0.4
202212222153,146.0,2.2
202212222346,160.0,0.9
202212222358,160.0,0.9
202212230040,128.0,0.9
202212230140,129.0,0.4
202212230210,165.0,0.4
202212230225,,0.0
202212230349,195.0,0.4
202212230401,55.0,1.3
202212230538,154.0,0.9
202212230611,,0.0
202212230636,,0.0
202212230703,157.0,1.8
202212230716,166.0,2.2
202212230734,31.0,4.5
202212230941,176.0,4.0
202212231041,124.0,1.8
202212231059,1.0,3.1
202212231302,81.0,0.4
202212231332,180.0,2.7
202212231350,72.0,1.8
202212231406,92.0,1.8
202212231425,37.0,0.4
202212231540,204.0,2.7
202212231641,28.0,2.7
202212231732,30.0,1.8
202212231755,66.0,2.7
202212231809,114.0,1.8
202212231822,102.0,1.8
202212231846,109.0,1.8
202212231902,164.0,4.5
202212231927,178.0,4.0
202212231948,208.0,1.3
202212232036,22.0,2.2
202212232109,15.0,2.2
202212232140,155.0,3.1
202212232152,157.0,1.3
202212232219,171.0,1.3
202212232258,157.0,0.4
202212240023,127.0,2.7
202212240419,98.0,2.7
202212240452,108.0,2.2
202212240605,202.0,2.2
202212241010,155.0,1.8
202212241256,143.0,1.8
202212241308,147.0,0.9
202212241414,119.0,0.9
202212241541,165.0,4.0
202212241553,150.0,2.7
202212241606,185.0,4.0
202212241630,132.0,1.3
202212241739,106.0,2.7
202212241757,121.0,1.3
202212241815,342.0,1.3
202212241825,108.0,0.9
202212241840,195.0,1.3
202212241953,286.0,0.9
202212242026,143.0,2.7
202212242150,157.0,0.9
202212242208,152.0,0.9
202212242229,187.0,1.3
202212242250,194.0,1.3
202212242317,188.0,1.8
202212242347,139.0,1.3
202212250005,170.0,1.3
202212250023,151.0,0.4
202212250840,158.0,0.4
202212250852,,0.0
202212250907,115.0,0.9
202212251013,167.0,1.8
202212251119,147.0,0.4
202212251140,,0.0
202212251152,123.0,1.3
202212251201,123.0,1.3
202212251220,158.0,0.4
202212251241,,0.0
202212251250,167.0,0.4
202212251302,,0.0
202212251314,150.0,0.4
202212251326,137.0,0.4
202212251338,143.0,0.9
202212251350,147.0,0.4
202212251359,185.0,1.3
202212251411,154.0,0.4
202212251423,165.0,2.7
202212251445,167.0,2.2
202212251500,180.0,2.2
202212251524,141.0,2.7
202212251533,160.0,1.8
202212251544,146.0,1.8
202212251556,183.0,1.8
202212251608,190.0,1.8
202212251620,286.0,0.9
202212251632,125.0,1.3
202212251644,141.0,2.7
202212251659,56.0,0.9
202212251711,320.0,1.3
202212251723,120.0,1.8
202212251735,152.0,0.9
202212251748,165.0,0.4
202212251800,174.0,1.3
202212251821,172.0,1.3
202212251834,145.0,3.6
202212251846,130.0,3.6
202212251901,158.0,1.8
202212251913,153.0,1.8
202212251940,52.0,0.9
202212251958,193.0,0.9
202212252010,118.0,0.4
202212252037,240.0,1.3
202212252049,138.0,2.2
202212252107,73.0,0.9
202212252119,108.0,0.9
202212252129,61.0,1.3
202212252150,,0.0
202212252220,129.0,0.9
202212252230,164.0,0.4
202212252242,161.0,0.9
202212252254,161.0,0.9
202212252304,168.0,0.9
202212252316,,0.0
202212252332,158.0,0.9
202212252348,144.0,0.4
202212260000,153.0,0.4
202212260012,159.0,0.4
202212260036,159.0,0.4
202212260048,159.0,0.4
202212260103,159.0,0.9
202212260118,,0.0
202212260131,159.0,0.4
202212260143,,0.0
202212260153,,0.0
202212260211,159.0,0.4
202212260220,,0.0
202212260235,,0.0
202212260248,,0.0
202212260303,,0.0
202212260315,,0.0
202212260324,,0.0
202212260339,159.0,0.4
202212260351,,0.0
202212260406,,0.0
202212260445,,0.0
202212260503,,0.0
202212260524,,0.0
202212260548,,0.0
202212260600,,0.0
202212260621,,0.0
202212260639,,0.0
202212260651,,0.0
202212260703,159.0,0.4
202212260721,,0.0
202212260733,,0.0
202212260745,,0.0
202212261005,,0.0
202212261014,,0.0
202212261026,,0.0
202212261038,,0.0
202212261057,,0.0
202212261109,,0.0
202212261121,,0.0
202212261139,,0.0
202212261151,,0.0
202212261203,,0.0
202212261215,159.0,0.4
202212261227,,0.0
202212261239,,0.0
202212261254,,0.0
202212261309,,0.0
202212261319,,0.0
202212261337,159.0,0.4
202212261353,,0.0
202212261405,,0.0
202212261426,,0.0
202212261438,,0.0
202212261450,159.0,0.4
202212261502,158.0,0.4
202212261514,174.0,0.4
202212261526,78.0,0.9
202212261544,61.0,0.4
202212261605,64.0,0.4
202212261617,46.0,0.4
202212261636,,0.0
202212261648,88.0,0.4
202212261700,9.0,0.9
202212261715,325.0,1.3
202212261724,58.0,0.4
202212261733,166.0,0.9
202212261745,,0.0
202212261803,124.0,0.4
202212261815,135.0,0.4
202212261825,200.0,0.9
202212261837,183.0,0.4
202212261849,205.0,1.8
202212261901,79.0,0.9
202212261913,243.0,0.9
202212261925,241.0,0.9
202212261944,193.0,0.9
202212262005,,0.0
202212262017,,0.0
202212262027,,0.0
202212262042,128.0,0.4
202212262057,89.0,0.9
202212262106,72.0,0.9
202212262118,81.0,0.4
202212262142,,0.0
202212262206,,0.0
202212262218,115.0,0.4
202212262230,,0.0
202212262239,,0.0
202212262254,,0.0
202212262304,,0.0
202212262319,116.0,0.4
202212262334,123.0,0.4
202212262358,111.0,0.4
202212270013,112.0,0.4
202212270022,160.0,0.4
202212270031,,0.0
202212270044,152.0,0.9
202212270105,155.0,0.4
202212270126,,0.0
202212270141,,0.0
202212270153,,0.0
202212270205,169.0,0.4
202212270217,174.0,0.4
202212270235,142.0,0.4
202212270248,195.0,0.4
202212270300,,0.0
202212270309,167.0,0.4
202212270321,,0.0
202212270331,,0.0
202212270353,,0.0
202212270417,,0.0
202212270429,,0.0
202212270450,,0.0
202212270502,,0.0
202212270514,,0.0
202212270526,,0.0
202212270538,,0.0
202212270550,,0.0
202212270559,175.0,0.9
202212270620,,0.0
202212270639,,0.0
202212270648,157.0,0.4
202212270700,,0.0
202212270712,,0.0
202212270724,,0.0
202212270736,126.0,0.4
202212270748,,0.0
202212270803,,0.0
202212270812,,0.0
202212270824,,0.0
202212270837,,0.0
202212270846,,0.0
202212270858,,0.0
202212270908,97.0,0.4
202212270923,,0.0
202212270935,120.0,0.4
202212270947,,0.0
202212270959,,0.0
202212271014,,0.0
202212271026,,0.0
202212271038,,0.0
202212271050,,0.0
202212271100,120.0,0.4
202212271112,,0.0
202212271124,,0.0
202212271136,,0.0
202212271148,342.0,0.4
202212271203,127.0,0.4
202212271215,,0.0
202212271227,137.0,0.4
202212271239,,0.0
202212271251,143.0,0.4
202212271306,,0.0
202212271318,,0.0
202212271327,,0.0
202212271348,,0.0
202212271400,178.0,0.9
202212271412,298.0,0.4
202212271433,76.0,0.9
202212271445,,0.0
202212271503,172.0,0.9
202212271518,,0.0
202212271530,326.0,1.3
202212271540,,0.0
202212271552,201.0,0.4
202212271604,134.0,0.4
202212271619,,0.0
202212271634,,0.0
202212271646,287.0,1.3
202212271655,79.0,0.9
202212271713,,0.0
202212271722,336.0,0.4
202212271731,211.0,1.3
202212271740,351.0,0.9
202212271752,151.0,0.4
202212271801,202.0,0.9
202212271816,,0.0
202212271828,127.0,0.4
202212271837,226.0,0.9
202212271847,173.0,1.8
202212271856,283.0,0.9
202212271908,317.0,0.9
202212271920,204.0,0.9
202212271935,79.0,0.4
202212271956,244.0,0.9
202212272008,93.0,0.9
202212272018,179.0,0.9
202212272027,,0.0
202212272039,185.0,0.9
202212272048,193.0,0.9
202212272058,176.0,0.9
202212272107,188.0,0.4
202212272119,187.0,0.9
202212272134,187.0,0.4
202212272143,171.0,0.4
202212272158,147.0,0.9
202212272210,146.0,0.4
202212272222,163.0,1.3
202212272234,160.0,0.4
202212272246,157.0,0.9
202212272301,157.0,0.9
202212272328,,0.0
202212272337,161.0,0.9
202212272349,,0.0
202212280001,165.0,0.9
202212280012,,0.0
202212280027,,0.0
202212280036,,0.0
202212280046,,0.0
202212280058,,0.0
202212280110,,0.0
202212280122,166.0,0.4
202212280131,,0.0
202212280146,,0.0
202212280155,,0.0
202212280207,,0.0
202212280225,,0.0
202212280240,,0.0
202212280252,,0.0
202212280316,,0.0
202212280328,,0.0
202212280337,,0.0
202212280347,,0.0
202212280359,,0.0
202212280411,,0.0
202212280420,,0.0
202212280432,,0.0
202212280447,,0.0
202212280459,,0.0
202212280517,,0.0
202212280529,,0.0
202212280544,,0.0
202212280556,165.0,0.9
202212280611,,0.0
202212280623,,0.0
202212280636,,0.0
202212280651,,0.0
202212280706,,0.0
202212280721,,0.0
202212280733,,0.0
202212280751,,0.0
202212280806,,0.0
202212280816,,0.0
202212280831,,0.0
202212280843,,0.0
202212281008,,0.0
202212281020,,0.0
202212281035,,0.0
202212281050,,0.0
202212281102,,0.0
202212281120,,0.0
202212281147,,0.0
202212281159,,0.0
202212281215,,0.0
202212281227,,0.0
202212281239,,0.0
202212281306,,0.0
202212281318,,0.0
202212281336,,0.0
202212281345,,0.0
202212281357,,0.0
202212281409,,0.0
202212281427,,0.0
202212281442,,0.0
202212281454,,0.0
202212281509,165.0,0.4
202212281521,165.0,0.9
202212281533,165.0,0.4
202212281545,165.0,0.4
202212281555,165.0,0.4
202212281608,165.0,0.9
202212281623,,0.0
202212281638,169.0,0.9
202212281702,151.0,0.9
202212281711,166.0,0.9
202212281729,133.0,0.4
202212281739,183.0,0.9
202212281754,206.0,0.9
202212281821,355.0,1.3
202212281833,,0.0
202212281842,52.0,0.9
202212281852,262.0,1.8
202212281907,264.0,0.9
202212281925,190.0,0.4
202212281937,183.0,0.4
202212281949,,0.0
202212282004,225.0,0.9
202212282016,255.0,1.3
202212282040,225.0,1.3
202212282053,,0.0
202212282133,160.0,0.9
202212282145,174.0,0.4
202212282209,157.0,0.4
202212282227,132.0,0.4
202212282239,145.0,0.4
202212282251,154.0,0.4
202212282300,,0.0
202212282321,171.0,0.9
202212282342,135.0,0.4
202212282354,,0.0
202212290009,176.0,1.3
202212290024,174.0,0.4
202212290048,174.0,0.4
202212290100,,0.0
202212290115,,0.0
202212290139,,0.0
202212290157,,0.0
202212290207,174.0,0.4
202212290231,,0.0
202212290252,,0.0
202212290305,,0.0
202212290326,,0.0
202212290341,174.0,0.4
202212290402,174.0,0.4
202212290426,174.0,0.9
202212290438,174.0,0.4
202212290459,,0.0
202212290526,,0.0
202212290547,174.0,0.4
202212290608,,0.0
202212290641,,0.0
202212290741,,0.0
202212290753,174.0,0.9
202212290823,174.0,0.4
202212290838,,0.0
202212290853,146.0,0.9
202212290911,,0.0
202212290926,,0.0
202212290938,,0.0
202212290953,131.0,0.4
202212291011,,0.0
202212291029,,0.0
202212291050,132.0,0.4
202212291100,132.0,0.4
202212291112,,0.0
202212291136,132.0,0.4
202212291158,,0.0
202212291213,133.0,0.4
202212291240,,0.0
202212291252,,0.0
202212291304,,0.0
202212291320,,0.0
202212291332,,0.0
202212291354,,0.0
202212291412,149.0,0.4
202212291427,148.0,0.4
202212291446,,0.0
202212291504,154.0,0.9
202212291519,136.0,0.9
202212291532,117.0,0.9
202212291544,149.0,0.4
202212291557,125.0,0.4
202212291604,148.0,0.4
202212291615,156.0,1.3
202212291629,160.0,0.9
202212291637,206.0,0.9
202212291646,208.0,0.9
202212291655,185.0,1.3
202212291700,153.0,0.4
202212291705,191.0,0.4
202212291711,175.0,1.3
202212291721,87.0,1.3
202212291726,180.0,0.4
202212291731,272.0,0.9
202212291736,198.0,0.9
202212291756,117.0,0.9
202212291800,131.0,1.3
202212291805,167.0,1.3
202212291812,151.0,0.9
202212291830,180.0,1.8
202212291835,338.0,0.4
202212291841,161.0,0.9
202212291846,152.0,0.4
202212291851,108.0,0.9
202212291855,293.0,0.4
202212291902,172.0,0.9
202212291907,183.0,1.3
202212291915,93.0,1.3
202212291921,179.0,0.9
202212291927,209.0,0.9
202212291931,197.0,0.9
202212291937,27.0,1.3
202212291942,166.0,0.4
202212291947,171.0,0.9
202212291951,149.0,0.4
202212291958,181.0,0.4
202212292004,173.0,1.3
202212292008,198.0,0.9
202212292012,256.0,0.9
202212292017,187.0,0.4
202212292023,172.0,0.4
202212292030,,0.0
202212292038,183.0,0.4
202212292050,130.0,0.4
202212292055,229.0,0.4
202212292059,,0.0
202212292104,191.0,0.4
202212292109,114.0,0.9
202212292114,,0.0
202212292119,103.0,0.9
202212292123,181.0,0.4
202212292131,,0.0
202212292136,,0.0
202212292140,159.0,0.9
202212292145,171.0,0.4
202212292156,154.0,1.3
202212292203,160.0,0.9
202212292208,161.0,0.4
202212292212,169.0,0.9
202212292217,160.0,0.9
202212292221,168.0,0.9
202212292227,,0.0
202212292232,159.0,0.9
202212292236,,0.0
202212292240,,0.0
202212292245,157.0,0.4
202212292254,,0.0
202212292258,,0.0
202212292306,147.0,0.4
202212292311,148.0,0.4
202212292316,150.0,0.9
202212292321,151.0,0.9
202212292327,,0.0
202212292331,158.0,0.9
202212292336,160.0,0.4
202212292341,,0.0
202212292345,165.0,0.9
202212292350,170.0,0.4
202212292354,168.0,0.9
202212292358,162.0,0.9
202212300005,161.0,0.9
202212300010,168.0,0.9
202212300017,,0.0
202212300022,,0.0
202212300027,168.0,0.4
202212300032,168.0,0.9
202212300037,168.0,0.9
202212300044,171.0,0.9
202212300052,171.0,0.4
202212300100,,0.0
202212300105,,0.0
202212300110,,0.0
202212300115,,0.0
202212300120,,0.0
202212300124,,0.0
202212300135,171.0,0.4
202212300140,,0.0
202212300145,,0.0
202212300150,171.0,0.4
202212300157,,0.0
202212300202,,0.0
202212300210,171.0,0.4
202212300216,,0.0
202212300221,,0.0
202212300225,,0.0
202212300229,,0.0
202212300234,,0.0
202212300238,,0.0
202212300243,,0.0
202212300247,,0.0
202212300251,,0.0
202212300256,,0.0
202212300303,,0.0
202212300308,,0.0
202212300315,,0.0
202212300320,,0.0
202212300327,171.0,0.4
202212300332,,0.0
202212300336,,0.0
202212300341,,0.0
202212300350,,0.0
202212300355,,0.0
202212300403,,0.0
202212300408,,0.0
202212300415,,0.0
202212300424,,0.0
202212300428,,0.0
202212300433,,0.0
202212300442,,0.0
202212300447,,0.0
202212300452,,0.0
202212300457,,0.0
202212300501,,0.0
202212300506,,0.0
202212300510,,0.0
202212300518,,0.0
202212300523,,0.0
202212300528,,0.0
202212300533,,0.0
202212300537,,0.0
202212300543,,0.0
202212300550,171.0,0.4
202212300555,,0.0
202212300600,,0.0
202212300607,,0.0
202212300611,,0.0
202212300617,,0.0
202212300623,,0.0
202212300628,,0.0
202212300632,,0.0
202212300637,,0.0
202212300641,,0.0
202212300648,,0.0
202212300653,,0.0
202212300657,,0.0
202212300702,,0.0
202212300706,,0.0
202212300711,,0.0
202212300715,,0.0
202212300719,,0.0
202212300726,,0.0
202212300732,,0.0
202212300737,,0.0
202212300747,,0.0
202212300753,,0.0
202212300759,,0.0
202212300805,,0.0
202212300816,,0.0
202212300822,,0.0
202212300827,,0.0
202212300832,,0.0
202212300836,,0.0
202212300841,,0.0
202212300847,,0.0
202212300852,,0.0
202212300856,,0.0
202212300907,,0.0
202212300911,,0.0
202212300922,,0.0
202212300927,,0.0
202212300931,,0.0
202212300936,,0.0
202212300944,,0.0
202212300948,,0.0
202212300953,,0.0
202212300958,,0.0
202212301003,,0.0
202212301013,,0.0
202212301018,,0.0
202212301022,,0.0
202212301027,171.0,0.4
202212301032,,0.0
202212301037,,0.0
202212301047,,0.0
202212301052,,0.0
202212301056,171.0,0.4
202212301100,171.0,0.4
202212301105,,0.0
202212301110,171.0,0.4
202212301115,,0.0
202212301120,,0.0
202212301124,,0.0
202212301131,,0.0
202212301135,,0.0
202212301140,,0.0
202212301145,,0.0
202212301149,,0.0
202212301154,,0.0
202212301158,,0.0
202212301203,,0.0
202212301208,171.0,0.4
202212301227,,0.0
202212301231,,0.0
202212301235,,0.0
202212301240,,0.0
202212301245,,0.0
202212301254,,0.0
202212301300,,0.0
202212301306,,0.0
202212301310,,0.0
202212301318,,0.0
202212301323,,0.0
202212301328,,0.0
202212301333,,0.0
202212301339,,0.0
202212301344,,0.0
202212301350,,0.0
202212301500,,0.0
202212301506,,0.0
202212301511,165.0,0.9
202212301519,,0.0
202212301524,165.0,0.4
202212301529,165.0,0.4
202212301534,165.0,0.4
202212301539,165.0,0.4
202212301544,167.0,0.4
202212301549,167.0,0.4
202212301554,,0.0
202212301558,166.0,0.4
202212301605,174.0,0.4
202212301617,296.0,0.9
202212301621,58.0,0.9
202212301627,,0.0
202212301632,180.0,0.9
202212301637,206.0,0.9
202212301642,317.0,1.3
202212301646,22.0,1.8
202212301656,313.0,1.3
202212301701,,0.0
202212301708,190.0,0.9
202212301716,109.0,0.4
202212301720,,0.0
202212301725,37.0,0.9
202212301731,,0.0
202212301736,93.0,1.3
202212301741,1.0,0.9
202212301746,76.0,0.9
202212301754,151.0,0.9
202212301759,314.0,1.3
202212301804,193.0,0.9
202212301809,83.0,1.3
202212301813,358.0,0.4
202212301817,194.0,1.3
202212301822,28.0,1.8
202212301827,109.0,0.4
202212301832,344.0,0.9
202212301836,45.0,0.9
202212301845,178.0,0.9
202212301853,210.0,0.9
202212301858,208.0,0.9
202212301902,107.0,0.9
202212301907,196.0,0.9
202212301915,24.0,0.4
202212301921,98.0,0.9
202212301928,199.0,0.9
202212301937,31.0,1.3
202212301942,133.0,0.4
202212301947,157.0,0.9
202212301951,206.0,0.9
202212301956,88.0,0.9
202212302002,217.0,0.9
202212302009,280.0,1.3
202212302013,197.0,0.4
202212302018,217.0,1.3
202212302025,189.0,0.4
202212302030,183.0,1.3
202212302037,124.0,0.4
202212302042,132.0,0.4
202212302046,202.0,0.4
202212302051,204.0,0.9
202212302055,181.0,0.4
202212302059,,0.0
202212302104,148.0,0.4
202212302108,175.0,0.4
202212302113,,0.0
202212302117,,0.0
202212302125,115.0,0.4
202212302130,181.0,0.9
202212302136,119.0,1.3
202212302144,77.0,0.9
202212302149,222.0,1.3
202212302154,,0.0
202212302159,152.0,0.9
202212302203,151.0,0.4
202212302214,146.0,0.4
202212302221,,0.0
202212302227,152.0,0.9
202212302232,167.0,0.9
202212302237,166.0,0.4
202212302246,154.0,0.9
202212302251,,0.0
202212302255,154.0,0.9
202212302259,,0.0
202212302304,154.0,0.4
202212302308,158.0,0.9
202212302313,143.0,0.9
202212302319,149.0,0.9
202212302325,,0.0
202212302335,156.0,0.9
202212302343,,0.0
202212302348,156.0,0.4
202212302353,,0.0
202212302357,156.0,0.4
202212310002,,0.0
202212310006,156.0,0.4
202212310011,155.0,0.9
202212310024,,0.0
202212310031,156.0,0.4
202212310035,,0.0
202212310043,156.0,0.9
202212310048,,0.0
202212310055,,0.0
202212310100,,0.0
202212310107,,0.0
202212310112,,0.0
202212310120,,0.0
202212310125,113.0,0.9
202212310134,,0.0
202212310139,,0.0
202212311001,,0.0
202212311006,,0.0
202212311011,154.0,0.4
202212311015,,0.0
202212311024,161.0,0.4
202212311033,162.0,0.4
202212311037,,0.0
202212311042,161.0,0.9
202212311049,,0.0
202212311054,161.0,0.4
202212311101,162.0,0.4
202212311106,,0.0
202212311111,,0.0
202212311116,162.0,0.4
202212311123,162.0,0.4
202212311134,162.0,0.9
202212311138,162.0,0.9
202212311143,,0.0
202212311148,,0.0
202212311157,,0.0
202212311203,,0.0
202212311209,,0.0
202212311214,,0.0
202212311219,,0.0
202212311227,,0.0
202212311231,,0.0
202212311236,,0.0
202212311240,,0.0
202212311245,162.0,0.4
202212311250,,0.0
202212311254,,0.0
202212311302,,0.0
202212311306,,0.0
202212311310,,0.0
202212311315,,0.0
202212311323,,0.0
202212311337,,0.0
202212311344,,0.0
202212311350,,0.0
202212311357,,0.0
202212311401,,0.0
202212311405,,0.0
202212311417,,0.0
202212311422,,0.0
202212311429,,0.0
202212311434,,0.0
202212311440,,0.0
202212311444,,0.0
202212311449,,0.0
202212311453,,0.0
202212311458,,0.0
202212311506,,0.0
202212311511,,0.0
202212311515,,0.0
202212311520,,0.0
202212311524,,0.0
202212311530,,0.0
202212311535,,0.0
202212311539,,0.0
202212311550,162.0,0.4
202212311557,,0.0
202212311601,,0.0
202212311605,,0.0
202212311609,,0.0
202212311621,,0.0
202212311626,162.0,0.4
202212311630,162.0,0.4
202212311638,169.0,0.9
202212311643,154.0,0.4
202212311648,154.0,0.4
202212311652,153.0,0.4
202212311656,154.0,0.9
202212311702,,0.0
202212311707,,0.0
202212311713,,0.0
202212311721,,0.0
202212311725,,0.0
202212311729,142.0,0.4
202212311733,,0.0
202212311737,,0.0
202212311743,177.0,0.4
202212311749,,0.0
202212311755,138.0,0.4
202212311800,109.0,0.4
202212311804,,0.0
202212311809,138.0,0.4
202212311817,,0.0
202212311821,,0.0
202212311826,,0.0
202212311834,145.0,0.4
202212311846,,0.0
202212311850,146.0,0.9
202212311857,163.0,0.4
202212311902,169.0,0.9
202212311906,,0.0
202212311913,,0.0
202212311920,151.0,0.9
202212311928,139.0,0.9
202212311933,,0.0
202212311939,158.0,0.9
202212311944,194.0,1.3
202212311951,170.0,0.4
202212312000,117.0,0.9
202212312005,181.0,0.4
202212312012,166.0,0.9
202212312020,162.0,0.9
202212312025,144.0,0.4
202212312030,149.0,0.4
202212312038,157.0,0.9
202212312043,113.0,0.4
202212312049,151.0,0.9
202212312056,140.0,0.4
202212312100,170.0,0.9
202212312107,195.0,0.9
202212312112,,0.0
202212312121,147.0,0.4
202212312126,,0.0
202212312130,169.0,0.4
202212312135,80.0,0.4
202212312141,,0.0
202212312145,192.0,0.4
202212312150,,0.0
202212312154,,0.0
202212312159,174.0,0.4
202212312204,,0.0
202212312211,140.0,0.9
202212312216,140.0,0.9
202212312221,139.0,0.4
202212312226,,0.0
202212312231,146.0,1.3
202212312236,,0.0
202212312240,146.0,0.9
202212312250,,0.0
202212312255,148.0,0.4
202212312305,151.0,0.4
202212312310,151.0,0.4
202212312315,151.0,0.9
202212312320,,0.0
202212312326,,0.0
202212312331,,0.0
202212312336,150.0,0.4
202212312341,150.0,0.4
202212312347,,0.0
202212312354,,0.0
202212312359,,0.0
