timestamp string,wind direction,wind speed
202201010015,210.0,3.6
202201010035,200.0,3.1
202201010055,200.0,4.1
202201010115,200.0,3.1
202201010135,210.0,2.1
202201010155,210.0,3.1
202201010215,220.0,2.6
202201010235,210.0,4.1
202201010255,210.0,4.1
202201010315,220.0,3.6
202201010330,210.0,5.1
202201010355,200.0,3.1
202201010415,220.0,2.6
202201010435,220.0,3.1
202201010455,210.0,3.6
202201010515,200.0,3.6
202201010535,200.0,4.1
202201010555,200.0,4.6
202201010615,190.0,3.6
202201010635,190.0,5.1
202201010655,190.0,6.7
202201010710,190.0,5.1
202201010735,190.0,5.7
202201010750,200.0,4.1
202201010815,190.0,4.6
202201010835,190.0,5.7
202201010855,200.0,5.1
202201010915,190.0,4.1
202201010930,200.0,4.6
202201010955,190.0,4.6
202201011015,200.0,4.1
202201011035,200.0,5.1
202201011055,200.0,3.6
202201011115,200.0,4.1
202201011130,200.0,4.6
202201011155,200.0,4.1
202201011215,200.0,3.6
202201011235,190.0,4.1
202201011255,200.0,5.1
202201011315,200.0,4.6
202201011335,200.0,3.6
202201011355,200.0,4.6
202201011415,210.0,3.6
202201011435,200.0,4.6
202201011455,200.0,5.7
202201011515,190.0,7.2
202201011535,200.0,4.6
202201011615,200.0,5.1
202201011635,200.0,5.7
202201011655,190.0,5.7
202201011715,200.0,7.7
202201011735,210.0,8.7
202201011755,210.0,8.7
202201011815,200.0,8.2
202201011835,190.0,8.2
202201011855,190.0,9.8
202201011915,210.0,10.3
202201011935,200.0,8.7
202201011955,200.0,7.7
202201012015,210.0,9.3
202201012035,210.0,10.8
202201012055,210.0,7.7
202201012115,200.0,6.7
202201012135,210.0,7.2
202201012155,210.0,6.7
202201012215,190.0,5.1
202201012235,190.0,6.7
202201012255,200.0,4.6
202201012310,200.0,5.1
202201012335,190.0,6.2
202201012355,190.0,6.2
202201020015,190.0,6.7
202201020035,200.0,4.6
202201020050,230.0,6.7
202201020115,200.0,5.7
202201020135,190.0,5.7
202201020150,190.0,5.7
202201020215,190.0,7.2
202201020235,190.0,6.2
202201020255,190.0,7.2
202201020315,200.0,7.7
202201020335,310.0,3.6
202201020415,,2.1
202201020435,320.0,3.1
202201020450,0.0,0.0
202201020515,0.0,0.0
202201020535,30.0,3.1
202201020555,,1.5
202201020615,340.0,2.6
202201020630,80.0,2.1
202201020655,110.0,2.6
202201020715,0.0,0.0
202201020735,120.0,2.6
202201020955,210.0,2.1
202201021015,230.0,2.1
202201021035,0.0,0.0
202201021055,0.0,0.0
202201021115,0.0,0.0
202201021130,0.0,0.0
202201021155,0.0,0.0
202201021215,0.0,0.0
202201021235,0.0,0.0
202201021255,200.0,2.1
202201021315,0.0,0.0
202201021335,0.0,0.0
202201021355,0.0,0.0
202201021410,0.0,0.0
202201021430,0.0,0.0
202201021450,240.0,1.5
202201021515,240.0,2.1
202201021535,230.0,2.1
202201021555,0.0,0.0
202201021615,0.0,0.0
202201021635,0.0,0.0
202201021655,0.0,0.0
202201021715,230.0,1.5
202201021735,0.0,0.0
202201021755,0.0,0.0
202201021815,,1.5
202201021835,0.0,0.0
202201021855,260.0,2.1
202201021910,280.0,2.1
202201021935,0.0,0.0
202201021955,320.0,5.1
202201022015,,2.1
202201022035,,4.6
202201022055,,5.1
202201022115,350.0,4.6
202201022135,,4.6
202201022155,10.0,5.1
202201022215,20.0,3.6
202201022255,10.0,3.6
202201022335,,3.1
202201022355,20.0,3.6
202201030015,20.0,2.1
202201030035,,4.6
202201030055,10.0,5.1
202201030115,20.0,4.1
202201030135,30.0,3.6
202201030155,10.0,5.1
202201030215,10.0,7.7
202201030235,10.0,5.7
202201030250,10.0,6.2
202201030315,10.0,6.2
202201030335,340.0,4.1
202201030355,350.0,6.2
202201030415,350.0,5.7
202201030435,,6.2
202201030455,340.0,4.6
202201030510,,5.1
202201030535,340.0,4.1
202201030555,340.0,6.2
202201030615,340.0,6.7
202201030635,340.0,6.7
202201030655,330.0,5.7
202201030735,340.0,9.8
202201030755,340.0,5.7
202201030815,340.0,7.2
202201030835,340.0,7.2
202201030855,340.0,7.2
202201030915,,
202201030930,320.0,4.1
202201030955,,
202201031015,,
202201031030,340.0,5.7
202201031050,340.0,5.1
202201031135,340.0,4.6
202201031155,330.0,5.7
202201031215,340.0,3.6
202201031235,340.0,3.6
202201031255,330.0,5.7
202201031315,350.0,5.1
202201031335,330.0,3.6
202201031355,340.0,4.1
202201031415,340.0,4.1
202201031435,,4.1
202201031455,350.0,4.6
202201031515,,4.6
202201031535,10.0,5.7
202201031555,10.0,6.2
202201031615,350.0,5.1
202201031635,10.0,5.7
202201031655,,6.7
202201031710,10.0,5.7
202201031735,340.0,4.1
202201031755,340.0,3.1
202201031815,340.0,4.1
202201031835,330.0,4.6
202201031855,,4.1
202201031915,,4.6
202201031935,,5.1
202201031955,20.0,4.6
202201032015,350.0,4.6
202201032035,340.0,4.1
202201032055,10.0,4.6
202201032115,350.0,3.6
202201032135,10.0,2.6
202201032155,30.0,3.1
202201032215,20.0,3.6
202201032235,20.0,3.6
202201032255,20.0,2.6
202201032315,20.0,2.6
202201032335,20.0,4.6
202201032355,20.0,3.6
202201040010,30.0,4.6
202201040035,30.0,3.1
202201040055,30.0,3.1
202201040115,30.0,4.6
202201040135,30.0,5.7
202201040155,40.0,3.1
202201040215,40.0,4.1
202201040235,40.0,3.1
202201040250,30.0,3.6
202201040310,30.0,4.1
202201040335,30.0,2.6
202201040355,20.0,3.1
202201040415,40.0,3.1
202201040435,30.0,2.6
202201040455,40.0,2.6
202201040510,30.0,2.6
202201040535,30.0,3.1
202201040555,30.0,5.1
202201040610,30.0,5.1
202201040630,40.0,4.1
202201040650,40.0,4.1
202201040715,40.0,3.1
202201040735,30.0,4.1
202201040755,40.0,4.1
202201040815,40.0,3.6
202201040835,40.0,2.6
202201040855,30.0,3.6
202201040910,40.0,2.6
202201040935,30.0,3.1
202201040955,40.0,2.1
202201041015,,1.5
202201041030,,1.5
202201041055,40.0,2.1
202201041110,30.0,2.6
202201041135,90.0,2.1
202201041150,30.0,2.6
202201041230,0.0,0.0
202201041255,0.0,0.0
202201041310,60.0,2.1
202201041330,120.0,1.5
202201041355,0.0,0.0
202201041415,0.0,0.0
202201041435,0.0,0.0
202201041455,0.0,0.0
202201041515,0.0,0.0
202201041535,,2.1
202201041555,,1.5
202201041615,,2.6
202201041635,,2.6
202201041655,,3.1
202201041715,,2.6
202201041735,210.0,3.1
202201041815,170.0,4.6
202201041835,210.0,5.1
202201041855,170.0,4.1
202201041915,200.0,5.7
202201041935,190.0,4.1
202201041955,200.0,4.6
202201042015,210.0,4.6
202201042035,210.0,5.7
202201042055,200.0,5.1
202201042115,190.0,4.1
202201042135,190.0,6.2
202201042155,200.0,3.1
202201042235,190.0,2.1
202201042255,180.0,2.1
202201042315,0.0,0.0
202201042335,0.0,0.0
202201042350,190.0,2.6
202201050015,190.0,4.1
202201050035,200.0,3.6
202201050055,190.0,3.1
202201050115,180.0,2.6
202201050135,180.0,1.5
202201050215,200.0,1.5
202201050235,0.0,0.0
202201050255,180.0,1.5
202201050315,0.0,0.0
202201050355,200.0,2.1
202201050410,230.0,3.1
202201050435,200.0,3.6
202201050455,200.0,4.1
202201050515,220.0,3.6
202201050535,210.0,2.6
202201050555,200.0,2.1
202201050615,,1.5
202201050635,210.0,3.6
202201050655,220.0,4.1
202201050715,210.0,3.1
202201050735,210.0,2.6
202201050755,200.0,3.6
202201050815,210.0,5.1
202201050835,220.0,4.6
202201050855,220.0,4.6
202201050915,220.0,4.6
202201050935,220.0,4.6
202201050955,210.0,5.1
202201051015,220.0,4.1
202201051035,200.0,4.1
202201051115,210.0,3.6
202201051130,210.0,2.6
202201051215,200.0,3.6
202201051235,210.0,3.6
202201051255,210.0,3.6
202201051315,210.0,4.1
202201051335,210.0,4.6
202201051355,210.0,4.1
202201051415,210.0,5.7
202201051435,200.0,6.2
202201051455,200.0,3.6
202201051515,180.0,4.1
202201051535,180.0,3.6
202201051555,190.0,4.1
202201051615,200.0,4.1
202201051635,210.0,4.1
202201051655,200.0,4.6
202201051715,200.0,3.6
202201051735,200.0,4.6
202201051755,190.0,4.6
202201051815,190.0,3.1
202201051835,210.0,4.6
202201051855,210.0,3.6
202201051910,210.0,3.1
202201051935,190.0,2.6
202201051955,200.0,4.6
202201052015,190.0,3.1
202201052035,190.0,4.1
202201052050,180.0,4.1
202201052115,170.0,2.6
202201052135,200.0,2.1
202201052215,210.0,3.6
202201052235,210.0,3.1
202201052250,200.0,2.1
202201052315,200.0,2.1
202201052335,200.0,2.1
202201052355,200.0,2.1
202201060015,0.0,0.0
202201060035,220.0,1.5
202201060115,200.0,1.5
202201060135,200.0,1.5
202201060155,0.0,0.0
202201060215,220.0,1.5
202201060235,0.0,0.0
202201060255,0.0,0.0
202201060315,0.0,0.0
202201060335,0.0,0.0
202201060355,0.0,0.0
202201060415,0.0,0.0
202201060430,0.0,0.0
202201060455,0.0,0.0
202201060535,0.0,0.0
202201060615,0.0,0.0
202201060715,0.0,0.0
202201060730,0.0,0.0
202201060755,0.0,0.0
202201060815,0.0,0.0
202201060830,0.0,0.0
202201060855,0.0,0.0
202201060915,0.0,0.0
202201060950,0.0,0.0
202201061015,0.0,0.0
202201061035,0.0,0.0
202201061055,0.0,0.0
202201061115,0.0,0.0
202201061135,0.0,0.0
202201061215,0.0,0.0
202201061235,0.0,0.0
202201061255,0.0,0.0
202201061315,0.0,0.0
202201061335,40.0,2.6
202201061355,0.0,0.0
202201061415,,2.1
202201061435,,2.1
202201061455,10.0,2.6
202201061515,,1.5
202201061535,30.0,2.6
202201061555,,2.1
202201061615,40.0,2.6
202201061655,,2.1
202201061715,40.0,2.1
202201061735,20.0,2.1
202201061755,0.0,0.0
202201061815,20.0,2.1
202201061835,350.0,2.1
202201061855,330.0,2.1
202201061915,,3.1
202201061930,,3.1
202201062015,350.0,2.6
202201062035,,2.6
202201062055,30.0,2.6
202201062115,350.0,2.6
202201062135,,2.6
202201062150,330.0,2.6
202201062215,320.0,3.1
202201062255,0.0,0.0
202201062315,350.0,2.1
202201062335,340.0,2.1
202201062355,340.0,1.5
202201070015,340.0,3.6
202201070035,330.0,6.2
202201070055,350.0,4.6
202201070115,330.0,5.7
202201070135,340.0,4.1
202201070155,340.0,4.6
202201070215,,3.1
202201070235,340.0,3.6
202201070255,330.0,2.6
202201070315,320.0,2.6
202201070335,320.0,2.6
202201070355,330.0,2.1
202201070415,350.0,1.5
202201070435,310.0,2.6
202201070455,350.0,3.6
202201070515,330.0,3.1
202201070530,320.0,3.1
202201070555,330.0,3.1
202201070615,,2.6
202201070635,,2.1
202201070655,,2.6
202201070715,340.0,3.6
202201070735,10.0,5.1
202201070755,340.0,4.1
202201070815,,2.6
202201070830,,3.6
202201070855,10.0,3.6
202201070915,,3.1
202201070935,310.0,3.1
202201070955,,2.1
202201071010,,2.1
202201071035,,2.6
202201071055,,4.1
202201071115,340.0,4.6
202201071130,340.0,3.6
202201071155,310.0,3.1
202201071215,320.0,4.1
202201071235,320.0,3.6
202201071255,330.0,3.1
202201071315,310.0,4.1
202201071335,320.0,3.6
202201071350,320.0,3.6
202201071415,310.0,4.1
202201071435,300.0,4.1
202201071455,320.0,3.1
202201071515,350.0,3.6
202201071535,330.0,4.1
202201071555,340.0,3.1
202201071615,350.0,3.6
202201071635,0.0,0.0
202201071655,70.0,1.5
202201071715,,5.1
202201071735,,2.6
202201071750,,2.6
202201071815,,2.6
202201071855,50.0,3.1
202201071915,20.0,3.1
202201071935,80.0,1.5
202201071955,10.0,4.1
202201072015,,2.6
202201072035,0.0,0.0
202201072055,,2.6
202201072115,30.0,2.6
202201072155,,2.1
202201072215,20.0,2.1
202201072235,20.0,2.6
202201072250,20.0,2.6
202201072315,0.0,0.0
202201072335,10.0,2.6
202201072350,0.0,0.0
202201080015,30.0,1.5
202201080035,30.0,2.1
202201080055,10.0,2.6
202201080110,20.0,2.6
202201080135,40.0,1.5
202201080155,20.0,1.5
202201080215,20.0,1.5
202201080235,0.0,0.0
202201080255,20.0,1.5
202201080315,0.0,0.0
202201080335,0.0,0.0
202201080355,30.0,1.5
202201080415,0.0,0.0
202201080430,40.0,1.5
202201080455,10.0,1.5
202201080515,0.0,0.0
202201080535,0.0,0.0
202201080555,0.0,0.0
202201080615,0.0,0.0
202201080635,30.0,1.5
202201080655,0.0,0.0
202201080710,0.0,0.0
202201080735,0.0,0.0
202201080755,40.0,1.5
202201080815,0.0,0.0
202201080835,0.0,0.0
202201080855,0.0,0.0
202201080915,20.0,1.5
202201080935,0.0,0.0
202201080955,0.0,0.0
202201081035,0.0,0.0
202201081055,0.0,0.0
202201081115,0.0,0.0
202201081130,0.0,0.0
202201081155,0.0,0.0
202201081215,0.0,0.0
202201081235,0.0,0.0
202201081250,0.0,0.0
202201081625,0.0,0.0
202201081655,,2.6
202201081815,,3.1
202201082125,,2.1
202201082135,210.0,4.6
202201082205,210.0,4.1
202201082240,,2.1
202201090000,200.0,2.1
202201090110,190.0,2.1
202201090150,220.0,2.1
202201090155,210.0,2.1
202201090250,0.0,0.0
202201090330,220.0,2.6
202201090345,220.0,2.6
202201090435,210.0,2.1
202201090445,210.0,2.6
202201090640,190.0,1.5
202201090700,210.0,1.5
202201090750,210.0,2.6
202201090920,210.0,5.7
202201091055,210.0,5.7
202201091220,210.0,5.7
202201091340,220.0,5.7
202201091415,210.0,5.7
202201091640,220.0,6.2
202201091810,210.0,7.2
202201091915,250.0,4.6
202201091950,310.0,4.1
202201092030,0.0,0.0
202201092130,0.0,0.0
202201092145,350.0,1.5
202201092155,0.0,0.0
202201092315,0.0,0.0
202201100100,,5.7
202201100130,10.0,7.2
202201100155,350.0,3.6
202201100215,,5.7
202201100235,10.0,5.1
202201100250,20.0,5.1
202201100335,20.0,4.1
202201100355,20.0,4.1
202201100435,10.0,5.1
202201100455,20.0,4.1
202201100515,10.0,5.7
202201100535,20.0,4.6
202201100555,20.0,4.1
202201100615,10.0,4.1
202201100635,30.0,3.1
202201100715,10.0,4.6
202201100735,,5.1
202201100755,,6.7
202201100815,,5.7
202201100855,10.0,6.2
202201100915,10.0,6.7
202201100935,20.0,6.2
202201100950,20.0,4.6
202201101015,20.0,4.1
202201101035,20.0,4.1
202201101110,10.0,6.2
202201101135,20.0,4.6
202201101155,20.0,3.6
202201101215,30.0,3.6
202201101235,30.0,3.1
202201101255,30.0,3.1
202201101315,30.0,3.1
202201101335,30.0,2.6
202201101355,30.0,3.1
202201101415,20.0,4.1
202201101435,30.0,4.1
202201101455,20.0,4.6
202201101515,20.0,5.1
202201101535,,4.6
202201101555,10.0,4.1
202201101615,30.0,5.1
202201101635,20.0,4.6
202201101655,40.0,4.1
202201101715,350.0,4.1
202201101735,,5.7
202201101755,30.0,4.1
202201101835,,6.2
202201101855,20.0,5.7
202201101915,,5.1
202201101935,20.0,4.6
202201101955,20.0,4.6
202201102055,340.0,2.1
202201102115,340.0,3.6
202201102135,320.0,4.1
202201102155,340.0,3.1
202201102215,340.0,2.6
202201102235,340.0,3.6
202201102255,350.0,2.6
202201102315,350.0,2.6
202201102330,350.0,3.1
202201102355,330.0,2.6
202201110035,340.0,2.1
202201110055,340.0,2.6
202201110115,,2.1
202201110135,,1.5
202201110155,0.0,0.0
202201110215,,1.5
202201110255,0.0,0.0
202201110315,0.0,0.0
202201110335,0.0,0.0
202201110355,0.0,0.0
202201110415,0.0,0.0
202201110435,0.0,0.0
202201110515,0.0,0.0
202201110535,350.0,2.6
202201110555,10.0,3.1
202201110615,20.0,2.6
202201110635,40.0,1.5
202201110655,10.0,3.1
202201110715,50.0,2.1
202201110735,10.0,2.6
202201110815,40.0,2.1
202201110835,30.0,2.1
202201110855,30.0,2.6
202201110915,20.0,3.6
202201110935,10.0,3.1
202201110955,20.0,3.1
202201111015,20.0,3.1
202201111030,20.0,3.1
202201111055,30.0,2.6
202201111115,30.0,2.6
202201111135,40.0,2.1
202201111155,20.0,2.6
202201111215,40.0,2.1
202201111235,30.0,2.1
202201111255,30.0,2.1
202201111315,30.0,2.1
202201111335,30.0,2.1
202201111355,,2.6
202201111415,,2.6
202201111435,30.0,4.6
202201111455,20.0,3.6
202201111515,,3.1
202201111535,0.0,0.0
202201111555,,3.1
202201111615,40.0,3.6
202201111635,0.0,0.0
202201111655,20.0,3.1
202201111715,,2.1
202201111735,50.0,2.1
202201111755,0.0,0.0
202201111815,,2.1
202201111835,0.0,0.0
202201111855,0.0,0.0
202201111915,0.0,0.0
202201111935,0.0,0.0
202201111955,90.0,2.1
202201112015,80.0,1.5
202201112035,0.0,0.0
202201112055,10.0,2.6
202201112115,0.0,0.0
202201112135,340.0,1.5
202201112155,0.0,0.0
202201112215,0.0,0.0
202201112235,0.0,0.0
202201112255,0.0,0.0
202201112315,0.0,0.0
202201112335,0.0,0.0
202201112355,0.0,0.0
202201120015,0.0,0.0
202201120030,0.0,0.0
202201120055,0.0,0.0
202201120115,0.0,0.0
202201120135,0.0,0.0
202201120155,0.0,0.0
202201120215,0.0,0.0
202201120230,0.0,0.0
202201120255,0.0,0.0
202201120315,0.0,0.0
202201120335,0.0,0.0
202201120355,0.0,0.0
202201120415,0.0,0.0
202201120435,0.0,0.0
202201120455,0.0,0.0
202201120515,0.0,0.0
202201120535,0.0,0.0
202201120555,0.0,0.0
202201120615,0.0,0.0
202201120635,0.0,0.0
202201120655,230.0,1.5
202201120715,220.0,1.5
202201120735,0.0,0.0
202201120755,0.0,0.0
202201120815,0.0,0.0
202201120835,0.0,0.0
202201120855,0.0,0.0
202201120915,0.0,0.0
202201120935,0.0,0.0
202201120955,0.0,0.0
202201121015,0.0,0.0
202201121035,0.0,0.0
202201121050,0.0,0.0
202201121115,0.0,0.0
202201121135,0.0,0.0
202201121215,0.0,0.0
202201121230,0.0,0.0
202201121315,0.0,0.0
202201121335,170.0,2.1
202201121355,230.0,1.5
202201121415,0.0,0.0
202201121435,220.0,4.6
202201121455,220.0,4.6
202201121515,210.0,4.1
202201121535,220.0,5.7
202201121555,200.0,4.1
202201121615,200.0,4.1
202201121635,220.0,6.2
202201121650,210.0,6.7
202201121715,210.0,4.6
202201121730,220.0,6.2
202201121755,190.0,4.1
202201121815,200.0,5.1
202201121835,220.0,4.6
202201121855,210.0,5.1
202201121915,210.0,4.1
202201121935,210.0,4.6
202201121955,200.0,4.1
202201122010,200.0,3.1
202201122035,210.0,4.1
202201122055,210.0,2.6
202201122110,170.0,3.1
202201122135,180.0,3.1
202201122155,0.0,0.0
202201122215,170.0,2.1
202201122235,160.0,1.5
202201122255,180.0,1.5
202201122315,0.0,0.0
202201122335,0.0,0.0
202201122355,190.0,2.1
202201130015,210.0,2.6
202201130035,210.0,2.6
202201130055,210.0,2.6
202201130115,220.0,1.5
202201130135,0.0,0.0
202201130155,0.0,0.0
202201130215,0.0,0.0
202201130235,0.0,0.0
202201130255,0.0,0.0
202201130315,0.0,0.0
202201130335,0.0,0.0
202201130355,0.0,0.0
202201130415,0.0,0.0
202201130435,0.0,0.0
202201130455,0.0,0.0
202201130515,0.0,0.0
202201130535,0.0,0.0
202201130615,210.0,1.5
202201130630,0.0,0.0
202201130655,0.0,0.0
202201130715,200.0,1.5
202201130735,0.0,0.0
202201130755,220.0,1.5
202201130815,200.0,1.5
202201130835,200.0,2.1
202201130855,200.0,2.1
202201130915,200.0,2.1
202201130935,0.0,0.0
202201130950,0.0,0.0
202201131015,200.0,2.1
202201131035,210.0,2.1
202201131050,220.0,3.1
202201131105,220.0,2.6
202201131450,220.0,5.1
202201131815,210.0,3.1
202201131855,200.0,3.6
202201131915,200.0,3.6
202201131935,190.0,3.1
202201131955,190.0,3.1
202201132015,,3.1
202201132055,0.0,0.0
202201132115,210.0,1.5
202201132150,0.0,0.0
202201132215,310.0,2.6
202201132235,350.0,4.6
202201132255,10.0,3.1
202201132315,350.0,3.1
202201132335,320.0,3.1
202201140015,0.0,0.0
202201140035,0.0,0.0
202201140055,0.0,0.0
202201140110,0.0,0.0
202201140135,0.0,0.0
202201140155,0.0,0.0
202201140215,0.0,0.0
202201140235,0.0,0.0
202201140255,0.0,0.0
202201140315,0.0,0.0
202201140335,0.0,0.0
202201140355,0.0,0.0
202201140415,0.0,0.0
202201140435,0.0,0.0
202201140455,0.0,0.0
202201140515,0.0,0.0
202201140530,0.0,0.0
202201140555,0.0,0.0
202201140635,0.0,0.0
202201140655,0.0,0.0
202201140715,0.0,0.0
202201140735,0.0,0.0
202201140755,0.0,0.0
202201140815,0.0,0.0
202201140835,0.0,0.0
202201140855,0.0,0.0
202201140915,0.0,0.0
202201140935,0.0,0.0
202201140955,0.0,0.0
202201141015,0.0,0.0
202201141030,0.0,0.0
202201141055,0.0,0.0
202201141215,240.0,1.5
202201141235,0.0,0.0
202201141315,0.0,0.0
202201141335,0.0,0.0
202201141415,0.0,0.0
202201141435,0.0,0.0
202201141455,0.0,0.0
202201141515,0.0,0.0
202201141535,0.0,0.0
202201141550,0.0,0.0
202201141615,0.0,0.0
202201141635,0.0,0.0
202201141655,0.0,0.0
202201141715,,2.1
202201141735,0.0,0.0
202201141815,,2.1
202201141835,,2.6
202201141855,30.0,2.1
202201141915,30.0,3.1
202201141935,40.0,2.6
202201141955,,2.1
202201142015,,2.1
202201142030,40.0,3.1
202201142055,,2.6
202201142115,,2.1
202201142130,30.0,3.1
202201142155,0.0,0.0
202201142215,40.0,3.1
202201142235,30.0,2.1
202201142255,20.0,1.5
202201142315,0.0,0.0
202201142335,0.0,0.0
202201142350,0.0,0.0
202201150015,0.0,0.0
202201150035,0.0,0.0
202201150050,0.0,0.0
202201150115,0.0,0.0
202201150135,0.0,0.0
202201150155,0.0,0.0
202201150215,0.0,0.0
202201150235,0.0,0.0
202201150255,0.0,0.0
202201150310,0.0,0.0
202201150335,0.0,0.0
202201150355,0.0,0.0
202201150415,0.0,0.0
202201150435,0.0,0.0
202201150455,0.0,0.0
202201150510,0.0,0.0
202201150550,0.0,0.0
202201150615,0.0,0.0
202201150635,0.0,0.0
202201150655,0.0,0.0
202201150715,20.0,2.1
202201150735,30.0,3.1
202201150755,30.0,2.6
202201150810,40.0,3.1
202201150835,0.0,0.0
202201150855,0.0,0.0
202201150910,0.0,0.0
202201150935,350.0,2.6
202201150955,40.0,1.5
202201151015,50.0,1.5
202201151035,40.0,2.1
202201151050,30.0,1.5
202201151110,20.0,2.1
202201151130,20.0,1.5
202201151155,0.0,0.0
202201151210,0.0,0.0
202201151235,20.0,1.5
202201151255,0.0,0.0
202201151315,0.0,0.0
202201151330,0.0,0.0
202201151355,10.0,2.1
202201151415,10.0,1.5
202201151435,30.0,2.6
202201151455,30.0,3.1
202201151515,30.0,2.6
202201151535,,2.6
202201151555,40.0,2.6
202201151615,20.0,2.6
202201151635,30.0,1.5
202201151655,0.0,0.0
202201151710,30.0,1.5
202201151735,40.0,1.5
202201151755,,2.1
202201151815,50.0,2.1
202201151835,30.0,2.1
202201151855,,2.1
202201151915,,2.6
202201151935,10.0,2.1
202201151955,350.0,2.1
202201152015,20.0,2.6
202201152030,10.0,3.1
202201152055,30.0,2.6
202201152110,40.0,2.1
202201152135,,2.1
202201152155,30.0,3.1
202201152215,30.0,3.1
202201152255,40.0,3.6
202201152315,,2.6
202201152335,30.0,3.6
202201152350,30.0,2.6
202201160015,30.0,3.6
202201160035,20.0,3.6
202201160055,20.0,3.1
202201160115,30.0,3.1
202201160135,30.0,3.1
202201160155,30.0,4.1
202201160215,40.0,3.6
202201160235,40.0,4.1
202201160255,40.0,3.1
202201160310,50.0,2.6
202201160335,40.0,3.1
202201160355,30.0,2.1
202201160415,40.0,2.1
202201160435,20.0,2.1
202201160510,20.0,2.1
202201160535,30.0,2.6
202201160555,40.0,2.6
202201160615,,2.6
202201160635,,1.5
202201160655,,3.1
202201160710,40.0,2.6
202201160735,30.0,2.1
202201160755,,2.1
202201160815,40.0,2.6
202201160835,,2.1
202201160850,,2.1
202201160935,50.0,4.6
202201160955,40.0,4.1
202201161015,40.0,4.6
202201161035,40.0,5.1
202201161055,40.0,5.1
202201161115,40.0,5.7
202201161135,30.0,5.1
202201161155,60.0,3.1
202201161215,40.0,4.6
202201161235,30.0,5.1
202201161255,30.0,6.7
202201161315,30.0,6.7
202201161335,20.0,6.2
202201161355,30.0,6.7
202201161415,20.0,7.7
202201161435,20.0,8.7
202201161455,,3.1
202201161535,20.0,5.1
202201161555,,5.1
202201161615,,5.1
202201161635,340.0,2.6
202201161655,300.0,1.5
202201161715,10.0,2.6
202201161735,,1.5
202201161755,,1.5
202201161815,0.0,0.0
202201161835,0.0,0.0
202201161855,0.0,0.0
202201161915,0.0,0.0
202201161935,0.0,0.0
202201161955,50.0,1.5
202201162010,60.0,2.1
202201162035,0.0,0.0
202201162055,200.0,1.5
202201162115,220.0,2.1
202201162135,230.0,2.1
202201162155,240.0,2.6
202201162215,250.0,2.6
202201162235,230.0,2.1
202201162255,220.0,2.6
202201162315,230.0,1.5
202201162335,220.0,2.1
202201162355,230.0,3.6
202201170015,220.0,3.1
202201170035,230.0,2.6
202201170055,,3.1
202201170110,290.0,2.6
202201170135,280.0,3.6
202201170155,270.0,3.6
202201170215,260.0,4.6
202201170235,,3.1
202201170255,290.0,3.6
202201170315,,2.1
202201170335,0.0,0.0
202201170355,0.0,0.0
202201170415,210.0,2.1
202201170435,230.0,2.6
202201170450,230.0,2.1
202201170515,,3.1
202201170535,,2.6
202201170555,280.0,3.6
202201170610,280.0,3.6
202201170635,,3.1
202201170655,0.0,0.0
202201170715,200.0,2.1
202201170755,230.0,2.6
202201170815,250.0,2.6
202201170835,200.0,2.1
202201170855,210.0,2.6
202201170915,210.0,2.1
202201170935,230.0,2.6
202201170955,260.0,1.5
202201171015,,1.5
202201171035,,2.6
202201171055,280.0,2.6
202201171115,270.0,2.1
202201171135,,1.5
202201171155,0.0,0.0
202201171210,0.0,0.0
202201171235,0.0,0.0
202201171255,0.0,0.0
202201171335,0.0,0.0
202201171355,0.0,0.0
202201171415,0.0,0.0
202201171435,0.0,0.0
202201171455,0.0,0.0
202201171515,230.0,1.5
202201171535,0.0,0.0
202201171610,250.0,2.1
202201171635,0.0,0.0
202201171655,,1.5
202201171715,220.0,2.1
202201171735,230.0,2.1
202201171755,,2.1
202201171815,300.0,1.5
202201171830,290.0,3.1
202201171855,270.0,2.6
202201171915,270.0,3.6
202201171935,290.0,3.1
202201171955,300.0,2.6
202201172015,240.0,2.1
202201172035,,2.1
202201172055,280.0,3.6
202201172115,290.0,2.6
202201172135,310.0,2.6
202201172155,,1.5
202201172215,,2.1
202201172230,0.0,0.0
202201172255,300.0,1.5
202201172315,,1.5
202201172335,290.0,2.1
202201172355,0.0,0.0
202201180035,0.0,0.0
202201180055,0.0,0.0
202201180135,0.0,0.0
202201180155,0.0,0.0
202201180215,0.0,0.0
202201180255,0.0,0.0
202201180315,0.0,0.0
202201180335,330.0,1.5
202201180415,0.0,0.0
202201180435,0.0,0.0
202201180455,0.0,0.0
202201180515,0.0,0.0
202201180535,0.0,0.0
202201180555,0.0,0.0
202201180615,0.0,0.0
202201180635,0.0,0.0
202201180715,0.0,0.0
202201180735,0.0,0.0
202201180755,0.0,0.0
202201180835,0.0,0.0
202201180855,0.0,0.0
202201180915,0.0,0.0
202201180930,0.0,0.0
202201180955,0.0,0.0
202201181015,0.0,0.0
202201181035,0.0,0.0
202201181055,0.0,0.0
202201181115,0.0,0.0
202201181155,0.0,0.0
202201181215,0.0,0.0
202201181235,0.0,0.0
202201181255,0.0,0.0
202201181315,0.0,0.0
202201181335,0.0,0.0
202201181355,0.0,0.0
202201181415,0.0,0.0
202201181435,0.0,0.0
202201181455,0.0,0.0
202201181515,0.0,0.0
202201181535,0.0,0.0
202201181555,0.0,0.0
202201181615,0.0,0.0
202201181635,0.0,0.0
202201181655,0.0,0.0
202201181715,,1.5
202201181735,,1.5
202201181755,0.0,0.0
202201181815,0.0,0.0
202201181835,0.0,0.0
202201181850,0.0,0.0
202201181915,0.0,0.0
202201181935,210.0,2.1
202201181955,0.0,0.0
202201182015,0.0,0.0
202201182035,0.0,0.0
202201182055,0.0,0.0
202201182115,0.0,0.0
202201182135,0.0,0.0
202201182155,0.0,0.0
202201182215,0.0,0.0
202201182235,0.0,0.0
202201182255,0.0,0.0
202201182315,0.0,0.0
202201182330,0.0,0.0
202201182355,0.0,0.0
202201190015,0.0,0.0
202201190035,0.0,0.0
202201190055,0.0,0.0
202201190135,0.0,0.0
202201190155,0.0,0.0
202201190215,0.0,0.0
202201190235,0.0,0.0
202201190255,0.0,0.0
202201190315,0.0,0.0
202201190335,0.0,0.0
202201190355,0.0,0.0
202201190415,0.0,0.0
202201190435,0.0,0.0
202201190455,0.0,0.0
202201190510,0.0,0.0
202201190535,0.0,0.0
202201190555,0.0,0.0
202201190615,190.0,2.1
202201190635,200.0,2.6
202201190655,200.0,2.1
202201190715,0.0,0.0
202201190735,200.0,2.6
202201190810,0.0,0.0
202201190835,200.0,2.1
202201190855,210.0,3.6
202201190915,200.0,2.1
202201190930,0.0,0.0
202201191015,190.0,2.1
202201191035,210.0,2.6
202201191055,200.0,3.1
202201191115,220.0,3.6
202201191155,230.0,3.1
202201191215,220.0,3.6
202201191235,220.0,5.1
202201191255,220.0,5.7
202201191315,220.0,5.1
202201191330,220.0,5.1
202201191355,210.0,5.1
202201191415,220.0,5.1
202201191435,220.0,5.7
202201191455,200.0,5.1
202201191515,200.0,5.1
202201191535,210.0,6.2
202201191555,200.0,5.7
202201191610,210.0,5.7
202201191635,200.0,6.7
202201191655,210.0,8.2
202201191710,200.0,4.6
202201191730,190.0,5.1
202201191755,200.0,6.7
202201191815,210.0,6.2
202201191835,210.0,6.7
202201191855,190.0,4.6
202201191915,190.0,4.1
202201191935,200.0,6.7
202201191955,200.0,5.7
202201192015,200.0,7.7
202201192035,,3.1
202201192055,200.0,7.2
202201192115,180.0,4.1
202201192135,190.0,4.1
202201192155,200.0,4.6
202201192215,,2.6
202201192235,190.0,3.6
202201192255,190.0,4.1
202201192315,,3.1
202201192350,180.0,3.6
202201200010,180.0,3.1
202201200055,190.0,3.1
202201200115,190.0,3.1
202201200155,180.0,5.7
202201200215,180.0,6.2
202201200235,190.0,6.2
202201200255,170.0,6.7
202201200315,180.0,4.1
202201200335,180.0,6.7
202201200355,190.0,5.7
202201200415,210.0,4.1
202201200435,280.0,4.1
202201200455,280.0,3.6
202201200515,180.0,3.6
202201200535,,1.5
202201200555,,2.1
202201200615,200.0,1.5
202201200630,200.0,1.5
202201200655,0.0,0.0
202201200715,0.0,0.0
202201200730,210.0,2.1
202201200750,0.0,0.0
202201200815,270.0,1.5
202201200835,290.0,3.1
202201200855,250.0,3.1
202201200915,280.0,2.6
202201200935,340.0,5.1
202201200950,,5.7
202201201010,10.0,8.2
202201201035,,6.2
202201201055,,5.7
202201201115,10.0,4.6
202201201135,10.0,5.1
202201201150,,5.1
202201201215,,5.7
202201201235,10.0,5.7
202201201355,10.0,4.6
202201201415,20.0,4.6
202201201430,10.0,6.7
202201201455,20.0,5.1
202201201515,10.0,5.7
202201201535,10.0,5.1
202201201555,10.0,4.6
202201201615,20.0,5.7
202201201635,10.0,3.6
202201201655,,5.1
202201201710,10.0,5.1
202201201735,,5.7
202201201755,,6.2
202201201810,10.0,5.7
202201201830,20.0,5.1
202201201855,350.0,5.7
202201201910,,4.6
202201201955,,6.2
202201202015,10.0,6.7
202201202030,,5.1
202201202050,10.0,4.6
202201202115,,6.7
202201202130,10.0,6.7
202201202155,,4.6
202201202210,10.0,6.2
202201202235,,6.2
202201202255,10.0,6.2
202201202315,,7.2
202201202335,,5.7
202201202355,,5.7
202201210015,20.0,3.6
202201210035,20.0,5.7
202201210055,,5.1
202201210115,10.0,5.7
202201210155,,5.7
202201210215,20.0,6.7
202201210235,20.0,6.2
202201210255,,5.7
202201210315,,5.7
202201210335,20.0,3.1
202201210355,20.0,5.1
202201210415,10.0,6.7
202201210435,20.0,5.7
202201210455,30.0,6.2
202201210515,20.0,5.1
202201210535,20.0,4.6
202201210555,10.0,5.1
202201210615,10.0,4.6
202201210715,10.0,4.1
202201210735,30.0,4.6
202201210755,30.0,5.1
202201210815,40.0,5.1
202201210835,40.0,4.1
202201210855,30.0,5.1
202201210915,30.0,4.1
202201210935,30.0,4.6
202201210955,20.0,5.1
202201211015,30.0,5.7
202201211035,40.0,5.1
202201211055,20.0,4.6
202201211115,30.0,4.6
202201211135,30.0,3.6
202201211155,30.0,3.1
202201211215,30.0,4.6
202201211255,30.0,4.1
202201211315,30.0,4.1
202201211335,40.0,4.6
202201211355,30.0,4.1
202201211415,20.0,4.1
202201211435,10.0,6.2
202201211455,20.0,5.7
202201211515,10.0,4.1
202201211535,20.0,4.6
202201211555,20.0,4.6
202201211615,30.0,4.6
202201211635,20.0,4.1
202201211655,10.0,4.1
202201211710,30.0,4.6
202201211735,20.0,4.1
202201211755,20.0,4.1
202201211815,10.0,5.1
202201211835,30.0,4.1
202201211855,20.0,4.6
202201211915,10.0,4.1
202201211935,10.0,4.1
202201211955,20.0,3.6
202201212015,,3.1
202201212035,20.0,4.1
202201212115,20.0,4.1
202201212135,30.0,4.6
202201212155,20.0,4.1
202201212215,30.0,4.1
202201212235,40.0,2.6
202201212255,30.0,3.1
202201212315,30.0,4.6
202201212335,40.0,2.6
202201212355,30.0,4.1
202201220015,20.0,3.1
202201220035,20.0,4.1
202201220055,20.0,4.1
202201220115,10.0,4.6
202201220135,20.0,5.1
202201220155,20.0,4.1
202201220215,10.0,5.7
202201220235,20.0,4.1
202201220255,20.0,3.1
202201220315,30.0,4.1
202201220335,20.0,3.6
202201220355,20.0,4.1
202201220415,20.0,4.1
202201220455,30.0,3.6
202201220515,20.0,4.1
202201220535,30.0,2.6
202201220555,30.0,3.6
202201220615,20.0,3.6
202201220635,20.0,3.6
202201220650,30.0,3.6
202201220710,20.0,2.6
202201220735,10.0,2.6
202201220755,350.0,2.6
202201220815,10.0,3.1
202201220835,10.0,3.1
202201220855,20.0,2.6
202201220915,20.0,3.1
202201220935,30.0,2.1
202201220955,,3.1
202201221015,10.0,2.6
202201221035,10.0,2.1
202201221055,0.0,0.0
202201221115,,4.1
202201221135,30.0,2.1
202201221155,0.0,0.0
202201221215,20.0,1.5
202201221235,10.0,2.6
202201221255,30.0,1.5
202201221310,10.0,2.6
202201221335,,1.5
202201221355,0.0,0.0
202201221415,0.0,0.0
202201221435,0.0,0.0
202201221455,10.0,2.1
202201221510,0.0,0.0
202201221535,,1.5
202201221555,0.0,0.0
202201221615,0.0,0.0
202201221635,0.0,0.0
202201221655,0.0,0.0
202201221710,0.0,0.0
202201221735,280.0,2.1
202201221755,0.0,0.0
202201221835,,1.5
202201221855,,2.1
202201221910,220.0,2.1
202201221935,0.0,0.0
202201221955,0.0,0.0
202201222015,,2.1
202201222035,200.0,2.6
202201222055,0.0,0.0
202201222115,0.0,0.0
202201222135,150.0,1.5
202201222150,0.0,0.0
202201222215,0.0,0.0
202201222255,120.0,2.1
202201222315,130.0,1.5
202201222335,0.0,0.0
202201222350,0.0,0.0
202201230015,0.0,0.0
202201230035,0.0,0.0
202201230115,0.0,0.0
202201230135,0.0,0.0
202201230215,0.0,0.0
202201230235,0.0,0.0
202201230255,0.0,0.0
202201230315,0.0,0.0
202201230335,0.0,0.0
202201230355,0.0,0.0
202201230415,0.0,0.0
202201230435,0.0,0.0
202201230455,0.0,0.0
202201230515,0.0,0.0
202201230535,0.0,0.0
202201230555,0.0,0.0
202201230615,0.0,0.0
202201230655,0.0,0.0
202201230715,0.0,0.0
202201230735,0.0,0.0
202201230755,0.0,0.0
202201230835,0.0,0.0
202201230855,0.0,0.0
202201230910,0.0,0.0
202201230935,0.0,0.0
202201230955,0.0,0.0
202201231015,0.0,0.0
202201231035,0.0,0.0
202201231055,0.0,0.0
202201231115,0.0,0.0
202201231135,0.0,0.0
202201231155,0.0,0.0
202201231215,0.0,0.0
202201231235,0.0,0.0
202201231255,0.0,0.0
202201231315,0.0,0.0
202201231355,0.0,0.0
202201231410,0.0,0.0
202201231435,0.0,0.0
202201231455,0.0,0.0
202201231515,,1.5
202201231535,180.0,2.1
202201231555,,2.1
202201231610,,1.5
202201231630,200.0,2.6
202201231655,170.0,2.6
202201231710,,2.1
202201231735,210.0,4.1
202201231755,230.0,4.1
202201231810,200.0,5.7
202201231830,240.0,5.1
202201231850,220.0,5.7
202201231910,220.0,5.1
202201231930,230.0,4.6
202201231950,210.0,6.2
202201232010,230.0,5.7
202201232030,210.0,3.6
202201232055,250.0,4.1
202201232115,220.0,4.6
202201232135,200.0,4.1
202201232150,220.0,5.7
202201232215,220.0,5.7
202201232235,220.0,5.1
202201232255,200.0,2.6
202201232310,190.0,2.6
202201232335,220.0,2.6
202201232355,0.0,0.0
202201240015,200.0,1.5
202201240035,200.0,2.1
202201240055,200.0,1.5
202201240115,210.0,2.1
202201240155,210.0,1.5
202201240215,200.0,1.5
202201240235,0.0,0.0
202201240255,220.0,2.1
202201240315,210.0,2.1
202201240335,220.0,1.5
202201240355,0.0,0.0
202201240415,0.0,0.0
202201240430,0.0,0.0
202201240455,0.0,0.0
202201240515,200.0,2.1
202201240535,0.0,0.0
202201240555,0.0,0.0
202201240615,190.0,1.5
202201240635,0.0,0.0
202201240655,0.0,0.0
202201240715,210.0,1.5
202201240735,0.0,0.0
202201240755,0.0,0.0
202201240815,0.0,0.0
202201240835,0.0,0.0
202201240915,0.0,0.0
202201240935,0.0,0.0
202201240955,0.0,0.0
202201241015,0.0,0.0
202201241035,0.0,0.0
202201241055,0.0,0.0
202201241115,0.0,0.0
202201241135,0.0,0.0
202201241155,0.0,0.0
202201241215,0.0,0.0
202201241235,0.0,0.0
202201241255,210.0,1.5
202201241315,0.0,0.0
202201241335,0.0,0.0
202201241355,190.0,1.5
202201241415,0.0,0.0
202201241435,0.0,0.0
202201241455,210.0,2.1
202201241515,240.0,3.1
202201241535,220.0,3.1
202201241555,200.0,3.1
202201241615,190.0,4.1
202201241635,200.0,5.1
202201241655,200.0,4.1
202201241710,210.0,5.7
202201241735,210.0,4.6
202201241755,200.0,4.6
202201241815,210.0,4.1
202201241835,200.0,3.6
202201241850,190.0,4.1
202201241915,210.0,5.7
202201241935,200.0,6.2
202201241955,180.0,4.6
202201242015,,3.1
202201242035,170.0,4.1
202201242055,190.0,3.6
202201242115,,3.1
202201242135,,1.5
202201242155,160.0,2.6
202201242235,180.0,2.6
202201242255,180.0,2.1
202201242315,180.0,1.5
202201242335,200.0,1.5
202201242355,210.0,2.6
202201250015,210.0,4.1
202201250055,0.0,0.0
202201250115,0.0,0.0
202201250135,0.0,0.0
202201250155,0.0,0.0
202201250215,0.0,0.0
202201250235,0.0,0.0
202201250255,0.0,0.0
202201250315,0.0,0.0
202201250335,220.0,3.1
202201250355,0.0,0.0
202201250415,0.0,0.0
202201250430,0.0,0.0
202201250455,0.0,0.0
202201250515,210.0,2.1
202201250535,210.0,2.1
202201250555,220.0,1.5
202201250615,210.0,1.5
202201250635,220.0,2.1
202201250655,210.0,1.5
202201250735,0.0,0.0
202201250755,210.0,1.5
202201250815,210.0,1.5
202201250855,0.0,0.0
202201250915,210.0,2.6
202201250935,0.0,0.0
202201250955,0.0,0.0
202201251010,0.0,0.0
202201251035,0.0,0.0
202201251055,220.0,1.5
202201251115,0.0,0.0
202201251135,0.0,0.0
202201251215,0.0,0.0
202201251235,0.0,0.0
202201251315,0.0,0.0
202201251335,0.0,0.0
202201251355,0.0,0.0
202201251415,0.0,0.0
202201251435,,2.6
202201251450,20.0,3.6
202201251515,,4.6
202201251535,10.0,4.1
202201251615,350.0,2.1
202201251635,0.0,0.0
202201251655,0.0,0.0
202201251715,,2.1
202201251730,,2.6
202201251755,,3.1
202201251815,0.0,0.0
202201251835,30.0,3.1
202201251855,30.0,2.6
202201251915,,2.6
202201251955,330.0,4.1
202201252010,,2.6
202201252035,330.0,2.6
202201252055,340.0,4.6
202201252115,340.0,5.1
202201252135,330.0,6.2
202201252155,330.0,5.7
202201252215,350.0,4.1
202201252235,340.0,3.6
202201252300,330.0,3.6
202201252315,10.0,5.7
202201252335,10.0,7.2
202201252350,,6.7
202201260015,350.0,6.2
202201260035,,4.1
202201260055,10.0,4.6
202201260115,10.0,4.1
202201260135,30.0,3.1
202201260155,10.0,4.1
202201260200,20.0,3.6
202201260235,20.0,2.6
202201260255,,3.6
202201260315,20.0,3.6
202201260330,10.0,3.1
202201260355,,4.6
202201260415,20.0,4.6
202201260435,10.0,4.6
202201260455,10.0,5.7
202201260515,,3.6
202201260535,20.0,3.6
202201260555,10.0,4.1
202201260615,10.0,3.6
202201260650,10.0,3.6
202201260715,20.0,2.6
202201260735,10.0,4.1
202201260755,10.0,4.1
202201260835,10.0,5.1
202201260850,10.0,4.6
202201260935,10.0,4.6
202201260955,,4.1
202201261015,10.0,4.6
202201261030,20.0,4.1
202201261055,20.0,4.1
202201261115,20.0,4.6
202201261130,20.0,4.6
202201261155,20.0,4.1
202201261210,10.0,4.1
202201261230,10.0,4.1
202201261255,20.0,4.1
202201261315,20.0,5.1
202201261335,20.0,4.1
202201261350,20.0,4.6
202201261415,20.0,5.7
202201261430,30.0,5.1
202201261455,40.0,4.6
202201261510,30.0,4.6
202201261530,40.0,4.6
202201261555,20.0,5.1
202201261615,10.0,7.2
202201261635,20.0,6.7
202201261655,20.0,5.7
202201261715,20.0,4.1
202201261735,30.0,3.1
202201261755,340.0,4.6
202201261810,20.0,5.1
202201261835,30.0,4.1
202201261855,30.0,4.1
202201261910,30.0,4.6
202201261935,40.0,5.1
202201261955,30.0,4.1
202201262015,40.0,4.1
202201262035,40.0,3.6
202201262115,40.0,4.1
202201262135,50.0,3.1
202201262155,40.0,4.1
202201262215,40.0,2.6
202201262235,40.0,2.6
202201262250,40.0,3.1
202201262315,20.0,2.6
202201262335,10.0,1.5
202201262355,0.0,0.0
202201270015,0.0,0.0
202201270035,0.0,0.0
202201270110,0.0,0.0
202201270135,0.0,0.0
202201270155,0.0,0.0
202201270210,0.0,0.0
202201270235,0.0,0.0
202201270255,0.0,0.0
202201270315,0.0,0.0
202201270335,0.0,0.0
202201270355,30.0,2.1
202201270415,30.0,2.6
202201270435,40.0,1.5
202201270455,0.0,0.0
202201270515,40.0,1.5
202201270535,0.0,0.0
202201270555,50.0,1.5
202201270615,0.0,0.0
202201270635,0.0,0.0
202201270655,0.0,0.0
202201270715,0.0,0.0
202201270735,0.0,0.0
202201270755,0.0,0.0
202201270815,0.0,0.0
202201270835,0.0,0.0
202201270915,0.0,0.0
202201270935,0.0,0.0
202201270955,0.0,0.0
202201271015,0.0,0.0
202201271035,0.0,0.0
202201271055,0.0,0.0
202201271135,0.0,0.0
202201271150,0.0,0.0
202201271215,0.0,0.0
202201271235,0.0,0.0
202201271255,0.0,0.0
202201271315,0.0,0.0
202201271335,0.0,0.0
202201271350,0.0,0.0
202201271415,0.0,0.0
202201271435,0.0,0.0
202201271455,0.0,0.0
202201271535,0.0,0.0
202201271555,0.0,0.0
202201271615,230.0,1.5
202201271635,0.0,0.0
202201271655,230.0,1.5
202201271715,0.0,0.0
202201271735,250.0,2.1
202201271755,0.0,0.0
202201271815,0.0,0.0
202201271835,200.0,3.1
202201271855,,2.1
202201271915,220.0,3.1
202201271935,220.0,4.6
202201271955,200.0,1.5
202201272015,200.0,2.1
202201272030,0.0,0.0
202201272055,240.0,2.1
202201272115,220.0,3.1
202201272130,230.0,2.1
202201272155,0.0,0.0
202201272215,230.0,2.6
202201272235,200.0,1.5
202201272250,0.0,0.0
202201272315,0.0,0.0
202201272335,0.0,0.0
202201272355,0.0,0.0
202201280015,0.0,0.0
202201280035,0.0,0.0
202201280055,0.0,0.0
202201280115,0.0,0.0
202201280135,0.0,0.0
202201280155,0.0,0.0
202201280215,0.0,0.0
202201280235,0.0,0.0
202201280255,0.0,0.0
202201280315,0.0,0.0
202201280335,0.0,0.0
202201280355,0.0,0.0
202201280415,0.0,0.0
202201280435,0.0,0.0
202201280455,0.0,0.0
202201280510,0.0,0.0
202201280535,0.0,0.0
202201280555,0.0,0.0
202201280615,210.0,2.1
202201280635,210.0,2.1
202201280655,0.0,0.0
202201280715,0.0,0.0
202201280735,210.0,1.5
202201280755,0.0,0.0
202201280815,0.0,0.0
202201280830,0.0,0.0
202201280855,0.0,0.0
202201280915,0.0,0.0
202201280935,0.0,0.0
202201280955,0.0,0.0
202201281015,0.0,0.0
202201281035,0.0,0.0
202201281055,0.0,0.0
202201281115,0.0,0.0
202201281135,0.0,0.0
202201281155,0.0,0.0
202201281215,0.0,0.0
202201281235,0.0,0.0
202201281255,0.0,0.0
202201281315,0.0,0.0
202201281335,0.0,0.0
202201281355,0.0,0.0
202201281415,0.0,0.0
202201281435,340.0,2.6
202201281455,330.0,2.6
202201281515,340.0,2.1
202201281535,330.0,2.1
202201281555,310.0,3.1
202201281615,320.0,5.1
202201281635,320.0,3.6
202201281655,330.0,4.1
202201281715,320.0,5.1
202201281735,300.0,5.7
202201281755,330.0,4.1
202201281855,320.0,6.7
202201281915,330.0,3.6
202201281935,330.0,5.7
202201281950,320.0,5.7
202201282015,350.0,3.6
202201282035,320.0,3.1
202201282055,320.0,4.1
202201282115,320.0,4.6
202201282135,320.0,5.7
202201282155,340.0,4.6
202201282215,340.0,3.1
202201282235,350.0,2.6
202201282255,,1.5
202201282315,0.0,0.0
202201282335,,3.6
202201282355,20.0,4.1
202201290015,,2.6
202201290035,0.0,0.0
202201290055,,2.1
202201290115,340.0,2.6
202201290130,340.0,3.6
202201290155,10.0,4.1
202201290215,350.0,3.1
202201290235,320.0,3.1
202201290255,340.0,4.1
202201290315,350.0,5.7
202201290335,350.0,2.6
202201290415,340.0,4.6
202201290435,340.0,3.6
202201290455,320.0,4.6
202201290515,310.0,3.1
202201290530,330.0,4.1
202201290555,340.0,5.1
202201290635,330.0,6.7
202201290715,340.0,4.6
202201290735,330.0,5.1
202201290755,340.0,5.1
202201290815,340.0,5.1
202201290830,310.0,7.7
202201290855,,5.1
202201290910,,6.2
202201290930,340.0,5.7
202201291010,,3.6
202201291035,10.0,4.1
202201291055,20.0,3.6
202201291115,20.0,5.1
202201291130,350.0,5.7
202201291155,30.0,6.7
202201291215,10.0,5.1
202201291235,,5.7
202201291255,10.0,5.1
202201291315,340.0,4.6
202201291355,350.0,5.1
202201291415,,4.6
202201291435,350.0,5.1
202201291455,,5.1
202201291510,,5.7
202201291535,20.0,5.7
202201291555,,3.1
202201291615,,2.1
202201291635,20.0,2.1
202201291655,20.0,3.6
202201291715,,2.1
202201291735,350.0,3.1
202201291755,,1.5
202201291835,0.0,0.0
202201291855,,2.1
202201291915,340.0,3.1
202201291935,0.0,0.0
202201291950,,2.6
202201292010,340.0,3.6
202201292035,,2.6
202201292115,210.0,1.5
202201292135,,2.1
202201292155,0.0,0.0
202201292215,0.0,0.0
202201292235,230.0,1.5
202201292250,0.0,0.0
202201292315,0.0,0.0
202201292335,0.0,0.0
202201292355,0.0,0.0
202201300015,0.0,0.0
202201300035,0.0,0.0
202201300055,0.0,0.0
202201300115,0.0,0.0
202201300135,220.0,1.5
202201300155,210.0,1.5
202201300215,0.0,0.0
202201300235,0.0,0.0
202201300255,0.0,0.0
202201300315,0.0,0.0
202201300335,220.0,1.5
202201300355,210.0,1.5
202201300410,0.0,0.0
202201300435,200.0,1.5
202201300515,220.0,1.5
202201300535,0.0,0.0
202201300555,0.0,0.0
202201300615,200.0,2.1
202201300635,0.0,0.0
202201300655,0.0,0.0
202201300715,220.0,2.1
202201300735,210.0,2.6
202201300750,220.0,2.1
202201300815,210.0,1.5
202201300835,200.0,2.6
202201300855,210.0,3.1
202201300915,210.0,3.1
202201300935,210.0,3.6
202201300955,220.0,3.6
202201301015,220.0,3.1
202201301030,210.0,3.6
202201301055,220.0,4.1
202201301115,210.0,3.6
202201301135,220.0,3.6
202201301155,220.0,3.6
202201301215,220.0,3.6
202201301230,220.0,3.6
202201301255,210.0,4.1
202201301315,220.0,5.1
202201301335,220.0,6.2
202201301350,210.0,5.7
202201301415,220.0,5.7
202201301435,210.0,4.1
202201301450,200.0,5.7
202201301515,200.0,6.2
202201301535,190.0,5.7
202201301555,200.0,5.1
202201301615,190.0,4.6
202201301635,210.0,4.6
202201301655,190.0,5.1
202201301710,210.0,4.6
202201301735,200.0,4.6
202201301755,220.0,6.2
202201301815,180.0,4.6
202201301835,210.0,5.1
202201301855,190.0,3.6
202201301910,170.0,4.6
202201301935,190.0,3.6
202201301955,210.0,4.6
202201302015,240.0,4.6
202201302055,240.0,4.6
202201302115,220.0,6.2
202201302135,220.0,6.7
202201302155,240.0,4.1
202201302210,240.0,2.6
202201302235,230.0,2.6
202201302255,210.0,2.1
202201302315,220.0,1.5
202201302335,0.0,0.0
202201302355,0.0,0.0
202201310010,0.0,0.0
202201310035,0.0,0.0
202201310055,0.0,0.0
202201310135,0.0,0.0
202201310155,0.0,0.0
202201310215,0.0,0.0
202201310235,0.0,0.0
202201310255,0.0,0.0
202201310315,0.0,0.0
202201310335,0.0,0.0
202201310355,0.0,0.0
202201310415,0.0,0.0
202201310435,0.0,0.0
202201310455,0.0,0.0
202201310510,0.0,0.0
202201310535,0.0,0.0
202201310555,0.0,0.0
202201310615,0.0,0.0
202201310655,0.0,0.0
202201310715,0.0,0.0
202201310735,0.0,0.0
202201310755,0.0,0.0
202201310815,0.0,0.0
202201310855,0.0,0.0
202201310915,0.0,0.0
202201310935,0.0,0.0
202201310955,0.0,0.0
202201311015,0.0,0.0
202201311035,0.0,0.0
202201311050,0.0,0.0
202201311115,0.0,0.0
202201311135,0.0,0.0
202201311215,0.0,0.0
202201311235,0.0,0.0
202201311255,0.0,0.0
202201311315,0.0,0.0
202201311335,0.0,0.0
202201311350,0.0,0.0
202201311415,0.0,0.0
202201311435,0.0,0.0
202201311455,0.0,0.0
202201311515,0.0,0.0
202201311535,0.0,0.0
202201311555,0.0,0.0
202201311615,0.0,0.0
202201311635,0.0,0.0
202201311655,0.0,0.0
202201311715,,2.6
202201311735,260.0,2.1
202201311755,0.0,0.0
202201311815,,3.1
202201311835,,2.6
202201311850,170.0,3.1
202201311915,230.0,2.1
202201311935,,2.1
202201311955,0.0,0.0
202201312015,230.0,2.6
202201312050,0.0,0.0
202201312115,,1.5
202201312135,170.0,2.6
202201312150,0.0,0.0
202201312215,200.0,1.5
202201312235,220.0,2.1
202201312255,0.0,0.0
202201312315,0.0,0.0
202201312330,0.0,0.0
202201312355,0.0,0.0
202202010015,0.0,0.0
202202010035,0.0,0.0
202202010055,0.0,0.0
202202010115,0.0,0.0
202202010155,0.0,0.0
202202010215,0.0,0.0
202202010255,0.0,0.0
202202010310,0.0,0.0
202202010330,0.0,0.0
202202010355,0.0,0.0
202202010410,0.0,0.0
202202010435,0.0,0.0
202202010455,0.0,0.0
202202010515,0.0,0.0
202202010535,0.0,0.0
202202010555,0.0,0.0
202202010615,0.0,0.0
202202010635,0.0,0.0
202202010655,0.0,0.0
202202010715,0.0,0.0
202202010735,0.0,0.0
202202010755,210.0,1.5
202202010815,0.0,0.0
202202010835,0.0,0.0
202202010855,0.0,0.0
202202010915,0.0,0.0
202202010935,0.0,0.0
202202011015,0.0,0.0
202202011035,0.0,0.0
202202011055,0.0,0.0
202202011135,0.0,0.0
202202011155,0.0,0.0
202202011215,0.0,0.0
202202011235,0.0,0.0
202202011255,0.0,0.0
202202011315,0.0,0.0
202202011335,0.0,0.0
202202011355,0.0,0.0
202202011415,0.0,0.0
202202011455,0.0,0.0
202202011535,0.0,0.0
202202011555,,1.5
202202011615,0.0,0.0
202202011635,250.0,2.1
202202011655,200.0,2.6
202202011715,,1.5
202202011735,0.0,0.0
202202011755,,2.1
202202011815,170.0,3.6
202202011835,,2.6
202202011850,200.0,4.1
202202011915,210.0,6.2
202202011935,220.0,4.1
202202011955,210.0,5.1
202202012015,210.0,6.7
202202012035,190.0,5.1
202202012055,,3.1
202202012115,200.0,4.6
202202012135,210.0,3.6
202202012155,180.0,3.6
202202012215,200.0,3.6
202202012235,200.0,2.6
202202012255,200.0,2.1
202202012315,200.0,1.5
202202012335,190.0,1.5
202202012355,0.0,0.0
202202020015,0.0,0.0
202202020055,0.0,0.0
202202020110,0.0,0.0
202202020135,0.0,0.0
202202020155,0.0,0.0
202202020215,0.0,0.0
202202020235,0.0,0.0
202202020255,0.0,0.0
202202020350,0.0,0.0
202202020435,0.0,0.0
202202020455,0.0,0.0
202202020515,0.0,0.0
202202020535,0.0,0.0
202202020555,0.0,0.0
202202020615,170.0,1.5
202202020635,0.0,0.0
202202020650,0.0,0.0
202202020715,0.0,0.0
202202020735,0.0,0.0
202202020755,0.0,0.0
202202020815,0.0,0.0
202202020835,0.0,0.0
202202020855,0.0,0.0
202202020935,0.0,0.0
202202020955,0.0,0.0
202202021015,0.0,0.0
202202021035,0.0,0.0
202202021055,0.0,0.0
202202021115,0.0,0.0
202202021135,0.0,0.0
202202021155,0.0,0.0
202202021215,0.0,0.0
202202021235,0.0,0.0
202202021255,0.0,0.0
202202021315,0.0,0.0
202202021330,0.0,0.0
202202021355,0.0,0.0
202202021415,0.0,0.0
202202021435,0.0,0.0
202202021455,190.0,3.6
202202021515,190.0,3.6
202202021535,,2.6
202202021555,190.0,2.1
202202021615,190.0,3.1
202202021630,200.0,2.6
202202021655,210.0,3.1
202202021715,190.0,2.1
202202021735,220.0,2.6
202202021755,200.0,2.6
202202021815,210.0,5.1
202202021835,,3.1
202202021855,190.0,4.1
202202021915,180.0,3.1
202202021935,190.0,3.1
202202022015,200.0,3.1
202202022035,210.0,5.7
202202022055,190.0,5.1
202202022115,190.0,4.6
202202022135,200.0,3.6
202202022155,,3.1
202202022215,,2.6
202202022235,0.0,0.0
202202022255,0.0,0.0
202202022315,220.0,2.6
202202022335,0.0,0.0
202202022350,0.0,0.0
202202030015,0.0,0.0
202202030035,0.0,0.0
202202030055,270.0,2.1
202202030115,0.0,0.0
202202030135,0.0,0.0
202202030215,0.0,0.0
202202030235,0.0,0.0
202202030250,0.0,0.0
202202030315,0.0,0.0
202202030335,0.0,0.0
202202030355,0.0,0.0
202202030415,0.0,0.0
202202030435,0.0,0.0
202202030455,30.0,2.1
202202030515,0.0,0.0
202202030535,0.0,0.0
202202030555,20.0,1.5
202202030615,0.0,0.0
202202030635,0.0,0.0
202202030655,0.0,0.0
202202030715,0.0,0.0
202202030735,0.0,0.0
202202030755,,1.5
202202030815,0.0,0.0
202202030835,0.0,0.0
202202030855,0.0,0.0
202202030915,50.0,2.1
202202030935,350.0,2.1
202202030955,,2.6
202202031015,330.0,2.6
202202031035,,2.1
202202031055,110.0,3.1
202202031115,0.0,0.0
202202031135,0.0,0.0
202202031155,0.0,0.0
202202031215,0.0,0.0
202202031235,0.0,0.0
202202031255,0.0,0.0
202202031315,0.0,0.0
202202031335,0.0,0.0
202202031355,0.0,0.0
202202031415,0.0,0.0
202202031435,0.0,0.0
202202031455,,2.1
202202031515,,3.1
202202031535,190.0,3.6
202202031555,170.0,3.1
202202031615,180.0,3.6
202202031635,190.0,4.1
202202031655,190.0,3.1
202202031715,180.0,4.6
202202031735,190.0,4.6
202202031755,180.0,5.7
202202031815,180.0,6.2
202202031835,180.0,4.6
202202031855,190.0,5.1
202202031915,180.0,4.6
202202031935,180.0,4.1
202202031955,190.0,5.1
202202032015,180.0,6.7
202202032030,180.0,6.7
202202032055,190.0,7.7
202202032110,170.0,6.2
202202032135,180.0,7.2
202202032155,200.0,6.2
202202032215,180.0,5.7
202202032235,180.0,7.7
202202032255,190.0,4.6
202202032315,190.0,4.1
202202032335,200.0,4.1
202202032355,200.0,5.7
202202040015,200.0,6.2
202202040035,190.0,6.7
202202040055,170.0,5.1
202202040115,180.0,5.7
202202040130,200.0,6.7
202202040150,190.0,6.2
202202040215,190.0,8.2
202202040235,190.0,6.7
202202040255,190.0,6.2
202202040315,190.0,5.1
202202040335,190.0,5.7
202202040355,190.0,4.6
202202040415,180.0,5.7
202202040435,200.0,3.1
202202040455,200.0,5.1
202202040515,220.0,5.7
202202040535,270.0,4.1
202202040555,320.0,4.1
202202040615,290.0,4.1
202202040635,290.0,4.1
202202040655,300.0,3.6
202202040715,290.0,2.1
202202040735,,3.1
202202040755,340.0,2.6
202202040815,,1.5
202202040835,,2.6
202202040855,0.0,0.0
202202040910,320.0,2.1
202202040935,330.0,3.1
202202040955,310.0,3.1
202202041015,,2.6
202202041035,330.0,3.6
202202041055,330.0,1.5
202202041115,0.0,0.0
202202041130,300.0,3.1
202202041155,0.0,0.0
202202041215,300.0,3.1
202202041235,310.0,2.6
202202041255,,2.6
202202041310,,2.1
202202041335,310.0,2.1
202202041415,320.0,2.6
202202041435,0.0,0.0
202202041455,320.0,3.6
202202041515,320.0,3.6
202202041535,,3.6
202202041555,320.0,2.6
202202041615,310.0,3.6
202202041635,,2.1
202202041655,330.0,3.1
202202041715,310.0,3.1
202202041735,310.0,3.1
202202041755,320.0,3.6
202202041810,330.0,2.6
202202041855,300.0,3.1
202202041915,320.0,3.1
202202041930,340.0,3.6
202202041955,300.0,3.6
202202042015,300.0,3.6
202202042035,330.0,3.6
202202042055,320.0,4.1
202202042115,330.0,4.1
202202042135,330.0,2.6
202202042155,340.0,5.7
202202042215,320.0,5.1
202202042235,340.0,4.6
202202042255,,4.6
202202042315,340.0,5.1
202202042335,350.0,4.6
202202042355,310.0,2.1
202202050015,320.0,4.1
202202050035,320.0,2.6
202202050055,330.0,5.1
202202050115,330.0,3.6
202202050135,310.0,4.1
202202050150,320.0,3.6
202202050210,320.0,3.6
202202050235,,2.6
202202050255,350.0,2.6
202202050335,340.0,3.1
202202050355,,1.5
202202050415,340.0,4.1
202202050435,320.0,2.6
202202050455,340.0,3.6
202202050515,340.0,3.1
202202050530,320.0,3.6
202202050555,330.0,5.1
202202050615,340.0,4.1
202202050635,330.0,3.6
202202050655,340.0,3.1
202202050715,340.0,4.1
202202050735,350.0,3.1
202202050815,350.0,3.6
202202050830,350.0,3.6
202202050855,340.0,2.1
202202050915,340.0,3.1
202202050935,330.0,4.6
202202050955,330.0,3.6
202202051015,350.0,2.6
202202051035,,3.6
202202051055,,3.1
202202051115,,2.1
202202051135,,4.1
202202051155,350.0,3.1
202202051215,20.0,3.1
202202051235,350.0,4.1
202202051310,340.0,3.6
202202051335,350.0,4.1
202202051355,350.0,5.1
202202051415,,5.7
202202051435,20.0,5.7
202202051455,20.0,4.6
202202051515,20.0,5.1
202202051530,10.0,5.1
202202051555,350.0,3.6
202202051615,,3.1
202202051630,350.0,5.7
202202051655,,6.2
202202051710,,6.2
202202051735,,6.2
202202051755,20.0,4.1
202202051815,,5.7
202202051835,20.0,3.1
202202051855,,5.7
202202051915,10.0,5.1
202202051935,40.0,3.6
202202051955,,3.1
202202052015,40.0,4.6
202202052035,,2.1
202202052115,30.0,4.1
202202052135,,3.1
202202052155,10.0,3.6
202202052215,30.0,2.6
202202052235,20.0,2.6
202202052255,20.0,3.1
202202052315,30.0,2.6
202202052335,30.0,2.6
202202052355,30.0,2.6
202202060015,30.0,2.1
202202060035,20.0,2.6
202202060055,30.0,2.1
202202060115,30.0,1.5
202202060135,30.0,2.1
202202060155,0.0,0.0
202202060210,0.0,0.0
202202060235,0.0,0.0
202202060255,0.0,0.0
202202060315,0.0,0.0
202202060335,10.0,1.5
202202060350,0.0,0.0
202202060415,0.0,0.0
202202060435,0.0,0.0
202202060455,0.0,0.0
202202060515,0.0,0.0
202202060535,0.0,0.0
202202060555,0.0,0.0
202202060615,0.0,0.0
202202060630,0.0,0.0
202202060655,0.0,0.0
202202060715,0.0,0.0
202202060755,0.0,0.0
202202060815,0.0,0.0
202202060830,0.0,0.0
202202060855,0.0,0.0
202202060915,0.0,0.0
202202060935,0.0,0.0
202202060955,0.0,0.0
202202061015,0.0,0.0
202202061035,0.0,0.0
202202061055,0.0,0.0
202202061115,0.0,0.0
202202061135,0.0,0.0
202202061150,0.0,0.0
202202061215,0.0,0.0
202202061230,0.0,0.0
202202061255,0.0,0.0
202202061315,0.0,0.0
202202061335,0.0,0.0
202202061350,0.0,0.0
202202061415,0.0,0.0
202202061435,0.0,0.0
202202061455,0.0,0.0
202202061515,100.0,1.5
202202061555,260.0,2.6
202202061615,270.0,2.1
202202061635,,1.5
202202061655,0.0,0.0
202202061715,0.0,0.0
202202061730,0.0,0.0
202202061750,0.0,0.0
202202061815,0.0,0.0
202202061855,210.0,3.1
202202061910,220.0,3.6
202202061935,180.0,2.1
202202061955,190.0,4.1
202202062015,,3.1
202202062035,,2.1
202202062055,,1.5
202202062115,220.0,3.6
202202062135,270.0,2.6
202202062155,240.0,3.6
202202062215,220.0,1.5
202202062235,270.0,2.1
202202062255,230.0,1.5
202202062315,0.0,0.0
202202062335,0.0,0.0
202202062355,0.0,0.0
202202070010,0.0,0.0
202202070035,0.0,0.0
202202070055,0.0,0.0
202202070115,220.0,2.1
202202070135,230.0,1.5
202202070155,0.0,0.0
202202070215,0.0,0.0
202202070235,0.0,0.0
202202070255,0.0,0.0
202202070315,0.0,0.0
202202070335,0.0,0.0
202202070355,0.0,0.0
202202070415,0.0,0.0
202202070430,0.0,0.0
202202070455,0.0,0.0
202202070510,0.0,0.0
202202070535,0.0,0.0
202202070615,0.0,0.0
202202070635,0.0,0.0
202202070655,0.0,0.0
202202070715,0.0,0.0
202202070735,0.0,0.0
202202070755,0.0,0.0
202202070815,0.0,0.0
202202070835,0.0,0.0
202202070855,0.0,0.0
202202070915,0.0,0.0
202202070935,0.0,0.0
202202070955,0.0,0.0
202202071010,0.0,0.0
202202071030,0.0,0.0
202202071055,0.0,0.0
202202071115,0.0,0.0
202202071135,0.0,0.0
202202071155,0.0,0.0
202202071235,0.0,0.0
202202071255,0.0,0.0
202202071315,0.0,0.0
202202071335,0.0,0.0
202202071355,0.0,0.0
202202071410,0.0,0.0
202202071455,0.0,0.0
202202071515,0.0,0.0
202202071535,0.0,0.0
202202071555,0.0,0.0
202202071615,0.0,0.0
202202071635,0.0,0.0
202202071655,0.0,0.0
202202071710,0.0,0.0
202202071735,90.0,2.1
202202071755,0.0,0.0
202202071815,0.0,0.0
202202071835,,2.1
202202071855,,2.6
202202071915,20.0,2.1
202202071935,0.0,0.0
202202071955,,3.6
202202072035,0.0,0.0
202202072050,0.0,0.0
202202072135,130.0,1.5
202202072155,0.0,0.0
202202072215,,1.5
202202072235,0.0,0.0
202202072255,350.0,1.5
202202072315,330.0,2.6
202202072335,340.0,2.1
202202072355,340.0,2.6
202202080015,0.0,0.0
202202080035,340.0,2.1
202202080055,0.0,0.0
202202080135,300.0,1.5
202202080155,0.0,0.0
202202080215,0.0,0.0
202202080230,0.0,0.0
202202080250,0.0,0.0
202202080315,0.0,0.0
202202080335,0.0,0.0
202202080355,0.0,0.0
202202080415,0.0,0.0
202202080435,0.0,0.0
202202080455,0.0,0.0
202202080515,0.0,0.0
202202080535,0.0,0.0
202202080555,0.0,0.0
202202080610,0.0,0.0
202202080635,0.0,0.0
202202080655,0.0,0.0
202202080715,0.0,0.0
202202080730,0.0,0.0
202202080755,0.0,0.0
202202080815,0.0,0.0
202202080835,0.0,0.0
202202080855,0.0,0.0
202202080915,0.0,0.0
202202080935,0.0,0.0
202202080955,0.0,0.0
202202081015,0.0,0.0
202202081035,0.0,0.0
202202081055,0.0,0.0
202202081115,0.0,0.0
202202081130,0.0,0.0
202202081155,0.0,0.0
202202081215,0.0,0.0
202202081235,0.0,0.0
202202081250,0.0,0.0
202202081310,0.0,0.0
202202081335,0.0,0.0
202202081355,0.0,0.0
202202081415,0.0,0.0
202202081435,0.0,0.0
202202081455,350.0,2.1
202202081515,10.0,2.1
202202081535,10.0,3.1
202202081555,,1.5
202202081615,,1.5
202202081635,0.0,0.0
202202081655,0.0,0.0
202202081715,,1.5
202202081735,60.0,2.6
202202081755,,2.6
202202081815,310.0,2.6
202202081830,,2.6
202202081855,30.0,3.6
202202081915,,4.1
202202081935,,2.6
202202081955,300.0,3.6
202202082035,20.0,3.6
202202082055,0.0,0.0
202202082115,10.0,2.6
202202082135,230.0,1.5
202202082155,0.0,0.0
202202082210,0.0,0.0
202202082235,0.0,0.0
202202082255,0.0,0.0
202202082315,0.0,0.0
202202082335,0.0,0.0
202202082355,0.0,0.0
202202090015,0.0,0.0
202202090035,0.0,0.0
202202090055,0.0,0.0
202202090110,0.0,0.0
202202090135,0.0,0.0
202202090155,0.0,0.0
202202090215,0.0,0.0
202202090235,0.0,0.0
202202090250,0.0,0.0
202202090310,0.0,0.0
202202090355,0.0,0.0
202202090415,0.0,0.0
202202090450,0.0,0.0
202202090515,0.0,0.0
202202090535,0.0,0.0
202202090550,0.0,0.0
202202090615,0.0,0.0
202202090630,0.0,0.0
202202090655,0.0,0.0
202202090715,0.0,0.0
202202090735,0.0,0.0
202202090750,0.0,0.0
202202090815,0.0,0.0
202202090835,0.0,0.0
202202090850,180.0,1.5
202202090915,0.0,0.0
202202090950,0.0,0.0
202202091010,220.0,1.5
202202091035,0.0,0.0
202202091055,0.0,0.0
202202091115,0.0,0.0
202202091135,230.0,1.5
202202091155,0.0,0.0
202202091210,0.0,0.0
202202091235,0.0,0.0
202202091250,0.0,0.0
202202091315,0.0,0.0
202202091355,200.0,1.5
202202091415,190.0,1.5
202202091450,200.0,3.1
202202091510,210.0,4.1
202202091535,210.0,4.6
202202091555,200.0,3.1
202202091615,200.0,3.6
202202091635,200.0,5.1
202202091650,210.0,4.1
202202091715,220.0,5.1
202202091750,200.0,4.6
202202091810,190.0,5.1
202202091830,210.0,5.7
202202091850,230.0,5.7
202202091910,210.0,5.1
202202091930,210.0,6.7
202202091955,240.0,7.2
202202092010,220.0,6.7
202202092035,230.0,9.8
202202092055,240.0,7.2
202202092115,240.0,7.2
202202092135,230.0,7.2
202202092155,210.0,6.2
202202092215,220.0,7.2
202202092235,220.0,5.7
202202092255,210.0,4.1
202202092315,220.0,4.1
202202092335,210.0,4.1
202202092350,250.0,2.6
202202100030,0.0,0.0
202202100055,0.0,0.0
202202100115,0.0,0.0
202202100130,0.0,0.0
202202100155,0.0,0.0
202202100215,0.0,0.0
202202100235,0.0,0.0
202202100255,0.0,0.0
202202100315,210.0,2.1
202202100335,200.0,2.1
202202100355,0.0,0.0
202202100415,200.0,1.5
202202100435,200.0,1.5
202202100455,200.0,2.1
202202100515,0.0,0.0
202202100535,0.0,0.0
202202100555,0.0,0.0
202202100615,0.0,0.0
202202100635,200.0,1.5
202202100655,200.0,1.5
202202100735,200.0,1.5
202202100750,210.0,1.5
202202100815,210.0,2.1
202202100835,220.0,2.6
202202100855,220.0,3.1
202202100915,210.0,3.1
202202100935,210.0,2.6
202202100950,210.0,2.6
202202101015,220.0,2.6
202202101035,210.0,2.1
202202101055,230.0,2.1
202202101115,230.0,3.1
202202101135,220.0,3.1
202202101155,220.0,4.1
202202101215,210.0,4.1
202202101235,220.0,3.6
202202101255,220.0,4.1
202202101315,220.0,3.6
202202101330,230.0,3.6
202202101355,210.0,4.6
202202101415,200.0,2.1
202202101435,190.0,2.1
202202101455,200.0,2.6
202202101515,210.0,3.6
202202101535,190.0,3.6
202202101615,200.0,3.6
202202101635,,2.6
202202101655,200.0,3.6
202202101715,,2.6
202202101735,220.0,5.1
202202101755,240.0,4.6
202202101815,230.0,5.1
202202101835,240.0,6.2
202202101855,280.0,5.1
202202101910,230.0,6.7
202202101935,250.0,3.6
202202101955,250.0,4.1
202202102015,240.0,7.2
202202102030,250.0,4.6
202202102055,260.0,5.1
202202102115,260.0,3.6
202202102135,260.0,4.1
202202102155,290.0,4.1
202202102215,290.0,4.6
202202102235,280.0,5.7
202202102255,250.0,2.6
202202102350,270.0,2.1
202202110015,0.0,0.0
202202110035,0.0,0.0
202202110055,0.0,0.0
202202110115,0.0,0.0
202202110135,0.0,0.0
202202110155,0.0,0.0
202202110215,0.0,0.0
202202110250,0.0,0.0
202202110315,0.0,0.0
202202110335,0.0,0.0
202202110355,0.0,0.0
202202110415,0.0,0.0
202202110435,0.0,0.0
202202110455,0.0,0.0
202202110515,0.0,0.0
202202110535,0.0,0.0
202202110555,0.0,0.0
202202110615,0.0,0.0
202202110635,0.0,0.0
202202110655,0.0,0.0
202202110715,0.0,0.0
202202110750,210.0,2.1
202202110815,210.0,3.6
202202110835,210.0,3.1
202202110855,210.0,2.6
202202110915,220.0,2.6
202202110930,220.0,3.1
202202110955,210.0,2.6
202202111015,220.0,2.6
202202111030,220.0,2.1
202202111055,210.0,2.6
202202111115,210.0,3.1
202202111150,210.0,3.1
202202111215,220.0,3.6
202202111235,210.0,3.6
202202111255,220.0,3.1
202202111315,220.0,3.6
202202111330,230.0,3.6
202202111355,220.0,4.1
202202111415,220.0,4.6
202202111435,210.0,5.1
202202111450,210.0,5.1
202202111535,200.0,4.6
202202111615,200.0,5.1
202202111715,200.0,5.7
202202111755,180.0,5.7
202202111810,180.0,6.7
202202111830,200.0,7.7
202202111855,200.0,8.2
202202111915,200.0,7.2
202202111935,210.0,8.7
202202111955,220.0,8.7
202202112035,210.0,7.7
202202112055,190.0,6.2
202202112155,200.0,6.7
202202112235,210.0,5.7
202202112250,190.0,4.6
202202112335,200.0,3.1
202202112355,200.0,2.6
202202120010,200.0,3.1
202202120035,210.0,2.6
202202120055,210.0,3.6
202202120250,220.0,3.6
202202120315,210.0,3.6
202202120335,220.0,3.6
202202120355,210.0,3.6
202202120415,210.0,4.6
202202120435,220.0,4.1
202202120450,210.0,3.6
202202120515,220.0,3.1
202202120535,220.0,2.6
202202120550,220.0,2.1
202202120610,210.0,2.6
202202120630,210.0,2.6
202202120650,210.0,3.1
202202120715,220.0,3.6
202202120735,220.0,3.1
202202120755,220.0,3.6
202202120815,230.0,3.1
202202120835,210.0,2.6
202202120855,230.0,4.1
202202120915,220.0,3.1
202202120935,210.0,2.1
202202120955,210.0,2.1
202202121015,220.0,2.1
202202121035,230.0,2.1
202202121055,0.0,0.0
202202121115,0.0,0.0
202202121135,0.0,0.0
202202121155,180.0,1.5
202202121215,200.0,2.1
202202121255,210.0,1.5
202202121315,0.0,0.0
202202121355,0.0,0.0
202202121415,330.0,3.1
202202121435,330.0,2.6
202202121515,350.0,5.1
202202121535,,5.1
202202121555,,2.6
202202121615,30.0,3.6
202202121635,20.0,3.1
202202121655,70.0,1.5
202202121715,,2.6
202202121735,,3.1
202202121755,350.0,3.1
202202121815,,2.1
202202121835,50.0,3.1
202202121855,,3.1
202202121915,330.0,3.6
202202121935,10.0,4.6
202202121955,350.0,3.6
202202122015,350.0,4.1
202202122035,350.0,5.1
202202122055,310.0,5.1
202202122115,340.0,5.1
202202122135,330.0,6.7
202202122215,,3.1
202202122230,340.0,5.1
202202122255,,5.1
202202122315,340.0,4.6
202202122335,350.0,4.1
202202122355,340.0,3.1
202202130030,340.0,5.1
202202130055,340.0,3.6
202202130115,340.0,4.1
202202130135,340.0,4.1
202202130155,330.0,4.1
202202130215,340.0,5.1
202202130235,340.0,5.1
202202130255,340.0,4.6
202202130315,350.0,4.6
202202130335,340.0,2.6
202202130355,350.0,3.1
202202130415,340.0,3.1
202202130435,350.0,4.6
202202130455,350.0,3.1
202202130510,350.0,4.1
202202130535,10.0,4.1
202202130555,350.0,4.1
202202130615,340.0,5.1
202202130635,350.0,3.6
202202130655,,5.1
202202130715,20.0,5.1
202202130735,,5.7
202202130755,10.0,3.6
202202130815,,3.1
202202130835,340.0,4.1
202202130855,350.0,4.6
202202130915,,5.7
202202130935,350.0,4.6
202202130955,350.0,4.6
202202131015,10.0,3.6
202202131030,,4.1
202202131055,,4.6
202202131115,350.0,3.6
202202131130,10.0,4.1
202202131155,350.0,4.6
202202131215,350.0,4.1
202202131235,350.0,3.1
202202131255,350.0,5.7
202202131315,,4.6
202202131335,330.0,3.6
202202131355,,3.1
202202131415,10.0,4.1
202202131435,20.0,3.6
202202131455,10.0,3.6
202202131515,340.0,3.1
202202131530,,3.1
202202131555,350.0,4.1
202202131615,,2.6
202202131635,340.0,4.6
202202131655,340.0,4.1
202202131715,,3.6
202202131735,350.0,3.1
202202131755,310.0,5.1
202202131815,340.0,3.1
202202131835,340.0,5.1
202202131855,320.0,5.1
202202131915,340.0,4.1
202202131935,,2.6
202202131955,0.0,0.0
202202132015,280.0,2.6
202202132030,330.0,3.1
202202132055,,2.1
202202132115,300.0,5.1
202202132130,340.0,4.1
202202132155,310.0,4.1
202202132210,320.0,3.1
202202132235,330.0,3.6
202202132255,320.0,2.6
202202132315,320.0,2.6
202202132335,330.0,2.6
202202132355,330.0,2.6
202202140015,0.0,0.0
202202140035,0.0,0.0
202202140055,0.0,0.0
202202140115,0.0,0.0
202202140135,0.0,0.0
202202140155,0.0,0.0
202202140210,0.0,0.0
202202140235,0.0,0.0
202202140255,0.0,0.0
202202140315,0.0,0.0
202202140330,0.0,0.0
202202140415,0.0,0.0
202202140435,0.0,0.0
202202140455,0.0,0.0
202202140515,0.0,0.0
202202140535,0.0,0.0
202202140555,0.0,0.0
202202140610,0.0,0.0
202202140630,0.0,0.0
202202140655,0.0,0.0
202202140715,0.0,0.0
202202140735,0.0,0.0
202202140755,0.0,0.0
202202140815,0.0,0.0
202202140835,0.0,0.0
202202140855,0.0,0.0
202202140915,0.0,0.0
202202140935,0.0,0.0
202202140955,0.0,0.0
202202141015,0.0,0.0
202202141035,0.0,0.0
202202141055,0.0,0.0
202202141115,0.0,0.0
202202141135,0.0,0.0
202202141155,0.0,0.0
202202141215,0.0,0.0
202202141230,0.0,0.0
202202141255,0.0,0.0
202202141315,0.0,0.0
202202141335,0.0,0.0
202202141350,0.0,0.0
202202141415,0.0,0.0
202202141455,0.0,0.0
202202141515,0.0,0.0
202202141530,0.0,0.0
202202141550,200.0,3.6
202202141615,190.0,2.6
202202141635,330.0,3.6
202202141650,290.0,3.1
202202141715,,2.6
202202141735,,2.1
202202141755,0.0,0.0
202202141815,250.0,3.6
202202141830,,1.5
202202141855,290.0,3.6
202202141910,290.0,2.6
202202141935,0.0,0.0
202202141955,,1.5
202202142010,,2.6
202202142035,,3.1
202202142050,260.0,2.6
202202142115,230.0,2.1
202202142130,220.0,2.6
202202142155,,2.1
202202142215,320.0,1.5
202202142230,320.0,2.1
202202142250,0.0,0.0
202202142315,0.0,0.0
202202142335,0.0,0.0
202202142355,0.0,0.0
202202150015,0.0,0.0
202202150030,0.0,0.0
202202150055,0.0,0.0
202202150115,0.0,0.0
202202150135,0.0,0.0
202202150155,0.0,0.0
202202150215,0.0,0.0
202202150235,0.0,0.0
202202150255,0.0,0.0
202202150315,0.0,0.0
202202150335,0.0,0.0
202202150355,0.0,0.0
202202150415,0.0,0.0
202202150430,0.0,0.0
202202150450,0.0,0.0
202202150515,0.0,0.0
202202150535,0.0,0.0
202202150555,0.0,0.0
202202150615,0.0,0.0
202202150635,0.0,0.0
202202150655,0.0,0.0
202202150715,0.0,0.0
202202150730,0.0,0.0
202202150755,0.0,0.0
202202150815,0.0,0.0
202202150835,0.0,0.0
202202150855,0.0,0.0
202202150915,0.0,0.0
202202150935,0.0,0.0
202202150955,0.0,0.0
202202151015,0.0,0.0
202202151035,0.0,0.0
202202151115,0.0,0.0
202202151135,0.0,0.0
202202151155,0.0,0.0
202202151215,0.0,0.0
202202151235,0.0,0.0
202202151255,0.0,0.0
202202151315,0.0,0.0
202202151335,0.0,0.0
202202151355,0.0,0.0
202202151415,0.0,0.0
202202151435,0.0,0.0
202202151455,0.0,0.0
202202151515,0.0,0.0
202202151535,0.0,0.0
202202151555,210.0,3.6
202202151615,,2.6
202202151635,,2.1
202202151715,220.0,4.6
202202151735,210.0,4.1
202202151755,190.0,3.6
202202151815,210.0,4.1
202202151835,190.0,3.6
202202151855,200.0,4.6
202202151915,200.0,4.1
202202151935,190.0,4.1
202202151955,220.0,5.1
202202152015,210.0,5.1
202202152035,200.0,6.2
202202152055,180.0,4.6
202202152115,180.0,4.1
202202152135,180.0,4.6
202202152155,200.0,5.1
202202152210,210.0,5.7
202202152235,210.0,5.1
202202152250,200.0,4.1
202202152315,200.0,3.1
202202152335,190.0,2.1
202202152355,180.0,2.1
202202160010,0.0,0.0
202202160035,180.0,2.1
202202160055,180.0,2.1
202202160115,,1.5
202202160135,0.0,0.0
202202160155,0.0,0.0
202202160210,0.0,0.0
202202160235,0.0,0.0
202202160255,0.0,0.0
202202160315,0.0,0.0
202202160355,0.0,0.0
202202160410,0.0,0.0
202202160435,0.0,0.0
202202160455,0.0,0.0
202202160515,0.0,0.0
202202160535,0.0,0.0
202202160550,0.0,0.0
202202160615,0.0,0.0
202202160650,0.0,0.0
202202160715,0.0,0.0
202202160835,0.0,0.0
202202160855,0.0,0.0
202202160915,0.0,0.0
202202161135,0.0,0.0
202202161235,220.0,1.5
202202161315,0.0,0.0
202202161355,0.0,0.0
202202161415,0.0,0.0
202202161435,220.0,3.1
202202161455,0.0,0.0
202202161515,190.0,4.6
202202161535,180.0,4.1
202202161555,220.0,7.2
202202161615,180.0,5.1
202202161655,190.0,8.2
202202161715,210.0,6.7
202202161755,190.0,7.7
202202161855,210.0,6.7
202202161915,190.0,7.2
202202162015,180.0,5.1
202202162035,200.0,7.2
202202162055,170.0,6.2
202202162135,180.0,3.6
202202162155,170.0,4.1
202202162215,190.0,3.6
202202162315,170.0,3.1
202202162335,170.0,2.1
202202170055,160.0,2.1
202202170115,,2.6
202202170135,0.0,0.0
202202170155,0.0,0.0
202202170335,170.0,2.1
202202170355,160.0,2.1
202202170415,,2.1
202202170435,190.0,3.6
202202170455,180.0,4.6
202202170515,170.0,3.6
202202170535,170.0,3.6
202202170555,,2.1
202202170615,160.0,3.6
202202170635,190.0,5.1
202202170655,190.0,5.1
202202170710,180.0,5.7
202202170735,190.0,5.1
202202170750,180.0,4.1
202202170815,180.0,3.6
202202170835,200.0,3.1
202202170855,180.0,4.6
202202170915,190.0,3.6
202202170935,190.0,3.6
202202170955,200.0,4.1
202202171035,190.0,6.7
202202171215,190.0,4.1
202202171235,200.0,4.1
202202171310,180.0,4.6
202202171335,180.0,4.6
202202171350,180.0,5.1
202202171410,180.0,5.1
202202171635,180.0,9.8
202202171715,170.0,7.7
202202171735,180.0,6.7
202202171755,180.0,7.7
202202171835,190.0,6.7
202202171915,190.0,7.2
202202171935,190.0,5.1
202202171955,180.0,8.2
202202172015,180.0,7.7
202202172055,190.0,6.7
202202172135,200.0,6.2
202202172155,190.0,7.2
202202172215,190.0,8.2
202202172235,180.0,7.7
202202172255,180.0,6.2
202202172315,180.0,6.2
202202172335,180.0,8.2
202202172355,180.0,6.2
202202180015,180.0,6.7
202202180035,180.0,10.3
202202180055,190.0,9.8
202202180115,200.0,8.2
202202180135,250.0,7.7
202202180155,230.0,8.2
202202180215,220.0,5.7
202202180235,200.0,3.6
202202180315,200.0,3.1
202202180335,200.0,4.1
202202180415,200.0,4.1
202202180435,200.0,4.1
202202180455,210.0,3.1
202202180515,,3.1
202202180530,320.0,6.2
202202180555,310.0,8.2
202202180635,330.0,5.7
202202180650,330.0,5.1
202202180715,320.0,6.2
202202180730,320.0,4.1
202202180755,320.0,4.6
202202180815,310.0,4.6
202202180835,310.0,3.6
202202180855,330.0,5.1
202202180910,330.0,5.1
202202180935,330.0,3.6
202202180955,340.0,4.1
202202181015,340.0,5.1
202202181030,350.0,4.1
202202181055,330.0,3.6
202202181115,330.0,4.1
202202181130,330.0,3.6
202202181150,330.0,3.6
202202181215,330.0,5.1
202202181235,340.0,4.1
202202181255,340.0,3.1
202202181315,330.0,4.6
202202181335,330.0,3.1
202202181355,340.0,4.6
202202181415,350.0,5.1
202202181435,,4.1
202202181455,340.0,5.1
202202181515,340.0,5.1
202202181535,330.0,4.6
202202181555,350.0,4.1
202202181615,330.0,4.1
202202181635,330.0,4.6
202202181655,340.0,5.7
202202181715,310.0,5.1
202202181735,340.0,4.1
202202181755,330.0,4.6
202202181815,330.0,4.6
202202181835,,4.6
202202181855,340.0,5.1
202202181910,340.0,5.1
202202181935,320.0,4.6
202202181950,330.0,4.1
202202182015,340.0,4.1
202202182035,330.0,4.1
202202182055,320.0,4.1
202202182115,350.0,3.6
202202182130,340.0,3.1
202202182155,350.0,3.1
202202182210,320.0,3.1
202202182235,320.0,2.6
202202182255,340.0,3.6
202202182310,320.0,2.6
202202182335,340.0,3.1
202202182355,20.0,1.5
202202190015,,2.6
202202190035,,2.6
202202190055,20.0,2.6
202202190115,10.0,2.1
202202190135,0.0,0.0
202202190155,0.0,0.0
202202190215,0.0,0.0
202202190235,0.0,0.0
202202190255,0.0,0.0
202202190315,0.0,0.0
202202190330,0.0,0.0
202202190355,0.0,0.0
202202190415,0.0,0.0
202202190435,0.0,0.0
202202190455,0.0,0.0
202202190515,0.0,0.0
202202190535,0.0,0.0
202202190550,0.0,0.0
202202190615,0.0,0.0
202202190630,0.0,0.0
202202190715,0.0,0.0
202202190735,0.0,0.0
202202190755,0.0,0.0
202202190815,0.0,0.0
202202190835,0.0,0.0
202202190855,0.0,0.0
202202190915,0.0,0.0
202202190935,0.0,0.0
202202191015,0.0,0.0
202202191035,0.0,0.0
202202191050,0.0,0.0
202202191115,0.0,0.0
202202191135,0.0,0.0
202202191155,0.0,0.0
202202191215,0.0,0.0
202202191235,0.0,0.0
202202191255,0.0,0.0
202202191315,0.0,0.0
202202191355,0.0,0.0
202202191415,0.0,0.0
202202191430,0.0,0.0
202202191455,0.0,0.0
202202191515,,2.1
202202191535,0.0,0.0
202202191555,,4.1
202202191650,,2.6
202202191715,10.0,3.6
202202191735,220.0,1.5
202202191755,,3.6
202202191815,40.0,2.6
202202191835,,2.1
202202191915,350.0,4.1
202202191935,310.0,4.6
202202191955,350.0,5.1
202202192035,300.0,3.6
202202192055,10.0,4.1
202202192115,350.0,4.6
202202192135,320.0,2.6
202202192215,330.0,3.1
202202192235,320.0,3.6
202202192255,320.0,3.6
202202192315,310.0,3.1
202202192335,310.0,2.1
202202192355,320.0,2.1
202202200015,320.0,2.1
202202200035,340.0,2.6
202202200055,340.0,3.1
202202200115,350.0,2.1
202202200135,350.0,1.5
202202200155,350.0,2.1
202202200215,0.0,0.0
202202200235,0.0,0.0
202202200255,0.0,0.0
202202200315,0.0,0.0
202202200335,0.0,0.0
202202200355,0.0,0.0
202202200415,0.0,0.0
202202200435,0.0,0.0
202202200455,0.0,0.0
202202200535,0.0,0.0
202202200555,0.0,0.0
202202200615,0.0,0.0
202202200635,0.0,0.0
202202200655,220.0,1.5
202202200715,0.0,0.0
202202200735,0.0,0.0
202202200755,0.0,0.0
202202200815,0.0,0.0
202202200855,0.0,0.0
202202200915,0.0,0.0
202202200935,0.0,0.0
202202200950,0.0,0.0
202202201015,0.0,0.0
202202201035,0.0,0.0
202202201115,0.0,0.0
202202201135,0.0,0.0
202202201155,0.0,0.0
202202201210,0.0,0.0
202202201255,0.0,0.0
202202201315,0.0,0.0
202202201335,0.0,0.0
202202201415,0.0,0.0
202202201435,0.0,0.0
202202201450,0.0,0.0
202202201515,0.0,0.0
202202201535,0.0,0.0
202202201555,0.0,0.0
202202201615,240.0,4.1
202202201635,,2.6
202202201655,220.0,3.6
202202201715,220.0,5.7
202202201735,220.0,5.1
202202201755,200.0,3.6
202202201815,240.0,6.2
202202201835,230.0,7.2
202202201855,190.0,5.7
202202201915,210.0,6.7
202202201935,210.0,4.6
202202201955,200.0,3.6
202202202015,220.0,4.6
202202202035,200.0,3.6
202202202055,210.0,6.2
202202202115,200.0,5.7
202202202135,190.0,6.7
202202202155,210.0,4.1
202202202215,210.0,3.1
202202202235,210.0,4.1
202202202255,210.0,4.6
202202202315,200.0,3.1
202202202335,200.0,3.1
202202202355,210.0,3.1
202202210015,200.0,3.1
202202210035,190.0,2.6
202202210055,190.0,2.1
202202210115,170.0,2.1
202202210135,170.0,2.6
202202210155,160.0,2.1
202202210235,160.0,2.1
202202210315,170.0,2.1
202202210335,170.0,2.1
202202210355,0.0,0.0
202202210415,0.0,0.0
202202210435,0.0,0.0
202202210455,0.0,0.0
202202210515,0.0,0.0
202202210535,0.0,0.0
202202210555,0.0,0.0
202202210615,0.0,0.0
202202210635,0.0,0.0
202202210655,0.0,0.0
202202210715,0.0,0.0
202202210735,0.0,0.0
202202210755,0.0,0.0
202202210810,0.0,0.0
202202210835,0.0,0.0
202202210855,0.0,0.0
202202210915,0.0,0.0
202202210930,0.0,0.0
202202210950,0.0,0.0
202202211015,0.0,0.0
202202211035,0.0,0.0
202202211055,0.0,0.0
202202211115,0.0,0.0
202202211135,0.0,0.0
202202211155,0.0,0.0
202202211215,0.0,0.0
202202211235,0.0,0.0
202202211255,0.0,0.0
202202211315,0.0,0.0
202202211335,0.0,0.0
202202211355,0.0,0.0
202202211415,0.0,0.0
202202211435,0.0,0.0
202202211455,0.0,0.0
202202211515,0.0,0.0
202202211535,0.0,0.0
202202211555,,1.5
202202211615,0.0,0.0
202202211630,,2.6
202202211655,,1.5
202202211715,210.0,3.6
202202211735,,2.1
202202211755,170.0,2.6
202202211815,190.0,5.1
202202211835,220.0,4.6
202202211855,220.0,6.2
202202211915,200.0,6.2
202202211930,190.0,5.7
202202211955,200.0,4.6
202202212015,210.0,6.7
202202212035,200.0,5.1
202202212055,200.0,3.6
202202212115,200.0,3.1
202202212135,200.0,4.1
202202212155,160.0,5.7
202202212215,180.0,5.1
202202212235,190.0,3.6
202202212255,200.0,4.6
202202212315,210.0,4.6
202202212355,,2.1
202202220015,210.0,4.6
202202220035,190.0,4.1
202202220055,180.0,5.1
202202220135,210.0,2.6
202202220155,220.0,2.6
202202220215,200.0,2.1
202202220235,220.0,6.2
202202220255,220.0,4.1
202202220315,220.0,6.2
202202220335,160.0,5.7
202202220350,170.0,5.1
202202220415,170.0,3.1
202202220435,190.0,4.1
202202220455,190.0,4.6
202202220515,200.0,3.1
202202220535,190.0,3.1
202202220555,210.0,3.6
202202220615,160.0,3.6
202202220635,190.0,4.1
202202220655,210.0,3.6
202202220715,190.0,3.6
202202220735,230.0,2.6
202202220755,200.0,3.1
202202220815,220.0,3.1
202202220835,200.0,2.1
202202220850,230.0,2.6
202202220915,210.0,3.6
202202220935,220.0,3.1
202202220955,200.0,2.1
202202221015,220.0,3.1
202202221035,210.0,3.1
202202221055,210.0,2.1
202202221110,260.0,2.1
202202221135,0.0,0.0
202202221155,210.0,2.1
202202221235,170.0,5.1
202202221255,200.0,5.7
202202221315,,2.1
202202221335,200.0,5.7
202202221355,190.0,6.2
202202221415,190.0,5.1
202202221430,210.0,6.2
202202221455,210.0,6.2
202202221515,200.0,7.2
202202221535,200.0,6.7
202202221555,200.0,7.2
202202221615,210.0,6.2
202202221635,180.0,5.7
202202221655,180.0,5.1
202202221715,180.0,6.2
202202221735,190.0,6.7
202202221750,180.0,6.2
202202221815,190.0,6.2
202202221835,200.0,6.2
202202221855,200.0,6.7
202202221915,190.0,8.7
202202221935,200.0,7.2
202202221955,190.0,6.2
202202222015,200.0,5.1
202202222055,190.0,3.6
202202222115,210.0,4.6
202202222135,210.0,3.6
202202222150,210.0,4.6
202202222215,200.0,3.6
202202222255,190.0,5.1
202202222315,200.0,4.1
202202222335,200.0,2.6
202202222355,,3.1
202202230015,210.0,3.1
202202230055,170.0,2.1
202202230115,,3.1
202202230135,180.0,4.1
202202230155,,3.1
202202230215,0.0,0.0
202202230235,40.0,2.1
202202230255,,3.6
202202230335,,2.1
202202230355,10.0,3.1
202202230415,40.0,3.1
202202230435,100.0,2.1
202202230455,0.0,0.0
202202230535,60.0,2.1
202202230555,0.0,0.0
202202230615,30.0,2.6
202202230635,40.0,2.1
202202230655,0.0,0.0
202202230715,0.0,0.0
202202230735,,1.5
202202230755,,2.1
202202230835,,3.1
202202230855,110.0,2.1
202202230915,350.0,1.5
202202230935,30.0,2.6
202202230955,,1.5
202202231010,0.0,0.0
202202231035,90.0,2.1
202202231055,110.0,2.6
202202231115,110.0,2.6
202202231155,0.0,0.0
202202231215,0.0,0.0
202202231235,0.0,0.0
202202231255,0.0,0.0
202202231315,0.0,0.0
202202231335,0.0,0.0
202202231355,0.0,0.0
202202231435,0.0,0.0
202202231455,320.0,2.6
202202231515,320.0,3.1
202202231535,320.0,2.1
202202231555,350.0,2.1
202202231615,0.0,0.0
202202231635,0.0,0.0
202202231655,,1.5
202202231715,300.0,2.1
202202231735,,1.5
202202231750,340.0,3.1
202202231815,300.0,3.6
202202231830,330.0,3.1
202202231855,330.0,2.1
202202231915,310.0,2.6
202202231935,310.0,4.1
202202231955,330.0,4.6
202202232015,,2.1
202202232035,280.0,2.6
202202232055,290.0,3.1
202202232115,320.0,1.5
202202232130,320.0,2.6
202202232155,340.0,4.1
202202232210,350.0,3.1
202202232235,350.0,3.6
202202232255,10.0,2.6
202202232315,340.0,2.1
202202232335,,2.6
202202232355,340.0,2.1
202202240035,340.0,4.1
202202240055,,4.1
202202240115,20.0,4.1
202202240135,,4.1
202202240155,10.0,5.7
202202240215,30.0,6.2
202202240235,10.0,4.6
202202240255,30.0,4.1
202202240315,20.0,4.1
202202240335,320.0,2.6
202202240355,30.0,2.1
202202240415,20.0,3.6
202202240435,10.0,3.6
202202240455,10.0,4.6
202202240515,40.0,3.1
202202240535,40.0,3.1
202202240555,30.0,2.1
202202240635,0.0,0.0
202202240655,0.0,0.0
202202240715,0.0,0.0
202202240755,,2.1
202202240815,,2.1
202202240835,320.0,3.1
202202240855,310.0,4.1
202202240915,0.0,0.0
202202240935,90.0,1.5
202202240955,0.0,0.0
202202241015,0.0,0.0
202202241035,0.0,0.0
202202241055,0.0,0.0
202202241115,210.0,2.1
202202241215,260.0,2.1
202202241235,230.0,2.1
202202241255,210.0,2.1
202202241315,230.0,2.6
202202241335,230.0,1.5
202202241355,210.0,2.6
202202241410,210.0,2.6
202202241435,,2.1
202202241455,230.0,3.1
202202241515,220.0,3.6
202202241535,200.0,2.6
202202241555,,3.1
202202241615,220.0,4.1
202202241635,230.0,5.1
202202241650,200.0,2.6
202202241715,,2.1
202202241755,0.0,0.0
202202241810,0.0,0.0
202202241835,30.0,1.5
202202241850,20.0,1.5
202202241915,,2.1
202202241955,0.0,0.0
202202242015,0.0,0.0
202202242035,0.0,0.0
202202242055,0.0,0.0
202202242115,210.0,4.6
202202242130,200.0,3.6
202202242155,190.0,5.1
202202242215,200.0,5.1
202202242235,200.0,4.6
202202242255,220.0,5.1
202202242315,210.0,4.6
202202242335,220.0,3.6
202202242355,200.0,1.5
202202250015,190.0,2.1
202202250035,190.0,3.1
202202250055,200.0,3.1
202202250135,180.0,2.6
202202250155,,2.6
202202250215,190.0,2.1
202202250235,190.0,2.6
202202250255,190.0,2.6
202202250315,200.0,2.1
202202250330,220.0,2.1
202202250350,210.0,2.6
202202250415,200.0,4.1
202202250435,180.0,4.6
202202250455,180.0,4.1
202202250515,200.0,3.6
202202250535,190.0,5.1
202202250555,190.0,5.7
202202250615,190.0,5.7
202202250635,200.0,6.2
202202250655,200.0,8.7
202202250715,210.0,6.7
202202250735,190.0,4.6
202202250755,200.0,5.1
202202250815,200.0,5.7
202202250835,190.0,4.1
202202250855,190.0,5.1
202202250915,200.0,6.2
202202250935,200.0,5.7
202202250955,200.0,4.6
202202251015,260.0,4.6
202202251035,320.0,3.1
202202251055,300.0,4.1
202202251115,310.0,4.1
202202251135,320.0,4.6
202202251155,330.0,4.6
202202251215,350.0,3.6
202202251235,,2.1
202202251255,,2.6
202202251315,340.0,2.6
202202251330,,2.6
202202251355,350.0,3.1
202202251415,340.0,6.2
202202251435,340.0,4.1
202202251455,,4.6
202202251515,350.0,5.7
202202251535,320.0,4.6
202202251555,350.0,3.6
202202251615,350.0,5.1
202202251635,350.0,4.6
202202251650,350.0,5.1
202202251710,320.0,4.1
202202251735,330.0,5.7
202202251755,,3.6
202202251815,350.0,4.1
202202251835,320.0,4.1
202202251855,20.0,3.6
202202251915,350.0,5.7
202202251935,350.0,3.6
202202251955,350.0,5.7
202202252015,,3.1
202202252035,320.0,3.6
202202252055,340.0,4.6
202202252115,330.0,4.1
202202252135,350.0,4.6
202202252155,330.0,4.6
202202252215,310.0,4.6
202202252255,340.0,3.1
202202252315,340.0,3.6
202202252335,320.0,3.6
202202252355,340.0,2.6
202202260015,330.0,4.1
202202260035,340.0,3.6
202202260055,,2.6
202202260110,10.0,3.6
202202260135,,3.6
202202260155,,2.1
202202260215,20.0,2.6
202202260235,350.0,2.1
202202260255,10.0,2.6
202202260315,350.0,1.5
202202260335,350.0,1.5
202202260415,20.0,3.1
202202260435,10.0,2.1
202202260455,10.0,4.1
202202260510,20.0,2.6
202202260535,30.0,4.6
202202260555,20.0,4.6
202202260615,20.0,4.1
202202260630,10.0,4.1
202202260750,20.0,3.1
202202260815,10.0,3.1
202202260835,10.0,3.1
202202260850,10.0,4.6
202202260910,10.0,3.6
202202260935,20.0,5.7
202202260955,30.0,5.7
202202261015,30.0,4.6
202202261030,20.0,4.6
202202261055,20.0,5.7
202202261115,30.0,5.1
202202261135,40.0,2.6
202202261150,30.0,3.6
202202261235,30.0,4.1
202202261255,30.0,3.6
202202261335,20.0,4.1
202202261355,20.0,5.1
202202261415,30.0,3.6
202202261435,10.0,5.7
202202261455,30.0,3.6
202202261515,20.0,5.1
202202261535,30.0,4.6
202202261555,,4.1
202202261615,30.0,4.1
202202261635,30.0,3.6
202202261655,30.0,3.6
202202261715,20.0,3.1
202202261720,,3.6
202202262255,350.0,2.6
202202262315,,2.6
202202262335,10.0,2.1
202202262355,10.0,2.6
202202270010,20.0,3.6
202202270035,80.0,1.5
202202270050,30.0,3.1
202202270115,20.0,3.1
202202270135,10.0,3.1
202202270155,20.0,3.6
202202270215,20.0,3.6
202202270230,30.0,4.1
202202270255,30.0,3.6
202202270315,30.0,3.1
202202270335,30.0,2.6
202202270355,20.0,2.6
202202270415,30.0,2.1
202202270435,,2.6
202202270455,0.0,0.0
202202270510,10.0,3.1
202202270535,0.0,0.0
202202270550,0.0,0.0
202202270615,,
202202270635,330.0,1.5
202202270655,330.0,2.6
202202270715,350.0,4.1
202202270730,,2.6
202202270755,30.0,3.1
202202270815,30.0,2.6
202202270855,30.0,2.1
202202270910,40.0,2.6
202202270930,30.0,2.6
202202271015,10.0,2.1
202202271035,,1.5
202202271055,0.0,0.0
202202271115,,2.6
202202271130,,2.1
202202271155,10.0,3.6
202202271210,350.0,3.6
202202271235,10.0,3.1
202202271255,20.0,3.1
202202271315,20.0,2.1
202202271335,30.0,3.6
202202271355,10.0,3.6
202202271415,20.0,3.1
202202271435,30.0,3.6
202202271455,20.0,3.6
202202271510,30.0,4.6
202202271530,20.0,3.1
202202271550,40.0,3.6
202202271610,40.0,4.1
202202271635,40.0,4.1
202202271650,30.0,4.6
202202271715,20.0,4.1
202202271735,20.0,3.6
202202271750,10.0,3.1
202202271815,10.0,4.6
202202271855,20.0,3.6
202202271915,10.0,4.1
202202271935,20.0,5.1
202202271950,20.0,3.6
202202272010,30.0,4.6
202202272035,30.0,4.6
202202272050,30.0,4.6
202202272110,30.0,3.1
202202272130,30.0,4.6
202202272155,10.0,3.6
202202272215,10.0,3.6
202202272230,20.0,3.6
202202272255,40.0,2.6
202202272310,40.0,2.1
202202272335,30.0,2.1
202202272355,30.0,1.5
202202280010,0.0,0.0
202202280030,0.0,0.0
202202280055,,2.1
202202280115,0.0,0.0
202202280135,0.0,0.0
202202280155,0.0,0.0
202202280210,0.0,0.0
202202280235,0.0,0.0
202202280255,0.0,0.0
202202280335,0.0,0.0
202202280355,0.0,0.0
202202280415,0.0,0.0
202202280435,0.0,0.0
202202280455,0.0,0.0
202202280510,0.0,0.0
202202280535,0.0,0.0
202202280555,0.0,0.0
202202280615,0.0,0.0
202202280635,40.0,2.1
202202280650,60.0,1.5
202202280735,0.0,0.0
202202280755,0.0,0.0
202202280815,0.0,0.0
202202280855,0.0,0.0
202202280915,0.0,0.0
202202280935,0.0,0.0
202202280950,0.0,0.0
202202281015,0.0,0.0
202202281035,0.0,0.0
202202281055,0.0,0.0
202202281115,0.0,0.0
202202281135,0.0,0.0
202202281150,0.0,0.0
202202281215,0.0,0.0
202202281255,0.0,0.0
202202281315,0.0,0.0
202202281335,0.0,0.0
202202281355,0.0,0.0
202202281410,,
202202281435,40.0,2.6
202202281455,40.0,3.1
202202281515,30.0,2.1
202202281535,30.0,4.6
202202281555,,2.6
202202281615,,2.1
202202281635,340.0,3.6
202202281655,,2.6
202202281735,0.0,0.0
202202281750,50.0,2.6
202202281810,350.0,2.1
202202281855,0.0,0.0
202202281915,,2.1
202202281935,70.0,1.5
202202281950,,2.6
202202282015,,1.5
202202282035,0.0,0.0
202202282055,0.0,0.0
202202282115,50.0,2.6
202202282155,0.0,0.0
202202282210,0.0,0.0
202202282230,0.0,0.0
202202282250,0.0,0.0
202202282315,0.0,0.0
202202282335,0.0,0.0
202202282355,0.0,0.0
202203010015,0.0,0.0
202203010035,0.0,0.0
202203010055,0.0,0.0
202203010115,0.0,0.0
202203010135,0.0,0.0
202203010155,0.0,0.0
202203010215,0.0,0.0
202203010235,0.0,0.0
202203010255,0.0,0.0
202203010315,0.0,0.0
202203010335,0.0,0.0
202203010355,220.0,1.5
202203010415,220.0,1.5
202203010435,0.0,0.0
202203010455,0.0,0.0
202203010515,0.0,0.0
202203010555,0.0,0.0
202203010610,0.0,0.0
202203010635,0.0,0.0
202203010655,0.0,0.0
202203010715,0.0,0.0
202203010735,0.0,0.0
202203010755,0.0,0.0
202203010815,0.0,0.0
202203010835,0.0,0.0
202203010855,0.0,0.0
202203010915,0.0,0.0
202203010955,0.0,0.0
202203011015,0.0,0.0
202203011035,0.0,0.0
202203011055,0.0,0.0
202203011115,0.0,0.0
202203011130,0.0,0.0
202203011155,0.0,0.0
202203011215,0.0,0.0
202203011235,0.0,0.0
202203011255,0.0,0.0
202203011315,0.0,0.0
202203011330,0.0,0.0
202203011355,0.0,0.0
202203011415,0.0,0.0
202203011435,0.0,0.0
202203011450,0.0,0.0
202203011515,0.0,0.0
202203011535,0.0,0.0
202203011555,0.0,0.0
202203011615,0.0,0.0
202203011635,100.0,1.5
202203011655,0.0,0.0
202203011715,0.0,0.0
202203011735,,2.1
202203011755,0.0,0.0
202203011815,0.0,0.0
202203011835,,2.6
202203011855,,2.1
202203011935,,2.1
202203011955,250.0,2.1
202203012015,0.0,0.0
202203012035,210.0,3.1
202203012055,180.0,3.1
202203012115,220.0,4.6
202203012130,,2.1
202203012155,210.0,3.1
202203012215,220.0,2.6
202203012235,250.0,2.1
202203012250,230.0,4.6
202203012315,200.0,1.5
202203012335,180.0,1.5
202203012355,230.0,1.5
202203020015,0.0,0.0
202203020035,0.0,0.0
202203020115,230.0,1.5
202203020135,0.0,0.0
202203020155,0.0,0.0
202203020215,0.0,0.0
202203020235,210.0,1.5
202203020255,0.0,0.0
202203021010,210.0,1.5
202203021055,0.0,0.0
202203021115,190.0,1.5
202203021155,210.0,1.5
202203021215,0.0,0.0
202203021235,0.0,0.0
202203021255,0.0,0.0
202203021315,0.0,0.0
202203021335,210.0,2.1
202203021355,0.0,0.0
202203021415,190.0,1.5
202203021435,200.0,2.1
202203021455,220.0,2.6
202203021515,200.0,3.6
202203021535,200.0,3.1
202203021555,210.0,3.1
202203021615,,1.5
202203021715,200.0,2.1
202203021735,0.0,0.0
202203021815,180.0,2.1
202203021835,0.0,0.0
202203021850,150.0,2.6
202203021915,0.0,0.0
202203021955,0.0,0.0
202203022015,300.0,2.1
202203022035,0.0,0.0
202203022055,0.0,0.0
202203022115,,
202203022130,0.0,0.0
202203022155,250.0,3.1
202203022215,280.0,3.1
202203022235,0.0,0.0
202203022255,0.0,0.0
202203022315,0.0,0.0
202203022335,0.0,0.0
202203030015,0.0,0.0
202203030030,0.0,0.0
202203030055,0.0,0.0
202203030115,210.0,2.1
202203030135,0.0,0.0
202203030155,0.0,0.0
202203030215,200.0,1.5
202203030235,0.0,0.0
202203030255,0.0,0.0
202203030315,0.0,0.0
202203030335,0.0,0.0
202203030355,0.0,0.0
202203030415,0.0,0.0
202203030435,0.0,0.0
202203030450,0.0,0.0
202203030515,0.0,0.0
202203030550,0.0,0.0
202203030615,0.0,0.0
202203030635,190.0,1.5
202203030655,0.0,0.0
202203030715,180.0,1.5
202203030735,200.0,1.5
202203030755,0.0,0.0
202203030815,0.0,0.0
202203030855,0.0,0.0
202203030910,0.0,0.0
202203030935,0.0,0.0
202203031015,210.0,1.5
202203031055,0.0,0.0
202203031115,0.0,0.0
202203031155,0.0,0.0
202203031210,190.0,1.5
202203031235,0.0,0.0
202203031315,0.0,0.0
202203031335,0.0,0.0
202203031355,0.0,0.0
202203031415,220.0,2.1
202203031455,210.0,3.1
202203031515,210.0,3.1
202203031555,190.0,2.6
202203031610,190.0,2.6
202203031635,,2.6
202203031655,0.0,0.0
202203031715,210.0,2.6
202203031730,0.0,0.0
202203031755,,2.6
202203031815,,2.6
202203031835,,2.1
202203031855,310.0,2.1
202203031915,0.0,0.0
202203031935,,2.1
202203031950,0.0,0.0
202203032015,190.0,2.6
202203032035,,2.6
202203032055,0.0,0.0
202203032115,,
202203032135,290.0,2.1
202203032150,220.0,3.1
202203032210,0.0,0.0
202203032230,30.0,2.6
202203032315,350.0,2.1
202203032335,340.0,3.1
202203032355,0.0,0.0
202203040015,0.0,0.0
202203040035,0.0,0.0
202203040055,0.0,0.0
202203040110,0.0,0.0
202203040150,0.0,0.0
202203040215,0.0,0.0
202203040235,0.0,0.0
202203040250,0.0,0.0
202203040315,0.0,0.0
202203040330,0.0,0.0
202203040355,0.0,0.0
202203040415,0.0,0.0
202203040430,0.0,0.0
202203040455,0.0,0.0
202203040515,0.0,0.0
202203040535,0.0,0.0
202203040550,0.0,0.0
202203040615,0.0,0.0
202203040630,0.0,0.0
202203040655,0.0,0.0
202203040710,0.0,0.0
202203040735,30.0,1.5
202203040755,50.0,1.5
202203040810,50.0,2.1
202203040830,50.0,2.1
202203040855,50.0,2.1
202203040915,50.0,2.1
202203040935,40.0,2.1
202203040955,40.0,2.1
202203041015,0.0,0.0
202203041055,0.0,0.0
202203041115,0.0,0.0
202203041130,0.0,0.0
202203041155,0.0,0.0
202203041215,0.0,0.0
202203041235,0.0,0.0
202203041255,0.0,0.0
202203041335,0.0,0.0
202203041355,40.0,2.6
202203041415,40.0,2.1
202203041455,0.0,0.0
202203041515,0.0,0.0
202203041535,0.0,0.0
202203041555,0.0,0.0
202203041615,,
202203041635,,2.1
202203041655,,2.1
202203041715,0.0,0.0
202203041735,280.0,2.1
202203041750,0.0,0.0
202203041815,,1.5
202203041830,,1.5
202203041855,130.0,2.1
202203041915,0.0,0.0
202203041935,200.0,2.6
202203041955,,2.6
202203042015,210.0,2.6
202203042035,210.0,2.1
202203042055,220.0,3.1
202203042115,210.0,3.1
202203042130,220.0,3.1
202203042300,190.0,3.1
202203050045,180.0,3.6
202203050450,0.0,0.0
202203050930,230.0,2.1
202203051105,0.0,0.0
202203051810,200.0,5.1
202203051830,210.0,7.2
202203051850,210.0,6.2
202203051915,200.0,6.2
202203051950,190.0,4.6
202203052010,200.0,7.2
202203052030,200.0,8.2
202203052050,210.0,8.2
202203052115,180.0,6.2
202203052135,190.0,4.6
202203052155,190.0,4.6
202203052215,180.0,4.6
202203052230,190.0,6.2
202203052245,180.0,3.1
202203052310,180.0,3.1
202203052330,,3.1
202203052355,170.0,2.6
202203060015,180.0,3.1
202203060030,,2.6
202203060055,,2.1
202203060110,180.0,2.6
202203060130,0.0,0.0
202203060145,180.0,2.6
202203060625,220.0,2.6
202203060640,230.0,2.6
202203060745,210.0,4.6
202203061305,230.0,3.1
202203061435,210.0,5.7
202203061515,190.0,6.7
202203061750,180.0,4.6
202203061810,200.0,7.2
202203061910,190.0,5.1
202203061935,190.0,7.2
202203061950,180.0,3.6
202203062005,190.0,4.1
202203062030,200.0,6.2
202203062105,200.0,5.7
202203062135,190.0,4.1
202203062150,180.0,5.1
202203062200,190.0,5.1
202203062250,190.0,4.1
202203062300,190.0,4.1
202203062330,190.0,3.1
202203062350,190.0,2.6
202203070010,180.0,3.1
202203070020,,2.6
202203070045,180.0,2.1
202203070105,170.0,2.6
202203070130,,2.1
202203070155,,2.1
202203070210,200.0,2.1
202203070230,0.0,0.0
202203070245,0.0,0.0
202203070310,230.0,1.5
202203070330,0.0,0.0
202203070350,0.0,0.0
202203070400,0.0,0.0
202203070430,0.0,0.0
202203070450,210.0,2.6
202203070510,190.0,4.1
202203070525,190.0,5.1
202203070550,190.0,5.7
202203070610,200.0,4.6
202203070630,190.0,4.6
202203070650,200.0,5.7
202203070710,200.0,5.7
202203070735,200.0,7.7
202203070750,200.0,6.2
202203070805,200.0,6.7
202203070815,200.0,6.7
202203070850,200.0,5.1
202203070910,200.0,5.7
202203070925,200.0,4.6
202203070950,190.0,5.1
202203071010,200.0,4.6
202203071055,190.0,6.7
202203071100,200.0,5.1
202203071120,200.0,5.7
202203071155,200.0,6.2
202203071230,200.0,5.1
202203071250,170.0,6.2
202203071300,180.0,5.7
202203071325,190.0,7.2
202203071345,200.0,6.2
202203071400,200.0,6.2
202203071430,210.0,6.7
202203071555,200.0,6.2
202203071615,190.0,7.7
202203071635,180.0,5.7
202203071655,190.0,5.1
202203071715,200.0,5.1
202203071755,190.0,4.1
202203071815,,3.1
202203071835,290.0,6.2
202203071855,270.0,4.6
202203071915,290.0,7.2
202203071935,320.0,5.7
202203071950,310.0,6.2
202203072015,270.0,3.6
202203072035,280.0,3.1
202203072055,0.0,0.0
202203072110,210.0,2.1
202203072130,150.0,2.1
202203072155,0.0,0.0
202203072215,0.0,0.0
202203072235,0.0,0.0
202203072255,250.0,1.5
202203080055,350.0,5.7
202203080115,10.0,3.6
202203080135,330.0,3.6
202203080155,330.0,6.2
202203080215,,2.1
202203080235,340.0,3.6
202203080255,10.0,2.6
202203080315,330.0,3.1
202203080335,340.0,2.6
202203080355,350.0,3.6
202203080415,330.0,2.6
202203080430,340.0,4.1
202203080515,,4.6
202203080535,10.0,3.1
202203080615,20.0,5.7
202203080635,20.0,4.1
202203080655,10.0,5.7
202203080715,20.0,4.6
202203080735,10.0,6.2
202203080755,10.0,4.6
202203080815,10.0,3.1
202203080820,10.0,3.1
202203080855,,4.6
202203080950,20.0,3.1
202203081055,20.0,3.6
202203081810,350.0,4.1
202203081855,40.0,2.6
202203081900,0.0,0.0
202203081935,,2.1
202203081955,20.0,2.6
202203082005,30.0,2.1
202203082035,20.0,2.1
202203082040,10.0,1.5
202203082115,0.0,0.0
202203082210,0.0,0.0
202203082335,110.0,2.1
202203082350,0.0,0.0
202203090550,60.0,2.6
202203090615,0.0,0.0
202203091715,,4.6
202203091755,30.0,4.6
202203091810,20.0,4.6
202203091835,20.0,5.1
202203091850,330.0,5.7
202203091910,20.0,4.1
202203091930,10.0,3.6
202203091955,350.0,3.6
202203092005,30.0,3.6
202203092035,40.0,4.1
202203092050,30.0,2.6
202203092100,,2.6
202203092235,0.0,0.0
202203092250,0.0,0.0
202203092310,80.0,1.5
202203092335,50.0,2.1
202203092355,40.0,2.1
202203100015,0.0,0.0
202203100030,0.0,0.0
202203100050,10.0,2.1
202203100115,20.0,3.6
202203100135,20.0,5.7
202203100155,10.0,4.6
202203100215,10.0,4.1
202203100235,10.0,3.6
202203100255,20.0,3.6
202203100315,20.0,3.1
202203100355,20.0,2.6
202203100415,20.0,3.1
202203100435,50.0,2.1
202203100455,20.0,2.1
202203100515,40.0,2.1
202203100535,50.0,1.5
202203100555,40.0,1.5
202203100615,40.0,2.1
202203100635,20.0,2.6
202203100655,30.0,2.1
202203100715,30.0,2.1
202203100735,40.0,2.1
202203100755,40.0,2.1
202203100835,30.0,1.5
202203100855,20.0,2.1
202203100915,0.0,0.0
202203100935,0.0,0.0
202203100950,0.0,0.0
202203101015,0.0,0.0
202203101035,0.0,0.0
202203101055,0.0,0.0
202203101115,40.0,2.1
202203101130,0.0,0.0
202203101210,0.0,0.0
202203101235,50.0,1.5
202203101255,10.0,2.6
202203101310,,3.1
202203101335,30.0,4.1
202203101355,30.0,3.6
202203101415,0.0,0.0
202203101515,10.0,3.1
202203101535,,2.1
202203101555,0.0,0.0
202203101615,,3.1
202203101635,20.0,1.5
202203101655,0.0,0.0
202203101715,0.0,0.0
202203101735,0.0,0.0
202203101755,140.0,2.1
202203101815,0.0,0.0
202203101835,,3.1
202203101850,0.0,0.0
202203101915,,3.1
202203101935,0.0,0.0
202203101955,0.0,0.0
202203102015,,2.1
202203102035,,1.5
202203102050,0.0,0.0
202203102115,0.0,0.0
202203102155,0.0,0.0
202203102215,,2.1
202203102230,0.0,0.0
202203102255,0.0,0.0
202203102315,0.0,0.0
202203102335,0.0,0.0
202203102355,0.0,0.0
202203110015,0.0,0.0
202203110035,0.0,0.0
202203110055,0.0,0.0
202203110115,0.0,0.0
202203110135,0.0,0.0
202203110215,0.0,0.0
202203110235,0.0,0.0
202203110255,0.0,0.0
202203110315,0.0,0.0
202203110335,0.0,0.0
202203110355,0.0,0.0
202203110415,0.0,0.0
202203110435,220.0,1.5
202203110455,0.0,0.0
202203110510,220.0,2.1
202203110535,0.0,0.0
202203110555,0.0,0.0
202203110615,210.0,1.5
202203110635,0.0,0.0
202203110655,0.0,0.0
202203110715,0.0,0.0
202203110735,0.0,0.0
202203110755,0.0,0.0
202203110815,0.0,0.0
202203110835,180.0,1.5
202203110855,200.0,1.5
202203110915,210.0,1.5
202203110935,0.0,0.0
202203110955,210.0,2.1
202203111015,210.0,1.5
202203111035,0.0,0.0
202203111055,0.0,0.0
202203111115,0.0,0.0
202203111135,0.0,0.0
202203111155,0.0,0.0
202203111215,0.0,0.0
202203111235,0.0,0.0
202203111255,0.0,0.0
202203111335,0.0,0.0
202203111355,0.0,0.0
202203111455,0.0,0.0
202203111515,0.0,0.0
202203111535,0.0,0.0
202203111555,270.0,2.1
202203111615,220.0,2.6
202203111635,210.0,3.6
202203111655,220.0,3.6
202203111715,220.0,2.6
202203111735,220.0,5.7
202203111755,230.0,3.6
202203111815,210.0,4.6
202203111830,230.0,4.6
202203111855,250.0,4.1
202203111935,,2.6
202203111955,230.0,4.6
202203112015,200.0,3.6
202203112035,190.0,4.6
202203112050,200.0,4.1
202203112135,210.0,3.1
202203112155,210.0,3.1
202203112215,,1.5
202203112235,210.0,3.6
202203112315,190.0,2.6
202203112335,190.0,2.6
202203112355,170.0,2.6
202203120015,,2.1
202203120035,0.0,0.0
202203120055,0.0,0.0
202203120115,0.0,0.0
202203120130,0.0,0.0
202203120210,210.0,2.1
202203120230,,2.1
202203120255,210.0,3.1
202203120315,210.0,2.1
202203120335,330.0,2.6
202203120355,330.0,4.1
202203120415,320.0,5.7
202203120435,310.0,4.6
202203120450,310.0,8.2
202203120515,330.0,7.2
202203120535,330.0,7.7
202203120555,,8.2
202203120615,,5.7
202203120630,10.0,3.6
202203120655,10.0,4.1
202203120715,,
202203120730,,
202203120755,,
202203120815,,
202203120830,,
202203120915,,
202203120935,,
202203120955,,
202203121015,,
202203121035,,
202203121055,,
202203121110,,
202203121130,,
202203121155,,
202203121235,,
202203121255,,
202203121310,,
202203121335,,
202203121355,,
202203121415,,
202203121455,,
202203121515,,
202203121555,300.0,7.2
202203121615,290.0,7.2
202203121635,310.0,6.7
202203121655,320.0,5.7
202203121710,330.0,6.2
202203121735,310.0,4.6
202203121755,330.0,5.7
202203121815,340.0,5.7
202203121835,310.0,6.7
202203121855,320.0,5.7
202203121915,330.0,8.2
202203121935,320.0,8.2
202203121955,330.0,8.2
202203122015,320.0,7.2
202203122030,350.0,6.7
202203122055,330.0,7.2
202203122115,350.0,6.2
202203122155,340.0,4.6
202203122215,330.0,5.7
202203122235,340.0,4.6
202203122255,350.0,4.1
202203122315,320.0,4.1
202203122335,300.0,4.6
202203122355,0.0,0.0
202203130015,310.0,3.6
202203130055,0.0,0.0
202203130115,,1.5
202203130130,320.0,3.1
202203130155,,2.1
202203130235,0.0,0.0
202203130315,0.0,0.0
202203130335,0.0,0.0
202203130355,340.0,1.5
202203130415,0.0,0.0
202203130435,340.0,2.1
202203130455,0.0,0.0
202203130515,0.0,0.0
202203130530,0.0,0.0
202203130550,0.0,0.0
202203130615,0.0,0.0
202203130635,0.0,0.0
202203130655,0.0,0.0
202203130715,0.0,0.0
202203130735,0.0,0.0
202203130755,0.0,0.0
202203130815,0.0,0.0
202203130835,0.0,0.0
202203130855,0.0,0.0
202203130915,0.0,0.0
202203130935,0.0,0.0
202203130955,0.0,0.0
202203131035,0.0,0.0
202203131055,0.0,0.0
202203131115,0.0,0.0
202203131135,0.0,0.0
202203131155,0.0,0.0
202203131215,0.0,0.0
202203131235,0.0,0.0
202203131255,0.0,0.0
202203131315,0.0,0.0
202203131330,0.0,0.0
202203131355,0.0,0.0
202203131415,190.0,1.5
202203131435,0.0,0.0
202203131450,,1.5
202203131515,,2.6
202203131535,210.0,3.6
202203131555,210.0,4.6
202203131615,190.0,3.1
202203131635,,2.1
202203131650,200.0,2.6
202203131715,200.0,3.6
202203131735,,3.1
202203131750,200.0,3.6
202203131815,190.0,4.1
202203131835,,3.1
202203131850,150.0,3.1
202203131915,190.0,4.1
202203131935,190.0,4.1
202203131955,180.0,4.1
202203132010,,
202203132035,,2.6
202203132055,200.0,5.1
202203132115,200.0,4.1
202203132130,200.0,4.6
202203132155,180.0,4.6
202203132210,190.0,4.1
202203132230,210.0,5.1
202203132255,170.0,4.1
202203132315,,2.6
202203132335,180.0,3.1
202203132355,170.0,1.5
202203140015,180.0,2.1
202203140035,180.0,1.5
202203140055,200.0,3.1
202203140110,200.0,2.6
202203140135,200.0,2.1
202203140155,210.0,2.6
202203140215,210.0,2.1
202203140235,220.0,2.1
202203140255,210.0,1.5
202203140315,200.0,2.1
202203140335,210.0,2.6
202203140355,210.0,1.5
202203140415,200.0,2.1
202203140435,220.0,2.1
202203140535,0.0,0.0
202203140555,0.0,0.0
202203140615,0.0,0.0
202203140635,0.0,0.0
202203140655,0.0,0.0
202203140715,0.0,0.0
202203140735,0.0,0.0
202203140755,0.0,0.0
202203140815,0.0,0.0
202203140835,0.0,0.0
202203140855,0.0,0.0
202203140910,0.0,0.0
202203140935,0.0,0.0
202203140955,0.0,0.0
202203141015,0.0,0.0
202203141035,0.0,0.0
202203141050,0.0,0.0
202203141115,0.0,0.0
202203141135,0.0,0.0
202203141155,0.0,0.0
202203141215,0.0,0.0
202203141235,0.0,0.0
202203141315,0.0,0.0
202203141335,0.0,0.0
202203141350,0.0,0.0
202203141415,0.0,0.0
202203141435,0.0,0.0
202203141515,,2.6
202203141535,,2.6
202203141555,230.0,2.6
202203141615,240.0,3.1
202203141635,210.0,3.6
202203141655,200.0,3.6
202203141715,,2.1
202203141735,230.0,4.1
202203141755,,3.1
202203141815,170.0,3.1
202203141835,,
202203141855,220.0,3.1
202203141915,160.0,3.6
202203141935,200.0,4.6
202203141955,220.0,4.1
202203142035,210.0,5.1
202203142055,210.0,6.2
202203142110,190.0,4.1
202203142135,,
202203142155,210.0,5.7
202203142255,210.0,6.2
202203142315,210.0,4.6
202203142335,200.0,3.1
202203142350,200.0,3.6
202203150015,200.0,2.1
202203150035,210.0,2.6
202203150055,220.0,1.5
202203150115,0.0,0.0
202203150135,,2.1
202203150155,,2.1
202203150235,0.0,0.0
202203150255,0.0,0.0
202203150315,0.0,0.0
202203150335,0.0,0.0
202203150355,0.0,0.0
202203150415,0.0,0.0
202203150435,0.0,0.0
202203150455,0.0,0.0
202203150510,0.0,0.0
202203150535,0.0,0.0
202203150555,0.0,0.0
202203150615,0.0,0.0
202203150635,0.0,0.0
202203150655,0.0,0.0
202203150715,0.0,0.0
202203150730,0.0,0.0
202203150755,0.0,0.0
202203150815,0.0,0.0
202203150830,0.0,0.0
202203150855,0.0,0.0
202203150910,0.0,0.0
202203150930,0.0,0.0
202203150955,0.0,0.0
202203151015,0.0,0.0
202203151035,0.0,0.0
202203151055,0.0,0.0
202203151115,0.0,0.0
202203151135,0.0,0.0
202203151155,0.0,0.0
202203151215,0.0,0.0
202203151235,0.0,0.0
202203151315,0.0,0.0
202203151335,0.0,0.0
202203151355,0.0,0.0
202203151430,10.0,2.1
202203151455,,2.1
202203151515,0.0,0.0
202203151535,10.0,2.1
202203151555,,1.5
202203151615,0.0,0.0
202203151635,0.0,0.0
202203151650,,1.5
202203151715,0.0,0.0
202203151735,30.0,1.5
202203151755,0.0,0.0
202203151815,0.0,0.0
202203151835,350.0,2.1
202203151855,0.0,0.0
202203151915,0.0,0.0
202203151935,0.0,0.0
202203151955,0.0,0.0
202203152015,0.0,0.0
202203152035,0.0,0.0
202203152115,,2.1
202203152135,,1.5
202203152215,40.0,2.1
202203152235,40.0,1.5
202203152255,0.0,0.0
202203152315,40.0,1.5
202203152335,0.0,0.0
202203152355,0.0,0.0
202203160015,50.0,1.5
202203160035,50.0,1.5
202203160055,0.0,0.0
202203160110,0.0,0.0
202203160135,40.0,2.1
202203160155,,2.1
202203160215,50.0,2.1
202203160255,0.0,0.0
202203160315,40.0,1.5
202203160335,0.0,0.0
202203160355,0.0,0.0
202203160415,50.0,1.5
202203160435,0.0,0.0
202203160455,0.0,0.0
202203160515,0.0,0.0
202203160530,40.0,1.5
202203160555,40.0,2.1
202203160615,0.0,0.0
202203160635,0.0,0.0
202203160650,0.0,0.0
202203160710,0.0,0.0
202203160730,0.0,0.0
202203160750,0.0,0.0
202203160810,0.0,0.0
202203160830,0.0,0.0
202203160850,,1.5
202203160910,0.0,0.0
202203160930,40.0,1.5
202203160950,40.0,2.6
202203161010,,3.1
202203161035,30.0,1.5
202203161055,30.0,3.6
202203161115,40.0,3.1
202203161135,40.0,3.1
202203161155,30.0,4.1
202203161215,30.0,3.1
202203161235,40.0,2.1
202203161255,40.0,2.6
202203161310,40.0,3.1
202203161335,40.0,2.1
202203161350,30.0,3.6
202203161415,30.0,3.1
202203161435,30.0,3.6
202203161455,,2.6
202203161515,30.0,3.1
202203161535,10.0,2.6
202203161555,0.0,0.0
202203161615,350.0,2.1
202203161635,0.0,0.0
202203161655,,1.5
202203161715,,2.1
202203161735,0.0,0.0
202203161755,0.0,0.0
202203161810,,1.5
202203161835,,1.5
202203161855,0.0,0.0
202203161915,,2.6
202203161935,,1.5
202203161950,0.0,0.0
202203162015,210.0,2.6
202203162035,210.0,3.6
202203162055,230.0,3.6
202203162115,240.0,3.6
202203162130,240.0,3.6
202203162150,200.0,3.1
202203162210,210.0,3.6
202203162230,210.0,3.1
202203162255,210.0,4.6
202203162310,230.0,3.6
202203162330,240.0,3.1
202203162350,240.0,3.1
202203170010,240.0,3.6
202203170030,210.0,2.6
202203170055,200.0,2.1
202203170115,200.0,2.1
202203170135,220.0,3.1
202203170155,240.0,3.6
202203170215,230.0,3.1
202203170235,250.0,1.5
202203170255,0.0,0.0
202203170315,0.0,0.0
202203170335,0.0,0.0
202203170355,200.0,2.1
202203170415,0.0,0.0
202203170435,0.0,0.0
202203170455,0.0,0.0
202203170515,0.0,0.0
202203170535,0.0,0.0
202203170555,0.0,0.0
202203170615,0.0,0.0
202203170635,0.0,0.0
202203170715,190.0,2.1
202203170735,200.0,1.5
202203170755,0.0,0.0
202203170815,0.0,0.0
202203170835,0.0,0.0
202203170855,0.0,0.0
202203170915,0.0,0.0
202203170930,0.0,0.0
202203170955,0.0,0.0
202203171015,0.0,0.0
202203171035,0.0,0.0
202203171055,0.0,0.0
202203171115,0.0,0.0
202203171135,0.0,0.0
202203171150,0.0,0.0
202203171210,0.0,0.0
202203171235,190.0,1.5
202203171255,200.0,1.5
202203171310,240.0,2.6
202203171335,0.0,0.0
202203171350,220.0,2.1
202203171415,180.0,2.6
202203171430,170.0,2.1
202203171450,210.0,3.6
202203171535,0.0,0.0
202203171555,0.0,0.0
202203171615,0.0,0.0
202203171635,0.0,0.0
202203171650,,1.5
202203171715,250.0,2.1
202203171735,0.0,0.0
202203171755,,2.1
202203171815,280.0,3.6
202203171835,0.0,0.0
202203171850,0.0,0.0
202203171915,0.0,0.0
202203171935,220.0,3.6
202203171955,0.0,0.0
202203172015,,2.1
202203172035,,
202203172055,220.0,2.6
202203172115,130.0,1.5
202203172135,,2.6
202203172155,240.0,2.6
202203172215,210.0,2.1
202203172235,220.0,2.6
202203172255,210.0,2.6
202203172310,200.0,2.1
202203172335,140.0,2.1
202203172355,0.0,0.0
202203180015,0.0,0.0
202203180035,0.0,0.0
202203180050,0.0,0.0
202203180115,0.0,0.0
202203180135,0.0,0.0
202203180155,0.0,0.0
202203180215,0.0,0.0
202203180235,0.0,0.0
202203180255,0.0,0.0
202203180310,0.0,0.0
202203180330,0.0,0.0
202203180355,0.0,0.0
202203180415,0.0,0.0
202203180430,0.0,0.0
202203180450,0.0,0.0
202203180500,0.0,0.0
202203180555,0.0,0.0
202203180615,0.0,0.0
202203180635,0.0,0.0
202203180655,0.0,0.0
202203180715,0.0,0.0
202203180735,0.0,0.0
202203180755,0.0,0.0
202203180815,210.0,1.5
202203180835,0.0,0.0
202203180855,0.0,0.0
202203180915,0.0,0.0
202203180955,0.0,0.0
202203181015,0.0,0.0
202203181035,0.0,0.0
202203181115,0.0,0.0
202203181135,0.0,0.0
202203181155,0.0,0.0
202203181215,0.0,0.0
202203181235,0.0,0.0
202203181255,10.0,2.1
202203181335,0.0,0.0
202203181355,0.0,0.0
202203181415,0.0,0.0
202203181435,0.0,0.0
202203181455,0.0,0.0
202203181515,0.0,0.0
202203181535,250.0,2.1
202203181555,220.0,4.6
202203181615,,3.1
202203181635,190.0,3.6
202203181655,,1.5
202203181715,220.0,2.6
202203181735,200.0,2.1
202203181755,220.0,1.5
202203181815,,2.1
202203181835,200.0,4.1
202203181855,200.0,4.1
202203181915,200.0,4.6
202203181935,,
202203181955,210.0,5.7
202203182015,200.0,4.6
202203182035,180.0,6.2
202203182055,180.0,5.7
202203182115,,
202203182135,190.0,5.7
202203182155,190.0,3.6
202203182215,180.0,3.6
202203182235,210.0,4.1
202203182255,190.0,5.7
202203182315,190.0,4.1
202203182335,200.0,4.1
202203182355,200.0,5.1
202203190015,200.0,3.6
202203190035,190.0,5.7
202203190055,190.0,4.1
202203190115,180.0,4.6
202203190135,200.0,5.1
202203190155,190.0,4.1
202203190215,200.0,4.1
202203190255,210.0,3.6
202203190315,190.0,4.1
202203190335,190.0,3.1
202203190355,190.0,5.1
202203190415,190.0,4.6
202203190515,190.0,3.6
202203190535,220.0,6.7
202203190555,200.0,4.1
202203190615,190.0,4.1
202203190635,200.0,3.6
202203190655,,2.6
202203190715,210.0,4.6
202203190735,200.0,5.1
202203190755,190.0,4.1
202203190815,200.0,4.1
202203190835,210.0,4.6
202203190855,240.0,8.7
202203190915,230.0,6.2
202203191015,240.0,6.2
202203191035,240.0,5.7
202203191055,240.0,6.2
202203191115,230.0,5.7
202203191155,230.0,5.7
202203191215,240.0,5.1
202203191235,210.0,4.1
202203191255,210.0,4.6
202203191315,220.0,4.6
202203191335,220.0,5.7
202203191415,200.0,5.7
202203191435,210.0,4.6
202203191455,210.0,3.6
202203191510,220.0,6.2
202203191535,210.0,6.2
202203191555,200.0,5.7
202203191615,220.0,7.2
202203191635,210.0,6.2
202203191655,230.0,6.7
202203191715,230.0,5.7
202203191735,240.0,5.1
202203191750,260.0,5.1
202203191815,250.0,6.2
202203191835,250.0,6.2
202203191855,240.0,6.7
202203191915,240.0,6.2
202203191935,250.0,7.2
202203191955,280.0,5.7
202203192055,250.0,5.1
202203192115,280.0,3.1
202203192135,270.0,4.6
202203192155,240.0,3.1
202203192215,250.0,6.2
202203192235,280.0,4.1
202203192255,290.0,3.6
202203192315,270.0,4.1
202203192335,280.0,3.1
202203192355,270.0,4.6
202203200015,260.0,5.1
202203200035,280.0,3.1
202203200055,280.0,3.1
202203200135,280.0,2.1
202203200155,,2.1
202203200215,0.0,0.0
202203200235,,2.1
202203200255,,1.5
202203200315,310.0,1.5
202203200335,0.0,0.0
202203200355,320.0,2.1
202203200415,330.0,2.1
202203200435,330.0,2.1
202203200455,0.0,0.0
202203200515,0.0,0.0
202203200530,0.0,0.0
202203200550,0.0,0.0
202203200610,0.0,0.0
202203200635,0.0,0.0
202203200650,0.0,0.0
202203200755,0.0,0.0
202203200815,0.0,0.0
202203200835,0.0,0.0
202203200855,0.0,0.0
202203200915,0.0,0.0
202203200935,0.0,0.0
202203200955,0.0,0.0
202203201015,0.0,0.0
202203201035,0.0,0.0
202203201055,0.0,0.0
202203201115,0.0,0.0
202203201135,0.0,0.0
202203201155,0.0,0.0
202203201210,0.0,0.0
202203201235,0.0,0.0
202203201255,0.0,0.0
202203201315,0.0,0.0
202203201335,0.0,0.0
202203201355,0.0,0.0
202203201415,0.0,0.0
202203201435,200.0,2.1
202203201455,,2.1
202203201515,280.0,3.1
202203201535,,2.1
202203201555,,2.1
202203201615,,2.6
202203201635,,3.1
202203201655,330.0,4.1
202203201715,,2.6
202203201735,,3.1
202203201755,,3.1
202203201815,350.0,4.6
202203201835,10.0,4.6
202203201855,10.0,5.1
202203201915,340.0,5.7
202203201935,350.0,4.6
202203201955,,4.1
202203202015,,4.6
202203202035,,5.7
202203202055,,3.1
202203202115,300.0,3.6
202203202135,320.0,3.6
202203202155,,4.1
202203202215,350.0,4.1
202203202230,,1.5
202203202255,320.0,1.5
202203202315,310.0,3.6
202203202335,,2.1
202203202355,0.0,0.0
202203210015,0.0,0.0
202203210035,0.0,0.0
202203210055,0.0,0.0
202203210135,0.0,0.0
202203210155,0.0,0.0
202203210215,0.0,0.0
202203210235,0.0,0.0
202203210255,0.0,0.0
202203210315,200.0,1.5
202203210335,0.0,0.0
202203210355,0.0,0.0
202203210415,0.0,0.0
202203210435,0.0,0.0
202203210455,0.0,0.0
202203210515,0.0,0.0
202203210535,0.0,0.0
202203210550,0.0,0.0
202203210615,0.0,0.0
202203210635,0.0,0.0
202203210655,0.0,0.0
202203210715,0.0,0.0
202203210735,0.0,0.0
202203210755,0.0,0.0
202203210815,0.0,0.0
202203210835,0.0,0.0
202203210855,0.0,0.0
202203210935,0.0,0.0
202203210955,0.0,0.0
202203211015,0.0,0.0
202203211035,0.0,0.0
202203211055,0.0,0.0
202203211155,0.0,0.0
202203211215,0.0,0.0
202203211235,0.0,0.0
202203211255,0.0,0.0
202203211315,0.0,0.0
202203211335,0.0,0.0
202203211355,0.0,0.0
202203211415,0.0,0.0
202203211435,0.0,0.0
202203211455,0.0,0.0
202203211515,0.0,0.0
202203211535,0.0,0.0
202203211555,0.0,0.0
202203211615,0.0,0.0
202203211635,,3.1
202203211655,200.0,3.6
202203211715,210.0,3.1
202203211735,,1.5
202203211755,230.0,3.6
202203211815,200.0,3.6
202203211835,160.0,4.1
202203211855,,2.6
202203211910,250.0,2.6
202203211955,170.0,3.1
202203212015,210.0,4.1
202203212035,230.0,3.1
202203212055,200.0,4.6
202203212135,,3.1
202203212155,210.0,4.6
202203212215,200.0,4.6
202203212235,200.0,3.6
202203212255,200.0,3.1
202203212355,200.0,2.1
202203220010,200.0,2.1
202203220035,190.0,2.1
202203220055,180.0,2.1
202203220110,180.0,2.6
202203220155,0.0,0.0
202203220210,0.0,0.0
202203220235,0.0,0.0
202203220255,0.0,0.0
202203220315,0.0,0.0
202203220335,0.0,0.0
202203220355,0.0,0.0
202203220415,0.0,0.0
202203220435,0.0,0.0
202203220450,0.0,0.0
202203220540,180.0,3.1
202203221030,0.0,0.0
202203221110,0.0,0.0
202203221410,0.0,0.0
202203221435,200.0,4.6
202203221450,210.0,6.2
202203221515,,3.1
202203221535,200.0,5.7
202203221555,200.0,5.1
202203221615,210.0,5.7
202203221635,190.0,5.1
202203221655,200.0,5.7
202203221715,180.0,4.1
202203221735,200.0,6.2
202203221750,180.0,4.1
202203221815,180.0,6.2
202203221835,190.0,5.1
202203221855,170.0,5.7
202203221915,190.0,3.6
202203221935,190.0,6.2
202203222010,140.0,5.7
202203222035,160.0,5.1
202203222055,190.0,6.2
202203222115,160.0,4.1
202203222155,170.0,3.6
202203222210,180.0,4.6
202203222230,180.0,3.6
202203222255,180.0,3.6
202203222315,200.0,3.1
202203222335,,3.1
202203222355,,3.1
202203230015,150.0,2.6
202203230035,,2.6
202203230055,,3.1
202203230115,,3.1
202203230135,170.0,3.6
202203230155,180.0,4.6
202203230235,180.0,4.6
202203230250,170.0,4.1
202203230310,160.0,5.7
202203230335,160.0,4.6
202203230355,180.0,5.1
202203230435,200.0,3.6
202203230455,210.0,3.6
202203230510,0.0,0.0
202203230535,0.0,0.0
202203230555,20.0,3.1
202203230610,,2.1
202203230635,0.0,0.0
202203230655,,1.5
202203230715,,3.1
202203230735,170.0,4.6
202203230750,180.0,4.1
202203230815,200.0,3.6
202203230835,170.0,5.1
202203230855,160.0,2.1
202203230915,,2.1
202203230935,,3.1
202203230955,180.0,2.6
202203231015,160.0,3.1
202203231035,190.0,4.6
202203231055,180.0,3.6
202203231115,180.0,4.6
202203231135,180.0,4.1
202203231155,170.0,4.6
202203231215,180.0,5.1
202203231230,190.0,4.1
202203231335,180.0,8.2
202203231355,190.0,7.7
202203231415,190.0,7.7
202203231455,210.0,6.2
202203231515,200.0,5.7
202203231535,190.0,7.2
202203231555,210.0,8.7
202203231615,200.0,8.2
202203231635,180.0,7.2
202203231650,210.0,8.7
202203231715,210.0,12.3
202203231735,200.0,9.8
202203231755,210.0,11.3
202203231810,210.0,8.7
202203231835,220.0,10.3
202203231850,230.0,10.8
202203231915,220.0,13.4
202203231935,220.0,12.3
202203231955,220.0,9.8
202203232015,220.0,11.3
202203232030,210.0,11.3
202203232055,220.0,12.9
202203232115,220.0,11.8
202203232130,220.0,11.8
202203232155,210.0,10.3
202203232215,230.0,7.7
202203232235,220.0,6.7
202203232255,230.0,9.3
202203232315,230.0,8.2
202203232335,230.0,9.3
202203232355,250.0,9.8
202203240015,250.0,6.7
202203240035,240.0,8.7
202203240055,260.0,8.2
202203240115,250.0,8.2
202203240135,240.0,8.7
202203240155,250.0,6.7
202203240215,250.0,4.6
202203240235,250.0,6.7
202203240255,220.0,3.1
202203240315,200.0,2.1
202203240335,200.0,2.1
202203240355,220.0,3.1
202203240415,,2.1
202203240435,290.0,2.6
202203240515,270.0,3.1
202203240535,240.0,3.1
202203240555,0.0,0.0
202203240615,0.0,0.0
202203240635,0.0,0.0
202203240655,0.0,0.0
202203240715,0.0,0.0
202203240735,0.0,0.0
202203240750,0.0,0.0
202203240815,0.0,0.0
202203240855,0.0,0.0
202203240935,0.0,0.0
202203240955,0.0,0.0
202203241015,0.0,0.0
202203241035,0.0,0.0
202203241055,0.0,0.0
202203241115,0.0,0.0
202203241155,0.0,0.0
202203241215,0.0,0.0
202203241235,0.0,0.0
202203241255,0.0,0.0
202203241315,0.0,0.0
202203241335,0.0,0.0
202203241355,0.0,0.0
202203241415,0.0,0.0
202203241435,0.0,0.0
202203241450,0.0,0.0
202203241515,0.0,0.0
202203241530,0.0,0.0
202203241555,210.0,2.1
202203241615,,2.1
202203241635,230.0,5.7
202203241655,250.0,4.6
202203241715,240.0,4.1
202203241735,210.0,6.7
202203241755,,2.6
202203241815,210.0,4.6
202203241835,230.0,8.2
202203241855,210.0,7.2
202203241915,220.0,5.7
202203241935,240.0,8.7
202203241955,250.0,7.2
202203242015,220.0,6.7
202203242035,220.0,7.7
202203242055,240.0,8.2
202203242110,230.0,8.2
202203242135,230.0,6.2
202203242155,270.0,5.1
202203242215,230.0,6.7
202203242235,250.0,5.7
202203242255,230.0,4.6
202203242315,240.0,5.1
202203242330,230.0,4.6
202203242355,230.0,3.6
202203250015,230.0,3.1
202203250035,230.0,2.1
202203250055,210.0,1.5
202203250115,210.0,2.1
202203250135,0.0,0.0
202203250235,0.0,0.0
202203250255,0.0,0.0
202203250315,0.0,0.0
202203250335,0.0,0.0
202203250355,0.0,0.0
202203250415,0.0,0.0
202203250435,0.0,0.0
202203250455,0.0,0.0
202203250515,0.0,0.0
202203250535,0.0,0.0
202203250615,0.0,0.0
202203250630,0.0,0.0
202203250655,0.0,0.0
202203250715,0.0,0.0
202203250735,330.0,2.1
202203250755,0.0,0.0
202203250815,0.0,0.0
202203250830,0.0,0.0
202203250855,0.0,0.0
202203250915,0.0,0.0
202203250935,0.0,0.0
202203250955,0.0,0.0
202203251010,0.0,0.0
202203251035,0.0,0.0
202203251055,0.0,0.0
202203251115,0.0,0.0
202203251130,0.0,0.0
202203251155,0.0,0.0
202203251215,0.0,0.0
202203251235,0.0,0.0
202203251255,0.0,0.0
202203251315,,2.6
202203251335,290.0,4.1
202203251355,300.0,3.1
202203251415,260.0,3.1
202203251435,290.0,4.6
202203251455,300.0,4.1
202203251515,250.0,4.6
202203251535,290.0,4.6
202203251555,290.0,3.1
202203251615,270.0,4.1
202203251635,230.0,5.1
202203251655,270.0,4.6
202203251715,250.0,5.1
202203251730,250.0,4.6
202203251755,280.0,3.6
202203251815,260.0,4.6
202203251835,280.0,4.6
202203251855,290.0,4.1
202203251915,240.0,4.1
202203251935,240.0,5.1
202203251955,270.0,5.1
202203252015,260.0,5.1
202203252035,270.0,4.6
202203252055,290.0,4.1
202203252115,260.0,5.1
202203252135,,2.6
202203252155,240.0,3.1
202203252215,,2.6
202203252235,260.0,2.1
202203252255,,1.5
202203252315,270.0,4.1
202203252335,280.0,2.6
202203252355,270.0,2.6
202203260035,0.0,0.0
202203260050,0.0,0.0
202203260115,0.0,0.0
202203260135,0.0,0.0
202203260215,0.0,0.0
202203260230,0.0,0.0
202203260255,0.0,0.0
202203260315,0.0,0.0
202203260335,0.0,0.0
202203260355,0.0,0.0
202203260415,220.0,1.5
202203260435,0.0,0.0
202203260455,0.0,0.0
202203260515,0.0,0.0
202203260535,0.0,0.0
202203260555,0.0,0.0
202203260615,0.0,0.0
202203260635,190.0,1.5
202203260655,210.0,1.5
202203260715,0.0,0.0
202203260755,210.0,2.6
202203260815,210.0,2.1
202203260835,190.0,1.5
202203260855,200.0,1.5
202203260915,200.0,1.5
202203260935,0.0,0.0
202203260955,0.0,0.0
202203261015,0.0,0.0
202203261035,0.0,0.0
202203261055,0.0,0.0
202203261115,0.0,0.0
202203261135,0.0,0.0
202203261155,0.0,0.0
202203261215,0.0,0.0
202203261235,0.0,0.0
202203261315,200.0,3.1
202203261335,200.0,3.1
202203261355,220.0,3.1
202203261415,270.0,5.1
202203261435,260.0,4.6
202203261455,280.0,6.7
202203261515,300.0,6.2
202203261535,300.0,7.7
202203261555,290.0,7.2
202203261615,310.0,8.7
202203261655,310.0,6.2
202203261715,250.0,7.2
202203261735,300.0,4.6
202203261755,290.0,8.2
202203261815,270.0,6.7
202203261835,320.0,8.2
202203261855,270.0,6.2
202203261910,270.0,6.7
202203261935,320.0,7.2
202203261955,290.0,6.7
202203262010,320.0,8.2
202203262035,260.0,6.7
202203262055,270.0,8.2
202203262115,280.0,7.7
202203262135,300.0,5.7
202203262155,300.0,5.7
202203262215,300.0,7.7
202203262235,300.0,6.2
202203262255,320.0,6.7
202203262315,320.0,3.6
202203262335,310.0,4.1
202203262355,300.0,5.1
202203270015,300.0,3.6
202203270035,310.0,3.1
202203270055,340.0,3.1
202203270115,320.0,2.6
202203270135,,2.6
202203270215,0.0,0.0
202203270235,,1.5
202203270255,0.0,0.0
202203270315,0.0,0.0
202203270335,300.0,1.5
202203270355,,2.6
202203270415,10.0,1.5
202203270435,0.0,0.0
202203270455,340.0,2.1
202203270515,320.0,2.1
202203270535,340.0,2.1
202203270555,10.0,1.5
202203270615,30.0,2.1
202203270635,20.0,2.1
202203270655,0.0,0.0
202203270715,40.0,1.5
202203270735,0.0,0.0
202203270755,0.0,0.0
202203270815,0.0,0.0
202203270835,0.0,0.0
202203270855,0.0,0.0
202203270915,0.0,0.0
202203270935,0.0,0.0
202203270955,40.0,2.1
202203271015,20.0,1.5
202203271035,30.0,1.5
202203271055,0.0,0.0
202203271115,0.0,0.0
202203271155,0.0,0.0
202203271215,0.0,0.0
202203271235,0.0,0.0
202203271315,350.0,4.6
202203271355,350.0,5.1
202203271415,340.0,4.1
202203271435,10.0,4.1
202203271450,,3.1
202203271515,340.0,4.6
202203271535,0.0,0.0
202203271555,330.0,3.6
202203271615,,2.6
202203271635,,3.6
202203271655,,4.6
202203271715,10.0,4.1
202203271735,0.0,0.0
202203271755,350.0,4.1
202203271815,290.0,4.1
202203271835,300.0,4.1
202203271855,330.0,4.6
202203271915,330.0,6.2
202203271935,330.0,5.7
202203271950,350.0,6.2
202203272015,340.0,3.6
202203272035,,4.6
202203272055,,3.1
202203272115,300.0,5.1
202203272135,,3.1
202203272155,300.0,4.1
202203272215,310.0,4.1
202203272250,300.0,3.6
202203272315,310.0,4.1
202203272335,320.0,2.1
202203272355,330.0,3.1
202203280015,340.0,3.1
202203280035,350.0,2.1
202203280055,340.0,2.6
202203280110,330.0,3.1
202203280135,350.0,3.1
202203280155,350.0,2.6
202203280215,10.0,2.6
202203280235,,3.1
202203280255,350.0,3.1
202203280335,20.0,2.1
202203280355,330.0,2.1
202203280415,0.0,0.0
202203280435,0.0,0.0
202203280455,0.0,0.0
202203280515,0.0,0.0
202203280530,0.0,0.0
202203280555,10.0,1.5
202203280615,40.0,1.5
202203280635,30.0,2.1
202203280655,10.0,2.6
202203280715,,1.5
202203280730,10.0,2.1
202203280755,,2.1
202203280815,0.0,0.0
202203280835,0.0,0.0
202203280855,0.0,0.0
202203280915,20.0,2.1
202203280935,30.0,1.5
202203280955,30.0,1.5
202203281015,30.0,1.5
202203281035,30.0,2.6
202203281055,20.0,2.6
202203281115,20.0,2.6
202203281135,20.0,2.6
202203281150,20.0,2.6
202203281215,20.0,3.6
202203281235,20.0,3.1
202203281255,20.0,3.6
202203281335,10.0,5.1
202203281355,20.0,4.6
202203281415,10.0,4.1
202203281435,40.0,4.1
202203281455,20.0,4.1
202203281515,10.0,3.6
202203281535,,3.1
202203281555,30.0,4.1
202203281615,,1.5
202203281635,40.0,4.1
202203281655,40.0,4.1
202203281715,30.0,3.6
202203281735,50.0,2.6
202203281755,,3.6
202203281815,,3.1
202203281850,40.0,2.6
202203281915,30.0,2.6
202203281935,,2.6
202203281955,,
202203282015,,
202203282035,,2.6
202203282055,40.0,2.6
202203282115,0.0,0.0
202203282135,,1.5
202203282155,,1.5
202203282215,,2.1
202203282255,0.0,0.0
202203282315,0.0,0.0
202203282335,0.0,0.0
202203282355,0.0,0.0
202203290015,0.0,0.0
202203290035,0.0,0.0
202203290050,0.0,0.0
202203290115,0.0,0.0
202203290135,0.0,0.0
202203290155,0.0,0.0
202203290230,0.0,0.0
202203290255,0.0,0.0
202203290335,0.0,0.0
202203290350,0.0,0.0
202203290435,0.0,0.0
202203290455,0.0,0.0
202203290515,0.0,0.0
202203290535,0.0,0.0
202203290615,0.0,0.0
202203290635,40.0,2.1
202203290655,40.0,2.1
202203290715,30.0,2.6
202203290735,0.0,0.0
202203290755,40.0,1.5
202203290815,0.0,0.0
202203290835,0.0,0.0
202203290855,0.0,0.0
202203290915,0.0,0.0
202203290935,40.0,1.5
202203290955,50.0,2.1
202203291015,40.0,1.5
202203291035,0.0,0.0
202203291055,0.0,0.0
202203291115,30.0,2.1
202203291135,0.0,0.0
202203291155,0.0,0.0
202203291215,,2.1
202203291235,0.0,0.0
202203291255,0.0,0.0
202203291315,0.0,0.0
202203291335,,1.5
202203291355,0.0,0.0
202203291415,0.0,0.0
202203291435,0.0,0.0
202203291455,0.0,0.0
202203291515,0.0,0.0
202203291535,0.0,0.0
202203291550,,1.5
202203291615,,1.5
202203291635,0.0,0.0
202203291655,210.0,3.1
202203291735,200.0,4.1
202203291755,190.0,4.6
202203291815,210.0,5.7
202203291835,220.0,5.1
202203291855,210.0,4.6
202203291915,220.0,3.6
202203291935,200.0,6.2
202203291955,200.0,3.6
202203292015,200.0,6.2
202203292035,,
202203292055,190.0,5.1
202203292115,200.0,7.2
202203292135,210.0,6.7
202203292155,180.0,6.2
202203292215,190.0,5.1
202203292235,200.0,4.1
202203292255,200.0,3.6
202203292315,,3.1
202203292335,180.0,1.5
202203292355,180.0,2.1
202203300015,170.0,2.1
202203300035,160.0,2.1
202203300055,170.0,1.5
202203300115,,2.1
202203300135,160.0,1.5
202203300155,160.0,1.5
202203300215,0.0,0.0
202203300235,190.0,1.5
202203300255,0.0,0.0
202203300315,0.0,0.0
202203300335,0.0,0.0
202203300355,0.0,0.0
202203300415,0.0,0.0
202203300435,0.0,0.0
202203300455,0.0,0.0
202203300515,0.0,0.0
202203300535,0.0,0.0
202203300550,0.0,0.0
202203300615,0.0,0.0
202203300635,0.0,0.0
202203300655,0.0,0.0
202203300710,0.0,0.0
202203300735,,2.1
202203300755,180.0,4.1
202203300815,190.0,3.1
202203300830,210.0,2.6
202203300855,190.0,3.6
202203300910,180.0,3.1
202203300935,,3.1
202203300955,,2.1
202203301015,190.0,4.1
202203301035,,3.1
202203301050,240.0,2.1
202203301115,0.0,0.0
202203301135,0.0,0.0
202203301150,0.0,0.0
202203301215,0.0,0.0
202203301235,0.0,0.0
202203301255,0.0,0.0
202203301315,0.0,0.0
202203301330,,3.1
202203301350,190.0,4.1
202203301415,170.0,6.7
202203301435,190.0,4.1
202203301455,200.0,5.7
202203301510,200.0,6.2
202203301535,180.0,4.6
202203301555,210.0,6.7
202203301615,200.0,4.1
202203301630,200.0,7.7
202203301655,200.0,7.2
202203301715,190.0,7.7
202203301735,200.0,9.8
202203301755,180.0,8.7
202203301815,200.0,9.3
202203301835,190.0,7.7
202203301850,190.0,8.2
202203301910,180.0,8.2
202203301935,180.0,8.7
202203301950,180.0,7.7
202203302015,180.0,7.2
202203302030,190.0,7.2
202203302055,180.0,8.2
202203302115,180.0,6.7
202203302135,170.0,7.7
202203302155,180.0,7.2
202203302215,170.0,7.7
202203302235,160.0,7.2
202203302255,180.0,7.2
202203302315,180.0,7.2
202203302335,180.0,6.2
202203302350,170.0,7.2
202203310015,190.0,7.2
202203310030,180.0,5.7
202203310055,180.0,8.7
202203310115,180.0,5.7
202203310130,180.0,7.2
202203310155,170.0,7.2
202203310215,180.0,8.7
202203310235,180.0,8.7
202203310255,190.0,9.3
202203310315,190.0,8.7
202203310335,190.0,8.7
202203310355,190.0,9.3
202203310415,190.0,10.8
202203310435,200.0,7.2
202203310455,190.0,7.2
202203310515,180.0,8.7
202203310535,190.0,7.2
202203310555,190.0,5.1
202203310615,180.0,7.7
202203310635,190.0,6.7
202203310650,190.0,8.2
202203310710,180.0,5.7
202203310735,180.0,6.2
202203310755,180.0,6.7
202203310815,180.0,7.7
202203310835,180.0,7.2
202203310855,180.0,6.7
202203310915,210.0,5.1
202203310935,200.0,4.6
202203310955,190.0,7.2
202203311015,190.0,5.1
202203311035,190.0,5.7
202203311055,210.0,5.7
202203311115,190.0,5.7
202203311135,200.0,4.6
202203311155,210.0,4.6
202203311215,220.0,4.6
202203311235,220.0,5.1
202203311255,210.0,4.6
202203311310,220.0,4.6
202203311335,220.0,5.1
202203311355,220.0,7.2
202203311415,220.0,6.7
202203311435,220.0,6.2
202203311455,200.0,5.1
202203311515,210.0,7.7
202203311535,210.0,7.7
202203311555,220.0,7.2
202203311615,210.0,5.7
202203311635,200.0,4.1
202203311655,210.0,4.6
202203311715,260.0,5.1
202203311730,240.0,5.1
202203311755,230.0,7.2
202203311815,240.0,7.2
202203311835,270.0,8.2
202203311855,240.0,8.7
202203311915,230.0,8.7
202203311935,230.0,9.8
202203311955,230.0,8.7
202203312015,260.0,7.2
202203312035,240.0,7.2
202203312055,240.0,7.7
202203312115,250.0,5.7
202203312135,220.0,6.7
202203312210,240.0,6.7
202203312235,240.0,6.7
202203312255,240.0,4.6
202203312310,240.0,7.7
202203312335,240.0,5.7
202203312355,230.0,4.1
202204010015,230.0,3.6
202204010035,230.0,4.1
202204010115,240.0,4.6
202204010135,230.0,4.1
202204010155,220.0,4.1
202204010235,210.0,1.5
202204010255,210.0,2.1
202204010310,210.0,3.1
202204010335,210.0,8.2
202204010355,220.0,6.2
202204010415,220.0,4.6
202204010435,310.0,3.1
202204010455,310.0,2.1
202204010515,320.0,2.6
202204010535,320.0,3.1
202204010555,,1.5
202204010635,300.0,2.1
202204010655,0.0,0.0
202204010715,290.0,2.1
202204010735,0.0,0.0
202204010755,260.0,3.1
202204010815,270.0,2.6
202204010835,280.0,4.1
202204010855,280.0,3.6
202204010915,260.0,4.1
202204010935,310.0,2.6
202204010955,290.0,3.6
202204011015,300.0,4.1
202204011035,0.0,0.0
202204011055,310.0,2.1
202204011110,310.0,2.1
202204011135,0.0,0.0
202204011155,320.0,2.6
202204011215,330.0,2.1
202204011235,330.0,2.1
202204011255,330.0,3.1
202204011315,310.0,3.6
202204011330,330.0,2.1
202204011355,330.0,5.1
202204011435,300.0,3.6
202204011455,300.0,3.1
202204011515,290.0,3.1
202204011635,220.0,2.1
202204011655,260.0,3.6
202204011710,300.0,4.6
202204011735,,2.6
202204011755,0.0,0.0
202204011815,,1.5
202204011835,,3.1
202204011915,30.0,3.6
202204011935,,1.5
202204011955,,2.6
202204012015,,3.6
202204012035,,3.1
202204012055,0.0,0.0
202204012115,90.0,2.1
202204012135,,2.1
202204012155,350.0,2.6
202204012215,,2.1
202204012235,340.0,2.1
202204012255,20.0,2.6
202204012315,20.0,2.6
202204012330,30.0,2.1
202204012355,20.0,2.1
202204020015,0.0,0.0
202204020035,0.0,0.0
202204020050,0.0,0.0
202204020115,0.0,0.0
202204020130,0.0,0.0
202204020155,0.0,0.0
202204020215,0.0,0.0
202204020235,0.0,0.0
202204020255,0.0,0.0
202204020310,0.0,0.0
202204020335,0.0,0.0
202204020355,0.0,0.0
202204020415,0.0,0.0
202204020435,0.0,0.0
202204020455,0.0,0.0
202204020515,0.0,0.0
202204020530,0.0,0.0
202204020610,0.0,0.0
202204020645,0.0,0.0
202204021115,0.0,0.0
202204021135,0.0,0.0
202204021155,0.0,0.0
202204021215,0.0,0.0
202204021235,0.0,0.0
202204021255,0.0,0.0
202204021315,0.0,0.0
202204021335,20.0,2.1
202204021355,0.0,0.0
202204021415,0.0,0.0
202204021435,,2.1
202204021455,0.0,0.0
202204021555,,1.5
202204021615,230.0,2.6
202204021635,230.0,2.6
202204021655,220.0,3.6
202204021735,170.0,2.6
202204021755,210.0,3.1
202204021815,220.0,4.1
202204021830,220.0,4.6
202204021915,210.0,4.1
202204021935,190.0,2.6
202204021955,220.0,4.1
202204022010,220.0,3.6
202204022055,220.0,3.6
202204022115,180.0,2.1
202204022135,,2.6
202204022155,200.0,2.1
202204022215,200.0,2.6
202204022235,200.0,3.6
202204022255,210.0,2.6
202204022315,200.0,3.1
202204022335,200.0,2.6
202204022355,200.0,2.1
202204030015,190.0,1.5
202204030035,0.0,0.0
202204030055,210.0,2.1
202204030115,0.0,0.0
202204030135,0.0,0.0
202204030155,0.0,0.0
202204030215,0.0,0.0
202204030235,0.0,0.0
202204030255,0.0,0.0
202204030315,0.0,0.0
202204030335,0.0,0.0
202204030355,0.0,0.0
202204030415,0.0,0.0
202204030435,0.0,0.0
202204030455,0.0,0.0
202204030515,0.0,0.0
202204030535,0.0,0.0
202204030555,0.0,0.0
202204030615,0.0,0.0
202204030630,0.0,0.0
202204030655,0.0,0.0
202204030715,0.0,0.0
202204030735,0.0,0.0
202204030755,0.0,0.0
202204030815,0.0,0.0
202204030855,0.0,0.0
202204030910,320.0,2.6
202204030935,330.0,2.6
202204030955,350.0,2.1
202204031015,340.0,2.1
202204031035,10.0,2.6
202204031055,350.0,3.1
202204031115,340.0,3.6
202204031135,350.0,3.1
202204031155,,2.6
202204031215,,3.6
202204031255,350.0,3.6
202204031315,10.0,3.6
202204031355,10.0,5.1
202204031455,20.0,5.1
202204031515,,5.1
202204031535,350.0,4.1
202204031555,,3.6
202204031615,,6.2
202204031635,40.0,4.1
202204031655,30.0,5.1
202204031715,40.0,3.6
202204031735,20.0,4.1
202204031755,30.0,4.1
202204031815,20.0,4.1
202204031835,60.0,3.1
202204031855,,2.6
202204031910,,2.1
202204031935,40.0,2.6
202204031955,30.0,4.1
202204032015,40.0,4.1
202204032035,340.0,4.1
202204032055,0.0,0.0
202204032115,,3.1
202204032135,20.0,4.6
202204032155,60.0,2.1
202204032215,10.0,3.1
202204032235,350.0,3.1
202204032255,20.0,2.6
202204032315,20.0,2.6
202204032335,20.0,2.6
202204032355,30.0,2.1
202204040015,0.0,0.0
202204040035,0.0,0.0
202204040055,0.0,0.0
202204040110,0.0,0.0
202204040135,0.0,0.0
202204040215,0.0,0.0
202204040235,0.0,0.0
202204040255,0.0,0.0
202204040315,0.0,0.0
202204040335,0.0,0.0
202204040355,0.0,0.0
202204040415,0.0,0.0
202204040435,0.0,0.0
202204040455,0.0,0.0
202204040515,0.0,0.0
202204040535,0.0,0.0
202204040555,0.0,0.0
202204040615,0.0,0.0
202204040635,0.0,0.0
202204040655,0.0,0.0
202204040715,0.0,0.0
202204040735,0.0,0.0
202204040755,0.0,0.0
202204040815,0.0,0.0
202204040835,0.0,0.0
202204040855,0.0,0.0
202204040915,0.0,0.0
202204040930,0.0,0.0
202204041015,0.0,0.0
202204041035,0.0,0.0
202204041055,0.0,0.0
202204041115,0.0,0.0
202204041135,0.0,0.0
202204041155,0.0,0.0
202204041215,0.0,0.0
202204041230,0.0,0.0
202204041255,0.0,0.0
202204041315,0.0,0.0
202204041335,0.0,0.0
202204041355,0.0,0.0
202204041415,,1.5
202204041435,0.0,0.0
202204041455,210.0,3.6
202204041515,210.0,3.6
202204041535,210.0,5.1
202204041555,,2.6
202204041615,210.0,3.6
202204041635,230.0,4.6
202204041655,170.0,4.1
202204041735,190.0,4.1
202204041755,190.0,4.1
202204041815,200.0,5.1
202204041835,230.0,6.2
202204041855,210.0,4.1
202204041915,200.0,4.1
202204041935,210.0,3.6
202204041955,,
202204042015,220.0,3.6
202204042035,,2.6
202204042055,,2.6
202204042115,,3.1
202204042135,190.0,3.1
202204042155,210.0,3.6
202204042215,190.0,4.1
202204042235,210.0,3.1
202204042255,,1.5
202204042315,190.0,2.1
202204042335,180.0,1.5
202204050010,190.0,2.1
202204050035,0.0,0.0
202204050055,0.0,0.0
202204050115,0.0,0.0
202204050135,0.0,0.0
202204050215,0.0,0.0
202204050230,0.0,0.0
202204050255,0.0,0.0
202204050315,0.0,0.0
202204050335,0.0,0.0
202204050355,0.0,0.0
202204050415,0.0,0.0
202204050435,0.0,0.0
202204050455,0.0,0.0
202204050515,0.0,0.0
202204050535,0.0,0.0
202204050555,0.0,0.0
202204050615,0.0,0.0
202204050655,150.0,3.1
202204050715,240.0,2.1
202204050735,0.0,0.0
202204050755,0.0,0.0
202204050815,0.0,0.0
202204050835,0.0,0.0
202204050855,0.0,0.0
202204050915,0.0,0.0
202204050935,0.0,0.0
202204050950,0.0,0.0
202204051035,0.0,0.0
202204051115,0.0,0.0
202204051135,0.0,0.0
202204051155,0.0,0.0
202204051215,0.0,0.0
202204051255,0.0,0.0
202204051315,0.0,0.0
202204051335,0.0,0.0
202204051355,0.0,0.0
202204051415,230.0,3.6
202204051610,120.0,3.1
202204051630,,1.5
202204051655,,2.1
202204051715,300.0,4.6
202204051730,310.0,4.6
202204051755,0.0,0.0
202204051815,,2.1
202204051835,,1.5
202204051855,260.0,3.1
202204051915,0.0,0.0
202204051935,300.0,3.1
202204051955,,3.1
202204052015,310.0,3.1
202204052035,310.0,2.1
202204052055,,3.1
202204052115,190.0,4.6
202204052155,200.0,4.6
202204052215,210.0,5.1
202204052235,210.0,4.1
202204052255,210.0,4.6
202204052315,200.0,3.6
202204052335,210.0,5.1
202204052350,210.0,4.6
202204060015,210.0,3.6
202204060035,220.0,5.1
202204060055,220.0,5.1
202204060135,230.0,4.1
202204060155,260.0,2.6
202204060215,260.0,4.6
202204060235,280.0,2.1
202204060255,0.0,0.0
202204060315,0.0,0.0
202204060335,300.0,2.6
202204060355,0.0,0.0
202204060415,0.0,0.0
202204060435,0.0,0.0
202204060455,0.0,0.0
202204060515,0.0,0.0
202204060535,0.0,0.0
202204060555,0.0,0.0
202204060615,0.0,0.0
202204060635,0.0,0.0
202204060655,0.0,0.0
202204060710,0.0,0.0
202204060755,0.0,0.0
202204060835,0.0,0.0
202204060855,0.0,0.0
202204060915,0.0,0.0
202204060935,0.0,0.0
202204060955,0.0,0.0
202204061015,0.0,0.0
202204061035,0.0,0.0
202204061055,0.0,0.0
202204061115,0.0,0.0
202204061135,0.0,0.0
202204061155,0.0,0.0
202204061215,,1.5
202204061235,0.0,0.0
202204061255,0.0,0.0
202204061315,210.0,2.1
202204061335,190.0,2.1
202204061355,200.0,1.5
202204061415,,2.1
202204061435,190.0,4.6
202204061455,190.0,4.1
202204061515,170.0,4.1
202204061535,210.0,5.1
202204061615,210.0,5.7
202204061635,190.0,6.2
202204061655,200.0,4.6
202204061715,220.0,6.2
202204061735,210.0,7.2
202204061755,200.0,4.6
202204061815,210.0,5.7
202204061835,200.0,5.7
202204061850,190.0,4.1
202204061915,210.0,4.1
202204061935,180.0,4.6
202204061955,190.0,4.6
202204062015,190.0,4.6
202204062035,,
202204062115,190.0,6.2
202204062135,180.0,4.6
202204062155,180.0,4.6
202204062215,180.0,4.1
202204062230,190.0,4.1
202204062255,210.0,3.1
202204062315,300.0,5.1
202204062335,330.0,6.7
202204062355,320.0,4.6
202204070015,10.0,3.6
202204070035,350.0,2.6
202204070055,,2.1
202204070115,30.0,2.6
202204070135,350.0,2.6
202204070155,0.0,0.0
202204070210,0.0,0.0
202204070235,40.0,2.1
202204070255,350.0,4.6
202204070315,350.0,3.1
202204070330,340.0,3.1
202204070355,,3.1
202204070410,340.0,2.6
202204070435,330.0,2.6
202204070455,350.0,3.1
202204070510,340.0,2.6
202204070535,330.0,2.6
202204070555,0.0,0.0
202204070615,340.0,2.6
202204070635,340.0,2.1
202204070655,350.0,1.5
202204070715,350.0,2.6
202204070735,340.0,2.1
202204070815,10.0,1.5
202204070835,20.0,2.1
202204070855,0.0,0.0
202204070915,340.0,2.1
202204070935,0.0,0.0
202204070955,10.0,1.5
202204071015,0.0,0.0
202204071035,0.0,0.0
202204071055,0.0,0.0
202204071115,0.0,0.0
202204071135,0.0,0.0
202204071150,0.0,0.0
202204071215,0.0,0.0
202204071235,0.0,0.0
202204071255,0.0,0.0
202204071315,310.0,2.1
202204071335,0.0,0.0
202204071355,,2.1
202204071415,,2.6
202204071435,290.0,3.1
202204071455,280.0,3.6
202204071535,210.0,5.7
202204071555,280.0,2.6
202204071615,220.0,5.1
202204071635,220.0,8.7
202204071655,250.0,5.1
202204071715,250.0,7.2
202204071735,240.0,9.3
202204071755,250.0,6.2
202204071815,270.0,5.1
202204071855,270.0,8.2
202204071915,280.0,7.2
202204071935,270.0,5.7
202204072015,260.0,4.6
202204072035,300.0,6.7
202204072055,300.0,4.1
202204072115,270.0,5.7
202204072130,260.0,4.6
202204072155,310.0,3.6
202204072215,250.0,4.6
202204072235,290.0,5.1
202204072250,300.0,5.1
202204072315,290.0,3.6
202204072335,310.0,4.6
202204072355,310.0,3.6
202204080015,320.0,3.6
202204080035,330.0,3.6
202204080055,320.0,3.6
202204080115,,2.1
202204080135,0.0,0.0
202204080155,0.0,0.0
202204080215,0.0,0.0
202204080235,0.0,0.0
202204080255,0.0,0.0
202204080315,0.0,0.0
202204080335,0.0,0.0
202204080355,0.0,0.0
202204080415,0.0,0.0
202204080435,0.0,0.0
202204080455,0.0,0.0
202204080515,0.0,0.0
202204080555,210.0,1.5
202204080615,0.0,0.0
202204080635,220.0,1.5
202204080655,210.0,2.1
202204080710,210.0,2.1
202204080735,210.0,2.1
202204080755,200.0,2.1
202204080815,200.0,1.5
202204080835,190.0,2.6
202204080855,210.0,1.5
202204080915,220.0,2.1
202204080935,0.0,0.0
202204080955,210.0,2.1
202204081015,220.0,2.6
202204081035,200.0,2.1
202204081055,200.0,2.1
202204081115,220.0,2.1
202204081135,210.0,1.5
202204081155,0.0,0.0
202204081215,230.0,2.1
202204081230,210.0,2.1
202204081255,200.0,2.1
202204081335,,2.6
202204081355,210.0,5.1
202204081415,200.0,4.1
202204081435,220.0,6.2
202204081455,230.0,5.1
202204081515,250.0,4.6
202204081530,240.0,4.6
202204081555,240.0,8.2
202204081615,260.0,5.7
202204081635,230.0,7.7
202204081655,240.0,6.2
202204081735,220.0,6.7
202204081815,230.0,6.2
202204081835,240.0,4.6
202204081855,240.0,4.6
202204081935,220.0,5.7
202204081955,240.0,6.7
202204082015,220.0,7.2
202204082035,230.0,7.7
202204082055,220.0,5.1
202204082115,250.0,6.2
202204082130,270.0,3.1
202204082155,280.0,5.1
202204082215,270.0,3.1
202204082235,260.0,4.1
202204082255,250.0,3.1
202204082315,250.0,3.6
202204082335,260.0,3.1
202204082350,290.0,2.6
202204090015,240.0,4.6
202204090035,270.0,5.1
202204090055,,2.6
202204090115,240.0,3.1
202204090130,260.0,3.1
202204090150,260.0,2.6
202204090215,0.0,0.0
202204090235,0.0,0.0
202204090255,0.0,0.0
202204090315,340.0,2.1
202204090335,310.0,3.1
202204090350,320.0,3.6
202204090415,280.0,2.1
202204090435,320.0,1.5
202204090455,0.0,0.0
202204090510,270.0,1.5
202204090535,0.0,0.0
202204090555,0.0,0.0
202204090615,0.0,0.0
202204090635,0.0,0.0
202204090655,0.0,0.0
202204090715,0.0,0.0
202204090735,,2.1
202204090755,0.0,0.0
202204090815,0.0,0.0
202204090835,240.0,1.5
202204090855,280.0,1.5
202204090910,0.0,0.0
202204090935,240.0,1.5
202204090955,240.0,2.1
202204091015,230.0,1.5
202204091035,250.0,1.5
202204091055,220.0,1.5
202204091135,280.0,2.1
202204091155,260.0,2.1
202204091215,230.0,2.1
202204091235,,2.1
202204091315,240.0,3.1
202204091335,260.0,2.6
202204091355,260.0,3.6
202204091410,280.0,2.6
202204091435,250.0,3.6
202204091455,,3.1
202204091515,280.0,5.1
202204091535,250.0,4.1
202204091555,250.0,3.6
202204091615,300.0,3.6
202204091635,230.0,6.2
202204091650,280.0,4.6
202204091715,270.0,4.1
202204091735,260.0,3.6
202204091755,310.0,4.6
202204091815,300.0,5.7
202204091835,300.0,3.6
202204091915,310.0,3.6
202204091935,270.0,3.6
202204092010,300.0,3.6
202204092035,330.0,5.7
202204092050,280.0,3.6
202204092115,300.0,3.1
202204092135,310.0,5.1
202204092155,320.0,4.1
202204092215,320.0,4.6
202204092235,320.0,4.1
202204092255,320.0,3.6
202204092315,310.0,4.1
202204092335,300.0,3.1
202204092355,40.0,2.1
202204100015,50.0,1.5
202204100035,0.0,0.0
202204100055,0.0,0.0
202204100115,0.0,0.0
202204100135,0.0,0.0
202204100155,0.0,0.0
202204100210,0.0,0.0
202204100235,0.0,0.0
202204100255,0.0,0.0
202204100315,0.0,0.0
202204100335,0.0,0.0
202204100355,0.0,0.0
202204100415,0.0,0.0
202204100435,0.0,0.0
202204100455,0.0,0.0
202204100515,0.0,0.0
202204100535,0.0,0.0
202204100615,0.0,0.0
202204100655,0.0,0.0
202204100715,0.0,0.0
202204100735,0.0,0.0
202204100750,0.0,0.0
202204100815,0.0,0.0
202204100835,0.0,0.0
202204100855,0.0,0.0
202204100915,0.0,0.0
202204100935,0.0,0.0
202204100955,0.0,0.0
202204101015,0.0,0.0
202204101035,0.0,0.0
202204101055,0.0,0.0
202204101115,0.0,0.0
202204101135,0.0,0.0
202204101155,0.0,0.0
202204101215,0.0,0.0
202204101235,0.0,0.0
202204101255,0.0,0.0
202204101315,0.0,0.0
202204101335,0.0,0.0
202204101355,0.0,0.0
202204101415,0.0,0.0
202204101435,0.0,0.0
202204101450,0.0,0.0
202204101515,0.0,0.0
202204101530,0.0,0.0
202204101555,0.0,0.0
202204101610,220.0,3.1
202204101635,230.0,2.1
202204101655,0.0,0.0
202204101715,0.0,0.0
202204101735,,2.1
202204101755,,2.6
202204101815,,1.5
202204101835,,2.1
202204101855,220.0,3.6
202204101935,200.0,3.6
202204102015,170.0,3.6
202204102035,220.0,3.1
202204102055,180.0,4.1
202204102115,,3.1
202204102130,,2.1
202204102155,,2.6
202204102215,170.0,3.6
202204102235,160.0,3.6
202204102255,,3.1
202204102315,,2.6
202204102330,180.0,2.6
202204102355,170.0,2.1
202204110015,190.0,2.1
202204110035,180.0,2.6
202204110050,190.0,1.5
202204110115,0.0,0.0
202204110135,0.0,0.0
202204110155,0.0,0.0
202204110215,0.0,0.0
202204110235,0.0,0.0
202204110255,0.0,0.0
202204110315,210.0,3.6
202204110335,210.0,4.6
202204110355,220.0,4.1
202204110415,210.0,3.1
202204110435,210.0,2.6
202204110455,200.0,2.6
202204110515,190.0,3.6
202204110535,190.0,3.6
202204110555,200.0,3.6
202204110615,220.0,4.1
202204110635,220.0,3.6
202204110655,210.0,3.6
202204110715,220.0,3.6
202204110735,,3.1
202204110755,200.0,3.1
202204110815,180.0,3.6
202204110835,190.0,3.6
202204110855,190.0,3.6
202204110915,220.0,2.6
202204110935,210.0,2.6
202204110955,230.0,2.6
202204111015,220.0,2.6
202204111035,190.0,3.1
202204111055,190.0,3.6
202204111115,200.0,3.6
202204111155,200.0,3.1
202204111215,230.0,3.6
202204111235,210.0,2.6
202204111250,200.0,3.1
202204111315,200.0,4.1
202204111335,210.0,3.6
202204111355,220.0,4.1
202204111415,210.0,3.6
202204111435,210.0,5.1
202204111455,210.0,5.7
202204111515,210.0,6.2
202204111535,210.0,4.1
202204111555,200.0,2.6
202204111615,,3.1
202204111635,200.0,4.1
202204111650,,3.1
202204111715,190.0,3.1
202204111755,0.0,0.0
202204111815,190.0,3.1
202204111835,190.0,5.1
202204111855,190.0,6.2
202204111915,200.0,3.1
202204111935,200.0,5.1
202204111955,180.0,5.1
202204112015,200.0,6.2
202204112035,200.0,3.6
202204112055,180.0,3.6
202204112110,190.0,3.1
202204112130,190.0,3.6
202204112155,210.0,4.6
202204112215,200.0,3.6
202204112235,200.0,2.6
202204112255,200.0,5.1
202204112310,210.0,5.1
202204112335,210.0,4.6
202204112355,230.0,3.6
202204120015,,2.1
202204120035,190.0,2.6
202204120055,190.0,2.6
202204120115,,2.1
202204120130,200.0,2.6
202204120155,200.0,2.1
202204120215,210.0,3.6
202204120235,210.0,2.6
202204120255,0.0,0.0
202204120315,200.0,2.6
202204120335,210.0,3.1
202204120355,190.0,2.6
202204120415,200.0,3.1
202204120430,210.0,3.1
202204120455,200.0,3.6
202204120515,220.0,3.6
202204120535,230.0,3.1
202204120555,200.0,3.1
202204120615,230.0,2.6
202204120635,230.0,2.6
202204120655,230.0,2.1
202204120715,180.0,2.1
202204120735,220.0,3.6
202204120755,210.0,2.1
202204120815,230.0,2.6
202204120835,200.0,1.5
202204120850,210.0,2.1
202204120915,0.0,0.0
202204120955,210.0,2.6
202204121015,170.0,1.5
202204121035,190.0,1.5
202204121050,210.0,2.1
202204121115,,2.6
202204121135,190.0,2.1
202204121155,,3.1
202204121235,,3.1
202204121255,,2.6
202204121315,230.0,2.6
202204121335,210.0,3.1
202204121355,220.0,3.6
202204121415,210.0,4.6
202204121435,200.0,3.6
202204121455,200.0,3.6
202204121515,,3.1
202204121535,200.0,2.1
202204121550,190.0,3.1
202204121635,,1.5
202204121655,0.0,0.0
202204121715,0.0,0.0
202204121735,,2.1
202204121755,0.0,0.0
202204121815,20.0,3.6
202204121835,10.0,2.1
202204121850,0.0,0.0
202204121915,0.0,0.0
202204121935,210.0,4.1
202204121955,,3.1
202204122015,200.0,3.6
202204122035,210.0,4.1
202204122055,180.0,4.6
202204122115,170.0,5.7
202204122135,180.0,4.6
202204122155,210.0,5.1
202204122215,200.0,4.1
202204122235,200.0,4.6
202204122255,190.0,3.6
202204122315,190.0,3.1
202204122335,190.0,3.1
202204122355,190.0,2.6
202204130035,200.0,2.6
202204130115,190.0,2.6
202204130135,170.0,2.6
202204130155,,2.1
202204130215,,1.5
202204130235,0.0,0.0
202204130255,210.0,2.1
202204130315,200.0,1.5
202204130335,,2.1
202204130355,200.0,2.1
202204130415,180.0,2.1
202204130435,190.0,2.1
202204130455,190.0,3.1
202204130515,210.0,3.6
202204130535,200.0,4.1
202204130555,200.0,4.1
202204130615,210.0,6.2
202204130635,210.0,3.1
202204130655,210.0,3.1
202204130715,210.0,3.6
202204130735,220.0,2.6
202204130755,210.0,2.1
202204130835,200.0,4.1
202204130855,190.0,4.6
202204130915,190.0,5.1
202204130955,190.0,5.1
202204131015,180.0,4.6
202204131030,170.0,4.1
202204131055,,3.1
202204131135,200.0,5.1
202204131155,190.0,5.1
202204131215,190.0,5.1
202204131255,180.0,5.1
202204131315,190.0,6.7
202204131335,180.0,5.7
202204131355,180.0,4.6
202204131415,180.0,8.2
202204131435,180.0,7.7
202204131455,200.0,7.2
202204131515,200.0,5.7
202204131535,180.0,7.7
202204131555,180.0,7.7
202204131635,190.0,6.7
202204131655,200.0,9.3
202204131715,200.0,7.2
202204131735,190.0,8.2
202204131755,210.0,9.3
202204131815,180.0,8.2
202204131835,190.0,7.2
202204131850,190.0,4.6
202204131915,200.0,5.7
202204131935,200.0,8.7
202204131955,180.0,7.7
202204132015,190.0,8.2
202204132035,190.0,8.7
202204132055,180.0,6.7
202204132115,200.0,6.2
202204132135,180.0,6.7
202204132155,200.0,6.2
202204132215,190.0,5.7
202204132235,180.0,7.2
202204132255,170.0,7.2
202204132315,180.0,6.2
202204132335,190.0,6.7
202204132355,200.0,6.2
202204140015,190.0,6.2
202204140030,190.0,4.6
202204140055,200.0,5.1
202204140115,200.0,3.6
202204140135,190.0,4.1
202204140155,210.0,4.6
202204140215,180.0,4.1
202204140235,200.0,3.1
202204140255,210.0,4.6
202204140315,210.0,2.6
202204140335,290.0,3.1
202204140355,320.0,4.6
202204140415,350.0,2.6
202204140435,310.0,4.1
202204140515,100.0,2.1
202204140535,130.0,2.6
202204140555,0.0,0.0
202204140615,230.0,1.5
202204140630,0.0,0.0
202204140655,150.0,2.1
202204140715,120.0,1.5
202204140735,120.0,4.1
202204140815,160.0,5.1
202204140835,290.0,5.7
202204140855,260.0,2.6
202204140915,0.0,0.0
202204140935,0.0,0.0
202204140955,0.0,0.0
202204141015,170.0,2.1
202204141035,190.0,1.5
202204141055,200.0,4.1
202204141115,210.0,4.1
202204141135,200.0,3.6
202204141155,210.0,3.6
202204141215,320.0,5.7
202204141230,,3.1
202204141255,330.0,3.1
202204141315,,2.6
202204141335,0.0,0.0
202204141355,,2.1
202204141415,340.0,3.6
202204141435,330.0,2.6
202204141455,330.0,3.6
202204141515,,3.6
202204141530,10.0,2.6
202204141555,10.0,2.6
202204141615,350.0,3.6
202204141635,10.0,4.1
202204141655,,2.6
202204141735,330.0,4.1
202204141755,10.0,4.1
202204141815,,3.1
202204141830,50.0,3.1
202204141855,20.0,4.1
202204141915,,3.1
202204141935,20.0,4.6
202204141955,,3.1
202204142015,,2.6
202204142055,,3.1
202204142115,330.0,2.6
202204142135,20.0,3.6
202204142155,,2.6
202204142215,340.0,5.1
202204142255,340.0,4.6
202204142315,340.0,4.1
202204142335,310.0,4.1
202204142355,300.0,2.1
202204150015,320.0,2.1
202204150035,320.0,1.5
202204150055,330.0,2.1
202204150115,310.0,1.5
202204150135,0.0,0.0
202204150155,0.0,0.0
202204150215,0.0,0.0
202204150235,0.0,0.0
202204150245,0.0,0.0
202204151515,,2.1
202204151535,0.0,0.0
202204151555,230.0,3.1
202204151615,240.0,4.1
202204151635,200.0,4.6
202204151655,,
202204151715,210.0,4.6
202204151735,220.0,4.6
202204151755,220.0,3.1
202204151815,210.0,4.1
202204151835,190.0,5.1
202204151850,,3.1
202204151935,210.0,5.7
202204151955,200.0,5.7
202204152015,230.0,7.2
202204152035,190.0,5.1
202204152055,210.0,6.7
202204152115,210.0,4.6
202204152135,210.0,5.7
202204152210,200.0,4.6
202204152235,210.0,4.1
202204152255,210.0,5.7
202204152315,210.0,6.7
202204152335,210.0,4.1
202204152355,200.0,3.1
202204160035,,2.1
202204160050,180.0,2.1
202204160115,170.0,1.5
202204160135,0.0,0.0
202204160155,0.0,0.0
202204160215,0.0,0.0
202204160235,0.0,0.0
202204160250,0.0,0.0
202204160315,0.0,0.0
202204160335,0.0,0.0
202204160355,0.0,0.0
202204160415,0.0,0.0
202204160435,0.0,0.0
202204160450,0.0,0.0
202204160515,0.0,0.0
202204160535,0.0,0.0
202204160555,,2.6
202204160615,,2.6
202204160635,0.0,0.0
202204160650,270.0,5.7
202204160715,340.0,2.6
202204160735,0.0,0.0
202204160815,0.0,0.0
202204160830,,1.5
202204160850,60.0,2.1
202204160915,0.0,0.0
202204160935,0.0,0.0
202204160950,0.0,0.0
202204161015,0.0,0.0
202204161035,0.0,0.0
202204161055,0.0,0.0
202204161115,0.0,0.0
202204161135,0.0,0.0
202204161155,0.0,0.0
202204161215,0.0,0.0
202204161235,0.0,0.0
202204161315,0.0,0.0
202204161335,0.0,0.0
202204161415,0.0,0.0
202204161435,0.0,0.0
202204161455,0.0,0.0
202204161515,0.0,0.0
202204161555,,3.1
202204161615,210.0,2.6
202204161635,230.0,3.1
202204161655,250.0,3.1
202204161715,200.0,3.1
202204161755,220.0,2.6
202204161815,0.0,0.0
202204161835,240.0,2.6
202204161855,,1.5
202204161915,220.0,2.1
202204161935,210.0,2.6
202204161955,230.0,1.5
202204162015,190.0,2.1
202204162035,,2.1
202204162055,230.0,2.1
202204162115,190.0,2.1
202204162135,,1.5
202204162155,190.0,1.5
202204162215,0.0,0.0
202204162235,0.0,0.0
202204162255,190.0,1.5
202204162315,180.0,2.1
202204162335,0.0,0.0
202204162355,0.0,0.0
202204170015,0.0,0.0
202204170035,0.0,0.0
202204170055,0.0,0.0
202204170115,0.0,0.0
202204170135,0.0,0.0
202204170155,0.0,0.0
202204170215,0.0,0.0
202204170235,0.0,0.0
202204170255,0.0,0.0
202204170315,0.0,0.0
202204170335,0.0,0.0
202204170355,0.0,0.0
202204170415,0.0,0.0
202204170435,0.0,0.0
202204170455,0.0,0.0
202204170515,0.0,0.0
202204170535,0.0,0.0
202204170555,0.0,0.0
202204170615,0.0,0.0
202204170635,0.0,0.0
202204170655,0.0,0.0
202204170715,0.0,0.0
202204170735,0.0,0.0
202204170810,0.0,0.0
202204170835,40.0,2.1
202204170855,0.0,0.0
202204170915,0.0,0.0
202204170935,30.0,2.1
202204170955,20.0,2.6
202204171015,30.0,2.1
202204171035,20.0,2.1
202204171055,40.0,2.1
202204171110,50.0,2.1
202204171135,30.0,2.6
202204171155,40.0,2.1
202204171215,30.0,2.1
202204171235,40.0,3.1
202204171255,30.0,3.6
202204171315,20.0,5.7
202204171335,20.0,4.6
202204171355,30.0,2.6
202204171415,40.0,3.1
202204171435,,3.1
202204171455,30.0,4.1
202204171515,30.0,3.1
202204171535,,2.6
202204171555,,2.6
202204171615,30.0,3.6
202204171630,10.0,2.1
202204171655,10.0,4.6
202204171715,20.0,2.6
202204171735,,1.5
202204171755,,1.5
202204171815,30.0,3.1
202204171835,10.0,2.6
202204171850,20.0,3.6
202204171915,20.0,3.1
202204171935,10.0,2.6
202204171955,,2.6
202204172015,,3.1
202204172035,50.0,2.1
202204172055,30.0,2.1
202204172115,,1.5
202204172130,0.0,0.0
202204172155,40.0,2.1
202204172215,0.0,0.0
202204172235,0.0,0.0
202204172255,0.0,0.0
202204172315,0.0,0.0
202204172330,0.0,0.0
202204172355,0.0,0.0
202204180015,0.0,0.0
202204180035,0.0,0.0
202204180050,0.0,0.0
202204180155,340.0,2.1
202204180210,0.0,0.0
202204180235,30.0,2.6
202204180255,,2.6
202204180315,40.0,2.1
202204180335,30.0,2.6
202204180415,0.0,0.0
202204180435,0.0,0.0
202204180455,0.0,0.0
202204180515,0.0,0.0
202204180535,0.0,0.0
202204180615,0.0,0.0
202204180635,0.0,0.0
202204180650,0.0,0.0
202204180715,0.0,0.0
202204180735,0.0,0.0
202204180755,0.0,0.0
202204180815,0.0,0.0
202204180835,0.0,0.0
202204180855,0.0,0.0
202204180910,0.0,0.0
202204180935,0.0,0.0
202204180955,0.0,0.0
202204181015,0.0,0.0
202204181035,0.0,0.0
202204181055,,2.6
202204181115,0.0,0.0
202204181135,0.0,0.0
202204181155,50.0,1.5
202204181215,,2.1
202204181235,10.0,2.6
202204181255,10.0,2.6
202204181315,0.0,0.0
202204181335,0.0,0.0
202204181355,0.0,0.0
202204181415,,2.1
202204181435,340.0,3.1
202204181455,320.0,3.6
202204181515,320.0,4.1
202204181535,320.0,4.1
202204181555,310.0,3.6
202204181615,330.0,3.6
202204181655,310.0,5.7
202204181710,320.0,6.7
202204181735,,
202204181755,330.0,4.6
202204181830,,3.1
202204181855,300.0,4.1
202204181930,300.0,3.6
202204181955,330.0,5.1
202204182015,330.0,5.1
202204182035,340.0,4.1
202204182055,340.0,3.6
202204182115,,5.1
202204182135,,4.1
202204182155,,2.6
202204182235,330.0,3.1
202204182255,340.0,5.7
202204182310,330.0,4.1
202204182355,,2.1
202204190015,,2.1
202204190035,340.0,2.6
202204190055,340.0,2.6
202204190135,,3.1
202204190155,350.0,2.1
202204190215,10.0,2.1
202204190235,,3.6
202204190255,10.0,3.1
202204190315,20.0,3.1
202204190335,20.0,2.6
202204190355,0.0,0.0
202204190435,0.0,0.0
202204190515,0.0,0.0
202204190555,0.0,0.0
202204190615,0.0,0.0
202204190635,0.0,0.0
202204190655,0.0,0.0
202204190715,0.0,0.0
202204190735,0.0,0.0
202204190815,0.0,0.0
202204190835,0.0,0.0
202204190855,0.0,0.0
202204190910,50.0,1.5
202204190935,0.0,0.0
202204190955,0.0,0.0
202204191010,0.0,0.0
202204191035,0.0,0.0
202204191050,0.0,0.0
202204191115,0.0,0.0
202204191135,,3.6
202204191150,350.0,3.1
202204191215,10.0,3.1
202204191235,,3.6
202204191255,,4.6
202204191315,340.0,6.2
202204191335,320.0,4.6
202204191355,350.0,3.6
202204191415,350.0,4.6
202204191455,,1.5
202204191515,320.0,4.6
202204191535,,2.6
202204191555,,3.6
202204191615,20.0,3.6
202204191635,340.0,2.6
202204191655,,4.6
202204191735,,3.1
202204191750,60.0,3.1
202204191815,,2.1
202204191835,,3.1
202204191855,290.0,4.1
202204191915,,3.1
202204191935,,3.1
202204191955,,1.5
202204192015,0.0,0.0
202204192035,350.0,3.6
202204192055,,1.5
202204192115,350.0,4.1
202204192135,,2.6
202204192155,20.0,2.6
202204192215,,2.1
202204192235,,2.6
202204192255,,2.6
202204192315,,2.1
202204192335,10.0,2.6
202204192355,0.0,0.0
202204200015,0.0,0.0
202204200035,0.0,0.0
202204200055,0.0,0.0
202204200115,0.0,0.0
202204200135,0.0,0.0
202204200155,0.0,0.0
202204200215,0.0,0.0
202204200235,0.0,0.0
202204200315,0.0,0.0
202204200335,0.0,0.0
202204200355,0.0,0.0
202204200415,0.0,0.0
202204200435,0.0,0.0
202204200455,0.0,0.0
202204200515,0.0,0.0
202204200535,0.0,0.0
202204200550,0.0,0.0
202204200615,0.0,0.0
202204200635,0.0,0.0
202204200655,0.0,0.0
202204200715,0.0,0.0
202204200730,0.0,0.0
202204200755,0.0,0.0
202204200815,0.0,0.0
202204200835,0.0,0.0
202204200855,0.0,0.0
202204200915,50.0,1.5
202204200935,0.0,0.0
202204200955,0.0,0.0
202204201015,0.0,0.0
202204201035,0.0,0.0
202204201055,0.0,0.0
202204201115,0.0,0.0
202204201135,0.0,0.0
202204201155,0.0,0.0
202204201215,0.0,0.0
202204201235,0.0,0.0
202204201255,0.0,0.0
202204201315,0.0,0.0
202204201335,0.0,0.0
202204201355,0.0,0.0
202204201415,0.0,0.0
202204201435,270.0,2.6
202204201455,0.0,0.0
202204201515,250.0,2.6
202204201555,,2.1
202204201615,,1.5
202204201635,0.0,0.0
202204201650,,2.1
202204201730,200.0,4.1
202204201755,190.0,5.7
202204201815,200.0,5.1
202204201835,190.0,4.1
202204201850,190.0,4.6
202204201915,200.0,6.2
202204201930,210.0,5.1
202204201955,210.0,5.1
202204202015,220.0,6.2
202204202055,190.0,5.7
202204202115,200.0,5.1
202204202130,210.0,5.7
202204202155,210.0,4.6
202204202210,220.0,5.7
202204202235,210.0,4.6
202204202255,200.0,4.6
202204202335,,2.6
202204202355,190.0,3.6
202204210015,180.0,2.6
202204210035,160.0,2.1
202204210135,0.0,0.0
202204210155,0.0,0.0
202204210215,0.0,0.0
202204210235,170.0,2.1
202204210255,,2.6
202204210315,150.0,2.6
202204210335,0.0,0.0
202204210355,190.0,2.1
202204210415,0.0,0.0
202204210435,0.0,0.0
202204210450,0.0,0.0
202204210515,170.0,2.1
202204210535,0.0,0.0
202204210555,0.0,0.0
202204210615,170.0,1.5
202204210635,210.0,2.6
202204210655,210.0,2.1
202204210715,200.0,3.1
202204210735,200.0,4.6
202204210755,190.0,4.6
202204210815,190.0,4.6
202204210835,,3.1
202204210855,180.0,3.6
202204210915,190.0,3.6
202204210935,200.0,3.6
202204210955,,2.6
202204211015,200.0,4.1
202204211035,190.0,4.6
202204211055,160.0,4.6
202204211115,,3.1
202204211135,220.0,4.1
202204211155,210.0,4.1
202204211215,190.0,2.6
202204211235,,2.6
202204211255,250.0,3.1
202204211315,200.0,2.6
202204211330,210.0,2.1
202204211355,230.0,2.6
202204211415,,3.1
202204211435,200.0,6.2
202204211450,210.0,4.1
202204211510,200.0,7.7
202204211530,190.0,5.7
202204211615,200.0,6.7
202204211635,200.0,5.7
202204211655,190.0,5.7
202204211715,190.0,5.1
202204211735,190.0,5.1
202204211750,200.0,5.1
202204211815,200.0,4.1
202204211850,210.0,5.1
202204211910,190.0,3.6
202204211935,200.0,4.6
202204211955,210.0,4.6
202204212015,200.0,6.2
202204212035,220.0,4.6
202204212055,200.0,2.6
202204212115,,3.1
202204212135,,1.5
202204212155,190.0,4.1
202204212215,200.0,2.1
202204212255,,2.1
202204212310,,2.1
202204212335,,1.5
202204212350,0.0,0.0
202204220015,0.0,0.0
202204220035,0.0,0.0
202204220050,0.0,0.0
202204220115,0.0,0.0
202204220135,0.0,0.0
202204220150,0.0,0.0
202204220215,0.0,0.0
202204220235,0.0,0.0
202204220255,0.0,0.0
202204220315,0.0,0.0
202204220335,230.0,1.5
202204220355,0.0,0.0
202204220415,0.0,0.0
202204220435,0.0,0.0
202204220455,0.0,0.0
202204220515,0.0,0.0
202204220535,0.0,0.0
202204220555,0.0,0.0
202204220635,0.0,0.0
202204220655,0.0,0.0
202204220715,0.0,0.0
202204220735,0.0,0.0
202204220750,0.0,0.0
202204220815,0.0,0.0
202204220835,0.0,0.0
202204220855,0.0,0.0
202204220915,0.0,0.0
202204220935,0.0,0.0
202204220955,0.0,0.0
202204221015,0.0,0.0
202204221030,0.0,0.0
202204221055,0.0,0.0
202204221115,0.0,0.0
202204221135,0.0,0.0
202204221155,0.0,0.0
202204221215,0.0,0.0
202204221235,0.0,0.0
202204221255,0.0,0.0
202204221335,0.0,0.0
202204221355,0.0,0.0
202204221415,0.0,0.0
202204221435,,2.1
202204221455,,2.1
202204221515,0.0,0.0
202204221535,210.0,2.1
202204221555,240.0,2.1
202204221610,220.0,3.1
202204221635,300.0,1.5
202204221650,340.0,1.5
202204221715,0.0,0.0
202204221730,0.0,0.0
202204221755,0.0,0.0
202204221815,0.0,0.0
202204221835,,2.1
202204221855,310.0,2.6
202204221915,0.0,0.0
202204221935,340.0,2.6
202204221955,,3.1
202204222015,,3.1
202204222035,,2.6
202204222055,0.0,0.0
202204222115,240.0,3.1
202204222135,,3.1
202204222155,200.0,3.1
202204222235,200.0,2.6
202204222255,210.0,4.6
202204222315,220.0,3.1
202204222335,220.0,3.1
202204222355,0.0,0.0
202204230015,0.0,0.0
202204230035,0.0,0.0
202204230055,0.0,0.0
202204230115,0.0,0.0
202204230135,0.0,0.0
202204230150,0.0,0.0
202204230215,0.0,0.0
202204230235,0.0,0.0
202204230255,0.0,0.0
202204230315,0.0,0.0
202204230335,0.0,0.0
202204230355,0.0,0.0
202204230415,0.0,0.0
202204230435,0.0,0.0
202204230455,0.0,0.0
202204230515,0.0,0.0
202204230535,0.0,0.0
202204230555,0.0,0.0
202204230615,0.0,0.0
202204230635,0.0,0.0
202204230655,0.0,0.0
202204230715,0.0,0.0
202204230735,0.0,0.0
202204230755,0.0,0.0
202204230815,0.0,0.0
202204230835,0.0,0.0
202204230855,0.0,0.0
202204230915,0.0,0.0
202204230935,0.0,0.0
202204230955,0.0,0.0
202204231015,0.0,0.0
202204231035,0.0,0.0
202204231055,0.0,0.0
202204231115,0.0,0.0
202204231135,0.0,0.0
202204231155,0.0,0.0
202204231235,,2.1
202204231250,,2.6
202204231315,190.0,4.1
202204231335,180.0,4.6
202204231355,190.0,4.1
202204231415,200.0,3.1
202204231435,220.0,3.6
202204231455,160.0,3.6
202204231515,190.0,4.1
202204231535,190.0,3.6
202204231555,210.0,5.7
202204231615,190.0,3.6
202204231635,210.0,5.1
202204231655,200.0,6.2
202204231710,220.0,6.2
202204231735,210.0,4.6
202204231755,220.0,6.7
202204231815,190.0,5.1
202204231835,220.0,5.1
202204231855,210.0,6.7
202204231915,190.0,5.1
202204231930,200.0,6.2
202204231955,200.0,5.7
202204232015,220.0,7.2
202204232035,210.0,5.7
202204232055,210.0,5.7
202204232115,210.0,7.7
202204232135,210.0,6.2
202204232155,220.0,8.2
202204232215,190.0,4.1
202204232235,200.0,5.1
202204232255,210.0,5.7
202204232315,190.0,4.1
202204232335,200.0,5.1
202204232355,200.0,3.6
202204240015,190.0,3.6
202204240035,190.0,2.6
202204240055,180.0,2.6
202204240115,,2.1
202204240135,180.0,1.5
202204240155,180.0,1.5
202204240215,180.0,1.5
202204240235,0.0,0.0
202204240255,0.0,0.0
202204240315,0.0,0.0
202204240335,0.0,0.0
202204240350,0.0,0.0
202204240415,170.0,1.5
202204240430,180.0,2.1
202204240455,0.0,0.0
202204240515,0.0,0.0
202204240535,140.0,1.5
202204240635,0.0,0.0
202204240655,200.0,2.1
202204240715,200.0,2.6
202204240735,220.0,2.6
202204240755,210.0,2.1
202204240815,0.0,0.0
202204240835,220.0,1.5
202204240855,200.0,1.5
202204240915,0.0,0.0
202204240935,170.0,2.1
202204240955,,2.1
202204241010,0.0,0.0
202204241035,0.0,0.0
202204241055,0.0,0.0
202204241115,0.0,0.0
202204241135,0.0,0.0
202204241155,0.0,0.0
202204241215,0.0,0.0
202204241235,,3.1
202204241255,200.0,4.1
202204241315,200.0,3.6
202204241355,200.0,5.1
202204241415,210.0,7.2
202204241435,210.0,4.6
202204241455,190.0,5.1
202204241555,220.0,4.6
202204241615,210.0,4.6
202204241635,210.0,4.6
202204241655,200.0,3.6
202204241715,200.0,4.6
202204241735,200.0,4.1
202204241755,210.0,6.7
202204241815,230.0,5.1
202204241835,240.0,5.7
202204241855,210.0,4.6
202204241910,230.0,7.7
202204241935,210.0,5.7
202204241955,230.0,4.6
202204242015,220.0,6.2
202204242055,200.0,5.1
202204242115,230.0,6.2
202204242135,220.0,6.2
202204242155,210.0,4.1
202204242215,210.0,5.1
202204242235,210.0,4.6
202204242255,210.0,5.1
202204242315,210.0,4.1
202204242335,200.0,4.1
202204242355,200.0,3.6
202204250015,200.0,3.1
202204250035,200.0,3.1
202204250055,190.0,2.6
202204250115,180.0,2.6
202204250135,180.0,2.1
202204250155,190.0,1.5
202204250215,0.0,0.0
202204250235,200.0,1.5
202204250255,0.0,0.0
202204250315,220.0,1.5
202204250335,210.0,1.5
202204250355,220.0,2.1
202204250415,220.0,2.1
202204250435,210.0,1.5
202204250455,0.0,0.0
202204250510,0.0,0.0
202204250535,230.0,2.1
202204250555,0.0,0.0
202204250615,230.0,2.1
202204250635,220.0,2.1
202204250650,200.0,2.1
202204250715,190.0,2.6
202204250735,,2.1
202204250755,200.0,2.1
202204250815,220.0,3.1
202204250835,230.0,2.6
202204250915,220.0,1.5
202204250935,0.0,0.0
202204250955,0.0,0.0
202204251015,0.0,0.0
202204251035,0.0,0.0
202204251055,0.0,0.0
202204251115,0.0,0.0
202204251135,0.0,0.0
202204251155,0.0,0.0
202204251215,230.0,2.1
202204251235,0.0,0.0
202204251255,220.0,4.1
202204251315,220.0,3.6
202204251335,210.0,4.1
202204251355,200.0,3.1
202204251415,200.0,3.6
202204251435,200.0,4.1
202204251455,190.0,3.1
202204251510,190.0,4.1
202204251555,210.0,3.6
202204251610,210.0,5.1
202204251635,200.0,4.1
202204251655,210.0,4.1
202204251715,180.0,6.2
202204251735,210.0,5.1
202204251755,190.0,5.1
202204251815,170.0,5.7
202204251835,210.0,6.2
202204251855,200.0,4.6
202204251915,180.0,5.1
202204251955,200.0,6.2
202204252015,210.0,5.1
202204252035,200.0,5.7
202204252055,190.0,5.7
202204252115,200.0,5.1
202204252155,210.0,4.6
202204252215,220.0,4.6
202204252230,210.0,3.6
202204252250,210.0,4.6
202204252315,210.0,3.6
202204252335,210.0,3.6
202204252350,190.0,2.6
202204260015,190.0,1.5
202204260035,190.0,1.5
202204260055,0.0,0.0
202204260115,0.0,0.0
202204260130,0.0,0.0
202204260155,210.0,1.5
202204260215,0.0,0.0
202204260235,0.0,0.0
202204260255,0.0,0.0
202204260315,0.0,0.0
202204260335,0.0,0.0
202204260355,0.0,0.0
202204260410,0.0,0.0
202204260455,280.0,2.6
202204260515,0.0,0.0
202204260535,0.0,0.0
202204260550,0.0,0.0
202204260615,0.0,0.0
202204260635,0.0,0.0
202204260655,0.0,0.0
202204260715,0.0,0.0
202204260755,0.0,0.0
202204260835,310.0,2.6
202204260855,330.0,4.6
202204260915,300.0,3.1
202204260935,320.0,2.6
202204260950,330.0,2.1
202204261030,300.0,2.6
202204261055,320.0,4.1
202204261115,,3.6
202204261135,40.0,2.1
202204261150,30.0,3.6
202204261215,350.0,2.6
202204261235,340.0,3.1
202204261255,350.0,3.1
202204261315,350.0,4.1
202204261335,30.0,4.1
202204261355,350.0,4.1
202204261415,,3.6
202204261435,350.0,3.6
202204261455,350.0,3.6
202204261515,340.0,2.6
202204261535,350.0,3.1
202204261555,340.0,2.6
202204261615,350.0,4.6
202204261635,,3.6
202204261655,340.0,3.6
202204261715,320.0,3.1
202204261735,350.0,4.1
202204261755,350.0,2.6
202204261815,,2.6
202204261835,,2.1
202204261855,,2.6
202204261915,340.0,4.1
202204261930,320.0,4.1
202204261955,350.0,5.1
202204262015,,3.6
202204262055,,3.1
202204262115,,2.1
202204262135,310.0,3.1
202204262155,340.0,4.6
202204262210,320.0,4.1
202204262235,,3.1
202204262255,,3.1
202204262315,320.0,4.1
202204262330,310.0,4.1
202204262355,320.0,2.1
202204270015,320.0,2.1
202204270035,330.0,2.6
202204270055,330.0,1.5
202204270115,350.0,1.5
202204270135,350.0,2.1
202204270155,350.0,2.6
202204270215,350.0,2.6
202204270235,350.0,3.1
202204270255,,2.1
202204270315,10.0,1.5
202204270335,10.0,2.6
202204270355,40.0,2.1
202204270415,50.0,1.5
202204270430,40.0,2.6
202204270455,40.0,1.5
202204270515,30.0,2.1
202204270535,0.0,0.0
202204270555,0.0,0.0
202204270615,0.0,0.0
202204270635,0.0,0.0
202204270655,40.0,1.5
202204270715,40.0,1.5
202204270755,0.0,0.0
202204270815,0.0,0.0
202204270855,0.0,0.0
202204270935,0.0,0.0
202204271015,30.0,2.6
202204271035,40.0,2.6
202204271055,,2.6
202204271115,30.0,2.6
202204271135,40.0,2.6
202204271155,40.0,2.1
202204271215,,3.1
202204271235,30.0,3.6
202204271255,30.0,3.6
202204271315,20.0,4.1
202204271335,30.0,4.6
202204271355,40.0,5.7
202204271435,30.0,5.7
202204271455,30.0,5.1
202204271515,10.0,5.1
202204271535,30.0,4.1
202204271555,30.0,5.1
202204271650,40.0,3.6
202204271715,30.0,6.7
202204271735,20.0,5.7
202204271755,20.0,5.7
202204271815,20.0,4.6
202204271835,30.0,6.7
202204271855,10.0,6.2
202204271915,40.0,4.1
202204271935,350.0,5.7
202204271955,30.0,5.7
202204272015,30.0,4.1
202204272035,30.0,3.6
202204272055,,3.1
202204272115,30.0,5.1
202204272135,20.0,5.7
202204272155,40.0,4.1
202204272215,40.0,4.6
202204272235,50.0,4.1
202204272255,50.0,3.6
202204272315,40.0,3.1
202204272335,50.0,2.1
202204272355,0.0,0.0
202204280015,0.0,0.0
202204280035,0.0,0.0
202204280055,0.0,0.0
202204280110,0.0,0.0
202204280135,0.0,0.0
202204280155,0.0,0.0
202204280215,0.0,0.0
202204280255,0.0,0.0
202204280335,0.0,0.0
202204280355,0.0,0.0
202204280415,0.0,0.0
202204280435,0.0,0.0
202204280455,0.0,0.0
202204280515,0.0,0.0
202204280535,0.0,0.0
202204280555,0.0,0.0
202204280615,0.0,0.0
202204280635,0.0,0.0
202204280655,0.0,0.0
202204280715,0.0,0.0
202204280735,0.0,0.0
202204280755,0.0,0.0
202204280815,0.0,0.0
202204280835,0.0,0.0
202204280855,0.0,0.0
202204280915,0.0,0.0
202204280935,0.0,0.0
202204280950,0.0,0.0
202204281015,0.0,0.0
202204281030,0.0,0.0
202204281055,0.0,0.0
202204281115,0.0,0.0
202204281135,0.0,0.0
202204281155,0.0,0.0
202204281210,0.0,0.0
202204281235,0.0,0.0
202204281255,,2.1
202204281315,20.0,2.6
202204281335,,2.6
202204281355,0.0,0.0
202204281415,30.0,2.1
202204281455,20.0,1.5
202204281510,,2.1
202204281535,,1.5
202204281550,,2.1
202204281635,0.0,0.0
202204281715,0.0,0.0
202204281735,0.0,0.0
202204281755,0.0,0.0
202204281815,0.0,0.0
202204281835,,2.1
202204281850,,2.1
202204281915,0.0,0.0
202204281930,0.0,0.0
202204281955,150.0,2.1
202204282015,0.0,0.0
202204282035,0.0,0.0
202204282055,250.0,2.6
202204282115,200.0,1.5
202204282135,,2.6
202204282155,,1.5
202204282215,0.0,0.0
202204282235,,1.5
202204282250,0.0,0.0
202204282315,0.0,0.0
202204282335,0.0,0.0
202204282355,0.0,0.0
202204290015,0.0,0.0
202204290035,0.0,0.0
202204290055,0.0,0.0
202204290115,0.0,0.0
202204290135,0.0,0.0
202204290155,0.0,0.0
202204290215,0.0,0.0
202204290235,0.0,0.0
202204290250,0.0,0.0
202204290315,0.0,0.0
202204290335,0.0,0.0
202204290355,0.0,0.0
202204290415,0.0,0.0
202204290435,0.0,0.0
202204290450,0.0,0.0
202204290535,0.0,0.0
202204290555,0.0,0.0
202204290615,0.0,0.0
202204290630,0.0,0.0
202204290655,0.0,0.0
202204290715,0.0,0.0
202204290735,0.0,0.0
202204290755,0.0,0.0
202204290815,0.0,0.0
202204290835,0.0,0.0
202204290855,0.0,0.0
202204290915,0.0,0.0
202204290935,0.0,0.0
202204290955,0.0,0.0
202204291015,0.0,0.0
202204291035,0.0,0.0
202204291055,0.0,0.0
202204291115,0.0,0.0
202204291135,0.0,0.0
202204291155,0.0,0.0
202204291215,0.0,0.0
202204291235,0.0,0.0
202204291255,0.0,0.0
202204291315,0.0,0.0
202204291335,0.0,0.0
202204291355,0.0,0.0
202204291415,,
202204291430,,2.6
202204291455,,2.6
202204291515,210.0,5.1
202204291535,210.0,4.6
202204291555,,3.1
202204291610,210.0,5.1
202204291635,210.0,6.2
202204291655,200.0,4.6
202204291715,210.0,5.7
202204291735,210.0,3.6
202204291755,230.0,6.7
202204291810,220.0,4.1
202204291835,210.0,2.6
202204291855,180.0,3.6
202204291915,,3.1
202204291955,190.0,3.6
202204292015,180.0,4.1
202204292035,230.0,5.1
202204292055,200.0,3.1
202204292115,220.0,4.6
202204292135,200.0,4.6
202204292155,200.0,3.1
202204292215,190.0,3.6
202204292235,200.0,2.6
202204292255,200.0,2.1
202204292310,210.0,2.1
202204292335,0.0,0.0
202204292355,190.0,1.5
202204300015,190.0,2.6
202204300035,190.0,2.6
202204300055,,1.5
202204300115,180.0,1.5
202204300135,0.0,0.0
202204300155,0.0,0.0
202204300215,0.0,0.0
202204300235,0.0,0.0
202204300255,0.0,0.0
202204300335,,1.5
202204300355,0.0,0.0
202204300415,0.0,0.0
202204300435,0.0,0.0
202204300455,0.0,0.0
202204300515,0.0,0.0
202204300535,0.0,0.0
202204300555,0.0,0.0
202204300635,0.0,0.0
202204300735,0.0,0.0
202204300755,0.0,0.0
202204300815,0.0,0.0
202204300835,0.0,0.0
202204300855,0.0,0.0
202204300915,0.0,0.0
202204300935,0.0,0.0
202204300955,0.0,0.0
202204301015,0.0,0.0
202204301035,0.0,0.0
202204301055,0.0,0.0
202204301115,0.0,0.0
202204301135,0.0,0.0
202204301150,0.0,0.0
202204301215,,3.1
202204301235,240.0,2.1
202204301255,220.0,2.1
202204301310,230.0,1.5
202204301335,200.0,4.1
202204301415,190.0,4.6
202204301435,190.0,5.1
202204301455,200.0,6.2
202204301515,190.0,3.6
202204301535,190.0,4.6
202204301555,210.0,5.7
202204301615,160.0,4.6
202204301635,210.0,4.6
202204301655,190.0,4.6
202204301715,180.0,5.1
202204301730,180.0,4.6
202204301755,210.0,6.2
202204301810,190.0,5.7
202204301835,200.0,5.7
202204301855,200.0,6.2
202204301915,210.0,6.2
202204301935,190.0,3.6
202204301955,190.0,5.1
202204302015,210.0,5.7
202204302035,200.0,5.1
202204302055,220.0,4.1
202204302115,210.0,4.6
202204302135,170.0,4.6
202204302155,180.0,3.6
202204302215,190.0,3.6
202204302230,170.0,4.1
202204302255,190.0,5.1
202204302310,180.0,4.1
202204302335,190.0,3.6
202204302355,,3.1
202205010015,180.0,1.5
202205010055,,1.5
202205010115,160.0,2.1
202205010135,,1.5
202205010155,0.0,0.0
202205010215,0.0,0.0
202205010235,170.0,2.1
202205010255,0.0,0.0
202205010315,0.0,0.0
202205010335,230.0,1.5
202205010355,210.0,3.1
202205010410,200.0,3.1
202205010435,180.0,4.6
202205010455,180.0,5.1
202205010515,180.0,3.6
202205010535,170.0,4.6
202205010555,190.0,2.6
202205010615,200.0,3.1
202205010635,,2.6
202205010655,,3.1
202205010730,190.0,3.6
202205010755,210.0,4.6
202205010835,210.0,4.1
202205010855,210.0,3.6
202205010915,190.0,4.1
202205010935,190.0,4.1
202205010955,190.0,4.1
202205011015,200.0,4.6
202205011035,210.0,4.6
202205011055,190.0,5.1
202205011115,200.0,4.1
202205011135,190.0,5.7
202205011155,200.0,4.6
202205011215,190.0,5.7
202205011235,210.0,5.7
202205011255,200.0,5.7
202205011315,190.0,4.6
202205011335,200.0,3.6
202205011355,200.0,5.1
202205011415,190.0,4.6
202205011435,190.0,5.1
202205011450,170.0,5.7
202205011515,190.0,3.6
202205011535,190.0,3.6
202205011550,190.0,3.1
202205011615,200.0,3.6
202205011635,200.0,3.1
202205011655,170.0,4.6
202205011715,180.0,4.6
202205011735,190.0,3.6
202205011750,,2.6
202205011815,200.0,3.6
202205011835,170.0,4.1
202205011855,210.0,5.7
202205011915,190.0,4.6
202205011935,190.0,3.6
202205011955,200.0,4.1
202205012010,170.0,3.1
202205012035,,2.1
202205012055,210.0,5.1
202205012115,180.0,4.6
202205012135,200.0,4.1
202205012155,190.0,4.1
202205012215,180.0,4.6
202205012235,180.0,3.6
202205012310,190.0,3.1
202205012335,190.0,3.6
202205012355,170.0,2.1
202205020015,190.0,2.1
202205020035,0.0,0.0
202205020055,0.0,0.0
202205020110,0.0,0.0
202205020135,0.0,0.0
202205020155,0.0,0.0
202205020215,0.0,0.0
202205020235,0.0,0.0
202205020315,0.0,0.0
202205020330,0.0,0.0
202205020415,0.0,0.0
202205020435,0.0,0.0
202205020455,0.0,0.0
202205020515,0.0,0.0
202205020535,0.0,0.0
202205020555,0.0,0.0
202205020615,0.0,0.0
202205020635,0.0,0.0
202205020655,0.0,0.0
202205020715,0.0,0.0
202205020735,0.0,0.0
202205020755,0.0,0.0
202205020815,40.0,2.1
202205020855,0.0,0.0
202205020915,0.0,0.0
202205020935,0.0,0.0
202205020955,0.0,0.0
202205021015,0.0,0.0
202205021035,0.0,0.0
202205021050,0.0,0.0
202205021115,0.0,0.0
202205021150,0.0,0.0
202205021210,0.0,0.0
202205021235,0.0,0.0
202205021255,0.0,0.0
202205021315,0.0,0.0
202205021335,0.0,0.0
202205021355,0.0,0.0
202205021410,0.0,0.0
202205021435,0.0,0.0
202205021450,0.0,0.0
202205021515,0.0,0.0
202205021530,120.0,2.1
202205021555,0.0,0.0
202205021615,0.0,0.0
202205021635,,2.1
202205021655,0.0,0.0
202205021715,220.0,4.1
202205021735,,2.6
202205021755,260.0,3.6
202205021815,210.0,2.6
202205021855,230.0,3.1
202205021915,,2.6
202205021935,,3.6
202205022015,,2.1
202205022035,0.0,0.0
202205022055,,2.6
202205022115,170.0,3.6
202205022135,160.0,2.1
202205022155,0.0,0.0
202205022215,0.0,0.0
202205022235,0.0,0.0
202205022255,0.0,0.0
202205022315,120.0,1.5
202205022335,0.0,0.0
202205022355,0.0,0.0
202205030015,0.0,0.0
202205030055,0.0,0.0
202205030115,0.0,0.0
202205030130,0.0,0.0
202205030215,0.0,0.0
202205030235,230.0,2.1
202205030255,190.0,1.5
202205030315,0.0,0.0
202205030335,0.0,0.0
202205030355,0.0,0.0
202205030415,0.0,0.0
202205030435,230.0,2.1
202205030450,0.0,0.0
202205030515,0.0,0.0
202205030535,0.0,0.0
202205030555,0.0,0.0
202205030635,0.0,0.0
202205030655,0.0,0.0
202205030715,0.0,0.0
202205030735,0.0,0.0
202205030755,190.0,1.5
202205030815,210.0,2.1
202205030835,210.0,2.1
202205030855,220.0,3.1
202205030915,210.0,2.6
202205030935,220.0,3.6
202205030950,200.0,2.6
202205031015,220.0,3.6
202205031035,210.0,3.1
202205031055,200.0,3.6
202205031115,,3.1
202205031135,190.0,2.6
202205031215,190.0,3.6
202205031235,200.0,3.1
202205031255,200.0,5.7
202205031315,210.0,4.6
202205031335,200.0,5.7
202205031355,210.0,5.7
202205031415,210.0,5.7
202205031435,190.0,3.6
202205031455,200.0,4.1
202205031535,210.0,6.7
202205031555,210.0,6.7
202205031615,230.0,6.7
202205031630,220.0,5.1
202205031655,200.0,6.7
202205031715,200.0,8.2
202205031735,200.0,7.7
202205031755,200.0,6.2
202205031815,200.0,6.2
202205031835,210.0,6.7
202205031855,190.0,6.2
202205031915,190.0,5.1
202205031935,210.0,7.2
202205031955,220.0,8.7
202205032015,200.0,5.7
202205032035,200.0,6.2
202205032055,220.0,5.7
202205032115,200.0,5.7
202205032130,210.0,6.7
202205032155,200.0,6.2
202205032215,210.0,5.1
202205032235,200.0,5.1
202205032255,190.0,3.1
202205032315,190.0,3.1
202205032335,200.0,3.6
202205040010,200.0,2.6
202205040035,190.0,3.1
202205040055,210.0,3.1
202205040115,210.0,3.6
202205040135,210.0,3.6
202205040155,200.0,3.1
202205040210,230.0,5.1
202205040235,170.0,2.1
202205040255,0.0,0.0
202205040315,0.0,0.0
202205040335,0.0,0.0
202205040355,0.0,0.0
202205040415,0.0,0.0
202205040435,220.0,1.5
202205040455,0.0,0.0
202205040515,0.0,0.0
202205040535,0.0,0.0
202205040555,0.0,0.0
202205040610,0.0,0.0
202205040635,0.0,0.0
202205040655,0.0,0.0
202205040715,210.0,1.5
202205040755,0.0,0.0
202205040815,0.0,0.0
202205040835,0.0,0.0
202205040855,210.0,1.5
202205040935,160.0,2.6
202205040955,0.0,0.0
202205041015,170.0,1.5
202205041030,0.0,0.0
202205041055,200.0,1.5
202205041130,0.0,0.0
202205041155,0.0,0.0
202205041215,210.0,3.1
202205041235,220.0,2.6
202205041255,,2.1
202205041315,200.0,2.6
202205041335,200.0,2.6
202205041355,,2.1
202205041410,0.0,0.0
202205041430,0.0,0.0
202205041455,,2.1
202205041515,,2.1
202205041535,,2.6
202205041555,,2.1
202205041610,,2.6
202205041635,320.0,2.6
202205041650,260.0,2.1
202205041715,,3.1
202205041735,,1.5
202205041755,260.0,3.6
202205041815,260.0,3.6
202205041835,270.0,4.6
202205041855,290.0,3.1
202205041915,320.0,3.1
202205041935,,2.6
202205042015,320.0,2.6
202205042030,280.0,5.1
202205042055,290.0,3.1
202205042115,,3.1
202205042135,320.0,3.6
202205042155,300.0,4.1
202205042235,280.0,4.1
202205042255,280.0,4.1
202205042315,,3.1
202205042335,0.0,0.0
202205042355,,2.1
202205050035,330.0,2.1
202205050055,350.0,3.1
202205050110,340.0,3.1
202205050135,320.0,2.1
202205050155,0.0,0.0
202205050215,330.0,2.1
202205050235,350.0,2.6
202205050255,350.0,2.1
202205050315,0.0,0.0
202205050330,0.0,0.0
202205050355,0.0,0.0
202205050415,10.0,2.1
202205050435,30.0,2.6
202205050455,50.0,1.5
202205050515,40.0,2.1
202205050555,0.0,0.0
202205050615,0.0,0.0
202205050635,,1.5
202205050715,0.0,0.0
202205050730,0.0,0.0
202205050755,0.0,0.0
202205050815,0.0,0.0
202205050835,0.0,0.0
202205050855,0.0,0.0
202205050915,0.0,0.0
202205050935,0.0,0.0
202205050955,0.0,0.0
202205051035,0.0,0.0
202205051055,0.0,0.0
202205051115,50.0,1.5
202205051135,0.0,0.0
202205051155,0.0,0.0
202205051255,,1.5
202205051315,30.0,2.1
202205051335,0.0,0.0
202205051355,0.0,0.0
202205051415,0.0,0.0
202205051435,0.0,0.0
202205051455,0.0,0.0
202205051515,0.0,0.0
202205051535,210.0,2.1
202205051555,0.0,0.0
202205051615,0.0,0.0
202205051635,,1.5
202205051655,210.0,3.6
202205051715,0.0,0.0
202205051735,210.0,3.1
202205051755,,2.6
202205051815,220.0,3.1
202205051830,,2.1
202205051855,,1.5
202205051930,200.0,2.6
202205051955,,1.5
202205052015,0.0,0.0
202205052035,,2.6
202205052115,230.0,4.6
202205052135,210.0,3.6
202205052155,,2.6
202205052235,,3.1
202205052255,,2.6
202205052310,,1.5
202205052335,0.0,0.0
202205052355,170.0,4.1
202205060015,190.0,3.1
202205060035,,2.1
202205060055,0.0,0.0
202205060115,0.0,0.0
202205060135,0.0,0.0
202205060155,0.0,0.0
202205060215,0.0,0.0
202205060235,0.0,0.0
202205060255,200.0,2.1
202205060315,200.0,2.1
202205060335,210.0,4.6
202205060355,210.0,4.6
202205060415,220.0,4.6
202205060430,220.0,5.1
202205060455,220.0,3.1
202205060515,220.0,3.6
202205060535,220.0,4.1
202205060555,230.0,3.6
202205060615,220.0,4.1
202205060635,240.0,3.6
202205060650,210.0,2.6
202205060710,,3.1
202205060730,200.0,2.1
202205060755,230.0,3.1
202205060810,210.0,2.1
202205060835,,2.1
202205060855,190.0,3.6
202205060915,,2.6
202205060935,210.0,3.6
202205060950,180.0,4.1
202205061010,200.0,4.1
202205061055,,3.1
202205061115,210.0,3.6
202205061135,190.0,5.1
202205061150,180.0,4.1
202205061215,190.0,3.6
202205061235,200.0,4.1
202205061255,200.0,4.1
202205061310,210.0,4.1
202205061330,210.0,4.6
202205061350,200.0,4.6
202205061410,180.0,3.1
202205061430,190.0,2.6
202205061450,200.0,4.1
202205061510,180.0,4.1
202205061535,190.0,4.1
202205061610,210.0,6.7
202205061655,200.0,6.2
202205061715,200.0,6.7
202205061735,200.0,8.7
202205061750,220.0,7.7
202205061815,220.0,8.2
202205061835,210.0,8.7
202205061915,220.0,4.1
202205061935,200.0,7.2
202205061955,290.0,7.2
202205062015,250.0,8.2
202205062035,230.0,5.1
202205062055,230.0,6.2
202205062115,240.0,5.7
202205062135,220.0,3.6
202205062155,240.0,6.7
202205062215,240.0,7.2
202205062235,240.0,7.7
202205062255,250.0,7.7
202205062315,240.0,7.2
202205062335,250.0,4.6
202205062355,240.0,4.1
202205070015,230.0,4.6
202205070035,230.0,4.1
202205070055,230.0,5.1
202205070115,220.0,5.7
202205070155,250.0,4.1
202205070215,230.0,4.6
202205070235,230.0,3.6
202205070255,230.0,4.1
202205070315,260.0,3.6
202205070355,220.0,2.1
202205070415,200.0,2.1
202205070435,250.0,4.6
202205070455,240.0,5.1
202205070515,220.0,4.1
202205070535,230.0,3.6
202205070555,,2.1
202205070610,220.0,1.5
202205070635,,2.6
202205070655,230.0,3.1
202205070715,240.0,3.6
202205070735,290.0,3.1
202205070755,240.0,2.6
202205070815,240.0,2.6
202205070835,250.0,2.6
202205070855,230.0,3.1
202205070915,0.0,0.0
202205070930,250.0,2.1
202205070955,270.0,3.1
202205071015,280.0,2.1
202205071035,250.0,2.1
202205071115,260.0,2.6
202205071135,290.0,3.6
202205071155,0.0,0.0
202205071235,0.0,0.0
202205071255,0.0,0.0
202205071315,280.0,1.5
202205071335,310.0,2.6
202205071355,280.0,3.1
202205071415,280.0,2.6
202205071435,,1.5
202205071455,320.0,2.6
202205071515,310.0,3.6
202205071535,310.0,4.1
202205071555,300.0,4.6
202205071615,,3.1
202205071635,270.0,2.6
202205071655,,2.1
202205071715,,2.1
202205071735,290.0,2.6
202205071755,250.0,3.1
202205071815,,2.6
202205071830,310.0,4.1
202205071855,300.0,4.1
202205071935,,3.1
202205071955,310.0,3.1
202205072015,,2.6
202205072035,320.0,4.1
202205072050,330.0,4.6
202205072115,310.0,4.6
202205072135,300.0,5.7
202205072155,,3.6
202205072215,310.0,3.1
202205072235,330.0,3.6
202205072255,330.0,2.6
202205072335,330.0,3.6
202205072355,340.0,4.1
202205080015,350.0,3.1
202205080035,330.0,3.1
202205080055,350.0,2.6
202205080115,350.0,2.6
202205080150,,2.6
202205080215,,2.1
202205080235,0.0,0.0
202205080255,0.0,0.0
202205080315,0.0,0.0
202205080335,340.0,1.5
202205080355,,3.1
202205080415,10.0,2.6
202205080435,,2.6
202205080455,,2.6
202205080515,10.0,2.6
202205080535,30.0,2.1
202205080555,,3.1
202205080615,30.0,2.1
202205080635,20.0,2.6
202205080655,0.0,0.0
202205080715,20.0,2.1
202205080735,0.0,0.0
202205080815,0.0,0.0
202205080835,20.0,2.1
202205080855,20.0,2.6
202205080915,30.0,2.1
202205080935,30.0,2.1
202205080955,10.0,1.5
202205081015,0.0,0.0
202205081035,0.0,0.0
202205081055,0.0,0.0
202205081115,0.0,0.0
202205081135,30.0,1.5
202205081155,20.0,2.1
202205081215,,2.1
202205081235,,2.6
202205081255,20.0,3.1
202205081310,,3.1
202205081355,40.0,3.1
202205081415,60.0,2.6
202205081435,,1.5
202205081455,20.0,2.1
202205081515,,2.1
202205081535,,2.6
202205081555,0.0,0.0
202205081615,0.0,0.0
202205081655,0.0,0.0
202205081735,20.0,2.1
202205081755,330.0,2.1
202205081810,,2.1
202205081830,,2.6
202205081855,,1.5
202205081915,,2.1
202205081930,340.0,2.6
202205081955,,2.6
202205082015,30.0,3.6
202205082035,320.0,3.1
202205082055,,3.6
202205082115,10.0,2.6
202205082135,,3.1
202205082155,,3.1
202205082215,30.0,2.1
202205082235,30.0,3.6
202205082255,30.0,2.6
202205082315,,1.5
202205082335,70.0,2.1
202205090015,60.0,2.6
202205090035,0.0,0.0
202205090055,0.0,0.0
202205090110,0.0,0.0
202205090135,0.0,0.0
202205090155,0.0,0.0
202205090235,0.0,0.0
202205090255,0.0,0.0
202205090335,0.0,0.0
202205090355,0.0,0.0
202205090415,0.0,0.0
202205090455,0.0,0.0
202205090515,0.0,0.0
202205090530,0.0,0.0
202205090555,0.0,0.0
202205090615,0.0,0.0
202205090630,0.0,0.0
202205090655,0.0,0.0
202205090715,0.0,0.0
202205090735,0.0,0.0
202205090755,0.0,0.0
202205090810,0.0,0.0
202205090835,0.0,0.0
202205090855,0.0,0.0
202205090915,0.0,0.0
202205090935,0.0,0.0
202205090955,0.0,0.0
202205091015,0.0,0.0
202205091035,0.0,0.0
202205091055,0.0,0.0
202205091115,0.0,0.0
202205091135,0.0,0.0
202205091155,0.0,0.0
202205091215,0.0,0.0
202205091235,0.0,0.0
202205091255,0.0,0.0
202205091315,0.0,0.0
202205091355,0.0,0.0
202205091435,,2.1
202205091455,0.0,0.0
202205091515,,1.5
202205091535,0.0,0.0
202205091555,130.0,2.1
202205091615,180.0,2.1
202205091630,100.0,1.5
202205091655,220.0,2.6
202205091715,150.0,2.1
202205091735,,2.1
202205091755,220.0,2.6
202205091815,,2.1
202205091835,0.0,0.0
202205091850,,2.6
202205091915,,2.6
202205091935,0.0,0.0
202205091955,0.0,0.0
202205092015,,2.1
202205092035,0.0,0.0
202205092055,0.0,0.0
202205092115,0.0,0.0
202205092135,,1.5
202205092155,210.0,3.1
202205092210,220.0,1.5
202205092235,190.0,2.6
202205092255,,2.6
202205092315,210.0,2.6
202205092335,0.0,0.0
202205092355,200.0,2.6
202205100015,170.0,2.1
202205100035,170.0,1.5
202205100055,170.0,1.5
202205100115,0.0,0.0
202205100130,220.0,2.1
202205100155,200.0,2.1
202205100215,0.0,0.0
202205100235,210.0,2.1
202205100255,210.0,1.5
202205100315,200.0,3.1
202205100330,210.0,2.6
202205100415,220.0,2.6
202205100435,210.0,2.6
202205100455,220.0,1.5
202205100515,0.0,0.0
202205100535,0.0,0.0
202205100555,0.0,0.0
202205100615,0.0,0.0
202205100635,0.0,0.0
202205100655,0.0,0.0
202205100715,0.0,0.0
202205100735,0.0,0.0
202205100755,0.0,0.0
202205100815,0.0,0.0
202205100835,0.0,0.0
202205100850,0.0,0.0
202205100910,0.0,0.0
202205100935,0.0,0.0
202205100955,0.0,0.0
202205101015,0.0,0.0
202205101035,0.0,0.0
202205101055,0.0,0.0
202205101115,0.0,0.0
202205101135,0.0,0.0
202205101150,0.0,0.0
202205101210,0.0,0.0
202205101230,0.0,0.0
202205101255,0.0,0.0
202205101315,0.0,0.0
202205101335,0.0,0.0
202205101350,0.0,0.0
202205101415,0.0,0.0
202205101435,,1.5
202205101455,0.0,0.0
202205101510,240.0,1.5
202205101530,260.0,2.6
202205101555,0.0,0.0
202205101615,0.0,0.0
202205101635,0.0,0.0
202205101650,,2.1
202205101710,0.0,0.0
202205101735,70.0,2.1
202205101755,0.0,0.0
202205101815,,1.5
202205101835,0.0,0.0
202205101850,0.0,0.0
202205101935,,1.5
202205101955,0.0,0.0
202205102015,20.0,3.1
202205102035,0.0,0.0
202205102050,0.0,0.0
202205102115,0.0,0.0
202205102135,,1.5
202205102155,0.0,0.0
202205102215,0.0,0.0
202205102235,0.0,0.0
202205102310,340.0,1.5
202205102335,10.0,2.1
202205102355,0.0,0.0
202205110010,0.0,0.0
202205110035,0.0,0.0
202205110055,0.0,0.0
202205110115,0.0,0.0
202205110130,0.0,0.0
202205110150,0.0,0.0
202205110215,0.0,0.0
202205110235,0.0,0.0
202205110255,0.0,0.0
202205110315,0.0,0.0
202205110335,0.0,0.0
202205110355,0.0,0.0
202205110415,0.0,0.0
202205110435,0.0,0.0
202205110455,0.0,0.0
202205110515,0.0,0.0
202205110530,0.0,0.0
202205110615,0.0,0.0
202205110635,0.0,0.0
202205110655,0.0,0.0
202205110735,0.0,0.0
202205110755,0.0,0.0
202205110815,0.0,0.0
202205110835,0.0,0.0
202205110855,0.0,0.0
202205110915,0.0,0.0
202205110935,0.0,0.0
202205110955,0.0,0.0
202205111015,0.0,0.0
202205111035,0.0,0.0
202205111055,0.0,0.0
202205111135,230.0,2.1
202205111235,200.0,2.1
202205111255,200.0,2.1
202205111315,0.0,0.0
202205111330,0.0,0.0
202205111355,230.0,3.6
202205111410,240.0,3.6
202205111435,210.0,5.1
202205111455,210.0,4.1
202205111515,220.0,3.6
202205111535,170.0,2.6
202205111555,,3.1
202205111615,180.0,2.1
202205111635,,2.1
202205111655,0.0,0.0
202205111715,240.0,2.1
202205111735,,3.1
202205111755,220.0,2.6
202205111815,0.0,0.0
202205111830,270.0,2.1
202205111855,,2.6
202205111915,20.0,2.1
202205111935,0.0,0.0
202205111955,,2.1
202205112015,,1.5
202205112030,30.0,4.1
202205112055,,4.1
202205112110,350.0,3.1
202205112135,0.0,0.0
202205112155,340.0,1.5
202205112215,20.0,2.6
202205112235,350.0,3.6
202205112255,10.0,2.1
202205112315,350.0,2.1
202205112335,0.0,0.0
202205112355,0.0,0.0
202205120015,0.0,0.0
202205120115,0.0,0.0
202205120130,0.0,0.0
202205120155,0.0,0.0
202205120215,0.0,0.0
202205120235,0.0,0.0
202205120255,0.0,0.0
202205120315,0.0,0.0
202205120335,0.0,0.0
202205120355,0.0,0.0
202205120415,0.0,0.0
202205120435,0.0,0.0
202205120450,0.0,0.0
202205120515,0.0,0.0
202205120535,210.0,2.6
202205120555,0.0,0.0
202205120615,0.0,0.0
202205120635,0.0,0.0
202205120655,0.0,0.0
202205120715,0.0,0.0
202205120735,0.0,0.0
202205120755,0.0,0.0
202205120815,0.0,0.0
202205120835,0.0,0.0
202205120855,0.0,0.0
202205120915,0.0,0.0
202205120935,0.0,0.0
202205120955,0.0,0.0
202205121015,0.0,0.0
202205121035,0.0,0.0
202205121055,0.0,0.0
202205121115,0.0,0.0
202205121135,0.0,0.0
202205121155,0.0,0.0
202205121215,0.0,0.0
202205121235,0.0,0.0
202205121255,0.0,0.0
202205121315,0.0,0.0
202205121335,0.0,0.0
202205121355,,1.5
202205121415,0.0,0.0
202205121435,0.0,0.0
202205121450,60.0,1.5
202205121515,,1.5
202205121535,,1.5
202205121555,0.0,0.0
202205121615,,1.5
202205121635,0.0,0.0
202205121715,,1.5
202205121735,0.0,0.0
202205121755,320.0,3.1
202205121815,350.0,4.1
202205121835,,2.6
202205121855,350.0,4.1
202205121915,,1.5
202205121935,70.0,3.1
202205121955,,4.1
202205122015,0.0,0.0
202205122035,40.0,3.1
202205122055,10.0,5.1
202205122115,30.0,4.6
202205122135,,3.1
202205122155,40.0,3.1
202205122215,70.0,2.6
202205122235,50.0,3.6
202205122255,40.0,3.6
202205122315,50.0,2.1
202205122335,0.0,0.0
202205122350,0.0,0.0
202205130015,0.0,0.0
202205130035,0.0,0.0
202205130055,0.0,0.0
202205130115,0.0,0.0
202205130130,0.0,0.0
202205130215,0.0,0.0
202205130235,0.0,0.0
202205130255,0.0,0.0
202205130315,0.0,0.0
202205130335,0.0,0.0
202205130355,200.0,2.1
202205130410,0.0,0.0
202205130430,200.0,1.5
202205130455,210.0,2.1
202205130515,0.0,0.0
202205130535,0.0,0.0
202205130555,0.0,0.0
202205130615,0.0,0.0
202205130635,0.0,0.0
202205130655,0.0,0.0
202205130715,0.0,0.0
202205130735,0.0,0.0
202205130755,0.0,0.0
202205130815,0.0,0.0
202205130835,0.0,0.0
202205130855,0.0,0.0
202205130910,0.0,0.0
202205130935,0.0,0.0
202205130955,0.0,0.0
202205131015,0.0,0.0
202205131055,0.0,0.0
202205131135,0.0,0.0
202205131155,0.0,0.0
202205131215,0.0,0.0
202205131235,0.0,0.0
202205131255,0.0,0.0
202205131315,0.0,0.0
202205131335,100.0,2.1
202205131355,0.0,0.0
202205131415,,3.1
202205131435,0.0,0.0
202205131455,,2.6
202205131510,,2.1
202205131535,230.0,1.5
202205131550,,2.6
202205131615,,2.6
202205131635,,1.5
202205131715,210.0,3.1
202205131735,190.0,3.6
202205131755,270.0,3.6
202205131815,,1.5
202205131835,300.0,2.1
202205131850,260.0,2.6
202205131915,170.0,3.1
202205131930,220.0,2.6
202205131955,300.0,2.1
202205132015,,2.6
202205132035,0.0,0.0
202205132055,,1.5
202205132115,70.0,3.1
202205132135,,2.1
202205132155,120.0,3.6
202205132215,,2.1
202205132230,90.0,2.1
202205132255,90.0,2.6
202205132315,0.0,0.0
202205132335,0.0,0.0
202205132355,0.0,0.0
202205140015,0.0,0.0
202205140035,0.0,0.0
202205140055,0.0,0.0
202205140115,0.0,0.0
202205140135,0.0,0.0
202205140155,0.0,0.0
202205140235,0.0,0.0
202205140255,130.0,1.5
202205140315,0.0,0.0
202205140335,0.0,0.0
202205140355,170.0,1.5
202205140415,0.0,0.0
202205140435,0.0,0.0
202205140455,0.0,0.0
202205140515,0.0,0.0
202205140535,,1.5
202205140550,0.0,0.0
202205140615,0.0,0.0
202205140635,170.0,2.1
202205140655,0.0,0.0
202205140735,0.0,0.0
202205140755,0.0,0.0
202205140815,0.0,0.0
202205140835,0.0,0.0
202205140915,0.0,0.0
202205140935,0.0,0.0
202205140955,0.0,0.0
202205141015,200.0,1.5
202205141035,200.0,2.1
202205141055,0.0,0.0
202205141115,0.0,0.0
202205141135,0.0,0.0
202205141155,0.0,0.0
202205141215,0.0,0.0
202205141235,0.0,0.0
202205141255,220.0,2.6
202205141315,220.0,1.5
202205141335,,1.5
202205141355,240.0,2.6
202205141615,160.0,3.6
202205141635,,1.5
202205141655,,1.5
202205141715,0.0,0.0
202205141735,0.0,0.0
202205141755,,1.5
202205141815,0.0,0.0
202205141835,230.0,4.1
202205141855,0.0,0.0
202205141915,0.0,0.0
202205141935,0.0,0.0
202205141955,220.0,3.6
202205142015,,2.1
202205142035,210.0,3.6
202205142055,190.0,3.6
202205142115,,2.1
202205142135,200.0,3.6
202205142155,200.0,2.6
202205142210,0.0,0.0
202205142230,190.0,2.1
202205142255,270.0,2.1
202205142310,300.0,6.2
202205142335,280.0,4.1
202205142355,290.0,2.1
202205150015,0.0,0.0
202205150035,240.0,2.6
202205150055,0.0,0.0
202205150115,0.0,0.0
202205150135,240.0,1.5
202205150155,,1.5
202205150215,0.0,0.0
202205150235,0.0,0.0
202205150255,0.0,0.0
202205150315,0.0,0.0
202205150335,0.0,0.0
202205150415,0.0,0.0
202205150435,0.0,0.0
202205150455,0.0,0.0
202205150515,0.0,0.0
202205150535,0.0,0.0
202205150555,320.0,4.6
202205150615,300.0,2.1
202205150635,0.0,0.0
202205150715,0.0,0.0
202205150735,0.0,0.0
202205150755,40.0,2.1
202205150815,0.0,0.0
202205150835,0.0,0.0
202205150855,0.0,0.0
202205150915,130.0,2.1
202205150935,130.0,4.1
202205150955,,2.6
202205151015,190.0,2.6
202205151035,170.0,3.6
202205151055,330.0,2.1
202205151110,0.0,0.0
202205151135,240.0,2.1
202205151150,180.0,2.1
202205151210,190.0,2.6
202205151235,,2.1
202205151255,0.0,0.0
202205151310,0.0,0.0
202205151335,0.0,0.0
202205151410,130.0,2.6
202205151435,130.0,2.1
202205151510,,2.1
202205151535,0.0,0.0
202205151555,110.0,1.5
202205151615,160.0,2.6
202205151635,0.0,0.0
202205151655,0.0,0.0
202205151715,,1.5
202205151735,0.0,0.0
202205151755,60.0,2.1
202205151815,0.0,0.0
202205151835,,1.5
202205151855,320.0,2.1
202205151915,0.0,0.0
202205151935,10.0,2.1
202205151955,0.0,0.0
202205152015,,2.6
202205152030,0.0,0.0
202205152055,0.0,0.0
202205152115,,3.1
202205152130,,2.1
202205152155,,2.1
202205152215,100.0,2.1
202205152235,,2.1
202205152255,0.0,0.0
202205152315,0.0,0.0
202205152335,0.0,0.0
202205152355,120.0,1.5
202205160010,0.0,0.0
202205160035,0.0,0.0
202205160055,0.0,0.0
202205160110,0.0,0.0
202205160135,0.0,0.0
202205160155,0.0,0.0
202205160215,180.0,1.5
202205160230,190.0,1.5
202205160255,0.0,0.0
202205160315,0.0,0.0
202205160335,0.0,0.0
202205160350,210.0,1.5
202205160415,0.0,0.0
202205160435,0.0,0.0
202205160450,0.0,0.0
202205160515,0.0,0.0
202205160535,0.0,0.0
202205160555,180.0,1.5
202205160615,0.0,0.0
202205160635,0.0,0.0
202205160655,0.0,0.0
202205160715,0.0,0.0
202205160735,0.0,0.0
202205160755,0.0,0.0
202205160815,0.0,0.0
202205160835,0.0,0.0
202205160855,0.0,0.0
202205160915,180.0,2.1
202205160935,0.0,0.0
202205160955,0.0,0.0
202205161015,0.0,0.0
202205161035,0.0,0.0
202205161055,0.0,0.0
202205161115,0.0,0.0
202205161135,0.0,0.0
202205161155,0.0,0.0
202205161215,180.0,1.5
202205161255,170.0,2.1
202205161315,0.0,0.0
202205161335,0.0,0.0
202205161355,0.0,0.0
202205161415,250.0,2.6
202205161435,0.0,0.0
202205161450,310.0,2.6
202205161515,330.0,3.1
202205161535,,2.1
202205161550,330.0,3.1
202205161615,300.0,4.1
202205161655,350.0,3.6
202205161715,,3.1
202205161735,320.0,3.1
202205161755,,2.1
202205161815,290.0,4.1
202205161835,350.0,5.7
202205161855,300.0,3.6
202205161910,290.0,4.1
202205161935,,2.6
202205161955,320.0,4.6
202205162010,340.0,2.6
202205162035,,3.1
202205162055,330.0,4.6
202205162110,350.0,3.1
202205162135,310.0,4.1
202205162155,330.0,3.6
202205162230,320.0,3.6
202205162255,310.0,4.1
202205162315,330.0,4.1
202205162335,320.0,3.6
202205162355,310.0,2.6
202205170015,340.0,2.6
202205170035,330.0,2.6
202205170055,330.0,2.1
202205170115,320.0,2.1
202205170135,320.0,2.1
202205170155,0.0,0.0
202205170215,0.0,0.0
202205170235,0.0,0.0
202205170315,0.0,0.0
202205170335,0.0,0.0
202205170355,0.0,0.0
202205170415,0.0,0.0
202205170435,0.0,0.0
202205170455,0.0,0.0
202205170515,0.0,0.0
202205170535,0.0,0.0
202205170555,0.0,0.0
202205170615,0.0,0.0
202205170635,0.0,0.0
202205170650,0.0,0.0
202205170715,0.0,0.0
202205170735,0.0,0.0
202205170755,0.0,0.0
202205170815,0.0,0.0
202205170830,0.0,0.0
202205170855,0.0,0.0
202205170915,0.0,0.0
202205170935,0.0,0.0
202205170950,0.0,0.0
202205171015,0.0,0.0
202205171035,0.0,0.0
202205171055,0.0,0.0
202205171115,0.0,0.0
202205171135,0.0,0.0
202205171155,0.0,0.0
202205171210,0.0,0.0
202205171230,0.0,0.0
202205171255,0.0,0.0
202205171315,0.0,0.0
202205171330,0.0,0.0
202205171355,0.0,0.0
202205171410,0.0,0.0
202205171430,0.0,0.0
202205171515,130.0,2.1
202205171535,,2.1
202205171555,300.0,2.1
202205171615,350.0,2.1
202205171635,330.0,3.6
202205171655,,2.6
202205171715,,3.1
202205171735,30.0,3.6
202205171755,320.0,3.1
202205171815,,3.1
202205171835,350.0,3.6
202205171855,10.0,3.6
202205171915,40.0,3.6
202205171935,40.0,3.6
202205171955,0.0,0.0
202205172015,30.0,4.1
202205172035,20.0,4.1
202205172055,,2.6
202205172115,70.0,2.1
202205172135,,2.6
202205172155,0.0,0.0
202205172235,0.0,0.0
202205172255,350.0,2.1
202205172315,0.0,0.0
202205172335,0.0,0.0
202205172355,0.0,0.0
202205180015,0.0,0.0
202205180035,0.0,0.0
202205180055,0.0,0.0
202205180115,0.0,0.0
202205180135,0.0,0.0
202205180155,0.0,0.0
202205180215,0.0,0.0
202205180235,0.0,0.0
202205180255,0.0,0.0
202205180315,0.0,0.0
202205180335,0.0,0.0
202205180355,0.0,0.0
202205180415,0.0,0.0
202205180435,0.0,0.0
202205180455,0.0,0.0
202205180515,0.0,0.0
202205180555,0.0,0.0
202205180615,0.0,0.0
202205180635,0.0,0.0
202205180655,0.0,0.0
202205180715,0.0,0.0
202205180735,0.0,0.0
202205180750,0.0,0.0
202205180815,0.0,0.0
202205180855,0.0,0.0
202205180915,0.0,0.0
202205180935,0.0,0.0
202205180955,0.0,0.0
202205181015,0.0,0.0
202205181030,0.0,0.0
202205181055,0.0,0.0
202205181115,0.0,0.0
202205181130,0.0,0.0
202205181155,0.0,0.0
202205181215,0.0,0.0
202205181235,0.0,0.0
202205181255,0.0,0.0
202205181315,0.0,0.0
202205181335,,2.1
202205181355,0.0,0.0
202205181410,200.0,2.6
202205181435,180.0,2.6
202205181455,230.0,3.1
202205181510,220.0,3.6
202205181535,,3.1
202205181610,,3.1
202205181635,200.0,4.6
202205181655,170.0,5.1
202205181715,230.0,6.2
202205181735,250.0,5.1
202205181755,200.0,4.6
202205181815,220.0,5.1
202205181835,200.0,4.1
202205181855,210.0,4.6
202205181915,160.0,5.1
202205181935,220.0,5.7
202205181955,180.0,5.7
202205182015,,3.1
202205182035,180.0,6.2
202205182055,180.0,4.1
202205182115,200.0,5.1
202205182135,200.0,5.1
202205182155,180.0,3.6
202205182215,200.0,3.6
202205182235,200.0,5.7
202205182255,210.0,5.7
202205182315,210.0,3.6
202205182335,,3.1
202205182355,200.0,3.1
202205190015,200.0,3.1
202205190055,200.0,2.6
202205190115,200.0,3.1
202205190135,210.0,3.1
202205190155,220.0,3.6
202205190215,210.0,3.6
202205190235,210.0,3.1
202205190255,200.0,2.6
202205190315,210.0,3.1
202205190335,210.0,2.1
202205190350,220.0,2.6
202205190415,220.0,2.1
202205190435,210.0,1.5
202205190450,0.0,0.0
202205190510,0.0,0.0
202205190535,0.0,0.0
202205190555,210.0,2.1
202205190615,210.0,2.1
202205190635,210.0,2.6
202205190655,210.0,3.6
202205190710,220.0,3.6
202205190730,220.0,3.6
202205190755,210.0,2.6
202205190815,220.0,2.6
202205190835,210.0,2.6
202205190855,220.0,3.1
202205190915,220.0,3.6
202205190935,220.0,3.6
202205190955,210.0,4.1
202205191015,220.0,4.1
202205191035,210.0,4.1
202205191055,210.0,4.1
202205191115,220.0,3.6
202205191135,220.0,3.6
202205191155,210.0,3.1
202205191215,210.0,4.1
202205191235,210.0,3.6
202205191255,210.0,3.6
202205191315,210.0,3.6
202205191335,200.0,3.6
202205191355,210.0,4.1
202205191435,210.0,3.6
202205191455,230.0,3.1
202205191515,210.0,3.6
202205191535,210.0,3.6
202205191555,250.0,4.1
202205191615,,3.1
202205191635,200.0,2.6
202205191655,210.0,3.6
202205191735,250.0,4.1
202205191755,230.0,4.6
202205191815,250.0,2.6
202205191835,220.0,4.6
202205191855,200.0,5.1
202205191915,230.0,4.6
202205192015,200.0,6.2
202205192035,210.0,7.2
202205192055,200.0,5.7
202205192115,200.0,5.1
202205192135,200.0,6.2
202205192155,200.0,5.1
202205192215,,3.1
202205192235,190.0,3.6
202205192255,190.0,2.6
202205192315,190.0,4.1
202205192335,200.0,3.1
202205192355,200.0,3.1
202205200015,200.0,3.1
202205200030,200.0,2.6
202205200055,200.0,4.1
202205200115,200.0,3.6
202205200135,210.0,3.6
202205200155,210.0,3.1
202205200215,210.0,2.1
202205200235,210.0,3.1
202205200255,210.0,3.6
202205200315,210.0,4.1
202205200335,200.0,3.6
202205200355,200.0,4.6
202205200415,190.0,3.1
202205200435,200.0,3.6
202205200455,,2.6
202205200515,210.0,3.1
202205200535,220.0,3.1
202205200555,210.0,4.1
202205200615,210.0,3.1
202205200635,210.0,2.6
202205200655,220.0,2.6
202205200715,220.0,2.6
202205200815,220.0,3.6
202205200835,230.0,3.1
202205200855,230.0,3.1
202205200915,230.0,3.6
202205200930,220.0,3.1
202205200955,210.0,3.1
202205201010,200.0,3.1
202205201035,,3.1
202205201055,190.0,2.6
202205201115,190.0,3.6
202205201155,190.0,3.1
202205201235,200.0,4.6
202205201255,200.0,4.6
202205201315,200.0,6.2
202205201335,210.0,5.1
202205201355,200.0,5.7
202205201415,190.0,5.1
202205201435,170.0,3.6
202205201455,190.0,5.1
202205201535,210.0,5.7
202205201615,210.0,5.7
202205201630,200.0,7.2
202205201655,200.0,4.6
202205201715,180.0,4.1
202205201735,190.0,6.2
202205201755,190.0,4.6
202205201815,200.0,7.2
202205201850,180.0,5.1
202205201915,190.0,5.1
202205201935,200.0,7.2
202205201955,210.0,7.7
202205202015,180.0,5.1
202205202035,180.0,3.6
202205202055,200.0,5.7
202205202115,190.0,5.7
202205202135,200.0,4.6
202205202155,200.0,4.1
202205202215,180.0,6.2
202205202235,190.0,5.1
202205202255,200.0,5.1
202205202315,180.0,4.1
202205202335,,3.1
202205202355,190.0,3.1
202205210015,190.0,3.6
202205210035,190.0,2.1
202205210055,180.0,2.1
202205210115,0.0,0.0
202205210135,0.0,0.0
202205210155,0.0,0.0
202205210215,0.0,0.0
202205210235,0.0,0.0
202205210255,0.0,0.0
202205210310,190.0,1.5
202205210335,180.0,4.1
202205210355,200.0,4.1
202205210435,200.0,4.1
202205210455,210.0,4.1
202205210515,210.0,4.6
202205210535,200.0,3.1
202205210555,210.0,4.1
202205210610,200.0,3.1
202205210635,200.0,3.1
202205210655,190.0,3.1
202205210715,190.0,3.6
202205210735,200.0,3.6
202205210755,190.0,3.1
202205210815,220.0,2.1
202205210835,210.0,3.1
202205210855,200.0,2.6
202205210915,220.0,2.6
202205211015,210.0,1.5
202205211035,210.0,2.1
202205211055,0.0,0.0
202205211115,220.0,2.1
202205211135,220.0,2.1
202205211155,210.0,2.1
202205211215,210.0,3.1
202205211255,,3.1
202205211315,200.0,3.6
202205211335,200.0,4.1
202205211355,190.0,3.1
202205211415,,2.6
202205211435,210.0,4.6
202205211455,170.0,3.6
202205211515,170.0,3.6
202205211530,190.0,2.1
202205211555,200.0,2.6
202205211610,180.0,3.6
202205211635,180.0,3.6
202205211650,190.0,5.7
202205211735,220.0,6.7
202205211755,200.0,4.1
202205211815,210.0,3.1
202205211835,200.0,6.7
202205211855,230.0,6.2
202205211915,200.0,4.6
202205211935,230.0,5.1
202205211955,290.0,4.6
202205212035,190.0,3.6
202205212055,190.0,3.6
202205212135,210.0,3.6
202205212210,230.0,5.1
202205212235,,2.1
202205212255,180.0,3.1
202205212315,,2.1
202205212335,200.0,2.6
202205212355,180.0,2.1
202205220015,0.0,0.0
202205220035,0.0,0.0
202205220115,0.0,0.0
202205220135,0.0,0.0
202205220155,0.0,0.0
202205220215,,2.1
202205220235,0.0,0.0
202205220255,230.0,2.1
202205220315,200.0,2.1
202205220330,0.0,0.0
202205220355,0.0,0.0
202205220415,0.0,0.0
202205220435,0.0,0.0
202205220455,0.0,0.0
202205220515,0.0,0.0
202205220535,230.0,2.1
202205220555,0.0,0.0
202205220615,0.0,0.0
202205220635,0.0,0.0
202205220655,210.0,2.6
202205220710,200.0,2.1
202205220735,200.0,2.1
202205220755,200.0,2.6
202205220815,200.0,3.6
202205220835,210.0,4.1
202205220855,210.0,4.1
202205220930,210.0,3.1
202205220955,0.0,0.0
202205221010,190.0,1.5
202205221035,200.0,2.1
202205221055,,2.6
202205221115,190.0,3.6
202205221135,190.0,3.6
202205221215,190.0,4.1
202205221235,190.0,4.1
202205221255,180.0,3.6
202205221315,210.0,5.7
202205221335,210.0,6.2
202205221355,210.0,6.2
202205221415,230.0,6.7
202205221435,210.0,4.6
202205221455,200.0,5.1
202205221535,210.0,4.1
202205221555,200.0,4.6
202205221615,210.0,3.6
202205221635,250.0,4.1
202205221655,210.0,4.6
202205221715,,3.1
202205221735,230.0,3.1
202205221750,210.0,3.1
202205221815,270.0,3.1
202205221835,220.0,3.1
202205221855,,2.6
202205221915,0.0,0.0
202205221935,,2.1
202205221955,0.0,0.0
202205222010,,2.1
202205222035,340.0,2.1
202205222055,,3.6
202205222115,10.0,3.6
202205222135,310.0,2.6
202205222150,280.0,3.1
202205222215,320.0,4.1
202205222235,330.0,3.1
202205222315,310.0,1.5
202205222335,210.0,5.7
202205222355,0.0,0.0
202205230015,320.0,2.6
202205230035,20.0,2.1
202205230055,160.0,1.5
202205230115,20.0,2.1
202205230130,0.0,0.0
202205230155,30.0,3.1
202205230215,0.0,0.0
202205230235,70.0,2.1
202205230255,50.0,1.5
202205230315,40.0,1.5
202205230355,0.0,0.0
202205230415,20.0,2.1
202205230430,10.0,2.6
202205230455,0.0,0.0
202205230515,40.0,2.1
202205230535,40.0,2.6
202205230555,40.0,2.6
202205230615,40.0,2.6
202205230630,,2.1
202205230655,,1.5
202205230715,0.0,0.0
202205230735,0.0,0.0
202205230755,0.0,0.0
202205230815,0.0,0.0
202205230835,0.0,0.0
202205230855,0.0,0.0
202205230910,0.0,0.0
202205230935,270.0,2.1
202205230955,0.0,0.0
202205231015,0.0,0.0
202205231035,110.0,2.1
202205231050,,2.1
202205231115,,2.1
202205231135,190.0,1.5
202205231155,190.0,2.1
202205231210,0.0,0.0
202205231235,0.0,0.0
202205231255,0.0,0.0
202205231335,20.0,2.1
202205231355,50.0,2.1
202205231435,50.0,1.5
202205231455,30.0,3.1
202205231515,30.0,3.1
202205231535,30.0,3.6
202205231555,30.0,4.1
202205231615,30.0,4.1
202205231635,20.0,3.1
202205231655,30.0,4.6
202205231715,10.0,4.1
202205231735,10.0,5.7
202205231755,10.0,4.1
202205231815,,3.6
202205231835,20.0,4.1
202205231855,30.0,3.6
202205231915,20.0,3.1
202205231935,,4.1
202205231955,10.0,3.6
202205232015,10.0,3.1
202205232035,350.0,3.6
202205232055,350.0,3.6
202205232135,,2.6
202205232155,310.0,3.1
202205232215,310.0,2.1
202205232235,300.0,3.6
202205232255,,3.1
202205232335,0.0,0.0
202205232355,0.0,0.0
202205240015,0.0,0.0
202205240035,310.0,3.1
202205240055,300.0,2.1
202205240135,340.0,3.1
202205240155,330.0,2.6
202205240215,,1.5
202205240235,350.0,1.5
202205240255,0.0,0.0
202205240315,0.0,0.0
202205240335,0.0,0.0
202205240355,0.0,0.0
202205240415,0.0,0.0
202205240455,0.0,0.0
202205240510,0.0,0.0
202205240535,10.0,2.6
202205240550,20.0,2.1
202205240615,20.0,1.5
202205240635,20.0,3.1
202205240655,20.0,2.6
202205240715,20.0,2.1
202205240735,20.0,2.1
202205240755,10.0,1.5
202205240815,0.0,0.0
202205240835,0.0,0.0
202205240915,0.0,0.0
202205240935,0.0,0.0
202205240955,0.0,0.0
202205241015,0.0,0.0
202205241035,0.0,0.0
202205241055,0.0,0.0
202205241115,,1.5
202205241155,0.0,0.0
202205241235,10.0,2.6
202205241255,10.0,2.1
202205241315,0.0,0.0
202205241335,0.0,0.0
202205241355,0.0,0.0
202205241415,0.0,0.0
202205241435,0.0,0.0
202205241455,40.0,2.1
202205241515,0.0,0.0
202205241555,10.0,2.6
202205241615,0.0,0.0
202205241635,0.0,0.0
202205241650,0.0,0.0
202205241715,,2.1
202205241735,0.0,0.0
202205241755,0.0,0.0
202205241810,0.0,0.0
202205241835,0.0,0.0
202205241855,0.0,0.0
202205241915,0.0,0.0
202205241935,0.0,0.0
202205241955,0.0,0.0
202205242015,300.0,2.1
202205242035,0.0,0.0
202205242055,0.0,0.0
202205242115,0.0,0.0
202205242135,,1.5
202205242150,30.0,2.1
202205242215,0.0,0.0
202205242235,0.0,0.0
202205242255,0.0,0.0
202205242310,0.0,0.0
202205242355,0.0,0.0
202205250015,0.0,0.0
202205250030,0.0,0.0
202205250055,0.0,0.0
202205250115,0.0,0.0
202205250215,0.0,0.0
202205250235,0.0,0.0
202205250255,270.0,8.2
202205250315,290.0,4.6
202205250335,10.0,1.5
202205250355,120.0,2.1
202205250415,160.0,1.5
202205250435,120.0,3.6
202205250455,,2.1
202205250515,40.0,1.5
202205250535,0.0,0.0
202205250555,0.0,0.0
202205250615,0.0,0.0
202205250635,50.0,2.1
202205250655,0.0,0.0
202205250715,0.0,0.0
202205250735,0.0,0.0
202205250755,0.0,0.0
202205250815,0.0,0.0
202205250835,0.0,0.0
202205250855,0.0,0.0
202205250935,0.0,0.0
202205250950,0.0,0.0
202205251010,0.0,0.0
202205251035,0.0,0.0
202205251055,0.0,0.0
202205251110,0.0,0.0
202205251135,0.0,0.0
202205251155,0.0,0.0
202205251215,0.0,0.0
202205251255,0.0,0.0
202205251315,0.0,0.0
202205251335,0.0,0.0
202205251355,0.0,0.0
202205251415,,2.1
202205251435,0.0,0.0
202205251455,,2.6
202205251515,130.0,2.1
202205251535,140.0,3.1
202205251550,160.0,3.6
202205251615,,2.1
202205251635,180.0,4.1
202205251655,,3.1
202205251715,140.0,3.6
202205251730,190.0,6.2
202205251755,200.0,7.2
202205251815,190.0,4.6
202205251855,180.0,4.6
202205251935,190.0,6.2
202205251955,200.0,6.7
202205252015,190.0,4.1
202205252055,180.0,3.6
202205252115,,2.1
202205252130,180.0,4.1
202205252155,210.0,3.1
202205252215,200.0,2.6
202205252235,200.0,2.6
202205252255,,1.5
202205252310,220.0,2.1
202205252335,230.0,3.1
202205252355,220.0,2.6
202205260015,220.0,2.1
202205260035,200.0,1.5
202205260055,200.0,2.1
202205260115,0.0,0.0
202205260135,210.0,2.6
202205260155,0.0,0.0
202205260215,0.0,0.0
202205260235,0.0,0.0
202205260255,0.0,0.0
202205260315,0.0,0.0
202205260330,0.0,0.0
202205260355,0.0,0.0
202205260415,0.0,0.0
202205260430,0.0,0.0
202205260455,0.0,0.0
202205260535,200.0,1.5
202205260555,200.0,2.1
202205260610,210.0,2.1
202205260635,0.0,0.0
202205260650,0.0,0.0
202205260715,0.0,0.0
202205260735,0.0,0.0
202205260755,,2.1
202205260815,200.0,3.6
202205260835,200.0,4.1
202205260855,210.0,3.6
202205260915,210.0,2.6
202205260955,180.0,4.6
202205261015,,3.1
202205261035,,2.6
202205261055,200.0,4.1
202205261135,170.0,3.6
202205261155,180.0,4.1
202205261215,200.0,4.1
202205261235,190.0,3.6
202205261255,210.0,4.6
202205261315,210.0,4.6
202205261335,210.0,4.6
202205261410,180.0,4.6
202205261435,190.0,6.2
202205261455,190.0,6.2
202205261535,180.0,4.6
202205261615,190.0,6.7
202205261635,200.0,7.2
202205261655,190.0,7.7
202205261715,200.0,6.2
202205261735,180.0,4.6
202205261750,190.0,6.2
202205261815,190.0,4.6
202205261830,200.0,4.6
202205261850,190.0,3.6
202205261910,190.0,5.1
202205261935,200.0,6.2
202205261955,190.0,6.2
202205262010,200.0,6.7
202205262035,200.0,5.1
202205262055,200.0,6.2
202205262115,200.0,5.1
202205262130,200.0,5.7
202205262155,200.0,4.6
202205262215,180.0,3.1
202205262250,180.0,3.6
202205262315,200.0,5.1
202205262335,200.0,5.1
202205262355,190.0,3.1
202205270035,180.0,4.1
202205270055,,2.6
202205270115,190.0,2.6
202205270135,,3.1
202205270215,200.0,3.1
202205270235,200.0,4.1
202205270255,,2.6
202205270315,200.0,3.1
202205270335,210.0,3.1
202205270355,210.0,3.6
202205270415,220.0,3.6
202205270435,210.0,3.1
202205270455,170.0,2.1
202205270515,0.0,0.0
202205270530,220.0,3.1
202205270555,210.0,2.6
202205270615,200.0,3.1
202205270635,200.0,4.1
202205270655,210.0,4.1
202205270735,210.0,2.6
202205270755,210.0,2.1
202205270815,190.0,2.6
202205270835,200.0,2.6
202205270850,210.0,2.6
202205270915,220.0,2.6
202205270935,200.0,2.1
202205270955,200.0,3.1
202205271015,200.0,3.1
202205271035,210.0,3.6
202205271055,200.0,3.1
202205271115,,2.1
202205271135,160.0,3.6
202205271155,180.0,3.6
202205271215,200.0,4.6
202205271235,220.0,4.6
202205271255,240.0,4.1
202205271315,240.0,3.6
202205271335,240.0,3.1
202205271355,230.0,2.6
202205271415,220.0,4.1
202205271435,220.0,4.6
202205271455,210.0,3.1
202205271515,230.0,6.7
202205271535,220.0,5.7
202205271555,210.0,8.2
202205271615,230.0,6.7
202205271635,230.0,5.1
202205271655,220.0,7.2
202205271715,250.0,7.2
202205271735,230.0,9.3
202205271815,250.0,8.2
202205271835,270.0,5.7
202205271855,250.0,5.1
202205271915,260.0,3.6
202205271935,270.0,5.1
202205271955,280.0,4.6
202205272015,220.0,5.1
202205272035,240.0,5.1
202205272055,,3.1
202205272135,240.0,4.6
202205272155,250.0,3.6
202205272215,270.0,3.6
202205272235,240.0,4.1
202205272255,290.0,3.6
202205272315,260.0,4.1
202205272335,270.0,3.6
202205272350,280.0,2.6
202205280010,290.0,2.6
202205280035,,2.1
202205280055,270.0,3.1
202205280115,260.0,1.5
202205280135,0.0,0.0
202205280155,,2.6
202205280210,280.0,2.6
202205280235,270.0,2.6
202205280255,260.0,1.5
202205280310,290.0,1.5
202205280355,270.0,2.1
202205280415,0.0,0.0
202205280435,0.0,0.0
202205280455,0.0,0.0
202205280515,0.0,0.0
202205280535,0.0,0.0
202205280555,0.0,0.0
202205280615,0.0,0.0
202205280635,0.0,0.0
202205280655,0.0,0.0
202205280710,0.0,0.0
202205280735,0.0,0.0
202205280755,0.0,0.0
202205280815,0.0,0.0
202205280835,0.0,0.0
202205280915,0.0,0.0
202205280935,0.0,0.0
202205280955,0.0,0.0
202205281015,0.0,0.0
202205281055,0.0,0.0
202205281115,0.0,0.0
202205281130,0.0,0.0
202205281155,0.0,0.0
202205281215,0.0,0.0
202205281235,0.0,0.0
202205281255,0.0,0.0
202205281315,0.0,0.0
202205281335,0.0,0.0
202205281355,60.0,2.1
202205281415,,3.1
202205281435,,2.6
202205281455,,2.1
202205281515,340.0,3.1
202205281555,30.0,2.1
202205281615,30.0,2.6
202205281635,340.0,2.6
202205281655,40.0,3.6
202205281715,0.0,0.0
202205281735,,2.1
202205281755,0.0,0.0
202205281815,,1.5
202205281835,30.0,4.1
202205281855,,2.1
202205281915,40.0,2.6
202205281930,,1.5
202205281955,50.0,2.1
202205282015,,3.6
202205282035,350.0,3.6
202205282050,,3.1
202205282115,20.0,2.1
202205282135,,2.1
202205282155,80.0,2.1
202205282215,0.0,0.0
202205282235,10.0,2.6
202205282250,0.0,0.0
202205282315,60.0,2.6
202205282335,30.0,2.1
202205282355,10.0,2.1
202205290015,20.0,2.1
202205290035,30.0,1.5
202205290055,0.0,0.0
202205290115,0.0,0.0
202205290135,0.0,0.0
202205290155,0.0,0.0
202205290215,0.0,0.0
202205290235,0.0,0.0
202205290255,0.0,0.0
202205290315,0.0,0.0
202205290335,0.0,0.0
202205290355,0.0,0.0
202205290415,0.0,0.0
202205290435,0.0,0.0
202205290455,0.0,0.0
202205290510,0.0,0.0
202205290535,0.0,0.0
202205290555,0.0,0.0
202205290610,0.0,0.0
202205290635,0.0,0.0
202205290715,0.0,0.0
202205290735,0.0,0.0
202205290755,0.0,0.0
202205290815,0.0,0.0
202205290835,0.0,0.0
202205290855,0.0,0.0
202205290915,0.0,0.0
202205290930,0.0,0.0
202205290955,0.0,0.0
202205291015,0.0,0.0
202205291035,0.0,0.0
202205291055,0.0,0.0
202205291115,0.0,0.0
202205291130,0.0,0.0
202205291155,0.0,0.0
202205291215,0.0,0.0
202205291235,,1.5
202205291255,0.0,0.0
202205291315,50.0,1.5
202205291335,0.0,0.0
202205291355,0.0,0.0
202205291415,0.0,0.0
202205291435,0.0,0.0
202205291455,,2.1
202205291515,0.0,0.0
202205291535,0.0,0.0
202205291555,,2.1
202205291615,0.0,0.0
202205291630,210.0,2.6
202205291655,,3.1
202205291755,0.0,0.0
202205291815,,2.1
202205291835,0.0,0.0
202205291855,120.0,2.1
202205291935,90.0,2.1
202205291950,0.0,0.0
202206081350,0.0,0.0
202206081425,0.0,0.0
202206081455,0.0,0.0
202206081510,0.0,0.0
202206081530,210.0,2.1
202206081555,210.0,2.6
202206081615,210.0,3.1
202206081635,180.0,2.6
202206081655,200.0,2.1
202206081715,190.0,2.6
202206081735,190.0,3.1
202206081745,200.0,3.6
202206081815,190.0,3.6
202206081855,190.0,4.1
202206081915,,2.6
202206081920,190.0,3.1
202206081955,190.0,3.1
202206082005,180.0,3.1
202206082155,0.0,0.0
202206082235,,2.1
202206082255,210.0,2.6
202206082315,140.0,2.1
202206082335,0.0,0.0
202206082355,200.0,5.7
202206090015,220.0,4.1
202206090035,240.0,2.1
202206090055,210.0,2.1
202206090110,290.0,5.1
202206090135,200.0,2.1
202206090155,160.0,1.5
202206090215,,2.1
202206090235,190.0,1.5
202206090255,210.0,2.1
202206090315,200.0,1.5
202206090330,0.0,0.0
202206090355,200.0,2.1
202206090415,190.0,1.5
202206090435,0.0,0.0
202206090455,220.0,1.5
202206090515,0.0,0.0
202206090535,0.0,0.0
202206090555,0.0,0.0
202206090610,210.0,2.1
202206090635,200.0,2.1
202206090655,0.0,0.0
202206090715,200.0,2.1
202206090735,230.0,2.6
202206090755,,3.1
202206090815,200.0,2.6
202206090835,200.0,2.6
202206090855,200.0,2.1
202206090915,200.0,2.1
202206090935,0.0,0.0
202206090955,240.0,2.1
202206091015,250.0,2.1
202206091035,230.0,2.1
202206091055,230.0,2.1
202206091115,250.0,2.6
202206091135,0.0,0.0
202206091155,0.0,0.0
202206091215,0.0,0.0
202206091235,0.0,0.0
202206091255,350.0,2.6
202206091315,350.0,2.1
202206091335,350.0,1.5
202206091355,,3.1
202206091415,20.0,3.1
202206091435,330.0,3.1
202206091455,,2.6
202206091515,,4.1
202206091555,,2.1
202206091615,,3.1
202206091635,320.0,4.1
202206091655,330.0,2.6
202206091715,300.0,2.6
202206091735,310.0,3.6
202206091755,340.0,3.6
202206091815,350.0,2.6
202206091835,300.0,3.1
202206091850,320.0,2.1
202206091910,340.0,3.6
202206091935,350.0,4.6
202206091955,330.0,3.6
202206092015,330.0,3.6
202206092030,330.0,4.1
202206092055,340.0,5.7
202206092120,330.0,5.1
202206092305,340.0,4.1
202206100005,330.0,2.1
202206100035,320.0,2.1
202206100715,0.0,0.0
202206101000,0.0,0.0
202206101035,0.0,0.0
202206101055,0.0,0.0
202206101115,0.0,0.0
202206101135,0.0,0.0
202206101155,0.0,0.0
202206101235,0.0,0.0
202206101315,0.0,0.0
202206101335,50.0,1.5
202206101355,10.0,2.1
202206101415,,2.6
202206101435,60.0,2.6
202206101450,20.0,3.1
202206101535,0.0,0.0
202206101555,,2.6
202206101615,0.0,0.0
202206101635,90.0,2.1
202206101650,0.0,0.0
202206101715,,2.1
202206101735,,2.6
202206101755,0.0,0.0
202206101810,230.0,3.1
202206101915,,1.5
202206101935,190.0,3.1
202206101955,200.0,2.1
202206102015,330.0,3.1
202206102030,330.0,2.1
202206102055,320.0,2.1
202206102115,0.0,0.0
202206102135,,2.1
202206102155,,2.1
202206102215,350.0,2.6
202206102235,0.0,0.0
202206102255,340.0,1.5
202206102315,0.0,0.0
202206102335,0.0,0.0
202206102355,0.0,0.0
202206110015,0.0,0.0
202206110035,0.0,0.0
202206110055,0.0,0.0
202206110115,0.0,0.0
202206110135,0.0,0.0
202206110155,0.0,0.0
202206110215,0.0,0.0
202206110235,0.0,0.0
202206110255,0.0,0.0
202206110315,0.0,0.0
202206110335,0.0,0.0
202206110355,0.0,0.0
202206110410,0.0,0.0
202206110435,0.0,0.0
202206110450,0.0,0.0
202206110515,0.0,0.0
202206110535,0.0,0.0
202206110555,0.0,0.0
202206110615,30.0,2.6
202206110635,0.0,0.0
202206110715,0.0,0.0
202206110735,0.0,0.0
202206110755,0.0,0.0
202206110815,0.0,0.0
202206110835,0.0,0.0
202206110855,0.0,0.0
202206110915,0.0,0.0
202206110920,0.0,0.0
202206111045,0.0,0.0
202206111110,0.0,0.0
202206111140,0.0,0.0
202206111615,0.0,0.0
202206111635,0.0,0.0
202206111655,0.0,0.0
202206111715,140.0,2.1
202206111730,,2.1
202206111755,,2.1
202206112135,190.0,1.5
202206112155,0.0,0.0
202206112215,0.0,0.0
202206112235,0.0,0.0
202206112255,0.0,0.0
202206112315,0.0,0.0
202206112335,0.0,0.0
202206112355,120.0,1.5
202206120015,0.0,0.0
202206120035,0.0,0.0
202206120055,0.0,0.0
202206120115,0.0,0.0
202206120135,0.0,0.0
202206120155,0.0,0.0
202206120215,0.0,0.0
202206120235,0.0,0.0
202206120255,0.0,0.0
202206120335,0.0,0.0
202206120355,0.0,0.0
202206120435,0.0,0.0
202206120455,0.0,0.0
202206120515,0.0,0.0
202206120535,0.0,0.0
202206120555,0.0,0.0
202206120615,0.0,0.0
202206120635,0.0,0.0
202206120655,0.0,0.0
202206120715,0.0,0.0
202206120735,0.0,0.0
202206120750,0.0,0.0
202206120810,0.0,0.0
202206120835,0.0,0.0
202206120855,0.0,0.0
202206120910,0.0,0.0
202206120930,0.0,0.0
202206120950,0.0,0.0
202206121015,0.0,0.0
202206121035,0.0,0.0
202206121055,0.0,0.0
202206121115,0.0,0.0
202206121135,0.0,0.0
202206121155,0.0,0.0
202206121215,0.0,0.0
202206121235,0.0,0.0
202206121255,0.0,0.0
202206121315,0.0,0.0
202206121335,0.0,0.0
202206121355,0.0,0.0
202206121415,0.0,0.0
202206121420,0.0,0.0
202206121435,0.0,0.0
202206121715,240.0,4.1
202206121755,,2.6
202206121855,210.0,3.6
202206121915,200.0,3.1
202206121955,,2.1
202206122015,140.0,3.1
202206122030,,2.6
202206122055,200.0,3.6
202206122115,,2.1
202206122135,210.0,3.1
202206122215,160.0,2.6
202206122235,180.0,3.6
202206122255,,2.1
202206122315,,2.1
202206122335,0.0,0.0
202206122355,170.0,1.5
202206130015,0.0,0.0
202206130035,190.0,1.5
202206130055,0.0,0.0
202206130115,200.0,2.1
202206130130,220.0,1.5
202206130155,210.0,2.1
202206130200,220.0,2.1
202206130315,230.0,2.1
202206130335,220.0,2.1
202206130350,270.0,1.5
202206130415,0.0,0.0
202206130435,0.0,0.0
202206130450,0.0,0.0
202206130515,0.0,0.0
202206130535,0.0,0.0
202206130555,0.0,0.0
202206130615,0.0,0.0
202206130635,0.0,0.0
202206130655,0.0,0.0
202206130710,0.0,0.0
202206130735,0.0,0.0
202206130815,0.0,0.0
202206130855,210.0,1.5
202206130915,0.0,0.0
202206130935,0.0,0.0
202206130955,200.0,1.5
202206131015,0.0,0.0
202206131035,0.0,0.0
202206131055,0.0,0.0
202206131110,200.0,1.5
202206131130,210.0,2.1
202206131150,200.0,1.5
202206131215,200.0,2.1
202206131235,,2.1
202206131250,210.0,3.1
202206131310,,2.1
202206131330,200.0,3.1
202206131350,200.0,3.6
202206131415,190.0,3.6
202206131435,200.0,2.6
202206131455,,2.1
202206131515,,2.1
202206131530,,2.1
202206131555,,1.5
202206131615,140.0,2.6
202206131635,,3.1
202206131650,200.0,2.6
202206131715,220.0,3.6
202206131735,200.0,3.6
202206131755,,3.1
202206131810,,3.1
202206131835,,3.6
202206131855,,2.1
202206131915,210.0,3.6
202206131935,,2.6
202206131955,190.0,3.1
202206132015,200.0,3.6
202206132035,160.0,2.1
202206132055,250.0,2.6
202206132115,,2.1
202206132135,,2.1
202206132155,190.0,2.6
202206132215,,2.1
202206132230,210.0,3.1
202206132255,0.0,0.0
202206132315,260.0,2.1
202206132330,230.0,2.6
202206132355,210.0,2.6
202206140015,200.0,1.5
202206140035,0.0,0.0
202206140055,0.0,0.0
202206140110,0.0,0.0
202206140135,0.0,0.0
202206140155,180.0,1.5
202206140215,210.0,1.5
202206140235,210.0,2.1
202206140255,220.0,1.5
202206140315,0.0,0.0
202206140335,220.0,2.1
202206140355,0.0,0.0
202206140415,0.0,0.0
202206140435,0.0,0.0
202206140515,200.0,1.5
202206140535,230.0,2.1
202206140555,0.0,0.0
202206140615,0.0,0.0
202206140630,0.0,0.0
202206140655,200.0,1.5
202206140715,0.0,0.0
202206140735,0.0,0.0
202206140755,0.0,0.0
202206140815,220.0,1.5
202206140835,0.0,0.0
202206140855,0.0,0.0
202206140915,0.0,0.0
202206140935,0.0,0.0
202206140955,0.0,0.0
202206141015,0.0,0.0
202206141035,0.0,0.0
202206141055,0.0,0.0
202206141115,200.0,2.1
202206141135,210.0,2.1
202206141155,0.0,0.0
202206141215,0.0,0.0
202206141235,0.0,0.0
202206141315,0.0,0.0
202206141335,140.0,1.5
202206141355,0.0,0.0
202206141415,,2.1
202206141435,0.0,0.0
202206141455,0.0,0.0
202206141515,50.0,2.1
202206141555,0.0,0.0
202206141615,120.0,1.5
202206141635,0.0,0.0
202206141705,0.0,0.0
202206141830,0.0,0.0
202206141855,,2.6
202206141900,,3.1
202206142130,,1.5
202206142250,,2.1
202206142255,270.0,2.1
202206142335,280.0,1.5
202206142350,0.0,0.0
202206150030,0.0,0.0
202206150055,0.0,0.0
202206150110,0.0,0.0
202206150155,0.0,0.0
202206150210,0.0,0.0
202206150235,0.0,0.0
202206150245,0.0,0.0
202206150300,0.0,0.0
202206150355,0.0,0.0
202206150405,0.0,0.0
202206150415,0.0,0.0
202206150620,0.0,0.0
202206150800,0.0,0.0
202206151025,0.0,0.0
202206151155,0.0,0.0
202206151215,0.0,0.0
202206151235,0.0,0.0
202206151240,0.0,0.0
202206151515,,2.6
202206151530,,2.1
202206151600,50.0,3.6
202206151755,,2.1
202206151815,,2.1
202206151835,,2.6
202206151855,60.0,2.6
202206151915,40.0,3.6
202206151935,90.0,1.5
202206151955,90.0,2.1
202206152015,,1.5
202206152035,90.0,2.1
202206152055,,2.1
202206152115,0.0,0.0
202206152155,,2.6
202206152215,50.0,1.5
202206152235,,2.1
202206152255,30.0,2.6
202206152310,0.0,0.0
202206152335,20.0,2.1
202206152355,0.0,0.0
202206160010,0.0,0.0
202206160035,0.0,0.0
202206160055,0.0,0.0
202206160115,0.0,0.0
202206160135,0.0,0.0
202206160150,0.0,0.0
202206160215,0.0,0.0
202206160255,0.0,0.0
202206160310,0.0,0.0
202206160335,0.0,0.0
202206160355,0.0,0.0
202206160415,0.0,0.0
202206160435,0.0,0.0
202206160455,200.0,2.1
202206160515,,2.1
202206160535,,2.1
202206160555,180.0,2.1
202206160615,200.0,2.1
202206160635,220.0,2.6
202206160655,0.0,0.0
202206160715,200.0,1.5
202206160735,0.0,0.0
202206160750,0.0,0.0
202206160815,0.0,0.0
202206160835,0.0,0.0
202206160855,0.0,0.0
202206160915,0.0,0.0
202206160935,0.0,0.0
202206160955,0.0,0.0
202206161015,0.0,0.0
202206161035,0.0,0.0
202206161115,0.0,0.0
202206161135,0.0,0.0
202206161155,0.0,0.0
202206161215,30.0,1.5
202206161230,0.0,0.0
202206161255,0.0,0.0
202206161315,0.0,0.0
202206161335,0.0,0.0
202206161355,0.0,0.0
202206161415,0.0,0.0
202206161435,0.0,0.0
202206161455,120.0,2.1
202206161515,0.0,0.0
202206161535,0.0,0.0
202206161555,0.0,0.0
202206161635,0.0,0.0
202206161655,,3.1
202206161715,,2.1
202206161735,,2.6
202206161755,,2.6
202206161815,200.0,2.1
202206161835,0.0,0.0
202206161855,290.0,2.1
202206161915,260.0,3.6
202206161935,310.0,2.1
202206161950,0.0,0.0
202206162015,,3.1
202206162035,,2.6
202206162055,270.0,4.1
202206162115,210.0,4.6
202206162135,,2.1
202206162150,230.0,3.6
202206162215,260.0,3.1
202206162235,,2.6
202206162255,230.0,3.6
202206162310,240.0,3.1
202206162330,260.0,2.1
202206170015,0.0,0.0
202206170035,0.0,0.0
202206170055,0.0,0.0
202206170115,0.0,0.0
202206170135,210.0,1.5
202206170155,0.0,0.0
202206170215,0.0,0.0
202206170235,0.0,0.0
202206170250,0.0,0.0
202206170315,0.0,0.0
202206170335,0.0,0.0
202206170355,0.0,0.0
202206170415,0.0,0.0
202206170435,0.0,0.0
202206170455,0.0,0.0
202206170515,0.0,0.0
202206170535,0.0,0.0
202206170615,0.0,0.0
202206170635,0.0,0.0
202206170650,0.0,0.0
202206170715,0.0,0.0
202206170735,0.0,0.0
202206170755,180.0,1.5
202206170835,190.0,2.1
202206170855,220.0,2.1
202206170915,0.0,0.0
202206170930,0.0,0.0
202206170955,0.0,0.0
202206171015,0.0,0.0
202206171035,200.0,2.1
202206171055,0.0,0.0
202206171115,210.0,1.5
202206171155,0.0,0.0
202206171215,190.0,2.6
202206171235,210.0,1.5
202206171255,230.0,3.1
202206171310,210.0,3.6
202206171330,180.0,2.6
202206171355,200.0,2.6
202206171435,0.0,0.0
202206171455,160.0,2.1
202206171510,210.0,2.6
202206171550,250.0,2.6
202206171615,,2.6
202206171630,0.0,0.0
202206171655,,2.6
202206171715,,2.6
202206171735,280.0,2.6
202206171755,330.0,1.5
202206171815,0.0,0.0
202206171830,330.0,7.2
202206171855,20.0,3.6
202206171915,0.0,0.0
202206171935,0.0,0.0
202206172015,,2.6
202206172035,0.0,0.0
202206172055,0.0,0.0
202206172115,200.0,2.1
202206172135,310.0,4.1
202206172155,,1.5
202206172215,210.0,2.6
202206172235,,2.6
202206172255,220.0,3.6
202206172315,350.0,4.1
202206172335,320.0,2.6
202206172355,0.0,0.0
202206180015,0.0,0.0
202206180030,0.0,0.0
202206180055,0.0,0.0
202206180115,0.0,0.0
202206180135,0.0,0.0
202206180155,0.0,0.0
202206180210,0.0,0.0
202206180220,0.0,0.0
202206180255,0.0,0.0
202206180310,0.0,0.0
202206180335,0.0,0.0
202206180355,0.0,0.0
202206180415,0.0,0.0
202206180435,0.0,0.0
202206180455,190.0,1.5
202206180515,0.0,0.0
202206180535,0.0,0.0
202206180615,0.0,0.0
202206180635,0.0,0.0
202206180655,0.0,0.0
202206180715,0.0,0.0
202206180735,0.0,0.0
202206180755,0.0,0.0
202206180815,0.0,0.0
202206180835,0.0,0.0
202206180855,0.0,0.0
202206180915,0.0,0.0
202206180955,0.0,0.0
202206181015,0.0,0.0
202206181035,0.0,0.0
202206181050,0.0,0.0
202206181115,0.0,0.0
202206181135,0.0,0.0
202206181155,0.0,0.0
202206181215,0.0,0.0
202206181235,0.0,0.0
202206181255,40.0,2.1
202206181310,50.0,2.6
202206181335,,3.1
202206181355,,2.6
202206181415,10.0,3.6
202206181435,,3.1
202206181455,10.0,4.6
202206181515,30.0,3.6
202206181535,,3.1
202206181555,,5.7
202206181615,350.0,4.6
202206181635,350.0,4.6
202206181655,10.0,5.7
202206181715,10.0,6.7
202206181735,10.0,5.1
202206181755,,6.7
202206181815,10.0,5.1
202206181835,10.0,5.7
202206181855,,6.2
202206181915,10.0,5.1
202206181935,40.0,5.7
202206181950,20.0,5.7
202206182015,10.0,5.7
202206182030,,6.2
202206182055,20.0,6.2
202206182115,20.0,5.1
202206182135,350.0,5.7
202206182155,,5.7
202206182215,,5.7
202206182235,10.0,5.7
202206182255,,5.7
202206182315,,5.7
202206182335,,4.6
202206182355,10.0,4.1
202206190015,10.0,3.6
202206190035,10.0,3.6
202206190055,10.0,3.1
202206190115,20.0,3.6
202206190135,10.0,3.1
202206190155,10.0,3.6
202206190215,30.0,2.6
202206190235,30.0,2.6
202206190255,0.0,0.0
202206190315,50.0,2.1
202206190335,40.0,1.5
202206190355,0.0,0.0
202206190415,0.0,0.0
202206190435,0.0,0.0
202206190450,0.0,0.0
202206190515,50.0,2.1
202206190535,20.0,2.6
202206190555,30.0,2.6
202206190615,50.0,2.6
202206190635,50.0,3.1
202206190655,30.0,3.1
202206190715,30.0,3.1
202206190735,20.0,3.1
202206190755,40.0,2.6
202206190815,60.0,2.1
202206190835,60.0,2.1
202206190855,40.0,2.6
202206190915,0.0,0.0
202206190935,40.0,1.5
202206190955,0.0,0.0
202206191015,40.0,2.1
202206191035,40.0,1.5
202206191055,0.0,0.0
202206191110,0.0,0.0
202206191135,0.0,0.0
202206191155,30.0,2.1
202206191215,,2.6
202206191235,30.0,3.1
202206191255,,2.6
202206191315,,3.1
202206191335,40.0,4.6
202206191355,40.0,3.6
202206191415,40.0,4.6
202206191430,40.0,5.1
202206191455,60.0,3.6
202206191515,70.0,2.6
202206191530,,2.1
202206191555,50.0,2.6
202206191615,,3.1
202206191655,,2.6
202206191735,,2.6
202206191755,20.0,4.6
202206191810,10.0,4.1
202206191835,,3.1
202206191855,20.0,3.1
202206191915,10.0,4.1
202206191935,,2.6
202206191955,,2.1
202206192010,,3.1
202206192035,50.0,3.1
202206192050,,3.1
202206192115,20.0,3.6
202206192130,50.0,2.6
202206192155,50.0,3.6
202206192215,,2.6
202206192235,60.0,2.1
202206192255,0.0,0.0
202206192315,0.0,0.0
202206192335,0.0,0.0
202206192355,0.0,0.0
202206200015,0.0,0.0
202206200035,40.0,1.5
202206200050,0.0,0.0
202206200110,0.0,0.0
202206200135,0.0,0.0
202206200155,0.0,0.0
202206200215,0.0,0.0
202206200235,0.0,0.0
202206200255,0.0,0.0
202206200310,0.0,0.0
202206200330,0.0,0.0
202206200350,0.0,0.0
202206200415,0.0,0.0
202206200435,0.0,0.0
202206200455,0.0,0.0
202206200510,0.0,0.0
202206200535,0.0,0.0
202206200555,210.0,1.5
202206200615,0.0,0.0
202206200635,0.0,0.0
202206200655,0.0,0.0
202206200715,0.0,0.0
202206200735,0.0,0.0
202206200755,0.0,0.0
202206200815,0.0,0.0
202206200835,0.0,0.0
202206200855,0.0,0.0
202206200915,0.0,0.0
202206200935,0.0,0.0
202206200955,0.0,0.0
202206201015,0.0,0.0
202206201030,0.0,0.0
202206201055,0.0,0.0
202206201115,0.0,0.0
202206201135,0.0,0.0
202206201155,0.0,0.0
202206201215,0.0,0.0
202206201335,0.0,0.0
202206201355,0.0,0.0
202206201415,0.0,0.0
202206201435,0.0,0.0
202206201455,,2.1
202206201515,0.0,0.0
202206201535,0.0,0.0
202206201555,0.0,0.0
202206201615,,3.1
202206201635,,2.1
202206201655,200.0,4.1
202206201715,,2.6
202206201735,230.0,2.6
202206201755,280.0,3.6
202206201815,0.0,0.0
202206201835,,2.1
202206201855,,1.5
202206201915,0.0,0.0
202206201935,0.0,0.0
202206201955,,1.5
202206202015,,2.1
202206202035,0.0,0.0
202206202055,0.0,0.0
202206202110,60.0,1.5
202206202135,300.0,2.6
202206202155,0.0,0.0
202206202215,0.0,0.0
202206202235,0.0,0.0
202206202250,0.0,0.0
202206202315,0.0,0.0
202206202335,0.0,0.0
202206202355,0.0,0.0
202206210015,0.0,0.0
202206210035,0.0,0.0
202206210055,0.0,0.0
202206210115,0.0,0.0
202206210135,0.0,0.0
202206210155,0.0,0.0
202206210215,0.0,0.0
202206210235,0.0,0.0
202206210255,0.0,0.0
202206210315,0.0,0.0
202206210355,0.0,0.0
202206210415,0.0,0.0
202206210430,0.0,0.0
202206210450,0.0,0.0
202206210510,0.0,0.0
202206210530,0.0,0.0
202206210555,0.0,0.0
202206210615,0.0,0.0
202206210635,0.0,0.0
202206210715,0.0,0.0
202206210735,0.0,0.0
202206210755,0.0,0.0
202206210835,0.0,0.0
202206210850,0.0,0.0
202206210915,0.0,0.0
202206210935,0.0,0.0
202206210955,0.0,0.0
202206211015,0.0,0.0
202206211035,0.0,0.0
202206211055,0.0,0.0
202206211115,0.0,0.0
202206211135,0.0,0.0
202206211155,0.0,0.0
202206211215,0.0,0.0
202206211255,0.0,0.0
202206211315,0.0,0.0
202206211330,0.0,0.0
202206211355,0.0,0.0
202206211415,0.0,0.0
202206211435,0.0,0.0
202206211455,0.0,0.0
202206211515,,1.5
202206211535,,2.1
202206211550,,2.1
202206211615,0.0,0.0
202206211635,,2.6
202206211655,,2.1
202206211715,40.0,2.6
202206211735,40.0,4.1
202206211755,,1.5
202206211815,,2.6
202206211835,0.0,0.0
202206211855,,2.6
202206211915,,3.1
202206211955,60.0,2.6
202206212015,70.0,2.6
202206212035,60.0,2.1
202206212055,50.0,2.6
202206212115,,2.6
202206212135,70.0,2.1
202206212155,,1.5
202206212215,90.0,2.1
202206212235,,2.1
202206212255,0.0,0.0
202206212315,0.0,0.0
202206212335,0.0,0.0
202206212355,0.0,0.0
202206220015,0.0,0.0
202206220035,0.0,0.0
202206220055,0.0,0.0
202206220135,0.0,0.0
202206220155,0.0,0.0
202206220215,0.0,0.0
202206220235,0.0,0.0
202206220255,0.0,0.0
202206220315,0.0,0.0
202206220335,0.0,0.0
202206220355,0.0,0.0
202206220410,0.0,0.0
202206220430,0.0,0.0
202206220455,0.0,0.0
202206220515,0.0,0.0
202206220535,0.0,0.0
202206220555,0.0,0.0
202206220615,0.0,0.0
202206220635,0.0,0.0
202206220655,0.0,0.0
202206220715,0.0,0.0
202206220735,0.0,0.0
202206220755,0.0,0.0
202206220815,0.0,0.0
202206220835,0.0,0.0
202206220855,0.0,0.0
202206220915,0.0,0.0
202206220935,0.0,0.0
202206220950,0.0,0.0
202206221015,0.0,0.0
202206221035,0.0,0.0
202206221055,0.0,0.0
202206221110,0.0,0.0
202206221135,0.0,0.0
202206221215,0.0,0.0
202206221235,0.0,0.0
202206221255,0.0,0.0
202206221315,0.0,0.0
202206221335,0.0,0.0
202206221350,0.0,0.0
202206221415,0.0,0.0
202206221435,0.0,0.0
202206221450,0.0,0.0
202206221515,100.0,2.1
202206221535,,2.1
202206221555,10.0,2.1
202206221610,0.0,0.0
202206221635,,2.6
202206221655,340.0,2.6
202206221710,140.0,1.5
202206221730,330.0,3.1
202206221755,,3.1
202206221815,,2.1
202206221835,340.0,3.6
202206221855,,2.6
202206221915,0.0,0.0
202206221935,,2.1
202206221950,,2.1
202206222015,290.0,3.6
202206222035,300.0,4.6
202206222115,320.0,2.6
202206222135,,3.6
202206222155,330.0,4.1
202206222215,350.0,4.1
202206222235,330.0,4.6
202206222255,350.0,4.1
202206222315,350.0,3.6
202206222330,,2.6
202206222355,350.0,3.1
202206230015,340.0,2.6
202206230035,0.0,0.0
202206230135,0.0,0.0
202206230155,0.0,0.0
202206230215,0.0,0.0
202206230230,0.0,0.0
202206230255,0.0,0.0
202206230315,0.0,0.0
202206230335,0.0,0.0
202206230355,0.0,0.0
202206230415,0.0,0.0
202206230430,0.0,0.0
202206230455,0.0,0.0
202206230515,0.0,0.0
202206230535,0.0,0.0
202206230555,0.0,0.0
202206230615,0.0,0.0
202206230635,0.0,0.0
202206230655,0.0,0.0
202206230715,0.0,0.0
202206230735,0.0,0.0
202206230755,0.0,0.0
202206230815,0.0,0.0
202206230835,0.0,0.0
202206230855,0.0,0.0
202206230915,0.0,0.0
202206230935,0.0,0.0
202206231015,0.0,0.0
202206231035,0.0,0.0
202206231055,20.0,1.5
202206231115,0.0,0.0
202206231135,0.0,0.0
202206231155,0.0,0.0
202206231215,0.0,0.0
202206231235,0.0,0.0
202206231250,40.0,2.1
202206231315,,2.1
202206231335,30.0,2.6
202206231355,40.0,1.5
202206231415,70.0,2.1
202206231435,30.0,2.6
202206231455,50.0,1.5
202206231515,,2.6
202206231535,340.0,3.1
202206231555,,2.6
202206231615,340.0,3.6
202206231635,,3.1
202206231655,,2.1
202206231715,350.0,4.1
202206231730,10.0,3.6
202206231750,330.0,3.6
202206231810,340.0,4.1
202206231830,,4.6
202206231855,340.0,5.1
202206231915,,2.6
202206231935,350.0,4.6
202206231955,,4.1
202206232015,,4.6
202206232035,40.0,3.1
202206232055,20.0,3.6
202206232115,20.0,3.1
202206232135,10.0,4.1
202206232150,10.0,4.1
202206232215,10.0,5.1
202206232235,340.0,5.1
202206232255,10.0,4.1
202206232315,,5.1
202206232335,350.0,3.6
202206232355,340.0,2.1
202206240015,,3.1
202206240050,350.0,2.1
202206240115,330.0,2.1
202206240130,340.0,1.5
202206240155,0.0,0.0
202206240215,0.0,0.0
202206240235,0.0,0.0
202206240255,0.0,0.0
202206240315,0.0,0.0
202206240335,0.0,0.0
202206240355,0.0,0.0
202206240415,0.0,0.0
202206240435,0.0,0.0
202206240455,0.0,0.0
202206240515,0.0,0.0
202206240535,0.0,0.0
202206240555,0.0,0.0
202206240615,0.0,0.0
202206240635,0.0,0.0
202206240655,0.0,0.0
202206240715,0.0,0.0
202206240735,0.0,0.0
202206240815,0.0,0.0
202206240835,0.0,0.0
202206240855,0.0,0.0
202206240915,0.0,0.0
202206240935,0.0,0.0
202206240955,0.0,0.0
202206241015,0.0,0.0
202206241035,0.0,0.0
202206241055,50.0,1.5
202206241115,30.0,2.1
202206241155,0.0,0.0
202206241215,0.0,0.0
202206241235,30.0,2.1
202206241250,40.0,2.1
202206241315,30.0,2.6
202206241415,0.0,0.0
202206241435,0.0,0.0
202206241455,0.0,0.0
202206241515,0.0,0.0
202206241535,110.0,2.1
202206241555,170.0,2.1
202206241610,,2.1
202206241635,0.0,0.0
202206241655,,2.1
202206241735,,1.5
202206241750,,3.1
202206241815,,2.1
202206241855,220.0,3.1
202206241935,230.0,3.1
202206241955,200.0,4.6
202206242015,0.0,0.0
202206242035,80.0,2.6
202206242050,70.0,3.1
202206242115,60.0,2.1
202206242135,0.0,0.0
202206242150,0.0,0.0
202206242215,0.0,0.0
202206242315,120.0,2.1
202206242330,0.0,0.0
202206250035,0.0,0.0
202206250055,0.0,0.0
202206250115,170.0,1.5
202206250130,160.0,2.1
202206250155,0.0,0.0
202206250250,0.0,0.0
202206250315,170.0,1.5
202206250330,,1.5
202206250355,0.0,0.0
202206250415,0.0,0.0
202206250430,240.0,1.5
202206250455,0.0,0.0
202206250510,0.0,0.0
202206250535,30.0,2.1
202206250550,0.0,0.0
202206250615,0.0,0.0
202206250630,0.0,0.0
202206250655,0.0,0.0
202206250715,0.0,0.0
202206250730,0.0,0.0
202206250750,0.0,0.0
202206250815,0.0,0.0
202206250830,0.0,0.0
202206250855,0.0,0.0
202206250915,0.0,0.0
202206250935,0.0,0.0
202206250955,0.0,0.0
202206251015,0.0,0.0
202206251035,0.0,0.0
202206251055,0.0,0.0
202206251110,0.0,0.0
202206251135,0.0,0.0
202206251155,0.0,0.0
202206251215,0.0,0.0
202206251235,0.0,0.0
202206251255,170.0,1.5
202206251310,0.0,0.0
202206251335,190.0,2.1
202206251350,,1.5
202206251415,,1.5
202206251435,210.0,2.1
202206251455,,3.1
202206251515,,2.1
202206251535,200.0,4.6
202206251555,160.0,4.1
202206251615,160.0,3.6
202206251635,170.0,4.1
202206251655,160.0,4.1
202206251715,180.0,4.1
202206251735,,2.1
202206251755,200.0,5.7
202206251815,200.0,4.6
202206251835,,2.1
202206251850,160.0,2.6
202206251915,,3.1
202206251935,200.0,2.1
202206252015,,3.1
202206252035,,2.6
202206252050,160.0,3.6
202206252115,,2.1
202206252135,0.0,0.0
202206252155,,1.5
202206252215,250.0,3.1
202206252255,230.0,3.6
202206252315,240.0,2.6
202206252330,250.0,2.6
202206252355,230.0,3.1
202206260015,210.0,2.6
202206260035,220.0,1.5
202206260050,230.0,2.1
202206260115,0.0,0.0
202206260135,0.0,0.0
202206260155,0.0,0.0
202206260215,0.0,0.0
202206260235,0.0,0.0
202206260255,0.0,0.0
202206260315,220.0,2.1
202206260330,0.0,0.0
202206260355,200.0,1.5
202206260415,0.0,0.0
202206260435,0.0,0.0
202206260455,0.0,0.0
202206260535,0.0,0.0
202206260555,0.0,0.0
202206260615,0.0,0.0
202206260635,0.0,0.0
202206260655,0.0,0.0
202206260715,0.0,0.0
202206260735,0.0,0.0
202206260755,0.0,0.0
202206260830,0.0,0.0
202206260855,0.0,0.0
202206260915,0.0,0.0
202206260935,0.0,0.0
202206260955,0.0,0.0
202206261015,0.0,0.0
202206261035,0.0,0.0
202206261055,0.0,0.0
202206261115,0.0,0.0
202206261135,0.0,0.0
202206261155,0.0,0.0
202206261215,0.0,0.0
202206261235,0.0,0.0
202206261255,210.0,2.1
202206261315,230.0,2.1
202206261335,210.0,3.1
202206261355,200.0,2.1
202206261415,200.0,2.1
202206261455,210.0,4.6
202206261515,210.0,4.1
202206261535,200.0,2.6
202206261555,200.0,3.1
202206261615,210.0,3.6
202206261635,190.0,3.1
202206261655,200.0,4.1
202206261715,200.0,2.6
202206261735,220.0,4.1
202206261755,170.0,3.6
202206261815,,2.6
202206261835,,3.1
202206261855,210.0,2.6
202206261915,,2.1
202206261935,160.0,1.5
202206261955,,2.1
202206262015,0.0,0.0
202206262030,340.0,3.1
202206262055,40.0,1.5
202206262115,0.0,0.0
202206262135,210.0,3.6
202206262155,0.0,0.0
202206262215,0.0,0.0
202206262235,170.0,1.5
202206262255,0.0,0.0
202206262315,0.0,0.0
202206262335,0.0,0.0
202206262355,0.0,0.0
202206270015,0.0,0.0
202206270055,20.0,2.1
202206270115,30.0,4.6
202206270135,80.0,2.6
202206270155,,2.1
202206270215,70.0,1.5
202206270235,70.0,1.5
202206270255,350.0,2.1
202206270315,0.0,0.0
202206270335,0.0,0.0
202206270355,0.0,0.0
202206270415,0.0,0.0
202206270435,0.0,0.0
202206270455,0.0,0.0
202206270515,0.0,0.0
202206270535,0.0,0.0
202206270550,0.0,0.0
202206270610,0.0,0.0
202206270635,0.0,0.0
202206270655,0.0,0.0
202206270715,0.0,0.0
202206270735,0.0,0.0
202206270755,0.0,0.0
202206270815,0.0,0.0
202206270835,0.0,0.0
202206270855,0.0,0.0
202206270915,0.0,0.0
202206270935,0.0,0.0
202206271015,30.0,1.5
202206271050,0.0,0.0
202206271115,0.0,0.0
202206271135,0.0,0.0
202206271155,0.0,0.0
202206271215,0.0,0.0
202206271235,40.0,1.5
202206271255,0.0,0.0
202206271315,0.0,0.0
202206271335,0.0,0.0
202206271355,0.0,0.0
202206271415,320.0,3.1
202206271435,,4.1
202206271450,,2.6
202206271515,40.0,2.6
202206271535,40.0,3.6
202206271555,40.0,3.6
202206271615,,3.1
202206271635,,3.1
202206271655,,3.1
202206271735,10.0,3.1
202206271755,,3.1
202206271815,,2.6
202206271835,,4.1
202206271855,10.0,4.6
202206271935,10.0,4.6
202206271955,20.0,4.1
202206272015,350.0,4.6
202206272035,20.0,3.6
202206272055,,3.1
202206272115,10.0,5.1
202206272135,10.0,5.1
202206272155,,5.7
202206272215,,4.1
202206272235,20.0,4.6
202206272255,10.0,4.6
202206272315,,4.1
202206272335,20.0,4.6
202206272355,20.0,5.1
202206280015,20.0,2.6
202206280035,20.0,2.6
202206280055,10.0,2.6
202206280115,,2.1
202206280135,0.0,0.0
202206280155,30.0,2.1
202206280215,40.0,2.1
202206280235,30.0,2.6
202206280255,30.0,2.6
202206280315,50.0,1.5
202206280335,0.0,0.0
202206280355,50.0,2.1
202206280415,30.0,2.1
202206280435,40.0,2.1
202206280450,40.0,2.1
202206280515,50.0,1.5
202206280535,30.0,2.1
202206280555,30.0,2.1
202206280615,0.0,0.0
202206280635,0.0,0.0
202206280655,0.0,0.0
202206280715,0.0,0.0
202206280735,40.0,1.5
202206280755,50.0,1.5
202206280815,30.0,1.5
202206280835,50.0,1.5
202206280855,30.0,1.5
202206280910,40.0,2.1
202206280930,40.0,1.5
202206280950,30.0,2.1
202206281015,0.0,0.0
202206281115,40.0,2.1
202206281155,30.0,3.1
202206281215,20.0,3.1
202206281235,40.0,3.1
202206281255,30.0,4.1
202206281315,30.0,4.1
202206281335,30.0,4.6
202206281355,,3.1
202206281415,,2.6
202206281435,,3.1
202206281455,30.0,4.1
202206281515,,2.1
202206281535,10.0,3.6
202206281555,,2.1
202206281610,50.0,2.6
202206281635,0.0,0.0
202206281655,50.0,1.5
202206281715,120.0,1.5
202206281735,0.0,0.0
202206281755,0.0,0.0
202206281815,0.0,0.0
202206281835,0.0,0.0
202206281855,0.0,0.0
202206281915,0.0,0.0
202206281935,0.0,0.0
202206281955,,1.5
202206282015,0.0,0.0
202206282035,120.0,2.1
202206282055,,1.5
202206282115,0.0,0.0
202206282135,0.0,0.0
202206282155,120.0,1.5
202206282215,0.0,0.0
202206282235,0.0,0.0
202206282255,0.0,0.0
202206282315,0.0,0.0
202206282330,0.0,0.0
202206282355,0.0,0.0
202206290015,0.0,0.0
202206290030,0.0,0.0
202206290115,0.0,0.0
202206290130,0.0,0.0
202206290155,0.0,0.0
202206290215,,2.1
202206290235,0.0,0.0
202206290255,0.0,0.0
202206290305,0.0,0.0
202206290335,0.0,0.0
202206290355,0.0,0.0
202206290415,0.0,0.0
202206290435,0.0,0.0
202206290455,0.0,0.0
202206290515,,2.1
202206290535,0.0,0.0
202206290550,0.0,0.0
202206290615,0.0,0.0
202206290635,0.0,0.0
202206290815,0.0,0.0
202206290835,0.0,0.0
202206290855,0.0,0.0
202206290935,0.0,0.0
202206290955,170.0,1.5
202206291015,0.0,0.0
202206291055,0.0,0.0
202206291110,0.0,0.0
202206291135,0.0,0.0
202206291215,0.0,0.0
202206291255,0.0,0.0
202206291315,0.0,0.0
202206291335,0.0,0.0
202206291355,0.0,0.0
202206291415,0.0,0.0
202206291435,0.0,0.0
202206291455,0.0,0.0
202206291515,0.0,0.0
202206291535,0.0,0.0
202206291555,0.0,0.0
202206291615,,2.6
202206291635,0.0,0.0
202206291655,0.0,0.0
202206291715,,2.1
202206291735,0.0,0.0
202206291750,180.0,3.1
202206291815,,2.1
202206291855,0.0,0.0
202206291915,,2.1
202206291935,310.0,2.1
202206291955,0.0,0.0
202206292015,340.0,2.6
202206292035,,2.6
202206292055,,2.1
202206292115,310.0,2.6
202206292135,,2.1
202206292155,0.0,0.0
202206292215,0.0,0.0
202206292235,110.0,2.1
202206292255,0.0,0.0
202206292315,0.0,0.0
202206292335,200.0,2.6
202206292355,200.0,3.1
202206300015,210.0,2.1
202206300035,190.0,1.5
202206300055,0.0,0.0
202206300115,0.0,0.0
202206300135,0.0,0.0
202206300155,0.0,0.0
202206300210,,2.1
202206300235,0.0,0.0
202206300250,160.0,2.1
202206300315,120.0,4.1
202206300335,100.0,2.6
202206300355,120.0,1.5
202206300410,0.0,0.0
202206300435,0.0,0.0
202206300455,0.0,0.0
202206300515,0.0,0.0
202206300535,0.0,0.0
202206300550,0.0,0.0
202206300610,0.0,0.0
202206300635,0.0,0.0
202206300655,0.0,0.0
202206300715,0.0,0.0
202206300735,0.0,0.0
202206300755,0.0,0.0
202206300810,0.0,0.0
202206300830,0.0,0.0
202206300850,0.0,0.0
202206300915,0.0,0.0
202206300935,0.0,0.0
202206301015,0.0,0.0
202206301035,0.0,0.0
202206301055,0.0,0.0
202206301115,0.0,0.0
202206301135,0.0,0.0
202206301155,0.0,0.0
202206301215,0.0,0.0
202206301235,0.0,0.0
202206301255,0.0,0.0
202206301310,170.0,1.5
202206301335,0.0,0.0
202206301355,0.0,0.0
202206301415,120.0,1.5
202206301435,130.0,1.5
202206301455,,1.5
202206301510,190.0,2.6
202206301535,170.0,2.1
202206301555,0.0,0.0
202206301615,210.0,2.1
202206301635,200.0,2.1
202206301715,160.0,1.5
202206301735,0.0,0.0
202206301755,200.0,1.5
202206301815,,2.1
202206301830,0.0,0.0
202206301855,210.0,3.6
202206301915,210.0,3.1
202206301930,230.0,2.6
202206301955,180.0,3.1
202206302015,130.0,1.5
202206302055,120.0,2.1
202206302115,0.0,0.0
202206302135,150.0,3.1
202206302155,,1.5
202206302210,0.0,0.0
202206302235,220.0,3.6
202206302255,210.0,4.1
202206302310,210.0,3.6
202206302335,180.0,3.1
202206302355,210.0,3.6
202207010015,210.0,4.6
202207010035,200.0,2.1
202207010055,0.0,0.0
202207010115,180.0,1.5
202207010135,0.0,0.0
202207010155,0.0,0.0
202207010215,0.0,0.0
202207010255,0.0,0.0
202207010310,0.0,0.0
202207010335,0.0,0.0
202207010415,0.0,0.0
202207010435,0.0,0.0
202207010455,0.0,0.0
202207010515,0.0,0.0
202207010535,0.0,0.0
202207010555,0.0,0.0
202207010615,0.0,0.0
202207010635,0.0,0.0
202207010655,0.0,0.0
202207010715,0.0,0.0
202207010735,0.0,0.0
202207010755,0.0,0.0
202207010815,0.0,0.0
202207010835,0.0,0.0
202207010855,0.0,0.0
202207010935,0.0,0.0
202207010955,0.0,0.0
202207011015,0.0,0.0
202207011035,0.0,0.0
202207011055,0.0,0.0
202207011115,0.0,0.0
202207011130,0.0,0.0
202207011155,0.0,0.0
202207011210,0.0,0.0
202207011230,0.0,0.0
202207011255,0.0,0.0
202207011315,160.0,1.5
202207011335,0.0,0.0
202207011355,0.0,0.0
202207011415,0.0,0.0
202207011435,220.0,2.1
202207011455,,1.5
202207011515,0.0,0.0
202207011535,190.0,2.6
202207011555,,1.5
202207011615,,1.5
202207011635,,2.1
202207011655,190.0,2.6
202207011715,0.0,0.0
202207011735,110.0,2.1
202207011750,,2.1
202207011815,130.0,3.1
202207011915,100.0,2.1
202207011935,,2.6
202207011955,130.0,3.1
202207012015,0.0,0.0
202207012035,190.0,2.6
202207012055,,2.1
202207012135,0.0,0.0
202207012155,0.0,0.0
202207012235,250.0,4.1
202207012255,0.0,0.0
202207012315,80.0,4.1
202207012335,150.0,5.7
202207012355,140.0,3.1
202207020015,170.0,3.1
202207020035,180.0,3.1
202207020055,140.0,3.1
202207020115,150.0,3.1
202207020135,260.0,2.1
202207020155,160.0,1.5
202207020215,0.0,0.0
202207020235,0.0,0.0
202207020250,0.0,0.0
202207020310,0.0,0.0
202207020415,0.0,0.0
202207020430,0.0,0.0
202207020455,0.0,0.0
202207020515,0.0,0.0
202207020530,220.0,1.5
202207020555,0.0,0.0
202207020615,240.0,1.5
202207020635,0.0,0.0
202207020655,0.0,0.0
202207020715,0.0,0.0
202207020735,230.0,1.5
202207020755,0.0,0.0
202207020835,0.0,0.0
202207020850,190.0,1.5
202207020935,230.0,1.5
202207020950,0.0,0.0
202207021015,200.0,1.5
202207021035,200.0,2.1
202207021055,210.0,2.1
202207021115,210.0,3.1
202207021130,,2.1
202207021155,210.0,2.6
202207021215,200.0,3.1
202207021235,170.0,1.5
202207021255,0.0,0.0
202207021335,230.0,3.6
202207021355,210.0,4.6
202207021410,,2.6
202207021455,240.0,4.1
202207021510,190.0,2.6
202207021535,210.0,2.1
202207021550,220.0,2.6
202207021615,200.0,2.1
202207021635,200.0,2.1
202207021655,,1.5
202207021715,0.0,0.0
202207021730,,2.1
202207021755,,1.5
202207021835,0.0,0.0
202207021855,330.0,3.1
202207021915,20.0,3.6
202207021935,0.0,0.0
202207021955,0.0,0.0
202207022015,0.0,0.0
202207022035,100.0,2.6
202207022055,0.0,0.0
202207022110,0.0,0.0
202207022135,0.0,0.0
202207022155,0.0,0.0
202207022215,0.0,0.0
202207022230,0.0,0.0
202207022250,0.0,0.0
202207022315,0.0,0.0
202207022335,0.0,0.0
202207022350,0.0,0.0
202207030015,0.0,0.0
202207030030,0.0,0.0
202207030055,0.0,0.0
202207030130,0.0,0.0
202207030155,0.0,0.0
202207030210,0.0,0.0
202207030235,200.0,1.5
202207030255,0.0,0.0
202207030310,0.0,0.0
202207030335,0.0,0.0
202207030355,0.0,0.0
202207030415,0.0,0.0
202207030435,0.0,0.0
202207030455,0.0,0.0
202207030515,0.0,0.0
202207030555,0.0,0.0
202207030615,0.0,0.0
202207030635,0.0,0.0
202207030655,0.0,0.0
202207030715,0.0,0.0
202207030735,0.0,0.0
202207030755,0.0,0.0
202207030815,0.0,0.0
202207030835,0.0,0.0
202207030855,0.0,0.0
202207030910,0.0,0.0
202207030935,0.0,0.0
202207030955,0.0,0.0
202207031015,0.0,0.0
202207031035,0.0,0.0
202207031055,0.0,0.0
202207031110,0.0,0.0
202207031135,0.0,0.0
202207031215,200.0,3.6
202207031235,210.0,3.1
202207031255,190.0,3.1
202207031315,190.0,3.1
202207031330,160.0,2.6
202207031355,150.0,1.5
202207031415,,1.5
202207031435,320.0,2.6
202207031455,350.0,3.1
202207031510,,2.1
202207031530,0.0,0.0
202207031550,100.0,2.1
202207031615,0.0,0.0
202207031635,0.0,0.0
202207031655,0.0,0.0
202207031715,0.0,0.0
202207031735,0.0,0.0
202207031755,0.0,0.0
202207031815,0.0,0.0
202207031835,0.0,0.0
202207031855,0.0,0.0
202207031915,0.0,0.0
202207031935,120.0,2.6
202207031955,0.0,0.0
202207032015,270.0,4.1
202207032035,210.0,3.1
202207032055,340.0,2.6
202207032110,,2.6
202207032135,310.0,4.1
202207032155,0.0,0.0
202207032215,0.0,0.0
202207032235,0.0,0.0
202207032255,60.0,2.1
202207032315,0.0,0.0
202207032335,0.0,0.0
202207032355,40.0,1.5
202207040015,0.0,0.0
202207040035,0.0,0.0
202207040055,0.0,0.0
202207040115,0.0,0.0
202207040130,0.0,0.0
202207040155,0.0,0.0
202207040200,0.0,0.0
202207121435,200.0,2.1
202207121455,180.0,2.1
202207121515,250.0,2.6
202207121535,,1.5
202207121555,,2.1
202207121615,280.0,2.6
202207121635,0.0,0.0
202207121655,230.0,2.6
202207121715,220.0,3.1
202207121735,0.0,0.0
202207121755,220.0,3.1
202207121815,130.0,2.6
202207121835,0.0,0.0
202207121850,0.0,0.0
202207121915,200.0,3.6
202207121955,170.0,2.6
202207122015,250.0,3.1
202207122050,200.0,3.6
202207122115,210.0,3.6
202207122135,220.0,3.6
202207122155,200.0,4.1
202207122215,210.0,4.6
202207122230,,3.1
202207122250,210.0,3.6
202207122310,240.0,4.1
202207122335,230.0,2.6
202207122355,190.0,3.1
202207130015,170.0,1.5
202207130030,0.0,0.0
202207130115,0.0,0.0
202207130135,0.0,0.0
202207130155,20.0,9.8
202207130215,20.0,6.2
202207130235,50.0,3.6
202207130255,120.0,5.7
202207130315,,3.1
202207130335,320.0,2.6
202207130355,0.0,0.0
202207130410,0.0,0.0
202207130435,0.0,0.0
202207130455,,3.1
202207130515,0.0,0.0
202207130535,0.0,0.0
202207130550,0.0,0.0
202207130615,200.0,1.5
202207130635,0.0,0.0
202207130655,160.0,1.5
202207130715,0.0,0.0
202207130735,50.0,2.1
202207130755,10.0,1.5
202207130815,0.0,0.0
202207130835,0.0,0.0
202207130915,0.0,0.0
202207130935,0.0,0.0
202207131015,20.0,1.5
202207131035,0.0,0.0
202207131055,0.0,0.0
202207131115,0.0,0.0
202207131135,10.0,2.1
202207131215,0.0,0.0
202207131235,0.0,0.0
202207131255,0.0,0.0
202207131310,0.0,0.0
202207131335,0.0,0.0
202207131415,0.0,0.0
202207131435,,1.5
202207131455,0.0,0.0
202207131515,0.0,0.0
202207131535,340.0,2.1
202207131555,320.0,2.6
202207131615,0.0,0.0
202207131635,320.0,3.1
202207131655,290.0,3.1
202207131715,290.0,3.6
202207131735,260.0,2.1
202207131815,,3.1
202207131835,260.0,2.6
202207131855,340.0,3.6
202207131915,290.0,4.1
202207131935,,2.1
202207131955,260.0,2.6
202207132015,0.0,0.0
202207132035,,2.6
202207132055,,2.6
202207132115,,2.1
202207132135,310.0,4.1
202207132210,330.0,4.6
202207132235,,2.1
202207132255,310.0,4.1
202207132315,330.0,3.1
202207132335,310.0,2.1
202207132355,310.0,2.6
202207140015,320.0,2.1
202207140035,0.0,0.0
202207140055,0.0,0.0
202207140115,0.0,0.0
202207140135,0.0,0.0
202207140155,0.0,0.0
202207140215,0.0,0.0
202207140235,0.0,0.0
202207140250,0.0,0.0
202207140310,0.0,0.0
202207140335,0.0,0.0
202207140355,0.0,0.0
202207140415,0.0,0.0
202207140435,0.0,0.0
202207140455,0.0,0.0
202207140515,0.0,0.0
202207140535,0.0,0.0
202207140555,0.0,0.0
202207140615,0.0,0.0
202207140635,0.0,0.0
202207140655,200.0,1.5
202207140735,0.0,0.0
202207140755,0.0,0.0
202207140815,0.0,0.0
202207140830,0.0,0.0
202207140855,0.0,0.0
202207140910,0.0,0.0
202207140930,0.0,0.0
202207140955,0.0,0.0
202207141035,0.0,0.0
202207141055,0.0,0.0
202207141110,0.0,0.0
202207141135,0.0,0.0
202207141150,0.0,0.0
202207141235,0.0,0.0
202207141255,0.0,0.0
202207141315,0.0,0.0
202207141335,0.0,0.0
202207141355,0.0,0.0
202207141415,0.0,0.0
202207141430,0.0,0.0
202207141455,0.0,0.0
202207141555,0.0,0.0
202207141630,100.0,2.1
202207141655,0.0,0.0
202207141715,0.0,0.0
202207141735,0.0,0.0
202207141755,70.0,2.1
202207141815,,2.1
202207141835,0.0,0.0
202207141855,,2.6
202207141915,40.0,4.1
202207141930,70.0,2.1
202207141955,20.0,2.1
202207142015,80.0,1.5
202207142035,40.0,3.1
202207142115,60.0,2.1
202207142135,90.0,2.1
202207142155,,2.6
202207142215,70.0,2.1
202207142230,0.0,0.0
202207142255,100.0,1.5
202207142315,0.0,0.0
202207142335,0.0,0.0
202207142355,0.0,0.0
202207150035,0.0,0.0
202207150055,0.0,0.0
202207150115,0.0,0.0
202207150135,0.0,0.0
202207150150,0.0,0.0
202207150215,0.0,0.0
202207150230,0.0,0.0
202207150255,0.0,0.0
202207150315,0.0,0.0
202207150355,0.0,0.0
202207150415,220.0,1.5
202207150435,0.0,0.0
202207150455,0.0,0.0
202207150515,0.0,0.0
202207150535,0.0,0.0
202207150555,220.0,1.5
202207150615,0.0,0.0
202207150635,0.0,0.0
202207150655,0.0,0.0
202207150710,0.0,0.0
202207150735,0.0,0.0
202207150755,0.0,0.0
202207150815,0.0,0.0
202207150835,0.0,0.0
202207150855,0.0,0.0
202207150910,0.0,0.0
202207150935,0.0,0.0
202207150955,0.0,0.0
202207151015,0.0,0.0
202207151035,0.0,0.0
202207151055,0.0,0.0
202207151115,0.0,0.0
202207151130,0.0,0.0
202207151155,0.0,0.0
202207151215,0.0,0.0
202207151235,0.0,0.0
202207151255,0.0,0.0
202207151335,0.0,0.0
202207151355,0.0,0.0
202207151415,0.0,0.0
202207151435,0.0,0.0
202207151455,0.0,0.0
202207151515,0.0,0.0
202207151535,90.0,1.5
202207151555,0.0,0.0
202207151615,0.0,0.0
202207151635,,2.1
202207151655,,2.1
202207151715,,1.5
202207151735,0.0,0.0
202207151755,0.0,0.0
202207151815,70.0,2.6
202207151835,,2.6
202207151855,,2.6
202207151915,20.0,4.6
202207151935,,2.1
202207151955,,2.1
202207152015,20.0,3.1
202207152035,40.0,3.1
202207152055,40.0,3.6
202207152115,30.0,2.6
202207152135,30.0,1.5
202207152155,40.0,2.1
202207152235,30.0,2.1
202207152255,0.0,0.0
202207152315,40.0,2.1
202207152335,0.0,0.0
202207152355,0.0,0.0
202207160015,0.0,0.0
202207160035,0.0,0.0
202207160055,0.0,0.0
202207160115,0.0,0.0
202207160135,0.0,0.0
202207160150,0.0,0.0
202207160235,0.0,0.0
202207160255,0.0,0.0
202207160310,0.0,0.0
202207160335,0.0,0.0
202207160355,0.0,0.0
202207160415,0.0,0.0
202207160435,0.0,0.0
202207160455,0.0,0.0
202207160510,0.0,0.0
202207160535,0.0,0.0
202207160555,0.0,0.0
202207160635,0.0,0.0
202207160655,340.0,1.5
202207160735,0.0,0.0
202207160755,0.0,0.0
202207160815,0.0,0.0
202207160835,0.0,0.0
202207160855,0.0,0.0
202207160915,0.0,0.0
202207160935,0.0,0.0
202207160955,0.0,0.0
202207161015,0.0,0.0
202207161035,0.0,0.0
202207161055,0.0,0.0
202207161115,0.0,0.0
202207161135,0.0,0.0
202207161155,0.0,0.0
202207161215,0.0,0.0
202207161235,0.0,0.0
202207161255,0.0,0.0
202207161315,0.0,0.0
202207161335,0.0,0.0
202207161355,,1.5
202207161415,130.0,1.5
202207161435,110.0,1.5
202207161455,,2.1
202207161515,,2.1
202207161535,0.0,0.0
202207161550,0.0,0.0
202207161615,,2.1
202207161635,170.0,2.1
202207161655,,2.1
202207161715,0.0,0.0
202207161735,,2.1
202207161815,0.0,0.0
202207161835,0.0,0.0
202207161855,,2.1
202207161915,,1.5
202207161935,0.0,0.0
202207161955,0.0,0.0
202207162015,0.0,0.0
202207162035,150.0,1.5
202207162055,0.0,0.0
202207162115,,2.1
202207162135,180.0,1.5
202207162155,0.0,0.0
202207162215,0.0,0.0
202207162235,0.0,0.0
202207162255,0.0,0.0
202207162315,0.0,0.0
202207162335,0.0,0.0
202207162355,0.0,0.0
202207170010,0.0,0.0
202207170035,0.0,0.0
202207170055,210.0,2.6
202207170110,0.0,0.0
202207170135,,1.5
202207170150,190.0,1.5
202207170215,200.0,2.1
202207170235,,2.1
202207170255,0.0,0.0
202207170315,210.0,1.5
202207170335,210.0,2.6
202207170350,220.0,2.1
202207170415,220.0,1.5
202207170435,210.0,1.5
202207170455,220.0,2.1
202207170530,0.0,0.0
202207170555,0.0,0.0
202207170615,0.0,0.0
202207170630,0.0,0.0
202207170655,0.0,0.0
202207170710,0.0,0.0
202207170735,0.0,0.0
202207170750,0.0,0.0
202207170815,0.0,0.0
202207170850,0.0,0.0
202207170935,0.0,0.0
202207170955,0.0,0.0
202207171015,0.0,0.0
202207171035,0.0,0.0
202207171055,0.0,0.0
202207171115,0.0,0.0
202207171135,0.0,0.0
202207171155,0.0,0.0
202207171215,210.0,3.1
202207171230,210.0,3.6
202207171255,220.0,4.1
202207171315,,2.6
202207171335,190.0,3.1
202207171355,,2.6
202207171415,,2.1
202207171435,,2.6
202207171455,,2.6
202207171515,200.0,3.6
202207171535,250.0,3.6
202207171555,210.0,3.6
202207171615,200.0,3.1
202207171635,,3.1
202207171650,,3.1
202207171715,210.0,3.6
202207171735,160.0,2.1
202207171755,160.0,2.6
202207171835,200.0,4.6
202207171855,200.0,3.6
202207171910,200.0,4.1
202207171935,190.0,5.1
202207171955,180.0,4.6
202207172015,200.0,4.1
202207172035,200.0,3.1
202207172135,200.0,3.1
202207172150,200.0,2.1
202207172215,180.0,2.6
202207172230,210.0,4.6
202207172255,250.0,4.1
202207172315,240.0,3.1
202207172335,240.0,2.1
202207172355,210.0,2.1
202207180015,0.0,0.0
202207180035,190.0,2.1
202207180055,0.0,0.0
202207180115,,2.6
202207180135,200.0,2.1
202207180155,180.0,1.5
202207180215,180.0,2.1
202207180235,0.0,0.0
202207180255,190.0,2.1
202207180315,190.0,2.1
202207180355,200.0,2.6
202207180415,210.0,2.6
202207180435,220.0,3.1
202207180455,210.0,2.6
202207180515,210.0,3.1
202207180535,210.0,3.1
202207180555,210.0,2.6
202207180615,210.0,2.6
202207180655,210.0,2.6
202207180715,200.0,3.1
202207180735,,2.6
202207180755,220.0,2.6
202207180815,210.0,2.1
202207180835,220.0,2.6
202207180855,200.0,2.1
202207180915,220.0,2.1
202207180935,200.0,2.1
202207180955,230.0,2.1
202207181015,220.0,1.5
202207181035,230.0,2.6
202207181055,220.0,2.1
202207181115,0.0,0.0
202207181135,210.0,2.1
202207181155,,3.1
202207181215,230.0,4.1
202207181235,210.0,4.1
202207181255,190.0,3.1
202207181315,210.0,3.6
202207181335,200.0,3.1
202207181355,220.0,3.6
202207181410,220.0,4.6
202207181435,190.0,4.6
202207181455,220.0,6.2
202207181510,180.0,5.1
202207181525,200.0,5.1
202207181545,190.0,6.2
202207181605,200.0,5.1
202207181625,200.0,5.7
202207181645,210.0,5.7
202207181705,200.0,6.2
202207181720,210.0,7.7
202207181740,190.0,5.1
202207181805,210.0,5.7
202207181825,210.0,4.1
202207181845,,2.6
202207181925,230.0,3.1
202207181945,310.0,4.6
202207182000,,2.6
202208111455,190.0,2.1
202208111515,0.0,0.0
202208111535,200.0,2.1
202208111555,0.0,0.0
202208111615,280.0,2.1
202208111635,0.0,0.0
202208111655,0.0,0.0
202208111715,0.0,0.0
202208111735,,1.5
202208111755,,1.5
202208111835,0.0,0.0
202208111855,0.0,0.0
202208111915,200.0,2.1
202208111935,0.0,0.0
202208111955,120.0,2.1
202208112015,220.0,3.1
202208112035,0.0,0.0
202208112055,0.0,0.0
202208112115,190.0,3.1
202208112130,180.0,3.1
202208112155,320.0,1.5
202208112215,50.0,3.6
202208112235,,4.1
202208112255,340.0,2.1
202208112315,10.0,2.1
202208112335,0.0,0.0
202208112355,0.0,0.0
202208120015,0.0,0.0
202208120035,0.0,0.0
202208120055,0.0,0.0
202208120115,0.0,0.0
202208120135,0.0,0.0
202208120155,0.0,0.0
202208120235,0.0,0.0
202208120255,0.0,0.0
202208120315,0.0,0.0
202208120355,0.0,0.0
202208120415,0.0,0.0
202208120455,0.0,0.0
202208120515,0.0,0.0
202208120535,0.0,0.0
202208120555,0.0,0.0
202208120615,340.0,2.1
202208120635,0.0,0.0
202208120655,0.0,0.0
202208120715,20.0,1.5
202208120735,0.0,0.0
202208120755,0.0,0.0
202208120810,,1.5
202208120835,0.0,0.0
202208120855,0.0,0.0
202208120915,0.0,0.0
202208120935,0.0,0.0
202208121015,0.0,0.0
202208121055,0.0,0.0
202208121115,0.0,0.0
202208121135,0.0,0.0
202208121155,0.0,0.0
202208121215,0.0,0.0
202208121230,0.0,0.0
202208121255,10.0,2.1
202208121315,20.0,2.6
202208121335,30.0,3.1
202208121350,,2.1
202208121415,20.0,2.6
202208121435,20.0,3.1
202208121455,,2.1
202208121510,40.0,3.6
202208121535,,2.6
202208121550,30.0,3.1
202208121615,30.0,3.1
202208121635,30.0,3.1
202208121655,,3.1
202208121735,,4.1
202208121755,30.0,4.1
202208121815,,2.1
202208121835,30.0,4.1
202208121850,10.0,5.1
202208121915,10.0,3.1
202208121935,10.0,4.1
202208121955,30.0,3.6
202208122015,,2.6
202208122035,30.0,3.1
202208122055,20.0,3.1
202208122135,30.0,4.1
202208122155,10.0,3.1
202208122215,30.0,6.7
202208122235,20.0,5.7
202208122255,30.0,4.6
202208122315,30.0,4.6
202208122335,30.0,3.6
202208122355,20.0,3.6
202208130015,20.0,3.6
202208130035,10.0,3.1
202208130055,10.0,2.1
202208130115,40.0,2.1
202208130135,30.0,2.6
202208130150,20.0,2.6
202208130215,40.0,1.5
202208130235,30.0,2.1
202208130250,0.0,0.0
202208130310,40.0,1.5
202208130335,0.0,0.0
202208130355,0.0,0.0
202208130410,0.0,0.0
202208130435,30.0,1.5
202208130455,40.0,2.1
202208130515,0.0,0.0
202208130535,0.0,0.0
202208130555,0.0,0.0
202208130610,0.0,0.0
202208130635,0.0,0.0
202208130655,20.0,2.1
202208130715,30.0,1.5
202208130755,,2.1
202208130815,30.0,2.1
202208130855,0.0,0.0
202208130935,0.0,0.0
202208130955,0.0,0.0
202208131015,0.0,0.0
202208131035,0.0,0.0
202208131055,0.0,0.0
202208131110,0.0,0.0
202208131135,0.0,0.0
202208131155,0.0,0.0
202208131215,0.0,0.0
202208131235,30.0,1.5
202208131255,0.0,0.0
202208131315,,2.1
202208131335,,2.1
202208131415,,2.1
202208131430,0.0,0.0
202208131450,0.0,0.0
202208131515,0.0,0.0
202208131535,0.0,0.0
202208131555,0.0,0.0
202208131615,0.0,0.0
202208131635,260.0,3.1
202208131655,280.0,2.6
202208131715,270.0,3.1
202208131735,290.0,2.1
202208131755,,2.6
202208131815,,2.1
202208131835,220.0,3.1
202208131855,260.0,3.6
202208131915,,2.1
202208131935,0.0,0.0
202208131955,210.0,2.6
202208132015,,2.1
202208132035,180.0,3.6
202208132055,180.0,3.1
202208132115,210.0,2.6
202208132135,0.0,0.0
202208132150,0.0,0.0
202208132215,0.0,0.0
202208132235,0.0,0.0
202208132255,0.0,0.0
202208132315,0.0,0.0
202208132335,130.0,2.1
202208132355,110.0,2.1
202208140015,120.0,2.1
202208140035,0.0,0.0
202208140050,0.0,0.0
202208140115,0.0,0.0
202208140135,0.0,0.0
202208140155,0.0,0.0
202208140210,0.0,0.0
202208140235,0.0,0.0
202208140255,0.0,0.0
202208140315,0.0,0.0
202208140335,0.0,0.0
202208140355,0.0,0.0
202208140415,0.0,0.0
202208140435,0.0,0.0
202208140455,0.0,0.0
202208140510,0.0,0.0
202208140535,0.0,0.0
202208140555,0.0,0.0
202208140615,0.0,0.0
202208140635,0.0,0.0
202208140655,0.0,0.0
202208140715,0.0,0.0
202208140735,0.0,0.0
202208140755,0.0,0.0
202208140815,0.0,0.0
202208140835,0.0,0.0
202208140855,0.0,0.0
202208140915,0.0,0.0
202208140935,0.0,0.0
202208140955,0.0,0.0
202208141010,0.0,0.0
202208141035,0.0,0.0
202208141055,0.0,0.0
202208141115,0.0,0.0
202208141135,0.0,0.0
202208141155,0.0,0.0
202208141210,0.0,0.0
202208141235,,1.5
202208141255,0.0,0.0
202208141315,0.0,0.0
202208141335,180.0,1.5
202208141355,220.0,3.1
202208141415,210.0,3.6
202208141435,190.0,3.6
202208141450,200.0,5.1
202208141515,220.0,4.1
202208141535,,2.6
202208141555,190.0,3.1
202208141615,180.0,4.1
202208141635,200.0,3.1
202208141655,210.0,4.6
202208141715,200.0,4.1
202208141735,180.0,3.6
202208141755,170.0,3.6
202208141810,210.0,4.1
202208141835,,2.6
202208141855,210.0,4.6
202208141915,220.0,5.1
202208141935,220.0,5.1
202208141955,220.0,5.7
202208142015,180.0,4.1
202208142035,180.0,4.1
202208142055,230.0,6.2
202208142115,190.0,5.1
202208142155,,3.1
202208142215,220.0,5.1
202208142235,220.0,5.7
202208142250,220.0,5.7
202208142315,210.0,4.6
202208142335,200.0,2.6
202208142355,190.0,2.1
202208150015,190.0,1.5
202208150030,190.0,2.1
202208150055,200.0,2.1
202208150110,210.0,2.6
202208150135,0.0,0.0
202208150155,0.0,0.0
202208150215,0.0,0.0
202208150235,0.0,0.0
202208150255,0.0,0.0
202208150315,0.0,0.0
202208150335,0.0,0.0
202208150355,0.0,0.0
202208150415,0.0,0.0
202208150435,0.0,0.0
202208150455,0.0,0.0
202208150535,220.0,2.1
202208150555,220.0,2.1
202208150615,220.0,3.1
202208150635,230.0,2.1
202208150655,220.0,2.6
202208150715,210.0,2.6
202208150755,210.0,1.5
202208150815,210.0,2.1
202208150835,200.0,2.6
202208150855,210.0,1.5
202208150935,220.0,2.6
202208151015,220.0,2.1
202208151035,210.0,2.1
202208151055,0.0,0.0
202208151115,220.0,2.6
202208151135,0.0,0.0
202208151155,0.0,0.0
202208151215,0.0,0.0
202208151235,210.0,2.1
202208151250,210.0,2.6
202208151315,190.0,2.1
202208151335,0.0,0.0
202208151355,0.0,0.0
202208151410,220.0,2.1
202208151455,,1.5
202208151515,240.0,2.6
202208151530,220.0,2.6
202208151555,,2.6
202208151610,240.0,3.1
202208151635,220.0,2.6
202208151655,,3.1
202208151715,230.0,4.6
202208151735,210.0,4.1
202208151815,,2.1
202208151835,220.0,4.1
202208151855,270.0,2.1
202208151915,0.0,0.0
202208151935,250.0,3.1
202208151955,,2.1
202208152015,,2.6
202208152035,320.0,3.1
202208152055,300.0,3.6
202208152115,330.0,4.1
202208152135,340.0,2.6
202208152150,350.0,3.6
202208152215,340.0,4.6
202208152235,340.0,3.1
202208152255,340.0,3.1
202208152315,330.0,3.1
202208152330,330.0,2.6
202208152350,350.0,2.6
202208160015,0.0,0.0
202208160035,0.0,0.0
202208160115,0.0,0.0
202208160135,0.0,0.0
202208160155,0.0,0.0
202208160215,0.0,0.0
202208160235,0.0,0.0
202208160255,0.0,0.0
202208160315,0.0,0.0
202208160335,0.0,0.0
202208160355,260.0,1.5
202208160415,0.0,0.0
202208160435,0.0,0.0
202208160455,0.0,0.0
202208160515,0.0,0.0
202208160530,0.0,0.0
202208160555,0.0,0.0
202208160615,0.0,0.0
202208160630,0.0,0.0
202208160655,0.0,0.0
202208160715,0.0,0.0
202208160735,0.0,0.0
202208160755,0.0,0.0
202208160815,40.0,1.5
202208160835,0.0,0.0
202208160850,0.0,0.0
202208160915,30.0,2.1
202208160935,0.0,0.0
202208161015,40.0,1.5
202208161055,20.0,2.1
202208161115,0.0,0.0
202208161135,0.0,0.0
202208161155,0.0,0.0
202208161235,0.0,0.0
202208161255,30.0,1.5
202208161315,,2.1
202208161335,30.0,3.1
202208161355,10.0,3.1
202208161415,30.0,2.1
202208161435,,3.1
202208161455,20.0,2.6
202208161515,,3.1
202208161535,40.0,2.6
202208161555,,3.1
202208161615,,3.1
202208161650,,3.6
202208161715,,2.6
202208161735,,3.6
202208161755,,1.5
202208161815,,2.1
202208161835,,3.1
202208161855,,3.1
202208161915,,2.6
202208161935,,2.6
202208161955,350.0,3.6
202208162015,10.0,4.1
202208162035,10.0,3.1
202208162050,,4.6
202208162115,350.0,3.6
202208162135,,2.1
202208162155,10.0,2.6
202208162215,10.0,3.1
202208162235,,2.6
202208162255,,2.6
202208162310,,2.6
202208162335,0.0,0.0
202208162355,0.0,0.0
202208170010,0.0,0.0
202208170035,0.0,0.0
202208170055,0.0,0.0
202208170115,0.0,0.0
202208170135,0.0,0.0
202208170155,0.0,0.0
202208170215,0.0,0.0
202208170235,0.0,0.0
202208170255,0.0,0.0
202208170315,0.0,0.0
202208170335,0.0,0.0
202208170355,0.0,0.0
202208170415,0.0,0.0
202208170435,0.0,0.0
202208170455,0.0,0.0
202208170515,0.0,0.0
202208170535,0.0,0.0
202208170615,0.0,0.0
202208170635,0.0,0.0
202208170655,0.0,0.0
202208170715,0.0,0.0
202208170735,0.0,0.0
202208170750,0.0,0.0
202208170815,0.0,0.0
202208170835,0.0,0.0
202208170855,0.0,0.0
202208170915,0.0,0.0
202208170935,0.0,0.0
202208170955,0.0,0.0
202208171035,0.0,0.0
202208171055,0.0,0.0
202208171115,0.0,0.0
202208171135,0.0,0.0
202208171155,0.0,0.0
202208171215,0.0,0.0
202208171255,0.0,0.0
202208171315,,1.5
202208171335,0.0,0.0
202208171355,0.0,0.0
202208171415,0.0,0.0
202208171435,0.0,0.0
202208171455,0.0,0.0
202208171515,0.0,0.0
202208171535,0.0,0.0
202208171550,0.0,0.0
202208171615,,1.5
202208171635,0.0,0.0
202208171655,,2.1
202208171715,340.0,3.1
202208171735,,2.1
202208171755,330.0,2.1
202208171815,350.0,2.1
202208171835,0.0,0.0
202208171855,,1.5
202208171935,,1.5
202208171955,0.0,0.0
202208172010,40.0,2.1
202208172035,,2.1
202208172055,30.0,2.1
202208172135,0.0,0.0
202208172155,,1.5
202208172210,0.0,0.0
202208172235,0.0,0.0
202208172255,0.0,0.0
202208172315,0.0,0.0
202208172330,0.0,0.0
202208172355,0.0,0.0
202208180015,0.0,0.0
202208180035,0.0,0.0
202208180050,0.0,0.0
202208180115,0.0,0.0
202208180155,0.0,0.0
202208180215,0.0,0.0
202208180235,0.0,0.0
202208180255,0.0,0.0
202208180335,350.0,2.1
202208180355,0.0,0.0
202208180400,0.0,0.0
202208180515,0.0,0.0
202208180535,0.0,0.0
202208180555,0.0,0.0
202208180615,0.0,0.0
202208180635,0.0,0.0
202208180655,0.0,0.0
202208180715,0.0,0.0
202208180735,0.0,0.0
202208180755,0.0,0.0
202208180815,0.0,0.0
202208180835,0.0,0.0
202208180855,0.0,0.0
202208180915,0.0,0.0
202208180935,0.0,0.0
202208180955,0.0,0.0
202208181015,0.0,0.0
202208181035,0.0,0.0
202208181055,0.0,0.0
202208181135,0.0,0.0
202208181155,0.0,0.0
202208181215,0.0,0.0
202208181230,0.0,0.0
202208181255,0.0,0.0
202208181315,0.0,0.0
202208181335,0.0,0.0
202208181355,0.0,0.0
202208181410,0.0,0.0
202208181435,0.0,0.0
202208181450,0.0,0.0
202208181515,0.0,0.0
202208181530,0.0,0.0
202208181550,0.0,0.0
202208181615,0.0,0.0
202208181630,0.0,0.0
202208181650,,2.1
202208181710,130.0,2.1
202208181735,0.0,0.0
202208181755,,1.5
202208181815,0.0,0.0
202208181850,,2.6
202208181915,0.0,0.0
202208181930,20.0,2.6
202208181950,0.0,0.0
202208182015,,1.5
202208182030,50.0,2.1
202208182050,,2.1
202208182115,40.0,2.6
202208182135,,2.1
202208182155,350.0,3.1
202208182215,0.0,0.0
202208182235,,1.5
202208182255,0.0,0.0
202208182315,0.0,0.0
202208182335,0.0,0.0
202208182355,0.0,0.0
202208190015,0.0,0.0
202208190035,0.0,0.0
202208190055,0.0,0.0
202208190115,0.0,0.0
202208190135,0.0,0.0
202208190155,0.0,0.0
202208190215,0.0,0.0
202208190235,0.0,0.0
202208190255,0.0,0.0
202208190315,190.0,2.1
202208190335,0.0,0.0
202208190350,0.0,0.0
202208190415,0.0,0.0
202208190430,0.0,0.0
202208190455,0.0,0.0
202208190515,0.0,0.0
202208190535,0.0,0.0
202208190555,0.0,0.0
202208190615,0.0,0.0
202208190630,0.0,0.0
202208190655,0.0,0.0
202208190715,0.0,0.0
202208190735,0.0,0.0
202208190755,0.0,0.0
202208190815,0.0,0.0
202208190835,0.0,0.0
202208190855,0.0,0.0
202208190915,0.0,0.0
202208190935,0.0,0.0
202208190955,0.0,0.0
202208191015,0.0,0.0
202208191035,0.0,0.0
202208191050,0.0,0.0
202208191115,0.0,0.0
202208191135,0.0,0.0
202208191155,0.0,0.0
202208191230,0.0,0.0
202208191255,0.0,0.0
202208191315,0.0,0.0
202208191335,70.0,1.5
202208191355,0.0,0.0
202208191415,0.0,0.0
202208191435,0.0,0.0
202208191455,0.0,0.0
202208191515,0.0,0.0
202208191535,0.0,0.0
202208191555,0.0,0.0
202208191615,,3.1
202208191635,140.0,2.1
202208191655,,2.1
202208191710,0.0,0.0
202208191735,0.0,0.0
202208191755,0.0,0.0
202208191815,0.0,0.0
202208191835,170.0,2.6
202208191915,250.0,1.5
202208191935,180.0,1.5
202208191955,190.0,1.5
202208192015,0.0,0.0
202208192035,190.0,2.6
202208192055,,1.5
202208192115,150.0,3.1
202208192135,,2.6
202208192155,170.0,4.1
202208192215,180.0,3.6
202208192235,,3.1
202208192255,,3.1
202208192315,180.0,3.6
202208192335,200.0,2.6
202208192355,190.0,1.5
202208200035,200.0,2.1
202208200055,0.0,0.0
202208200135,0.0,0.0
202208200155,0.0,0.0
202208200215,200.0,2.1
202208200235,0.0,0.0
202208200255,0.0,0.0
202208200315,0.0,0.0
202208200335,0.0,0.0
202208200350,0.0,0.0
202208200415,0.0,0.0
202208200435,0.0,0.0
202208200455,0.0,0.0
202208200515,0.0,0.0
202208200535,0.0,0.0
202208200555,0.0,0.0
202208200615,0.0,0.0
202208200635,0.0,0.0
202208200650,0.0,0.0
202208200715,0.0,0.0
202208200735,0.0,0.0
202208200815,0.0,0.0
202208200835,0.0,0.0
202208200855,0.0,0.0
202208200935,0.0,0.0
202208200955,0.0,0.0
202208201015,0.0,0.0
202208201035,0.0,0.0
202208201055,0.0,0.0
202208201115,0.0,0.0
202208201135,0.0,0.0
202208201155,0.0,0.0
202208201210,0.0,0.0
202208201235,0.0,0.0
202208201255,0.0,0.0
202208201315,0.0,0.0
202208201330,0.0,0.0
202208201355,210.0,3.1
202208201415,200.0,3.6
202208201455,,2.1
202208201515,210.0,2.6
202208201535,210.0,4.1
202208201555,210.0,3.6
202208201615,,3.1
202208201635,,3.1
202208201655,190.0,3.1
202208201715,,3.1
202208201735,200.0,3.6
202208201755,220.0,3.6
202208201815,220.0,4.1
202208201835,,3.1
202208201855,180.0,2.6
202208201915,,3.1
202208201935,,1.5
202208201955,,2.6
202208202015,,2.6
202208202035,170.0,3.1
202208202055,,2.1
202208202110,0.0,0.0
202208202135,190.0,2.1
202208202155,190.0,2.6
202208202215,220.0,5.1
202208202235,230.0,3.6
202208202255,210.0,3.1
202208202315,210.0,3.1
202208202335,,2.6
202208202355,,2.1
202208210015,0.0,0.0
202208210035,220.0,2.1
202208210055,210.0,1.5
202208210115,210.0,2.1
202208210135,0.0,0.0
202208210155,0.0,0.0
202208210215,200.0,2.1
202208210235,220.0,3.1
202208210255,210.0,2.6
202208210315,210.0,3.6
202208210335,220.0,3.6
202208210355,0.0,0.0
202208210415,0.0,0.0
202208210435,0.0,0.0
202208210450,0.0,0.0
202208210515,0.0,0.0
202208210535,0.0,0.0
202208210555,0.0,0.0
202208210615,0.0,0.0
202208210635,0.0,0.0
202208210655,0.0,0.0
202208210715,0.0,0.0
202208210735,0.0,0.0
202208210755,0.0,0.0
202208210815,200.0,2.1
202208210835,210.0,2.1
202208210855,220.0,4.1
202208210915,210.0,4.6
202208210935,210.0,5.1
202208210955,200.0,4.6
202208211015,200.0,4.1
202208211035,210.0,4.1
202208211050,200.0,3.1
202208211115,200.0,3.1
202208211135,200.0,3.6
202208211150,200.0,4.1
202208211215,200.0,3.1
202208211235,200.0,3.1
202208211255,,2.1
202208211315,200.0,3.1
202208211335,200.0,3.1
202208211350,210.0,4.1
202208211405,210.0,4.1
202208261535,170.0,2.1
202208261555,0.0,0.0
202208261615,,2.1
202208261630,,1.5
202208261655,130.0,2.1
202208261715,0.0,0.0
202208261735,0.0,0.0
202208261755,,1.5
202208261815,110.0,2.6
202208261835,0.0,0.0
202208261855,0.0,0.0
202208261915,0.0,0.0
202208261935,0.0,0.0
202208261955,0.0,0.0
202208262015,0.0,0.0
202208262035,330.0,2.6
202208262055,320.0,4.6
202208262110,320.0,4.1
202208262135,300.0,2.1
202208262155,320.0,2.6
202208262215,350.0,3.1
202208262235,0.0,0.0
202208262255,,2.6
202208262315,,2.1
202208262330,340.0,2.6
202208262350,0.0,0.0
202208270015,0.0,0.0
202208270035,0.0,0.0
202208270055,0.0,0.0
202208270110,0.0,0.0
202208270135,0.0,0.0
202208270155,0.0,0.0
202208270215,0.0,0.0
202208270235,0.0,0.0
202208270250,0.0,0.0
202208270315,0.0,0.0
202208270335,0.0,0.0
202208270355,0.0,0.0
202208270415,0.0,0.0
202208270435,0.0,0.0
202208270455,0.0,0.0
202208270535,0.0,0.0
202208270555,0.0,0.0
202208270610,0.0,0.0
202208270635,0.0,0.0
202208270655,0.0,0.0
202208270710,0.0,0.0
202208270730,0.0,0.0
202208270750,0.0,0.0
202208270815,0.0,0.0
202208270835,0.0,0.0
202208270915,0.0,0.0
202208270935,0.0,0.0
202208271015,0.0,0.0
202208271030,0.0,0.0
202208271050,0.0,0.0
202208271115,0.0,0.0
202208271135,0.0,0.0
202208271155,0.0,0.0
202208271215,0.0,0.0
202208271235,0.0,0.0
202208271255,20.0,1.5
202208271315,0.0,0.0
202208271335,0.0,0.0
202208271355,0.0,0.0
202208271415,0.0,0.0
202208271430,0.0,0.0
202208271455,0.0,0.0
202208271515,0.0,0.0
202208271535,0.0,0.0
202208271555,0.0,0.0
202208271610,0.0,0.0
202208271635,,2.1
202208271655,30.0,2.6
202208271715,,2.6
202208271735,0.0,0.0
202208271755,,1.5
202208271815,170.0,1.5
202208271835,0.0,0.0
202208271855,,2.1
202208271915,20.0,2.6
202208271935,30.0,2.6
202208271955,0.0,0.0
202208272015,,2.6
202208272035,0.0,0.0
202208272055,330.0,3.1
202208272110,350.0,1.5
202208272135,,1.5
202208272155,30.0,3.1
202208272215,30.0,2.1
202208272230,,1.5
202208272255,0.0,0.0
202208272315,160.0,2.1
202208272335,0.0,0.0
202208272355,0.0,0.0
202208280015,0.0,0.0
202208280055,0.0,0.0
202208280115,0.0,0.0
202208280135,0.0,0.0
202208280155,0.0,0.0
202208280215,0.0,0.0
202208280235,0.0,0.0
202208280255,0.0,0.0
202208280315,0.0,0.0
202208280335,0.0,0.0
202208280355,0.0,0.0
202208280415,0.0,0.0
202208280435,0.0,0.0
202208280455,0.0,0.0
202208280515,0.0,0.0
202208280535,0.0,0.0
202208280555,0.0,0.0
202208280615,0.0,0.0
202208280635,0.0,0.0
202208280655,0.0,0.0
202208280715,0.0,0.0
202208280735,0.0,0.0
202208280815,230.0,1.5
202208280835,0.0,0.0
202208280855,0.0,0.0
202208280915,0.0,0.0
202208280930,0.0,0.0
202208280955,30.0,2.1
202208281015,0.0,0.0
202208281035,0.0,0.0
202208281050,0.0,0.0
202208281115,0.0,0.0
202208281135,0.0,0.0
202208281155,0.0,0.0
202208281215,0.0,0.0
202208281235,0.0,0.0
202208281255,0.0,0.0
202208281335,0.0,0.0
202208281355,350.0,2.1
202208281415,0.0,0.0
202208281435,0.0,0.0
202208281455,140.0,2.1
202208281515,0.0,0.0
202208281535,,2.1
202208281550,0.0,0.0
202208281615,0.0,0.0
202208281655,220.0,3.1
202208281715,200.0,2.6
202208281735,,2.6
202208281755,,2.6
202208281815,150.0,2.6
202208281835,150.0,5.1
202208281855,150.0,4.1
202208281915,130.0,4.1
202208281935,120.0,2.1
202208281955,,2.6
202208282015,0.0,0.0
202208282035,0.0,0.0
202208282055,0.0,0.0
202208282115,110.0,2.1
202208282135,100.0,2.1
202208282155,,2.1
202208282215,0.0,0.0
202208282315,0.0,0.0
202208282335,0.0,0.0
202208282355,0.0,0.0
202208290015,0.0,0.0
202208290035,0.0,0.0
202208290055,0.0,0.0
202208290115,0.0,0.0
202208290135,0.0,0.0
202208290155,0.0,0.0
202208290215,0.0,0.0
202208290235,0.0,0.0
202208290255,0.0,0.0
202208290315,0.0,0.0
202208290335,0.0,0.0
202208290355,0.0,0.0
202208290415,0.0,0.0
202208290435,0.0,0.0
202208290450,0.0,0.0
202208290515,0.0,0.0
202208290535,0.0,0.0
202208290555,0.0,0.0
202208290615,0.0,0.0
202208290635,0.0,0.0
202208290655,0.0,0.0
202208290715,0.0,0.0
202208290735,0.0,0.0
202208290755,0.0,0.0
202208290815,0.0,0.0
202208290835,0.0,0.0
202208290855,0.0,0.0
202208290915,0.0,0.0
202208290935,0.0,0.0
202208290955,0.0,0.0
202208291015,0.0,0.0
202208291035,0.0,0.0
202208291050,0.0,0.0
202208291115,0.0,0.0
202208291155,0.0,0.0
202208291210,0.0,0.0
202208291235,0.0,0.0
202208291255,0.0,0.0
202208291315,0.0,0.0
202208291335,0.0,0.0
202208291355,0.0,0.0
202208291415,0.0,0.0
202208291435,0.0,0.0
202208291455,0.0,0.0
202208291515,0.0,0.0
202208291535,0.0,0.0
202208291555,0.0,0.0
202208291615,150.0,3.1
202208291635,0.0,0.0
202208291655,,2.1
202208291715,160.0,2.6
202208291735,,2.1
202208291755,200.0,3.6
202208291815,,2.1
202208291835,,2.1
202208291850,,2.6
202208291915,,3.1
202208291935,,2.6
202208291955,210.0,3.6
202208292010,,3.1
202208292035,,2.6
202208292055,170.0,2.1
202208292115,210.0,3.6
202208292135,200.0,2.6
202208292215,240.0,4.1
202208292235,190.0,2.6
202208292255,,2.6
202208292315,0.0,0.0
202208292335,0.0,0.0
202208292355,0.0,0.0
202208300015,0.0,0.0
202208300030,0.0,0.0
202208300050,0.0,0.0
202208300115,0.0,0.0
202208300135,0.0,0.0
202208300155,0.0,0.0
202208300215,0.0,0.0
202208300235,0.0,0.0
202208300250,0.0,0.0
202208300310,0.0,0.0
202208300335,0.0,0.0
202208300350,0.0,0.0
202208300415,0.0,0.0
202208300435,0.0,0.0
202208300455,0.0,0.0
202208300555,0.0,0.0
202208300610,0.0,0.0
202208300630,0.0,0.0
202208300655,0.0,0.0
202208300715,0.0,0.0
202208300735,0.0,0.0
202208300755,0.0,0.0
202208300810,0.0,0.0
202208300850,0.0,0.0
202208300915,0.0,0.0
202208300935,0.0,0.0
202208300955,0.0,0.0
202208301015,170.0,1.5
202208301035,0.0,0.0
202208301055,0.0,0.0
202208301115,0.0,0.0
202208301135,0.0,0.0
202208301155,0.0,0.0
202208301215,0.0,0.0
202208301235,220.0,2.1
202208301255,200.0,3.1
202208301315,,1.5
202208301335,190.0,3.6
202208301355,200.0,3.1
202208301415,210.0,4.1
202208301435,200.0,4.1
202208301455,200.0,4.6
202208301515,200.0,3.6
202208301535,,2.6
202208301555,,2.6
202208301610,,2.6
202208301635,,2.6
202208301650,230.0,2.6
202208301715,,3.1
202208301735,310.0,4.1
202208301755,300.0,3.6
202208301815,270.0,2.1
202208301835,310.0,5.1
202208301855,310.0,3.6
202208301910,,3.1
202208301935,260.0,3.1
202208301955,260.0,3.6
202208302015,240.0,4.1
202208302035,230.0,3.6
202208302055,,3.1
202208302115,280.0,2.1
202208302135,330.0,3.6
202208302155,310.0,3.6
202208302215,300.0,2.6
202208302230,310.0,2.6
202208302315,300.0,2.6
202208302335,260.0,1.5
202208302355,250.0,1.5
202208310015,0.0,0.0
202208310035,0.0,0.0
202208310055,0.0,0.0
202208310115,0.0,0.0
202208310135,0.0,0.0
202208310155,0.0,0.0
202208310215,0.0,0.0
202208310235,0.0,0.0
202208310255,0.0,0.0
202208310315,0.0,0.0
202208310335,0.0,0.0
202208310350,0.0,0.0
202208310415,0.0,0.0
202208310435,0.0,0.0
202208310455,0.0,0.0
202208310515,0.0,0.0
202208310535,0.0,0.0
202208310555,0.0,0.0
202208310610,0.0,0.0
202208310630,0.0,0.0
202208310655,0.0,0.0
202208310715,0.0,0.0
202208310735,0.0,0.0
202208310755,0.0,0.0
202208310815,0.0,0.0
202208310835,0.0,0.0
202208310855,0.0,0.0
202208310915,0.0,0.0
202208310935,0.0,0.0
202208310955,0.0,0.0
202208311035,0.0,0.0
202208311055,0.0,0.0
202208311115,0.0,0.0
202208311135,0.0,0.0
202208311155,0.0,0.0
202208311215,0.0,0.0
202208311235,0.0,0.0
202208311250,0.0,0.0
202208311315,0.0,0.0
202208311335,,1.5
202208311355,0.0,0.0
202208311415,0.0,0.0
202208311435,0.0,0.0
202208311455,,2.1
202208311515,0.0,0.0
202208311535,,2.6
202208311555,10.0,4.6
202208311615,40.0,4.1
202208311635,340.0,3.1
202208311655,,2.6
202208311715,350.0,2.6
202208311735,,2.6
202208311755,0.0,0.0
202208311815,,3.1
202208311835,,2.1
202208311855,,2.1
202208311915,10.0,3.6
202208311935,,3.1
202208311955,,2.6
202208312015,,3.6
202208312035,20.0,2.6
202208312055,20.0,3.6
202208312115,10.0,4.1
202208312135,,3.1
202208312155,,3.6
202208312215,10.0,2.1
202208312235,,3.6
202208312255,,3.1
202208312315,10.0,2.6
202208312335,,1.5
202208312355,0.0,0.0
202209010015,0.0,0.0
202209010035,0.0,0.0
202209010050,0.0,0.0
202209010115,0.0,0.0
202209221635,340.0,4.6
202209221655,,2.6
202209221715,,2.6
202209221730,340.0,4.6
202209221755,350.0,3.6
202209221815,,2.6
202209221835,,3.1
202209221855,330.0,5.1
202209221915,340.0,6.7
202209221935,340.0,5.1
202209221955,330.0,6.7
202209222010,350.0,5.1
202209222035,330.0,4.6
202209222055,320.0,5.1
202209222115,330.0,5.1
202209222135,350.0,5.7
202209222150,340.0,6.7
202209222215,350.0,6.7
202209222235,10.0,5.7
202209222255,,6.2
202209222315,,5.7
202209222335,10.0,4.1
202209222355,,4.6
202209230015,10.0,4.6
202209230035,10.0,3.1
202209230055,20.0,4.1
202209230110,10.0,4.1
202209230135,10.0,4.1
202209230155,10.0,4.1
202209230215,10.0,3.1
202209230235,20.0,2.6
202209230255,10.0,2.6
202209230315,,4.1
202209230335,,4.1
202209230415,30.0,3.6
202209230435,20.0,4.6
202209230455,30.0,3.1
202209230515,10.0,4.1
202209230535,10.0,3.6
202209230555,20.0,4.1
202209230615,20.0,3.6
202209230635,20.0,4.1
202209230655,30.0,3.6
202209230710,30.0,2.6
202209230735,30.0,2.6
202209230755,0.0,0.0
202209230815,50.0,1.5
202209230835,30.0,2.1
202209230855,50.0,1.5
202209230915,30.0,2.6
202209230935,0.0,0.0
202209230955,0.0,0.0
202209231015,30.0,2.1
202209231035,10.0,4.1
202209231055,20.0,3.6
202209231115,30.0,2.6
202209231135,30.0,3.1
202209231155,40.0,3.1
202209231215,30.0,3.1
202209231255,40.0,3.6
202209231310,,3.1
202209231335,30.0,3.6
202209231355,30.0,4.1
202209231410,40.0,4.1
202209231435,40.0,4.1
202209231455,30.0,4.6
202209231515,30.0,4.1
202209231535,20.0,4.1
202209231555,40.0,3.6
202209231615,20.0,4.1
202209231635,20.0,3.6
202209231655,,2.6
202209231715,,3.1
202209231735,30.0,3.1
202209231755,10.0,3.6
202209231815,40.0,3.1
202209231830,,2.6
202209231855,,1.5
202209231915,40.0,2.1
202209231935,,2.6
202209231955,60.0,3.1
202209232015,,2.1
202209232115,20.0,3.1
202209232130,340.0,2.1
202209232155,10.0,3.6
202209232215,20.0,2.6
202209232235,0.0,0.0
202209232250,0.0,0.0
202209232315,0.0,0.0
202209232355,0.0,0.0
202209240015,0.0,0.0
202209240035,0.0,0.0
202209240055,0.0,0.0
202209240115,0.0,0.0
202209240135,0.0,0.0
202209240155,0.0,0.0
202209240215,0.0,0.0
202209240235,0.0,0.0
202209240255,0.0,0.0
202209240335,0.0,0.0
202209240355,0.0,0.0
202209240415,0.0,0.0
202209240435,0.0,0.0
202209240455,0.0,0.0
202209240515,0.0,0.0
202209240535,0.0,0.0
202209240555,0.0,0.0
202209240610,0.0,0.0
202209240635,0.0,0.0
202209240655,0.0,0.0
202209240715,0.0,0.0
202209240735,0.0,0.0
202209240755,0.0,0.0
202209240835,0.0,0.0
202209240855,0.0,0.0
202209240915,0.0,0.0
202209240935,0.0,0.0
202209241015,0.0,0.0
202209241035,0.0,0.0
202209241055,0.0,0.0
202209241115,0.0,0.0
202209241135,0.0,0.0
202209241155,190.0,2.1
202209241215,190.0,2.1
202209241235,0.0,0.0
202209241250,0.0,0.0
202209241315,0.0,0.0
202209241335,0.0,0.0
202209241355,0.0,0.0
202209241415,,2.1
202209241435,0.0,0.0
202209241455,0.0,0.0
202209241515,0.0,0.0
202209241530,160.0,3.6
202209241555,150.0,3.1
202209241615,170.0,3.6
202209241635,200.0,3.6
202209241655,180.0,3.1
202209241715,150.0,3.6
202209241735,180.0,2.6
202209241810,170.0,3.6
202209241835,200.0,3.6
202209241855,210.0,4.6
202209241935,230.0,4.6
202209241955,210.0,3.6
202209242015,220.0,3.6
202209242035,210.0,4.6
202209242055,,3.6
202209242115,200.0,3.1
202209242135,210.0,5.1
202209242155,210.0,4.1
202209242215,200.0,4.6
202209242255,180.0,2.6
202209242315,180.0,2.1
202209242335,200.0,1.5
202209242355,0.0,0.0
202209250015,0.0,0.0
202209250035,200.0,1.5
202209250055,0.0,0.0
202209250115,0.0,0.0
202209250135,0.0,0.0
202209250155,0.0,0.0
202209250215,0.0,0.0
202209250235,0.0,0.0
202209250255,200.0,1.5
202209250315,0.0,0.0
202209250335,0.0,0.0
202209250355,210.0,1.5
202209250415,0.0,0.0
202209250450,0.0,0.0
202209250515,220.0,2.6
202209250535,220.0,3.1
202209250555,220.0,4.1
202209250615,210.0,3.6
202209250635,220.0,3.6
202209250655,210.0,3.6
202209250715,210.0,3.1
202209250735,230.0,4.6
202209250750,220.0,2.6
202209250815,130.0,2.1
202209250855,,2.6
202209250915,,2.6
202209250935,,3.1
202209250955,210.0,2.6
202209251010,200.0,2.6
202209251030,210.0,2.1
202209251055,200.0,2.1
202209251115,0.0,0.0
202209251135,0.0,0.0
202209251155,200.0,2.6
202209251210,210.0,2.6
202209251235,200.0,4.1
202209251255,210.0,2.6
202209251335,210.0,3.1
202209251355,220.0,3.6
202209251415,210.0,4.1
202209251435,200.0,4.1
202209251455,210.0,4.6
202209251515,210.0,3.6
202209251530,230.0,5.7
202209251555,210.0,4.6
202209251615,190.0,2.6
202209251635,,2.1
202209251655,190.0,3.6
202209251715,200.0,3.1
202209251735,210.0,5.7
202209251755,200.0,4.6
202209251815,220.0,5.7
202209251835,230.0,5.7
202209251855,240.0,4.1
202209251910,240.0,5.1
202209251935,0.0,0.0
202209251955,240.0,5.1
202209252015,220.0,4.6
202209252030,260.0,4.6
202209252055,220.0,5.1
202209252115,230.0,4.6
202209252135,220.0,4.1
202209252155,230.0,3.1
202209252210,280.0,2.6
202209252235,230.0,2.6
202209252255,240.0,4.1
202209252315,,2.6
202209252335,210.0,2.1
202209252355,230.0,1.5
202209260010,0.0,0.0
202209260035,200.0,2.1
202209260055,210.0,3.6
202209260115,210.0,2.6
202209260130,220.0,2.1
202209260155,,1.5
202209260215,310.0,2.6
202209260235,,1.5
202209260255,0.0,0.0
202209260315,240.0,1.5
202209260335,0.0,0.0
202209260355,0.0,0.0
202209260415,0.0,0.0
202209260435,0.0,0.0
202209260455,0.0,0.0
202209260515,0.0,0.0
202209260535,0.0,0.0
202209260555,0.0,0.0
202209260615,0.0,0.0
202209260635,0.0,0.0
202209260655,0.0,0.0
202209260715,0.0,0.0
202209260735,0.0,0.0
202209260755,0.0,0.0
202209260835,0.0,0.0
202209260855,0.0,0.0
202209260915,0.0,0.0
202209260935,0.0,0.0
202209260955,0.0,0.0
202209261015,0.0,0.0
202209261035,0.0,0.0
202209261055,0.0,0.0
202209261115,0.0,0.0
202209261135,0.0,0.0
202209261150,0.0,0.0
202209261215,0.0,0.0
202209261235,0.0,0.0
202209261255,0.0,0.0
202209261315,0.0,0.0
202209261335,0.0,0.0
202209261355,0.0,0.0
202209261415,0.0,0.0
202209261435,0.0,0.0
202209261455,0.0,0.0
202209261515,,2.6
202209261535,290.0,3.6
202209261555,330.0,3.6
202209261615,,2.6
202209261635,290.0,4.6
202209261650,,3.1
202209261715,280.0,6.2
202209261730,,3.1
202209261755,330.0,6.2
202209261815,310.0,4.1
202209261835,310.0,4.6
202209261855,310.0,5.1
202209261915,300.0,3.6
202209261935,340.0,5.7
202209261955,320.0,4.1
202209262015,320.0,4.6
202209262035,340.0,6.2
202209262055,300.0,4.6
202209262115,310.0,4.1
202209262135,350.0,5.1
202209262155,340.0,4.6
202209262235,330.0,4.1
202209262255,340.0,4.1
202209262335,330.0,2.1
202209262355,340.0,1.5
202209270015,0.0,0.0
202209270035,0.0,0.0
202209270055,0.0,0.0
202209270135,0.0,0.0
202209270155,0.0,0.0
202209270215,0.0,0.0
202209270235,0.0,0.0
202209270255,0.0,0.0
202209270315,0.0,0.0
202209270335,0.0,0.0
202209270355,0.0,0.0
202209270415,0.0,0.0
202209270435,0.0,0.0
202209270455,0.0,0.0
202209270515,0.0,0.0
202209270555,0.0,0.0
202209270615,0.0,0.0
202209270635,0.0,0.0
202209270655,230.0,2.1
202209270715,0.0,0.0
202209270755,0.0,0.0
202209270815,0.0,0.0
202209270835,0.0,0.0
202209270855,0.0,0.0
202209270915,0.0,0.0
202209270935,0.0,0.0
202209270955,0.0,0.0
202209271015,0.0,0.0
202209271035,0.0,0.0
202209271055,0.0,0.0
202209271115,0.0,0.0
202209271135,0.0,0.0
202209271155,0.0,0.0
202209271210,0.0,0.0
202209271235,0.0,0.0
202209271255,0.0,0.0
202209271310,0.0,0.0
202209271355,40.0,2.1
202209271415,40.0,2.6
202209271435,10.0,3.6
202209271455,30.0,3.6
202209271515,,2.1
202209271535,20.0,3.6
202209271555,20.0,4.6
202209271615,330.0,5.7
202209271635,,4.6
202209271655,350.0,3.6
202209271715,,2.6
202209271735,340.0,3.1
202209271755,330.0,4.6
202209271815,,2.6
202209271830,10.0,4.1
202209271855,330.0,6.2
202209271915,320.0,4.6
202209271935,340.0,4.1
202209271955,350.0,5.1
202209272015,350.0,5.1
202209272035,320.0,4.1
202209272055,,4.6
202209272115,,2.6
202209272135,330.0,5.1
202209272155,340.0,3.1
202209272215,,2.6
202209272235,330.0,2.6
202209272255,340.0,1.5
202209272315,330.0,2.1
202209272335,0.0,0.0
202209272355,0.0,0.0
202209280015,0.0,0.0
202209280035,0.0,0.0
202209280055,0.0,0.0
202209280115,0.0,0.0
202209280135,0.0,0.0
202209280155,0.0,0.0
202209280215,0.0,0.0
202209280235,0.0,0.0
202209280255,0.0,0.0
202209280335,0.0,0.0
202209280355,0.0,0.0
202209280415,0.0,0.0
202209280435,0.0,0.0
202209280450,0.0,0.0
202209280515,0.0,0.0
202209280555,0.0,0.0
202209280615,0.0,0.0
202209280635,0.0,0.0
202209280655,0.0,0.0
202209280715,0.0,0.0
202209280735,0.0,0.0
202209280755,0.0,0.0
202209280815,0.0,0.0
202209280835,0.0,0.0
202209280855,0.0,0.0
202209280915,0.0,0.0
202209280935,0.0,0.0
202209280955,0.0,0.0
202209281015,0.0,0.0
202209281035,0.0,0.0
202209281055,0.0,0.0
202209281155,0.0,0.0
202209281215,0.0,0.0
202209281235,0.0,0.0
202209281255,0.0,0.0
202209281315,70.0,1.5
202209281335,20.0,2.6
202209281355,,2.6
202209281410,50.0,2.6
202209281435,,2.6
202209281455,40.0,4.1
202209281515,,4.1
202209281535,40.0,5.1
202209281555,30.0,4.6
202209281615,20.0,4.6
202209281635,,5.7
202209281655,20.0,4.1
202209281715,,6.2
202209281735,,6.2
202209281755,10.0,5.1
202209281815,350.0,5.1
202209281835,,8.2
202209281915,10.0,6.2
202209281935,350.0,6.7
202209281955,,4.6
202209282015,30.0,5.1
202209282055,20.0,5.7
202209282115,30.0,5.7
202209282135,10.0,4.6
202209282155,10.0,5.7
202209282215,10.0,7.2
202209282235,20.0,5.1
202209282255,,6.2
202209282315,10.0,5.7
202209282335,,5.1
202209282350,10.0,4.1
202209290015,10.0,4.1
202209290035,30.0,3.1
202209290055,20.0,3.6
202209290115,30.0,3.1
202209290135,30.0,2.1
202209290155,30.0,2.6
202209290215,20.0,3.1
202209290235,30.0,2.1
202209290250,40.0,1.5
202209290315,50.0,1.5
202209290335,40.0,2.1
202209290355,20.0,3.6
202209290415,40.0,2.1
202209290435,40.0,2.1
202209290455,50.0,2.1
202209290515,30.0,2.6
202209290535,20.0,3.1
202209290555,10.0,3.6
202209290615,30.0,3.1
202209290635,,2.6
202209290715,20.0,2.6
202209290735,30.0,3.1
202209290755,30.0,2.6
202209290815,20.0,2.6
202209290835,20.0,3.1
202209290855,30.0,2.1
202209290935,30.0,2.6
202209290955,30.0,2.1
202209291015,,3.1
202209291035,20.0,3.6
202209291115,20.0,3.6
202209291135,30.0,3.1
202209291155,30.0,2.6
202209291215,30.0,4.1
202209291235,30.0,4.1
202209291255,30.0,5.1
202209291315,40.0,4.1
202209291335,30.0,4.6
202209291355,30.0,6.7
202209291415,20.0,7.7
202209291435,30.0,5.7
202209291455,20.0,5.7
202209291510,30.0,6.2
202209291535,40.0,5.7
202209291555,40.0,5.1
202209291615,40.0,7.2
202209291635,60.0,5.7
202209291655,40.0,5.7
202209291715,20.0,7.2
202209291755,20.0,7.7
202209291810,40.0,7.2
202209291835,30.0,5.1
202209291855,50.0,5.7
202209291915,30.0,4.1
202209291935,40.0,4.6
202209291955,60.0,4.1
202209292015,50.0,4.6
202209292035,40.0,3.6
202209292055,50.0,4.1
202209292115,30.0,4.6
202209292135,40.0,5.1
202209292155,40.0,4.6
202209292215,40.0,4.1
202209292235,40.0,4.1
202209292255,40.0,3.1
202209292315,40.0,3.1
202209292335,30.0,2.6
202209292355,30.0,1.5
202209300015,40.0,2.6
202209300035,30.0,2.6
202209300055,40.0,3.1
202209300115,20.0,4.1
202209300135,20.0,3.1
202209300150,20.0,3.1
202209300215,20.0,3.1
202209300235,20.0,3.1
202209300255,20.0,3.1
202209300315,30.0,2.6
202209300335,30.0,2.6
202209300355,20.0,2.6
202209300415,30.0,2.6
202209300430,30.0,2.6
202209300455,40.0,1.5
202209300515,40.0,1.5
202209300535,50.0,1.5
202209300555,50.0,1.5
202209300615,40.0,2.6
202209300635,30.0,2.6
202209300655,40.0,2.1
202209300715,0.0,0.0
202209300735,40.0,2.1
202209300755,30.0,2.1
202209300815,40.0,2.1
202209300835,40.0,1.5
202209300915,30.0,2.6
202209300935,30.0,2.1
202209300955,0.0,0.0
202209301015,0.0,0.0
202209301035,0.0,0.0
202209301055,0.0,0.0
202209301115,0.0,0.0
202209301135,0.0,0.0
202209301155,40.0,1.5
202209301215,40.0,1.5
202209301255,20.0,4.1
202209301315,20.0,3.1
202209301335,20.0,4.1
202209301355,30.0,4.1
202209301415,20.0,4.6
202209301435,10.0,5.7
202209301455,30.0,4.6
202209301515,20.0,4.6
202209301535,10.0,5.7
202209301555,20.0,4.1
202209301615,20.0,5.7
202209301635,30.0,5.1
202209301650,20.0,4.1
202209301715,350.0,5.7
202209301735,,3.1
202209301755,,3.1
202209301815,,6.2
202209301855,10.0,4.6
202209301915,10.0,6.7
202209301935,,7.2
202209301955,,7.2
202209302015,20.0,7.2
202209302035,20.0,4.1
202209302055,10.0,5.1
202209302115,20.0,6.2
202209302135,30.0,6.2
202209302150,20.0,6.2
202209302215,30.0,5.1
202209302235,30.0,4.6
202209302255,30.0,3.1
202209302315,20.0,2.6
202209302330,,3.6
202209302355,10.0,4.6
202210010015,,3.6
202210010035,10.0,3.6
202210010055,10.0,3.1
202210010115,,4.6
202210010135,,4.1
202210010155,10.0,3.1
202210010215,30.0,3.1
202210010235,30.0,3.1
202210010255,40.0,2.1
202210010315,50.0,1.5
202210010335,40.0,1.5
202210010355,0.0,0.0
202210010415,50.0,1.5
202210010435,50.0,2.1
202210010455,40.0,2.1
202210010515,0.0,0.0
202210010530,40.0,2.1
202210010555,20.0,3.1
202210010635,20.0,2.6
202210010655,40.0,2.1
202210010715,,1.5
202210010735,30.0,1.5
202210010755,0.0,0.0
202210010815,0.0,0.0
202210010835,0.0,0.0
202210010855,0.0,0.0
202210010915,0.0,0.0
202210010935,0.0,0.0
202210010955,0.0,0.0
202210011015,0.0,0.0
202210011035,0.0,0.0
202210011055,0.0,0.0
202210011115,0.0,0.0
202210011135,0.0,0.0
202210011155,0.0,0.0
202210011215,0.0,0.0
202210011235,0.0,0.0
202210011250,0.0,0.0
202210011310,,3.1
202210011335,10.0,3.1
202210011355,10.0,3.1
202210011415,,3.1
202210011430,,3.1
202210011455,,3.1
202210011515,10.0,3.6
202210011535,20.0,4.1
202210011555,,2.6
202210011615,40.0,3.6
202210011635,20.0,3.6
202210011655,30.0,5.1
202210011715,30.0,3.6
202210011735,30.0,5.1
202210011755,,5.1
202210011810,30.0,4.1
202210011855,20.0,5.7
202210011915,20.0,6.2
202210011935,40.0,4.6
202210011955,40.0,3.6
202210012015,50.0,3.6
202210012035,50.0,4.6
202210012055,40.0,4.1
202210012110,40.0,4.1
202210012135,60.0,2.1
202210012155,50.0,3.1
202210012215,,2.1
202210012235,70.0,2.6
202210012255,50.0,2.6
202210012315,50.0,2.6
202210012335,60.0,2.6
202210012355,40.0,2.6
202210020015,30.0,2.1
202210020035,,2.6
202210020055,30.0,2.1
202210020115,40.0,2.6
202210020135,30.0,2.6
202210020155,30.0,2.6
202210020235,0.0,0.0
202210020255,0.0,0.0
202210020355,0.0,0.0
202210020415,0.0,0.0
202210020435,0.0,0.0
202210020455,0.0,0.0
202210020515,0.0,0.0
202210020535,0.0,0.0
202210020555,50.0,1.5
202210020615,0.0,0.0
202210020635,0.0,0.0
202210020655,0.0,0.0
202210020735,0.0,0.0
202210020755,50.0,1.5
202210020815,0.0,0.0
202210020835,50.0,1.5
202210020855,0.0,0.0
202210020915,0.0,0.0
202210020935,0.0,0.0
202210020955,0.0,0.0
202210021015,0.0,0.0
202210021035,0.0,0.0
202210021055,40.0,1.5
202210021115,0.0,0.0
202210021135,,2.6
202210021155,10.0,2.1
202210021215,10.0,2.1
202210021235,20.0,2.6
202210021250,,3.1
202210021315,30.0,3.1
202210021335,10.0,4.1
202210021350,10.0,4.6
202210021415,20.0,4.1
202210021435,,6.2
202210021455,,6.2
202210021515,10.0,4.1
202210021555,20.0,4.1
202210021615,10.0,6.7
202210021635,20.0,5.7
202210021655,20.0,6.7
202210021715,40.0,5.1
202210021735,20.0,4.6
202210021755,10.0,6.2
202210021835,10.0,5.1
202210021855,20.0,4.1
202210021915,20.0,5.1
202210021935,20.0,3.6
202210021955,10.0,5.1
202210022015,10.0,6.7
202210022035,30.0,4.1
202210022055,30.0,5.1
202210022115,20.0,5.1
202210022130,10.0,5.7
202210022155,20.0,5.1
202210022215,20.0,6.2
202210022235,20.0,4.6
202210022255,10.0,4.6
202210022315,20.0,4.1
202210022335,30.0,3.6
202210022355,20.0,3.6
202210030015,,2.1
202210030035,30.0,4.1
202210030055,40.0,5.1
202210030110,40.0,3.6
202210030135,30.0,2.6
202210030155,,3.1
202210030215,,2.6
202210030235,,3.1
202210030255,30.0,2.1
202210030315,30.0,2.1
202210030335,30.0,1.5
202210030355,30.0,1.5
202210030415,30.0,2.1
202210030435,30.0,1.5
202210030455,0.0,0.0
202210030515,0.0,0.0
202210030535,30.0,2.6
202210030555,20.0,2.6
202210030615,30.0,2.1
202210030635,0.0,0.0
202210030655,0.0,0.0
202210030715,0.0,0.0
202210030735,0.0,0.0
202210030810,0.0,0.0
202210030835,0.0,0.0
202210030935,0.0,0.0
202210030955,40.0,2.1
202210031015,0.0,0.0
202210031035,0.0,0.0
202210031115,0.0,0.0
202210031135,0.0,0.0
202210031150,0.0,0.0
202210031215,0.0,0.0
202210031235,0.0,0.0
202210031255,0.0,0.0
202210031335,,2.6
202210031355,40.0,3.1
202210031415,30.0,4.1
202210031435,20.0,4.1
202210031455,30.0,4.1
202210031515,20.0,4.1
202210031535,10.0,4.6
202210031555,,3.1
202210031615,60.0,3.6
202210031635,40.0,4.1
202210031655,80.0,4.1
202210031715,,2.1
202210031735,20.0,4.6
202210031755,10.0,5.1
202210031810,30.0,5.1
202210031835,30.0,4.1
202210031855,10.0,5.7
202210031915,350.0,6.2
202210031935,10.0,6.2
202210031955,,5.1
202210032015,20.0,6.2
202210032035,10.0,4.6
202210032055,40.0,4.6
202210032110,20.0,3.6
202210032135,,5.7
202210032155,40.0,4.6
202210032215,,3.1
202210032235,40.0,3.6
202210032255,40.0,3.1
202210032315,0.0,0.0
202210032355,0.0,0.0
202210040015,0.0,0.0
202210040035,0.0,0.0
202210040055,0.0,0.0
202210040115,0.0,0.0
202210040135,0.0,0.0
202210040155,0.0,0.0
202210040215,0.0,0.0
202210040235,0.0,0.0
202210040250,0.0,0.0
202210040315,0.0,0.0
202210040335,0.0,0.0
202210040405,0.0,0.0
202210040655,50.0,1.5
202210040715,0.0,0.0
202210040735,50.0,1.5
202210040755,0.0,0.0
202210040810,0.0,0.0
202210040835,0.0,0.0
202210040855,0.0,0.0
202210040915,50.0,1.5
202210040930,0.0,0.0
202210040955,0.0,0.0
202210041015,0.0,0.0
202210041035,0.0,0.0
202210041055,0.0,0.0
202210041115,0.0,0.0
202210041135,0.0,0.0
202210041155,0.0,0.0
202210041215,0.0,0.0
202210041235,40.0,1.5
202210041255,30.0,3.6
202210041315,,2.1
202210041335,,2.6
202210041355,,3.1
202210041415,,2.1
202210041435,10.0,2.6
202210041455,,2.1
202210041515,40.0,2.1
202210041535,20.0,2.6
202210041555,10.0,2.6
202210041610,,2.1
202210041635,0.0,0.0
202210041655,,1.5
202210041715,0.0,0.0
202210041735,0.0,0.0
202210041755,,1.5
202210041810,0.0,0.0
202210042055,,1.5
202210042155,30.0,2.1
202210042205,0.0,0.0
202210050125,0.0,0.0
202210050240,0.0,0.0
202210050255,0.0,0.0
202210050350,0.0,0.0
202210050410,0.0,0.0
202210050430,0.0,0.0
202210050510,0.0,0.0
202210050530,0.0,0.0
202210050550,0.0,0.0
202210050610,0.0,0.0
202210050630,0.0,0.0
202210050650,0.0,0.0
202210050710,0.0,0.0
202210050730,0.0,0.0
202210050750,0.0,0.0
202210050830,0.0,0.0
202210050850,0.0,0.0
202210050915,0.0,0.0
202210050930,0.0,0.0
202210050950,0.0,0.0
202210051005,0.0,0.0
202210051035,0.0,0.0
202210051525,30.0,3.6
202210051600,,3.1
202210051620,20.0,3.6
202210051705,30.0,3.6
202210051740,,2.6
202210051840,,4.1
202210052035,20.0,4.6
202210052135,,3.1
202210052205,20.0,3.6
202210052220,30.0,2.6
202210052235,30.0,3.1
202210052330,0.0,0.0
202210052350,0.0,0.0
202210060015,0.0,0.0
202210060030,0.0,0.0
202210060035,0.0,0.0
202210060055,0.0,0.0
202210060130,0.0,0.0
202210060145,0.0,0.0
202210060210,0.0,0.0
202210060255,0.0,0.0
202210060325,0.0,0.0
202210060350,0.0,0.0
202210060410,0.0,0.0
202210060515,0.0,0.0
202210060535,0.0,0.0
202210060735,0.0,0.0
202210060830,0.0,0.0
202210060915,0.0,0.0
202210061135,0.0,0.0
202210061200,0.0,0.0
202210061300,0.0,0.0
202210061450,0.0,0.0
202210061635,0.0,0.0
202210061735,,2.1
202210062025,20.0,2.1
202210062205,40.0,2.1
202210070140,0.0,0.0
202210070300,0.0,0.0
202210070335,0.0,0.0
202210070420,0.0,0.0
202210070525,0.0,0.0
202210070540,0.0,0.0
202210070710,0.0,0.0
202210070900,0.0,0.0
202210071030,0.0,0.0
202210071050,0.0,0.0
202210071145,0.0,0.0
202210071200,0.0,0.0
202210071550,,1.5
202210071725,,2.6
202210071840,350.0,3.6
202210071910,0.0,0.0
202210072010,310.0,4.6
202210072105,350.0,4.6
202210072125,,3.1
202210072220,330.0,3.6
202210072305,330.0,2.6
202210072315,340.0,2.6
202210080030,340.0,3.1
202210080430,0.0,0.0
202210080515,0.0,0.0
202210080710,20.0,2.6
202210080750,20.0,2.6
202210081135,20.0,1.5
202210081145,20.0,1.5
202210081250,,2.1
202210081310,20.0,3.6
202210081335,,4.6
202210081355,20.0,3.6
202210081415,10.0,3.6
202210081430,,2.6
202210081500,,5.7
202210081530,10.0,5.1
202210081710,20.0,4.1
202210081850,30.0,4.6
202210081930,,4.6
202210081950,350.0,3.6
202210082015,340.0,3.6
202210082035,,2.6
202210082050,30.0,3.1
202210082340,0.0,0.0
202210090025,0.0,0.0
202210090145,0.0,0.0
202210090250,0.0,0.0
202210090305,0.0,0.0
202210090345,0.0,0.0
202210090430,0.0,0.0
202210090455,0.0,0.0
202210090535,0.0,0.0
202210090605,0.0,0.0
202210090755,0.0,0.0
202210090815,0.0,0.0
202210090835,0.0,0.0
202210090855,0.0,0.0
202210090915,0.0,0.0
202210090935,0.0,0.0
202210090955,0.0,0.0
202210091015,0.0,0.0
202210091035,0.0,0.0
202210091055,0.0,0.0
202210091115,0.0,0.0
202210091135,0.0,0.0
202210091155,0.0,0.0
202210091215,0.0,0.0
202210091235,0.0,0.0
202210091255,0.0,0.0
202210091315,0.0,0.0
202210091335,30.0,2.6
202210091355,20.0,2.6
202210091415,30.0,3.6
202210091435,40.0,3.6
202210091455,,3.1
202210091515,10.0,3.1
202210091535,40.0,4.1
202210091555,,1.5
202210091615,350.0,3.6
202210091635,,3.1
202210091655,,3.1
202210091715,,3.1
202210091735,,2.6
202210091750,,4.1
202210091815,,2.6
202210091835,,2.1
202210091855,,3.1
202210091910,,2.1
202210091935,,2.1
202210091955,,2.6
202210092015,340.0,2.6
202210092055,,2.1
202210092115,230.0,2.1
202210092135,340.0,2.6
202210092155,300.0,2.6
202210092215,30.0,2.1
202210092235,320.0,1.5
202210092255,0.0,0.0
202210092315,0.0,0.0
202210092335,0.0,0.0
202210092355,0.0,0.0
202210100015,0.0,0.0
202210100035,0.0,0.0
202210100055,0.0,0.0
202210100135,0.0,0.0
202210100155,0.0,0.0
202210100210,0.0,0.0
202210100235,0.0,0.0
202210100255,0.0,0.0
202210100310,0.0,0.0
202210100335,0.0,0.0
202210100355,0.0,0.0
202210100415,0.0,0.0
202210100435,0.0,0.0
202210100455,0.0,0.0
202210100515,0.0,0.0
202210100535,0.0,0.0
202210100555,0.0,0.0
202210100615,0.0,0.0
202210100635,0.0,0.0
202210100655,0.0,0.0
202210100715,0.0,0.0
202210100735,0.0,0.0
202210100755,0.0,0.0
202210100815,0.0,0.0
202210100835,0.0,0.0
202210100855,0.0,0.0
202210100915,0.0,0.0
202210100935,0.0,0.0
202210100950,0.0,0.0
202210101015,0.0,0.0
202210101035,0.0,0.0
202210101050,0.0,0.0
202210101115,0.0,0.0
202210101135,0.0,0.0
202210101155,0.0,0.0
202210101215,0.0,0.0
202210101235,0.0,0.0
202210101255,0.0,0.0
202210101315,0.0,0.0
202210101335,0.0,0.0
202210101355,0.0,0.0
202210101415,40.0,2.1
202210101455,30.0,3.6
202210101515,,2.1
202210101535,60.0,3.1
202210101555,20.0,4.6
202210101615,40.0,3.1
202210101635,,2.6
202210101655,70.0,2.6
202210101715,350.0,3.6
202210101735,,3.1
202210101755,,2.6
202210101815,30.0,3.1
202210101835,,3.1
202210101855,20.0,4.1
202210101915,70.0,3.1
202210101935,,2.1
202210101955,50.0,3.1
202210102015,,3.1
202210102035,350.0,3.1
202210102055,10.0,3.6
202210102115,40.0,2.6
202210102135,,2.6
202210102155,,4.1
202210102215,30.0,2.1
202210102235,350.0,2.1
202210102255,340.0,1.5
202210102315,0.0,0.0
202210102335,0.0,0.0
202210102355,0.0,0.0
202210110015,0.0,0.0
202210110030,0.0,0.0
202210110055,0.0,0.0
202210110115,0.0,0.0
202210110135,0.0,0.0
202210110155,0.0,0.0
202210110215,0.0,0.0
202210110250,0.0,0.0
202210110315,0.0,0.0
202210110335,0.0,0.0
202210110355,0.0,0.0
202210110415,0.0,0.0
202210110435,0.0,0.0
202210110455,0.0,0.0
202210110510,0.0,0.0
202210110535,0.0,0.0
202210110555,0.0,0.0
202210110615,0.0,0.0
202210110635,0.0,0.0
202210110655,0.0,0.0
202210110715,0.0,0.0
202210110735,0.0,0.0
202210110755,0.0,0.0
202210110815,0.0,0.0
202210110835,0.0,0.0
202210110855,0.0,0.0
202210110915,0.0,0.0
202210110935,0.0,0.0
202210111010,0.0,0.0
202210111035,0.0,0.0
202210111055,0.0,0.0
202210111115,0.0,0.0
202210111135,0.0,0.0
202210111155,0.0,0.0
202210111210,0.0,0.0
202210111235,0.0,0.0
202210111255,0.0,0.0
202210111315,0.0,0.0
202210111335,0.0,0.0
202210111350,0.0,0.0
202210111410,0.0,0.0
202210111430,0.0,0.0
202210111455,,1.5
202210111515,0.0,0.0
202210111535,0.0,0.0
202210111555,0.0,0.0
202210111615,0.0,0.0
202210111635,,1.5
202210111655,,1.5
202210111715,,1.5
202210111735,0.0,0.0
202210111755,,1.5
202210111815,200.0,5.7
202210111835,200.0,4.1
202210111855,,2.6
202210111915,,2.1
202210111935,170.0,3.6
202210111955,220.0,3.6
202210112015,,3.1
202210112035,,3.1
202210112055,,2.1
202210112115,,2.1
202210112135,,2.1
202210112155,200.0,3.6
202210112215,190.0,2.1
202210112235,0.0,0.0
202210112255,0.0,0.0
202210112315,0.0,0.0
202210112335,0.0,0.0
202210112355,0.0,0.0
202210120015,0.0,0.0
202210120030,130.0,1.5
202210120055,0.0,0.0
202210120115,0.0,0.0
202210120135,0.0,0.0
202210120155,0.0,0.0
202210120215,0.0,0.0
202210120235,0.0,0.0
202210120255,0.0,0.0
202210120310,0.0,0.0
202210120335,0.0,0.0
202210120355,0.0,0.0
202210120415,0.0,0.0
202210120455,0.0,0.0
202210120515,0.0,0.0
202210120535,0.0,0.0
202210120555,0.0,0.0
202210120635,0.0,0.0
202210120655,0.0,0.0
202210120715,0.0,0.0
202210120735,0.0,0.0
202210120755,0.0,0.0
202210120815,0.0,0.0
202210120835,0.0,0.0
202210120850,0.0,0.0
202210120915,0.0,0.0
202210120935,0.0,0.0
202210120955,0.0,0.0
202210121015,0.0,0.0
202210121035,0.0,0.0
202210121055,0.0,0.0
202210121115,0.0,0.0
202210121135,0.0,0.0
202210121155,0.0,0.0
202210121215,0.0,0.0
202210121235,0.0,0.0
202210121255,0.0,0.0
202210121315,0.0,0.0
202210121330,0.0,0.0
202210121355,0.0,0.0
202210121415,0.0,0.0
202210121435,190.0,2.6
202210121455,190.0,3.6
202210121515,200.0,3.1
202210121535,200.0,4.1
202210121555,190.0,3.6
202210121615,180.0,5.7
202210121635,200.0,5.1
202210121655,210.0,5.7
202210121710,200.0,5.7
202210121735,200.0,5.1
202210121755,170.0,6.2
202210121815,210.0,6.2
202210121855,210.0,5.1
202210121915,210.0,4.6
202210121935,180.0,3.6
202210121955,200.0,6.2
202210122015,200.0,5.1
202210122030,,3.1
202210122055,200.0,5.1
202210122115,180.0,6.2
202210122135,190.0,5.1
202210122215,190.0,5.7
202210122235,180.0,3.1
202210122250,180.0,3.6
202210122315,200.0,4.1
202210122335,200.0,4.6
202210122355,200.0,4.1
202210130015,210.0,4.6
202210130030,210.0,4.1
202210130050,230.0,7.2
202210130155,180.0,2.1
202210130315,0.0,0.0
202210130335,0.0,0.0
202210130350,0.0,0.0
202210130435,0.0,0.0
202210130455,210.0,3.1
202210130515,210.0,2.6
202210130530,210.0,4.6
202210130555,210.0,2.6
202210130655,200.0,4.6
202210130700,180.0,5.1
202210131035,260.0,2.1
202210131055,250.0,1.5
202210131115,0.0,0.0
202210131135,180.0,2.1
202210131155,,2.1
202210131215,0.0,0.0
202210131235,230.0,2.1
202210131255,200.0,2.1
202210131315,220.0,2.1
202210131335,230.0,3.1
202210131355,210.0,2.1
202210131435,,3.1
202210131455,230.0,3.6
202210131515,240.0,3.6
202210131525,260.0,4.1
202210131550,280.0,5.7
202210131615,300.0,3.6
202210131630,270.0,4.1
202210131655,280.0,4.6
202210131710,310.0,5.7
202210131730,280.0,5.1
202210131755,310.0,4.6
202210131815,270.0,7.2
202210131835,270.0,4.1
202210131855,240.0,5.7
202210131915,280.0,4.6
202210131935,270.0,4.6
202210131955,300.0,6.2
202210132015,290.0,6.2
202210132035,310.0,5.1
202210132055,290.0,6.7
202210132110,250.0,4.6
202210132150,290.0,4.1
202210132215,310.0,4.1
202210132235,340.0,5.1
202210132255,310.0,4.1
202210132315,320.0,2.6
202210132335,340.0,2.6
202210140015,0.0,0.0
202210140035,330.0,2.1
202210140055,0.0,0.0
202210140115,0.0,0.0
202210140135,0.0,0.0
202210140155,0.0,0.0
202210140215,0.0,0.0
202210140235,0.0,0.0
202210140255,0.0,0.0
202210140315,0.0,0.0
202210140335,0.0,0.0
202210140355,0.0,0.0
202210140415,0.0,0.0
202210140435,0.0,0.0
202210140455,0.0,0.0
202210140510,0.0,0.0
202210140535,0.0,0.0
202210140555,0.0,0.0
202210140615,0.0,0.0
202210140655,0.0,0.0
202210140715,0.0,0.0
202210140735,0.0,0.0
202210140755,0.0,0.0
202210140815,0.0,0.0
202210140855,0.0,0.0
202210140935,0.0,0.0
202210140955,0.0,0.0
202210141015,0.0,0.0
202210141030,0.0,0.0
202210141135,0.0,0.0
202210141335,210.0,2.1
202210141355,210.0,2.1
202210141415,210.0,3.1
202210141435,220.0,4.1
202210141455,210.0,3.1
202210141515,220.0,2.6
202210141535,180.0,2.1
202210141555,0.0,0.0
202210141615,240.0,4.1
202210141635,0.0,0.0
202210141655,200.0,3.6
202210141715,,3.1
202210141735,210.0,6.2
202210141755,230.0,7.2
202210141815,200.0,3.6
202210141835,230.0,6.2
202210141855,220.0,5.7
202210141915,260.0,4.6
202210141935,230.0,7.2
202210141955,240.0,6.7
202210142015,270.0,4.1
202210142030,270.0,2.6
202210142055,,3.1
202210142115,240.0,5.7
202210142135,250.0,4.6
202210142155,260.0,2.6
202210142215,210.0,5.1
202210142235,220.0,2.6
202210142255,210.0,2.1
202210142315,0.0,0.0
202210142335,0.0,0.0
202210142350,0.0,0.0
202210150015,0.0,0.0
202210150035,0.0,0.0
202210150050,0.0,0.0
202210150115,0.0,0.0
202210150135,0.0,0.0
202210150155,220.0,1.5
202210150215,210.0,2.1
202210150235,0.0,0.0
202210150255,0.0,0.0
202210150315,220.0,2.6
202210150335,220.0,2.6
202210150340,220.0,2.1
202210150410,220.0,2.6
202210150430,220.0,2.6
202210150455,220.0,2.1
202210150510,230.0,2.6
202210150535,230.0,3.1
202210150615,220.0,2.1
202210150635,220.0,2.1
202210150650,220.0,2.1
202210150735,210.0,2.1
202210150755,210.0,2.6
202210150815,210.0,2.1
202210151020,0.0,0.0
202210151110,230.0,2.1
202210151220,210.0,1.5
202210151240,210.0,2.6
202210151355,220.0,5.1
202210151620,220.0,5.1
202210151850,200.0,4.6
202210152005,250.0,5.7
202210152015,240.0,6.7
202210152035,240.0,7.2
202210152320,0.0,0.0
202210160040,220.0,1.5
202210160115,0.0,0.0
202210160135,0.0,0.0
202210160200,0.0,0.0
202210160215,0.0,0.0
202210160835,230.0,2.1
202210161250,210.0,2.6
202210161300,210.0,2.6
202210161335,210.0,2.1
202210161355,220.0,4.1
202210161415,210.0,5.7
202210161435,,3.1
202210161455,200.0,4.1
202210161515,200.0,3.6
202210161535,210.0,2.6
202210161555,190.0,2.6
202210161635,230.0,4.1
202210161655,220.0,3.1
202210161715,,2.6
202210161735,220.0,4.6
202210161755,,2.6
202210161815,,3.6
202210161830,250.0,4.6
202210161855,290.0,4.6
202210161915,,3.1
202210161935,310.0,4.1
202210161955,,2.6
202210162015,,1.5
202210162035,280.0,2.6
202210162055,0.0,0.0
202210162115,270.0,2.1
202210162135,270.0,2.1
202210162155,350.0,2.1
202210162215,350.0,2.1
202210162230,350.0,2.1
202210162255,340.0,3.6
202210162315,340.0,2.6
202210170015,0.0,0.0
202210170035,0.0,0.0
202210170055,0.0,0.0
202210170115,0.0,0.0
202210170135,0.0,0.0
202210170155,0.0,0.0
202210170215,0.0,0.0
202210170235,0.0,0.0
202210170315,130.0,2.1
202210170335,0.0,0.0
202210170350,0.0,0.0
202210170415,0.0,0.0
202210170435,0.0,0.0
202210170455,170.0,1.5
202210170515,0.0,0.0
202210170535,0.0,0.0
202210170545,0.0,0.0
202210170810,0.0,0.0
202210170830,0.0,0.0
202210171635,290.0,3.6
202210171755,290.0,4.6
202210171815,280.0,4.6
202210171835,290.0,5.1
202210171855,320.0,4.6
202210171910,310.0,6.2
202210171930,300.0,4.6
202210171950,260.0,4.6
202210172015,320.0,5.7
202210172055,320.0,5.7
202210172115,310.0,5.1
202210172135,300.0,5.7
202210172155,320.0,5.7
202210172215,330.0,4.1
202210172255,340.0,3.6
202210172315,320.0,3.6
202210172330,330.0,3.1
202210172355,330.0,2.6
202210180015,,2.1
202210180050,350.0,3.6
202210180155,,2.6
202210180210,,3.1
202210180235,350.0,3.6
202210180250,340.0,6.2
202210180335,350.0,6.7
202210180415,340.0,5.7
202210180430,350.0,5.1
202210180455,,2.6
202210180535,340.0,3.6
202210180555,350.0,3.6
202210180615,340.0,3.1
202210180635,340.0,3.1
202210180655,350.0,2.1
202210180715,350.0,1.5
202210180735,340.0,2.1
202210180755,340.0,2.1
202210180815,340.0,2.6
202210180835,330.0,2.6
202210180855,340.0,2.6
202210180915,340.0,3.1
202210180935,340.0,2.6
202210180955,350.0,2.1
202210181035,,2.6
202210181050,350.0,3.1
202210181115,340.0,1.5
202210181135,340.0,2.1
202210181210,340.0,2.1
202210181235,330.0,2.6
202210181250,330.0,3.1
202210181315,330.0,2.1
202210181335,350.0,4.1
202210181355,350.0,3.6
202210181415,,4.6
202210181435,,3.1
202210181455,330.0,5.1
202210181515,310.0,4.6
202210181535,350.0,6.2
202210181555,340.0,3.6
202210181615,350.0,4.6
202210181630,350.0,3.6
202210181655,,2.6
202210181715,330.0,4.6
202210181735,320.0,4.6
202210181755,,2.1
202210181815,340.0,4.1
202210181835,,5.7
202210181855,340.0,3.6
202210181915,30.0,5.1
202210181935,30.0,5.1
202210181955,20.0,2.6
202210182015,350.0,4.6
202210182035,350.0,4.1
202210182050,350.0,6.2
202210182115,330.0,6.2
202210182135,320.0,5.1
202210182155,330.0,4.6
202210182235,350.0,5.7
202210182255,340.0,4.1
202210182315,330.0,2.1
202210182335,0.0,0.0
202210182355,340.0,1.5
202210190015,330.0,1.5
202210190035,0.0,0.0
202210190055,0.0,0.0
202210190115,0.0,0.0
202210190135,0.0,0.0
202210190155,0.0,0.0
202210190215,0.0,0.0
202210190235,0.0,0.0
202210190255,0.0,0.0
202210190315,0.0,0.0
202210190335,0.0,0.0
202210190355,0.0,0.0
202210190415,0.0,0.0
202210190455,0.0,0.0
202210190515,0.0,0.0
202210190535,0.0,0.0
202210190555,0.0,0.0
202210190615,0.0,0.0
202210190635,0.0,0.0
202210190655,0.0,0.0
202210190735,0.0,0.0
202210190755,0.0,0.0
202210190815,0.0,0.0
202210190830,0.0,0.0
202210190855,0.0,0.0
202210190915,0.0,0.0
202210190930,0.0,0.0
202210190955,0.0,0.0
202210191015,320.0,2.6
202210191035,320.0,2.6
202210191115,310.0,1.5
202210191135,0.0,0.0
202210191155,0.0,0.0
202210191210,0.0,0.0
202210191235,0.0,0.0
202210191250,0.0,0.0
202210191315,0.0,0.0
202210191335,0.0,0.0
202210191350,,2.6
202210191415,320.0,3.6
202210191435,330.0,3.1
202210191450,,2.6
202210191515,310.0,2.6
202210191535,,3.1
202210191555,,2.6
202210191615,290.0,2.6
202210191635,10.0,5.1
202210191655,340.0,4.1
202210191715,,2.6
202210191735,350.0,4.1
202210191755,20.0,4.1
202210191815,320.0,4.1
202210191835,,2.1
202210191855,300.0,5.1
202210191915,,3.6
202210191935,350.0,4.6
202210191955,350.0,4.1
202210192015,,4.1
202210192035,,4.1
202210192050,,2.1
202210192115,300.0,3.1
202210192135,340.0,2.6
202210192150,310.0,2.1
202210192215,320.0,3.6
202210192235,,2.1
202210192255,0.0,0.0
202210192315,0.0,0.0
202210192335,0.0,0.0
202210192355,0.0,0.0
202210200015,0.0,0.0
202210200035,0.0,0.0
202210200055,0.0,0.0
202210200115,240.0,1.5
202210200135,0.0,0.0
202210200155,0.0,0.0
202210200215,0.0,0.0
202210200235,0.0,0.0
202210200315,0.0,0.0
202210200335,0.0,0.0
202210200355,0.0,0.0
202210200415,0.0,0.0
202210200435,0.0,0.0
202210200455,0.0,0.0
202210200515,0.0,0.0
202210200535,0.0,0.0
202210200555,0.0,0.0
202210200610,0.0,0.0
202210200635,0.0,0.0
202210200655,0.0,0.0
202210200715,0.0,0.0
202210200735,0.0,0.0
202210200755,0.0,0.0
202210200815,0.0,0.0
202210200835,0.0,0.0
202210200855,0.0,0.0
202210200935,0.0,0.0
202210200955,0.0,0.0
202210201015,0.0,0.0
202210201035,0.0,0.0
202210201055,0.0,0.0
202210201115,0.0,0.0
202210201135,0.0,0.0
202210201155,0.0,0.0
202210201215,0.0,0.0
202210201235,0.0,0.0
202210201255,0.0,0.0
202210201315,0.0,0.0
202210201335,0.0,0.0
202210201355,0.0,0.0
202210201415,210.0,3.1
202210201435,220.0,2.6
202210201455,230.0,3.6
202210201515,200.0,2.6
202210201535,200.0,3.6
202210201555,220.0,4.6
202210201615,,2.6
202210201635,190.0,3.6
202210201655,240.0,4.6
202210201715,,3.1
202210201735,240.0,5.1
202210201755,240.0,4.1
202210201815,280.0,5.1
202210201835,230.0,3.6
202210201855,,2.1
202210201915,200.0,4.6
202210201935,280.0,4.1
202210201955,,2.6
202210202015,230.0,3.1
202210202035,250.0,3.6
202210202055,220.0,5.1
202210202115,250.0,4.1
202210202135,,3.1
202210202150,230.0,3.1
202210202215,240.0,3.1
202210202235,210.0,2.6
202210202255,190.0,1.5
202210202315,0.0,0.0
202210202335,0.0,0.0
202210202355,0.0,0.0
202210210035,0.0,0.0
202210210055,0.0,0.0
202210210115,0.0,0.0
202210210135,0.0,0.0
202210210155,0.0,0.0
202210210215,0.0,0.0
202210210235,0.0,0.0
202210210255,0.0,0.0
202210210315,0.0,0.0
202210210330,0.0,0.0
202210210355,0.0,0.0
202210210415,0.0,0.0
202210210435,0.0,0.0
202210210455,0.0,0.0
202210210535,0.0,0.0
202210210615,0.0,0.0
202210210635,0.0,0.0
202210210655,0.0,0.0
202210210715,0.0,0.0
202210210735,0.0,0.0
202210210755,0.0,0.0
202210210815,0.0,0.0
202210210835,0.0,0.0
202210210855,0.0,0.0
202210210915,0.0,0.0
202210210935,0.0,0.0
202210210955,0.0,0.0
202210211015,0.0,0.0
202210211035,0.0,0.0
202210211055,0.0,0.0
202210211115,0.0,0.0
202210211135,0.0,0.0
202210211155,0.0,0.0
202210211215,0.0,0.0
202210211235,0.0,0.0
202210211255,0.0,0.0
202210211315,0.0,0.0
202210211335,0.0,0.0
202210211355,0.0,0.0
202210211415,0.0,0.0
202210211430,0.0,0.0
202210211455,0.0,0.0
202210211515,0.0,0.0
202210211535,0.0,0.0
202210211555,0.0,0.0
202210211615,0.0,0.0
202210211635,0.0,0.0
202210211655,,2.1
202210211715,0.0,0.0
202210211735,0.0,0.0
202210211755,250.0,3.6
202210211815,220.0,2.1
202210211835,260.0,3.6
202210211855,,1.5
202210211915,280.0,2.1
202210211935,0.0,0.0
202210211955,0.0,0.0
202210212015,240.0,3.1
202210212035,0.0,0.0
202210212050,180.0,3.1
202210212115,,2.1
202210212130,170.0,2.1
202210212155,,2.1
202210212235,210.0,2.6
202210212255,0.0,0.0
202210212315,0.0,0.0
202210212335,0.0,0.0
202210212355,0.0,0.0
202210220015,0.0,0.0
202210220035,0.0,0.0
202210220055,0.0,0.0
202210220115,0.0,0.0
202210220135,0.0,0.0
202210220155,0.0,0.0
202210220210,0.0,0.0
202210220235,0.0,0.0
202210220255,0.0,0.0
202210220315,0.0,0.0
202210220335,0.0,0.0
202210220355,0.0,0.0
202210220415,0.0,0.0
202210220435,0.0,0.0
202210220515,0.0,0.0
202210220535,0.0,0.0
202210220555,0.0,0.0
202210220615,0.0,0.0
202210220630,0.0,0.0
202210220655,0.0,0.0
202210220715,0.0,0.0
202210220755,0.0,0.0
202210220815,0.0,0.0
202210220855,0.0,0.0
202210220915,0.0,0.0
202210220935,0.0,0.0
202210220955,0.0,0.0
202210221015,0.0,0.0
202210221035,0.0,0.0
202210221050,0.0,0.0
202210221115,0.0,0.0
202210221135,0.0,0.0
202210221155,0.0,0.0
202210221215,0.0,0.0
202210221235,0.0,0.0
202210221255,0.0,0.0
202210221315,0.0,0.0
202210221335,0.0,0.0
202210221355,0.0,0.0
202210221415,0.0,0.0
202210221435,0.0,0.0
202210221455,0.0,0.0
202210221515,0.0,0.0
202210221535,0.0,0.0
202210221555,210.0,3.1
202210221615,210.0,4.1
202210221635,230.0,4.6
202210221655,230.0,5.1
202210221715,210.0,4.1
202210221735,210.0,3.1
202210221755,,3.1
202210221815,170.0,2.6
202210221835,210.0,3.6
202210221855,210.0,3.6
202210221915,,2.6
202210221935,,2.6
202210221955,0.0,0.0
202210222015,220.0,4.6
202210222035,200.0,2.6
202210222050,,2.1
202210222115,180.0,2.6
202210222135,200.0,1.5
202210222155,0.0,0.0
202210222215,0.0,0.0
202210222235,0.0,0.0
202210222255,0.0,0.0
202210222315,0.0,0.0
202210222335,0.0,0.0
202210222355,0.0,0.0
202210230015,0.0,0.0
202210230035,0.0,0.0
202210230055,0.0,0.0
202210230115,0.0,0.0
202210230135,0.0,0.0
202210230215,0.0,0.0
202210230235,0.0,0.0
202210230255,0.0,0.0
202210230315,0.0,0.0
202210230335,0.0,0.0
202210230355,0.0,0.0
202210230415,0.0,0.0
202210230435,0.0,0.0
202210230515,0.0,0.0
202210230530,0.0,0.0
202210230555,0.0,0.0
202210230615,0.0,0.0
202210230635,0.0,0.0
202210230655,0.0,0.0
202210230710,0.0,0.0
202210230735,0.0,0.0
202210230755,0.0,0.0
202210230815,0.0,0.0
202210230835,0.0,0.0
202210230855,0.0,0.0
202210230910,0.0,0.0
202210230935,0.0,0.0
202210230955,0.0,0.0
202210231015,0.0,0.0
202210231035,0.0,0.0
202210231055,0.0,0.0
202210231135,0.0,0.0
202210231155,0.0,0.0
202210231210,0.0,0.0
202210231235,0.0,0.0
202210231255,0.0,0.0
202210231315,0.0,0.0
202210231335,0.0,0.0
202210231355,0.0,0.0
202210231415,0.0,0.0
202210231435,0.0,0.0
202210231455,0.0,0.0
202210231510,0.0,0.0
202210231535,0.0,0.0
202210231555,0.0,0.0
202210231635,180.0,3.1
202210231655,,2.6
202210231715,,2.6
202210231735,,3.1
202210231745,210.0,2.6
202210231820,,2.1
202210231855,,2.1
202210231915,,2.1
202210231935,0.0,0.0
202210232010,170.0,3.1
202210232055,230.0,2.6
202210232110,,2.1
202210232135,230.0,2.1
202210232155,210.0,2.6
202210232215,220.0,2.1
202210232255,0.0,0.0
202210232315,0.0,0.0
202210232330,0.0,0.0
202210232355,0.0,0.0
202210240015,0.0,0.0
202210240030,0.0,0.0
202210240050,0.0,0.0
202210240130,0.0,0.0
202210240215,0.0,0.0
202210240235,0.0,0.0
202210240335,0.0,0.0
202210240355,0.0,0.0
202210240415,0.0,0.0
202210240435,0.0,0.0
202210240455,0.0,0.0
202210240510,0.0,0.0
202210240535,0.0,0.0
202210240555,0.0,0.0
202210240615,0.0,0.0
202210240635,0.0,0.0
202210240655,0.0,0.0
202210240715,0.0,0.0
202210240755,0.0,0.0
202210240815,0.0,0.0
202210240835,0.0,0.0
202210240855,0.0,0.0
202210240915,0.0,0.0
202210240935,0.0,0.0
202210240955,0.0,0.0
202210241015,0.0,0.0
202210241035,0.0,0.0
202210241055,0.0,0.0
202210241115,0.0,0.0
202210241135,0.0,0.0
202210241155,0.0,0.0
202210241215,0.0,0.0
202210241235,0.0,0.0
202210241255,0.0,0.0
202210241310,0.0,0.0
202210241335,0.0,0.0
202210241355,0.0,0.0
202210241415,0.0,0.0
202210241435,0.0,0.0
202210241455,0.0,0.0
202210241510,0.0,0.0
202210241535,0.0,0.0
202210241555,0.0,0.0
202210241615,0.0,0.0
202210241635,0.0,0.0
202210241655,220.0,4.1
202210241715,220.0,4.1
202210241735,230.0,4.6
202210241755,250.0,3.6
202210241815,220.0,3.1
202210241835,170.0,4.6
202210241850,240.0,3.6
202210241915,200.0,2.6
202210241935,220.0,4.1
202210241955,170.0,3.6
202210242035,230.0,5.1
202210242055,200.0,3.6
202210242115,210.0,4.6
202210242135,210.0,3.6
202210242155,220.0,3.6
202210242215,210.0,3.6
202210242235,220.0,3.1
202210242255,190.0,2.1
202210242315,0.0,0.0
202210242335,230.0,1.5
202210242355,0.0,0.0
202210250015,230.0,2.1
202210250035,230.0,2.1
202210250055,210.0,2.1
202210250115,0.0,0.0
202210250135,0.0,0.0
202210250155,0.0,0.0
202210250215,0.0,0.0
202210250235,0.0,0.0
202210250255,200.0,1.5
202210250315,0.0,0.0
202210250335,0.0,0.0
202210250355,0.0,0.0
202210250415,0.0,0.0
202210250435,0.0,0.0
202210250455,0.0,0.0
202210250515,0.0,0.0
202210250530,0.0,0.0
202210250555,0.0,0.0
202210250615,0.0,0.0
202210250635,0.0,0.0
202210250655,0.0,0.0
202210250715,0.0,0.0
202210250735,0.0,0.0
202210250755,0.0,0.0
202210250815,0.0,0.0
202210250835,0.0,0.0
202210250855,0.0,0.0
202210250935,0.0,0.0
202210250955,0.0,0.0
202210251015,0.0,0.0
202210251035,0.0,0.0
202210251055,0.0,0.0
202210251115,0.0,0.0
202210251130,0.0,0.0
202210251215,0.0,0.0
202210251250,0.0,0.0
202210251315,0.0,0.0
202210251335,0.0,0.0
202210251355,0.0,0.0
202210251415,0.0,0.0
202210251435,0.0,0.0
202210251515,,2.6
202210251535,240.0,4.6
202210251555,220.0,3.6
202210251615,210.0,4.6
202210251635,210.0,7.2
202210251655,200.0,5.7
202210251715,190.0,4.1
202210251735,190.0,5.7
202210251750,180.0,4.1
202210251815,180.0,5.1
202210251835,190.0,3.6
202210251855,190.0,5.1
202210251915,190.0,6.7
202210251955,180.0,4.1
202210252010,190.0,6.7
202210252035,180.0,6.2
202210252050,190.0,4.6
202210252115,180.0,5.1
202210252135,160.0,5.7
202210252155,180.0,3.6
202210252215,,3.1
202210252230,180.0,4.1
202210252255,170.0,5.1
202210252315,,3.1
202210252330,160.0,3.6
202210260015,,3.1
202210260030,180.0,1.5
202210260055,200.0,4.6
202210260115,260.0,3.6
202210260135,250.0,5.1
202210260155,170.0,5.7
202210260255,,2.1
202210260315,0.0,0.0
202210260335,0.0,0.0
202210260355,230.0,2.6
202210260415,230.0,3.1
202210260435,200.0,2.6
202210260455,,2.1
202210260515,200.0,2.1
202210260535,230.0,4.6
202210260550,230.0,4.6
202210260610,230.0,4.6
202210260635,230.0,3.1
202210260655,230.0,3.6
202210260715,240.0,2.6
202210260735,230.0,4.1
202210260755,250.0,2.6
202210260815,230.0,3.1
202210260835,230.0,3.6
202210260855,230.0,3.1
202210260910,240.0,2.6
202210260935,0.0,0.0
202210260955,200.0,1.5
202210261015,0.0,0.0
202210261035,230.0,1.5
202210261055,0.0,0.0
202210261135,240.0,2.1
202210261155,300.0,2.6
202210261215,300.0,4.1
202210261235,310.0,3.1
202210261255,300.0,3.1
202210261310,310.0,3.1
202210261335,,2.1
202210261355,320.0,5.1
202210261415,,2.6
202210261435,290.0,3.6
202210261455,,2.6
202210261515,,3.1
202210261535,300.0,4.1
202210261555,350.0,3.1
202210261615,350.0,4.1
202210261635,340.0,3.6
202210261655,,2.1
202210261715,350.0,4.1
202210261735,,2.6
202210261755,,2.6
202210261815,10.0,3.6
202210261835,,3.1
202210261855,310.0,3.6
202210261915,330.0,4.1
202210261935,320.0,3.1
202210261955,320.0,3.6
202210262015,330.0,4.1
202210262035,330.0,3.6
202210262055,10.0,3.1
202210262115,340.0,3.6
202210262135,330.0,5.1
202210262155,350.0,3.6
202210262215,340.0,3.1
202210262235,350.0,3.6
202210262255,10.0,4.1
202210262315,,4.6
202210262335,340.0,5.1
202210262355,,4.1
202210270015,,3.6
202210270035,10.0,4.1
202210270055,,3.1
202210270115,20.0,3.6
202210270130,,4.6
202210270150,20.0,4.1
202210270215,20.0,4.1
202210270235,10.0,5.1
202210270255,,5.1
202210270315,10.0,4.1
202210270335,20.0,4.1
202210270355,10.0,3.6
202210270415,20.0,4.1
202210270435,20.0,4.1
202210270455,20.0,3.6
202210270515,20.0,4.1
202210270535,20.0,4.6
202210270555,20.0,5.7
202210270610,10.0,4.1
202210270635,20.0,4.1
202210270655,20.0,3.6
202210270715,20.0,3.6
202210270735,,3.1
202210270755,20.0,5.1
202210270815,20.0,3.6
202210270835,20.0,4.6
202210270850,20.0,3.6
202210270910,20.0,3.6
202210270930,10.0,4.1
202210271015,30.0,3.1
202210271030,,2.1
202210271055,30.0,2.6
202210271110,30.0,3.1
202210271135,30.0,3.1
202210271155,40.0,2.1
202210271215,20.0,2.6
202210271235,40.0,1.5
202210271255,40.0,2.1
202210271315,30.0,3.1
202210271335,30.0,3.1
202210271415,30.0,4.1
202210271430,,2.6
202210271455,40.0,4.1
202210271515,40.0,3.1
202210271535,40.0,4.1
202210271555,50.0,3.6
202210271615,20.0,4.6
202210271630,,4.1
202210271655,,3.1
202210271715,,3.6
202210271735,,2.1
202210271755,,2.6
202210271815,,2.6
202210271835,,2.6
202210271850,320.0,2.6
202210271915,,2.1
202210271935,,2.6
202210271955,0.0,0.0
202210272015,,2.6
202210272035,,3.1
202210272050,,2.1
202210272115,,2.1
202210272135,20.0,2.6
202210272155,,3.6
202210272215,20.0,2.6
202210272235,10.0,2.1
202210272255,0.0,0.0
202210272315,0.0,0.0
202210272330,0.0,0.0
202210272350,0.0,0.0
202210280015,0.0,0.0
202210280035,20.0,2.1
202210280115,0.0,0.0
202210280135,0.0,0.0
202210280155,0.0,0.0
202210280210,0.0,0.0
202210280235,0.0,0.0
202210280255,0.0,0.0
202210280315,0.0,0.0
202210280335,0.0,0.0
202210280355,0.0,0.0
202210280415,0.0,0.0
202210280435,0.0,0.0
202210280455,0.0,0.0
202210280515,0.0,0.0
202210280535,0.0,0.0
202210280555,0.0,0.0
202210280615,0.0,0.0
202210280635,0.0,0.0
202210280655,0.0,0.0
202210280715,0.0,0.0
202210280735,0.0,0.0
202210280755,0.0,0.0
202210280815,0.0,0.0
202210280835,0.0,0.0
202210280855,0.0,0.0
202210280910,0.0,0.0
202210280935,0.0,0.0
202210280955,0.0,0.0
202210281015,0.0,0.0
202210281035,0.0,0.0
202210281055,0.0,0.0
202210281115,0.0,0.0
202210281135,0.0,0.0
202210281155,0.0,0.0
202210281215,0.0,0.0
202210281235,0.0,0.0
202210281255,0.0,0.0
202210281315,0.0,0.0
202210281335,0.0,0.0
202210281355,40.0,2.1
202210281415,0.0,0.0
202210281435,0.0,0.0
202210281455,0.0,0.0
202210281515,0.0,0.0
202210281535,50.0,1.5
202210281555,0.0,0.0
202210281615,0.0,0.0
202210281635,0.0,0.0
202210281655,0.0,0.0
202210281715,120.0,3.6
202210281735,0.0,0.0
202210281755,290.0,2.6
202210281815,0.0,0.0
202210281835,,2.1
202210281855,20.0,2.6
202210281915,,2.1
202210281935,,2.6
202210281955,,2.1
202210282015,0.0,0.0
202210282055,30.0,1.5
202210282115,40.0,3.1
202210282135,40.0,3.1
202210282155,0.0,0.0
202210282215,30.0,1.5
202210282235,0.0,0.0
202210282315,0.0,0.0
202210282335,0.0,0.0
202210282355,0.0,0.0
202210290015,0.0,0.0
202210290035,0.0,0.0
202210290055,0.0,0.0
202210290115,0.0,0.0
202210290135,0.0,0.0
202210290155,0.0,0.0
202210290210,200.0,2.1
202210290235,0.0,0.0
202210290255,0.0,0.0
202210290315,0.0,0.0
202210290355,0.0,0.0
202210290415,0.0,0.0
202210290435,0.0,0.0
202210290455,0.0,0.0
202210290515,0.0,0.0
202210290535,0.0,0.0
202210290555,0.0,0.0
202210290615,0.0,0.0
202210290635,0.0,0.0
202210290655,0.0,0.0
202210290715,0.0,0.0
202210290735,0.0,0.0
202210290755,0.0,0.0
202210290815,0.0,0.0
202210290835,0.0,0.0
202210290855,0.0,0.0
202210290915,0.0,0.0
202210290935,0.0,0.0
202210290955,0.0,0.0
202210291015,0.0,0.0
202210291035,0.0,0.0
202210291055,0.0,0.0
202210291115,0.0,0.0
202210291135,0.0,0.0
202210291155,0.0,0.0
202210291215,0.0,0.0
202210291235,0.0,0.0
202210291315,0.0,0.0
202210291330,0.0,0.0
202210291355,0.0,0.0
202210291410,30.0,2.1
202210291455,0.0,0.0
202210291510,30.0,2.1
202210291530,0.0,0.0
202210291555,,2.1
202210291615,0.0,0.0
202210291635,,1.5
202210291655,0.0,0.0
202210291715,90.0,2.1
202210291735,330.0,1.5
202210291755,0.0,0.0
202210291815,0.0,0.0
202210291830,,2.6
202210291855,0.0,0.0
202210291915,,3.1
202210291930,,2.1
202210291955,,2.6
202210292010,0.0,0.0
202210292030,210.0,1.5
202210292055,180.0,2.6
202210292115,,1.5
202210292135,210.0,2.1
202210292150,210.0,2.6
202210292215,0.0,0.0
202210292230,0.0,0.0
202210292250,0.0,0.0
202210292315,0.0,0.0
202210292335,220.0,1.5
202210292350,0.0,0.0
202210300015,0.0,0.0
202210300035,200.0,2.6
202210300055,0.0,0.0
202210300115,0.0,0.0
202210300135,0.0,0.0
202210300155,220.0,1.5
202210300215,0.0,0.0
202210300235,0.0,0.0
202210300255,0.0,0.0
202210300315,0.0,0.0
202210300335,0.0,0.0
202210300355,0.0,0.0
202210300415,0.0,0.0
202210300455,0.0,0.0
202210300515,220.0,1.5
202210300535,0.0,0.0
202210300615,0.0,0.0
202210300635,0.0,0.0
202210300655,0.0,0.0
202210300715,0.0,0.0
202210300745,0.0,0.0
202210300810,0.0,0.0
202210300840,0.0,0.0
202210301020,0.0,0.0
202210301120,0.0,0.0
202210301400,0.0,0.0
202210301840,0.0,0.0
202210310135,240.0,3.1
202210310155,0.0,0.0
202210310215,0.0,0.0
202210310235,210.0,2.1
202210310255,220.0,2.6
202210310315,0.0,0.0
202210310335,200.0,1.5
202210310355,0.0,0.0
202210310415,210.0,1.5
202210310435,0.0,0.0
202210310450,0.0,0.0
202210310515,0.0,0.0
202210310535,,1.5
202210310555,0.0,0.0
202210310615,0.0,0.0
202210310635,,2.1
202210310655,0.0,0.0
202210310715,220.0,2.6
202210310735,210.0,2.1
202210310755,190.0,2.1
202210310810,,1.5
202210310830,0.0,0.0
202210310855,0.0,0.0
202210310910,0.0,0.0
202210310935,0.0,0.0
202210310950,0.0,0.0
202210311015,0.0,0.0
202210311035,0.0,0.0
202210311055,0.0,0.0
202210311115,230.0,2.6
202210311135,0.0,0.0
202210311150,0.0,0.0
202210311215,0.0,0.0
202210311235,210.0,2.1
202210311255,190.0,1.5
202210311315,200.0,2.6
202210311335,210.0,3.1
202210311355,220.0,3.1
202210311415,200.0,2.1
202210311435,210.0,2.6
202210311450,190.0,2.1
202210311535,200.0,2.6
202210311550,,2.6
202210311715,210.0,3.1
202210311735,220.0,4.6
202210311755,210.0,4.6
202210311815,230.0,4.6
202210311835,220.0,4.1
202210311855,220.0,4.1
202210311915,260.0,3.6
202210311955,250.0,4.1
202210312015,,2.6
202210312035,240.0,2.6
202210312055,230.0,4.1
202210312115,260.0,2.6
202210312135,240.0,3.6
202210312155,240.0,2.6
202210312215,250.0,2.1
202210312235,230.0,2.6
202210312315,240.0,2.1
202210312335,0.0,0.0
202210312355,200.0,1.5
202211010015,240.0,1.5
202211010035,0.0,0.0
202211010055,0.0,0.0
202211010115,0.0,0.0
202211010135,0.0,0.0
202211010155,0.0,0.0
202211010215,0.0,0.0
202211010230,0.0,0.0
202211010255,0.0,0.0
202211010315,0.0,0.0
202211010335,0.0,0.0
202211010350,0.0,0.0
202211010410,0.0,0.0
202211010455,0.0,0.0
202211010515,0.0,0.0
202211010535,0.0,0.0
202211010555,0.0,0.0
202211010635,0.0,0.0
202211010655,0.0,0.0
202211010715,0.0,0.0
202211010735,0.0,0.0
202211010755,0.0,0.0
202211010815,210.0,1.5
202211010835,200.0,1.5
202211010855,0.0,0.0
202211010915,0.0,0.0
202211010935,0.0,0.0
202211010955,0.0,0.0
202211011015,0.0,0.0
202211011035,0.0,0.0
202211011055,0.0,0.0
202211011110,0.0,0.0
202211011135,0.0,0.0
202211011155,0.0,0.0
202211011215,0.0,0.0
202211011235,0.0,0.0
202211011255,0.0,0.0
202211011335,0.0,0.0
202211011350,0.0,0.0
202211011415,0.0,0.0
202211011435,0.0,0.0
202211011450,310.0,2.6
202211011515,310.0,3.1
202211011535,40.0,3.1
202211011555,,2.6
202211011615,,2.6
202211011635,,2.1
202211011655,10.0,3.6
202211011715,,3.1
202211011755,0.0,0.0
202211011830,340.0,3.1
202211011855,310.0,2.1
202211011915,0.0,0.0
202211011935,,3.1
202211011955,350.0,3.1
202211012015,330.0,2.6
202211012035,0.0,0.0
202211012055,0.0,0.0
202211012115,0.0,0.0
202211012135,0.0,0.0
202211012155,0.0,0.0
202211012215,330.0,1.5
202211012235,0.0,0.0
202211012255,0.0,0.0
202211012315,0.0,0.0
202211012335,0.0,0.0
202211012350,0.0,0.0
202211020015,0.0,0.0
202211020055,0.0,0.0
202211020115,0.0,0.0
202211020135,0.0,0.0
202211020155,0.0,0.0
202211020215,0.0,0.0
202211020235,0.0,0.0
202211020255,0.0,0.0
202211020315,0.0,0.0
202211020335,0.0,0.0
202211020355,0.0,0.0
202211020415,0.0,0.0
202211020435,0.0,0.0
202211020455,0.0,0.0
202211020510,0.0,0.0
202211020535,230.0,1.5
202211020555,0.0,0.0
202211020615,0.0,0.0
202211020635,0.0,0.0
202211020655,0.0,0.0
202211020715,40.0,2.6
202211020735,0.0,0.0
202211020755,0.0,0.0
202211020835,0.0,0.0
202211020855,0.0,0.0
202211020915,0.0,0.0
202211020935,0.0,0.0
202211020955,60.0,1.5
202211021015,,2.1
202211021035,0.0,0.0
202211021055,20.0,2.1
202211021110,0.0,0.0
202211021135,0.0,0.0
202211021155,,1.5
202211021215,0.0,0.0
202211021230,0.0,0.0
202211021255,0.0,0.0
202211021315,0.0,0.0
202211021335,0.0,0.0
202211021355,30.0,2.1
202211021415,10.0,2.1
202211021435,0.0,0.0
202211021455,30.0,1.5
202211021515,40.0,2.1
202211021555,0.0,0.0
202211021615,0.0,0.0
202211021635,0.0,0.0
202211021655,,2.6
202211021710,0.0,0.0
202211021735,180.0,2.1
202211021755,0.0,0.0
202211021830,,2.1
202211021855,230.0,3.1
202211021915,0.0,0.0
202211021935,,2.6
202211021950,220.0,2.6
202211022015,220.0,2.6
202211022035,230.0,2.6
202211022055,220.0,2.1
202211022115,,2.1
202211022135,230.0,1.5
202211022215,0.0,0.0
202211022315,0.0,0.0
202211022335,0.0,0.0
202211022355,0.0,0.0
202211030015,0.0,0.0
202211030030,0.0,0.0
202211030055,0.0,0.0
202211030115,0.0,0.0
202211030130,0.0,0.0
202211030155,0.0,0.0
202211030215,0.0,0.0
202211030235,0.0,0.0
202211030255,0.0,0.0
202211030310,0.0,0.0
202211030335,0.0,0.0
202211030415,0.0,0.0
202211030435,0.0,0.0
202211030455,0.0,0.0
202211030515,0.0,0.0
202211030535,0.0,0.0
202211030555,0.0,0.0
202211030610,0.0,0.0
202211030635,0.0,0.0
202211030655,0.0,0.0
202211030715,0.0,0.0
202211030735,0.0,0.0
202211030755,0.0,0.0
202211030815,0.0,0.0
202211030855,0.0,0.0
202211030915,0.0,0.0
202211030935,0.0,0.0
202211030955,210.0,1.5
202211031015,0.0,0.0
202211031035,0.0,0.0
202211031055,0.0,0.0
202211031115,0.0,0.0
202211031135,0.0,0.0
202211031150,0.0,0.0
202211031215,0.0,0.0
202211031235,0.0,0.0
202211031255,0.0,0.0
202211031315,0.0,0.0
202211031335,0.0,0.0
202211031355,0.0,0.0
202211031415,0.0,0.0
202211031435,0.0,0.0
202211031455,0.0,0.0
202211031515,0.0,0.0
202211031535,340.0,1.5
202211031555,0.0,0.0
202211031610,0.0,0.0
202211031635,0.0,0.0
202211031655,120.0,2.1
202211031715,0.0,0.0
202211031735,230.0,3.6
202211031755,0.0,0.0
202211031815,0.0,0.0
202211031850,0.0,0.0
202211031915,150.0,2.1
202211031935,0.0,0.0
202211031950,0.0,0.0
202211032015,,3.1
202211032035,0.0,0.0
202211032055,0.0,0.0
202211032115,,2.1
202211032135,0.0,0.0
202211032150,0.0,0.0
202211032215,210.0,2.6
202211032235,0.0,0.0
202211032255,0.0,0.0
202211032310,0.0,0.0
202211032335,0.0,0.0
202211032355,0.0,0.0
202211040015,0.0,0.0
202211040035,0.0,0.0
202211040055,0.0,0.0
202211040115,0.0,0.0
202211040155,0.0,0.0
202211040215,0.0,0.0
202211040235,0.0,0.0
202211040255,0.0,0.0
202211040335,0.0,0.0
202211040355,0.0,0.0
202211040415,0.0,0.0
202211040435,0.0,0.0
202211040455,0.0,0.0
202211040515,0.0,0.0
202211040535,0.0,0.0
202211040555,0.0,0.0
202211040610,0.0,0.0
202211040655,0.0,0.0
202211040735,0.0,0.0
202211040755,0.0,0.0
202211040815,0.0,0.0
202211040855,0.0,0.0
202211040915,0.0,0.0
202211040935,0.0,0.0
202211040955,0.0,0.0
202211041015,0.0,0.0
202211041035,0.0,0.0
202211041055,0.0,0.0
202211041115,0.0,0.0
202211041135,0.0,0.0
202211041155,0.0,0.0
202211041210,0.0,0.0
202211041230,0.0,0.0
202211041250,0.0,0.0
202211041310,0.0,0.0
202211041335,0.0,0.0
202211041350,0.0,0.0
202211041435,0.0,0.0
202211041455,0.0,0.0
202211041535,0.0,0.0
202211041615,0.0,0.0
202211041635,180.0,1.5
202211041655,,1.5
202211041735,0.0,0.0
202211041755,,3.1
202211041815,,2.6
202211041835,170.0,3.1
202211041850,,2.1
202211041915,220.0,3.6
202211041955,,3.1
202211042015,200.0,5.7
202211042035,190.0,4.6
202211042135,210.0,5.7
202211042155,200.0,4.6
202211042215,210.0,4.1
202211042235,210.0,3.6
202211042255,200.0,2.1
202211042315,200.0,2.1
202211042335,0.0,0.0
202211042355,0.0,0.0
202211050015,0.0,0.0
202211050035,130.0,2.1
202211050055,190.0,2.1
202211050115,0.0,0.0
202211050130,0.0,0.0
202211050155,0.0,0.0
202211050215,0.0,0.0
202211050235,0.0,0.0
202211050255,0.0,0.0
202211050315,0.0,0.0
202211050335,0.0,0.0
202211050415,0.0,0.0
202211050435,0.0,0.0
202211050455,0.0,0.0
202211050515,0.0,0.0
202211050535,0.0,0.0
202211050550,0.0,0.0
202211050615,0.0,0.0
202211050635,0.0,0.0
202211050655,0.0,0.0
202211050715,0.0,0.0
202211050735,0.0,0.0
202211050755,0.0,0.0
202211050815,0.0,0.0
202211050835,200.0,1.5
202211050855,210.0,3.1
202211050910,190.0,2.1
202211050935,210.0,2.6
202211050955,190.0,2.1
202211051015,210.0,2.6
202211051035,210.0,3.1
202211051055,210.0,4.1
202211051115,210.0,3.6
202211051135,210.0,5.1
202211051155,210.0,3.6
202211051215,200.0,3.1
202211051235,200.0,3.6
202211051255,190.0,4.1
202211051315,180.0,4.6
202211051330,170.0,4.1
202211051355,,3.1
202211051415,,2.6
202211051435,,2.6
202211051455,190.0,4.6
202211051515,200.0,5.7
202211051535,200.0,6.7
202211051555,200.0,5.7
202211051615,190.0,7.2
202211051630,200.0,6.7
202211051655,210.0,7.7
202211051715,210.0,5.7
202211051735,210.0,6.7
202211051750,210.0,6.2
202211051815,210.0,7.2
202211051835,190.0,5.7
202211051855,220.0,5.1
202211051915,230.0,6.7
202211051935,230.0,4.6
202211051955,,2.6
202211052015,,3.1
202211052030,200.0,4.1
202211052055,170.0,3.6
202211052115,,1.5
202211052135,,2.6
202211052155,,2.6
202211052215,180.0,4.1
202211052235,170.0,4.6
202211052315,170.0,3.6
202211052335,,3.1
202211052355,160.0,3.6
202211060010,160.0,4.6
202211060035,,1.5
202211060055,0.0,0.0
202211060115,300.0,3.1
202211060135,0.0,0.0
202211060155,260.0,2.6
202211060215,230.0,1.5
202211060235,150.0,2.6
202211060255,0.0,0.0
202211060315,,2.1
202211060335,210.0,3.6
202211060355,220.0,4.6
202211060415,210.0,3.6
202211060435,210.0,4.6
202211060455,220.0,6.2
202211060515,230.0,5.1
202211060535,230.0,5.1
202211060555,210.0,3.1
202211060615,210.0,2.6
202211060635,200.0,1.5
202211060655,210.0,2.6
202211060710,210.0,2.6
202211060735,0.0,0.0
202211060755,0.0,0.0
202211060815,0.0,0.0
202211060835,0.0,0.0
202211060855,180.0,1.5
202211060915,190.0,2.1
202211060935,0.0,0.0
202211061015,0.0,0.0
202211061035,0.0,0.0
202211061055,0.0,0.0
202211061115,0.0,0.0
202211061135,240.0,1.5
202211061155,210.0,2.1
202211061215,210.0,2.1
202211061235,220.0,3.1
202211061255,220.0,3.1
202211061335,,
202211061350,200.0,2.6
202211061415,180.0,4.1
202211061435,190.0,4.6
202211061455,190.0,4.6
202211061515,200.0,3.1
202211061530,200.0,4.6
202211061555,200.0,4.6
202211061615,210.0,5.7
202211061635,200.0,4.1
202211061655,210.0,5.7
202211061715,210.0,5.7
202211061735,190.0,5.7
202211061755,210.0,5.7
202211061815,220.0,6.2
202211061835,210.0,4.1
202211061850,180.0,3.6
202211061915,,2.6
202211061935,200.0,3.6
202211061955,210.0,3.6
202211062015,230.0,3.6
202211062035,,3.1
202211062055,180.0,3.6
202211062110,230.0,5.1
202211062135,210.0,3.6
202211062155,200.0,2.1
202211062255,0.0,0.0
202211062315,0.0,0.0
202211062330,0.0,0.0
202211062355,0.0,0.0
202211070015,240.0,2.1
202211070035,240.0,2.1
202211070055,0.0,0.0
202211070115,0.0,0.0
202211070130,0.0,0.0
202211070215,0.0,0.0
202211070235,0.0,0.0
202211070255,0.0,0.0
202211070315,0.0,0.0
202211070335,0.0,0.0
202211070355,0.0,0.0
202211070415,0.0,0.0
202211070435,0.0,0.0
202211070455,0.0,0.0
202211070515,0.0,0.0
202211070535,0.0,0.0
202211070555,0.0,0.0
202211070615,0.0,0.0
202211070630,0.0,0.0
202211070655,0.0,0.0
202211070715,0.0,0.0
202211070730,0.0,0.0
202211070755,0.0,0.0
202211070815,0.0,0.0
202211070835,0.0,0.0
202211070855,0.0,0.0
202211070915,0.0,0.0
202211070935,0.0,0.0
202211070955,0.0,0.0
202211071015,0.0,0.0
202211071035,0.0,0.0
202211071055,0.0,0.0
202211071115,0.0,0.0
202211071135,0.0,0.0
202211071155,100.0,2.6
202211071215,0.0,0.0
202211071235,0.0,0.0
202211071255,0.0,0.0
202211071315,0.0,0.0
202211071335,0.0,0.0
202211071355,0.0,0.0
202211071415,0.0,0.0
202211071435,0.0,0.0
202211071515,0.0,0.0
202211071535,0.0,0.0
202211071555,0.0,0.0
202211071655,0.0,0.0
202211071755,30.0,2.1
202211071815,30.0,2.6
202211071835,,2.6
202211071855,,3.1
202211071915,,3.1
202211071935,,2.6
202211071955,30.0,3.1
202211072015,,3.1
202211072035,,2.6
202211072055,30.0,2.6
202211072115,40.0,3.6
202211072135,40.0,2.6
202211072150,30.0,2.1
202211072215,30.0,1.5
202211072255,0.0,0.0
202211072335,0.0,0.0
202211072355,0.0,0.0
202211080015,0.0,0.0
202211080035,0.0,0.0
202211080055,0.0,0.0
202211080110,0.0,0.0
202211080130,0.0,0.0
202211080155,0.0,0.0
202211080215,0.0,0.0
202211080230,0.0,0.0
202211080250,0.0,0.0
202211080310,0.0,0.0
202211080335,0.0,0.0
202211080355,0.0,0.0
202211080415,0.0,0.0
202211080435,0.0,0.0
202211080455,0.0,0.0
202211080515,40.0,1.5
202211080535,0.0,0.0
202211080555,0.0,0.0
202211080615,0.0,0.0
202211080635,0.0,0.0
202211080655,0.0,0.0
202211080715,50.0,2.1
202211080735,0.0,0.0
202211080755,20.0,3.1
202211080810,0.0,0.0
202211080835,0.0,0.0
202211080855,60.0,2.1
202211080915,20.0,3.1
202211080935,40.0,2.1
202211080955,0.0,0.0
202211081015,30.0,3.1
202211081035,30.0,3.1
202211081055,30.0,2.6
202211081115,30.0,2.1
202211081135,20.0,3.1
202211081155,40.0,1.5
202211081215,40.0,1.5
202211081235,40.0,2.1
202211081255,30.0,2.1
202211081315,40.0,3.1
202211081330,0.0,0.0
202211081355,,2.1
202211081415,20.0,5.1
202211081435,40.0,4.1
202211081455,40.0,3.6
202211081515,30.0,3.6
202211081535,20.0,2.6
202211081555,,3.1
202211081615,40.0,3.1
202211081635,350.0,3.1
202211081655,,2.6
202211081715,0.0,0.0
202211081735,,2.1
202211081750,350.0,2.6
202211081815,,2.1
202211081835,0.0,0.0
202211081855,,2.6
202211081915,,1.5
202211081935,,2.1
202211081955,350.0,2.6
202211082015,0.0,0.0
202211082035,350.0,2.6
202211082055,,2.1
202211082115,30.0,2.6
202211082135,30.0,2.6
202211082155,20.0,3.1
202211082215,30.0,2.1
202211082235,20.0,2.6
202211082250,40.0,2.1
202211082315,,1.5
202211082335,0.0,0.0
202211082355,0.0,0.0
202211090015,0.0,0.0
202211090035,0.0,0.0
202211090055,0.0,0.0
202211090115,0.0,0.0
202211090135,0.0,0.0
202211090150,0.0,0.0
202211090215,0.0,0.0
202211090235,0.0,0.0
202211090255,0.0,0.0
202211090315,0.0,0.0
202211090335,0.0,0.0
202211090355,0.0,0.0
202211090415,0.0,0.0
202211090435,0.0,0.0
202211090455,0.0,0.0
202211090515,0.0,0.0
202211090535,0.0,0.0
202211090555,0.0,0.0
202211090615,0.0,0.0
202211090635,0.0,0.0
202211090655,0.0,0.0
202211090710,0.0,0.0
202211090730,0.0,0.0
202211090815,0.0,0.0
202211090830,0.0,0.0
202211090915,0.0,0.0
202211090935,0.0,0.0
202211090955,0.0,0.0
202211091015,0.0,0.0
202211091035,0.0,0.0
202211091055,0.0,0.0
202211091115,0.0,0.0
202211091135,0.0,0.0
202211091155,0.0,0.0
202211091215,0.0,0.0
202211091235,0.0,0.0
202211091255,0.0,0.0
202211091315,0.0,0.0
202211091335,0.0,0.0
202211091355,0.0,0.0
202211091415,0.0,0.0
202211091435,0.0,0.0
202211091455,0.0,0.0
202211091510,0.0,0.0
202211091535,0.0,0.0
202211091555,260.0,2.1
202211091615,280.0,1.5
202211091635,0.0,0.0
202211091655,,1.5
202211091715,0.0,0.0
202211091735,,2.1
202211091755,120.0,1.5
202211091815,0.0,0.0
202211091835,,3.1
202211091855,0.0,0.0
202211091910,180.0,2.6
202211091935,0.0,0.0
202211091955,,1.5
202211092015,190.0,1.5
202211092035,210.0,2.1
202211092055,210.0,3.1
202211092115,210.0,2.1
202211092135,,2.1
202211092155,210.0,3.1
202211092215,200.0,2.6
202211092235,0.0,0.0
202211092255,0.0,0.0
202211092315,0.0,0.0
202211092335,0.0,0.0
202211092355,0.0,0.0
202211100015,0.0,0.0
202211100055,0.0,0.0
202211100115,0.0,0.0
202211100135,0.0,0.0
202211100155,0.0,0.0
202211100215,0.0,0.0
202211100230,0.0,0.0
202211100255,220.0,1.5
202211100315,0.0,0.0
202211100335,0.0,0.0
202211100355,0.0,0.0
202211100415,0.0,0.0
202211100435,0.0,0.0
202211100455,0.0,0.0
202211100515,0.0,0.0
202211100535,200.0,1.5
202211100555,0.0,0.0
202211100615,0.0,0.0
202211100655,0.0,0.0
202211100715,0.0,0.0
202211100735,0.0,0.0
202211100755,0.0,0.0
202211100815,0.0,0.0
202211100835,0.0,0.0
202211100855,0.0,0.0
202211100915,0.0,0.0
202211100955,0.0,0.0
202211101010,,1.5
202211101055,60.0,2.1
202211101115,0.0,0.0
202211101135,50.0,2.1
202211101155,0.0,0.0
202211101215,30.0,3.1
202211101235,,2.1
202211101255,20.0,3.1
202211101315,30.0,3.6
202211101335,30.0,3.1
202211101355,,3.1
202211101415,30.0,3.6
202211101435,20.0,3.6
202211101455,20.0,4.1
202211101515,20.0,4.1
202211101535,30.0,4.6
202211101555,40.0,4.1
202211101615,,3.1
202211101635,40.0,4.6
202211101655,30.0,3.6
202211101715,30.0,4.6
202211101735,20.0,4.6
202211101755,,2.6
202211101815,40.0,3.6
202211101835,10.0,4.1
202211101855,20.0,3.6
202211101915,20.0,4.1
202211101935,20.0,4.6
202211101955,30.0,4.1
202211102015,50.0,4.1
202211102035,50.0,3.1
202211102050,30.0,4.1
202211102110,40.0,4.6
202211102135,40.0,3.6
202211102155,30.0,2.1
202211102215,30.0,2.1
202211102235,40.0,2.1
202211102255,30.0,2.1
202211102315,20.0,1.5
202211102355,0.0,0.0
202211110015,0.0,0.0
202211110035,10.0,1.5
202211110055,30.0,2.1
202211110115,0.0,0.0
202211110155,50.0,2.1
202211110215,40.0,1.5
202211110315,0.0,0.0
202211110335,40.0,2.1
202211110350,0.0,0.0
202211110415,0.0,0.0
202211110430,40.0,2.6
202211110450,30.0,2.6
202211110515,40.0,3.1
202211110535,30.0,2.6
202211110555,50.0,2.1
202211110610,30.0,3.1
202211110635,30.0,3.6
202211110650,40.0,2.6
202211110715,30.0,2.6
202211110735,30.0,2.6
202211110745,40.0,2.6
202211111030,,1.5
202211111355,10.0,2.1
202211111415,20.0,2.1
202211111435,,2.6
202211111515,30.0,3.1
202211111535,20.0,2.6
202211111555,,2.6
202211111615,20.0,2.6
202211111635,10.0,2.1
202211111655,,2.6
202211111715,340.0,2.6
202211111735,310.0,1.5
202211111755,,1.5
202211111815,300.0,3.1
202211111835,,3.1
202211111855,290.0,3.1
202211111915,290.0,3.6
202211111935,,2.6
202211111955,330.0,2.6
202211112015,,2.6
202211112035,,2.6
202211112055,330.0,2.1
202211112115,310.0,2.1
202211112135,290.0,3.6
202211112155,290.0,3.1
202211112215,320.0,2.6
202211112235,300.0,3.6
202211112255,290.0,2.6
202211112315,290.0,3.6
202211112335,320.0,3.1
202211112355,320.0,3.6
202211120015,290.0,2.1
202211120035,310.0,2.1
202211120055,290.0,1.5
202211120115,0.0,0.0
202211120135,0.0,0.0
202211120155,0.0,0.0
202211120215,300.0,1.5
202211120235,300.0,2.1
202211120255,0.0,0.0
202211120315,0.0,0.0
202211120335,0.0,0.0
202211120355,0.0,0.0
202211120415,0.0,0.0
202211120435,0.0,0.0
202211120455,0.0,0.0
202211120515,0.0,0.0
202211120535,0.0,0.0
202211120555,0.0,0.0
202211120635,0.0,0.0
202211120655,0.0,0.0
202211120715,0.0,0.0
202211120735,0.0,0.0
202211120755,0.0,0.0
202211120815,0.0,0.0
202211120835,0.0,0.0
202211120855,0.0,0.0
202211120915,0.0,0.0
202211120935,0.0,0.0
202211120955,0.0,0.0
202211121015,0.0,0.0
202211121030,0.0,0.0
202211121055,0.0,0.0
202211121115,0.0,0.0
202211121135,0.0,0.0
202211121155,0.0,0.0
202211121210,0.0,0.0
202211121235,0.0,0.0
202211121315,220.0,2.1
202211121330,0.0,0.0
202211121355,,2.6
202211121415,230.0,4.1
202211121430,210.0,4.1
202211121455,210.0,4.1
202211121515,300.0,4.6
202211121535,320.0,5.1
202211121555,310.0,6.7
202211121615,300.0,5.7
202211121635,,2.1
202211121655,300.0,4.1
202211121715,310.0,3.6
202211121735,0.0,0.0
202211121755,320.0,3.6
202211121815,320.0,3.6
202211121835,340.0,5.1
202211121915,330.0,3.1
202211121935,,2.1
202211121955,,2.6
202211122015,350.0,4.1
202211122035,310.0,5.1
202211122050,300.0,4.1
202211122115,340.0,5.7
202211122135,310.0,4.6
202211122155,330.0,5.1
202211122215,340.0,4.6
202211122230,320.0,5.1
202211122255,320.0,4.1
202211122335,330.0,2.1
202211122355,330.0,3.1
202211130015,340.0,2.1
202211130035,350.0,3.6
202211130055,340.0,2.6
202211130115,340.0,3.6
202211130135,350.0,3.6
202211130155,350.0,3.1
202211130210,,2.6
202211130235,,4.1
202211130255,350.0,5.1
202211130315,330.0,4.1
202211130355,330.0,4.1
202211130415,340.0,3.1
202211130430,320.0,4.1
202211130455,,2.6
202211130515,340.0,3.6
202211130535,350.0,5.7
202211130615,340.0,5.7
202211130635,320.0,6.2
202211130650,320.0,4.1
202211130715,330.0,6.2
202211130735,330.0,4.6
202211130755,350.0,5.1
202211130815,320.0,4.1
202211130835,330.0,5.1
202211130855,350.0,5.7
202211130915,340.0,3.6
202211130935,350.0,4.6
202211130955,350.0,4.6
202211131015,,5.1
202211131035,350.0,3.6
202211131055,10.0,4.1
202211131115,,3.1
202211131135,10.0,5.1
202211131150,,4.1
202211131215,10.0,4.1
202211131235,10.0,4.6
202211131255,,2.6
202211131315,10.0,3.6
202211131335,30.0,4.6
202211131355,10.0,4.6
202211131415,30.0,4.6
202211131435,30.0,4.6
202211131455,20.0,5.7
202211131515,30.0,5.1
202211131535,30.0,5.7
202211131555,30.0,6.2
202211131615,10.0,5.1
202211131635,10.0,6.2
202211131735,40.0,3.1
202211131755,30.0,4.6
202211131815,20.0,3.6
202211131835,10.0,4.6
202211131855,20.0,4.1
202211131915,20.0,5.7
202211131935,30.0,4.1
202211131940,30.0,4.6
202211140415,30.0,2.1
202211140645,40.0,2.1
202211141400,0.0,0.0
202211141430,0.0,0.0
202211141435,0.0,0.0
202211141640,0.0,0.0
202211141700,,2.6
202211141920,0.0,0.0
202211150100,0.0,0.0
202211150540,0.0,0.0
202211150605,0.0,0.0
202211150615,0.0,0.0
202211150650,0.0,0.0
202211150710,0.0,0.0
202211150730,0.0,0.0
202211150750,0.0,0.0
202211150845,0.0,0.0
202211151230,350.0,2.1
202211151415,40.0,1.5
202211151455,320.0,1.5
202211151520,0.0,0.0
202211151820,0.0,0.0
202211151900,,2.1
202211152335,0.0,0.0
202211160020,0.0,0.0
202211160040,0.0,0.0
202211160300,0.0,0.0
202211160755,330.0,3.1
202211160930,340.0,5.1
202211161140,330.0,4.1
202211161205,340.0,2.6
202211161310,350.0,4.1
202211161315,,3.1
202211161750,,3.1
202211161805,,2.6
202211161835,,2.1
202211161905,310.0,3.6
202211170010,0.0,0.0
202211170100,0.0,0.0
202211170200,0.0,0.0
202211170400,0.0,0.0
202211170445,0.0,0.0
202211170530,0.0,0.0
202211170610,0.0,0.0
202211170810,340.0,1.5
202211170945,350.0,3.1
202211171005,10.0,2.1
202211171040,,2.6
202211171210,330.0,2.1
202211171325,0.0,0.0
202211171400,20.0,3.1
202211171455,30.0,3.6
202211171750,,4.6
202211171825,,3.6
202211171850,,1.5
202211171925,290.0,3.1
202211171955,30.0,2.1
202211172015,350.0,2.1
202211172035,0.0,0.0
202211172055,,1.5
202211172115,320.0,2.6
202211172135,,1.5
202211172155,320.0,3.1
202211172215,320.0,2.6
202211172230,0.0,0.0
202211172255,330.0,3.1
202211172315,350.0,2.1
202211172335,0.0,0.0
202211172355,0.0,0.0
202211180015,0.0,0.0
202211180025,0.0,0.0
202211180225,0.0,0.0
202211180250,0.0,0.0
202211180540,0.0,0.0
202211180930,0.0,0.0
202211181010,0.0,0.0
202211181100,0.0,0.0
202211181205,0.0,0.0
202211181240,0.0,0.0
202211181400,0.0,0.0
202211181530,,2.1
202211181745,230.0,3.6
202211181810,240.0,3.6
202211182035,240.0,2.1
202211182040,220.0,2.6
202211190810,0.0,0.0
202211191335,0.0,0.0
202211191555,230.0,3.6
202211191635,190.0,2.1
202211191825,200.0,3.6
202211191955,220.0,6.2
202211192010,230.0,6.7
202211192035,250.0,5.7
202211192055,250.0,5.1
202211192115,230.0,3.6
202211192135,230.0,4.1
202211192155,220.0,4.6
202211192215,230.0,3.6
202211192230,220.0,2.6
202211200020,200.0,1.5
202211200245,0.0,0.0
202211200325,0.0,0.0
202211200345,320.0,2.1
202211200605,0.0,0.0
202211200905,0.0,0.0
202211201000,0.0,0.0
202211201150,20.0,3.1
202211291855,210.0,6.2
202211291915,190.0,6.2
202211291935,200.0,5.7
202211291955,200.0,3.6
202211292015,200.0,3.6
202211292035,180.0,2.6
202211292055,210.0,2.1
202211292115,0.0,0.0
202211292130,0.0,0.0
202211292155,0.0,0.0
202211292215,0.0,0.0
202211292255,320.0,11.8
202211292315,,2.6
202211292330,0.0,0.0
202211292355,80.0,2.6
202211300015,,2.1
202211300035,0.0,0.0
202211300055,330.0,2.1
202211300115,,1.5
202211300155,0.0,0.0
202211300255,140.0,5.7
202211300310,140.0,5.7
202211300355,140.0,5.7
202211300415,160.0,4.1
202211300435,160.0,4.1
202211300455,,2.6
202211300515,,3.1
202211300555,0.0,0.0
202211300610,230.0,1.5
202211300635,0.0,0.0
202211300655,260.0,2.1
202211300715,50.0,1.5
202211300735,110.0,2.1
202211300755,0.0,0.0
202211300815,0.0,0.0
202211300830,260.0,5.7
202211300850,220.0,4.1
202211300915,190.0,5.1
202211300935,160.0,7.7
202211301015,190.0,4.6
202211301035,270.0,3.1
202211301055,260.0,2.6
202211301115,240.0,3.1
202211301135,250.0,2.6
202211301155,220.0,3.6
202211301210,200.0,3.1
202211301235,220.0,2.6
202211301255,210.0,3.1
202211301315,200.0,3.1
202211301330,210.0,4.6
202211301355,330.0,4.1
202211301415,300.0,5.1
202211301435,310.0,4.6
202211301455,320.0,5.1
202211301515,330.0,8.7
202211301535,330.0,6.2
202211301615,300.0,6.2
202211301635,310.0,6.2
202211301655,300.0,5.7
202211301715,,5.7
202211301735,330.0,5.1
202211301755,340.0,4.6
202211301815,310.0,4.6
202211301835,310.0,3.6
202211301855,310.0,5.7
202211301915,330.0,4.6
202211301935,340.0,4.6
202211301955,310.0,5.1
202211302015,310.0,4.1
202211302035,310.0,3.6
202211302055,330.0,5.7
202211302115,330.0,7.2
202211302135,330.0,4.1
202211302155,330.0,2.6
202211302215,330.0,4.6
202211302225,350.0,2.6
202212061715,220.0,5.1
202212061755,220.0,5.7
202212061815,210.0,4.6
202212061835,210.0,4.1
202212061850,210.0,4.6
202212061915,210.0,4.6
202212061935,210.0,5.7
202212061950,210.0,4.6
202212062015,210.0,4.6
202212062035,210.0,5.1
202212062055,210.0,4.6
202212062115,210.0,4.6
202212062130,210.0,3.6
202212062155,210.0,4.1
202212062215,210.0,5.1
202212062235,220.0,4.1
202212062255,210.0,4.6
202212062315,220.0,4.6
202212062335,210.0,2.6
202212062355,200.0,2.6
202212070015,230.0,3.1
202212070035,220.0,2.6
202212070055,220.0,2.6
202212070115,230.0,2.1
202212070135,240.0,2.6
202212070215,200.0,2.1
202212070235,200.0,2.6
202212070255,200.0,3.1
202212070315,210.0,2.6
202212070335,210.0,3.1
202212070355,210.0,2.6
202212070415,230.0,2.6
202212070435,230.0,3.6
202212070455,230.0,4.1
202212070515,210.0,3.6
202212070535,220.0,3.6
202212070555,220.0,3.6
202212070615,210.0,3.1
202212070635,230.0,3.1
202212070655,210.0,3.1
202212070715,210.0,3.6
202212070735,220.0,3.1
202212070755,220.0,3.1
202212070815,220.0,2.6
202212070835,210.0,3.1
202212070855,210.0,3.1
202212070915,210.0,3.1
202212070935,200.0,2.6
202212070955,200.0,2.6
202212071015,210.0,3.6
202212071035,,2.6
202212071055,200.0,2.6
202212071115,210.0,3.1
202212071130,190.0,3.1
202212071155,200.0,2.6
202212071210,190.0,3.1
202212071235,220.0,2.6
202212071255,210.0,3.6
202212071335,200.0,4.1
202212071355,210.0,4.6
202212071415,210.0,4.1
202212071435,210.0,4.6
202212071455,200.0,4.1
202212071515,200.0,4.1
202212071535,210.0,4.1
202212071555,210.0,4.6
202212071635,210.0,4.1
202212071655,210.0,4.1
202212071710,200.0,4.1
202212071735,200.0,3.6
202212071815,210.0,2.6
202212071835,200.0,3.1
202212071855,210.0,2.1
202212071915,0.0,0.0
202212071935,0.0,0.0
202212072015,200.0,2.1
202212072035,210.0,2.1
202212072055,210.0,1.5
202212072115,0.0,0.0
202212072130,0.0,0.0
202212072155,190.0,1.5
202212072215,210.0,1.5
202212072235,200.0,3.1
202212072255,210.0,3.1
202212072315,210.0,3.1
202212072335,210.0,2.1
202212072355,200.0,2.1
202212080015,210.0,2.6
202212080035,220.0,3.1
202212080055,0.0,0.0
202212080115,0.0,0.0
202212080135,220.0,1.5
202212080155,210.0,1.5
202212080215,210.0,2.1
202212080235,230.0,1.5
202212080255,210.0,2.1
202212080315,0.0,0.0
202212080335,210.0,1.5
202212080350,0.0,0.0
202212080415,230.0,1.5
202212080435,0.0,0.0
202212080455,0.0,0.0
202212080515,0.0,0.0
202212080530,220.0,1.5
202212080555,200.0,1.5
202212080615,210.0,1.5
202212080635,230.0,1.5
202212080655,0.0,0.0
202212080715,0.0,0.0
202212080735,0.0,0.0
202212080815,0.0,0.0
202212080835,0.0,0.0
202212080855,250.0,1.5
202212080915,0.0,0.0
202212080935,0.0,0.0
202212080955,0.0,0.0
202212081015,0.0,0.0
202212081035,0.0,0.0
202212081055,320.0,1.5
202212081135,0.0,0.0
202212081155,0.0,0.0
202212081215,0.0,0.0
202212081230,0.0,0.0
202212081255,0.0,0.0
202212081315,310.0,1.5
202212081335,0.0,0.0
202212081355,0.0,0.0
202212081415,0.0,0.0
202212081435,210.0,1.5
202212081455,190.0,1.5
202212081515,,2.1
202212081535,,3.1
202212081555,190.0,3.6
202212081615,180.0,3.6
202212081635,200.0,3.6
202212081650,210.0,3.6
202212081715,260.0,2.6
202212081735,270.0,3.6
202212081755,230.0,3.1
202212081815,340.0,3.6
202212081835,50.0,2.1
202212081850,340.0,2.1
202212081915,20.0,1.5
202212081950,50.0,1.5
202212082015,0.0,0.0
202212082035,0.0,0.0
202212082055,0.0,0.0
202212082115,0.0,0.0
202212082130,0.0,0.0
202212082155,0.0,0.0
202212082215,0.0,0.0
202212082230,0.0,0.0
202212082255,0.0,0.0
202212082315,,2.6
202212082335,0.0,0.0
202212082355,,3.6
202212090015,,2.1
202212090035,0.0,0.0
202212090055,0.0,0.0
202212090115,0.0,0.0
202212090130,330.0,2.1
202212090150,0.0,0.0
202212090215,0.0,0.0
202212090235,0.0,0.0
202212090255,0.0,0.0
202212090315,0.0,0.0
202212090335,0.0,0.0
202212090355,40.0,2.1
202212090415,30.0,2.1
202212090430,20.0,2.1
202212090455,0.0,0.0
202212090515,50.0,1.5
202212090535,20.0,2.1
202212090555,50.0,1.5
202212090615,0.0,0.0
202212090635,0.0,0.0
202212090655,10.0,2.1
202212090715,30.0,1.5
202212090735,10.0,2.1
202212090835,30.0,1.5
202212090855,0.0,0.0
202212090930,350.0,2.6
202212090955,40.0,1.5
202212091035,0.0,0.0
202212091055,350.0,1.5
202212091115,0.0,0.0
202212091135,,1.5
202212091155,0.0,0.0
202212091215,0.0,0.0
202212091235,50.0,2.1
202212091255,0.0,0.0
202212091315,0.0,0.0
202212091335,0.0,0.0
202212091355,0.0,0.0
202212091415,0.0,0.0
202212091435,0.0,0.0
202212091455,0.0,0.0
202212091515,220.0,1.5
202212091535,0.0,0.0
202212091555,0.0,0.0
202212091615,0.0,0.0
202212091635,330.0,1.5
202212091650,0.0,0.0
202212091715,0.0,0.0
202212091735,0.0,0.0
202212091755,0.0,0.0
202212091815,0.0,0.0
202212091835,0.0,0.0
202212091855,0.0,0.0
202212091910,0.0,0.0
202212091935,0.0,0.0
202212091955,0.0,0.0
202212092015,0.0,0.0
202212092035,0.0,0.0
202212092055,0.0,0.0
202212092115,0.0,0.0
202212092135,0.0,0.0
202212092155,0.0,0.0
202212092215,0.0,0.0
202212092235,0.0,0.0
202212092315,0.0,0.0
202212092335,0.0,0.0
202212092355,0.0,0.0
202212100015,40.0,1.5
202212100035,330.0,1.5
202212100110,0.0,0.0
202212100135,0.0,0.0
202212100155,0.0,0.0
202212100215,0.0,0.0
202212100230,200.0,1.5
202212100255,0.0,0.0
202212100315,0.0,0.0
202212100335,0.0,0.0
202212100355,0.0,0.0
202212100415,0.0,0.0
202212100435,0.0,0.0
202212100455,0.0,0.0
202212100555,0.0,0.0
202212100615,0.0,0.0
202212100655,0.0,0.0
202212100715,0.0,0.0
202212100735,0.0,0.0
202212100755,0.0,0.0
202212100815,0.0,0.0
202212100835,0.0,0.0
202212100855,0.0,0.0
202212100915,0.0,0.0
202212100935,0.0,0.0
202212100955,0.0,0.0
202212101015,0.0,0.0
202212101035,0.0,0.0
202212101055,0.0,0.0
202212101115,0.0,0.0
202212101135,0.0,0.0
202212101155,0.0,0.0
202212101215,0.0,0.0
202212101235,0.0,0.0
202212101255,0.0,0.0
202212101315,0.0,0.0
202212101335,0.0,0.0
202212101355,0.0,0.0
202212101410,0.0,0.0
202212101435,0.0,0.0
202212101455,0.0,0.0
202212101515,190.0,3.1
202212101615,200.0,3.1
202212101635,220.0,3.6
202212101655,190.0,2.6
202212101710,190.0,3.1
202212101735,210.0,3.1
202212101755,,2.6
202212101815,190.0,3.6
202212101835,210.0,3.6
202212101855,,3.1
202212101915,200.0,5.7
202212101935,180.0,5.7
202212101955,180.0,4.1
202212102010,210.0,4.6
202212102035,200.0,3.6
202212102055,,2.6
202212102115,210.0,3.1
202212102135,200.0,4.1
202212102155,190.0,2.6
202212102215,200.0,2.1
202212102235,200.0,2.1
202212102255,190.0,2.1
202212102315,210.0,2.6
202212102335,200.0,2.1
202212102355,180.0,2.6
202212110015,170.0,5.1
202212110035,180.0,4.1
202212110050,,2.6
202212110115,190.0,2.6
202212110130,230.0,3.6
202212110150,220.0,3.1
202212110215,210.0,2.6
202212110235,200.0,3.6
202212110255,210.0,3.1
202212110315,210.0,2.6
202212110335,200.0,2.1
202212110350,0.0,0.0
202212110415,0.0,0.0
202212110435,210.0,1.5
202212110455,210.0,1.5
202212110515,220.0,2.6
202212110535,,2.6
202212110555,180.0,3.6
202212110615,190.0,2.1
202212110655,240.0,2.1
202212110715,190.0,2.1
202212110735,220.0,2.1
202212110755,0.0,0.0
202212110815,,2.1
202212110835,190.0,2.6
202212110855,200.0,2.6
202212110915,200.0,3.1
202212110935,180.0,2.1
202212110955,210.0,2.1
202212111015,210.0,3.1
202212111035,220.0,2.1
202212111055,210.0,3.1
202212111115,,3.1
202212111135,210.0,4.6
202212111155,210.0,3.6
202212111215,200.0,3.1
202212111235,200.0,3.6
202212111255,210.0,4.1
202212111315,210.0,2.6
202212111335,200.0,2.6
202212111355,220.0,3.1
202212111415,220.0,3.1
202212111435,220.0,2.1
202212111455,220.0,2.1
202212111515,220.0,2.6
202212111535,210.0,2.6
202212112255,0.0,0.0
202212112315,0.0,0.0
202212112335,0.0,0.0
202212112340,0.0,0.0
202212131415,0.0,0.0
202212131435,20.0,2.1
202212131455,30.0,1.5
202212131515,0.0,0.0
202212131555,0.0,0.0
202212131610,,1.5
202212131635,0.0,0.0
202212131655,200.0,1.5
202212131715,240.0,1.5
202212131735,0.0,0.0
202212131750,,1.5
202212131815,,2.1
202212131835,,2.1
202212131855,0.0,0.0
202212131915,,1.5
202212131935,,2.6
202212131955,,2.1
202212132015,210.0,3.1
202212132035,230.0,3.1
202212132055,190.0,2.6
202212132115,220.0,2.6
202212132135,220.0,2.6
202212132155,220.0,3.1
202212132215,210.0,3.1
202212132235,200.0,2.1
202212132255,200.0,2.1
202212132315,190.0,1.5
202212132335,200.0,1.5
202212132355,0.0,0.0
202212140015,0.0,0.0
202212140035,220.0,2.6
202212140050,0.0,0.0
202212140115,220.0,2.6
202212140135,220.0,2.1
202212140155,0.0,0.0
202212140215,210.0,2.1
202212140235,190.0,1.5
202212140255,210.0,3.1
202212140315,210.0,4.1
202212140335,200.0,3.1
202212140355,,3.1
202212140515,0.0,0.0
202212140530,200.0,2.1
202212140555,200.0,1.5
202212140615,210.0,2.1
202212140635,210.0,2.6
202212140655,210.0,3.1
202212140715,,1.5
202212140730,0.0,0.0
202212140755,0.0,0.0
202212140810,0.0,0.0
202212140835,0.0,0.0
202212140855,0.0,0.0
202212140915,120.0,1.5
202212140935,220.0,2.6
202212140955,0.0,0.0
202212141015,0.0,0.0
202212141035,0.0,0.0
202212141055,230.0,2.6
202212141115,210.0,2.1
202212141135,220.0,3.1
202212141155,0.0,0.0
202212141215,0.0,0.0
202212141235,0.0,0.0
202212141250,0.0,0.0
202212141315,0.0,0.0
202212141335,0.0,0.0
202212141355,0.0,0.0
202212141415,0.0,0.0
202212141435,40.0,1.5
202212141455,30.0,1.5
202212141515,20.0,2.1
202212141535,40.0,1.5
202212141555,0.0,0.0
202212141610,50.0,2.1
202212141625,0.0,0.0
202212151615,250.0,3.6
202212151635,220.0,5.7
202212151655,190.0,3.6
202212151715,230.0,5.7
202212151735,200.0,4.6
202212151755,230.0,4.1
202212151810,250.0,4.1
202212151835,240.0,6.7
202212151855,240.0,6.7
202212151935,250.0,5.1
202212151955,220.0,5.7
202212152035,210.0,3.6
202212152055,210.0,6.2
202212152115,240.0,5.1
202212152135,220.0,4.1
202212152155,220.0,4.1
202212152215,230.0,5.7
202212152230,240.0,4.1
202212152255,240.0,3.6
202212152310,230.0,4.1
202212191755,350.0,3.1
202212191815,30.0,1.5
202212191835,,1.5
202212191855,350.0,1.5
202212191915,0.0,0.0
202212191935,0.0,0.0
202212191955,0.0,0.0
202212192015,0.0,0.0
202212192035,40.0,1.5
202212192055,40.0,2.1
202212192115,40.0,2.6
202212192155,0.0,0.0
202212192210,0.0,0.0
202212192235,0.0,0.0
202212192255,0.0,0.0
202212192315,0.0,0.0
202212192355,0.0,0.0
202212200015,0.0,0.0
202212200035,0.0,0.0
202212200055,0.0,0.0
202212200115,0.0,0.0
202212200135,0.0,0.0
202212200155,,1.5
202212200215,30.0,1.5
202212200235,0.0,0.0
202212200255,0.0,0.0
202212200315,0.0,0.0
202212200335,0.0,0.0
202212200355,0.0,0.0
202212200415,0.0,0.0
202212200435,0.0,0.0
202212200455,0.0,0.0
202212200515,0.0,0.0
202212200535,0.0,0.0
202212200555,0.0,0.0
202212200615,0.0,0.0
202212200635,0.0,0.0
202212200655,0.0,0.0
202212200715,0.0,0.0
202212200735,0.0,0.0
202212200815,0.0,0.0
202212200835,0.0,0.0
202212200855,0.0,0.0
202212200915,0.0,0.0
202212200935,10.0,1.5
202212201015,0.0,0.0
202212201035,30.0,2.1
202212201055,0.0,0.0
202212201115,0.0,0.0
202212201715,0.0,0.0
202212201735,0.0,0.0
202212201755,0.0,0.0
202212201810,0.0,0.0
202212201835,0.0,0.0
202212201855,0.0,0.0
202212201915,,2.6
202212201935,350.0,3.1
202212201950,0.0,0.0
202212202015,0.0,0.0
202212202025,0.0,0.0
202212211855,270.0,2.6
202212211915,,2.1
202212211935,,2.1
202212212015,,2.1
202212212035,220.0,1.5
202212212055,0.0,0.0
202212212110,0.0,0.0
202212212155,0.0,0.0
202212212215,0.0,0.0
202212212235,0.0,0.0
202212212255,0.0,0.0
202212212315,0.0,0.0
202212212330,0.0,0.0
202212212355,0.0,0.0
202212220015,0.0,0.0
202212220035,0.0,0.0
202212220050,0.0,0.0
202212220115,0.0,0.0
202212220135,0.0,0.0
202212220155,0.0,0.0
202212220215,0.0,0.0
202212220235,0.0,0.0
202212220255,0.0,0.0
202212220315,0.0,0.0
202212220335,0.0,0.0
202212220355,0.0,0.0
202212220415,0.0,0.0
202212231615,320.0,4.6
202212231625,310.0,4.6
202212261915,0.0,0.0
202212261935,0.0,0.0
202212261955,220.0,4.1
202212262015,200.0,3.1
202212262035,,2.1
202212262045,220.0,3.1
202212282015,150.0,3.1
202212282035,210.0,5.1
202212282055,200.0,4.1
202212282115,200.0,3.6
202212282135,200.0,3.6
202212282155,200.0,4.6
202212282215,200.0,2.6
202212282235,200.0,2.1
202212282255,0.0,0.0
202212282315,0.0,0.0
202212282335,0.0,0.0
202212282355,0.0,0.0
202212290015,0.0,0.0
202212290035,0.0,0.0
202212290110,0.0,0.0
202212290130,0.0,0.0
202212290155,0.0,0.0
202212290215,0.0,0.0
202212290235,0.0,0.0
202212290255,0.0,0.0
202212290315,0.0,0.0
202212290335,0.0,0.0
202212290355,0.0,0.0
202212290410,0.0,0.0
202212290435,220.0,1.5
202212290450,0.0,0.0
202212290515,0.0,0.0
202212290535,0.0,0.0
202212290555,0.0,0.0
202212290630,0.0,0.0
202212290655,0.0,0.0
202212290715,0.0,0.0
202212290735,0.0,0.0
202212290755,0.0,0.0
202212290815,0.0,0.0
202212290835,0.0,0.0
202212290855,0.0,0.0
202212290915,0.0,0.0
202212290935,0.0,0.0
202212290955,0.0,0.0
202212291010,0.0,0.0
202212291035,0.0,0.0
202212291055,0.0,0.0
202212291110,0.0,0.0
202212291135,0.0,0.0
202212291155,0.0,0.0
202212291215,0.0,0.0
202212291235,0.0,0.0
202212291250,0.0,0.0
202212291315,0.0,0.0
202212291335,0.0,0.0
202212291355,0.0,0.0
202212291415,0.0,0.0
202212291435,290.0,1.5
202212291455,220.0,2.6
202212291515,220.0,3.1
202212291535,160.0,2.6
202212291555,,2.1
202212291615,220.0,3.6
202212291635,210.0,2.6
202212291655,180.0,3.1
202212291715,,2.6
202212291730,210.0,5.1
202212291755,190.0,4.6
202212291815,200.0,3.6
202212291850,200.0,3.6
202212291915,210.0,6.7
202212291935,190.0,6.7
202212291955,190.0,3.6
202212292015,210.0,6.7
202212292035,190.0,3.6
202212292055,210.0,5.1
202212292115,200.0,3.6
202212292135,190.0,4.6
202212292155,200.0,4.6
202212292215,200.0,2.6
202212292235,200.0,2.1
202212292255,200.0,2.1
202212292315,190.0,2.6
202212292335,,2.6
202212292355,,2.1
202212300015,,2.1
202212300035,0.0,0.0
202212300055,160.0,1.5
202212300115,180.0,1.5
202212300135,0.0,0.0
202212300155,0.0,0.0
202212300215,0.0,0.0
202212300230,0.0,0.0
202212300255,0.0,0.0
202212300330,0.0,0.0
202212301835,200.0,5.7
202212301855,170.0,5.1
202212301915,180.0,5.1
202212301955,180.0,3.6
202212302015,180.0,3.6
202212302035,200.0,5.1
202212302055,,2.6
202212302115,150.0,2.6
202212302135,170.0,2.1
202212302155,180.0,1.5
202212302215,0.0,0.0
202212302235,200.0,2.1
202212302255,180.0,2.1
202212302315,0.0,0.0
202212302335,150.0,2.1
202212302355,160.0,1.5
202212310035,0.0,0.0
202212310055,0.0,0.0
202212310115,0.0,0.0
202212310135,0.0,0.0
202212310155,0.0,0.0
202212310215,0.0,0.0
202212310235,0.0,0.0
202212310255,0.0,0.0
202212310315,0.0,0.0
202212310355,,2.6
202212310415,,2.1
202212310435,170.0,2.6
202212310455,,3.1
202212310515,190.0,6.7
202212310535,200.0,6.2
202212310550,190.0,5.1
202212310615,190.0,4.1
202212310635,200.0,3.6
202212310655,210.0,3.1
202212310715,210.0,3.6
202212310735,210.0,3.1
202212310755,200.0,3.1
202212310835,200.0,4.1
202212310855,210.0,2.6
202212310915,220.0,2.1
202212310935,220.0,2.1
202212310955,0.0,0.0
202212311015,230.0,3.1
202212311035,220.0,2.1
202212311050,230.0,2.6
202212311115,220.0,2.6
202212311135,230.0,3.1
202212311155,220.0,2.6
202212311215,230.0,3.1
202212311235,210.0,3.1
202212311255,200.0,4.1
202212311315,,3.1
202212311335,210.0,3.6
202212311355,200.0,3.6
202212311415,,3.1
202212311435,200.0,4.6
202212311455,200.0,5.1
202212311515,210.0,4.6
202212311530,210.0,4.6
202212311555,210.0,3.1
202212311615,210.0,3.6
202212311635,210.0,4.1
202212311655,210.0,3.1
202212311715,200.0,3.1
202212311735,220.0,3.6
202212311755,,2.6
