timestamp string,wind direction,wind speed
202201010015,230.0,2.1
202201010035,0.0,0.0
202201010055,0.0,0.0
202201010115,0.0,0.0
202201010135,240.0,1.5
202201010155,0.0,0.0
202201010215,0.0,0.0
202201010235,0.0,0.0
202201010255,0.0,0.0
202201010315,220.0,1.5
202201010335,0.0,0.0
202201010355,0.0,0.0
202201010415,210.0,1.5
202201010435,220.0,2.1
202201010455,210.0,1.5
202201010515,220.0,2.6
202201010535,210.0,2.1
202201010555,210.0,2.1
202201010635,200.0,3.1
202201010655,210.0,2.1
202201010715,200.0,3.6
202201010735,210.0,2.1
202201010755,220.0,2.6
202201010815,210.0,3.1
202201010835,230.0,3.6
202201010855,230.0,4.1
202201010915,230.0,3.1
202201010935,210.0,3.1
202201010955,210.0,4.1
202201011015,210.0,3.6
202201011035,210.0,3.1
202201011055,200.0,4.1
202201011115,200.0,2.6
202201011135,210.0,2.6
202201011155,200.0,3.6
202201011215,210.0,3.6
202201011235,200.0,4.1
202201011255,220.0,2.6
202201011315,220.0,2.1
202201011335,220.0,2.6
202201011355,210.0,2.6
202201011415,200.0,3.1
202201011435,210.0,2.6
202201011455,200.0,3.1
202201011515,210.0,4.1
202201011535,200.0,4.1
202201011555,210.0,3.6
202201011615,210.0,3.6
202201011635,220.0,5.1
202201011655,190.0,3.6
202201011715,210.0,3.1
202201011735,210.0,3.6
202201011755,210.0,3.6
202201011815,210.0,4.6
202201011835,220.0,5.1
202201011855,220.0,4.1
202201011915,210.0,5.1
202201011935,210.0,3.1
202201011955,220.0,4.6
202201012015,200.0,5.1
202201012035,230.0,7.2
202201012055,210.0,5.7
202201012115,210.0,4.6
202201012135,210.0,5.7
202201012155,210.0,3.1
202201012215,210.0,3.1
202201012235,190.0,3.6
202201012315,200.0,2.6
202201012335,190.0,5.1
202201012355,240.0,2.6
202201020015,260.0,4.6
202201020035,210.0,2.6
202201020055,200.0,2.6
202201020115,200.0,4.1
202201020135,190.0,3.1
202201020155,200.0,2.6
202201020215,190.0,2.6
202201020235,190.0,4.1
202201020255,210.0,3.6
202201020315,220.0,4.1
202201020335,220.0,4.1
202201020355,210.0,5.7
202201020415,220.0,4.6
202201020435,220.0,4.1
202201020455,230.0,2.6
202201020515,220.0,1.5
202201020535,220.0,4.6
202201020555,210.0,2.1
202201020615,350.0,5.1
202201020635,70.0,2.6
202201020655,60.0,2.6
202201020715,0.0,0.0
202201020735,0.0,0.0
202201020755,0.0,0.0
202201020815,0.0,0.0
202201020835,,1.5
202201020855,0.0,0.0
202201020915,0.0,0.0
202201020935,0.0,0.0
202201020955,0.0,0.0
202201021015,0.0,0.0
202201021035,0.0,0.0
202201021055,0.0,0.0
202201021135,0.0,0.0
202201021155,0.0,0.0
202201021215,0.0,0.0
202201021235,0.0,0.0
202201021255,0.0,0.0
202201021315,0.0,0.0
202201021335,0.0,0.0
202201021355,0.0,0.0
202201021415,0.0,0.0
202201021435,0.0,0.0
202201021455,0.0,0.0
202201021515,0.0,0.0
202201021535,0.0,0.0
202201021555,0.0,0.0
202201021615,170.0,1.5
202201021655,0.0,0.0
202201021715,0.0,0.0
202201021735,0.0,0.0
202201021755,0.0,0.0
202201021815,0.0,0.0
202201021835,0.0,0.0
202201021855,0.0,0.0
202201021915,0.0,0.0
202201021935,330.0,2.6
202201021955,330.0,2.6
202201022015,350.0,4.6
202201022035,350.0,3.1
202201022055,10.0,3.1
202201022115,10.0,4.6
202201022135,20.0,2.6
202201022155,20.0,4.6
202201022215,10.0,3.6
202201022235,350.0,3.6
202201022255,330.0,3.1
202201022315,30.0,3.6
202201022335,20.0,4.6
202201022355,30.0,4.1
202201030015,20.0,2.6
202201030035,30.0,4.1
202201030115,30.0,5.1
202201030135,20.0,6.7
202201030155,10.0,5.7
202201030215,10.0,5.7
202201030235,10.0,5.1
202201030255,350.0,5.1
202201030315,350.0,4.6
202201030335,350.0,5.7
202201030355,,5.7
202201030415,,5.7
202201030435,350.0,4.6
202201030455,10.0,6.2
202201030515,,5.1
202201030535,330.0,4.1
202201030555,340.0,6.2
202201030615,330.0,5.7
202201030635,350.0,5.7
202201030655,,7.7
202201030715,340.0,5.7
202201030735,350.0,6.7
202201030755,350.0,4.1
202201030815,350.0,4.1
202201030835,,4.1
202201030855,,5.7
202201030915,350.0,5.7
202201030935,,4.6
202201030955,10.0,5.7
202201031015,350.0,3.6
202201031035,350.0,5.7
202201031055,350.0,6.2
202201031115,340.0,5.7
202201031135,350.0,6.7
202201031155,,5.1
202201031215,350.0,3.6
202201031235,350.0,3.6
202201031255,350.0,3.1
202201031315,350.0,3.1
202201031335,350.0,3.6
202201031355,350.0,3.1
202201031415,,3.6
202201031435,,5.7
202201031455,20.0,4.1
202201031515,,3.6
202201031535,350.0,4.6
202201031555,350.0,5.1
202201031635,10.0,4.1
202201031655,350.0,4.1
202201031735,350.0,4.1
202201031755,330.0,3.1
202201031815,340.0,3.6
202201031835,340.0,3.6
202201031855,350.0,3.6
202201031915,,3.6
202201031935,20.0,3.1
202201031955,,4.1
202201032015,330.0,3.1
202201032035,320.0,3.1
202201032055,330.0,2.6
202201032115,350.0,3.1
202201032135,,4.1
202201032155,340.0,2.6
202201032215,,3.1
202201032235,340.0,2.6
202201032255,,2.6
202201032315,10.0,2.6
202201032335,,2.1
202201032355,10.0,3.1
202201040015,10.0,2.1
202201040035,10.0,2.6
202201040055,,3.1
202201040115,10.0,2.6
202201040135,10.0,2.6
202201040155,10.0,2.6
202201040215,20.0,2.6
202201040235,20.0,2.6
202201040255,20.0,2.1
202201040315,30.0,2.1
202201040335,20.0,2.6
202201040355,30.0,1.5
202201040415,10.0,2.6
202201040435,20.0,2.6
202201040455,20.0,2.6
202201040515,10.0,2.6
202201040535,10.0,2.6
202201040555,20.0,3.1
202201040615,20.0,2.6
202201040635,10.0,2.1
202201040655,10.0,2.6
202201040715,10.0,3.1
202201040735,20.0,3.1
202201040755,30.0,2.1
202201040815,0.0,0.0
202201040835,20.0,2.1
202201040855,20.0,1.5
202201040910,40.0,1.5
202201040935,10.0,2.6
202201040955,10.0,1.5
202201041015,10.0,2.1
202201041035,10.0,1.5
202201041055,10.0,2.1
202201041115,20.0,2.6
202201041135,10.0,2.6
202201041155,10.0,1.5
202201041215,0.0,0.0
202201041235,0.0,0.0
202201041255,0.0,0.0
202201041315,0.0,0.0
202201041335,0.0,0.0
202201041355,0.0,0.0
202201041415,0.0,0.0
202201041435,0.0,0.0
202201041455,0.0,0.0
202201041515,0.0,0.0
202201041535,0.0,0.0
202201041555,170.0,2.6
202201041615,210.0,1.5
202201041635,180.0,3.1
202201041655,190.0,4.1
202201041715,160.0,2.1
202201041735,180.0,3.1
202201041755,170.0,4.1
202201041815,150.0,1.5
202201041835,170.0,3.1
202201041855,160.0,5.1
202201041915,190.0,4.6
202201041935,190.0,3.1
202201041955,180.0,3.6
202201042015,200.0,3.6
202201042035,180.0,2.6
202201042055,150.0,3.1
202201042115,170.0,3.1
202201042135,190.0,3.6
202201042155,190.0,4.6
202201042215,200.0,2.1
202201042255,180.0,2.1
202201042315,200.0,2.1
202201042335,180.0,2.1
202201042355,180.0,2.1
202201050015,200.0,2.6
202201050035,190.0,2.6
202201050055,190.0,4.1
202201050115,190.0,3.6
202201050135,190.0,2.1
202201050155,180.0,2.6
202201050215,190.0,3.1
202201050235,190.0,3.1
202201050255,190.0,3.6
202201050315,200.0,4.1
202201050335,190.0,4.1
202201050355,200.0,3.6
202201050415,180.0,4.6
202201050435,200.0,3.6
202201050455,190.0,2.6
202201050515,210.0,1.5
202201050535,190.0,2.6
202201050555,210.0,3.1
202201050615,210.0,3.1
202201050635,200.0,3.1
202201050655,200.0,3.6
202201050715,220.0,3.1
202201050735,230.0,3.6
202201050755,210.0,2.6
202201050815,210.0,2.6
202201050835,220.0,2.1
202201050855,220.0,1.5
202201050915,220.0,2.1
202201050935,220.0,2.1
202201050955,210.0,2.1
202201051015,220.0,2.1
202201051035,230.0,2.6
202201051055,220.0,2.1
202201051115,220.0,2.1
202201051135,220.0,1.5
202201051155,210.0,2.1
202201051215,200.0,1.5
202201051235,0.0,0.0
202201051255,0.0,0.0
202201051315,240.0,1.5
202201051335,210.0,1.5
202201051355,220.0,2.1
202201051415,200.0,2.6
202201051435,200.0,3.6
202201051455,210.0,2.6
202201051515,210.0,2.1
202201051535,210.0,4.1
202201051555,210.0,3.6
202201051615,210.0,3.1
202201051635,220.0,2.6
202201051655,210.0,2.6
202201051715,210.0,2.6
202201051735,250.0,3.1
202201051755,210.0,3.1
202201051815,220.0,3.1
202201051855,260.0,3.6
202201051915,240.0,2.6
202201051935,290.0,1.5
202201051955,250.0,2.1
202201052015,270.0,2.6
202201052035,260.0,3.6
202201052055,220.0,2.6
202201052115,210.0,3.6
202201052135,210.0,3.1
202201052155,210.0,3.1
202201052215,0.0,0.0
202201052235,0.0,0.0
202201052255,0.0,0.0
202201052315,0.0,0.0
202201052335,0.0,0.0
202201052355,0.0,0.0
202201060015,0.0,0.0
202201060035,0.0,0.0
202201060055,0.0,0.0
202201060115,0.0,0.0
202201060135,0.0,0.0
202201060155,0.0,0.0
202201060215,0.0,0.0
202201060235,0.0,0.0
202201060255,0.0,0.0
202201060315,0.0,0.0
202201060335,0.0,0.0
202201060355,0.0,0.0
202201060415,0.0,0.0
202201060435,0.0,0.0
202201060455,0.0,0.0
202201060515,0.0,0.0
202201060535,0.0,0.0
202201060555,0.0,0.0
202201060615,0.0,0.0
202201060635,0.0,0.0
202201060715,0.0,0.0
202201060735,0.0,0.0
202201060755,0.0,0.0
202201060815,0.0,0.0
202201060835,0.0,0.0
202201060855,0.0,0.0
202201060915,20.0,1.5
202201060935,0.0,0.0
202201060955,0.0,0.0
202201061015,0.0,0.0
202201061035,10.0,2.1
202201061055,0.0,0.0
202201061135,0.0,0.0
202201061155,0.0,0.0
202201061215,0.0,0.0
202201061235,0.0,0.0
202201061255,0.0,0.0
202201061315,0.0,0.0
202201061335,0.0,0.0
202201061355,0.0,0.0
202201061415,0.0,0.0
202201061435,0.0,0.0
202201061455,50.0,1.5
202201061515,40.0,2.6
202201061535,60.0,1.5
202201061555,10.0,1.5
202201061615,10.0,2.6
202201061635,0.0,0.0
202201061655,0.0,0.0
202201061715,0.0,0.0
202201061735,10.0,1.5
202201061815,340.0,2.1
202201061835,0.0,0.0
202201061915,30.0,2.1
202201061935,0.0,0.0
202201061955,40.0,1.5
202201062015,30.0,3.1
202201062035,30.0,2.6
202201062055,30.0,2.1
202201062115,,3.6
202201062135,10.0,3.6
202201062155,10.0,4.1
202201062215,20.0,2.1
202201062235,20.0,3.1
202201062255,,3.1
202201062315,10.0,3.6
202201062335,330.0,2.6
202201070015,,2.6
202201070035,20.0,3.1
202201070055,350.0,3.6
202201070115,,4.6
202201070135,,3.1
202201070155,350.0,2.6
202201070215,20.0,3.1
202201070235,,3.6
202201070255,350.0,4.1
202201070315,350.0,4.1
202201070335,350.0,4.6
202201070355,,3.1
202201070415,330.0,3.6
202201070435,330.0,3.1
202201070455,340.0,3.1
202201070515,340.0,3.6
202201070535,20.0,1.5
202201070555,,2.1
202201070615,,1.5
202201070655,,3.1
202201070715,,4.1
202201070735,40.0,2.1
202201070755,,3.1
202201070815,10.0,4.1
202201070835,340.0,2.6
202201070855,350.0,4.1
202201070915,330.0,2.6
202201070955,20.0,3.1
202201071015,10.0,2.1
202201071055,,3.1
202201071115,10.0,3.6
202201071135,20.0,2.6
202201071155,10.0,3.1
202201071215,350.0,4.6
202201071235,,4.6
202201071255,,3.1
202201071315,310.0,2.1
202201071335,330.0,3.1
202201071355,,2.6
202201071415,,3.1
202201071435,10.0,4.6
202201071455,10.0,3.1
202201071515,10.0,3.6
202201071535,20.0,3.6
202201071555,10.0,5.7
202201071615,30.0,2.1
202201071635,40.0,3.1
202201071655,40.0,2.1
202201071715,40.0,3.6
202201071735,70.0,3.1
202201071755,50.0,2.6
202201071835,50.0,3.6
202201071855,50.0,3.1
202201071915,20.0,4.1
202201071935,70.0,3.6
202201071955,60.0,2.6
202201072015,30.0,2.6
202201072035,340.0,1.5
202201072055,10.0,2.1
202201072115,30.0,1.5
202201072135,,2.1
202201072155,,2.1
202201072215,10.0,2.1
202201072235,10.0,2.1
202201072255,20.0,1.5
202201072315,10.0,2.1
202201072335,0.0,0.0
202201072355,0.0,0.0
202201080015,0.0,0.0
202201080035,0.0,0.0
202201080055,0.0,0.0
202201080115,0.0,0.0
202201080135,0.0,0.0
202201080155,0.0,0.0
202201080215,0.0,0.0
202201080235,0.0,0.0
202201080255,0.0,0.0
202201080315,0.0,0.0
202201080335,0.0,0.0
202201080355,0.0,0.0
202201080415,0.0,0.0
202201080435,0.0,0.0
202201080455,0.0,0.0
202201080515,0.0,0.0
202201080535,0.0,0.0
202201080555,0.0,0.0
202201080615,0.0,0.0
202201080635,0.0,0.0
202201080655,0.0,0.0
202201080715,0.0,0.0
202201080735,0.0,0.0
202201080755,0.0,0.0
202201080815,0.0,0.0
202201080835,0.0,0.0
202201080855,0.0,0.0
202201080915,60.0,1.5
202201080935,0.0,0.0
202201080955,0.0,0.0
202201081015,0.0,0.0
202201081035,0.0,0.0
202201081055,0.0,0.0
202201081115,0.0,0.0
202201081135,0.0,0.0
202201081155,0.0,0.0
202201081215,0.0,0.0
202201081235,0.0,0.0
202201081255,0.0,0.0
202201081315,0.0,0.0
202201081335,0.0,0.0
202201081355,0.0,0.0
202201081415,0.0,0.0
202201081435,0.0,0.0
202201081455,0.0,0.0
202201081515,220.0,1.5
202201081535,250.0,2.1
202201081555,240.0,2.1
202201081615,0.0,0.0
202201081635,240.0,2.1
202201081655,200.0,3.6
202201081715,160.0,2.6
202201081755,200.0,2.1
202201081815,160.0,2.1
202201081835,170.0,2.1
202201081855,170.0,2.6
202201081915,150.0,3.1
202201081935,160.0,2.6
202201081955,160.0,3.1
202201082015,190.0,4.1
202201082035,190.0,4.1
202201082055,160.0,2.1
202201082115,160.0,2.6
202201082135,190.0,3.6
202201082215,180.0,3.1
202201082235,160.0,2.1
202201082255,190.0,3.1
202201082335,210.0,3.1
202201082355,190.0,2.6
202201090015,190.0,1.5
202201090035,200.0,2.6
202201090055,200.0,2.6
202201090115,190.0,3.1
202201090135,200.0,5.7
202201090155,190.0,3.1
202201090255,200.0,3.6
202201090315,190.0,3.6
202201090335,200.0,3.6
202201090355,180.0,5.7
202201090415,180.0,2.6
202201090435,180.0,2.6
202201090455,180.0,3.1
202201090515,190.0,3.1
202201090535,200.0,3.1
202201090555,200.0,3.6
202201090615,210.0,3.6
202201090635,200.0,3.1
202201090655,200.0,2.6
202201090715,190.0,3.1
202201090735,190.0,3.6
202201090755,200.0,3.1
202201090835,200.0,2.6
202201090855,190.0,2.1
202201090915,200.0,1.5
202201090935,200.0,1.5
202201090955,210.0,3.1
202201091035,200.0,2.6
202201091055,210.0,1.5
202201091115,210.0,2.6
202201091135,200.0,3.1
202201091155,190.0,1.5
202201091215,200.0,1.5
202201091235,0.0,0.0
202201091315,230.0,2.6
202201091335,210.0,2.1
202201091355,200.0,1.5
202201091415,200.0,2.1
202201091435,200.0,2.1
202201091455,200.0,2.1
202201091515,220.0,2.1
202201091535,200.0,2.6
202201091555,200.0,2.6
202201091615,200.0,3.1
202201091635,210.0,2.6
202201091655,200.0,3.1
202201091715,200.0,2.6
202201091735,210.0,2.1
202201091755,210.0,2.6
202201091815,210.0,3.1
202201091835,230.0,2.6
202201091855,240.0,2.1
202201091915,230.0,3.6
202201091935,0.0,0.0
202201091955,0.0,0.0
202201092015,0.0,0.0
202201092035,0.0,0.0
202201092055,200.0,1.5
202201092115,220.0,1.5
202201092135,0.0,0.0
202201092155,20.0,2.6
202201092215,60.0,1.5
202201092235,50.0,1.5
202201092255,0.0,0.0
202201092315,40.0,2.1
202201092335,0.0,0.0
202201092355,40.0,1.5
202201100015,30.0,1.5
202201100035,30.0,2.1
202201100055,20.0,4.1
202201100115,10.0,5.1
202201100135,20.0,4.6
202201100155,20.0,5.7
202201100215,10.0,4.6
202201100235,20.0,9.3
202201100255,20.0,7.2
202201100315,20.0,8.7
202201100335,20.0,7.2
202201100355,20.0,6.7
202201100415,10.0,7.2
202201100435,20.0,6.7
202201100455,10.0,5.7
202201100515,20.0,5.7
202201100555,20.0,3.1
202201100615,10.0,4.6
202201100635,10.0,5.1
202201100655,10.0,5.1
202201100715,10.0,5.1
202201100735,20.0,4.6
202201100755,10.0,5.7
202201100815,20.0,5.1
202201100835,20.0,5.1
202201100855,20.0,6.2
202201100935,20.0,5.1
202201100955,20.0,6.2
202201101015,10.0,4.6
202201101035,20.0,4.6
202201101055,20.0,4.6
202201101115,20.0,5.7
202201101135,10.0,4.6
202201101155,20.0,5.7
202201101215,20.0,6.2
202201101235,10.0,5.1
202201101255,20.0,4.6
202201101315,10.0,2.6
202201101335,20.0,2.6
202201101355,30.0,2.6
202201101415,30.0,4.1
202201101435,30.0,4.1
202201101455,20.0,5.1
202201101515,30.0,5.1
202201101535,20.0,4.6
202201101555,20.0,4.6
202201101615,30.0,6.2
202201101635,40.0,5.7
202201101655,40.0,4.6
202201101715,20.0,5.7
202201101735,40.0,3.1
202201101755,20.0,5.1
202201101815,30.0,4.6
202201101835,20.0,4.1
202201101915,10.0,4.6
202201101935,10.0,4.1
202201101955,10.0,4.1
202201102015,340.0,4.6
202201102035,10.0,4.1
202201102055,10.0,4.1
202201102115,20.0,5.7
202201102135,10.0,5.7
202201102155,,5.1
202201102215,,4.1
202201102235,10.0,3.6
202201102315,350.0,2.1
202201102335,330.0,4.1
202201102355,340.0,4.1
202201110015,350.0,2.6
202201110035,10.0,2.1
202201110055,20.0,2.6
202201110135,10.0,1.5
202201110155,10.0,1.5
202201110215,,2.6
202201110235,,3.6
202201110255,,3.1
202201110315,350.0,4.6
202201110335,,3.1
202201110355,10.0,4.1
202201110415,30.0,4.1
202201110435,10.0,4.1
202201110455,10.0,3.1
202201110515,10.0,4.1
202201110535,30.0,2.6
202201110555,10.0,2.1
202201110615,350.0,2.6
202201110635,20.0,3.1
202201110655,10.0,3.1
202201110715,0.0,0.0
202201110755,0.0,0.0
202201110815,0.0,0.0
202201110835,0.0,0.0
202201110855,0.0,0.0
202201110915,30.0,2.1
202201110935,40.0,2.6
202201110955,30.0,2.6
202201111015,40.0,1.5
202201111035,0.0,0.0
202201111055,0.0,0.0
202201111115,0.0,0.0
202201111135,0.0,0.0
202201111155,10.0,2.6
202201111215,10.0,2.1
202201111235,0.0,0.0
202201111255,0.0,0.0
202201111315,0.0,0.0
202201111335,40.0,1.5
202201111355,20.0,3.1
202201111415,20.0,2.6
202201111455,50.0,3.6
202201111515,30.0,2.6
202201111535,20.0,2.6
202201111555,40.0,2.1
202201111615,0.0,0.0
202201111635,20.0,2.1
202201111655,0.0,0.0
202201111715,20.0,2.1
202201111735,0.0,0.0
202201111755,350.0,1.5
202201111815,30.0,2.6
202201111835,60.0,2.1
202201111855,0.0,0.0
202201111915,60.0,1.5
202201111935,10.0,2.1
202201111955,40.0,2.6
202201112015,40.0,2.6
202201112035,30.0,2.6
202201112055,60.0,2.1
202201112115,50.0,1.5
202201112135,70.0,2.6
202201112155,50.0,2.1
202201112235,60.0,1.5
202201112255,0.0,0.0
202201112315,0.0,0.0
202201112335,0.0,0.0
202201112355,0.0,0.0
202201120015,0.0,0.0
202201120035,0.0,0.0
202201120055,0.0,0.0
202201120115,0.0,0.0
202201120135,0.0,0.0
202201120155,0.0,0.0
202201120215,0.0,0.0
202201120235,0.0,0.0
202201120255,0.0,0.0
202201120315,0.0,0.0
202201120335,0.0,0.0
202201120355,0.0,0.0
202201120415,0.0,0.0
202201120435,0.0,0.0
202201120455,0.0,0.0
202201120515,0.0,0.0
202201120535,0.0,0.0
202201120555,0.0,0.0
202201120635,0.0,0.0
202201120655,0.0,0.0
202201120715,0.0,0.0
202201120735,0.0,0.0
202201120755,0.0,0.0
202201120815,0.0,0.0
202201120855,0.0,0.0
202201120915,0.0,0.0
202201120935,0.0,0.0
202201120955,0.0,0.0
202201121015,0.0,0.0
202201121035,0.0,0.0
202201121055,0.0,0.0
202201121115,0.0,0.0
202201121135,0.0,0.0
202201121155,0.0,0.0
202201121215,0.0,0.0
202201121235,0.0,0.0
202201121255,0.0,0.0
202201121315,0.0,0.0
202201121335,0.0,0.0
202201121355,250.0,1.5
202201121415,0.0,0.0
202201121435,0.0,0.0
202201121455,220.0,1.5
202201121615,200.0,3.6
202201121635,220.0,3.1
202201121655,210.0,2.6
202201121715,190.0,3.1
202201121755,230.0,5.1
202201121815,190.0,3.1
202201121855,240.0,3.6
202201121915,190.0,3.1
202201121935,230.0,3.6
202201121955,220.0,3.6
202201122015,230.0,2.6
202201122035,200.0,2.1
202201122055,210.0,3.1
202201122115,210.0,3.1
202201122135,200.0,2.1
202201122155,210.0,2.1
202201122215,200.0,1.5
202201122235,200.0,2.1
202201122255,0.0,0.0
202201122315,0.0,0.0
202201122335,0.0,0.0
202201122355,0.0,0.0
202201130015,0.0,0.0
202201130035,0.0,0.0
202201130055,0.0,0.0
202201130115,0.0,0.0
202201130135,0.0,0.0
202201130155,0.0,0.0
202201130215,0.0,0.0
202201130235,0.0,0.0
202201130255,0.0,0.0
202201130315,0.0,0.0
202201130335,0.0,0.0
202201130355,0.0,0.0
202201130415,0.0,0.0
202201130435,0.0,0.0
202201130455,0.0,0.0
202201130515,0.0,0.0
202201130535,0.0,0.0
202201130555,0.0,0.0
202201130615,0.0,0.0
202201130635,0.0,0.0
202201130655,0.0,0.0
202201130715,0.0,0.0
202201130755,0.0,0.0
202201130815,0.0,0.0
202201130835,0.0,0.0
202201130855,0.0,0.0
202201130915,0.0,0.0
202201130935,260.0,1.5
202201130955,240.0,2.1
202201131015,240.0,2.6
202201131035,190.0,1.5
202201131055,270.0,2.1
202201131115,250.0,1.5
202201131135,240.0,1.5
202201131155,0.0,0.0
202201131215,250.0,1.5
202201131235,0.0,0.0
202201131255,0.0,0.0
202201131315,0.0,0.0
202201131335,0.0,0.0
202201131355,0.0,0.0
202201131415,240.0,1.5
202201131435,0.0,0.0
202201131455,200.0,1.5
202201131555,220.0,1.5
202201131615,210.0,1.5
202201131635,210.0,2.1
202201131655,200.0,3.1
202201131715,220.0,2.1
202201131735,210.0,1.5
202201131755,190.0,2.1
202201131835,0.0,0.0
202201131915,0.0,0.0
202201131935,290.0,2.6
202201131955,0.0,0.0
202201132035,320.0,2.6
202201132055,310.0,3.6
202201132135,310.0,1.5
202201132155,330.0,2.6
202201132215,300.0,2.6
202201132235,320.0,2.6
202201132255,330.0,2.1
202201132315,330.0,2.1
202201132335,350.0,4.1
202201132355,,4.1
202201140015,,3.1
202201140035,20.0,3.1
202201140055,30.0,1.5
202201140115,0.0,0.0
202201140255,70.0,1.5
202201140315,60.0,1.5
202201140355,0.0,0.0
202201140415,20.0,2.6
202201140435,60.0,1.5
202201140455,0.0,0.0
202201140515,20.0,1.5
202201140535,20.0,1.5
202201140555,80.0,1.5
202201140615,50.0,2.1
202201140635,40.0,2.6
202201140655,30.0,1.5
202201140715,40.0,1.5
202201140735,20.0,1.5
202201140755,10.0,2.1
202201140815,20.0,1.5
202201140835,0.0,0.0
202201140855,0.0,0.0
202201140915,0.0,0.0
202201140935,0.0,0.0
202201140955,0.0,0.0
202201141015,0.0,0.0
202201141035,0.0,0.0
202201141055,0.0,0.0
202201141155,0.0,0.0
202201141235,0.0,0.0
202201141255,0.0,0.0
202201141315,0.0,0.0
202201141335,0.0,0.0
202201141355,0.0,0.0
202201141415,0.0,0.0
202201141435,0.0,0.0
202201141455,60.0,1.5
202201141535,30.0,3.6
202201141555,30.0,4.1
202201141615,20.0,3.6
202201141635,40.0,2.6
202201141655,20.0,3.1
202201141715,40.0,2.6
202201141735,50.0,3.1
202201141755,10.0,3.6
202201141815,30.0,2.6
202201141835,50.0,1.5
202201141855,20.0,2.6
202201141935,60.0,2.6
202201141955,60.0,2.1
202201142015,30.0,2.6
202201142035,40.0,3.1
202201142055,30.0,3.1
202201142115,60.0,2.1
202201142135,60.0,2.6
202201142155,20.0,1.5
202201142215,20.0,2.1
202201142235,50.0,2.1
202201142255,0.0,0.0
202201142315,0.0,0.0
202201142335,0.0,0.0
202201142355,0.0,0.0
202201150015,0.0,0.0
202201150035,0.0,0.0
202201150055,0.0,0.0
202201150115,0.0,0.0
202201150135,0.0,0.0
202201150155,0.0,0.0
202201150215,0.0,0.0
202201150235,0.0,0.0
202201150255,0.0,0.0
202201150315,0.0,0.0
202201150335,0.0,0.0
202201150355,0.0,0.0
202201150435,10.0,1.5
202201150455,0.0,0.0
202201150515,0.0,0.0
202201150535,0.0,0.0
202201150555,0.0,0.0
202201150615,0.0,0.0
202201150635,0.0,0.0
202201150655,0.0,0.0
202201150715,0.0,0.0
202201150755,0.0,0.0
202201150815,0.0,0.0
202201150835,0.0,0.0
202201150855,60.0,1.5
202201150915,50.0,1.5
202201150935,60.0,2.1
202201150955,10.0,1.5
202201151015,350.0,1.5
202201151035,0.0,0.0
202201151055,0.0,0.0
202201151115,0.0,0.0
202201151135,0.0,0.0
202201151155,0.0,0.0
202201151215,0.0,0.0
202201151235,0.0,0.0
202201151255,0.0,0.0
202201151315,0.0,0.0
202201151335,0.0,0.0
202201151355,0.0,0.0
202201151415,0.0,0.0
202201151435,0.0,0.0
202201151455,0.0,0.0
202201151515,0.0,0.0
202201151535,60.0,1.5
202201151555,0.0,0.0
202201151615,0.0,0.0
202201151635,0.0,0.0
202201151655,30.0,1.5
202201151715,10.0,2.1
202201151735,30.0,2.6
202201151755,20.0,2.6
202201151815,20.0,1.5
202201151855,0.0,0.0
202201151915,0.0,0.0
202201151935,20.0,2.1
202201151955,40.0,1.5
202201152015,20.0,3.1
202201152035,20.0,2.1
202201152055,0.0,0.0
202201152115,0.0,0.0
202201152135,30.0,2.1
202201152155,10.0,2.1
202201152215,10.0,2.1
202201152235,10.0,1.5
202201152255,20.0,2.1
202201152315,10.0,1.5
202201152335,0.0,0.0
202201152355,0.0,0.0
202201160015,0.0,0.0
202201160035,40.0,1.5
202201160055,20.0,2.1
202201160115,10.0,1.5
202201160135,30.0,1.5
202201160155,0.0,0.0
202201160215,0.0,0.0
202201160235,0.0,0.0
202201160255,0.0,0.0
202201160335,0.0,0.0
202201160355,0.0,0.0
202201160415,0.0,0.0
202201160435,0.0,0.0
202201160455,0.0,0.0
202201160515,0.0,0.0
202201160535,0.0,0.0
202201160555,0.0,0.0
202201160615,0.0,0.0
202201160635,0.0,0.0
202201160655,0.0,0.0
202201160715,0.0,0.0
202201160735,0.0,0.0
202201160755,60.0,2.1
202201160815,70.0,2.1
202201160835,100.0,3.1
202201160855,80.0,2.1
202201160915,80.0,2.6
202201160935,70.0,2.6
202201160955,60.0,2.1
202201161015,30.0,2.1
202201161055,10.0,3.1
202201161115,30.0,2.6
202201161135,30.0,3.6
202201161155,40.0,3.1
202201161215,30.0,3.1
202201161235,20.0,3.6
202201161255,20.0,1.5
202201161315,20.0,3.1
202201161335,10.0,4.1
202201161355,0.0,0.0
202201161415,0.0,0.0
202201161435,0.0,0.0
202201161455,0.0,0.0
202201161515,350.0,2.1
202201161535,330.0,1.5
202201161555,0.0,0.0
202201161615,0.0,0.0
202201161635,0.0,0.0
202201161655,0.0,0.0
202201161715,0.0,0.0
202201161735,0.0,0.0
202201161755,240.0,1.5
202201161815,210.0,1.5
202201161835,0.0,0.0
202201161855,0.0,0.0
202201161935,0.0,0.0
202201161955,0.0,0.0
202201162015,0.0,0.0
202201162035,230.0,1.5
202201162055,240.0,1.5
202201162115,0.0,0.0
202201162135,0.0,0.0
202201162155,0.0,0.0
202201162215,210.0,1.5
202201162235,220.0,1.5
202201162255,0.0,0.0
202201162315,0.0,0.0
202201162335,250.0,1.5
202201162355,0.0,0.0
202201170015,290.0,3.1
202201170035,0.0,0.0
202201170055,0.0,0.0
202201170115,0.0,0.0
202201170135,350.0,2.1
202201170155,320.0,2.1
202201170215,10.0,3.6
202201170235,0.0,0.0
202201170255,0.0,0.0
202201170315,280.0,1.5
202201170335,0.0,0.0
202201170355,280.0,2.6
202201170415,280.0,1.5
202201170435,330.0,2.6
202201170455,280.0,2.1
202201170515,290.0,2.1
202201170535,330.0,2.1
202201170555,280.0,1.5
202201170615,290.0,2.6
202201170635,200.0,1.5
202201170655,0.0,0.0
202201170715,240.0,1.5
202201170735,260.0,1.5
202201170755,0.0,0.0
202201170815,0.0,0.0
202201170855,140.0,1.5
202201170915,0.0,0.0
202201170955,310.0,4.1
202201171015,320.0,6.2
202201171035,320.0,4.6
202201171055,300.0,3.6
202201171115,320.0,4.1
202201171135,310.0,3.6
202201171155,320.0,3.6
202201171215,330.0,3.1
202201171235,320.0,3.1
202201171255,310.0,3.1
202201171315,330.0,4.6
202201171335,320.0,3.1
202201171415,290.0,2.6
202201171435,280.0,3.1
202201171455,310.0,2.1
202201171515,300.0,3.6
202201171535,290.0,3.6
202201171555,320.0,2.6
202201171615,330.0,1.5
202201171635,0.0,0.0
202201171655,0.0,0.0
202201171715,,3.6
202201171735,350.0,1.5
202201171755,0.0,0.0
202201171815,320.0,4.6
202201171835,300.0,3.6
202201171855,330.0,1.5
202201171915,340.0,1.5
202201171955,290.0,2.1
202201172015,320.0,2.6
202201172035,310.0,2.1
202201172055,320.0,2.1
202201172115,290.0,4.6
202201172135,320.0,3.1
202201172155,310.0,3.6
202201172215,320.0,3.1
202201172235,0.0,0.0
202201172255,290.0,1.5
202201172315,10.0,2.1
202201172335,340.0,2.6
202201172355,0.0,0.0
202201180015,,2.6
202201180055,0.0,0.0
202201180115,300.0,3.1
202201180135,350.0,3.1
202201180155,350.0,2.6
202201180215,0.0,0.0
202201180235,0.0,0.0
202201180255,0.0,0.0
202201180315,330.0,1.5
202201180335,0.0,0.0
202201180355,0.0,0.0
202201180415,0.0,0.0
202201180435,0.0,0.0
202201180455,0.0,0.0
202201180535,0.0,0.0
202201180555,0.0,0.0
202201180615,0.0,0.0
202201180635,0.0,0.0
202201180655,0.0,0.0
202201180715,0.0,0.0
202201180735,0.0,0.0
202201180755,0.0,0.0
202201180815,0.0,0.0
202201180835,0.0,0.0
202201180855,0.0,0.0
202201180915,0.0,0.0
202201180935,0.0,0.0
202201180955,0.0,0.0
202201181015,0.0,0.0
202201181035,240.0,1.5
202201181055,0.0,0.0
202201181115,0.0,0.0
202201181135,0.0,0.0
202201181155,0.0,0.0
202201181215,0.0,0.0
202201181235,0.0,0.0
202201181255,0.0,0.0
202201181335,0.0,0.0
202201181355,0.0,0.0
202201181415,0.0,0.0
202201181435,0.0,0.0
202201181455,0.0,0.0
202201181515,0.0,0.0
202201181535,0.0,0.0
202201181555,0.0,0.0
202201181615,0.0,0.0
202201181635,,1.5
202201181655,0.0,0.0
202201181715,0.0,0.0
202201181755,0.0,0.0
202201181815,0.0,0.0
202201181835,0.0,0.0
202201181855,0.0,0.0
202201181915,0.0,0.0
202201181935,210.0,2.6
202201181955,0.0,0.0
202201182015,260.0,1.5
202201182035,240.0,2.6
202201182055,210.0,1.5
202201182115,0.0,0.0
202201182135,0.0,0.0
202201182155,0.0,0.0
202201182215,0.0,0.0
202201182235,0.0,0.0
202201182255,0.0,0.0
202201182315,0.0,0.0
202201182335,0.0,0.0
202201182355,0.0,0.0
202201190015,0.0,0.0
202201190035,0.0,0.0
202201190055,0.0,0.0
202201190115,0.0,0.0
202201190135,0.0,0.0
202201190155,0.0,0.0
202201190215,0.0,0.0
202201190235,0.0,0.0
202201190315,0.0,0.0
202201190335,0.0,0.0
202201190355,0.0,0.0
202201190415,0.0,0.0
202201190435,0.0,0.0
202201190455,0.0,0.0
202201190515,0.0,0.0
202201190535,0.0,0.0
202201190555,0.0,0.0
202201190615,0.0,0.0
202201190635,0.0,0.0
202201190655,0.0,0.0
202201190715,0.0,0.0
202201190755,0.0,0.0
202201190815,0.0,0.0
202201190835,0.0,0.0
202201190855,200.0,1.5
202201190915,0.0,0.0
202201190935,0.0,0.0
202201190955,0.0,0.0
202201191015,180.0,1.5
202201191035,0.0,0.0
202201191055,0.0,0.0
202201191115,0.0,0.0
202201191135,0.0,0.0
202201191155,0.0,0.0
202201191215,210.0,1.5
202201191235,210.0,1.5
202201191255,220.0,1.5
202201191315,220.0,2.1
202201191335,220.0,2.1
202201191355,210.0,1.5
202201191455,210.0,3.1
202201191515,210.0,2.6
202201191535,200.0,3.1
202201191555,210.0,3.6
202201191615,210.0,3.6
202201191635,220.0,4.6
202201191655,210.0,3.6
202201191715,200.0,3.6
202201191735,220.0,4.6
202201191755,200.0,4.1
202201191815,200.0,3.6
202201191835,210.0,4.6
202201191855,190.0,3.6
202201191915,200.0,4.1
202201191935,200.0,2.1
202201191955,220.0,3.6
202201192015,220.0,3.1
202201192035,210.0,2.6
202201192055,190.0,2.6
202201192115,200.0,3.1
202201192135,200.0,4.6
202201192155,180.0,2.1
202201192215,170.0,2.1
202201192235,180.0,3.6
202201192255,170.0,2.1
202201192315,160.0,2.6
202201192335,170.0,2.1
202201192355,170.0,2.1
202201200015,180.0,2.1
202201200035,170.0,2.6
202201200055,180.0,3.6
202201200115,190.0,2.6
202201200135,190.0,2.6
202201200155,180.0,3.1
202201200215,180.0,4.1
202201200235,180.0,5.1
202201200255,180.0,2.6
202201200315,190.0,4.1
202201200335,180.0,3.6
202201200355,190.0,2.6
202201200415,190.0,3.1
202201200435,180.0,3.1
202201200455,320.0,3.6
202201200515,0.0,0.0
202201200535,220.0,1.5
202201200615,190.0,2.1
202201200635,170.0,2.1
202201200655,0.0,0.0
202201200735,180.0,2.6
202201200755,190.0,2.1
202201200815,200.0,1.5
202201200835,220.0,1.5
202201200855,0.0,0.0
202201200915,290.0,1.5
202201200935,350.0,3.6
202201200955,10.0,3.6
202201201015,,2.6
202201201035,350.0,4.6
202201201055,10.0,4.1
202201201115,20.0,6.2
202201201135,30.0,4.1
202201201155,10.0,4.6
202201201215,20.0,4.1
202201201235,20.0,5.1
202201201255,20.0,3.6
202201201315,10.0,3.6
202201201355,10.0,4.6
202201201415,20.0,3.1
202201201455,20.0,5.1
202201201515,10.0,4.6
202201201535,20.0,5.1
202201201555,10.0,5.1
202201201615,10.0,6.7
202201201635,20.0,5.7
202201201655,10.0,4.1
202201201715,20.0,3.6
202201201735,10.0,5.1
202201201755,10.0,4.1
202201201815,10.0,4.6
202201201835,10.0,5.7
202201201855,20.0,4.6
202201201915,10.0,5.7
202201201935,,5.1
202201201955,20.0,6.2
202201202015,,4.1
202201202035,350.0,4.6
202201202055,20.0,5.1
202201202115,10.0,4.6
202201202135,10.0,6.2
202201202155,20.0,3.1
202201202215,20.0,6.7
202201202235,10.0,6.2
202201202255,10.0,3.1
202201202315,10.0,4.1
202201202335,20.0,4.6
202201202355,10.0,5.1
202201210015,10.0,6.2
202201210035,20.0,5.7
202201210055,10.0,4.6
202201210115,30.0,4.6
202201210135,20.0,4.1
202201210155,20.0,3.6
202201210215,20.0,6.2
202201210235,20.0,4.1
202201210315,20.0,5.1
202201210335,20.0,7.2
202201210355,20.0,5.7
202201210415,20.0,5.1
202201210435,10.0,4.6
202201210455,20.0,5.1
202201210515,20.0,5.1
202201210535,30.0,3.6
202201210555,20.0,5.1
202201210615,20.0,4.6
202201210635,20.0,4.1
202201210655,20.0,4.6
202201210715,20.0,4.1
202201210735,10.0,3.6
202201210755,10.0,5.1
202201210815,30.0,4.6
202201210835,30.0,3.6
202201210855,40.0,3.1
202201210915,20.0,4.6
202201210935,30.0,4.6
202201210955,20.0,4.1
202201211015,30.0,4.1
202201211035,30.0,4.1
202201211055,20.0,5.7
202201211115,20.0,5.1
202201211135,10.0,5.1
202201211155,30.0,3.1
202201211215,10.0,2.6
202201211235,20.0,3.6
202201211255,10.0,4.1
202201211315,20.0,4.1
202201211335,10.0,3.6
202201211355,30.0,3.6
202201211415,20.0,4.1
202201211435,20.0,3.1
202201211455,10.0,5.7
202201211515,30.0,4.1
202201211535,30.0,4.1
202201211555,30.0,4.1
202201211615,20.0,4.6
202201211635,30.0,4.1
202201211715,20.0,3.6
202201211755,20.0,5.1
202201211815,30.0,4.1
202201211835,20.0,3.6
202201211855,20.0,3.1
202201211915,30.0,2.6
202201211935,30.0,3.6
202201211955,20.0,2.6
202201212015,40.0,2.6
202201212035,10.0,2.6
202201212055,10.0,2.6
202201212115,30.0,3.1
202201212135,20.0,3.1
202201212155,30.0,4.1
202201212215,20.0,3.6
202201212235,30.0,3.6
202201212255,20.0,4.1
202201212315,10.0,4.1
202201212335,20.0,3.1
202201212355,10.0,3.1
202201220015,30.0,3.1
202201220035,30.0,2.6
202201220055,30.0,2.6
202201220115,30.0,2.1
202201220135,20.0,3.1
202201220155,30.0,2.6
202201220215,20.0,3.6
202201220235,40.0,3.6
202201220255,30.0,4.6
202201220315,30.0,3.1
202201220335,20.0,4.1
202201220355,50.0,3.6
202201220415,40.0,3.6
202201220435,40.0,2.6
202201220455,20.0,3.6
202201220515,20.0,2.6
202201220535,40.0,3.1
202201220555,10.0,3.6
202201220615,10.0,2.6
202201220635,20.0,2.1
202201220655,20.0,2.6
202201220715,10.0,3.1
202201220735,10.0,3.1
202201220755,30.0,2.1
202201220815,20.0,2.1
202201220835,30.0,1.5
202201220855,40.0,1.5
202201220915,10.0,1.5
202201220935,,1.5
202201220955,10.0,1.5
202201221015,20.0,3.6
202201221035,10.0,3.1
202201221055,30.0,2.1
202201221115,10.0,2.1
202201221135,20.0,2.6
202201221155,40.0,1.5
202201221215,0.0,0.0
202201221235,,1.5
202201221255,50.0,2.1
202201221315,40.0,1.5
202201221355,60.0,2.6
202201221415,20.0,1.5
202201221435,350.0,2.1
202201221455,0.0,0.0
202201221515,20.0,1.5
202201221535,0.0,0.0
202201221555,80.0,1.5
202201221615,0.0,0.0
202201221635,0.0,0.0
202201221655,0.0,0.0
202201221715,0.0,0.0
202201221735,0.0,0.0
202201221755,0.0,0.0
202201221815,0.0,0.0
202201221835,0.0,0.0
202201221855,60.0,1.5
202201221915,90.0,1.5
202201221935,0.0,0.0
202201221955,110.0,1.5
202201222015,40.0,1.5
202201222035,0.0,0.0
202201222055,0.0,0.0
202201222115,0.0,0.0
202201222135,0.0,0.0
202201222155,0.0,0.0
202201222215,0.0,0.0
202201222235,60.0,1.5
202201222255,0.0,0.0
202201222315,0.0,0.0
202201222335,0.0,0.0
202201222355,0.0,0.0
202201230015,0.0,0.0
202201230035,0.0,0.0
202201230055,0.0,0.0
202201230115,0.0,0.0
202201230135,0.0,0.0
202201230155,0.0,0.0
202201230215,0.0,0.0
202201230235,0.0,0.0
202201230255,0.0,0.0
202201230315,0.0,0.0
202201230335,0.0,0.0
202201230355,0.0,0.0
202201230415,0.0,0.0
202201230435,0.0,0.0
202201230455,0.0,0.0
202201230515,0.0,0.0
202201230535,0.0,0.0
202201230555,0.0,0.0
202201230615,0.0,0.0
202201230635,0.0,0.0
202201230655,0.0,0.0
202201230715,0.0,0.0
202201230755,0.0,0.0
202201230815,0.0,0.0
202201230835,0.0,0.0
202201230855,0.0,0.0
202201230915,0.0,0.0
202201230935,0.0,0.0
202201230955,0.0,0.0
202201231015,0.0,0.0
202201231035,0.0,0.0
202201231055,0.0,0.0
202201231115,0.0,0.0
202201231135,0.0,0.0
202201231215,0.0,0.0
202201231235,0.0,0.0
202201231255,0.0,0.0
202201231315,0.0,0.0
202201231335,0.0,0.0
202201231355,0.0,0.0
202201231415,0.0,0.0
202201231435,0.0,0.0
202201231455,0.0,0.0
202201231515,0.0,0.0
202201231535,0.0,0.0
202201231555,230.0,2.1
202201231615,0.0,0.0
202201231635,0.0,0.0
202201231655,210.0,1.5
202201231715,230.0,2.6
202201231735,0.0,0.0
202201231755,200.0,1.5
202201231815,,1.5
202201231835,300.0,2.1
202201231855,250.0,1.5
202201231915,270.0,2.6
202201231935,270.0,3.6
202201231955,0.0,0.0
202201232015,0.0,0.0
202201232035,0.0,0.0
202201232055,240.0,3.6
202201232115,240.0,2.6
202201232135,260.0,3.6
202201232155,300.0,1.5
202201232235,270.0,3.1
202201232255,250.0,1.5
202201232335,0.0,0.0
202201232355,190.0,1.5
202201240015,200.0,1.5
202201240035,0.0,0.0
202201240055,0.0,0.0
202201240115,180.0,1.5
202201240135,180.0,1.5
202201240155,0.0,0.0
202201240215,200.0,1.5
202201240235,0.0,0.0
202201240255,0.0,0.0
202201240315,230.0,1.5
202201240335,220.0,2.1
202201240355,0.0,0.0
202201240415,0.0,0.0
202201240435,0.0,0.0
202201240455,0.0,0.0
202201240515,0.0,0.0
202201240535,0.0,0.0
202201240555,0.0,0.0
202201240615,0.0,0.0
202201240655,0.0,0.0
202201240735,0.0,0.0
202201240755,0.0,0.0
202201240815,0.0,0.0
202201240835,0.0,0.0
202201240855,0.0,0.0
202201240915,0.0,0.0
202201240935,0.0,0.0
202201240955,0.0,0.0
202201241015,0.0,0.0
202201241035,0.0,0.0
202201241055,0.0,0.0
202201241115,0.0,0.0
202201241135,0.0,0.0
202201241155,0.0,0.0
202201241215,0.0,0.0
202201241235,0.0,0.0
202201241255,0.0,0.0
202201241315,0.0,0.0
202201241335,0.0,0.0
202201241355,0.0,0.0
202201241415,0.0,0.0
202201241435,240.0,1.5
202201241455,230.0,2.1
202201241515,230.0,2.1
202201241535,0.0,0.0
202201241555,0.0,0.0
202201241615,230.0,2.6
202201241635,220.0,2.6
202201241655,200.0,3.1
202201241715,220.0,3.6
202201241735,230.0,4.1
202201241755,220.0,3.1
202201241815,230.0,4.6
202201241835,180.0,2.6
202201241855,210.0,3.1
202201241915,210.0,1.5
202201241935,200.0,3.1
202201241955,180.0,2.6
202201242015,200.0,3.1
202201242035,220.0,2.1
202201242055,180.0,2.1
202201242115,200.0,2.1
202201242135,200.0,3.6
202201242155,210.0,3.6
202201242215,210.0,4.6
202201242235,210.0,3.1
202201242255,210.0,2.1
202201242315,220.0,2.1
202201242335,220.0,1.5
202201242355,0.0,0.0
202201250015,220.0,1.5
202201250035,0.0,0.0
202201250055,0.0,0.0
202201250115,0.0,0.0
202201250135,0.0,0.0
202201250155,200.0,1.5
202201250215,220.0,2.1
202201250235,210.0,2.6
202201250255,210.0,3.1
202201250315,210.0,3.1
202201250335,210.0,3.1
202201250355,210.0,2.6
202201250415,210.0,2.1
202201250435,220.0,2.1
202201250455,220.0,2.1
202201250515,210.0,1.5
202201250535,210.0,2.6
202201250555,220.0,2.6
202201250615,230.0,2.1
202201250635,50.0,1.5
202201250655,0.0,0.0
202201250715,0.0,0.0
202201250735,0.0,0.0
202201250755,0.0,0.0
202201250815,0.0,0.0
202201250835,0.0,0.0
202201250855,0.0,0.0
202201250955,0.0,0.0
202201251015,0.0,0.0
202201251035,0.0,0.0
202201251055,0.0,0.0
202201251115,0.0,0.0
202201251135,0.0,0.0
202201251155,0.0,0.0
202201251215,0.0,0.0
202201251235,0.0,0.0
202201251255,0.0,0.0
202201251315,0.0,0.0
202201251335,0.0,0.0
202201251355,0.0,0.0
202201251415,0.0,0.0
202201251435,0.0,0.0
202201251455,0.0,0.0
202201251515,0.0,0.0
202201251535,30.0,1.5
202201251555,20.0,3.1
202201251655,60.0,3.6
202201251715,30.0,3.1
202201251735,40.0,3.6
202201251755,60.0,2.1
202201251815,60.0,4.1
202201251835,40.0,2.6
202201251855,60.0,2.6
202201251915,20.0,2.6
202201251935,30.0,2.1
202201251955,60.0,2.1
202201252015,40.0,2.6
202201252035,340.0,2.1
202201252055,10.0,2.6
202201252115,0.0,0.0
202201252135,10.0,3.1
202201252155,10.0,3.1
202201252215,20.0,2.6
202201252235,40.0,2.1
202201252255,30.0,4.6
202201252315,10.0,3.6
202201252335,,4.1
202201252355,20.0,4.1
202201260015,10.0,4.6
202201260035,20.0,3.6
202201260055,20.0,4.6
202201260115,30.0,5.1
202201260135,20.0,4.6
202201260155,40.0,3.6
202201260215,30.0,5.1
202201260235,20.0,4.6
202201260255,20.0,5.1
202201260335,20.0,4.6
202201260355,20.0,4.6
202201260415,10.0,5.7
202201260435,20.0,5.7
202201260515,20.0,4.6
202201260535,30.0,5.1
202201260555,20.0,4.1
202201260615,10.0,6.2
202201260635,20.0,4.1
202201260655,20.0,5.7
202201260715,10.0,5.1
202201260735,20.0,6.7
202201260755,10.0,5.7
202201260815,10.0,5.7
202201260835,10.0,5.1
202201260855,20.0,6.7
202201260915,10.0,5.7
202201260935,10.0,5.7
202201260955,10.0,4.1
202201261015,10.0,4.1
202201261035,20.0,5.7
202201261055,20.0,3.6
202201261115,20.0,3.6
202201261135,20.0,5.1
202201261155,10.0,6.2
202201261215,20.0,3.6
202201261235,10.0,4.1
202201261255,10.0,4.6
202201261315,10.0,4.1
202201261335,20.0,5.1
202201261355,30.0,4.6
202201261415,30.0,5.7
202201261435,30.0,4.6
202201261455,20.0,3.6
202201261515,20.0,5.7
202201261535,30.0,4.1
202201261615,10.0,5.7
202201261635,20.0,5.7
202201261655,30.0,3.6
202201261715,10.0,5.7
202201261735,20.0,4.6
202201261755,10.0,5.1
202201261815,20.0,5.1
202201261835,30.0,4.1
202201261855,,4.6
202201261915,10.0,4.6
202201261935,20.0,5.1
202201262015,10.0,4.1
202201262035,20.0,5.7
202201262055,30.0,3.6
202201262115,60.0,3.6
202201262135,30.0,3.1
202201262155,10.0,4.1
202201262215,50.0,2.1
202201262235,50.0,2.1
202201262255,30.0,2.1
202201262315,0.0,0.0
202201262335,0.0,0.0
202201262355,0.0,0.0
202201270015,0.0,0.0
202201270035,0.0,0.0
202201270055,0.0,0.0
202201270115,0.0,0.0
202201270135,0.0,0.0
202201270155,0.0,0.0
202201270215,0.0,0.0
202201270235,0.0,0.0
202201270255,0.0,0.0
202201270315,0.0,0.0
202201270335,0.0,0.0
202201270355,0.0,0.0
202201270415,0.0,0.0
202201270435,0.0,0.0
202201270455,0.0,0.0
202201270515,0.0,0.0
202201270535,0.0,0.0
202201270555,0.0,0.0
202201270615,0.0,0.0
202201270635,0.0,0.0
202201270655,0.0,0.0
202201270715,0.0,0.0
202201270735,0.0,0.0
202201270755,0.0,0.0
202201270815,0.0,0.0
202201270835,0.0,0.0
202201270855,0.0,0.0
202201270915,0.0,0.0
202201270935,0.0,0.0
202201270955,0.0,0.0
202201271015,0.0,0.0
202201271035,0.0,0.0
202201271055,0.0,0.0
202201271115,0.0,0.0
202201271135,0.0,0.0
202201271155,0.0,0.0
202201271215,0.0,0.0
202201271235,0.0,0.0
202201271255,0.0,0.0
202201271315,0.0,0.0
202201271335,0.0,0.0
202201271355,0.0,0.0
202201271415,0.0,0.0
202201271435,0.0,0.0
202201271455,0.0,0.0
202201271515,0.0,0.0
202201271535,230.0,2.6
202201271555,240.0,3.6
202201271615,0.0,0.0
202201271635,230.0,2.1
202201271655,220.0,2.1
202201271715,190.0,1.5
202201271735,240.0,3.1
202201271755,230.0,3.1
202201271815,170.0,2.6
202201271835,180.0,1.5
202201271855,0.0,0.0
202201271915,250.0,1.5
202201271935,210.0,2.1
202201271955,230.0,2.6
202201272015,180.0,2.6
202201272035,0.0,0.0
202201272055,130.0,2.1
202201272115,0.0,0.0
202201272135,0.0,0.0
202201272155,0.0,0.0
202201272215,0.0,0.0
202201272235,210.0,1.5
202201272255,0.0,0.0
202201272335,0.0,0.0
202201272355,0.0,0.0
202201280015,0.0,0.0
202201280035,0.0,0.0
202201280055,0.0,0.0
202201280115,0.0,0.0
202201280135,0.0,0.0
202201280155,0.0,0.0
202201280215,0.0,0.0
202201280235,0.0,0.0
202201280255,0.0,0.0
202201280315,0.0,0.0
202201280335,0.0,0.0
202201280355,0.0,0.0
202201280435,0.0,0.0
202201280455,0.0,0.0
202201280515,0.0,0.0
202201280535,0.0,0.0
202201280555,0.0,0.0
202201280615,0.0,0.0
202201280715,0.0,0.0
202201280735,0.0,0.0
202201280755,0.0,0.0
202201280815,0.0,0.0
202201280835,0.0,0.0
202201280855,0.0,0.0
202201280915,0.0,0.0
202201280935,0.0,0.0
202201280955,0.0,0.0
202201281015,0.0,0.0
202201281035,0.0,0.0
202201281055,0.0,0.0
202201281115,0.0,0.0
202201281135,0.0,0.0
202201281155,0.0,0.0
202201281215,0.0,0.0
202201281235,0.0,0.0
202201281255,0.0,0.0
202201281315,0.0,0.0
202201281335,0.0,0.0
202201281355,0.0,0.0
202201281415,0.0,0.0
202201281435,0.0,0.0
202201281455,60.0,1.5
202201281515,340.0,3.1
202201281555,350.0,5.1
202201281615,340.0,4.1
202201281635,340.0,2.1
202201281655,350.0,2.6
202201281715,10.0,3.1
202201281735,330.0,4.1
202201281755,350.0,7.2
202201281815,320.0,4.6
202201281835,350.0,5.7
202201281855,340.0,4.6
202201281915,340.0,5.7
202201281935,340.0,6.2
202201281955,350.0,4.1
202201282015,320.0,5.1
202201282035,340.0,6.2
202201282055,340.0,2.6
202201282115,340.0,3.1
202201282135,10.0,3.6
202201282155,20.0,2.6
202201282215,,3.6
202201282235,10.0,4.1
202201282255,,2.6
202201282315,340.0,6.7
202201282335,280.0,4.1
202201290015,,3.6
202201290035,10.0,2.1
202201290055,350.0,1.5
202201290115,350.0,2.1
202201290155,,1.5
202201290215,350.0,2.6
202201290235,350.0,4.1
202201290255,340.0,5.1
202201290315,340.0,3.6
202201290335,350.0,5.1
202201290355,350.0,5.1
202201290415,340.0,2.6
202201290435,340.0,4.1
202201290455,350.0,3.6
202201290515,350.0,5.1
202201290535,,5.1
202201290555,340.0,4.6
202201290615,330.0,3.1
202201290635,330.0,6.2
202201290655,340.0,4.1
202201290715,,4.1
202201290735,,4.6
202201290755,340.0,4.1
202201290815,,5.7
202201290835,,3.6
202201290855,10.0,4.6
202201290915,,4.6
202201290935,350.0,4.1
202201290955,350.0,2.6
202201291015,340.0,3.6
202201291035,,3.6
202201291055,,3.1
202201291115,350.0,1.5
202201291135,10.0,2.1
202201291215,20.0,2.6
202201291235,20.0,3.1
202201291255,,3.1
202201291315,330.0,2.1
202201291355,,5.7
202201291415,20.0,5.1
202201291435,,5.7
202201291455,,5.1
202201291515,20.0,5.7
202201291535,10.0,3.6
202201291555,40.0,2.6
202201291615,,3.6
202201291635,50.0,3.1
202201291655,30.0,2.1
202201291715,30.0,3.1
202201291735,30.0,1.5
202201291755,350.0,3.1
202201291815,30.0,1.5
202201291835,340.0,1.5
202201291855,0.0,0.0
202201291915,0.0,0.0
202201291935,290.0,2.1
202201291955,340.0,2.6
202201292015,290.0,1.5
202201292035,0.0,0.0
202201292055,310.0,3.1
202201292115,320.0,1.5
202201292135,,1.5
202201292155,350.0,2.1
202201292235,280.0,1.5
202201292255,0.0,0.0
202201292315,0.0,0.0
202201292335,0.0,0.0
202201292355,0.0,0.0
202201300015,0.0,0.0
202201300035,0.0,0.0
202201300055,0.0,0.0
202201300135,0.0,0.0
202201300155,0.0,0.0
202201300215,0.0,0.0
202201300235,0.0,0.0
202201300255,0.0,0.0
202201300315,0.0,0.0
202201300335,0.0,0.0
202201300355,0.0,0.0
202201300415,0.0,0.0
202201300435,0.0,0.0
202201300455,0.0,0.0
202201300515,0.0,0.0
202201300535,0.0,0.0
202201300555,0.0,0.0
202201300615,0.0,0.0
202201300635,0.0,0.0
202201300655,0.0,0.0
202201300715,0.0,0.0
202201300815,200.0,1.5
202201300835,230.0,1.5
202201300855,190.0,2.1
202201300915,0.0,0.0
202201300935,0.0,0.0
202201300955,180.0,2.6
202201301015,0.0,0.0
202201301035,180.0,2.1
202201301055,180.0,1.5
202201301115,180.0,2.1
202201301135,190.0,2.1
202201301155,180.0,2.6
202201301215,180.0,4.1
202201301235,180.0,2.6
202201301255,200.0,3.1
202201301335,200.0,3.1
202201301415,200.0,4.1
202201301435,220.0,3.6
202201301455,200.0,2.6
202201301515,190.0,2.1
202201301535,210.0,3.1
202201301555,190.0,2.6
202201301615,190.0,2.6
202201301635,190.0,2.6
202201301655,190.0,2.6
202201301715,190.0,3.1
202201301735,260.0,2.6
202201301755,220.0,4.6
202201301815,200.0,2.1
202201301835,220.0,3.1
202201301855,200.0,3.6
202201301915,260.0,3.6
202201301935,240.0,2.1
202201301955,260.0,5.1
202201302015,290.0,3.1
202201302035,250.0,4.6
202201302055,280.0,3.6
202201302115,280.0,4.1
202201302135,260.0,4.6
202201302155,280.0,4.6
202201302215,270.0,4.1
202201302235,260.0,2.6
202201302255,260.0,3.1
202201302335,0.0,0.0
202201302355,0.0,0.0
202201310015,0.0,0.0
202201310035,0.0,0.0
202201310055,0.0,0.0
202201310115,0.0,0.0
202201310135,0.0,0.0
202201310155,0.0,0.0
202201310215,0.0,0.0
202201310255,0.0,0.0
202201310315,0.0,0.0
202201310335,0.0,0.0
202201310355,0.0,0.0
202201310415,0.0,0.0
202201310435,0.0,0.0
202201310455,0.0,0.0
202201310515,0.0,0.0
202201310535,0.0,0.0
202201310555,0.0,0.0
202201310615,0.0,0.0
202201310635,0.0,0.0
202201310655,0.0,0.0
202201310715,0.0,0.0
202201310735,0.0,0.0
202201310755,0.0,0.0
202201310815,0.0,0.0
202201310835,0.0,0.0
202201310855,0.0,0.0
202201310915,0.0,0.0
202201310935,0.0,0.0
202201310955,0.0,0.0
202201311015,0.0,0.0
202201311035,0.0,0.0
202201311055,0.0,0.0
202201311115,0.0,0.0
202201311135,0.0,0.0
202201311155,0.0,0.0
202201311215,0.0,0.0
202201311235,0.0,0.0
202201311255,0.0,0.0
202201311315,0.0,0.0
202201311335,0.0,0.0
202201311355,0.0,0.0
202201311415,0.0,0.0
202201311435,0.0,0.0
202201311455,0.0,0.0
202201311515,0.0,0.0
202201311535,0.0,0.0
202201311555,0.0,0.0
202201311635,0.0,0.0
202201311655,250.0,1.5
202201311715,0.0,0.0
202201311735,0.0,0.0
202201311755,0.0,0.0
202201311815,0.0,0.0
202201311835,230.0,2.1
202201311855,180.0,1.5
202201311915,190.0,1.5
202201311935,170.0,1.5
202201311955,0.0,0.0
202201312015,190.0,1.5
202201312035,240.0,2.1
202201312055,0.0,0.0
202201312115,0.0,0.0
202201312135,200.0,1.5
202201312155,0.0,0.0
202201312215,0.0,0.0
202201312235,0.0,0.0
202201312335,0.0,0.0
202201312355,0.0,0.0
202202010015,0.0,0.0
202202010035,0.0,0.0
202202010115,0.0,0.0
202202010135,0.0,0.0
202202010155,0.0,0.0
202202010215,0.0,0.0
202202010235,0.0,0.0
202202010255,0.0,0.0
202202010315,0.0,0.0
202202010335,0.0,0.0
202202010355,0.0,0.0
202202010415,0.0,0.0
202202010435,0.0,0.0
202202010455,0.0,0.0
202202010515,0.0,0.0
202202010535,0.0,0.0
202202010555,0.0,0.0
202202010615,0.0,0.0
202202010635,0.0,0.0
202202010655,0.0,0.0
202202010715,0.0,0.0
202202010735,0.0,0.0
202202010755,0.0,0.0
202202010815,0.0,0.0
202202010835,0.0,0.0
202202010855,0.0,0.0
202202010915,0.0,0.0
202202010935,0.0,0.0
202202010955,0.0,0.0
202202011015,0.0,0.0
202202011035,0.0,0.0
202202011055,0.0,0.0
202202011115,0.0,0.0
202202011135,0.0,0.0
202202011155,0.0,0.0
202202011235,0.0,0.0
202202011255,0.0,0.0
202202011315,0.0,0.0
202202011415,0.0,0.0
202202011435,0.0,0.0
202202011455,0.0,0.0
202202011515,0.0,0.0
202202011535,220.0,1.5
202202011555,220.0,2.1
202202011615,210.0,2.1
202202011655,170.0,4.6
202202011715,160.0,2.1
202202011735,180.0,2.6
202202011755,170.0,1.5
202202011835,150.0,3.1
202202011855,170.0,2.6
202202011915,160.0,3.1
202202011935,180.0,3.1
202202011955,180.0,3.1
202202012015,180.0,4.6
202202012035,180.0,2.6
202202012055,160.0,3.6
202202012115,160.0,3.6
202202012135,150.0,2.1
202202012155,190.0,4.1
202202012215,170.0,2.1
202202012235,170.0,3.6
202202012255,170.0,3.1
202202012315,160.0,2.1
202202012335,190.0,1.5
202202012355,0.0,0.0
202202020015,0.0,0.0
202202020035,0.0,0.0
202202020055,170.0,2.1
202202020115,170.0,2.6
202202020135,170.0,2.6
202202020155,170.0,3.1
202202020235,0.0,0.0
202202020255,180.0,1.5
202202020315,0.0,0.0
202202020335,0.0,0.0
202202020355,170.0,2.6
202202020415,0.0,0.0
202202020435,180.0,1.5
202202020455,180.0,1.5
202202020515,190.0,2.1
202202020535,160.0,5.1
202202020555,190.0,2.1
202202020615,170.0,2.1
202202020635,160.0,2.1
202202020655,160.0,2.1
202202020715,160.0,3.1
202202020735,190.0,2.6
202202020755,0.0,0.0
202202020815,180.0,3.6
202202020835,190.0,3.1
202202020855,190.0,3.1
202202020915,190.0,2.6
202202020935,200.0,2.6
202202020955,190.0,3.1
202202021015,190.0,3.6
202202021035,190.0,2.6
202202021055,200.0,2.6
202202021115,190.0,4.6
202202021135,170.0,3.1
202202021155,180.0,1.5
202202021215,190.0,4.1
202202021235,170.0,2.1
202202021255,180.0,3.1
202202021315,210.0,2.6
202202021355,200.0,3.6
202202021415,190.0,4.1
202202021455,200.0,3.6
202202021515,180.0,4.1
202202021535,190.0,3.6
202202021555,180.0,4.6
202202021615,210.0,5.1
202202021635,220.0,2.1
202202021655,200.0,2.6
202202021715,180.0,5.1
202202021735,190.0,4.6
202202021755,170.0,3.1
202202021815,180.0,4.1
202202021835,160.0,2.6
202202021855,190.0,3.6
202202021915,180.0,5.1
202202021935,190.0,5.7
202202021955,190.0,3.6
202202022015,180.0,3.1
202202022035,180.0,2.1
202202022055,190.0,3.6
202202022115,180.0,2.6
202202022135,160.0,1.5
202202022155,180.0,4.1
202202022215,200.0,3.1
202202022235,180.0,1.5
202202022255,210.0,3.1
202202022315,0.0,0.0
202202022335,200.0,2.1
202202022355,230.0,1.5
202202030015,230.0,3.1
202202030035,230.0,1.5
202202030055,230.0,3.1
202202030115,220.0,2.6
202202030135,220.0,2.6
202202030155,230.0,1.5
202202030215,0.0,0.0
202202030315,0.0,0.0
202202030335,0.0,0.0
202202030355,0.0,0.0
202202030415,0.0,0.0
202202030435,0.0,0.0
202202030455,0.0,0.0
202202030515,0.0,0.0
202202030535,0.0,0.0
202202030555,0.0,0.0
202202030855,0.0,0.0
202202030915,0.0,0.0
202202030955,0.0,0.0
202202031015,0.0,0.0
202202031035,0.0,0.0
202202031055,0.0,0.0
202202031115,0.0,0.0
202202031135,0.0,0.0
202202031155,0.0,0.0
202202031215,0.0,0.0
202202031235,230.0,2.6
202202031255,230.0,2.6
202202031315,230.0,3.1
202202031335,220.0,2.1
202202031355,220.0,2.6
202202031415,220.0,2.1
202202031435,230.0,3.1
202202031455,220.0,2.1
202202031515,220.0,2.1
202202031555,230.0,2.1
202202031615,0.0,0.0
202202031635,210.0,2.1
202202031655,220.0,2.1
202202031715,210.0,1.5
202202031735,220.0,1.5
202202031755,230.0,2.1
202202031815,0.0,0.0
202202031835,220.0,1.5
202202031855,220.0,1.5
202202031915,220.0,2.6
202202031935,220.0,2.1
202202031955,210.0,2.1
202202032015,220.0,2.6
202202032035,220.0,3.1
202202032055,220.0,1.5
202202032115,240.0,2.6
202202032135,240.0,2.6
202202032155,240.0,2.1
202202032215,200.0,1.5
202202032235,0.0,0.0
202202032255,270.0,3.6
202202032315,220.0,2.6
202202032335,200.0,3.1
202202032355,190.0,1.5
202202040015,190.0,2.1
202202040035,200.0,3.1
202202040055,250.0,3.6
202202040135,190.0,3.1
202202040155,190.0,2.1
202202040215,220.0,2.6
202202040235,200.0,2.6
202202040255,210.0,2.1
202202040315,0.0,0.0
202202040335,200.0,1.5
202202040355,210.0,1.5
202202040415,240.0,2.1
202202040435,240.0,1.5
202202040455,250.0,4.1
202202040515,210.0,2.1
202202040535,220.0,1.5
202202040555,230.0,3.6
202202040615,0.0,0.0
202202040635,0.0,0.0
202202040655,0.0,0.0
202202040715,210.0,2.1
202202040735,0.0,0.0
202202040755,0.0,0.0
202202040815,0.0,0.0
202202040855,0.0,0.0
202202040915,0.0,0.0
202202040935,10.0,2.1
202202040955,20.0,2.1
202202041015,350.0,3.1
202202041035,0.0,0.0
202202041055,20.0,3.1
202202041115,10.0,3.1
202202041135,20.0,2.6
202202041155,350.0,2.1
202202041215,0.0,0.0
202202041235,350.0,2.1
202202041255,320.0,2.6
202202041315,10.0,1.5
202202041335,350.0,2.1
202202041355,10.0,1.5
202202041415,,3.1
202202041435,20.0,2.6
202202041455,,3.1
202202041515,330.0,3.1
202202041535,310.0,2.6
202202041555,350.0,2.6
202202041615,350.0,2.6
202202041635,340.0,2.6
202202041655,320.0,1.5
202202041715,10.0,2.1
202202041735,340.0,3.6
202202041755,350.0,2.6
202202041815,0.0,0.0
202202041835,330.0,2.1
202202041855,350.0,3.6
202202041915,,3.1
202202041935,,2.1
202202041955,330.0,2.1
202202042015,320.0,2.1
202202042035,340.0,3.6
202202042055,340.0,2.6
202202042115,350.0,4.1
202202042135,320.0,2.6
202202042155,320.0,4.1
202202042215,330.0,3.6
202202042235,330.0,2.6
202202042255,350.0,2.6
202202042315,340.0,2.6
202202042335,330.0,4.1
202202042355,320.0,2.1
202202050015,350.0,3.1
202202050055,300.0,2.1
202202050115,330.0,2.1
202202050135,350.0,4.6
202202050155,330.0,3.6
202202050215,320.0,4.6
202202050235,340.0,4.1
202202050255,330.0,2.6
202202050315,320.0,3.1
202202050335,350.0,3.1
202202050355,350.0,2.1
202202050415,350.0,2.6
202202050435,,2.6
202202050455,330.0,3.6
202202050515,350.0,4.6
202202050535,350.0,5.1
202202050555,350.0,6.2
202202050615,,5.7
202202050635,,4.1
202202050655,350.0,4.6
202202050715,350.0,4.6
202202050735,340.0,3.1
202202050755,340.0,4.1
202202050815,350.0,4.6
202202050835,,2.6
202202050855,,2.6
202202050915,350.0,3.1
202202050935,10.0,2.6
202202050955,,2.6
202202051015,,3.6
202202051035,10.0,3.6
202202051055,10.0,3.1
202202051115,,2.1
202202051135,10.0,3.1
202202051155,20.0,3.6
202202051215,20.0,2.1
202202051235,30.0,3.1
202202051255,20.0,3.1
202202051315,30.0,3.6
202202051335,30.0,3.6
202202051355,20.0,4.1
202202051415,20.0,5.1
202202051435,20.0,8.2
202202051455,30.0,6.7
202202051515,20.0,8.2
202202051535,10.0,7.2
202202051555,10.0,5.1
202202051615,30.0,6.7
202202051635,20.0,4.6
202202051655,50.0,4.1
202202051715,60.0,4.1
202202051735,30.0,3.6
202202051755,60.0,5.1
202202051815,60.0,4.6
202202051835,30.0,3.6
202202051855,20.0,2.1
202202051915,20.0,4.6
202202051935,30.0,4.1
202202051955,10.0,5.7
202202052035,20.0,4.6
202202052055,20.0,3.6
202202052115,20.0,4.6
202202052135,40.0,3.6
202202052155,30.0,3.1
202202052215,10.0,4.1
202202052235,10.0,3.6
202202052315,20.0,3.1
202202052335,30.0,1.5
202202052355,0.0,0.0
202202060015,0.0,0.0
202202060035,0.0,0.0
202202060055,0.0,0.0
202202060115,0.0,0.0
202202060135,0.0,0.0
202202060155,0.0,0.0
202202060235,0.0,0.0
202202060255,0.0,0.0
202202060315,0.0,0.0
202202060335,0.0,0.0
202202060355,0.0,0.0
202202060415,0.0,0.0
202202060435,0.0,0.0
202202060455,0.0,0.0
202202060515,0.0,0.0
202202060535,0.0,0.0
202202060555,0.0,0.0
202202060615,0.0,0.0
202202060635,0.0,0.0
202202060655,0.0,0.0
202202060715,0.0,0.0
202202060735,0.0,0.0
202202060755,0.0,0.0
202202060815,0.0,0.0
202202060835,0.0,0.0
202202060855,0.0,0.0
202202060915,0.0,0.0
202202060935,0.0,0.0
202202060955,0.0,0.0
202202061015,0.0,0.0
202202061035,0.0,0.0
202202061055,0.0,0.0
202202061115,0.0,0.0
202202061135,0.0,0.0
202202061155,0.0,0.0
202202061215,0.0,0.0
202202061235,0.0,0.0
202202061255,0.0,0.0
202202061315,0.0,0.0
202202061335,0.0,0.0
202202061355,0.0,0.0
202202061415,0.0,0.0
202202061435,0.0,0.0
202202061455,0.0,0.0
202202061515,0.0,0.0
202202061535,0.0,0.0
202202061555,220.0,2.1
202202061615,0.0,0.0
202202061635,140.0,2.6
202202061655,150.0,3.1
202202061715,190.0,2.1
202202061735,230.0,3.6
202202061755,180.0,3.6
202202061815,80.0,1.5
202202061835,120.0,2.1
202202061855,230.0,4.6
202202061915,0.0,0.0
202202061935,0.0,0.0
202202061955,0.0,0.0
202202062015,190.0,2.6
202202062035,140.0,3.1
202202062055,180.0,2.6
202202062115,170.0,2.1
202202062135,160.0,1.5
202202062215,0.0,0.0
202202062235,0.0,0.0
202202062315,0.0,0.0
202202062335,0.0,0.0
202202062355,0.0,0.0
202202070015,0.0,0.0
202202070035,0.0,0.0
202202070055,0.0,0.0
202202070115,0.0,0.0
202202070135,0.0,0.0
202202070155,0.0,0.0
202202070215,0.0,0.0
202202070235,0.0,0.0
202202070255,0.0,0.0
202202070315,0.0,0.0
202202070335,0.0,0.0
202202070355,0.0,0.0
202202070415,0.0,0.0
202202070435,0.0,0.0
202202070455,0.0,0.0
202202070515,0.0,0.0
202202070535,0.0,0.0
202202070555,0.0,0.0
202202070615,0.0,0.0
202202070635,0.0,0.0
202202070655,0.0,0.0
202202070715,0.0,0.0
202202070735,0.0,0.0
202202070755,0.0,0.0
202202070815,0.0,0.0
202202070835,0.0,0.0
202202070855,0.0,0.0
202202070915,0.0,0.0
202202070935,0.0,0.0
202202070955,0.0,0.0
202202071015,0.0,0.0
202202071035,0.0,0.0
202202071055,0.0,0.0
202202071115,0.0,0.0
202202071135,0.0,0.0
202202071155,0.0,0.0
202202071215,0.0,0.0
202202071235,0.0,0.0
202202071255,0.0,0.0
202202071315,0.0,0.0
202202071335,0.0,0.0
202202071355,0.0,0.0
202202071415,0.0,0.0
202202071435,0.0,0.0
202202071515,0.0,0.0
202202071535,0.0,0.0
202202071555,0.0,0.0
202202071635,0.0,0.0
202202071655,0.0,0.0
202202071715,0.0,0.0
202202071735,0.0,0.0
202202071755,30.0,1.5
202202071815,0.0,0.0
202202071835,0.0,0.0
202202071855,90.0,1.5
202202071915,10.0,1.5
202202071955,,3.6
202202072015,330.0,2.6
202202072035,330.0,3.6
202202072055,340.0,3.6
202202072115,340.0,1.5
202202072215,310.0,2.1
202202072235,350.0,3.1
202202072255,350.0,2.1
202202072315,330.0,2.1
202202072335,0.0,0.0
202202072355,0.0,0.0
202202080015,0.0,0.0
202202080035,350.0,1.5
202202080055,10.0,2.1
202202080115,350.0,2.6
202202080135,350.0,2.6
202202080155,10.0,2.1
202202080215,,2.6
202202080235,0.0,0.0
202202080255,0.0,0.0
202202080315,0.0,0.0
202202080335,0.0,0.0
202202080355,0.0,0.0
202202080415,0.0,0.0
202202080435,350.0,2.6
202202080455,,1.5
202202080515,0.0,0.0
202202080535,0.0,0.0
202202080555,330.0,3.1
202202080615,350.0,2.1
202202080635,,3.1
202202080655,350.0,2.1
202202080715,,2.1
202202080735,10.0,2.1
202202080755,0.0,0.0
202202080815,0.0,0.0
202202080835,0.0,0.0
202202080855,0.0,0.0
202202080915,0.0,0.0
202202080935,0.0,0.0
202202080955,0.0,0.0
202202081015,0.0,0.0
202202081035,0.0,0.0
202202081055,0.0,0.0
202202081115,60.0,1.5
202202081135,40.0,1.5
202202081155,40.0,1.5
202202081215,0.0,0.0
202202081235,0.0,0.0
202202081255,60.0,1.5
202202081315,60.0,1.5
202202081335,0.0,0.0
202202081355,0.0,0.0
202202081415,0.0,0.0
202202081435,40.0,2.1
202202081455,70.0,2.1
202202081515,70.0,2.6
202202081535,60.0,2.1
202202081555,60.0,2.1
202202081615,70.0,2.1
202202081635,60.0,2.6
202202081655,40.0,3.1
202202081715,20.0,3.6
202202081735,20.0,5.7
202202081755,0.0,0.0
202202081815,10.0,2.1
202202081835,0.0,0.0
202202081855,30.0,3.6
202202081915,10.0,2.1
202202081935,0.0,0.0
202202082015,290.0,1.5
202202082035,260.0,2.1
202202082055,320.0,3.1
202202082115,60.0,1.5
202202082135,0.0,0.0
202202082155,20.0,1.5
202202082215,0.0,0.0
202202082255,0.0,0.0
202202082315,0.0,0.0
202202082335,0.0,0.0
202202082355,0.0,0.0
202202090015,0.0,0.0
202202090035,0.0,0.0
202202090055,0.0,0.0
202202090115,0.0,0.0
202202090135,0.0,0.0
202202090155,0.0,0.0
202202090215,0.0,0.0
202202090235,0.0,0.0
202202090255,0.0,0.0
202202090315,0.0,0.0
202202090335,0.0,0.0
202202090355,0.0,0.0
202202090415,0.0,0.0
202202090435,0.0,0.0
202202090455,0.0,0.0
202202090515,0.0,0.0
202202090535,0.0,0.0
202202090555,0.0,0.0
202202090615,0.0,0.0
202202090635,0.0,0.0
202202090655,0.0,0.0
202202090715,0.0,0.0
202202090735,0.0,0.0
202202090755,0.0,0.0
202202090815,0.0,0.0
202202090835,0.0,0.0
202202090855,0.0,0.0
202202090915,0.0,0.0
202202090935,0.0,0.0
202202091015,0.0,0.0
202202091035,0.0,0.0
202202091055,0.0,0.0
202202091115,0.0,0.0
202202091135,0.0,0.0
202202091155,0.0,0.0
202202091215,0.0,0.0
202202091235,0.0,0.0
202202091255,230.0,1.5
202202091315,0.0,0.0
202202091335,0.0,0.0
202202091355,0.0,0.0
202202091415,0.0,0.0
202202091455,0.0,0.0
202202091515,230.0,2.6
202202091555,220.0,2.1
202202091615,170.0,1.5
202202091635,180.0,2.6
202202091655,210.0,2.1
202202091735,190.0,3.6
202202091755,220.0,3.6
202202091815,230.0,5.1
202202091835,210.0,4.1
202202091855,210.0,3.1
202202091935,220.0,4.6
202202091955,260.0,4.6
202202092015,230.0,3.6
202202092035,230.0,7.2
202202092055,250.0,6.2
202202092115,240.0,5.7
202202092135,230.0,5.1
202202092155,230.0,7.2
202202092215,240.0,4.1
202202092235,230.0,4.6
202202092255,250.0,3.1
202202092315,250.0,2.6
202202092335,250.0,2.1
202202092355,0.0,0.0
202202100015,280.0,1.5
202202100035,260.0,3.1
202202100055,280.0,1.5
202202100115,280.0,1.5
202202100135,0.0,0.0
202202100155,0.0,0.0
202202100215,0.0,0.0
202202100235,0.0,0.0
202202100255,0.0,0.0
202202100315,0.0,0.0
202202100335,0.0,0.0
202202100355,0.0,0.0
202202100415,0.0,0.0
202202100435,0.0,0.0
202202100455,0.0,0.0
202202100515,0.0,0.0
202202100535,0.0,0.0
202202100555,0.0,0.0
202202100615,0.0,0.0
202202100635,0.0,0.0
202202100655,0.0,0.0
202202100715,0.0,0.0
202202100735,0.0,0.0
202202100755,0.0,0.0
202202100815,0.0,0.0
202202100835,0.0,0.0
202202100855,0.0,0.0
202202100915,0.0,0.0
202202100935,0.0,0.0
202202100955,0.0,0.0
202202101015,0.0,0.0
202202101035,0.0,0.0
202202101055,0.0,0.0
202202101115,0.0,0.0
202202101135,0.0,0.0
202202101155,0.0,0.0
202202101215,0.0,0.0
202202101255,0.0,0.0
202202101315,0.0,0.0
202202101335,0.0,0.0
202202101355,0.0,0.0
202202101415,0.0,0.0
202202101435,0.0,0.0
202202101455,0.0,0.0
202202101515,0.0,0.0
202202101535,230.0,1.5
202202101555,230.0,2.1
202202101615,230.0,2.6
202202101635,0.0,0.0
202202101655,0.0,0.0
202202101715,0.0,0.0
202202101735,160.0,1.5
202202101755,270.0,5.1
202202101835,260.0,5.7
202202101855,290.0,5.1
202202101915,290.0,3.6
202202101935,300.0,4.6
202202101955,300.0,3.6
202202102015,290.0,3.6
202202102035,250.0,4.1
202202102055,250.0,4.1
202202102115,300.0,4.1
202202102135,270.0,1.5
202202102155,250.0,2.1
202202102215,290.0,3.1
202202102235,270.0,2.6
202202102255,250.0,2.6
202202102315,250.0,3.1
202202102335,0.0,0.0
202202102355,0.0,0.0
202202110015,0.0,0.0
202202110035,0.0,0.0
202202110055,0.0,0.0
202202110115,0.0,0.0
202202110155,0.0,0.0
202202110215,0.0,0.0
202202110235,0.0,0.0
202202110255,0.0,0.0
202202110315,0.0,0.0
202202110335,0.0,0.0
202202110355,0.0,0.0
202202110415,0.0,0.0
202202110435,0.0,0.0
202202110455,0.0,0.0
202202110515,0.0,0.0
202202110535,0.0,0.0
202202110555,0.0,0.0
202202110615,0.0,0.0
202202110635,0.0,0.0
202202110655,0.0,0.0
202202110715,0.0,0.0
202202110735,0.0,0.0
202202110755,240.0,1.5
202202110815,230.0,2.1
202202110835,220.0,1.5
202202110915,230.0,1.5
202202110935,230.0,2.6
202202110955,250.0,2.1
202202111035,250.0,1.5
202202111055,0.0,0.0
202202111115,0.0,0.0
202202111135,0.0,0.0
202202111155,0.0,0.0
202202111215,0.0,0.0
202202111235,0.0,0.0
202202111255,0.0,0.0
202202111315,0.0,0.0
202202111335,0.0,0.0
202202111355,0.0,0.0
202202111415,240.0,2.6
202202111435,220.0,2.6
202202111455,230.0,3.6
202202111515,220.0,3.1
202202111535,230.0,4.1
202202111555,230.0,2.6
202202111615,230.0,3.1
202202111735,200.0,2.6
202202111815,210.0,3.6
202202111835,210.0,4.1
202202111855,210.0,5.1
202202111915,200.0,4.1
202202111935,220.0,5.7
202202112015,190.0,5.1
202202112035,220.0,5.7
202202112055,230.0,4.6
202202112315,210.0,2.6
202202112335,210.0,2.6
202202112355,210.0,2.1
202202120015,210.0,2.1
202202120035,210.0,1.5
202202120055,220.0,1.5
202202120255,200.0,1.5
202202120315,200.0,1.5
202202120335,230.0,2.6
202202120355,230.0,1.5
202202120415,0.0,0.0
202202120435,240.0,1.5
202202120455,0.0,0.0
202202120515,0.0,0.0
202202120535,0.0,0.0
202202120555,220.0,1.5
202202120615,230.0,1.5
202202120635,220.0,1.5
202202120655,230.0,1.5
202202120715,0.0,0.0
202202120735,0.0,0.0
202202120755,220.0,2.1
202202120815,0.0,0.0
202202120835,210.0,2.1
202202120855,230.0,2.6
202202120915,220.0,2.6
202202120935,240.0,2.1
202202120955,0.0,0.0
202202121015,0.0,0.0
202202121035,0.0,0.0
202202121055,220.0,2.1
202202121115,240.0,3.1
202202121135,0.0,0.0
202202121155,0.0,0.0
202202121215,0.0,0.0
202202121255,0.0,0.0
202202121335,0.0,0.0
202202121355,0.0,0.0
202202121415,0.0,0.0
202202121435,0.0,0.0
202202121455,20.0,3.1
202202121515,40.0,3.1
202202121535,50.0,2.6
202202121555,60.0,2.6
202202121615,70.0,5.1
202202121635,60.0,3.1
202202121655,50.0,2.1
202202121715,30.0,2.6
202202121755,60.0,2.1
202202121815,10.0,2.6
202202121835,80.0,2.1
202202121855,40.0,3.1
202202121915,50.0,2.6
202202121935,80.0,2.6
202202121955,10.0,4.1
202202122015,,4.6
202202122035,,4.1
202202122055,,4.1
202202122115,300.0,3.1
202202122135,320.0,3.1
202202122155,340.0,3.6
202202122215,340.0,4.6
202202122235,340.0,5.1
202202122255,10.0,4.1
202202122315,10.0,4.6
202202122335,10.0,2.6
202202122355,10.0,3.6
202202130015,,3.1
202202130035,350.0,4.1
202202130055,,3.1
202202130115,,4.1
202202130135,10.0,3.6
202202130155,10.0,3.1
202202130215,10.0,4.1
202202130235,10.0,3.6
202202130255,10.0,3.1
202202130315,20.0,3.1
202202130335,,3.1
202202130355,20.0,3.1
202202130415,10.0,3.1
202202130435,10.0,3.6
202202130455,10.0,4.1
202202130515,10.0,4.1
202202130535,10.0,3.6
202202130555,20.0,4.1
202202130615,10.0,4.1
202202130635,,3.1
202202130655,10.0,4.6
202202130715,20.0,4.1
202202130735,20.0,3.6
202202130755,,4.1
202202130815,350.0,3.6
202202130835,,4.1
202202130915,,3.6
202202130935,,3.6
202202130955,,4.1
202202131015,350.0,4.1
202202131035,,4.1
202202131055,,3.1
202202131115,340.0,3.1
202202131135,,3.1
202202131155,10.0,3.1
202202131215,10.0,3.1
202202131235,20.0,3.1
202202131255,,2.1
202202131315,,3.6
202202131335,340.0,3.6
202202131355,330.0,3.1
202202131415,350.0,3.1
202202131435,40.0,2.6
202202131455,10.0,2.6
202202131515,20.0,3.1
202202131535,20.0,3.1
202202131555,10.0,4.1
202202131615,,3.1
202202131635,340.0,3.6
202202131655,340.0,5.1
202202131715,340.0,4.1
202202131735,10.0,5.7
202202131755,20.0,6.2
202202131815,,5.1
202202131835,,4.6
202202131855,30.0,4.6
202202131935,10.0,3.6
202202131955,60.0,3.6
202202132015,40.0,1.5
202202132035,10.0,2.6
202202132055,310.0,2.1
202202132115,310.0,3.6
202202132135,290.0,4.1
202202132155,340.0,3.6
202202132215,310.0,3.1
202202132235,340.0,3.1
202202132255,340.0,3.1
202202132315,350.0,1.5
202202132335,0.0,0.0
202202132355,0.0,0.0
202202140015,0.0,0.0
202202140035,0.0,0.0
202202140055,0.0,0.0
202202140115,0.0,0.0
202202140135,0.0,0.0
202202140155,0.0,0.0
202202140215,0.0,0.0
202202140235,0.0,0.0
202202140255,0.0,0.0
202202140335,0.0,0.0
202202140355,0.0,0.0
202202140415,0.0,0.0
202202140435,0.0,0.0
202202140455,0.0,0.0
202202140515,0.0,0.0
202202140535,0.0,0.0
202202140555,0.0,0.0
202202140615,0.0,0.0
202202140635,0.0,0.0
202202140655,0.0,0.0
202202140715,0.0,0.0
202202140735,0.0,0.0
202202140755,0.0,0.0
202202140815,0.0,0.0
202202140835,0.0,0.0
202202140915,0.0,0.0
202202140935,0.0,0.0
202202140955,0.0,0.0
202202141015,0.0,0.0
202202141035,0.0,0.0
202202141055,0.0,0.0
202202141115,0.0,0.0
202202141135,0.0,0.0
202202141155,0.0,0.0
202202141215,0.0,0.0
202202141235,0.0,0.0
202202141255,0.0,0.0
202202141315,0.0,0.0
202202141335,0.0,0.0
202202141355,0.0,0.0
202202141435,240.0,1.5
202202141455,0.0,0.0
202202141515,220.0,1.5
202202141535,0.0,0.0
202202141555,0.0,0.0
202202141615,290.0,1.5
202202141635,320.0,4.1
202202141715,0.0,0.0
202202141735,350.0,2.6
202202141755,240.0,1.5
202202141815,330.0,3.1
202202141855,350.0,2.1
202202141915,340.0,4.1
202202141935,10.0,2.1
202202141955,300.0,2.6
202202142015,340.0,2.1
202202142035,330.0,2.1
202202142055,310.0,2.6
202202142115,340.0,2.6
202202142135,10.0,3.1
202202142155,320.0,1.5
202202142215,310.0,3.1
202202142235,290.0,1.5
202202142255,280.0,2.1
202202142315,0.0,0.0
202202142335,0.0,0.0
202202142355,0.0,0.0
202202150015,0.0,0.0
202202150035,0.0,0.0
202202150055,0.0,0.0
202202150115,0.0,0.0
202202150135,0.0,0.0
202202150155,0.0,0.0
202202150215,0.0,0.0
202202150235,230.0,1.5
202202150255,0.0,0.0
202202150315,0.0,0.0
202202150335,0.0,0.0
202202150355,0.0,0.0
202202150415,0.0,0.0
202202150435,0.0,0.0
202202150455,0.0,0.0
202202150515,0.0,0.0
202202150535,0.0,0.0
202202150555,0.0,0.0
202202150615,0.0,0.0
202202150635,0.0,0.0
202202150655,0.0,0.0
202202150715,0.0,0.0
202202150735,0.0,0.0
202202150755,0.0,0.0
202202150815,0.0,0.0
202202150835,0.0,0.0
202202150855,0.0,0.0
202202150915,0.0,0.0
202202150935,0.0,0.0
202202150955,0.0,0.0
202202151015,0.0,0.0
202202151035,0.0,0.0
202202151055,0.0,0.0
202202151115,0.0,0.0
202202151135,0.0,0.0
202202151155,0.0,0.0
202202151215,0.0,0.0
202202151235,0.0,0.0
202202151255,0.0,0.0
202202151315,0.0,0.0
202202151335,0.0,0.0
202202151355,0.0,0.0
202202151415,0.0,0.0
202202151435,0.0,0.0
202202151455,0.0,0.0
202202151515,0.0,0.0
202202151535,240.0,2.1
202202151555,0.0,0.0
202202151615,230.0,2.1
202202151635,260.0,2.1
202202151655,200.0,2.1
202202151715,230.0,4.1
202202151735,220.0,3.6
202202151755,190.0,2.1
202202151815,190.0,2.6
202202151835,210.0,2.1
202202151855,240.0,3.6
202202151915,240.0,2.1
202202151935,200.0,2.6
202202151955,170.0,2.6
202202152015,220.0,3.1
202202152035,180.0,2.6
202202152055,140.0,3.6
202202152115,180.0,2.6
202202152135,190.0,4.1
202202152155,180.0,3.1
202202152215,170.0,2.6
202202152235,160.0,2.1
202202152255,160.0,2.6
202202152315,160.0,1.5
202202152335,160.0,2.1
202202152355,150.0,1.5
202202160015,0.0,0.0
202202160035,0.0,0.0
202202160055,170.0,1.5
202202160115,190.0,1.5
202202160155,180.0,1.5
202202160215,170.0,3.1
202202160235,180.0,2.1
202202160255,0.0,0.0
202202160315,190.0,3.1
202202160335,190.0,2.6
202202160355,200.0,3.1
202202160415,200.0,3.1
202202160435,210.0,2.6
202202160455,210.0,2.1
202202160515,200.0,2.6
202202160535,220.0,2.1
202202160555,200.0,2.6
202202160615,200.0,2.6
202202160635,200.0,2.1
202202160715,210.0,2.6
202202160735,200.0,2.1
202202160835,190.0,2.6
202202160855,200.0,2.6
202202160915,220.0,3.1
202202161135,230.0,2.6
202202161215,230.0,2.6
202202161235,240.0,2.6
202202161255,240.0,3.1
202202161315,230.0,2.6
202202161355,220.0,1.5
202202161415,210.0,2.6
202202161435,200.0,2.1
202202161455,230.0,2.6
202202161515,240.0,3.1
202202161535,270.0,3.1
202202161555,240.0,3.1
202202161615,220.0,2.1
202202161715,220.0,2.6
202202161755,210.0,3.6
202202161855,190.0,3.1
202202161915,200.0,4.6
202202162035,170.0,4.6
202202162055,190.0,2.6
202202162135,180.0,6.2
202202162155,190.0,3.1
202202162215,180.0,4.1
202202162235,190.0,2.6
202202162315,190.0,5.1
202202162335,190.0,2.6
202202170015,180.0,2.6
202202170055,200.0,2.1
202202170115,180.0,2.1
202202170135,180.0,2.1
202202170335,200.0,2.1
202202170355,200.0,2.1
202202170415,190.0,2.6
202202170435,200.0,2.1
202202170515,200.0,2.1
202202170535,200.0,2.1
202202170555,200.0,2.6
202202170615,170.0,2.6
202202170635,180.0,3.1
202202170655,190.0,3.6
202202170735,180.0,3.1
202202170755,170.0,4.1
202202170815,170.0,3.1
202202170835,170.0,3.1
202202170855,180.0,4.1
202202170915,170.0,5.1
202202170935,190.0,6.2
202202170955,180.0,6.2
202202171035,190.0,5.1
202202171155,200.0,4.1
202202171235,180.0,3.6
202202171255,190.0,3.6
202202171335,190.0,3.6
202202171355,180.0,3.6
202202171435,180.0,3.1
202202171555,190.0,4.6
202202171635,190.0,4.6
202202171655,190.0,3.6
202202171715,190.0,4.1
202202171735,190.0,4.6
202202171755,190.0,5.1
202202171835,200.0,6.7
202202171855,190.0,5.1
202202171915,180.0,4.6
202202171935,190.0,5.1
202202171955,190.0,4.6
202202172015,190.0,6.2
202202172035,180.0,4.6
202202172055,180.0,6.2
202202172115,190.0,4.6
202202172135,190.0,5.7
202202172155,190.0,5.1
202202172215,210.0,5.7
202202172235,190.0,5.1
202202172255,210.0,3.1
202202172315,220.0,2.6
202202172335,180.0,3.6
202202172355,210.0,2.6
202202180015,190.0,4.1
202202180035,200.0,3.6
202202180055,190.0,4.6
202202180115,210.0,4.1
202202180135,240.0,4.6
202202180155,270.0,3.1
202202180215,250.0,2.6
202202180235,210.0,1.5
202202180255,200.0,1.5
202202180315,220.0,2.1
202202180335,210.0,2.6
202202180415,210.0,2.1
202202180435,190.0,2.6
202202180455,0.0,0.0
202202180515,240.0,3.1
202202180535,270.0,2.6
202202180555,330.0,4.1
202202180635,350.0,3.1
202202180655,20.0,3.6
202202180715,,2.1
202202180735,340.0,3.6
202202180755,340.0,4.6
202202180855,330.0,5.1
202202180935,340.0,4.1
202202181015,350.0,3.1
202202181035,,4.1
202202181055,,5.1
202202181115,330.0,5.1
202202181135,350.0,5.7
202202181155,350.0,4.1
202202181215,350.0,3.1
202202181235,340.0,4.1
202202181255,350.0,3.6
202202181315,20.0,3.1
202202181355,10.0,4.6
202202181415,,5.1
202202181455,,5.7
202202181515,10.0,3.6
202202181535,,2.6
202202181615,,3.1
202202181635,350.0,3.6
202202181655,,4.6
202202181715,350.0,3.1
202202181735,,3.6
202202181755,20.0,5.1
202202181815,10.0,4.1
202202181835,,3.6
202202181855,20.0,3.1
202202181915,10.0,4.1
202202181935,20.0,3.6
202202181955,10.0,3.6
202202182015,40.0,2.1
202202182035,60.0,3.6
202202182055,30.0,2.1
202202182115,30.0,3.6
202202182135,10.0,2.6
202202182155,50.0,2.6
202202182215,30.0,2.1
202202182235,50.0,2.6
202202182255,20.0,3.1
202202182315,30.0,2.1
202202182335,30.0,1.5
202202182355,10.0,1.5
202202190015,0.0,0.0
202202190035,0.0,0.0
202202190115,0.0,0.0
202202190135,0.0,0.0
202202190155,0.0,0.0
202202190215,0.0,0.0
202202190235,0.0,0.0
202202190255,0.0,0.0
202202190315,0.0,0.0
202202190335,0.0,0.0
202202190355,0.0,0.0
202202190415,0.0,0.0
202202190435,0.0,0.0
202202190455,0.0,0.0
202202190515,0.0,0.0
202202190535,0.0,0.0
202202190555,0.0,0.0
202202190615,0.0,0.0
202202190635,0.0,0.0
202202190655,0.0,0.0
202202190715,0.0,0.0
202202190735,0.0,0.0
202202190755,0.0,0.0
202202190815,0.0,0.0
202202190835,0.0,0.0
202202190855,0.0,0.0
202202190915,0.0,0.0
202202190935,0.0,0.0
202202190955,0.0,0.0
202202191015,0.0,0.0
202202191035,0.0,0.0
202202191055,0.0,0.0
202202191115,0.0,0.0
202202191135,0.0,0.0
202202191155,0.0,0.0
202202191215,0.0,0.0
202202191235,0.0,0.0
202202191255,0.0,0.0
202202191315,0.0,0.0
202202191335,0.0,0.0
202202191355,0.0,0.0
202202191415,0.0,0.0
202202191435,0.0,0.0
202202191455,0.0,0.0
202202191535,0.0,0.0
202202191555,50.0,1.5
202202191615,40.0,2.1
202202191635,340.0,3.6
202202191655,350.0,5.1
202202191715,340.0,4.6
202202191735,,3.6
202202191755,320.0,3.1
202202191815,310.0,2.6
202202191835,330.0,1.5
202202191855,20.0,2.1
202202191915,340.0,4.1
202202191935,330.0,2.6
202202191955,10.0,3.1
202202192015,,2.1
202202192035,10.0,2.6
202202192055,330.0,5.1
202202192115,350.0,2.1
202202192135,20.0,3.1
202202192155,330.0,1.5
202202192215,330.0,3.1
202202192235,340.0,3.1
202202192255,330.0,2.6
202202192315,340.0,2.6
202202192335,340.0,2.1
202202192355,340.0,2.1
202202200015,350.0,2.6
202202200035,10.0,2.1
202202200055,0.0,0.0
202202200135,0.0,0.0
202202200215,0.0,0.0
202202200235,0.0,0.0
202202200255,0.0,0.0
202202200315,0.0,0.0
202202200335,0.0,0.0
202202200355,0.0,0.0
202202200415,0.0,0.0
202202200435,0.0,0.0
202202200455,0.0,0.0
202202200515,0.0,0.0
202202200535,0.0,0.0
202202200555,0.0,0.0
202202200655,0.0,0.0
202202200715,0.0,0.0
202202200755,0.0,0.0
202202200815,0.0,0.0
202202200835,0.0,0.0
202202200855,0.0,0.0
202202200915,0.0,0.0
202202200935,0.0,0.0
202202200955,0.0,0.0
202202201015,0.0,0.0
202202201035,0.0,0.0
202202201115,0.0,0.0
202202201135,0.0,0.0
202202201155,0.0,0.0
202202201215,0.0,0.0
202202201235,0.0,0.0
202202201255,0.0,0.0
202202201335,0.0,0.0
202202201355,0.0,0.0
202202201415,0.0,0.0
202202201435,0.0,0.0
202202201455,0.0,0.0
202202201515,230.0,1.5
202202201535,0.0,0.0
202202201555,0.0,0.0
202202201615,190.0,4.6
202202201635,170.0,2.1
202202201655,190.0,4.1
202202201715,180.0,3.6
202202201735,160.0,2.6
202202201755,190.0,3.1
202202201815,170.0,2.6
202202201835,200.0,3.6
202202201855,210.0,3.1
202202201915,170.0,3.1
202202201935,210.0,2.6
202202201955,210.0,2.1
202202202015,220.0,4.1
202202202035,190.0,3.6
202202202055,180.0,2.1
202202202115,190.0,2.6
202202202135,0.0,0.0
202202202155,200.0,4.6
202202202215,170.0,3.1
202202202235,160.0,1.5
202202202255,150.0,2.1
202202202315,160.0,1.5
202202202335,170.0,1.5
202202202355,0.0,0.0
202202210035,0.0,0.0
202202210055,0.0,0.0
202202210115,240.0,1.5
202202210135,0.0,0.0
202202210155,0.0,0.0
202202210215,0.0,0.0
202202210235,0.0,0.0
202202210255,0.0,0.0
202202210315,0.0,0.0
202202210335,0.0,0.0
202202210355,0.0,0.0
202202210415,0.0,0.0
202202210435,0.0,0.0
202202210455,0.0,0.0
202202210515,0.0,0.0
202202210535,0.0,0.0
202202210555,0.0,0.0
202202210615,0.0,0.0
202202210635,0.0,0.0
202202210655,0.0,0.0
202202210715,0.0,0.0
202202210735,0.0,0.0
202202210755,0.0,0.0
202202210815,0.0,0.0
202202210835,0.0,0.0
202202210855,0.0,0.0
202202210915,0.0,0.0
202202210935,0.0,0.0
202202210955,0.0,0.0
202202211015,0.0,0.0
202202211055,0.0,0.0
202202211115,0.0,0.0
202202211135,0.0,0.0
202202211155,0.0,0.0
202202211215,0.0,0.0
202202211235,0.0,0.0
202202211255,0.0,0.0
202202211315,0.0,0.0
202202211355,0.0,0.0
202202211415,210.0,1.5
202202211435,220.0,1.5
202202211455,0.0,0.0
202202211515,230.0,1.5
202202211535,210.0,1.5
202202211555,250.0,2.1
202202211615,210.0,2.1
202202211635,210.0,2.1
202202211655,220.0,2.1
202202211715,240.0,3.1
202202211735,230.0,2.6
202202211755,190.0,3.1
202202211815,180.0,2.1
202202211835,240.0,3.1
202202211855,200.0,2.6
202202211915,0.0,0.0
202202211935,200.0,2.6
202202211955,200.0,2.1
202202212015,200.0,1.5
202202212035,210.0,2.1
202202212135,190.0,1.5
202202212155,190.0,1.5
202202212215,210.0,2.1
202202212235,200.0,3.1
202202212255,200.0,1.5
202202212315,210.0,2.1
202202212335,190.0,2.1
202202212355,200.0,2.1
202202220015,220.0,1.5
202202220035,200.0,3.6
202202220055,180.0,3.1
202202220115,200.0,3.6
202202220135,200.0,3.1
202202220155,200.0,2.6
202202220215,190.0,2.6
202202220235,210.0,2.6
202202220255,190.0,3.1
202202220315,180.0,3.1
202202220335,200.0,2.6
202202220355,170.0,2.6
202202220415,200.0,2.1
202202220435,220.0,2.1
202202220455,220.0,2.6
202202220515,230.0,1.5
202202220535,210.0,1.5
202202220555,220.0,2.1
202202220615,220.0,1.5
202202220635,0.0,0.0
202202220655,200.0,2.1
202202220715,210.0,1.5
202202220735,210.0,1.5
202202220755,200.0,1.5
202202220815,220.0,2.1
202202220855,240.0,2.6
202202220915,240.0,1.5
202202220935,230.0,1.5
202202220955,220.0,2.1
202202221015,230.0,2.1
202202221035,230.0,2.1
202202221055,220.0,2.1
202202221115,220.0,1.5
202202221135,210.0,2.1
202202221155,240.0,2.1
202202221215,0.0,0.0
202202221235,180.0,2.1
202202221255,220.0,2.1
202202221315,200.0,1.5
202202221335,220.0,1.5
202202221415,200.0,1.5
202202221435,220.0,2.1
202202221455,230.0,2.1
202202221515,0.0,0.0
202202221535,210.0,4.1
202202221555,210.0,4.1
202202221615,240.0,3.1
202202221635,210.0,2.6
202202221655,210.0,5.1
202202221715,200.0,4.6
202202221735,210.0,3.6
202202221815,190.0,3.1
202202221835,210.0,3.6
202202221855,170.0,3.6
202202221915,190.0,3.1
202202221935,200.0,2.6
202202221955,190.0,3.1
202202222015,180.0,3.1
202202222035,210.0,3.6
202202222055,200.0,3.1
202202222115,220.0,2.1
202202222135,230.0,2.1
202202222155,230.0,2.1
202202222215,0.0,0.0
202202222235,0.0,0.0
202202222255,0.0,0.0
202202222315,0.0,0.0
202202222335,0.0,0.0
202202230015,0.0,0.0
202202230035,220.0,1.5
202202230055,220.0,2.1
202202230115,210.0,2.1
202202230135,200.0,2.6
202202230155,0.0,0.0
202202230215,230.0,2.1
202202230235,210.0,2.1
202202230255,220.0,2.1
202202230315,210.0,2.1
202202230335,200.0,2.1
202202230355,220.0,2.1
202202230415,210.0,1.5
202202230435,220.0,1.5
202202230455,0.0,0.0
202202230515,0.0,0.0
202202230535,0.0,0.0
202202230555,250.0,2.1
202202230615,40.0,2.6
202202230635,40.0,2.1
202202230655,0.0,0.0
202202230715,10.0,2.6
202202230735,0.0,0.0
202202230755,10.0,3.1
202202230815,0.0,0.0
202202230835,0.0,0.0
202202230855,20.0,1.5
202202230915,0.0,0.0
202202230935,0.0,0.0
202202230955,20.0,1.5
202202231015,0.0,0.0
202202231035,60.0,1.5
202202231055,0.0,0.0
202202231135,0.0,0.0
202202231155,0.0,0.0
202202231215,0.0,0.0
202202231235,0.0,0.0
202202231255,0.0,0.0
202202231315,0.0,0.0
202202231335,0.0,0.0
202202231355,0.0,0.0
202202231415,0.0,0.0
202202231435,0.0,0.0
202202231455,40.0,1.5
202202231515,0.0,0.0
202202231535,0.0,0.0
202202231555,0.0,0.0
202202231615,0.0,0.0
202202231635,30.0,2.1
202202231655,30.0,1.5
202202231715,0.0,0.0
202202231755,90.0,2.1
202202231815,0.0,0.0
202202231835,0.0,0.0
202202231855,,1.5
202202231915,60.0,1.5
202202231935,0.0,0.0
202202231955,0.0,0.0
202202232015,0.0,0.0
202202232035,70.0,1.5
202202232055,0.0,0.0
202202232115,70.0,1.5
202202232135,60.0,1.5
202202232155,0.0,0.0
202202232215,10.0,2.6
202202232235,10.0,2.6
202202232255,30.0,1.5
202202232315,20.0,2.6
202202232335,20.0,2.6
202202240015,70.0,1.5
202202240035,0.0,0.0
202202240055,40.0,2.1
202202240115,70.0,2.1
202202240135,10.0,2.1
202202240155,10.0,2.6
202202240215,30.0,2.6
202202240235,10.0,4.1
202202240255,30.0,3.6
202202240315,10.0,5.7
202202240335,10.0,5.7
202202240355,20.0,4.1
202202240415,20.0,3.1
202202240435,20.0,4.6
202202240455,10.0,4.1
202202240515,20.0,3.6
202202240535,20.0,3.1
202202240555,20.0,2.1
202202240615,30.0,2.6
202202240635,20.0,2.1
202202240655,10.0,1.5
202202240715,10.0,2.1
202202240735,20.0,1.5
202202240755,20.0,1.5
202202240815,0.0,0.0
202202240835,20.0,2.1
202202240855,30.0,2.1
202202240915,0.0,0.0
202202240935,20.0,1.5
202202240955,0.0,0.0
202202241015,0.0,0.0
202202241035,0.0,0.0
202202241055,0.0,0.0
202202241135,0.0,0.0
202202241155,0.0,0.0
202202241215,0.0,0.0
202202241235,0.0,0.0
202202241255,0.0,0.0
202202241315,200.0,1.5
202202241335,0.0,0.0
202202241355,0.0,0.0
202202241415,0.0,0.0
202202241435,250.0,1.5
202202241515,0.0,0.0
202202241535,0.0,0.0
202202241555,0.0,0.0
202202241615,0.0,0.0
202202241635,200.0,2.1
202202241655,230.0,2.1
202202241715,210.0,2.6
202202241735,210.0,3.1
202202241755,210.0,3.1
202202241815,220.0,3.6
202202241835,210.0,2.6
202202241855,210.0,2.6
202202241915,230.0,4.1
202202241935,230.0,5.1
202202241955,210.0,2.1
202202242015,230.0,4.1
202202242035,230.0,3.1
202202242055,210.0,2.1
202202242115,210.0,3.6
202202242135,200.0,3.6
202202242155,200.0,3.1
202202242215,200.0,2.6
202202242235,230.0,2.6
202202242255,240.0,3.1
202202242335,200.0,1.5
202202242355,180.0,1.5
202202250015,0.0,0.0
202202250035,0.0,0.0
202202250055,0.0,0.0
202202250115,0.0,0.0
202202250135,0.0,0.0
202202250155,0.0,0.0
202202250215,0.0,0.0
202202250235,0.0,0.0
202202250255,0.0,0.0
202202250315,0.0,0.0
202202250335,0.0,0.0
202202250355,220.0,1.5
202202250415,210.0,1.5
202202250435,250.0,1.5
202202250455,220.0,2.6
202202250515,200.0,2.6
202202250535,210.0,2.6
202202250555,200.0,2.6
202202250615,210.0,2.6
202202250635,210.0,2.1
202202250715,190.0,1.5
202202250735,200.0,4.1
202202250755,200.0,3.1
202202250815,210.0,2.1
202202250835,200.0,4.6
202202250855,210.0,3.1
202202250915,200.0,2.6
202202250935,200.0,3.1
202202250955,220.0,3.6
202202251015,270.0,5.7
202202251035,270.0,1.5
202202251055,0.0,0.0
202202251115,20.0,2.6
202202251135,280.0,1.5
202202251155,240.0,1.5
202202251215,30.0,3.1
202202251235,30.0,3.1
202202251255,20.0,3.1
202202251315,30.0,3.6
202202251335,340.0,1.5
202202251355,320.0,2.1
202202251415,350.0,3.6
202202251435,20.0,4.1
202202251455,20.0,3.6
202202251515,10.0,4.1
202202251535,340.0,3.1
202202251555,330.0,4.1
202202251635,320.0,4.1
202202251655,,3.6
202202251715,350.0,3.1
202202251735,20.0,3.6
202202251815,10.0,4.1
202202251835,20.0,3.6
202202251855,330.0,3.6
202202251915,,3.1
202202251935,,3.6
202202251955,330.0,4.1
202202252015,,3.6
202202252035,310.0,2.1
202202252055,350.0,3.6
202202252115,320.0,4.1
202202252135,340.0,4.1
202202252155,30.0,3.6
202202252215,340.0,3.6
202202252235,10.0,3.6
202202252255,20.0,4.1
202202252315,,3.6
202202252335,10.0,2.6
202202252355,,3.1
202202260015,,2.6
202202260035,,2.1
202202260055,,2.1
202202260115,30.0,5.1
202202260135,20.0,3.1
202202260155,10.0,5.1
202202260215,40.0,2.6
202202260235,20.0,2.1
202202260255,30.0,2.1
202202260315,30.0,3.1
202202260335,30.0,2.6
202202260355,30.0,3.1
202202260415,20.0,4.1
202202260435,10.0,3.1
202202260455,10.0,3.6
202202260515,20.0,3.1
202202260535,10.0,3.6
202202260555,20.0,3.1
202202260615,10.0,2.6
202202260635,,2.6
202202260655,30.0,3.1
202202260715,20.0,3.6
202202260735,20.0,4.1
202202260755,20.0,4.1
202202260815,20.0,4.6
202202260835,10.0,3.1
202202260855,20.0,4.6
202202260915,20.0,4.6
202202260935,30.0,5.7
202202260955,20.0,4.6
202202261015,20.0,5.1
202202261035,20.0,5.7
202202261055,20.0,3.1
202202261115,20.0,4.1
202202261135,20.0,4.6
202202261155,20.0,4.6
202202261215,20.0,3.1
202202261235,20.0,3.1
202202261255,10.0,4.1
202202261315,30.0,4.6
202202261335,10.0,5.1
202202261355,40.0,3.1
202202261415,30.0,3.6
202202261435,20.0,5.1
202202261455,20.0,3.1
202202261535,40.0,3.1
202202261615,40.0,2.6
202202261635,20.0,4.1
202202261655,20.0,2.6
202202261715,10.0,3.1
202202261735,,3.6
202202261755,,3.6
202202261815,10.0,2.6
202202261835,20.0,2.1
202202261855,30.0,3.1
202202261915,20.0,3.6
202202261935,30.0,2.6
202202261955,30.0,2.1
202202262015,30.0,2.6
202202262035,30.0,4.1
202202262055,40.0,2.6
202202262115,20.0,4.1
202202262135,10.0,4.1
202202262155,20.0,4.1
202202262215,30.0,2.1
202202262235,20.0,3.6
202202262255,20.0,2.1
202202262315,10.0,2.6
202202262355,20.0,3.6
202202270015,10.0,3.1
202202270115,20.0,1.5
202202270135,,1.5
202202270155,10.0,2.6
202202270235,10.0,3.1
202202270255,20.0,3.1
202202270315,30.0,3.1
202202270335,20.0,2.6
202202270355,,2.1
202202270415,30.0,1.5
202202270435,20.0,2.1
202202270455,40.0,1.5
202202270515,20.0,1.5
202202270535,10.0,1.5
202202270555,10.0,1.5
202202270615,,1.5
202202270635,0.0,0.0
202202270655,30.0,2.1
202202270715,30.0,2.1
202202270815,0.0,0.0
202202270835,20.0,2.1
202202270855,20.0,1.5
202202270935,20.0,2.6
202202270955,20.0,2.6
202202271015,30.0,1.5
202202271035,10.0,2.6
202202271055,20.0,2.1
202202271135,0.0,0.0
202202271155,20.0,1.5
202202271215,10.0,1.5
202202271235,20.0,2.6
202202271255,10.0,2.6
202202271315,50.0,1.5
202202271335,10.0,2.1
202202271355,30.0,2.1
202202271415,20.0,3.1
202202271435,10.0,3.1
202202271455,20.0,4.1
202202271515,20.0,3.6
202202271535,20.0,3.1
202202271555,10.0,3.1
202202271615,10.0,2.6
202202271635,20.0,3.1
202202271655,,2.6
202202271715,10.0,2.1
202202271735,40.0,2.6
202202271755,30.0,2.1
202202271815,20.0,3.1
202202271835,20.0,3.6
202202271855,20.0,3.6
202202271915,20.0,4.1
202202271935,30.0,5.1
202202271955,20.0,4.1
202202272015,20.0,3.1
202202272035,10.0,3.6
202202272055,30.0,2.6
202202272115,10.0,3.1
202202272135,20.0,3.6
202202272155,20.0,2.6
202202272215,10.0,4.1
202202272235,10.0,2.6
202202272255,20.0,2.6
202202272315,30.0,3.1
202202272335,20.0,3.1
202202272355,10.0,2.6
202202280015,10.0,2.6
202202280035,10.0,2.6
202202280055,20.0,2.6
202202280115,20.0,2.1
202202280155,0.0,0.0
202202280215,0.0,0.0
202202280235,0.0,0.0
202202280255,0.0,0.0
202202280315,0.0,0.0
202202280335,0.0,0.0
202202280355,50.0,1.5
202202280415,0.0,0.0
202202280435,0.0,0.0
202202280455,0.0,0.0
202202280515,0.0,0.0
202202280535,0.0,0.0
202202280555,0.0,0.0
202202280615,50.0,1.5
202202280635,60.0,1.5
202202280655,60.0,1.5
202202280715,0.0,0.0
202202280735,60.0,1.5
202202280815,0.0,0.0
202202280835,60.0,1.5
202202280855,50.0,2.1
202202280915,40.0,2.1
202202280935,50.0,1.5
202202280955,40.0,2.1
202202281015,40.0,1.5
202202281035,40.0,2.1
202202281055,50.0,2.1
202202281115,0.0,0.0
202202281135,50.0,1.5
202202281155,50.0,2.1
202202281215,50.0,2.1
202202281235,60.0,1.5
202202281315,0.0,0.0
202202281335,80.0,1.5
202202281355,70.0,2.6
202202281415,40.0,2.6
202202281435,20.0,4.1
202202281515,10.0,3.1
202202281535,50.0,2.1
202202281555,10.0,4.6
202202281615,20.0,4.1
202202281635,20.0,3.6
202202281655,30.0,3.6
202202281715,20.0,2.1
202202281755,50.0,2.6
202202281815,20.0,2.1
202202281835,30.0,3.1
202202281855,40.0,2.6
202202281915,60.0,3.6
202202281935,60.0,1.5
202202281955,0.0,0.0
202202282015,60.0,2.6
202202282055,70.0,2.6
202202282115,100.0,1.5
202202282135,20.0,2.6
202202282155,0.0,0.0
202202282215,0.0,0.0
202202282235,0.0,0.0
202202282255,0.0,0.0
202202282315,0.0,0.0
202202282335,0.0,0.0
202202282355,0.0,0.0
202203010015,0.0,0.0
202203010035,0.0,0.0
202203010055,0.0,0.0
202203010115,0.0,0.0
202203010135,0.0,0.0
202203010155,0.0,0.0
202203010215,0.0,0.0
202203010235,0.0,0.0
202203010255,0.0,0.0
202203010315,0.0,0.0
202203010335,0.0,0.0
202203010355,0.0,0.0
202203010415,0.0,0.0
202203010435,0.0,0.0
202203010455,0.0,0.0
202203010515,0.0,0.0
202203010535,0.0,0.0
202203010555,0.0,0.0
202203010615,0.0,0.0
202203010635,0.0,0.0
202203010655,0.0,0.0
202203010715,0.0,0.0
202203010735,0.0,0.0
202203010755,0.0,0.0
202203010815,0.0,0.0
202203010835,0.0,0.0
202203010855,0.0,0.0
202203010915,0.0,0.0
202203010935,0.0,0.0
202203010955,0.0,0.0
202203011035,0.0,0.0
202203011055,0.0,0.0
202203011135,0.0,0.0
202203011155,0.0,0.0
202203011215,0.0,0.0
202203011235,0.0,0.0
202203011255,0.0,0.0
202203011315,0.0,0.0
202203011355,0.0,0.0
202203011415,0.0,0.0
202203011435,0.0,0.0
202203011515,0.0,0.0
202203011535,0.0,0.0
202203011555,0.0,0.0
202203011615,0.0,0.0
202203011635,0.0,0.0
202203011655,170.0,1.5
202203011715,60.0,2.6
202203011735,0.0,0.0
202203011755,0.0,0.0
202203011815,0.0,0.0
202203011835,160.0,1.5
202203011855,100.0,1.5
202203011915,220.0,2.1
202203011935,270.0,2.6
202203011955,250.0,1.5
202203012015,170.0,1.5
202203012055,220.0,1.5
202203012115,290.0,2.1
202203012135,310.0,1.5
202203012155,280.0,2.6
202203012215,290.0,2.6
202203012235,300.0,2.6
202203012255,0.0,0.0
202203012315,260.0,3.1
202203012335,270.0,1.5
202203012355,270.0,2.1
202203020015,0.0,0.0
202203020035,0.0,0.0
202203020055,0.0,0.0
202203020115,0.0,0.0
202203020135,0.0,0.0
202203020155,0.0,0.0
202203020215,0.0,0.0
202203020235,0.0,0.0
202203020255,0.0,0.0
202203020315,0.0,0.0
202203020335,0.0,0.0
202203020355,0.0,0.0
202203020415,0.0,0.0
202203020435,0.0,0.0
202203020455,0.0,0.0
202203020515,0.0,0.0
202203020535,0.0,0.0
202203020555,0.0,0.0
202203020615,0.0,0.0
202203020635,0.0,0.0
202203020655,0.0,0.0
202203020735,0.0,0.0
202203020755,0.0,0.0
202203020815,0.0,0.0
202203020835,0.0,0.0
202203020855,0.0,0.0
202203020915,0.0,0.0
202203020935,0.0,0.0
202203020955,0.0,0.0
202203021015,0.0,0.0
202203021035,0.0,0.0
202203021055,0.0,0.0
202203021115,0.0,0.0
202203021135,0.0,0.0
202203021155,0.0,0.0
202203021215,0.0,0.0
202203021235,0.0,0.0
202203021255,0.0,0.0
202203021315,0.0,0.0
202203021335,0.0,0.0
202203021355,0.0,0.0
202203021415,220.0,1.5
202203021435,0.0,0.0
202203021455,250.0,1.5
202203021515,230.0,2.1
202203021535,230.0,1.5
202203021555,230.0,2.6
202203021615,230.0,1.5
202203021635,160.0,1.5
202203021655,0.0,0.0
202203021715,0.0,0.0
202203021735,0.0,0.0
202203021755,0.0,0.0
202203021835,0.0,0.0
202203021855,0.0,0.0
202203021915,240.0,4.6
202203021955,310.0,3.6
202203022015,280.0,2.6
202203022035,300.0,2.1
202203022055,20.0,3.1
202203022115,270.0,2.6
202203022135,290.0,2.6
202203022155,10.0,1.5
202203022235,320.0,2.6
202203022255,320.0,1.5
202203022315,0.0,0.0
202203022335,0.0,0.0
202203022355,0.0,0.0
202203030015,0.0,0.0
202203030035,0.0,0.0
202203030055,0.0,0.0
202203030135,0.0,0.0
202203030155,0.0,0.0
202203030235,0.0,0.0
202203030255,0.0,0.0
202203030315,0.0,0.0
202203030355,0.0,0.0
202203030415,0.0,0.0
202203030435,0.0,0.0
202203030455,0.0,0.0
202203030535,0.0,0.0
202203030555,0.0,0.0
202203030615,0.0,0.0
202203030635,0.0,0.0
202203030655,0.0,0.0
202203030715,0.0,0.0
202203030735,0.0,0.0
202203030755,0.0,0.0
202203030815,0.0,0.0
202203030835,0.0,0.0
202203030855,0.0,0.0
202203030915,0.0,0.0
202203030935,0.0,0.0
202203030955,0.0,0.0
202203031015,0.0,0.0
202203031035,0.0,0.0
202203031115,0.0,0.0
202203031135,0.0,0.0
202203031155,0.0,0.0
202203031215,0.0,0.0
202203031235,0.0,0.0
202203031255,0.0,0.0
202203031315,0.0,0.0
202203031335,0.0,0.0
202203031355,0.0,0.0
202203031415,0.0,0.0
202203031435,0.0,0.0
202203031455,0.0,0.0
202203031515,0.0,0.0
202203031535,200.0,1.5
202203031615,0.0,0.0
202203031635,220.0,1.5
202203031655,150.0,1.5
202203031715,200.0,1.5
202203031735,0.0,0.0
202203031755,130.0,1.5
202203031815,0.0,0.0
202203031835,50.0,1.5
202203031855,170.0,2.1
202203031915,90.0,1.5
202203031935,0.0,0.0
202203031955,220.0,2.1
202203032015,0.0,0.0
202203032035,0.0,0.0
202203032055,230.0,2.6
202203032115,330.0,3.1
202203032135,300.0,2.6
202203032155,320.0,2.1
202203032215,260.0,2.6
202203032235,260.0,2.1
202203032255,0.0,0.0
202203032335,290.0,1.5
202203032355,0.0,0.0
202203040015,0.0,0.0
202203040035,0.0,0.0
202203040055,0.0,0.0
202203040115,0.0,0.0
202203040135,0.0,0.0
202203040155,0.0,0.0
202203040215,0.0,0.0
202203040255,0.0,0.0
202203040315,0.0,0.0
202203040335,0.0,0.0
202203040355,0.0,0.0
202203040415,0.0,0.0
202203040435,0.0,0.0
202203040455,0.0,0.0
202203040515,0.0,0.0
202203040535,0.0,0.0
202203040555,0.0,0.0
202203040615,0.0,0.0
202203040635,0.0,0.0
202203040655,0.0,0.0
202203040715,0.0,0.0
202203040735,0.0,0.0
202203040755,0.0,0.0
202203040815,0.0,0.0
202203040835,0.0,0.0
202203040855,0.0,0.0
202203040915,0.0,0.0
202203040935,0.0,0.0
202203040955,0.0,0.0
202203041015,0.0,0.0
202203041035,0.0,0.0
202203041055,0.0,0.0
202203041115,0.0,0.0
202203041135,0.0,0.0
202203041155,0.0,0.0
202203041215,0.0,0.0
202203041235,0.0,0.0
202203041255,0.0,0.0
202203041335,0.0,0.0
202203041355,70.0,2.1
202203041415,80.0,1.5
202203041435,50.0,1.5
202203041455,0.0,0.0
202203041515,0.0,0.0
202203041535,0.0,0.0
202203041555,0.0,0.0
202203041615,0.0,0.0
202203041635,240.0,1.5
202203041655,230.0,1.5
202203041715,250.0,2.6
202203041815,0.0,0.0
202203041835,0.0,0.0
202203041855,200.0,1.5
202203041915,250.0,3.6
202203041935,190.0,2.1
202203041955,190.0,2.6
202203042015,230.0,3.6
202203042035,240.0,3.6
202203042055,220.0,2.1
202203042115,180.0,2.1
202203042135,210.0,4.6
202203042155,210.0,2.6
202203042215,180.0,2.6
202203042235,190.0,3.1
202203042315,0.0,0.0
202203042335,150.0,1.5
202203042355,150.0,1.5
202203050015,0.0,0.0
202203050035,0.0,0.0
202203050055,0.0,0.0
202203050115,0.0,0.0
202203050135,0.0,0.0
202203050155,0.0,0.0
202203050215,0.0,0.0
202203050235,190.0,1.5
202203050255,0.0,0.0
202203050315,200.0,1.5
202203050335,0.0,0.0
202203050355,0.0,0.0
202203050415,0.0,0.0
202203050435,0.0,0.0
202203050455,0.0,0.0
202203050515,0.0,0.0
202203050535,220.0,2.6
202203050555,190.0,2.6
202203050615,180.0,3.1
202203050635,200.0,2.6
202203050655,220.0,3.1
202203050715,240.0,3.6
202203050735,210.0,2.1
202203050755,200.0,2.1
202203050815,230.0,1.5
202203050835,210.0,2.1
202203050855,230.0,3.1
202203050915,200.0,1.5
202203050935,190.0,1.5
202203051015,0.0,0.0
202203051035,0.0,0.0
202203051055,0.0,0.0
202203051115,0.0,0.0
202203051135,0.0,0.0
202203051155,0.0,0.0
202203051215,0.0,0.0
202203051235,0.0,0.0
202203051255,250.0,1.5
202203051315,220.0,2.6
202203051335,220.0,3.1
202203051355,210.0,1.5
202203051415,210.0,1.5
202203051435,220.0,2.6
202203051455,210.0,2.1
202203051515,200.0,3.6
202203051535,190.0,1.5
202203051555,180.0,1.5
202203051615,220.0,3.6
202203051635,220.0,3.6
202203051655,180.0,5.1
202203051715,180.0,2.1
202203051735,180.0,3.1
202203051755,180.0,3.6
202203051815,170.0,4.6
202203051835,210.0,5.1
202203051855,190.0,3.1
202203051935,200.0,4.1
202203051955,180.0,2.6
202203052015,190.0,3.6
202203052035,210.0,4.1
202203052055,190.0,5.1
202203052115,210.0,4.6
202203052135,190.0,4.6
202203052155,170.0,3.1
202203052215,220.0,4.6
202203052235,190.0,3.6
202203052315,190.0,3.6
202203052355,180.0,2.6
202203060015,190.0,3.1
202203060035,190.0,2.6
202203060055,190.0,3.1
202203060115,190.0,2.6
202203060135,190.0,3.1
202203060155,190.0,2.6
202203060635,0.0,0.0
202203060655,0.0,0.0
202203060715,0.0,0.0
202203060735,0.0,0.0
202203060755,0.0,0.0
202203060815,0.0,0.0
202203060835,0.0,0.0
202203060855,0.0,0.0
202203060915,0.0,0.0
202203060935,0.0,0.0
202203060955,0.0,0.0
202203061015,0.0,0.0
202203061035,0.0,0.0
202203061055,0.0,0.0
202203061115,0.0,0.0
202203061135,0.0,0.0
202203061155,0.0,0.0
202203061215,0.0,0.0
202203061235,0.0,0.0
202203061255,0.0,0.0
202203061315,240.0,2.6
202203061335,0.0,0.0
202203061355,230.0,2.6
202203061415,220.0,3.1
202203061435,230.0,3.6
202203061455,230.0,3.1
202203061515,230.0,3.6
202203061535,230.0,4.1
202203061555,200.0,3.6
202203061615,200.0,4.1
202203061635,210.0,4.6
202203061655,200.0,5.7
202203061715,210.0,4.6
202203061735,210.0,4.1
202203061755,220.0,5.1
202203061815,220.0,4.6
202203061835,210.0,4.6
202203061855,210.0,5.1
202203061915,220.0,4.1
202203061935,200.0,4.1
202203061955,220.0,3.6
202203062015,220.0,4.6
202203062035,220.0,5.1
202203062055,220.0,3.1
202203062115,240.0,3.6
202203062135,220.0,4.1
202203062155,230.0,2.6
202203062215,220.0,3.1
202203062235,230.0,2.1
202203062255,230.0,2.1
202203062315,220.0,2.1
202203062335,220.0,1.5
202203062355,0.0,0.0
202203070035,0.0,0.0
202203070055,0.0,0.0
202203070115,0.0,0.0
202203070135,0.0,0.0
202203070155,0.0,0.0
202203070215,0.0,0.0
202203070235,0.0,0.0
202203070255,0.0,0.0
202203070335,0.0,0.0
202203070355,0.0,0.0
202203070415,0.0,0.0
202203070455,0.0,0.0
202203070515,0.0,0.0
202203070535,0.0,0.0
202203070555,0.0,0.0
202203070615,0.0,0.0
202203070635,0.0,0.0
202203070655,220.0,2.1
202203070715,220.0,1.5
202203070735,210.0,1.5
202203070815,200.0,1.5
202203070835,210.0,1.5
202203070855,210.0,1.5
202203070915,210.0,1.5
202203070935,200.0,2.1
202203070955,230.0,1.5
202203071015,220.0,1.5
202203071035,210.0,2.1
202203071055,200.0,3.1
202203071115,200.0,3.1
202203071135,200.0,4.6
202203071155,210.0,3.6
202203071215,210.0,2.6
202203071235,210.0,3.1
202203071255,210.0,2.1
202203071315,190.0,4.1
202203071335,190.0,5.1
202203071355,210.0,4.1
202203071415,210.0,6.2
202203071435,210.0,3.6
202203071455,200.0,3.6
202203071515,200.0,5.1
202203071535,210.0,4.1
202203071555,210.0,4.1
202203071615,210.0,4.6
202203071635,200.0,5.1
202203071655,210.0,4.1
202203071715,220.0,7.2
202203071735,220.0,5.7
202203071755,210.0,5.1
202203071815,210.0,4.6
202203071835,260.0,5.7
202203071855,300.0,4.1
202203071915,330.0,6.2
202203071935,320.0,4.6
202203071955,100.0,1.5
202203072015,0.0,0.0
202203072035,0.0,0.0
202203072055,0.0,0.0
202203072115,310.0,1.5
202203072135,330.0,2.1
202203072155,310.0,3.1
202203072215,280.0,1.5
202203072235,320.0,2.6
202203072255,340.0,2.6
202203072335,270.0,2.1
202203072355,0.0,0.0
202203080055,350.0,3.1
202203080115,340.0,2.6
202203080135,350.0,2.6
202203080215,340.0,3.6
202203080235,,3.6
202203080255,350.0,2.1
202203080315,350.0,2.6
202203080335,,2.6
202203080355,20.0,5.1
202203080415,10.0,3.6
202203080435,20.0,2.1
202203080455,40.0,3.1
202203080515,10.0,3.1
202203080555,20.0,3.6
202203080635,20.0,3.6
202203080655,10.0,3.6
202203080715,,3.6
202203080735,,3.6
202203080815,10.0,3.6
202203080835,10.0,3.6
202203080855,20.0,4.1
202203080915,,3.6
202203080935,,4.6
202203080955,10.0,3.6
202203081015,20.0,4.1
202203081035,10.0,4.1
202203081055,10.0,3.1
202203081115,20.0,3.1
202203081135,20.0,3.6
202203081155,10.0,4.6
202203081215,,2.6
202203081235,20.0,3.6
202203081255,10.0,3.6
202203081315,20.0,4.1
202203081335,20.0,5.1
202203081355,10.0,4.6
202203081415,10.0,5.1
202203081435,30.0,3.1
202203081455,30.0,2.6
202203081515,20.0,2.6
202203081535,50.0,2.6
202203081555,40.0,3.1
202203081615,70.0,1.5
202203081635,20.0,3.1
202203081655,30.0,2.6
202203081715,40.0,2.1
202203081735,60.0,2.6
202203081755,40.0,2.6
202203081815,,2.6
202203081835,,2.1
202203081855,10.0,1.5
202203081915,,2.1
202203081935,30.0,2.1
202203081955,0.0,0.0
202203082015,230.0,1.5
202203082035,0.0,0.0
202203082055,0.0,0.0
202203082115,0.0,0.0
202203082135,0.0,0.0
202203082155,150.0,1.5
202203082215,200.0,1.5
202203082235,0.0,0.0
202203082255,0.0,0.0
202203082315,0.0,0.0
202203082335,0.0,0.0
202203082355,0.0,0.0
202203090015,340.0,1.5
202203090035,0.0,0.0
202203090055,0.0,0.0
202203090115,70.0,1.5
202203090135,330.0,2.1
202203090155,0.0,0.0
202203090215,60.0,1.5
202203090235,0.0,0.0
202203090255,0.0,0.0
202203090315,0.0,0.0
202203090335,20.0,2.1
202203090415,340.0,3.1
202203090435,10.0,2.6
202203090455,70.0,2.1
202203090515,0.0,0.0
202203090535,0.0,0.0
202203090555,330.0,1.5
202203090615,0.0,0.0
202203090635,20.0,2.6
202203090655,340.0,2.1
202203090715,0.0,0.0
202203090735,0.0,0.0
202203090755,270.0,2.6
202203090815,230.0,2.1
202203090835,0.0,0.0
202203090855,210.0,1.5
202203090915,220.0,2.1
202203090935,220.0,2.1
202203090955,210.0,1.5
202203091015,0.0,0.0
202203091035,0.0,0.0
202203091055,0.0,0.0
202203091135,0.0,0.0
202203091155,0.0,0.0
202203091215,0.0,0.0
202203091235,330.0,2.1
202203091255,0.0,0.0
202203091315,340.0,2.1
202203091335,10.0,2.1
202203091355,340.0,4.1
202203091415,10.0,3.1
202203091435,340.0,4.1
202203091455,,4.1
202203091515,350.0,4.6
202203091535,,5.1
202203091555,,4.1
202203091615,350.0,5.1
202203091635,10.0,2.1
202203091655,10.0,3.1
202203091715,50.0,3.1
202203091735,,2.6
202203091755,20.0,5.7
202203091815,30.0,4.6
202203091835,20.0,4.1
202203091855,20.0,4.1
202203091915,50.0,2.6
202203091935,30.0,3.6
202203091955,20.0,3.6
202203092015,40.0,2.1
202203092035,40.0,2.1
202203092055,10.0,1.5
202203092115,40.0,3.1
202203092135,20.0,2.6
202203092155,70.0,1.5
202203092215,70.0,2.1
202203092235,50.0,2.1
202203092315,60.0,1.5
202203092335,0.0,0.0
202203092355,0.0,0.0
202203100015,0.0,0.0
202203100035,0.0,0.0
202203100055,0.0,0.0
202203100115,0.0,0.0
202203100135,30.0,1.5
202203100155,0.0,0.0
202203100215,20.0,3.1
202203100235,10.0,3.6
202203100255,20.0,2.6
202203100315,10.0,3.6
202203100335,10.0,2.6
202203100355,10.0,2.6
202203100415,10.0,2.6
202203100435,20.0,3.1
202203100515,20.0,2.6
202203100535,20.0,2.1
202203100555,10.0,2.1
202203100615,30.0,2.1
202203100635,20.0,3.1
202203100655,20.0,2.1
202203100715,0.0,0.0
202203100735,20.0,3.1
202203100755,10.0,3.1
202203100815,20.0,3.1
202203100835,,2.6
202203100855,10.0,3.1
202203100915,10.0,2.6
202203100935,20.0,2.6
202203100955,10.0,2.6
202203101015,0.0,0.0
202203101035,0.0,0.0
202203101055,0.0,0.0
202203101115,0.0,0.0
202203101135,0.0,0.0
202203101215,0.0,0.0
202203101235,10.0,2.1
202203101255,40.0,1.5
202203101315,30.0,1.5
202203101335,20.0,2.6
202203101355,30.0,2.6
202203101415,50.0,2.6
202203101435,50.0,2.6
202203101455,40.0,2.1
202203101515,10.0,2.6
202203101535,0.0,0.0
202203101555,0.0,0.0
202203101615,70.0,1.5
202203101635,10.0,1.5
202203101655,0.0,0.0
202203101715,320.0,1.5
202203101735,0.0,0.0
202203101755,0.0,0.0
202203101815,0.0,0.0
202203101835,0.0,0.0
202203101855,60.0,1.5
202203101915,0.0,0.0
202203101935,150.0,2.1
202203101955,170.0,1.5
202203102015,0.0,0.0
202203102035,0.0,0.0
202203102055,0.0,0.0
202203102115,0.0,0.0
202203102135,20.0,1.5
202203102155,210.0,1.5
202203102215,0.0,0.0
202203102235,0.0,0.0
202203102255,250.0,1.5
202203102315,0.0,0.0
202203102335,0.0,0.0
202203102355,0.0,0.0
202203110015,0.0,0.0
202203110035,0.0,0.0
202203110055,0.0,0.0
202203110115,0.0,0.0
202203110135,0.0,0.0
202203110155,0.0,0.0
202203110215,0.0,0.0
202203110235,0.0,0.0
202203110255,130.0,1.5
202203110315,0.0,0.0
202203110335,250.0,1.5
202203110355,0.0,0.0
202203110415,0.0,0.0
202203110435,0.0,0.0
202203110455,0.0,0.0
202203110515,0.0,0.0
202203110535,0.0,0.0
202203110555,0.0,0.0
202203110615,240.0,1.5
202203110655,0.0,0.0
202203110715,0.0,0.0
202203110735,0.0,0.0
202203110755,220.0,1.5
202203110815,210.0,1.5
202203110835,170.0,1.5
202203110855,170.0,2.1
202203110915,220.0,1.5
202203110935,210.0,1.5
202203110955,0.0,0.0
202203111015,0.0,0.0
202203111035,230.0,1.5
202203111055,0.0,0.0
202203111115,0.0,0.0
202203111135,0.0,0.0
202203111155,0.0,0.0
202203111215,220.0,1.5
202203111235,230.0,1.5
202203111255,250.0,1.5
202203111315,230.0,1.5
202203111335,0.0,0.0
202203111355,0.0,0.0
202203111415,0.0,0.0
202203111435,0.0,0.0
202203111455,0.0,0.0
202203111515,230.0,1.5
202203111535,230.0,1.5
202203111555,220.0,2.1
202203111615,240.0,2.6
202203111635,240.0,3.1
202203111655,230.0,2.1
202203111715,220.0,1.5
202203111735,240.0,3.1
202203111755,250.0,2.6
202203111815,280.0,1.5
202203111835,240.0,2.1
202203111855,0.0,0.0
202203111915,0.0,0.0
202203111935,0.0,0.0
202203111955,0.0,0.0
202203112015,210.0,1.5
202203112035,230.0,3.1
202203112055,0.0,0.0
202203112115,0.0,0.0
202203112135,240.0,2.6
202203112155,0.0,0.0
202203112215,220.0,2.1
202203112235,230.0,2.1
202203112255,210.0,2.1
202203112315,200.0,1.5
202203112335,0.0,0.0
202203112355,0.0,0.0
202203120015,0.0,0.0
202203120035,0.0,0.0
202203120055,0.0,0.0
202203120115,0.0,0.0
202203120135,0.0,0.0
202203120155,0.0,0.0
202203120215,0.0,0.0
202203120235,0.0,0.0
202203120255,0.0,0.0
202203120355,0.0,0.0
202203120415,320.0,3.1
202203120435,,6.7
202203120455,,6.7
202203120515,,6.7
202203120555,10.0,5.7
202203120615,,6.2
202203120635,20.0,6.2
202203120655,10.0,3.1
202203120715,20.0,5.7
202203120735,10.0,8.2
202203120755,10.0,6.2
202203120815,,5.1
202203120835,20.0,5.1
202203120855,10.0,5.7
202203120915,10.0,5.1
202203120935,10.0,5.1
202203120955,20.0,7.2
202203121015,10.0,7.7
202203121035,,4.6
202203121055,,8.2
202203121115,,5.7
202203121135,,6.2
202203121155,,4.6
202203121215,350.0,5.1
202203121235,340.0,5.7
202203121255,340.0,7.2
202203121315,350.0,4.1
202203121335,350.0,5.7
202203121355,10.0,6.2
202203121415,10.0,7.2
202203121455,340.0,3.6
202203121515,350.0,6.2
202203121535,340.0,8.2
202203121555,350.0,8.2
202203121615,340.0,5.1
202203121635,10.0,5.7
202203121655,340.0,6.7
202203121715,10.0,7.2
202203121755,330.0,6.2
202203121815,10.0,8.2
202203121835,,6.2
202203121855,330.0,5.7
202203121915,320.0,7.2
202203121935,330.0,5.7
202203121955,350.0,6.2
202203122015,340.0,4.1
202203122035,20.0,5.7
202203122055,340.0,6.7
202203122115,330.0,6.2
202203122135,,6.2
202203122155,340.0,3.6
202203122215,330.0,4.6
202203122235,350.0,4.1
202203122255,,3.6
202203122315,320.0,5.7
202203122335,340.0,3.1
202203122355,350.0,2.6
202203130015,10.0,2.1
202203130035,10.0,2.1
202203130115,,2.1
202203130135,350.0,2.1
202203130155,0.0,0.0
202203130235,,2.1
202203130255,0.0,0.0
202203130315,0.0,0.0
202203130335,,1.5
202203130355,0.0,0.0
202203130415,0.0,0.0
202203130435,0.0,0.0
202203130455,60.0,1.5
202203130515,0.0,0.0
202203130535,0.0,0.0
202203130555,0.0,0.0
202203130615,0.0,0.0
202203130635,0.0,0.0
202203130655,0.0,0.0
202203130715,0.0,0.0
202203130735,0.0,0.0
202203130755,0.0,0.0
202203130815,0.0,0.0
202203130835,0.0,0.0
202203130855,0.0,0.0
202203130915,0.0,0.0
202203130935,0.0,0.0
202203130955,0.0,0.0
202203131015,0.0,0.0
202203131035,0.0,0.0
202203131055,0.0,0.0
202203131115,0.0,0.0
202203131135,0.0,0.0
202203131155,0.0,0.0
202203131215,0.0,0.0
202203131255,0.0,0.0
202203131315,0.0,0.0
202203131335,0.0,0.0
202203131415,190.0,1.5
202203131435,240.0,2.1
202203131455,220.0,2.1
202203131515,220.0,1.5
202203131535,210.0,2.1
202203131555,200.0,2.1
202203131615,220.0,1.5
202203131635,230.0,3.6
202203131655,170.0,1.5
202203131715,230.0,1.5
202203131735,210.0,2.1
202203131755,240.0,3.6
202203131815,240.0,3.6
202203131835,210.0,1.5
202203131855,240.0,3.1
202203131915,170.0,2.6
202203131935,240.0,4.1
202203131955,200.0,2.1
202203132015,230.0,2.6
202203132035,210.0,2.6
202203132055,150.0,2.1
202203132115,0.0,0.0
202203132135,200.0,1.5
202203132155,190.0,3.6
202203132215,210.0,2.6
202203132235,170.0,1.5
202203132255,200.0,1.5
202203132335,200.0,2.6
202203132355,190.0,2.6
202203140015,200.0,1.5
202203140055,0.0,0.0
202203140115,0.0,0.0
202203140135,0.0,0.0
202203140155,0.0,0.0
202203140215,0.0,0.0
202203140235,0.0,0.0
202203140255,0.0,0.0
202203140315,0.0,0.0
202203140335,0.0,0.0
202203140355,0.0,0.0
202203140415,0.0,0.0
202203140435,0.0,0.0
202203140455,0.0,0.0
202203140515,0.0,0.0
202203140535,0.0,0.0
202203140555,0.0,0.0
202203140615,0.0,0.0
202203140635,0.0,0.0
202203140655,0.0,0.0
202203140715,0.0,0.0
202203140735,0.0,0.0
202203140755,0.0,0.0
202203140815,0.0,0.0
202203140835,0.0,0.0
202203140855,0.0,0.0
202203140915,0.0,0.0
202203140935,0.0,0.0
202203140955,0.0,0.0
202203141035,0.0,0.0
202203141115,0.0,0.0
202203141135,0.0,0.0
202203141155,0.0,0.0
202203141215,0.0,0.0
202203141235,0.0,0.0
202203141255,0.0,0.0
202203141315,0.0,0.0
202203141355,0.0,0.0
202203141415,220.0,1.5
202203141455,0.0,0.0
202203141535,0.0,0.0
202203141555,200.0,2.1
202203141615,240.0,3.1
202203141635,0.0,0.0
202203141655,150.0,2.1
202203141715,220.0,2.1
202203141735,190.0,1.5
202203141750,210.0,3.6
202203141815,210.0,3.6
202203141835,160.0,3.6
202203141855,210.0,5.1
202203141915,140.0,3.1
202203141935,190.0,5.1
202203141955,210.0,3.6
202203142015,180.0,4.1
202203142035,180.0,2.1
202203142055,180.0,1.5
202203142115,210.0,1.5
202203142135,200.0,2.6
202203142155,190.0,2.6
202203142215,170.0,2.6
202203142235,190.0,2.1
202203142255,170.0,1.5
202203142315,190.0,2.1
202203142335,180.0,1.5
202203142355,180.0,1.5
202203150015,0.0,0.0
202203150035,0.0,0.0
202203150055,0.0,0.0
202203150115,0.0,0.0
202203150135,0.0,0.0
202203150155,0.0,0.0
202203150215,0.0,0.0
202203150235,0.0,0.0
202203150255,0.0,0.0
202203150315,240.0,1.5
202203150335,0.0,0.0
202203150355,0.0,0.0
202203150415,0.0,0.0
202203150455,0.0,0.0
202203150515,0.0,0.0
202203150535,0.0,0.0
202203150555,0.0,0.0
202203150615,0.0,0.0
202203150635,0.0,0.0
202203150655,0.0,0.0
202203150715,0.0,0.0
202203150735,0.0,0.0
202203150755,0.0,0.0
202203150815,0.0,0.0
202203150835,0.0,0.0
202203150855,0.0,0.0
202203150915,0.0,0.0
202203150935,0.0,0.0
202203150955,0.0,0.0
202203151015,0.0,0.0
202203151035,0.0,0.0
202203151055,0.0,0.0
202203151115,0.0,0.0
202203151135,0.0,0.0
202203151155,0.0,0.0
202203151215,0.0,0.0
202203151235,0.0,0.0
202203151255,0.0,0.0
202203151315,0.0,0.0
202203151335,0.0,0.0
202203151355,0.0,0.0
202203151415,170.0,1.5
202203151435,0.0,0.0
202203151455,0.0,0.0
202203151515,180.0,1.5
202203151535,220.0,1.5
202203151555,0.0,0.0
202203151615,0.0,0.0
202203151635,0.0,0.0
202203151655,0.0,0.0
202203151715,0.0,0.0
202203151735,0.0,0.0
202203151755,0.0,0.0
202203151815,120.0,1.5
202203151835,0.0,0.0
202203151855,110.0,1.5
202203151915,0.0,0.0
202203151935,0.0,0.0
202203151955,0.0,0.0
202203152015,0.0,0.0
202203152035,40.0,1.5
202203152055,40.0,1.5
202203152115,40.0,1.5
202203152135,70.0,2.1
202203152155,50.0,1.5
202203152215,0.0,0.0
202203152235,0.0,0.0
202203152255,0.0,0.0
202203152315,0.0,0.0
202203152335,0.0,0.0
202203152355,0.0,0.0
202203160035,0.0,0.0
202203160055,50.0,1.5
202203160115,20.0,1.5
202203160155,0.0,0.0
202203160215,0.0,0.0
202203160235,50.0,2.1
202203160255,0.0,0.0
202203160315,0.0,0.0
202203160335,0.0,0.0
202203160355,0.0,0.0
202203160415,0.0,0.0
202203160435,0.0,0.0
202203160515,0.0,0.0
202203160535,0.0,0.0
202203160555,0.0,0.0
202203160615,0.0,0.0
202203160635,0.0,0.0
202203160655,0.0,0.0
202203160715,0.0,0.0
202203160735,30.0,1.5
202203160755,30.0,2.1
202203160815,50.0,1.5
202203160835,40.0,2.1
202203160855,0.0,0.0
202203160915,50.0,2.6
202203160935,10.0,2.6
202203160955,10.0,3.1
202203161015,30.0,3.1
202203161035,0.0,0.0
202203161055,40.0,1.5
202203161115,20.0,1.5
202203161135,0.0,0.0
202203161155,0.0,0.0
202203161215,0.0,0.0
202203161235,20.0,2.1
202203161255,20.0,2.1
202203161315,20.0,1.5
202203161335,0.0,0.0
202203161355,10.0,1.5
202203161415,20.0,1.5
202203161435,40.0,1.5
202203161455,20.0,2.1
202203161515,10.0,1.5
202203161535,0.0,0.0
202203161555,20.0,2.1
202203161635,20.0,2.1
202203161655,0.0,0.0
202203161710,20.0,1.5
202203161735,0.0,0.0
202203161755,0.0,0.0
202203161815,350.0,1.5
202203161835,0.0,0.0
202203161855,0.0,0.0
202203161915,0.0,0.0
202203161935,10.0,1.5
202203161955,0.0,0.0
202203162015,0.0,0.0
202203162035,120.0,2.1
202203162055,200.0,2.6
202203162115,0.0,0.0
202203162135,0.0,0.0
202203162155,0.0,0.0
202203162215,140.0,2.1
202203162235,0.0,0.0
202203162255,200.0,1.5
202203162315,150.0,2.1
202203162355,180.0,2.1
202203170015,190.0,1.5
202203170035,0.0,0.0
202203170055,0.0,0.0
202203170115,0.0,0.0
202203170135,0.0,0.0
202203170155,0.0,0.0
202203170215,0.0,0.0
202203170235,0.0,0.0
202203170255,0.0,0.0
202203170315,0.0,0.0
202203170335,0.0,0.0
202203170355,0.0,0.0
202203170415,0.0,0.0
202203170455,0.0,0.0
202203170515,0.0,0.0
202203170535,0.0,0.0
202203170555,0.0,0.0
202203170615,0.0,0.0
202203170635,0.0,0.0
202203170655,0.0,0.0
202203170715,0.0,0.0
202203170735,0.0,0.0
202203170755,0.0,0.0
202203170835,0.0,0.0
202203170855,0.0,0.0
202203170935,0.0,0.0
202203170955,0.0,0.0
202203171015,0.0,0.0
202203171035,0.0,0.0
202203171055,0.0,0.0
202203171115,0.0,0.0
202203171135,0.0,0.0
202203171155,0.0,0.0
202203171215,0.0,0.0
202203171235,0.0,0.0
202203171255,0.0,0.0
202203171315,0.0,0.0
202203171335,0.0,0.0
202203171355,0.0,0.0
202203171415,0.0,0.0
202203171435,0.0,0.0
202203171455,0.0,0.0
202203171520,250.0,2.1
202203171535,0.0,0.0
202203171555,0.0,0.0
202203171615,290.0,1.5
202203171635,0.0,0.0
202203171655,0.0,0.0
202203171735,0.0,0.0
202203171755,0.0,0.0
202203171815,0.0,0.0
202203171835,210.0,3.1
202203171855,250.0,3.1
202203171915,0.0,0.0
202203171935,270.0,4.1
202203171955,240.0,1.5
202203172015,240.0,2.1
202203172035,240.0,4.6
202203172115,220.0,2.6
202203172135,210.0,3.1
202203172155,210.0,3.1
202203172215,200.0,2.6
202203172235,180.0,2.6
202203172255,220.0,2.6
202203172315,210.0,2.1
202203172335,220.0,2.1
202203172355,0.0,0.0
202203180015,0.0,0.0
202203180035,0.0,0.0
202203180055,0.0,0.0
202203180115,0.0,0.0
202203180135,0.0,0.0
202203180155,0.0,0.0
202203180215,0.0,0.0
202203180235,0.0,0.0
202203180255,0.0,0.0
202203180315,0.0,0.0
202203180335,0.0,0.0
202203180355,0.0,0.0
202203180415,0.0,0.0
202203180435,0.0,0.0
202203180455,0.0,0.0
202203180515,0.0,0.0
202203180535,0.0,0.0
202203180555,0.0,0.0
202203180615,0.0,0.0
202203180635,0.0,0.0
202203180655,0.0,0.0
202203180715,0.0,0.0
202203180735,0.0,0.0
202203180755,0.0,0.0
202203180815,0.0,0.0
202203180835,0.0,0.0
202203180855,0.0,0.0
202203180915,0.0,0.0
202203180935,0.0,0.0
202203180955,0.0,0.0
202203181015,0.0,0.0
202203181035,0.0,0.0
202203181055,0.0,0.0
202203181115,0.0,0.0
202203181135,0.0,0.0
202203181155,0.0,0.0
202203181215,0.0,0.0
202203181255,0.0,0.0
202203181315,0.0,0.0
202203181335,0.0,0.0
202203181355,0.0,0.0
202203181415,0.0,0.0
202203181435,220.0,2.6
202203181515,0.0,0.0
202203181535,130.0,1.5
202203181555,80.0,2.1
202203181615,140.0,2.1
202203181635,200.0,3.1
202203181655,190.0,2.6
202203181715,200.0,2.6
202203181735,200.0,3.6
202203181755,210.0,2.6
202203181815,200.0,3.1
202203181835,190.0,2.6
202203181855,200.0,3.1
202203181915,200.0,2.1
202203181935,200.0,3.1
202203181955,210.0,2.1
202203182015,190.0,2.1
202203182035,210.0,2.6
202203182055,190.0,2.1
202203182115,200.0,1.5
202203182135,0.0,0.0
202203182155,200.0,1.5
202203182215,180.0,2.1
202203182235,180.0,2.1
202203182255,180.0,2.1
202203182315,0.0,0.0
202203182335,190.0,2.1
202203182355,200.0,2.1
202203190015,180.0,3.1
202203190035,190.0,2.1
202203190055,180.0,2.1
202203190115,190.0,1.5
202203190135,180.0,1.5
202203190155,190.0,1.5
202203190215,180.0,2.1
202203190235,180.0,1.5
202203190255,180.0,3.1
202203190355,190.0,2.6
202203190415,180.0,2.6
202203190455,190.0,1.5
202203190535,0.0,0.0
202203190555,0.0,0.0
202203190635,200.0,2.1
202203190655,200.0,2.6
202203190715,220.0,2.1
202203190735,230.0,3.1
202203190755,260.0,7.2
202203190815,240.0,3.6
202203190835,250.0,3.6
202203190855,230.0,2.6
202203190915,230.0,3.1
202203190935,230.0,4.1
202203190955,230.0,3.6
202203191015,240.0,3.6
202203191035,230.0,4.6
202203191055,250.0,3.6
202203191115,240.0,3.6
202203191135,200.0,1.5
202203191155,220.0,3.6
202203191215,220.0,2.1
202203191235,230.0,4.1
202203191255,240.0,2.6
202203191315,230.0,3.6
202203191335,230.0,2.1
202203191355,190.0,2.6
202203191415,210.0,3.1
202203191435,220.0,3.6
202203191455,230.0,2.6
202203191515,220.0,3.1
202203191535,240.0,2.6
202203191555,250.0,4.1
202203191615,240.0,4.1
202203191635,230.0,5.7
202203191655,240.0,4.1
202203191715,280.0,4.1
202203191735,300.0,3.6
202203191755,270.0,4.6
202203191815,270.0,6.2
202203191835,290.0,3.1
202203191855,300.0,4.6
202203191915,300.0,3.6
202203191935,260.0,3.6
202203191955,320.0,5.7
202203192015,320.0,3.1
202203192035,280.0,4.1
202203192055,280.0,4.6
202203192115,290.0,4.1
202203192135,290.0,3.6
202203192155,300.0,1.5
202203192215,270.0,2.6
202203192235,250.0,4.6
202203192255,340.0,3.6
202203192315,310.0,2.6
202203192335,320.0,4.6
202203192355,310.0,4.1
202203200015,310.0,2.1
202203200035,320.0,3.6
202203200055,350.0,1.5
202203200115,330.0,2.1
202203200135,340.0,3.6
202203200155,330.0,3.1
202203200215,340.0,1.5
202203200235,350.0,1.5
202203200255,0.0,0.0
202203200315,0.0,0.0
202203200335,0.0,0.0
202203200355,0.0,0.0
202203200415,0.0,0.0
202203200435,0.0,0.0
202203200455,0.0,0.0
202203200515,0.0,0.0
202203200535,0.0,0.0
202203200555,0.0,0.0
202203200615,0.0,0.0
202203200635,0.0,0.0
202203200655,0.0,0.0
202203200715,0.0,0.0
202203200735,0.0,0.0
202203200755,0.0,0.0
202203200815,0.0,0.0
202203200835,0.0,0.0
202203200855,0.0,0.0
202203200915,0.0,0.0
202203200935,0.0,0.0
202203200955,0.0,0.0
202203201015,0.0,0.0
202203201035,0.0,0.0
202203201055,0.0,0.0
202203201115,0.0,0.0
202203201155,0.0,0.0
202203201235,0.0,0.0
202203201255,0.0,0.0
202203201315,0.0,0.0
202203201335,0.0,0.0
202203201355,0.0,0.0
202203201415,0.0,0.0
202203201435,0.0,0.0
202203201455,0.0,0.0
202203201515,0.0,0.0
202203201535,0.0,0.0
202203201555,40.0,2.6
202203201615,,6.7
202203201635,,4.1
202203201655,,5.1
202203201715,350.0,5.7
202203201735,350.0,5.7
202203201755,330.0,4.1
202203201815,350.0,2.6
202203201835,320.0,5.1
202203201855,340.0,6.2
202203201915,350.0,3.1
202203201935,330.0,3.1
202203201955,20.0,3.6
202203202015,300.0,3.1
202203202035,20.0,4.6
202203202055,310.0,2.1
202203202115,300.0,2.6
202203202135,320.0,2.6
202203202155,20.0,4.1
202203202215,350.0,1.5
202203202235,330.0,4.1
202203202255,10.0,2.6
202203202315,330.0,1.5
202203202335,330.0,1.5
202203202355,0.0,0.0
202203210015,0.0,0.0
202203210035,0.0,0.0
202203210055,0.0,0.0
202203210115,0.0,0.0
202203210135,0.0,0.0
202203210155,0.0,0.0
202203210215,0.0,0.0
202203210235,0.0,0.0
202203210255,0.0,0.0
202203210315,0.0,0.0
202203210335,0.0,0.0
202203210355,0.0,0.0
202203210415,0.0,0.0
202203210435,0.0,0.0
202203210455,0.0,0.0
202203210515,0.0,0.0
202203210535,0.0,0.0
202203210555,0.0,0.0
202203210615,0.0,0.0
202203210635,0.0,0.0
202203210655,0.0,0.0
202203210715,0.0,0.0
202203210755,0.0,0.0
202203210815,0.0,0.0
202203210835,0.0,0.0
202203210855,0.0,0.0
202203210915,0.0,0.0
202203210935,0.0,0.0
202203211015,0.0,0.0
202203211035,0.0,0.0
202203211055,0.0,0.0
202203211135,0.0,0.0
202203211155,0.0,0.0
202203211215,0.0,0.0
202203211235,0.0,0.0
202203211255,0.0,0.0
202203211335,0.0,0.0
202203211355,40.0,1.5
202203211415,60.0,1.5
202203211435,30.0,1.5
202203211455,0.0,0.0
202203211515,0.0,0.0
202203211555,180.0,1.5
202203211615,200.0,3.6
202203211635,170.0,1.5
202203211655,200.0,3.1
202203211715,130.0,2.6
202203211735,110.0,2.6
202203211755,150.0,2.6
202203211815,130.0,2.6
202203211835,160.0,3.1
202203211855,170.0,3.1
202203211915,170.0,3.1
202203211935,180.0,2.6
202203211955,0.0,0.0
202203212015,190.0,2.6
202203212035,150.0,2.1
202203212055,190.0,2.6
202203212135,180.0,3.6
202203212155,0.0,0.0
202203212235,160.0,1.5
202203212255,190.0,2.1
202203212315,170.0,2.1
202203212335,0.0,0.0
202203212355,0.0,0.0
202203220015,0.0,0.0
202203220035,0.0,0.0
202203220055,0.0,0.0
202203220115,0.0,0.0
202203220135,0.0,0.0
202203220155,210.0,1.5
202203220235,0.0,0.0
202203220255,210.0,1.5
202203220315,210.0,1.5
202203220335,200.0,2.1
202203220355,190.0,3.1
202203220415,190.0,2.6
202203220435,200.0,2.6
202203220455,220.0,2.1
202203220515,0.0,0.0
202203220535,0.0,0.0
202203220555,0.0,0.0
202203220615,0.0,0.0
202203220635,0.0,0.0
202203220655,0.0,0.0
202203220715,0.0,0.0
202203220735,0.0,0.0
202203220755,220.0,2.1
202203220815,180.0,2.6
202203220835,190.0,2.6
202203220855,220.0,2.1
202203220915,230.0,2.6
202203220935,210.0,1.5
202203220955,230.0,2.1
202203221015,210.0,2.1
202203221035,220.0,2.6
202203221055,230.0,2.1
202203221115,220.0,2.6
202203221155,230.0,2.6
202203221215,230.0,2.6
202203221235,220.0,2.1
202203221255,220.0,2.6
202203221315,230.0,2.1
202203221335,220.0,2.6
202203221355,200.0,2.1
202203221415,190.0,3.1
202203221435,200.0,2.6
202203221455,170.0,4.6
202203221515,200.0,4.6
202203221535,180.0,3.6
202203221555,170.0,4.1
202203221615,180.0,6.7
202203221635,170.0,3.1
202203221655,160.0,6.7
202203221715,180.0,1.5
202203221735,150.0,4.1
202203221755,170.0,3.1
202203221815,190.0,4.1
202203221855,160.0,4.1
202203221915,190.0,3.1
202203221935,150.0,3.1
202203221955,190.0,5.7
202203222015,160.0,5.7
202203222035,160.0,3.6
202203222055,180.0,5.7
202203222115,160.0,4.1
202203222135,170.0,2.6
202203222155,180.0,4.1
202203222215,160.0,5.1
202203222235,180.0,3.6
202203222255,170.0,4.1
202203222355,180.0,3.6
202203230035,190.0,3.1
202203230055,170.0,3.1
202203230115,190.0,3.1
202203230135,180.0,4.6
202203230155,170.0,4.6
202203230215,180.0,4.6
202203230255,180.0,3.1
202203230315,220.0,4.1
202203230335,230.0,4.1
202203230355,230.0,2.6
202203230415,250.0,3.6
202203230435,160.0,2.6
202203230455,190.0,3.1
202203230515,200.0,3.6
202203230535,0.0,0.0
202203230555,260.0,3.6
202203230615,210.0,3.1
202203230635,230.0,2.6
202203230655,180.0,2.6
202203230715,190.0,3.6
202203230735,200.0,3.6
202203230755,220.0,3.1
202203230815,210.0,2.1
202203230835,210.0,2.1
202203230855,210.0,2.1
202203230915,0.0,0.0
202203230935,0.0,0.0
202203230955,0.0,0.0
202203231015,220.0,1.5
202203231035,0.0,0.0
202203231055,280.0,1.5
202203231115,250.0,1.5
202203231135,260.0,2.6
202203231155,230.0,1.5
202203231215,0.0,0.0
202203231235,0.0,0.0
202203231255,250.0,2.6
202203231315,210.0,3.6
202203231335,210.0,2.6
202203231355,180.0,4.6
202203231415,190.0,3.6
202203231435,180.0,4.1
202203231455,180.0,3.6
202203231515,200.0,3.6
202203231535,220.0,5.1
202203231555,220.0,7.2
202203231615,230.0,9.3
202203231635,220.0,8.2
202203231655,220.0,6.2
202203231715,230.0,7.7
202203231735,230.0,9.3
202203231755,230.0,9.8
202203231815,230.0,7.7
202203231835,220.0,9.3
202203231855,230.0,7.7
202203231915,210.0,6.2
202203231935,230.0,8.2
202203231955,230.0,11.3
202203232015,210.0,6.2
202203232035,230.0,8.2
202203232055,210.0,6.2
202203232115,240.0,7.7
202203232135,220.0,6.7
202203232155,230.0,7.7
202203232215,230.0,6.2
202203232235,210.0,5.1
202203232255,250.0,5.7
202203232315,250.0,4.1
202203232335,240.0,5.1
202203232355,250.0,5.1
202203240015,250.0,4.1
202203240035,240.0,4.1
202203240055,240.0,5.1
202203240115,250.0,3.6
202203240135,250.0,3.1
202203240215,230.0,3.1
202203240235,220.0,2.1
202203240255,260.0,2.1
202203240315,0.0,0.0
202203240335,270.0,2.6
202203240355,270.0,2.6
202203240415,310.0,2.1
202203240435,280.0,2.6
202203240455,0.0,0.0
202203240515,0.0,0.0
202203240535,280.0,1.5
202203240615,350.0,1.5
202203240635,340.0,2.6
202203240655,330.0,3.1
202203240715,350.0,3.1
202203240755,350.0,2.1
202203240815,340.0,1.5
202203240835,0.0,0.0
202203240855,10.0,2.1
202203240935,,1.5
202203240955,0.0,0.0
202203241015,0.0,0.0
202203241035,0.0,0.0
202203241055,0.0,0.0
202203241115,0.0,0.0
202203241135,0.0,0.0
202203241155,0.0,0.0
202203241215,0.0,0.0
202203241235,0.0,0.0
202203241255,0.0,0.0
202203241315,0.0,0.0
202203241335,0.0,0.0
202203241355,0.0,0.0
202203241415,0.0,0.0
202203241435,0.0,0.0
202203241455,0.0,0.0
202203241515,0.0,0.0
202203241535,210.0,2.1
202203241555,0.0,0.0
202203241615,280.0,4.6
202203241635,250.0,4.6
202203241655,230.0,1.5
202203241715,220.0,5.7
202203241735,230.0,6.2
202203241755,250.0,7.2
202203241815,270.0,3.1
202203241835,250.0,4.6
202203241855,280.0,5.1
202203241915,320.0,2.6
202203241935,280.0,3.1
202203241955,260.0,5.1
202203242015,270.0,5.1
202203242035,250.0,5.1
202203242055,290.0,7.2
202203242115,220.0,2.6
202203242135,240.0,3.6
202203242155,270.0,4.1
202203242215,250.0,2.6
202203242255,270.0,3.6
202203242315,280.0,2.6
202203242355,290.0,2.1
202203250015,280.0,1.5
202203250035,280.0,1.5
202203250055,0.0,0.0
202203250115,0.0,0.0
202203250135,0.0,0.0
202203250155,0.0,0.0
202203250215,0.0,0.0
202203250235,0.0,0.0
202203250255,0.0,0.0
202203250335,0.0,0.0
202203250355,0.0,0.0
202203250415,0.0,0.0
202203250435,0.0,0.0
202203250515,0.0,0.0
202203250535,0.0,0.0
202203250555,0.0,0.0
202203250615,0.0,0.0
202203250635,0.0,0.0
202203250655,0.0,0.0
202203250715,0.0,0.0
202203250735,0.0,0.0
202203250755,0.0,0.0
202203250815,0.0,0.0
202203250835,0.0,0.0
202203250855,0.0,0.0
202203250915,320.0,2.1
202203250935,330.0,3.1
202203250955,320.0,4.1
202203251015,350.0,2.6
202203251035,0.0,0.0
202203251055,0.0,0.0
202203251115,0.0,0.0
202203251135,0.0,0.0
202203251155,0.0,0.0
202203251215,0.0,0.0
202203251235,0.0,0.0
202203251255,0.0,0.0
202203251315,0.0,0.0
202203251335,300.0,2.1
202203251355,330.0,3.1
202203251415,300.0,2.1
202203251435,0.0,0.0
202203251455,0.0,0.0
202203251515,300.0,2.1
202203251535,340.0,3.1
202203251555,330.0,3.6
202203251615,330.0,3.6
202203251635,330.0,3.1
202203251655,0.0,0.0
202203251715,300.0,2.1
202203251735,290.0,3.6
202203251755,290.0,5.1
202203251815,330.0,4.1
202203251835,300.0,3.6
202203251855,300.0,2.6
202203251915,280.0,3.1
202203251935,270.0,3.6
202203251955,270.0,5.1
202203252015,260.0,5.1
202203252035,250.0,3.6
202203252055,290.0,3.6
202203252115,280.0,3.6
202203252135,270.0,4.6
202203252155,280.0,2.1
202203252215,280.0,3.1
202203252235,310.0,1.5
202203252255,290.0,2.6
202203252315,0.0,0.0
202203252335,0.0,0.0
202203252355,300.0,1.5
202203260015,0.0,0.0
202203260035,0.0,0.0
202203260115,0.0,0.0
202203260135,0.0,0.0
202203260155,0.0,0.0
202203260215,0.0,0.0
202203260235,0.0,0.0
202203260255,0.0,0.0
202203260315,0.0,0.0
202203260335,0.0,0.0
202203260355,0.0,0.0
202203260415,0.0,0.0
202203260435,0.0,0.0
202203260455,0.0,0.0
202203260515,0.0,0.0
202203260535,0.0,0.0
202203260555,0.0,0.0
202203260615,0.0,0.0
202203260635,0.0,0.0
202203260655,0.0,0.0
202203260715,0.0,0.0
202203260755,0.0,0.0
202203260815,0.0,0.0
202203260835,0.0,0.0
202203260855,330.0,1.5
202203260915,330.0,2.1
202203260935,350.0,1.5
202203260955,,2.1
202203261015,,2.1
202203261035,,2.1
202203261055,0.0,0.0
202203261115,340.0,2.1
202203261135,350.0,1.5
202203261155,,1.5
202203261215,10.0,1.5
202203261235,340.0,2.6
202203261255,0.0,0.0
202203261315,280.0,2.6
202203261335,290.0,4.1
202203261355,270.0,2.6
202203261415,270.0,3.6
202203261435,330.0,7.2
202203261455,330.0,5.1
202203261515,330.0,6.2
202203261535,270.0,4.1
202203261555,340.0,5.1
202203261615,300.0,6.2
202203261635,330.0,6.2
202203261655,340.0,6.7
202203261715,320.0,6.7
202203261735,320.0,3.1
202203261755,270.0,7.2
202203261815,320.0,5.7
202203261835,320.0,5.1
202203261855,300.0,6.7
202203261915,260.0,7.7
202203261935,280.0,3.1
202203261955,300.0,2.6
202203262015,310.0,8.2
202203262035,330.0,7.7
202203262115,310.0,5.7
202203262135,340.0,6.2
202203262155,330.0,4.1
202203262215,340.0,6.7
202203262235,290.0,7.7
202203262255,320.0,5.7
202203262315,300.0,6.2
202203262335,290.0,4.6
202203262355,300.0,3.1
202203270015,280.0,3.6
202203270035,320.0,2.1
202203270055,330.0,1.5
202203270115,0.0,0.0
202203270135,10.0,2.6
202203270155,320.0,3.1
202203270215,340.0,2.6
202203270235,340.0,4.6
202203270255,330.0,4.1
202203270315,330.0,3.1
202203270335,330.0,3.1
202203270355,330.0,3.1
202203270415,340.0,2.6
202203270435,350.0,3.1
202203270455,340.0,2.6
202203270515,340.0,1.5
202203270535,0.0,0.0
202203270555,0.0,0.0
202203270615,0.0,0.0
202203270635,0.0,0.0
202203270655,0.0,0.0
202203270715,0.0,0.0
202203270735,0.0,0.0
202203270755,0.0,0.0
202203270815,0.0,0.0
202203270835,0.0,0.0
202203270855,0.0,0.0
202203270915,0.0,0.0
202203270935,,2.1
202203270955,0.0,0.0
202203271015,0.0,0.0
202203271035,0.0,0.0
202203271055,0.0,0.0
202203271115,0.0,0.0
202203271135,50.0,1.5
202203271155,50.0,1.5
202203271215,0.0,0.0
202203271235,0.0,0.0
202203271255,10.0,2.6
202203271315,20.0,2.6
202203271335,10.0,3.1
202203271355,,3.1
202203271415,20.0,3.6
202203271435,20.0,4.1
202203271455,,4.1
202203271515,340.0,4.1
202203271535,20.0,3.6
202203271555,30.0,5.1
202203271635,330.0,3.1
202203271655,310.0,3.1
202203271715,270.0,4.1
202203271735,,4.1
202203271755,350.0,3.6
202203271815,300.0,3.6
202203271835,320.0,3.1
202203271855,290.0,5.1
202203271915,310.0,6.2
202203271935,350.0,5.7
202203271955,340.0,5.1
202203272015,10.0,5.7
202203272035,340.0,4.6
202203272055,10.0,3.1
202203272115,,3.1
202203272135,290.0,3.6
202203272155,300.0,2.6
202203272215,290.0,3.1
202203272235,300.0,3.1
202203272255,310.0,3.1
202203272315,330.0,3.1
202203272335,340.0,2.6
202203272355,340.0,1.5
202203280015,10.0,2.1
202203280035,330.0,1.5
202203280055,,2.1
202203280115,,1.5
202203280135,,1.5
202203280215,0.0,0.0
202203280235,20.0,2.1
202203280255,0.0,0.0
202203280315,0.0,0.0
202203280355,0.0,0.0
202203280415,0.0,0.0
202203280435,0.0,0.0
202203280455,0.0,0.0
202203280515,0.0,0.0
202203280535,0.0,0.0
202203280555,0.0,0.0
202203280615,0.0,0.0
202203280635,0.0,0.0
202203280655,0.0,0.0
202203280715,0.0,0.0
202203280735,30.0,2.1
202203280755,20.0,1.5
202203280815,0.0,0.0
202203280835,0.0,0.0
202203280855,40.0,2.1
202203280915,20.0,1.5
202203280935,30.0,3.1
202203280955,30.0,2.6
202203281015,30.0,2.1
202203281035,40.0,2.6
202203281055,30.0,2.1
202203281115,20.0,1.5
202203281135,20.0,2.1
202203281155,0.0,0.0
202203281235,40.0,2.1
202203281255,20.0,4.1
202203281315,40.0,4.1
202203281335,10.0,4.1
202203281355,20.0,3.1
202203281415,60.0,3.1
202203281435,10.0,4.6
202203281455,30.0,3.6
202203281535,60.0,3.1
202203281555,60.0,2.6
202203281615,30.0,3.1
202203281655,80.0,2.1
202203281715,60.0,2.1
202203281735,100.0,2.1
202203281755,70.0,2.6
202203281815,70.0,2.6
202203281835,50.0,3.6
202203281855,130.0,1.5
202203281915,30.0,3.6
202203281935,90.0,1.5
202203281955,,4.1
202203282015,30.0,3.1
202203282035,40.0,3.1
202203282055,80.0,3.1
202203282115,50.0,2.6
202203282135,80.0,2.1
202203282155,60.0,2.6
202203282215,50.0,2.1
202203282235,90.0,2.1
202203282255,60.0,2.6
202203282335,60.0,1.5
202203282355,0.0,0.0
202203290015,0.0,0.0
202203290035,0.0,0.0
202203290055,0.0,0.0
202203290115,0.0,0.0
202203290135,0.0,0.0
202203290155,0.0,0.0
202203290215,0.0,0.0
202203290235,0.0,0.0
202203290255,0.0,0.0
202203290315,0.0,0.0
202203290335,0.0,0.0
202203290355,0.0,0.0
202203290415,0.0,0.0
202203290435,0.0,0.0
202203290455,0.0,0.0
202203290515,0.0,0.0
202203290535,0.0,0.0
202203290555,0.0,0.0
202203290615,0.0,0.0
202203290635,0.0,0.0
202203290655,0.0,0.0
202203290715,0.0,0.0
202203290735,0.0,0.0
202203290755,40.0,1.5
202203290815,50.0,1.5
202203290835,0.0,0.0
202203290855,50.0,1.5
202203290915,0.0,0.0
202203290935,0.0,0.0
202203290955,40.0,1.5
202203291015,0.0,0.0
202203291035,0.0,0.0
202203291055,50.0,1.5
202203291115,0.0,0.0
202203291155,30.0,1.5
202203291215,0.0,0.0
202203291235,0.0,0.0
202203291315,40.0,1.5
202203291335,0.0,0.0
202203291355,0.0,0.0
202203291415,0.0,0.0
202203291435,0.0,0.0
202203291455,0.0,0.0
202203291515,230.0,1.5
202203291535,240.0,2.1
202203291555,220.0,2.1
202203291615,230.0,3.1
202203291635,220.0,4.1
202203291655,230.0,3.6
202203291715,230.0,3.6
202203291735,250.0,3.6
202203291755,240.0,4.6
202203291815,220.0,4.1
202203291855,230.0,3.6
202203291915,190.0,2.1
202203291935,210.0,3.6
202203291955,170.0,3.6
202203292015,160.0,1.5
202203292035,190.0,2.1
202203292055,170.0,3.1
202203292115,160.0,1.5
202203292135,180.0,2.1
202203292155,160.0,2.1
202203292215,140.0,2.1
202203292235,0.0,0.0
202203292255,160.0,1.5
202203292315,150.0,1.5
202203292335,0.0,0.0
202203292355,150.0,1.5
202203300015,0.0,0.0
202203300035,0.0,0.0
202203300055,0.0,0.0
202203300115,0.0,0.0
202203300135,0.0,0.0
202203300155,0.0,0.0
202203300215,0.0,0.0
202203300235,0.0,0.0
202203300255,0.0,0.0
202203300315,220.0,1.5
202203300335,220.0,2.1
202203300415,230.0,2.6
202203300435,210.0,3.1
202203300455,200.0,1.5
202203300515,200.0,3.1
202203300535,200.0,2.1
202203300555,210.0,1.5
202203300615,0.0,0.0
202203300635,0.0,0.0
202203300655,230.0,1.5
202203300715,240.0,2.1
202203300735,0.0,0.0
202203300755,0.0,0.0
202203300815,0.0,0.0
202203300835,0.0,0.0
202203300855,0.0,0.0
202203300915,0.0,0.0
202203300935,180.0,3.1
202203300955,260.0,2.1
202203301015,200.0,2.1
202203301035,190.0,2.6
202203301055,220.0,1.5
202203301115,210.0,3.1
202203301135,210.0,3.1
202203301155,200.0,2.6
202203301215,230.0,3.1
202203301235,200.0,2.1
202203301255,180.0,3.6
202203301315,190.0,3.1
202203301335,170.0,4.1
202203301355,180.0,4.6
202203301415,170.0,4.1
202203301435,180.0,2.1
202203301455,170.0,2.6
202203301515,180.0,3.1
202203301535,210.0,1.5
202203301555,210.0,3.6
202203301615,170.0,1.5
202203301635,170.0,5.1
202203301655,200.0,5.7
202203301715,200.0,5.1
202203301735,200.0,6.2
202203301755,200.0,4.1
202203301815,190.0,3.6
202203301835,160.0,3.1
202203301855,180.0,5.1
202203301915,170.0,8.7
202203301935,200.0,5.1
202203301955,180.0,6.7
202203302015,180.0,3.6
202203302055,190.0,6.7
202203302115,190.0,7.2
202203302135,180.0,5.7
202203302155,180.0,6.2
202203302215,180.0,6.2
202203302235,180.0,5.7
202203302255,190.0,7.2
202203302315,190.0,8.2
202203302335,190.0,6.7
202203302355,190.0,4.6
202203310015,180.0,6.2
202203310035,180.0,6.2
202203310055,190.0,6.7
202203310115,180.0,6.7
202203310135,180.0,6.2
202203310155,190.0,6.2
202203310215,180.0,6.7
202203310235,190.0,4.6
202203310315,180.0,8.7
202203310335,200.0,7.2
202203310355,190.0,5.1
202203310415,190.0,7.2
202203310435,200.0,3.6
202203310455,180.0,4.6
202203310515,190.0,4.1
202203310535,190.0,6.2
202203310555,190.0,4.6
202203310615,190.0,4.1
202203310635,200.0,2.6
202203310655,180.0,2.6
202203310715,240.0,7.2
202203310735,190.0,5.7
202203310755,180.0,5.1
202203310815,180.0,4.1
202203310835,220.0,1.5
202203310855,200.0,2.6
202203310915,190.0,2.1
202203310935,190.0,3.6
202203310955,210.0,2.6
202203311015,190.0,2.6
202203311035,200.0,2.1
202203311055,210.0,2.6
202203311115,240.0,2.1
202203311135,220.0,2.6
202203311155,220.0,2.6
202203311215,220.0,1.5
202203311235,260.0,2.6
202203311255,220.0,2.6
202203311315,210.0,2.1
202203311335,220.0,2.6
202203311355,220.0,3.1
202203311415,210.0,2.6
202203311435,200.0,4.1
202203311455,210.0,2.6
202203311515,190.0,3.1
202203311535,210.0,2.6
202203311555,190.0,3.6
202203311615,190.0,3.1
202203311635,230.0,5.1
202203311655,240.0,4.6
202203311715,260.0,7.7
202203311735,240.0,6.2
202203311755,250.0,5.1
202203311815,230.0,7.7
202203311835,260.0,4.1
202203311855,260.0,6.7
202203311915,240.0,7.2
202203311935,270.0,6.7
202203311955,240.0,6.2
202203312015,270.0,4.6
202203312035,280.0,2.6
202203312055,270.0,4.6
202203312115,260.0,6.2
202203312135,270.0,5.1
202203312155,220.0,4.1
202203312215,260.0,3.1
202203312235,260.0,5.7
202203312255,250.0,2.6
202203312315,260.0,2.1
202203312335,260.0,2.1
202203312355,260.0,3.1
202204010055,240.0,1.5
202204010115,240.0,1.5
202204010135,0.0,0.0
202204010155,0.0,0.0
202204010215,0.0,0.0
202204010235,0.0,0.0
202204010255,210.0,1.5
202204010315,210.0,2.6
202204010335,210.0,2.1
202204010355,220.0,1.5
202204010415,0.0,0.0
202204010435,0.0,0.0
202204010455,0.0,0.0
202204010515,0.0,0.0
202204010535,300.0,2.1
202204010555,330.0,2.1
202204010615,300.0,2.6
202204010635,320.0,2.1
202204010655,340.0,1.5
202204010715,0.0,0.0
202204010735,300.0,2.6
202204010755,310.0,3.1
202204010815,320.0,2.1
202204010835,300.0,1.5
202204010855,280.0,1.5
202204010915,0.0,0.0
202204010935,0.0,0.0
202204010955,0.0,0.0
202204011015,300.0,1.5
202204011035,0.0,0.0
202204011055,10.0,1.5
202204011115,,2.6
202204011135,,3.1
202204011155,340.0,2.6
202204011215,10.0,1.5
202204011235,,4.1
202204011255,10.0,3.6
202204011335,350.0,4.6
202204011355,350.0,4.1
202204011415,20.0,3.1
202204011455,320.0,3.1
202204011515,,4.1
202204011535,,2.6
202204011555,290.0,2.1
202204011615,,3.1
202204011655,330.0,1.5
202204011715,40.0,2.6
202204011735,320.0,2.6
202204011815,0.0,0.0
202204011835,60.0,1.5
202204011855,,2.6
202204011915,,2.1
202204011935,350.0,3.1
202204011955,0.0,0.0
202204012035,350.0,2.6
202204012055,0.0,0.0
202204012115,40.0,2.1
202204012135,310.0,1.5
202204012155,,3.1
202204012215,0.0,0.0
202204012235,0.0,0.0
202204012255,,3.1
202204012315,340.0,1.5
202204012335,,1.5
202204012355,0.0,0.0
202204020035,0.0,0.0
202204020055,0.0,0.0
202204020115,0.0,0.0
202204020135,0.0,0.0
202204020155,0.0,0.0
202204020215,0.0,0.0
202204020235,0.0,0.0
202204020255,0.0,0.0
202204020315,0.0,0.0
202204020335,0.0,0.0
202204020355,0.0,0.0
202204020415,0.0,0.0
202204020435,0.0,0.0
202204020455,0.0,0.0
202204020515,0.0,0.0
202204020535,0.0,0.0
202204020555,0.0,0.0
202204020615,0.0,0.0
202204020635,0.0,0.0
202204020655,0.0,0.0
202204020715,0.0,0.0
202204020735,0.0,0.0
202204020755,0.0,0.0
202204020815,0.0,0.0
202204020835,0.0,0.0
202204020915,0.0,0.0
202204020935,0.0,0.0
202204020955,0.0,0.0
202204021015,0.0,0.0
202204021035,0.0,0.0
202204021055,0.0,0.0
202204021115,0.0,0.0
202204021135,0.0,0.0
202204021155,0.0,0.0
202204021215,0.0,0.0
202204021235,0.0,0.0
202204021255,20.0,1.5
202204021315,20.0,2.6
202204021335,30.0,2.1
202204021355,30.0,2.1
202204021415,40.0,2.1
202204021435,60.0,1.5
202204021455,0.0,0.0
202204021515,0.0,0.0
202204021535,0.0,0.0
202204021555,250.0,1.5
202204021615,240.0,3.1
202204021635,200.0,2.1
202204021655,220.0,2.1
202204021715,0.0,0.0
202204021735,160.0,1.5
202204021755,220.0,2.1
202204021815,240.0,2.6
202204021835,0.0,0.0
202204021915,270.0,2.1
202204021935,240.0,1.5
202204021955,260.0,2.1
202204022015,0.0,0.0
202204022035,130.0,1.5
202204022055,180.0,1.5
202204022115,130.0,2.1
202204022135,210.0,2.1
202204022155,210.0,2.6
202204022215,220.0,2.6
202204022235,210.0,2.6
202204022255,190.0,2.6
202204022315,210.0,2.1
202204022335,200.0,1.5
202204022355,290.0,2.1
202204030015,240.0,2.6
202204030035,260.0,1.5
202204030055,0.0,0.0
202204030115,0.0,0.0
202204030135,0.0,0.0
202204030155,0.0,0.0
202204030215,310.0,2.1
202204030235,310.0,1.5
202204030255,0.0,0.0
202204030315,0.0,0.0
202204030335,0.0,0.0
202204030355,350.0,1.5
202204030415,340.0,1.5
202204030435,0.0,0.0
202204030455,0.0,0.0
202204030515,0.0,0.0
202204030535,0.0,0.0
202204030555,0.0,0.0
202204030615,10.0,1.5
202204030635,0.0,0.0
202204030655,0.0,0.0
202204030715,0.0,0.0
202204030735,0.0,0.0
202204030755,0.0,0.0
202204030815,0.0,0.0
202204030855,0.0,0.0
202204030915,0.0,0.0
202204030935,0.0,0.0
202204030955,0.0,0.0
202204031015,0.0,0.0
202204031035,10.0,1.5
202204031055,0.0,0.0
202204031115,0.0,0.0
202204031155,0.0,0.0
202204031215,30.0,1.5
202204031255,20.0,3.1
202204031315,10.0,4.6
202204031335,20.0,5.1
202204031355,30.0,3.6
202204031415,50.0,4.1
202204031435,30.0,4.1
202204031455,50.0,4.6
202204031515,50.0,3.6
202204031535,20.0,5.1
202204031555,40.0,4.1
202204031615,10.0,2.1
202204031635,50.0,2.6
202204031655,10.0,2.6
202204031715,70.0,2.1
202204031735,0.0,0.0
202204031755,20.0,3.1
202204031815,30.0,2.6
202204031835,50.0,4.1
202204031855,50.0,3.6
202204031915,110.0,2.1
202204031935,0.0,0.0
202204031955,100.0,2.1
202204032015,340.0,2.1
202204032035,20.0,2.6
202204032055,40.0,3.1
202204032115,10.0,4.1
202204032135,340.0,1.5
202204032155,60.0,2.1
202204032215,330.0,1.5
202204032235,350.0,2.6
202204032255,30.0,2.6
202204032315,40.0,2.6
202204032335,40.0,2.1
202204032355,40.0,1.5
202204040015,0.0,0.0
202204040035,0.0,0.0
202204040055,0.0,0.0
202204040115,0.0,0.0
202204040135,0.0,0.0
202204040155,0.0,0.0
202204040215,0.0,0.0
202204040235,0.0,0.0
202204040255,0.0,0.0
202204040315,0.0,0.0
202204040335,0.0,0.0
202204040355,0.0,0.0
202204040415,0.0,0.0
202204040435,0.0,0.0
202204040455,0.0,0.0
202204040515,0.0,0.0
202204040535,0.0,0.0
202204040555,0.0,0.0
202204040615,0.0,0.0
202204040635,0.0,0.0
202204040655,0.0,0.0
202204040715,0.0,0.0
202204040735,0.0,0.0
202204040815,0.0,0.0
202204040835,0.0,0.0
202204040855,0.0,0.0
202204040915,0.0,0.0
202204040935,0.0,0.0
202204040955,0.0,0.0
202204041015,0.0,0.0
202204041035,0.0,0.0
202204041055,0.0,0.0
202204041115,0.0,0.0
202204041135,0.0,0.0
202204041155,0.0,0.0
202204041215,0.0,0.0
202204041235,0.0,0.0
202204041255,0.0,0.0
202204041315,0.0,0.0
202204041335,0.0,0.0
202204041355,0.0,0.0
202204041415,220.0,1.5
202204041435,190.0,1.5
202204041455,190.0,2.1
202204041515,200.0,2.6
202204041535,180.0,2.1
202204041555,170.0,2.6
202204041615,180.0,1.5
202204041635,220.0,3.1
202204041655,170.0,3.6
202204041715,220.0,1.5
202204041735,220.0,3.1
202204041755,200.0,2.1
202204041815,210.0,2.6
202204041835,220.0,2.6
202204041855,230.0,3.1
202204041915,0.0,0.0
202204041935,240.0,3.6
202204041955,190.0,2.1
202204042015,170.0,2.1
202204042035,250.0,2.6
202204042055,210.0,1.5
202204042115,230.0,3.1
202204042135,230.0,3.6
202204042155,230.0,2.1
202204042215,230.0,2.6
202204042235,230.0,3.1
202204042255,180.0,2.1
202204042315,160.0,1.5
202204042335,180.0,1.5
202204050015,0.0,0.0
202204050035,0.0,0.0
202204050115,0.0,0.0
202204050135,0.0,0.0
202204050155,0.0,0.0
202204050215,0.0,0.0
202204050235,0.0,0.0
202204050255,0.0,0.0
202204050315,0.0,0.0
202204050335,0.0,0.0
202204050355,0.0,0.0
202204050415,0.0,0.0
202204050435,0.0,0.0
202204050455,0.0,0.0
202204050515,0.0,0.0
202204050535,0.0,0.0
202204050555,0.0,0.0
202204050615,0.0,0.0
202204050655,0.0,0.0
202204050715,0.0,0.0
202204050735,0.0,0.0
202204050755,0.0,0.0
202204050815,0.0,0.0
202204050835,0.0,0.0
202204050855,0.0,0.0
202204050915,0.0,0.0
202204050935,0.0,0.0
202204050955,0.0,0.0
202204051015,0.0,0.0
202204051035,0.0,0.0
202204051055,0.0,0.0
202204051115,0.0,0.0
202204051135,0.0,0.0
202204051155,0.0,0.0
202204051215,0.0,0.0
202204051235,0.0,0.0
202204051255,0.0,0.0
202204051315,0.0,0.0
202204051335,0.0,0.0
202204051355,0.0,0.0
202204051415,0.0,0.0
202204051615,140.0,6.2
202204051635,200.0,3.1
202204051655,200.0,4.1
202204051715,250.0,2.6
202204051735,240.0,2.6
202204051755,200.0,1.5
202204051815,220.0,1.5
202204051835,190.0,2.6
202204051855,190.0,4.6
202204051915,200.0,3.1
202204051935,230.0,2.6
202204051955,230.0,3.6
202204052015,180.0,3.1
202204052035,190.0,2.6
202204052055,190.0,1.5
202204052115,210.0,1.5
202204052135,210.0,1.5
202204052155,210.0,1.5
202204052215,220.0,2.1
202204052235,220.0,1.5
202204052255,230.0,4.6
202204052315,240.0,4.6
202204052335,240.0,3.6
202204060015,260.0,2.6
202204060035,270.0,2.6
202204060055,280.0,4.1
202204060115,290.0,3.6
202204060135,290.0,4.6
202204060155,280.0,2.6
202204060215,0.0,0.0
202204060235,30.0,1.5
202204060255,0.0,0.0
202204060315,0.0,0.0
202204060335,0.0,0.0
202204060355,0.0,0.0
202204060415,0.0,0.0
202204060435,0.0,0.0
202204060455,0.0,0.0
202204060515,0.0,0.0
202204060535,0.0,0.0
202204060555,0.0,0.0
202204060615,0.0,0.0
202204060635,0.0,0.0
202204060655,0.0,0.0
202204060715,0.0,0.0
202204060735,0.0,0.0
202204060755,0.0,0.0
202204060815,0.0,0.0
202204060835,0.0,0.0
202204060855,0.0,0.0
202204060915,0.0,0.0
202204060935,0.0,0.0
202204060955,0.0,0.0
202204061035,0.0,0.0
202204061055,0.0,0.0
202204061115,0.0,0.0
202204061135,0.0,0.0
202204061155,0.0,0.0
202204061215,0.0,0.0
202204061235,0.0,0.0
202204061255,0.0,0.0
202204061315,0.0,0.0
202204061335,0.0,0.0
202204061355,0.0,0.0
202204061415,0.0,0.0
202204061435,0.0,0.0
202204061455,230.0,1.5
202204061515,260.0,2.1
202204061535,0.0,0.0
202204061615,230.0,1.5
202204061635,230.0,1.5
202204061655,0.0,0.0
202204061715,200.0,1.5
202204061735,170.0,2.1
202204061755,180.0,3.1
202204061815,180.0,2.6
202204061835,180.0,3.1
202204061855,220.0,3.6
202204061915,180.0,3.1
202204061935,210.0,3.1
202204061955,200.0,4.6
202204062015,190.0,3.6
202204062035,210.0,4.1
202204062055,210.0,2.6
202204062115,200.0,2.6
202204062135,180.0,3.6
202204062155,190.0,5.1
202204062215,210.0,5.1
202204062235,210.0,3.6
202204062255,180.0,2.1
202204062315,10.0,4.6
202204062335,0.0,0.0
202204062355,320.0,4.1
202204070015,330.0,4.6
202204070035,330.0,6.2
202204070055,340.0,5.1
202204070115,350.0,2.6
202204070135,340.0,2.1
202204070155,350.0,2.1
202204070215,,3.6
202204070235,,4.1
202204070255,,3.1
202204070315,30.0,2.6
202204070335,,3.6
202204070355,10.0,3.1
202204070415,,2.1
202204070435,40.0,2.1
202204070455,10.0,3.1
202204070515,,2.1
202204070555,350.0,3.6
202204070615,340.0,2.6
202204070635,60.0,1.5
202204070655,20.0,2.1
202204070715,10.0,2.1
202204070735,330.0,1.5
202204070755,10.0,1.5
202204070815,,1.5
202204070855,0.0,0.0
202204070915,340.0,2.6
202204070935,340.0,2.1
202204070955,330.0,1.5
202204071015,310.0,1.5
202204071035,330.0,2.6
202204071055,0.0,0.0
202204071115,0.0,0.0
202204071135,0.0,0.0
202204071155,0.0,0.0
202204071215,0.0,0.0
202204071235,0.0,0.0
202204071255,0.0,0.0
202204071315,0.0,0.0
202204071335,340.0,2.1
202204071355,290.0,4.6
202204071415,320.0,3.6
202204071435,280.0,5.1
202204071455,330.0,4.1
202204071535,250.0,4.6
202204071555,260.0,3.1
202204071615,310.0,3.1
202204071635,270.0,4.1
202204071655,260.0,6.2
202204071715,280.0,4.1
202204071755,280.0,9.3
202204071815,290.0,4.1
202204071835,310.0,5.1
202204071855,250.0,7.7
202204071915,280.0,5.7
202204071935,290.0,3.6
202204071955,240.0,6.2
202204072015,320.0,5.1
202204072035,290.0,6.2
202204072055,240.0,5.1
202204072115,280.0,6.2
202204072135,310.0,4.6
202204072155,250.0,6.7
202204072215,280.0,6.2
202204072255,280.0,4.1
202204072315,280.0,5.1
202204072335,280.0,2.6
202204072355,290.0,3.6
202204080015,310.0,1.5
202204080035,290.0,4.6
202204080055,290.0,3.6
202204080135,320.0,2.6
202204080155,270.0,2.1
202204080215,0.0,0.0
202204080235,0.0,0.0
202204080255,0.0,0.0
202204080315,0.0,0.0
202204080335,0.0,0.0
202204080355,0.0,0.0
202204080415,0.0,0.0
202204080435,0.0,0.0
202204080455,0.0,0.0
202204080515,220.0,2.6
202204080535,230.0,1.5
202204080555,0.0,0.0
202204080615,0.0,0.0
202204080635,0.0,0.0
202204080655,0.0,0.0
202204080715,0.0,0.0
202204080735,0.0,0.0
202204080755,0.0,0.0
202204080815,230.0,1.5
202204080835,220.0,1.5
202204080915,0.0,0.0
202204080935,0.0,0.0
202204080955,0.0,0.0
202204081015,0.0,0.0
202204081035,0.0,0.0
202204081055,0.0,0.0
202204081135,0.0,0.0
202204081155,0.0,0.0
202204081235,0.0,0.0
202204081255,0.0,0.0
202204081315,0.0,0.0
202204081335,200.0,2.1
202204081355,240.0,4.1
202204081415,260.0,2.6
202204081455,250.0,4.6
202204081515,240.0,3.1
202204081555,240.0,6.7
202204081615,270.0,3.6
202204081635,250.0,6.7
202204081655,260.0,4.6
202204081715,230.0,5.1
202204081735,230.0,4.6
202204081755,230.0,3.6
202204081815,260.0,4.6
202204081835,240.0,5.1
202204081855,240.0,5.7
202204081915,260.0,5.7
202204081955,270.0,3.1
202204082015,270.0,3.1
202204082115,260.0,3.1
202204082135,300.0,3.1
202204082155,250.0,3.1
202204082215,270.0,2.6
202204082235,290.0,6.7
202204082255,280.0,3.1
202204082315,260.0,5.7
202204082335,280.0,1.5
202204082355,270.0,3.6
202204090015,270.0,3.1
202204090035,320.0,4.6
202204090055,290.0,2.6
202204090115,320.0,1.5
202204090135,280.0,1.5
202204090155,300.0,1.5
202204090235,280.0,1.5
202204090315,270.0,3.6
202204090335,290.0,2.6
202204090355,270.0,1.5
202204090415,280.0,2.6
202204090435,0.0,0.0
202204090455,280.0,1.5
202204090515,300.0,2.1
202204090535,0.0,0.0
202204090555,280.0,1.5
202204090615,0.0,0.0
202204090635,0.0,0.0
202204090655,300.0,1.5
202204090715,0.0,0.0
202204090755,0.0,0.0
202204090815,270.0,1.5
202204090835,270.0,1.5
202204090855,0.0,0.0
202204090915,260.0,2.6
202204090935,270.0,2.1
202204090955,280.0,2.1
202204091015,270.0,2.1
202204091035,280.0,1.5
202204091055,290.0,2.6
202204091115,270.0,3.1
202204091135,310.0,2.6
202204091155,280.0,2.6
202204091215,290.0,3.1
202204091235,280.0,2.6
202204091255,280.0,4.1
202204091335,270.0,4.1
202204091355,280.0,2.1
202204091415,290.0,5.1
202204091435,310.0,3.1
202204091455,300.0,2.6
202204091515,310.0,2.1
202204091535,320.0,4.6
202204091555,290.0,3.1
202204091615,320.0,2.6
202204091635,330.0,3.1
202204091655,340.0,3.6
202204091715,320.0,5.7
202204091735,320.0,7.7
202204091755,320.0,4.6
202204091815,300.0,4.1
202204091835,300.0,4.1
202204091855,280.0,4.6
202204091915,330.0,3.1
202204091935,320.0,6.2
202204091955,280.0,4.1
202204092015,300.0,5.7
202204092035,280.0,3.1
202204092055,260.0,5.1
202204092115,280.0,2.6
202204092135,310.0,3.6
202204092155,280.0,2.1
202204092215,310.0,4.1
202204092235,330.0,4.6
202204092255,310.0,1.5
202204092315,320.0,3.6
202204092335,300.0,1.5
202204092355,0.0,0.0
202204100015,280.0,1.5
202204100035,0.0,0.0
202204100055,0.0,0.0
202204100115,0.0,0.0
202204100155,0.0,0.0
202204100215,0.0,0.0
202204100235,0.0,0.0
202204100255,0.0,0.0
202204100315,0.0,0.0
202204100335,0.0,0.0
202204100355,0.0,0.0
202204100415,0.0,0.0
202204100515,0.0,0.0
202204100535,0.0,0.0
202204100555,0.0,0.0
202204100615,0.0,0.0
202204100635,0.0,0.0
202204100655,0.0,0.0
202204100715,0.0,0.0
202204100735,0.0,0.0
202204100755,0.0,0.0
202204100815,0.0,0.0
202204100835,0.0,0.0
202204100855,0.0,0.0
202204100915,0.0,0.0
202204100935,0.0,0.0
202204101015,0.0,0.0
202204101035,0.0,0.0
202204101055,0.0,0.0
202204101115,0.0,0.0
202204101135,0.0,0.0
202204101155,0.0,0.0
202204101215,0.0,0.0
202204101235,0.0,0.0
202204101255,0.0,0.0
202204101315,0.0,0.0
202204101335,0.0,0.0
202204101355,0.0,0.0
202204101415,0.0,0.0
202204101435,240.0,2.6
202204101455,0.0,0.0
202204101515,230.0,2.1
202204101535,240.0,2.1
202204101615,0.0,0.0
202204101635,0.0,0.0
202204101655,230.0,2.1
202204101715,240.0,1.5
202204101735,220.0,2.1
202204101835,160.0,1.5
202204101855,160.0,1.5
202204101915,210.0,2.6
202204101935,200.0,2.6
202204101955,190.0,2.1
202204102015,220.0,4.1
202204102035,160.0,2.1
202204102055,160.0,2.6
202204102115,230.0,3.1
202204102135,210.0,2.6
202204102155,210.0,2.6
202204102215,220.0,3.1
202204102235,230.0,4.1
202204102315,230.0,2.6
202204102335,210.0,2.1
202204102355,210.0,1.5
202204110015,0.0,0.0
202204110035,0.0,0.0
202204110055,0.0,0.0
202204110115,0.0,0.0
202204110135,0.0,0.0
202204110215,0.0,0.0
202204110235,0.0,0.0
202204110255,230.0,1.5
202204110335,0.0,0.0
202204110355,0.0,0.0
202204110415,0.0,0.0
202204110435,0.0,0.0
202204110455,0.0,0.0
202204110515,0.0,0.0
202204110535,0.0,0.0
202204110555,0.0,0.0
202204110615,0.0,0.0
202204110635,0.0,0.0
202204110655,170.0,1.5
202204110715,0.0,0.0
202204110735,180.0,1.5
202204110755,210.0,1.5
202204110815,200.0,1.5
202204110835,190.0,1.5
202204110855,0.0,0.0
202204110915,220.0,2.1
202204110935,0.0,0.0
202204110955,0.0,0.0
202204111015,0.0,0.0
202204111035,0.0,0.0
202204111055,0.0,0.0
202204111115,0.0,0.0
202204111135,0.0,0.0
202204111155,0.0,0.0
202204111215,0.0,0.0
202204111235,0.0,0.0
202204111255,0.0,0.0
202204111335,240.0,1.5
202204111355,230.0,2.1
202204111415,220.0,2.1
202204111435,200.0,1.5
202204111455,180.0,1.5
202204111535,210.0,1.5
202204111555,210.0,2.1
202204111615,0.0,0.0
202204111635,160.0,3.1
202204111655,0.0,0.0
202204111715,0.0,0.0
202204111735,190.0,2.1
202204111755,200.0,3.1
202204111815,230.0,3.1
202204111835,210.0,3.1
202204111855,200.0,2.6
202204111915,220.0,2.1
202204111935,190.0,3.6
202204111955,200.0,1.5
202204112035,180.0,1.5
202204112055,210.0,2.1
202204112115,220.0,2.1
202204112135,200.0,1.5
202204112155,190.0,2.1
202204112215,180.0,3.6
202204112235,180.0,2.6
202204112255,200.0,3.6
202204112315,200.0,3.1
202204112335,190.0,2.1
202204112355,0.0,0.0
202204120015,170.0,1.5
202204120035,170.0,2.6
202204120055,180.0,2.1
202204120115,170.0,1.5
202204120135,190.0,2.1
202204120155,0.0,0.0
202204120215,0.0,0.0
202204120235,0.0,0.0
202204120255,0.0,0.0
202204120315,0.0,0.0
202204120335,0.0,0.0
202204120415,0.0,0.0
202204120435,0.0,0.0
202204120455,0.0,0.0
202204120515,170.0,1.5
202204120535,0.0,0.0
202204120555,0.0,0.0
202204120615,0.0,0.0
202204120635,0.0,0.0
202204120655,240.0,2.6
202204120715,0.0,0.0
202204120735,210.0,1.5
202204120755,0.0,0.0
202204120815,0.0,0.0
202204120835,0.0,0.0
202204120855,0.0,0.0
202204120915,0.0,0.0
202204120935,180.0,2.1
202204120955,0.0,0.0
202204121015,0.0,0.0
202204121035,0.0,0.0
202204121115,0.0,0.0
202204121135,0.0,0.0
202204121215,210.0,1.5
202204121235,220.0,1.5
202204121255,240.0,2.1
202204121315,0.0,0.0
202204121335,0.0,0.0
202204121355,0.0,0.0
202204121415,160.0,1.5
202204121435,170.0,1.5
202204121455,160.0,1.5
202204121515,0.0,0.0
202204121535,0.0,0.0
202204121555,180.0,2.1
202204121615,220.0,3.1
202204121635,190.0,2.1
202204121655,210.0,1.5
202204121715,0.0,0.0
202204121735,230.0,2.6
202204121755,240.0,4.1
202204121815,230.0,3.1
202204121835,220.0,4.1
202204121855,230.0,5.7
202204121915,250.0,5.7
202204121935,230.0,5.7
202204121955,220.0,2.6
202204122015,210.0,2.1
202204122035,230.0,4.6
202204122055,230.0,5.1
202204122115,220.0,3.6
202204122135,240.0,2.6
202204122155,240.0,5.1
202204122215,230.0,4.1
202204122235,220.0,4.1
202204122255,220.0,3.1
202204122315,210.0,1.5
202204122335,210.0,1.5
202204122355,220.0,1.5
202204130015,200.0,1.5
202204130035,200.0,2.1
202204130055,200.0,1.5
202204130115,200.0,1.5
202204130135,0.0,0.0
202204130155,190.0,1.5
202204130215,230.0,1.5
202204130235,0.0,0.0
202204130255,0.0,0.0
202204130315,0.0,0.0
202204130335,0.0,0.0
202204130355,0.0,0.0
202204130415,230.0,1.5
202204130435,230.0,2.1
202204130455,230.0,1.5
202204130515,0.0,0.0
202204130535,0.0,0.0
202204130615,230.0,1.5
202204130635,230.0,2.1
202204130655,230.0,2.6
202204130715,230.0,3.1
202204130735,230.0,2.6
202204130755,210.0,2.1
202204130815,190.0,1.5
202204130855,170.0,3.1
202204130915,180.0,3.1
202204130935,170.0,3.1
202204130955,160.0,2.6
202204131015,180.0,4.1
202204131035,180.0,3.6
202204131055,180.0,3.1
202204131115,200.0,3.1
202204131135,210.0,2.6
202204131155,0.0,0.0
202204131215,170.0,2.6
202204131235,190.0,4.1
202204131255,190.0,4.1
202204131315,200.0,4.6
202204131335,180.0,3.1
202204131415,200.0,3.6
202204131435,200.0,3.6
202204131455,200.0,4.6
202204131515,210.0,5.1
202204131535,210.0,4.6
202204131555,200.0,3.1
202204131615,210.0,4.6
202204131655,190.0,4.1
202204131715,200.0,6.2
202204131735,200.0,4.1
202204131755,180.0,3.6
202204131815,200.0,3.1
202204131835,210.0,4.6
202204131855,190.0,3.1
202204131915,190.0,5.7
202204131935,190.0,4.1
202204131955,180.0,5.1
202204132015,200.0,3.6
202204132035,200.0,4.1
202204132055,190.0,4.6
202204132115,190.0,4.6
202204132135,200.0,5.1
202204132155,220.0,5.7
202204132215,220.0,5.1
202204132235,190.0,5.7
202204132255,170.0,6.2
202204132315,190.0,4.1
202204132335,180.0,4.1
202204132355,180.0,3.6
202204140015,190.0,4.6
202204140035,190.0,4.1
202204140055,190.0,3.6
202204140115,190.0,2.6
202204140135,190.0,3.6
202204140155,170.0,3.6
202204140215,180.0,2.6
202204140235,180.0,3.1
202204140255,200.0,2.6
202204140315,190.0,2.6
202204140335,310.0,1.5
202204140355,0.0,0.0
202204140415,330.0,4.6
202204140435,0.0,0.0
202204140455,0.0,0.0
202204140515,0.0,0.0
202204140535,0.0,0.0
202204140555,80.0,3.1
202204140615,40.0,1.5
202204140635,0.0,0.0
202204140655,100.0,1.5
202204140715,0.0,0.0
202204140735,130.0,3.6
202204140755,100.0,2.6
202204140815,,2.1
202204140835,0.0,0.0
202204140855,0.0,0.0
202204140915,0.0,0.0
202204140935,210.0,2.6
202204140955,220.0,2.6
202204141015,200.0,2.6
202204141035,220.0,3.1
202204141055,190.0,1.5
202204141115,0.0,0.0
202204141135,0.0,0.0
202204141155,0.0,0.0
202204141215,0.0,0.0
202204141255,20.0,3.6
202204141315,30.0,2.6
202204141335,50.0,2.1
202204141355,10.0,4.1
202204141415,30.0,4.6
202204141435,10.0,4.6
202204141455,30.0,3.1
202204141515,20.0,2.6
202204141535,20.0,4.1
202204141555,30.0,2.6
202204141615,60.0,3.6
202204141635,20.0,2.6
202204141655,50.0,2.6
202204141715,30.0,2.6
202204141735,50.0,3.1
202204141755,60.0,3.6
202204141815,60.0,2.1
202204141835,70.0,2.6
202204141855,80.0,2.1
202204141915,40.0,3.1
202204141935,60.0,2.1
202204142015,60.0,2.1
202204142035,350.0,2.6
202204142055,290.0,4.1
202204142115,10.0,5.1
202204142135,20.0,4.6
202204142155,30.0,3.6
202204142215,,4.1
202204142255,340.0,3.6
202204142315,330.0,3.6
202204142335,330.0,3.1
202204142355,340.0,2.6
202204150015,0.0,0.0
202204150035,0.0,0.0
202204150055,0.0,0.0
202204150115,0.0,0.0
202204150135,0.0,0.0
202204150155,0.0,0.0
202204150215,0.0,0.0
202204150235,0.0,0.0
202204150255,0.0,0.0
202204150315,0.0,0.0
202204150335,0.0,0.0
202204150355,0.0,0.0
202204150415,0.0,0.0
202204150435,0.0,0.0
202204150455,0.0,0.0
202204150535,0.0,0.0
202204150555,0.0,0.0
202204150615,0.0,0.0
202204150635,0.0,0.0
202204150655,0.0,0.0
202204150715,0.0,0.0
202204150735,0.0,0.0
202204150755,0.0,0.0
202204150815,50.0,1.5
202204150835,0.0,0.0
202204150855,0.0,0.0
202204150915,0.0,0.0
202204150935,0.0,0.0
202204150955,0.0,0.0
202204151015,0.0,0.0
202204151035,0.0,0.0
202204151055,0.0,0.0
202204151115,0.0,0.0
202204151135,0.0,0.0
202204151155,0.0,0.0
202204151215,0.0,0.0
202204151235,0.0,0.0
202204151255,0.0,0.0
202204151335,0.0,0.0
202204151355,20.0,1.5
202204151415,0.0,0.0
202204151435,0.0,0.0
202204151455,0.0,0.0
202204151515,0.0,0.0
202204151535,140.0,3.1
202204151555,190.0,3.1
202204151615,190.0,4.1
202204151635,160.0,2.6
202204151655,180.0,2.1
202204151715,160.0,2.6
202204151755,170.0,3.1
202204151815,190.0,2.6
202204151835,190.0,3.6
202204151855,160.0,2.1
202204151915,200.0,3.6
202204151935,220.0,4.6
202204151955,170.0,2.1
202204152015,160.0,2.1
202204152035,180.0,3.6
202204152050,170.0,1.5
202204152115,210.0,3.1
202204201535,190.0,3.6
202204201555,190.0,5.1
202204201615,190.0,5.7
202204201635,190.0,5.1
202204201655,180.0,2.1
202204201715,190.0,4.6
202204201735,140.0,4.1
202204201755,190.0,5.1
202204201815,160.0,3.6
202204201835,190.0,5.1
202204201855,160.0,2.6
202204201915,190.0,3.1
202204201935,180.0,4.6
202204201955,160.0,3.1
202204202035,170.0,1.5
202204202055,180.0,3.1
202204202115,160.0,3.6
202204202135,150.0,4.1
202204202155,180.0,2.1
202204202215,180.0,3.1
202204202235,170.0,3.1
202204202255,190.0,4.1
202204202315,190.0,3.1
202204202335,190.0,2.6
202204202355,180.0,2.6
202204210015,190.0,2.6
202204210035,190.0,2.6
202204210055,190.0,3.6
202204210115,190.0,3.1
202204210135,190.0,2.6
202204210155,200.0,2.6
202204210215,200.0,1.5
202204210235,180.0,2.6
202204210255,180.0,2.6
202204210315,190.0,2.6
202204210335,190.0,3.1
202204210355,200.0,3.6
202204210415,190.0,2.6
202204210435,190.0,2.6
202204210455,200.0,2.1
202204210515,200.0,3.1
202204210535,190.0,2.6
202204210555,190.0,3.1
202204210615,180.0,2.1
202204210635,190.0,3.1
202204210655,210.0,2.1
202204210715,0.0,0.0
202204210735,230.0,1.5
202204210755,210.0,1.5
202204210815,200.0,1.5
202204210835,200.0,2.6
202204210855,220.0,2.1
202204210915,210.0,1.5
202204210935,180.0,2.6
202204210955,210.0,2.1
202204211015,200.0,2.6
202204211035,160.0,2.1
202204211055,190.0,2.1
202204211115,210.0,2.6
202204211135,210.0,1.5
202204211155,200.0,1.5
202204211215,210.0,1.5
202204211235,210.0,1.5
202204211255,220.0,2.1
202204211315,200.0,2.6
202204211335,190.0,3.1
202204211355,200.0,2.1
202204211415,230.0,2.1
202204211435,180.0,3.6
202204211455,200.0,3.6
202204211515,210.0,3.1
202204211535,210.0,3.1
202204211555,200.0,3.1
202204211615,200.0,3.1
202204211635,190.0,3.1
202204211655,190.0,2.6
202204211715,230.0,5.1
202204211755,210.0,4.1
202204211815,240.0,3.6
202204211835,230.0,3.6
202204211855,200.0,4.1
202204211915,200.0,1.5
202204211935,210.0,2.6
202204211955,180.0,2.1
202204212015,280.0,2.1
202204212035,230.0,2.1
202204212055,0.0,0.0
202204212115,200.0,1.5
202204212135,170.0,1.5
202204212155,0.0,0.0
202204212215,200.0,2.6
202204212235,160.0,1.5
202204212255,130.0,1.5
202204212315,0.0,0.0
202204212335,0.0,0.0
202204212355,0.0,0.0
202204220015,0.0,0.0
202204220035,0.0,0.0
202204220055,0.0,0.0
202204220115,0.0,0.0
202204220135,0.0,0.0
202204220155,0.0,0.0
202204220215,0.0,0.0
202204220255,0.0,0.0
202204220315,0.0,0.0
202204220335,0.0,0.0
202204220355,0.0,0.0
202204220415,0.0,0.0
202204220435,0.0,0.0
202204220455,0.0,0.0
202204220515,0.0,0.0
202204220535,0.0,0.0
202204220615,0.0,0.0
202204220635,0.0,0.0
202204220715,0.0,0.0
202204220735,0.0,0.0
202204220755,0.0,0.0
202204220815,0.0,0.0
202204220855,0.0,0.0
202204220915,0.0,0.0
202204220935,0.0,0.0
202204220955,0.0,0.0
202204221015,0.0,0.0
202204221035,0.0,0.0
202204221055,0.0,0.0
202204221115,0.0,0.0
202204221135,0.0,0.0
202204221155,0.0,0.0
202204221215,0.0,0.0
202204221255,0.0,0.0
202204221315,0.0,0.0
202204221335,0.0,0.0
202204221355,220.0,1.5
202204221415,250.0,1.5
202204221435,220.0,1.5
202204221515,0.0,0.0
202204221535,0.0,0.0
202204221555,170.0,1.5
202204221615,220.0,1.5
202204221635,0.0,0.0
202204221655,350.0,1.5
202204221715,170.0,2.1
202204221735,0.0,0.0
202204221755,130.0,3.1
202204221815,0.0,0.0
202204221835,270.0,2.1
202204221855,140.0,2.1
202204221915,100.0,1.5
202204221935,170.0,1.5
202204222015,200.0,2.1
202204222035,0.0,0.0
202204222055,210.0,2.1
202204222115,240.0,1.5
202204222135,170.0,1.5
202204222155,240.0,3.1
202204222215,220.0,2.1
202204222235,240.0,3.6
202204222255,210.0,2.1
202204222315,170.0,1.5
202204222355,0.0,0.0
202204230015,0.0,0.0
202204230035,0.0,0.0
202204230055,0.0,0.0
202204230115,0.0,0.0
202204230135,0.0,0.0
202204230155,0.0,0.0
202204230215,0.0,0.0
202204230235,0.0,0.0
202204230255,0.0,0.0
202204230315,0.0,0.0
202204230335,0.0,0.0
202204230415,0.0,0.0
202204230435,0.0,0.0
202204230455,0.0,0.0
202204230515,0.0,0.0
202204230535,0.0,0.0
202204230555,0.0,0.0
202204230615,0.0,0.0
202204230635,0.0,0.0
202204230655,0.0,0.0
202204230715,0.0,0.0
202204230735,0.0,0.0
202204230755,0.0,0.0
202204230815,0.0,0.0
202204230835,0.0,0.0
202204230855,0.0,0.0
202204230915,0.0,0.0
202204230935,0.0,0.0
202204230955,0.0,0.0
202204231015,0.0,0.0
202204231035,0.0,0.0
202204231055,0.0,0.0
202204231115,0.0,0.0
202204231135,0.0,0.0
202204231155,0.0,0.0
202204231215,0.0,0.0
202204231235,0.0,0.0
202204231255,0.0,0.0
202204231315,0.0,0.0
202204231335,170.0,1.5
202204231355,230.0,2.6
202204231415,200.0,1.5
202204231435,230.0,2.6
202204231455,230.0,2.1
202204231515,260.0,2.6
202204231535,170.0,2.1
202204231635,190.0,3.1
202204231655,190.0,5.7
202204231715,200.0,3.6
202204231735,170.0,3.6
202204231755,200.0,3.6
202204231815,190.0,3.6
202204231835,220.0,1.5
202204231855,170.0,2.1
202204231915,200.0,3.1
202204231935,190.0,3.6
202204231955,170.0,2.1
202204232015,150.0,2.1
202204232035,200.0,4.1
202204232055,160.0,4.1
202204232115,190.0,3.6
202204232135,180.0,4.1
202204232215,190.0,4.6
202204232235,190.0,4.6
202204232255,170.0,3.6
202204232315,180.0,2.6
202204232335,150.0,1.5
202204240015,180.0,3.1
202204240035,0.0,0.0
202204240115,0.0,0.0
202204240135,0.0,0.0
202204240155,0.0,0.0
202204240215,200.0,1.5
202204240235,200.0,1.5
202204240315,230.0,2.1
202204240335,220.0,1.5
202204240355,0.0,0.0
202204240415,0.0,0.0
202204240435,0.0,0.0
202204240535,0.0,0.0
202204240555,0.0,0.0
202204240615,0.0,0.0
202204240635,0.0,0.0
202204240655,0.0,0.0
202204240715,0.0,0.0
202204240735,0.0,0.0
202204240755,0.0,0.0
202204240835,0.0,0.0
202204240855,0.0,0.0
202204240915,0.0,0.0
202204240935,0.0,0.0
202204240955,0.0,0.0
202204241015,0.0,0.0
202204241035,0.0,0.0
202204241055,0.0,0.0
202204241115,0.0,0.0
202204241135,0.0,0.0
202204241215,0.0,0.0
202204241235,160.0,1.5
202204241255,200.0,1.5
202204241315,230.0,1.5
202204241335,190.0,2.1
202204241355,230.0,3.6
202204241435,190.0,2.6
202204241455,180.0,1.5
202204241515,170.0,2.6
202204241535,170.0,2.1
202204241555,200.0,2.1
202204241615,220.0,2.1
202204241635,200.0,3.1
202204241655,200.0,2.6
202204241715,210.0,2.1
202204241735,190.0,3.1
202204241755,230.0,3.1
202204241815,240.0,3.6
202204241835,210.0,2.1
202204241855,200.0,2.6
202204241915,180.0,3.1
202204241935,180.0,2.1
202204241955,230.0,3.1
202204242015,190.0,1.5
202204242035,170.0,2.1
202204242055,150.0,2.1
202204242115,200.0,1.5
202204242155,220.0,2.6
202204242215,150.0,2.1
202204242235,180.0,2.1
202204242255,170.0,2.1
202204242315,0.0,0.0
202204242335,200.0,1.5
202204242355,0.0,0.0
202204250015,160.0,1.5
202204250035,0.0,0.0
202204250055,0.0,0.0
202204250135,0.0,0.0
202204250155,0.0,0.0
202204250215,0.0,0.0
202204250235,0.0,0.0
202204250255,0.0,0.0
202204250315,0.0,0.0
202204250335,0.0,0.0
202204250415,0.0,0.0
202204250435,0.0,0.0
202204250455,0.0,0.0
202204250515,0.0,0.0
202204250535,0.0,0.0
202204250555,0.0,0.0
202204250615,0.0,0.0
202204250635,0.0,0.0
202204250655,0.0,0.0
202204250715,0.0,0.0
202204250735,0.0,0.0
202204250755,0.0,0.0
202204250815,0.0,0.0
202204250835,0.0,0.0
202204250855,0.0,0.0
202204250915,0.0,0.0
202204250935,0.0,0.0
202204250955,0.0,0.0
202204251015,0.0,0.0
202204251035,0.0,0.0
202204251055,0.0,0.0
202204251115,0.0,0.0
202204251135,0.0,0.0
202204251155,0.0,0.0
202204251235,0.0,0.0
202204251255,0.0,0.0
202204251315,220.0,1.5
202204251335,220.0,1.5
202204251355,200.0,2.1
202204251415,180.0,2.1
202204251435,0.0,0.0
202204251455,210.0,3.1
202204251515,200.0,2.6
202204251535,210.0,3.6
202204251555,220.0,5.1
202204251615,210.0,3.6
202204251635,210.0,5.1
202204251655,210.0,4.6
202204251715,200.0,4.6
202204251735,220.0,4.1
202204251815,210.0,4.6
202204251835,230.0,6.2
202204251855,190.0,3.1
202204251915,230.0,5.7
202204251935,210.0,3.1
202204251955,220.0,5.1
202204252015,230.0,4.6
202204252035,220.0,4.1
202204252055,210.0,3.1
202204252115,190.0,2.1
202204252135,210.0,4.1
202204252155,220.0,3.6
202204252215,240.0,4.1
202204252235,210.0,3.1
202204252255,210.0,2.6
202204252315,210.0,2.6
202204252335,210.0,2.1
202204252355,200.0,1.5
202204260015,190.0,1.5
202204260035,0.0,0.0
202204260055,0.0,0.0
202204260115,0.0,0.0
202204260135,0.0,0.0
202204260155,0.0,0.0
202204260215,0.0,0.0
202204260235,0.0,0.0
202204260255,0.0,0.0
202204260315,0.0,0.0
202204260335,0.0,0.0
202204260415,0.0,0.0
202204260435,0.0,0.0
202204260455,0.0,0.0
202204260515,0.0,0.0
202204260535,0.0,0.0
202204260555,0.0,0.0
202204260615,0.0,0.0
202204260635,0.0,0.0
202204260655,0.0,0.0
202204260735,0.0,0.0
202204260755,0.0,0.0
202204260815,0.0,0.0
202204260835,0.0,0.0
202204260855,30.0,1.5
202204260915,10.0,2.1
202204260935,350.0,2.1
202204260955,340.0,3.6
202204261015,340.0,3.1
202204261055,10.0,4.1
202204261115,,2.1
202204261135,30.0,2.6
202204261155,10.0,3.1
202204261215,20.0,2.6
202204261235,30.0,2.1
202204261255,30.0,3.1
202204261315,30.0,4.1
202204261335,350.0,2.6
202204261355,10.0,3.6
202204261415,10.0,3.1
202204261435,10.0,2.1
202204261455,10.0,2.6
202204261515,20.0,2.6
202204261535,20.0,2.1
202204261555,40.0,3.1
202204261615,30.0,3.6
202204261635,,4.1
202204261655,20.0,3.6
202204261715,350.0,4.1
202204261755,340.0,3.6
202204261815,20.0,3.1
202204261835,60.0,1.5
202204261855,,2.6
202204261915,30.0,3.1
202204261935,40.0,3.6
202204261955,,3.1
202204262015,10.0,5.1
202204262035,,3.6
202204262055,20.0,2.6
202204262115,10.0,3.6
202204262135,,4.6
202204262155,20.0,4.1
202204262215,20.0,4.1
202204262235,,3.6
202204262255,340.0,2.1
202204262315,340.0,2.1
202204262335,340.0,2.1
202204262355,340.0,2.6
202204270015,340.0,2.1
202204270035,10.0,2.1
202204270055,,1.5
202204270115,10.0,1.5
202204270135,,2.1
202204270155,0.0,0.0
202204270215,10.0,2.1
202204270235,10.0,1.5
202204270255,10.0,2.6
202204270315,20.0,2.6
202204270335,10.0,3.1
202204270355,10.0,3.1
202204270435,20.0,3.6
202204270455,20.0,3.1
202204270515,20.0,2.6
202204270535,20.0,2.6
202204270555,30.0,3.1
202204270615,20.0,3.6
202204270635,20.0,3.1
202204270655,30.0,2.6
202204270715,30.0,1.5
202204270735,30.0,2.1
202204270755,30.0,1.5
202204270815,30.0,2.1
202204270835,20.0,2.1
202204270855,60.0,1.5
202204270915,40.0,1.5
202204270935,30.0,2.6
202204270955,30.0,1.5
202204271015,40.0,2.1
202204271035,40.0,2.1
202204271115,50.0,2.1
202204271135,70.0,1.5
202204271215,40.0,1.5
202204271235,20.0,3.6
202204271255,10.0,4.1
202204271315,30.0,2.6
202204271335,10.0,4.6
202204271355,40.0,4.1
202204271415,30.0,5.1
202204271435,10.0,6.2
202204271455,20.0,3.1
202204271515,30.0,4.1
202204271535,50.0,5.1
202204271555,50.0,4.6
202204271615,20.0,4.1
202204271635,20.0,5.7
202204271655,50.0,4.1
202204271715,20.0,6.2
202204271735,20.0,6.2
202204271755,40.0,4.6
202204271855,10.0,7.2
202204271915,20.0,6.2
202204271935,60.0,5.7
202204271955,30.0,3.1
202204272015,20.0,5.7
202204272055,40.0,3.6
202204272115,40.0,5.1
202204272135,30.0,5.1
202204272155,40.0,4.1
202204272215,20.0,4.6
202204272235,40.0,3.1
202204272255,40.0,3.1
202204272315,40.0,2.6
202204272335,50.0,2.6
202204272355,50.0,1.5
202204280015,60.0,1.5
202204280035,0.0,0.0
202204280055,0.0,0.0
202204280115,0.0,0.0
202204280135,0.0,0.0
202204280155,0.0,0.0
202204280215,0.0,0.0
202204280235,0.0,0.0
202204280255,0.0,0.0
202204280315,0.0,0.0
202204280335,0.0,0.0
202204280355,0.0,0.0
202204280415,0.0,0.0
202204280435,0.0,0.0
202204280455,0.0,0.0
202204280515,0.0,0.0
202204280535,0.0,0.0
202204280615,0.0,0.0
202204280635,30.0,1.5
202204280655,0.0,0.0
202204280715,0.0,0.0
202204280735,0.0,0.0
202204280755,0.0,0.0
202204280815,0.0,0.0
202204280835,0.0,0.0
202204280855,0.0,0.0
202204280915,0.0,0.0
202204280935,20.0,1.5
202204280955,0.0,0.0
202204281015,0.0,0.0
202204281035,0.0,0.0
202204281055,0.0,0.0
202204281115,0.0,0.0
202204281135,0.0,0.0
202204281215,0.0,0.0
202204281235,0.0,0.0
202204281255,0.0,0.0
202204281315,0.0,0.0
202204281335,80.0,2.1
202204281355,70.0,2.1
202204281415,50.0,1.5
202204281435,20.0,1.5
202204281450,30.0,1.5
202204281515,0.0,0.0
202204281615,170.0,1.5
202204281715,170.0,1.5
202204281755,230.0,2.1
202204281815,190.0,2.1
202204281835,200.0,1.5
202204281855,260.0,2.1
202204281915,0.0,0.0
202204281935,0.0,0.0
202204281955,200.0,3.1
202204282015,0.0,0.0
202204282035,230.0,2.1
202204282055,160.0,1.5
202204282115,200.0,3.1
202204282135,200.0,2.1
202204282155,240.0,3.1
202204282215,200.0,2.1
202204282235,160.0,1.5
202204282255,0.0,0.0
202204282315,0.0,0.0
202204282335,0.0,0.0
202204282355,0.0,0.0
202204290015,0.0,0.0
202204290035,0.0,0.0
202204290055,0.0,0.0
202204290115,0.0,0.0
202204290130,0.0,0.0
202204290155,0.0,0.0
202204290210,0.0,0.0
202204290235,0.0,0.0
202204290255,0.0,0.0
202204290315,0.0,0.0
202204290335,0.0,0.0
202204290355,0.0,0.0
202204290415,0.0,0.0
202204290435,0.0,0.0
202204290455,0.0,0.0
202204290515,0.0,0.0
202204290535,0.0,0.0
202204290555,0.0,0.0
202204290615,0.0,0.0
202204290655,0.0,0.0
202204290715,0.0,0.0
202204290735,0.0,0.0
202204290755,0.0,0.0
202204290815,0.0,0.0
202204290935,0.0,0.0
202204290955,0.0,0.0
202204291015,0.0,0.0
202204291035,0.0,0.0
202204291055,0.0,0.0
202204291115,0.0,0.0
202204291155,0.0,0.0
202204291215,0.0,0.0
202204291235,0.0,0.0
202204291255,0.0,0.0
202204291315,0.0,0.0
202204291335,0.0,0.0
202204291355,0.0,0.0
202204291415,170.0,2.1
202204291435,210.0,2.6
202204291455,230.0,3.6
202204291515,210.0,2.6
202204291535,180.0,2.1
202204291555,170.0,2.1
202204291615,170.0,1.5
202204291635,190.0,1.5
202204291655,230.0,4.6
202204291715,230.0,1.5
202204291735,220.0,3.6
202204291755,210.0,2.6
202204291815,190.0,2.1
202204291835,200.0,2.6
202204291855,190.0,2.6
202204291915,230.0,4.1
202204291935,180.0,3.1
202204291955,200.0,2.6
202204292015,190.0,3.6
202204292035,180.0,4.1
202204292115,220.0,3.6
202204292135,220.0,2.6
202204292155,180.0,3.1
202204292215,200.0,2.1
202204292235,180.0,2.1
202204292255,170.0,1.5
202204292315,170.0,1.5
202204292335,0.0,0.0
202204292355,0.0,0.0
202204300035,0.0,0.0
202204300055,0.0,0.0
202204300115,0.0,0.0
202204300135,0.0,0.0
202204300155,0.0,0.0
202204300215,0.0,0.0
202204300235,0.0,0.0
202204300255,0.0,0.0
202204300315,0.0,0.0
202204300335,0.0,0.0
202204300355,0.0,0.0
202204300415,0.0,0.0
202204300435,0.0,0.0
202204300455,0.0,0.0
202204300515,0.0,0.0
202204300535,0.0,0.0
202204300555,0.0,0.0
202204300615,0.0,0.0
202204300635,0.0,0.0
202204300655,0.0,0.0
202204300715,0.0,0.0
202204300735,0.0,0.0
202204300755,0.0,0.0
202204300815,0.0,0.0
202204300835,0.0,0.0
202204300855,0.0,0.0
202204300915,0.0,0.0
202204300935,0.0,0.0
202204300955,0.0,0.0
202204301015,0.0,0.0
202204301035,0.0,0.0
202204301055,0.0,0.0
202204301115,0.0,0.0
202204301135,0.0,0.0
202204301155,0.0,0.0
202204301215,0.0,0.0
202204301255,230.0,2.1
202204301315,210.0,1.5
202204301335,210.0,2.6
202204301355,190.0,4.1
202204301415,210.0,3.6
202204301435,210.0,2.6
202204301455,230.0,3.1
202204301515,180.0,4.1
202204301535,180.0,2.1
202204301555,230.0,3.1
202204301615,220.0,3.1
202204301655,170.0,2.6
202204301715,230.0,3.6
202204301755,220.0,2.1
202204301815,200.0,2.1
202204301835,240.0,3.1
202204301855,200.0,2.1
202204301915,240.0,3.1
202204301935,230.0,3.6
202204301955,230.0,4.1
202204302015,190.0,2.1
202204302055,180.0,3.6
202204302115,190.0,2.6
202204302135,190.0,2.1
202204302155,190.0,2.6
202204302215,200.0,3.1
202204302235,190.0,2.1
202204302255,190.0,2.1
202204302315,190.0,2.6
202204302335,0.0,0.0
202205010035,0.0,0.0
202205010055,160.0,1.5
202205010135,230.0,2.1
202205010155,0.0,0.0
202205010215,210.0,1.5
202205010235,180.0,2.1
202205010255,180.0,1.5
202205010315,180.0,2.1
202205010335,0.0,0.0
202205010355,210.0,1.5
202205010415,210.0,2.1
202205010435,220.0,2.6
202205010455,220.0,2.1
202205010515,230.0,2.6
202205010535,230.0,2.6
202205010555,220.0,2.1
202205010615,220.0,2.1
202205010655,180.0,1.5
202205010715,210.0,1.5
202205010735,0.0,0.0
202205010815,210.0,1.5
202205010835,220.0,1.5
202205010855,200.0,1.5
202205010915,190.0,2.6
202205010935,210.0,1.5
202205011015,160.0,1.5
202205011035,160.0,1.5
202205011055,190.0,2.1
202205011115,190.0,2.1
202205011135,180.0,2.1
202205011155,190.0,2.6
202205011215,200.0,2.6
202205011235,190.0,2.1
202205011255,210.0,2.1
202205011315,190.0,2.6
202205011335,250.0,2.6
202205011355,210.0,2.1
202205011415,240.0,1.5
202205011435,200.0,2.6
202205011455,0.0,0.0
202205011515,170.0,1.5
202205011535,0.0,0.0
202205011555,0.0,0.0
202205011615,0.0,0.0
202205011635,0.0,0.0
202205011715,150.0,1.5
202205011735,210.0,2.1
202205011755,190.0,2.6
202205011815,180.0,2.1
202205011835,190.0,1.5
202205011915,180.0,1.5
202205011935,230.0,3.1
202205011955,210.0,2.1
202205012035,210.0,2.6
202205012055,200.0,2.6
202205012115,190.0,2.1
202205012135,220.0,2.1
202205012155,210.0,2.6
202205012215,210.0,2.1
202205012235,180.0,2.1
202205012255,220.0,2.1
202205012315,0.0,0.0
202205012335,220.0,2.1
202205012355,0.0,0.0
202205020015,0.0,0.0
202205020035,0.0,0.0
202205020055,0.0,0.0
202205020115,0.0,0.0
202205020135,0.0,0.0
202205020155,0.0,0.0
202205020215,0.0,0.0
202205020235,0.0,0.0
202205020255,0.0,0.0
202205020315,0.0,0.0
202205020335,0.0,0.0
202205020355,0.0,0.0
202205020415,0.0,0.0
202205020435,0.0,0.0
202205020455,0.0,0.0
202205020515,0.0,0.0
202205020535,0.0,0.0
202205020555,0.0,0.0
202205020615,0.0,0.0
202205020635,0.0,0.0
202205020655,0.0,0.0
202205020715,0.0,0.0
202205020735,0.0,0.0
202205020755,0.0,0.0
202205020815,0.0,0.0
202205020835,0.0,0.0
202205020855,0.0,0.0
202205020915,0.0,0.0
202205020935,0.0,0.0
202205020955,0.0,0.0
202205021015,0.0,0.0
202205021035,0.0,0.0
202205021055,0.0,0.0
202205021115,0.0,0.0
202205021135,0.0,0.0
202205021155,0.0,0.0
202205021215,0.0,0.0
202205021235,0.0,0.0
202205021255,0.0,0.0
202205021315,240.0,1.5
202205021335,0.0,0.0
202205021435,0.0,0.0
202205021455,0.0,0.0
202205021515,0.0,0.0
202205021535,250.0,1.5
202205021555,190.0,1.5
202205021615,0.0,0.0
202205021635,190.0,2.1
202205021655,230.0,2.1
202205021715,220.0,1.5
202205021735,230.0,3.1
202205021755,170.0,2.1
202205021815,240.0,2.6
202205021835,180.0,2.6
202205021915,190.0,3.1
202205021935,210.0,2.1
202205021955,180.0,2.6
202205022015,180.0,1.5
202205022035,220.0,2.1
202205022055,190.0,2.1
202205022115,250.0,4.1
202205022135,180.0,2.1
202205022155,210.0,2.1
202205022235,0.0,0.0
202205022255,0.0,0.0
202205022315,0.0,0.0
202205022335,210.0,2.1
202205022355,210.0,1.5
202205030015,0.0,0.0
202205030035,210.0,2.1
202205030055,210.0,2.1
202205030115,200.0,1.5
202205030135,180.0,1.5
202205030155,210.0,1.5
202205030215,0.0,0.0
202205030235,0.0,0.0
202205030255,0.0,0.0
202205030315,0.0,0.0
202205030335,0.0,0.0
202205030355,0.0,0.0
202205030435,0.0,0.0
202205030455,0.0,0.0
202205030515,0.0,0.0
202205030535,0.0,0.0
202205030555,0.0,0.0
202205030635,0.0,0.0
202205030655,0.0,0.0
202205030715,0.0,0.0
202205030735,0.0,0.0
202205030815,0.0,0.0
202205030835,0.0,0.0
202205030855,0.0,0.0
202205030915,0.0,0.0
202205030935,0.0,0.0
202205030955,0.0,0.0
202205031015,180.0,2.1
202205031035,0.0,0.0
202205031055,180.0,1.5
202205031115,0.0,0.0
202205031135,220.0,2.1
202205031155,190.0,2.6
202205031215,200.0,2.1
202205031235,200.0,2.1
202205031255,200.0,3.1
202205031315,210.0,2.6
202205031335,200.0,3.1
202205031355,210.0,3.1
202205031415,200.0,2.6
202205031435,220.0,2.6
202205031455,210.0,3.6
202205031515,210.0,4.6
202205031535,240.0,5.1
202205031555,210.0,2.1
202205031615,200.0,3.1
202205031635,220.0,3.6
202205031655,200.0,3.1
202205031755,210.0,4.1
202205031815,200.0,3.1
202205031835,220.0,5.1
202205031855,210.0,4.1
202205031915,190.0,2.6
202205031935,230.0,6.7
202205031955,210.0,4.1
202205032015,200.0,3.6
202205032035,210.0,4.6
202205032055,200.0,4.1
202205032115,220.0,3.6
202205032135,200.0,4.6
202205032155,210.0,3.6
202205032215,230.0,3.1
202205032235,210.0,3.1
202205032255,210.0,2.6
202205032315,210.0,2.6
202205032335,220.0,2.1
202205032355,200.0,1.5
202205040015,0.0,0.0
202205040035,180.0,1.5
202205040115,0.0,0.0
202205040135,0.0,0.0
202205040155,210.0,1.5
202205040215,0.0,0.0
202205040235,0.0,0.0
202205040255,0.0,0.0
202205040315,210.0,1.5
202205040335,0.0,0.0
202205040355,0.0,0.0
202205040415,0.0,0.0
202205040435,0.0,0.0
202205040455,190.0,1.5
202205040515,220.0,1.5
202205040535,220.0,2.1
202205040615,200.0,2.1
202205040635,210.0,2.6
202205040655,230.0,1.5
202205040715,220.0,2.1
202205040735,0.0,0.0
202205040755,220.0,2.1
202205040815,190.0,1.5
202205040835,170.0,1.5
202205040855,0.0,0.0
202205040915,0.0,0.0
202205040955,0.0,0.0
202205041015,0.0,0.0
202205041035,0.0,0.0
202205041055,0.0,0.0
202205041115,0.0,0.0
202205041135,0.0,0.0
202205041155,0.0,0.0
202205041215,0.0,0.0
202205041235,0.0,0.0
202205041255,240.0,1.5
202205041315,200.0,1.5
202205041335,240.0,1.5
202205041355,230.0,2.6
202205041415,200.0,1.5
202205041435,0.0,0.0
202205041455,0.0,0.0
202205041515,0.0,0.0
202205041535,240.0,1.5
202205041555,0.0,0.0
202205041615,0.0,0.0
202205041635,320.0,3.1
202205041655,310.0,2.6
202205041715,350.0,2.6
202205041735,0.0,0.0
202205041755,,2.1
202205041815,320.0,3.1
202205041835,20.0,4.1
202205041855,290.0,3.6
202205041915,330.0,3.1
202205041935,280.0,4.1
202205041955,290.0,3.6
202205042015,280.0,4.6
202205042035,320.0,4.1
202205042055,320.0,4.1
202205042115,340.0,4.6
202205042135,320.0,4.6
202205042155,,3.1
202205042215,340.0,3.6
202205042235,330.0,2.1
202205042315,330.0,4.1
202205042335,320.0,3.6
202205042355,,1.5
202205050015,10.0,2.1
202205050035,350.0,1.5
202205050055,330.0,3.6
202205050115,,2.6
202205050135,10.0,2.6
202205050155,,2.6
202205050215,340.0,2.6
202205050235,340.0,2.6
202205050255,350.0,2.6
202205050315,350.0,3.1
202205050335,350.0,2.1
202205050355,0.0,0.0
202205050415,0.0,0.0
202205050435,0.0,0.0
202205050455,0.0,0.0
202205050515,0.0,0.0
202205050535,0.0,0.0
202205050555,0.0,0.0
202205050615,0.0,0.0
202205050635,0.0,0.0
202205050655,0.0,0.0
202205050715,0.0,0.0
202205050735,0.0,0.0
202205050755,0.0,0.0
202205050815,0.0,0.0
202205050835,0.0,0.0
202205050855,0.0,0.0
202205050915,0.0,0.0
202205050935,0.0,0.0
202205050955,60.0,1.5
202205051015,0.0,0.0
202205051035,0.0,0.0
202205051055,0.0,0.0
202205051115,0.0,0.0
202205051135,0.0,0.0
202205051155,40.0,1.5
202205051215,40.0,1.5
202205051235,10.0,1.5
202205051255,10.0,2.6
202205051315,60.0,1.5
202205051335,80.0,1.5
202205051415,0.0,0.0
202205051435,0.0,0.0
202205051455,0.0,0.0
202205051515,0.0,0.0
202205051535,0.0,0.0
202205051555,240.0,1.5
202205051615,260.0,1.5
202205051635,240.0,2.6
202205051655,170.0,1.5
202205051715,220.0,2.6
202205051735,230.0,3.6
202205051755,210.0,2.6
202205051815,190.0,1.5
202205051835,190.0,1.5
202205051915,220.0,3.1
202205051935,200.0,1.5
202205051955,200.0,1.5
202205052015,180.0,2.6
202205052055,210.0,3.1
202205052115,190.0,2.1
202205052155,180.0,2.1
202205052215,210.0,3.6
202205052235,160.0,1.5
202205052255,160.0,1.5
202205052335,0.0,0.0
202205052355,240.0,1.5
202205060015,0.0,0.0
202205060055,0.0,0.0
202205060115,0.0,0.0
202205060135,0.0,0.0
202205060155,0.0,0.0
202205060215,0.0,0.0
202205060235,0.0,0.0
202205060255,0.0,0.0
202205060315,0.0,0.0
202205060335,0.0,0.0
202205060355,230.0,1.5
202205060415,0.0,0.0
202205060435,0.0,0.0
202205060455,0.0,0.0
202205060515,210.0,1.5
202205060535,230.0,1.5
202205060555,0.0,0.0
202205060615,0.0,0.0
202205060635,0.0,0.0
202205060655,0.0,0.0
202205060715,0.0,0.0
202205060735,220.0,1.5
202205060755,0.0,0.0
202205060815,170.0,1.5
202205060835,170.0,1.5
202205060855,170.0,2.1
202205060915,250.0,2.6
202205060935,220.0,1.5
202205060955,210.0,1.5
202205061015,200.0,2.1
202205061035,210.0,2.1
202205061055,220.0,2.1
202205061115,190.0,1.5
202205061135,200.0,1.5
202205061155,210.0,1.5
202205061215,190.0,2.1
202205061235,160.0,2.1
202205061255,200.0,1.5
202205061315,210.0,2.6
202205061335,210.0,2.6
202205061355,210.0,3.6
202205061415,200.0,3.1
202205061435,210.0,3.6
202205061455,240.0,4.1
202205061535,220.0,6.7
202205061555,210.0,5.7
202205061615,210.0,5.1
202205061635,200.0,5.7
202205061655,220.0,7.2
202205061715,220.0,7.7
202205061735,210.0,7.2
202205061755,200.0,5.1
202205061815,220.0,5.7
202205061835,200.0,4.6
202205061855,220.0,9.8
202205061915,240.0,8.2
202205061935,250.0,9.8
202205061955,300.0,7.2
202205062015,300.0,5.1
202205062055,270.0,4.6
202205062115,270.0,5.1
202205062135,280.0,4.1
202205062155,280.0,3.1
202205062215,280.0,2.6
202205062235,330.0,2.1
202205062255,270.0,3.1
202205062315,270.0,2.6
202205062335,260.0,1.5
202205062355,280.0,3.6
202205070015,280.0,2.1
202205070035,320.0,1.5
202205070055,320.0,2.1
202205070115,250.0,3.1
202205070135,250.0,3.6
202205070155,260.0,3.6
202205070215,240.0,3.1
202205070235,0.0,0.0
202205070255,0.0,0.0
202205070315,0.0,0.0
202205070335,230.0,1.5
202205070355,270.0,2.1
202205070415,0.0,0.0
202205070435,210.0,1.5
202205070455,260.0,2.1
202205070515,270.0,2.6
202205070535,280.0,2.6
202205070555,270.0,4.1
202205070615,0.0,0.0
202205070635,0.0,0.0
202205070655,270.0,3.6
202205070735,0.0,0.0
202205070755,320.0,3.1
202205070815,310.0,2.6
202205070835,0.0,0.0
202205070915,340.0,2.1
202205070935,,3.1
202205070955,0.0,0.0
202205071015,,1.5
202205071035,0.0,0.0
202205071055,350.0,1.5
202205071115,310.0,1.5
202205071135,0.0,0.0
202205071155,350.0,1.5
202205071215,0.0,0.0
202205071235,0.0,0.0
202205071255,350.0,1.5
202205071315,330.0,3.1
202205071335,290.0,3.1
202205071355,330.0,2.6
202205071415,290.0,2.6
202205071435,320.0,3.6
202205071455,310.0,2.6
202205071515,300.0,2.6
202205071535,250.0,3.1
202205071555,300.0,2.6
202205071615,310.0,3.1
202205071635,330.0,2.1
202205071655,330.0,2.1
202205071715,300.0,2.6
202205071735,320.0,3.1
202205071755,310.0,1.5
202205071815,300.0,3.6
202205071835,320.0,3.6
202205071855,320.0,3.1
202205071915,320.0,4.1
202205071935,330.0,3.1
202205071955,310.0,2.6
202205072015,320.0,4.1
202205072035,350.0,5.1
202205072055,310.0,2.6
202205072115,330.0,3.6
202205072135,330.0,2.6
202205072155,340.0,2.6
202205072215,330.0,2.6
202205072255,340.0,2.6
202205072315,,1.5
202205072335,0.0,0.0
202205072355,,2.1
202205080015,,2.1
202205080035,10.0,1.5
202205080055,,2.1
202205080115,10.0,2.1
202205080135,,1.5
202205080155,,2.1
202205080215,0.0,0.0
202205080235,,2.1
202205080255,10.0,2.6
202205080315,10.0,2.1
202205080335,0.0,0.0
202205080355,0.0,0.0
202205080415,0.0,0.0
202205080455,0.0,0.0
202205080515,0.0,0.0
202205080535,0.0,0.0
202205080555,0.0,0.0
202205080615,0.0,0.0
202205080635,0.0,0.0
202205080655,0.0,0.0
202205080735,0.0,0.0
202205080755,0.0,0.0
202205080815,0.0,0.0
202205080835,0.0,0.0
202205080855,0.0,0.0
202205080935,0.0,0.0
202205080955,40.0,1.5
202205081015,40.0,1.5
202205081035,30.0,1.5
202205081055,0.0,0.0
202205081115,0.0,0.0
202205081135,40.0,1.5
202205081155,30.0,2.1
202205081215,20.0,2.1
202205081235,30.0,3.1
202205081255,30.0,2.6
202205081315,20.0,4.1
202205081335,50.0,2.6
202205081355,10.0,3.6
202205081435,10.0,2.6
202205081455,0.0,0.0
202205081515,0.0,0.0
202205081535,40.0,1.5
202205081555,0.0,0.0
202205081615,160.0,1.5
202205081635,0.0,0.0
202205081655,190.0,2.6
202205081715,150.0,1.5
202205081735,0.0,0.0
202205081815,0.0,0.0
202205081835,250.0,2.1
202205081855,240.0,2.1
202205081915,170.0,2.6
202205081935,210.0,2.6
202205081955,270.0,2.1
202205082015,220.0,1.5
202205082035,150.0,1.5
202205082055,0.0,0.0
202205082115,280.0,1.5
202205082135,0.0,0.0
202205082155,170.0,2.6
202205082235,0.0,0.0
202205082255,0.0,0.0
202205082315,0.0,0.0
202205082355,0.0,0.0
202205090015,0.0,0.0
202205090035,0.0,0.0
202205090055,0.0,0.0
202205090115,0.0,0.0
202205090135,0.0,0.0
202205090155,0.0,0.0
202205090215,0.0,0.0
202205090235,0.0,0.0
202205090255,0.0,0.0
202205090315,0.0,0.0
202205090335,0.0,0.0
202205090355,0.0,0.0
202205090415,0.0,0.0
202205090435,0.0,0.0
202205090455,0.0,0.0
202205090515,0.0,0.0
202205090535,190.0,2.1
202205090555,200.0,2.6
202205090615,200.0,2.6
202205090635,190.0,2.1
202205090655,190.0,3.1
202205090715,190.0,2.1
202205090735,200.0,1.5
202205090755,200.0,1.5
202205090815,190.0,1.5
202205090835,190.0,1.5
202205090855,0.0,0.0
202205090915,180.0,1.5
202205090935,210.0,1.5
202205090955,220.0,1.5
202205091015,0.0,0.0
202205091035,0.0,0.0
202205091055,0.0,0.0
202205091115,0.0,0.0
202205091135,180.0,1.5
202205091155,0.0,0.0
202205091215,0.0,0.0
202205091235,0.0,0.0
202205091255,0.0,0.0
202205091315,150.0,1.5
202205091335,230.0,1.5
202205091355,150.0,1.5
202205091415,200.0,3.1
202205091435,170.0,1.5
202205091455,190.0,2.1
202205091535,200.0,2.6
202205091555,180.0,2.6
202205091615,200.0,2.1
202205091635,0.0,0.0
202205091655,190.0,3.6
202205091715,220.0,1.5
202205091735,240.0,3.1
202205091755,170.0,2.6
202205091815,150.0,3.1
202205091835,150.0,1.5
202205091855,180.0,2.1
202205091915,0.0,0.0
202205091935,150.0,1.5
202205091955,0.0,0.0
202205092015,0.0,0.0
202205092035,0.0,0.0
202205092055,250.0,2.6
202205092115,190.0,1.5
202205092135,0.0,0.0
202205092155,230.0,3.1
202205092215,210.0,1.5
202205092235,250.0,2.6
202205092255,210.0,2.1
202205092315,220.0,2.1
202205092335,220.0,1.5
202205092355,0.0,0.0
202205100015,0.0,0.0
202205100035,0.0,0.0
202205100055,0.0,0.0
202205100115,0.0,0.0
202205100135,0.0,0.0
202205100155,0.0,0.0
202205100215,0.0,0.0
202205100235,0.0,0.0
202205100255,0.0,0.0
202205100315,0.0,0.0
202205100335,0.0,0.0
202205100355,0.0,0.0
202205100415,0.0,0.0
202205100435,0.0,0.0
202205100455,0.0,0.0
202205100535,0.0,0.0
202205100555,0.0,0.0
202205100615,0.0,0.0
202205100635,0.0,0.0
202205100655,230.0,1.5
202205100715,0.0,0.0
202205100735,0.0,0.0
202205100755,0.0,0.0
202205100815,0.0,0.0
202205100835,240.0,1.5
202205100855,0.0,0.0
202205100915,0.0,0.0
202205100935,0.0,0.0
202205100955,0.0,0.0
202205101015,0.0,0.0
202205101035,0.0,0.0
202205101055,0.0,0.0
202205101135,0.0,0.0
202205101155,0.0,0.0
202205101215,0.0,0.0
202205101235,0.0,0.0
202205101255,0.0,0.0
202205101315,230.0,2.1
202205101335,230.0,2.6
202205101355,240.0,1.5
202205101415,0.0,0.0
202205101435,0.0,0.0
202205101455,150.0,2.1
202205101515,180.0,2.1
202205101535,180.0,2.1
202205101555,190.0,2.1
202205101615,230.0,2.6
202205101635,210.0,1.5
202205101655,150.0,1.5
202205101715,230.0,2.6
202205101735,260.0,1.5
202205101755,0.0,0.0
202205101815,290.0,1.5
202205101835,220.0,2.6
202205101855,0.0,0.0
202205101915,90.0,1.5
202205101935,200.0,2.1
202205101955,0.0,0.0
202205102015,0.0,0.0
202205102035,330.0,2.1
202205102055,0.0,0.0
202205102115,290.0,1.5
202205102135,0.0,0.0
202205102155,20.0,1.5
202205102215,0.0,0.0
202205102235,0.0,0.0
202205102255,0.0,0.0
202205102315,0.0,0.0
202205102335,0.0,0.0
202205102355,0.0,0.0
202205110015,0.0,0.0
202205110035,0.0,0.0
202205110055,0.0,0.0
202205110115,0.0,0.0
202205110215,0.0,0.0
202205110235,0.0,0.0
202205110255,0.0,0.0
202205110315,0.0,0.0
202205110335,0.0,0.0
202205110355,0.0,0.0
202205110415,0.0,0.0
202205110435,0.0,0.0
202205110455,0.0,0.0
202205110515,0.0,0.0
202205110535,0.0,0.0
202205110555,0.0,0.0
202205110615,0.0,0.0
202205110635,0.0,0.0
202205110655,0.0,0.0
202205110715,0.0,0.0
202205110735,0.0,0.0
202205110755,0.0,0.0
202205110815,0.0,0.0
202205110835,0.0,0.0
202205110855,0.0,0.0
202205110915,0.0,0.0
202205110935,0.0,0.0
202205110955,0.0,0.0
202205111035,0.0,0.0
202205111055,0.0,0.0
202205111115,0.0,0.0
202205111135,0.0,0.0
202205111155,0.0,0.0
202205111215,0.0,0.0
202205111235,0.0,0.0
202205111255,220.0,2.6
202205111315,230.0,2.6
202205111335,230.0,3.1
202205111355,220.0,2.1
202205111415,210.0,1.5
202205111435,210.0,2.1
202205111455,0.0,0.0
202205111515,200.0,2.1
202205111535,210.0,1.5
202205111555,200.0,2.1
202205111615,190.0,1.5
202205111635,210.0,1.5
202205111735,230.0,1.5
202205111755,0.0,0.0
202205111815,0.0,0.0
202205111835,0.0,0.0
202205111855,0.0,0.0
202205111915,0.0,0.0
202205111935,0.0,0.0
202205111955,10.0,3.1
202205112015,10.0,2.1
202205112035,0.0,0.0
202205112055,80.0,1.5
202205112115,40.0,2.1
202205112135,10.0,3.1
202205112155,10.0,3.1
202205112215,70.0,2.1
202205112235,30.0,2.1
202205112255,40.0,2.1
202205112315,50.0,2.1
202205112335,20.0,1.5
202205112355,0.0,0.0
202205120015,0.0,0.0
202205120035,0.0,0.0
202205120115,0.0,0.0
202205120235,0.0,0.0
202205120255,0.0,0.0
202205120315,0.0,0.0
202205120335,0.0,0.0
202205120415,0.0,0.0
202205120435,0.0,0.0
202205120455,0.0,0.0
202205120515,0.0,0.0
202205120535,0.0,0.0
202205120555,0.0,0.0
202205120615,0.0,0.0
202205120635,0.0,0.0
202205120655,0.0,0.0
202205120755,0.0,0.0
202205120835,0.0,0.0
202205120855,0.0,0.0
202205120915,0.0,0.0
202205120935,0.0,0.0
202205120955,0.0,0.0
202205121015,0.0,0.0
202205121035,0.0,0.0
202205121055,0.0,0.0
202205121115,0.0,0.0
202205121135,0.0,0.0
202205121155,0.0,0.0
202205121215,0.0,0.0
202205121235,200.0,2.1
202205121255,220.0,2.1
202205121315,220.0,2.1
202205121335,230.0,2.6
202205121355,220.0,1.5
202205121415,190.0,1.5
202205121435,220.0,2.1
202205121455,230.0,2.6
202205121515,170.0,2.1
202205121535,260.0,1.5
202205121555,0.0,0.0
202205121615,180.0,1.5
202205121635,240.0,2.1
202205121655,0.0,0.0
202205121715,0.0,0.0
202205121735,0.0,0.0
202205121755,80.0,2.1
202205121815,0.0,0.0
202205121835,20.0,1.5
202205121855,270.0,2.1
202205121915,30.0,3.1
202205121935,50.0,2.1
202205121955,30.0,2.6
202205122015,60.0,2.6
202205122035,0.0,0.0
202205122055,30.0,2.1
202205122115,0.0,0.0
202205122135,70.0,1.5
202205122155,0.0,0.0
202205122215,10.0,2.6
202205122235,40.0,1.5
202205122255,90.0,1.5
202205122315,50.0,1.5
202205122335,50.0,2.1
202205122355,0.0,0.0
202205130015,0.0,0.0
202205130035,0.0,0.0
202205130055,0.0,0.0
202205130115,0.0,0.0
202205130135,0.0,0.0
202205130155,0.0,0.0
202205130215,0.0,0.0
202205130235,0.0,0.0
202205130255,0.0,0.0
202205130315,0.0,0.0
202205130335,0.0,0.0
202205130415,0.0,0.0
202205130435,0.0,0.0
202205130455,0.0,0.0
202205130515,180.0,2.1
202205130535,190.0,1.5
202205130555,190.0,2.1
202205130615,200.0,1.5
202205130635,170.0,1.5
202205130655,210.0,2.1
202205130715,200.0,1.5
202205130735,0.0,0.0
202205130755,0.0,0.0
202205130815,180.0,1.5
202205130835,210.0,2.1
202205130855,0.0,0.0
202205130915,180.0,2.1
202205130935,210.0,1.5
202205131015,0.0,0.0
202205131055,220.0,1.5
202205131115,0.0,0.0
202205131135,0.0,0.0
202205131155,0.0,0.0
202205131215,240.0,1.5
202205131235,220.0,1.5
202205131255,230.0,1.5
202205131315,0.0,0.0
202205131335,180.0,3.1
202205131355,120.0,2.6
202205131415,150.0,2.1
202205131435,200.0,2.1
202205131455,160.0,1.5
202205131515,190.0,2.6
202205131535,190.0,1.5
202205131555,160.0,2.1
202205131615,160.0,1.5
202205131635,0.0,0.0
202205131655,170.0,2.1
202205131715,160.0,2.1
202205131735,210.0,2.1
202205131755,140.0,1.5
202205131815,180.0,1.5
202205131835,200.0,1.5
202205131855,100.0,1.5
202205131915,0.0,0.0
202205131935,220.0,2.1
202205131955,0.0,0.0
202205132015,210.0,2.6
202205132035,180.0,2.1
202205132055,170.0,1.5
202205132115,0.0,0.0
202205132135,140.0,1.5
202205132155,0.0,0.0
202205132215,0.0,0.0
202205132235,0.0,0.0
202205132255,0.0,0.0
202205132315,0.0,0.0
202205132335,0.0,0.0
202205132355,0.0,0.0
202205140015,0.0,0.0
202205140035,0.0,0.0
202205140055,0.0,0.0
202205140115,0.0,0.0
202205140135,0.0,0.0
202205140155,0.0,0.0
202205140235,0.0,0.0
202205140255,0.0,0.0
202205140315,0.0,0.0
202205140335,0.0,0.0
202205140355,0.0,0.0
202205140415,0.0,0.0
202205140435,130.0,1.5
202205140455,0.0,0.0
202205140515,0.0,0.0
202205140535,0.0,0.0
202205140615,0.0,0.0
202205140635,0.0,0.0
202205140655,0.0,0.0
202205140715,0.0,0.0
202205140755,0.0,0.0
202205140815,0.0,0.0
202205140835,0.0,0.0
202205140855,0.0,0.0
202205140915,0.0,0.0
202205140935,0.0,0.0
202205140955,0.0,0.0
202205141015,0.0,0.0
202205141055,0.0,0.0
202205141115,0.0,0.0
202205141135,0.0,0.0
202205141155,0.0,0.0
202205141215,0.0,0.0
202205141235,230.0,1.5
202205141255,210.0,1.5
202205141315,190.0,1.5
202205141335,220.0,1.5
202205141355,230.0,2.1
202205141415,240.0,2.1
202205141455,220.0,2.6
202205141515,230.0,3.1
202205141535,0.0,0.0
202205141555,220.0,1.5
202205141615,210.0,3.1
202205141635,210.0,1.5
202205141655,0.0,0.0
202205141715,220.0,1.5
202205141735,0.0,0.0
202205141755,150.0,2.1
202205141815,0.0,0.0
202205141835,0.0,0.0
202205141855,150.0,1.5
202205141915,230.0,1.5
202205141935,220.0,2.6
202205141955,210.0,2.1
202205142015,0.0,0.0
202205142035,250.0,2.6
202205142055,230.0,3.1
202205142115,0.0,0.0
202205142135,250.0,2.1
202205142155,0.0,0.0
202205142215,210.0,1.5
202205142235,0.0,0.0
202205142255,280.0,4.1
202205142315,0.0,0.0
202205142335,0.0,0.0
202205142355,40.0,3.1
202205150015,0.0,0.0
202205150035,0.0,0.0
202205150055,0.0,0.0
202205150115,0.0,0.0
202205150135,0.0,0.0
202205150155,0.0,0.0
202205150215,0.0,0.0
202205150235,0.0,0.0
202205150335,0.0,0.0
202205150355,0.0,0.0
202205150415,0.0,0.0
202205150435,0.0,0.0
202205150455,0.0,0.0
202205150515,0.0,0.0
202205150535,50.0,1.5
202205150555,0.0,0.0
202205150615,0.0,0.0
202205150635,60.0,1.5
202205150655,0.0,0.0
202205150715,0.0,0.0
202205150735,0.0,0.0
202205150755,150.0,1.5
202205150815,0.0,0.0
202205150835,0.0,0.0
202205150855,20.0,1.5
202205150915,0.0,0.0
202205150935,0.0,0.0
202205150955,220.0,2.6
202205151015,200.0,2.1
202205151035,0.0,0.0
202205151055,0.0,0.0
202205151115,0.0,0.0
202205151135,0.0,0.0
202205151155,0.0,0.0
202205151215,0.0,0.0
202205151235,0.0,0.0
202205151255,210.0,2.1
202205151315,240.0,2.6
202205151335,180.0,1.5
202205151355,0.0,0.0
202205151415,240.0,1.5
202205151435,0.0,0.0
202205151455,0.0,0.0
202205151515,0.0,0.0
202205151535,0.0,0.0
202205151555,0.0,0.0
202205151615,150.0,1.5
202205151635,0.0,0.0
202205151655,0.0,0.0
202205151715,0.0,0.0
202205151735,0.0,0.0
202205151755,0.0,0.0
202205151815,0.0,0.0
202205151835,0.0,0.0
202205151855,50.0,1.5
202205151915,50.0,1.5
202205151935,0.0,0.0
202205151955,350.0,2.6
202205152015,60.0,2.6
202205152035,0.0,0.0
202205152055,310.0,1.5
202205152115,40.0,1.5
202205152135,10.0,3.1
202205152155,20.0,2.1
202205152215,0.0,0.0
202205152235,0.0,0.0
202205152255,0.0,0.0
202205152315,0.0,0.0
202205152335,0.0,0.0
202205152355,0.0,0.0
202205160035,0.0,0.0
202205160055,0.0,0.0
202205160115,0.0,0.0
202205160135,0.0,0.0
202205160155,0.0,0.0
202205160215,0.0,0.0
202205160235,0.0,0.0
202205160255,0.0,0.0
202205160315,0.0,0.0
202205160335,220.0,1.5
202205160355,0.0,0.0
202205160415,0.0,0.0
202205160435,0.0,0.0
202205160455,0.0,0.0
202205160515,0.0,0.0
202205160535,0.0,0.0
202205160555,0.0,0.0
202205160615,0.0,0.0
202205160635,0.0,0.0
202205160655,0.0,0.0
202205160715,0.0,0.0
202205160735,0.0,0.0
202205160755,0.0,0.0
202205160815,0.0,0.0
202205160835,0.0,0.0
202205160855,0.0,0.0
202205160915,0.0,0.0
202205160955,0.0,0.0
202205161015,0.0,0.0
202205161035,0.0,0.0
202205161055,0.0,0.0
202205161115,0.0,0.0
202205161135,0.0,0.0
202205161155,0.0,0.0
202205161215,0.0,0.0
202205161255,350.0,3.6
202205161315,340.0,1.5
202205161355,0.0,0.0
202205161415,20.0,2.6
202205161435,30.0,2.1
202205161455,0.0,0.0
202205161515,320.0,1.5
202205161535,,2.1
202205161555,340.0,2.1
202205161615,330.0,2.6
202205161635,280.0,3.1
202205161655,330.0,3.1
202205161715,,4.1
202205161735,10.0,3.6
202205161755,30.0,2.6
202205161815,350.0,2.6
202205161835,,1.5
202205161855,300.0,2.1
202205161915,330.0,3.1
202205161935,10.0,3.1
202205161955,340.0,3.1
202205162015,,3.6
202205162035,330.0,4.1
202205162055,340.0,3.6
202205162115,340.0,2.1
202205162135,350.0,2.6
202205162155,,3.1
202205162215,330.0,2.6
202205162235,330.0,2.1
202205162255,340.0,4.1
202205162315,350.0,2.6
202205162335,,2.6
202205162355,340.0,1.5
202205170015,350.0,1.5
202205170035,330.0,2.6
202205170055,0.0,0.0
202205170115,0.0,0.0
202205170135,0.0,0.0
202205170155,0.0,0.0
202205170215,0.0,0.0
202205170235,0.0,0.0
202205170255,0.0,0.0
202205170315,0.0,0.0
202205170335,0.0,0.0
202205170355,0.0,0.0
202205170435,0.0,0.0
202205170455,0.0,0.0
202205170515,0.0,0.0
202205170535,0.0,0.0
202205170555,0.0,0.0
202205170615,0.0,0.0
202205170635,0.0,0.0
202205170655,0.0,0.0
202205170715,0.0,0.0
202205170735,0.0,0.0
202205170755,0.0,0.0
202205170815,0.0,0.0
202205170835,0.0,0.0
202205170855,0.0,0.0
202205170915,0.0,0.0
202205170935,0.0,0.0
202205170955,0.0,0.0
202205171015,0.0,0.0
202205171035,0.0,0.0
202205171055,0.0,0.0
202205171115,0.0,0.0
202205171135,0.0,0.0
202205171155,0.0,0.0
202205171215,0.0,0.0
202205171235,0.0,0.0
202205171255,0.0,0.0
202205171315,60.0,1.5
202205171335,50.0,1.5
202205171355,60.0,2.1
202205171435,60.0,1.5
202205171455,50.0,1.5
202205171515,0.0,0.0
202205171535,50.0,2.6
202205171615,20.0,3.6
202205171635,10.0,3.1
202205171655,0.0,0.0
202205171715,50.0,3.1
202205171735,10.0,1.5
202205171755,30.0,3.6
202205171815,50.0,4.1
202205171835,50.0,2.6
202205171855,20.0,3.6
202205171915,60.0,3.6
202205171935,,3.6
202205171955,10.0,4.6
202205172015,10.0,3.1
202205172035,70.0,2.1
202205172055,20.0,2.6
202205172115,0.0,0.0
202205172135,100.0,1.5
202205172155,20.0,2.1
202205172215,10.0,1.5
202205172235,,2.1
202205172255,10.0,2.6
202205172335,30.0,1.5
202205172355,0.0,0.0
202205180015,0.0,0.0
202205180035,0.0,0.0
202205180055,0.0,0.0
202205180115,0.0,0.0
202205180135,0.0,0.0
202205180155,0.0,0.0
202205180215,0.0,0.0
202205180235,0.0,0.0
202205180255,0.0,0.0
202205180315,0.0,0.0
202205180335,0.0,0.0
202205180355,0.0,0.0
202205180415,0.0,0.0
202205180435,0.0,0.0
202205180455,0.0,0.0
202205180535,0.0,0.0
202205180555,0.0,0.0
202205180615,0.0,0.0
202205180635,0.0,0.0
202205180655,0.0,0.0
202205180715,0.0,0.0
202205180755,0.0,0.0
202205180855,0.0,0.0
202205180915,0.0,0.0
202205180935,0.0,0.0
202205180955,0.0,0.0
202205181015,0.0,0.0
202205181035,0.0,0.0
202205181055,0.0,0.0
202205181115,0.0,0.0
202205181135,0.0,0.0
202205181215,0.0,0.0
202205181235,0.0,0.0
202205181255,30.0,1.5
202205181315,0.0,0.0
202205181335,0.0,0.0
202205181355,230.0,1.5
202205181415,220.0,2.6
202205181435,210.0,1.5
202205181455,250.0,2.6
202205181535,220.0,2.1
202205181615,210.0,3.1
202205181635,200.0,3.1
202205181655,230.0,2.1
202205181715,240.0,4.6
202205181735,240.0,3.6
202205181755,200.0,2.6
202205181815,210.0,4.6
202205181835,190.0,3.1
202205181855,200.0,3.6
202205181915,220.0,4.6
202205181935,210.0,3.6
202205181955,220.0,3.1
202205182015,180.0,3.1
202205182035,180.0,4.6
202205182055,200.0,3.1
202205182115,230.0,5.7
202205182135,200.0,2.1
202205182155,210.0,3.6
202205182215,240.0,5.7
202205182235,220.0,4.1
202205182255,220.0,3.1
202205182315,200.0,2.6
202205182335,200.0,2.1
202205182355,190.0,2.1
202205190015,190.0,1.5
202205190035,210.0,2.1
202205190115,210.0,1.5
202205190135,0.0,0.0
202205190155,0.0,0.0
202205190215,0.0,0.0
202205190255,0.0,0.0
202205190315,0.0,0.0
202205190335,0.0,0.0
202205190355,180.0,1.5
202205190415,170.0,1.5
202205190435,0.0,0.0
202205190455,0.0,0.0
202205190535,0.0,0.0
202205190555,0.0,0.0
202205190615,0.0,0.0
202205190635,0.0,0.0
202205190655,0.0,0.0
202205190715,0.0,0.0
202205190735,0.0,0.0
202205190755,0.0,0.0
202205190835,0.0,0.0
202205190855,240.0,1.5
202205190915,200.0,1.5
202205190935,0.0,0.0
202205190955,0.0,0.0
202205191015,0.0,0.0
202205191035,330.0,1.5
202205191055,0.0,0.0
202205191115,0.0,0.0
202205191135,0.0,0.0
202205191215,240.0,1.5
202205191235,0.0,0.0
202205191255,210.0,1.5
202205191315,220.0,1.5
202205191415,250.0,2.1
202205191435,210.0,1.5
202205191455,0.0,0.0
202205191515,220.0,2.1
202205191535,250.0,2.1
202205191555,0.0,0.0
202205191615,240.0,3.6
202205191635,230.0,3.6
202205191655,190.0,2.6
202205191715,220.0,3.1
202205191735,200.0,3.6
202205191815,200.0,3.6
202205191835,190.0,4.6
202205191915,190.0,3.6
202205191935,210.0,2.6
202205191955,200.0,3.1
202205192015,210.0,2.1
202205192035,200.0,3.6
202205192055,200.0,2.1
202205192115,200.0,3.1
202205192135,210.0,2.6
202205192155,210.0,2.1
202205192215,200.0,4.1
202205192235,200.0,4.1
202205192255,210.0,3.1
202205192315,200.0,3.1
202205192335,190.0,1.5
202205192355,0.0,0.0
202205200015,0.0,0.0
202205200035,0.0,0.0
202205200055,0.0,0.0
202205200115,0.0,0.0
202205200135,0.0,0.0
202205200155,230.0,1.5
202205200215,0.0,0.0
202205200235,0.0,0.0
202205200255,0.0,0.0
202205200315,0.0,0.0
202205200335,0.0,0.0
202205200355,0.0,0.0
202205200415,0.0,0.0
202205200435,0.0,0.0
202205200455,0.0,0.0
202205200515,0.0,0.0
202205200535,0.0,0.0
202205200555,0.0,0.0
202205200615,0.0,0.0
202205200635,0.0,0.0
202205200655,0.0,0.0
202205200715,0.0,0.0
202205200755,0.0,0.0
202205200835,0.0,0.0
202205200855,0.0,0.0
202205200915,0.0,0.0
202205200935,0.0,0.0
202205200955,0.0,0.0
202205201015,0.0,0.0
202205201035,0.0,0.0
202205201115,0.0,0.0
202205201135,0.0,0.0
202205201155,0.0,0.0
202205201235,230.0,2.1
202205201315,190.0,4.1
202205201335,210.0,3.1
202205201355,220.0,4.6
202205201435,200.0,4.6
202205201455,200.0,4.6
202205201515,220.0,5.1
202205201535,220.0,5.1
202205201555,190.0,4.1
202205201615,220.0,4.1
202205201635,220.0,4.1
202205201655,220.0,5.7
202205201715,220.0,4.1
202205201735,220.0,3.6
202205201755,200.0,4.1
202205201815,190.0,3.1
202205201835,230.0,5.1
202205201855,200.0,4.1
202205201915,230.0,5.1
202205201935,220.0,5.1
202205201955,220.0,3.6
202205202015,200.0,4.6
202205202035,190.0,3.1
202205202055,180.0,3.1
202205202115,200.0,3.1
202205202135,210.0,3.1
202205202155,190.0,3.1
202205202215,210.0,3.6
202205202235,210.0,3.1
202205202255,210.0,3.1
202205202315,190.0,2.6
202205202355,,
202205210015,170.0,1.5
202205210035,,
202205210055,170.0,1.5
202205210115,,
202205210135,0.0,0.0
202205210155,,
202205210215,220.0,1.5
202205210235,,
202205210255,,
202205210315,,
202205210335,0.0,0.0
202205210355,170.0,1.5
202205210415,230.0,1.5
202205210435,0.0,0.0
202205210455,0.0,0.0
202205210515,0.0,0.0
202205210535,0.0,0.0
202205210555,0.0,0.0
202205210615,0.0,0.0
202205210635,0.0,0.0
202205210655,0.0,0.0
202205210715,0.0,0.0
202205210735,0.0,0.0
202205210755,,
202205210815,240.0,1.5
202205210835,,
202205210855,0.0,0.0
202205210915,0.0,0.0
202205210955,0.0,0.0
202205211015,200.0,2.1
202205211035,180.0,2.1
202205211055,170.0,1.5
202205211115,230.0,1.5
202205211135,,
202205211155,,
202205211215,,
202205211235,210.0,2.1
202205211255,200.0,1.5
202205211315,200.0,2.6
202205211335,,
202205211355,190.0,3.1
202205211415,,
202205211435,190.0,2.6
202205211455,200.0,2.6
202205211515,180.0,2.6
202205211535,200.0,2.1
202205211555,200.0,3.1
202205211615,220.0,2.6
202205211635,220.0,3.6
202205211655,230.0,4.6
202205211715,210.0,4.6
202205211735,220.0,3.1
202205211755,240.0,4.6
202205211815,230.0,3.6
202205211835,220.0,2.1
202205211855,240.0,3.6
202205211915,200.0,2.6
202205211935,210.0,2.6
202205211955,170.0,2.1
202205212015,220.0,2.6
202205212035,250.0,3.6
202205212055,220.0,2.6
202205212115,220.0,2.1
202205212135,230.0,2.6
202205212155,220.0,3.1
202205212215,190.0,2.1
202205212235,200.0,2.1
202205212255,190.0,2.1
202205212315,200.0,2.6
202205212335,190.0,2.6
202205212355,220.0,1.5
202205220015,0.0,0.0
202205220035,0.0,0.0
202205220055,0.0,0.0
202205220115,0.0,0.0
202205220135,230.0,1.5
202205220155,,
202205220215,,
202205220235,0.0,0.0
202205220315,,
202205220355,0.0,0.0
202205220415,0.0,0.0
202205220455,,
202205220515,,
202205220535,,
202205220555,0.0,0.0
202205220615,0.0,0.0
202205220635,0.0,0.0
202205220655,0.0,0.0
202205220715,0.0,0.0
202205220735,0.0,0.0
202205220755,180.0,1.5
202205220815,200.0,1.5
202205220835,,
202205220855,0.0,0.0
202205220915,,
202205220935,210.0,1.5
202205220955,,
202205221015,240.0,1.5
202205221035,230.0,1.5
202205221055,220.0,1.5
202205221115,,
202205221135,210.0,1.5
202205221155,210.0,3.1
202205221215,200.0,2.1
202205221235,200.0,2.6
202205221255,190.0,3.1
202205221315,200.0,3.6
202205221335,220.0,3.1
202205221355,210.0,3.1
202205221415,230.0,3.1
202205221435,190.0,2.6
202205221455,230.0,2.1
202205221515,180.0,3.1
202205221535,180.0,3.1
202205221555,210.0,2.6
202205221615,190.0,3.1
202205221635,220.0,3.1
202205221655,230.0,2.6
202205221715,190.0,3.1
202205221735,210.0,2.6
202205221815,200.0,2.6
202205221835,210.0,3.1
202205221855,260.0,2.6
202205221915,160.0,3.6
202205221955,0.0,0.0
202205222015,220.0,2.1
202205222035,240.0,1.5
202205222055,0.0,0.0
202205222115,10.0,4.6
202205222135,60.0,5.1
202205222155,40.0,2.6
202205222215,,
202205222235,20.0,3.6
202205222255,20.0,2.1
202205222315,20.0,2.6
202205222335,,1.5
202205222355,20.0,3.1
202205230035,30.0,2.1
202205230055,40.0,1.5
202205230115,20.0,2.1
202205230135,,
202205230155,,2.1
202205230215,,
202205230235,280.0,3.1
202205230255,30.0,2.6
202205230315,,
202205230335,10.0,2.1
202205230355,,
202205230415,,
202205230435,0.0,0.0
202205230455,0.0,0.0
202205230515,10.0,1.5
202205230535,,
202205230555,20.0,2.6
202205230615,0.0,0.0
202205230635,0.0,0.0
202205230655,,
202205230715,0.0,0.0
202205230735,0.0,0.0
202205230755,0.0,0.0
202205230815,0.0,0.0
202205230835,,
202205230855,,
202205230915,,
202205230935,,
202205230955,0.0,0.0
202205231015,0.0,0.0
202205231035,,
202205231215,0.0,0.0
202205231235,,
202205231255,,
202205231315,40.0,2.1
202205231335,60.0,2.1
202205231355,70.0,2.6
202205231415,50.0,1.5
202205231435,40.0,3.1
202205231455,40.0,3.1
202205231515,30.0,3.6
202205231535,20.0,3.1
202205231555,20.0,3.1
202205231615,30.0,3.6
202205231635,10.0,6.2
202205231655,10.0,4.6
202205231715,10.0,4.1
202205231735,30.0,4.1
202205231755,10.0,3.1
202205231815,20.0,2.6
202205231835,,2.6
202205231855,340.0,2.6
202205231915,350.0,1.5
202205231935,20.0,2.6
202205231955,,2.6
202205232015,,
202205232035,30.0,2.1
202205232055,,
202205232115,,
202205232135,,
202205232155,,
202205232215,0.0,0.0
202205232235,,
202205232255,,
202205232315,0.0,0.0
202205232335,,
202205232355,0.0,0.0
202205240015,0.0,0.0
202205240035,0.0,0.0
202205240115,,
202205240135,10.0,2.1
202205240155,,
202205240215,0.0,0.0
202205240235,0.0,0.0
202205240255,,
202205240315,60.0,1.5
202205240335,30.0,1.5
202205240355,30.0,1.5
202205240415,0.0,0.0
202205240435,,
202205240455,,
202205240515,,
202205240535,,
202205240555,,
202205240615,0.0,0.0
202205240635,0.0,0.0
202205240655,,
202205240715,0.0,0.0
202205240735,,
202205240755,0.0,0.0
202205240815,0.0,0.0
202205240835,,
202205240855,,
202205240915,20.0,1.5
202205240935,0.0,0.0
202205240955,0.0,0.0
202205241015,0.0,0.0
202205241035,0.0,0.0
202205241055,,
202205241115,20.0,1.5
202205241135,20.0,2.1
202205241155,,
202205241215,10.0,1.5
202205241235,10.0,1.5
202205241255,,
202205241315,,1.5
202205241335,,
202205241355,,1.5
202205241415,,2.1
202205241435,,
202205241455,20.0,2.1
202205241515,40.0,1.5
202205241535,,
202205241555,0.0,0.0
202205241615,0.0,0.0
202205241635,350.0,1.5
202205241655,,
202205241715,0.0,0.0
202205241735,20.0,1.5
202205241755,0.0,0.0
202205241815,0.0,0.0
202205241835,,
202205241855,0.0,0.0
202205241915,0.0,0.0
202205241935,,
202205241955,0.0,0.0
202205242015,0.0,0.0
202205242035,0.0,0.0
202205242055,0.0,0.0
202205242115,0.0,0.0
202205242135,0.0,0.0
202205242155,0.0,0.0
202205242215,0.0,0.0
202205242235,0.0,0.0
202205242255,0.0,0.0
202205242315,0.0,0.0
202205242335,0.0,0.0
202205242355,0.0,0.0
202205250015,0.0,0.0
202205250035,0.0,0.0
202205250055,0.0,0.0
202205250115,0.0,0.0
202205250135,230.0,2.6
202205250155,240.0,2.6
202205250235,0.0,0.0
202205250255,0.0,0.0
202205250315,0.0,0.0
202205250335,0.0,0.0
202205250355,0.0,0.0
202205250415,240.0,1.5
202205250435,0.0,0.0
202205250455,0.0,0.0
202205250515,0.0,0.0
202205250535,0.0,0.0
202205250555,0.0,0.0
202205250615,0.0,0.0
202205250655,0.0,0.0
202205250715,0.0,0.0
202205250735,0.0,0.0
202205250755,0.0,0.0
202205250815,0.0,0.0
202205250835,0.0,0.0
202205250855,0.0,0.0
202205250915,0.0,0.0
202205250935,0.0,0.0
202205250955,0.0,0.0
202205251015,0.0,0.0
202205251035,0.0,0.0
202205251055,0.0,0.0
202205251115,0.0,0.0
202205251135,0.0,0.0
202205251155,0.0,0.0
202205251215,0.0,0.0
202205251235,150.0,1.5
202205251255,140.0,1.5
202205251315,150.0,4.1
202205251335,140.0,1.5
202205251355,140.0,1.5
202205251415,150.0,1.5
202205251435,160.0,3.1
202205251455,150.0,2.1
202205251515,190.0,2.1
202205251535,0.0,0.0
202205251615,160.0,2.1
202205251635,150.0,1.5
202205251655,180.0,3.6
202205251715,210.0,1.5
202205251735,200.0,2.6
202205251755,180.0,3.1
202205251815,200.0,2.1
202205251835,210.0,1.5
202205251855,180.0,2.1
202205251935,0.0,0.0
202205251955,0.0,0.0
202205252015,0.0,0.0
202205252035,0.0,0.0
202205252055,0.0,0.0
202205252115,150.0,1.5
202205252135,150.0,2.1
202205252155,180.0,2.1
202205252215,210.0,2.6
202205252235,200.0,1.5
202205252255,220.0,2.1
202205252315,0.0,0.0
202205252335,0.0,0.0
202205252355,220.0,1.5
202205260015,220.0,1.5
202205260035,240.0,2.1
202205260055,0.0,0.0
202205260115,0.0,0.0
202205260135,0.0,0.0
202205260155,0.0,0.0
202205260215,190.0,2.1
202205260255,160.0,2.6
202205260315,170.0,2.6
202205260335,150.0,1.5
202205260355,190.0,2.1
202205260415,170.0,2.1
202205260435,180.0,2.1
202205260455,170.0,1.5
202205260515,190.0,3.1
202205260535,190.0,2.1
202205260555,200.0,2.1
202205260615,200.0,2.6
202205260635,200.0,2.1
202205260655,160.0,3.6
202205260715,180.0,1.5
202205260735,190.0,2.1
202205260755,170.0,2.1
202205260815,170.0,2.1
202205260835,180.0,3.1
202205260855,170.0,1.5
202205260915,170.0,1.5
202205260935,180.0,2.1
202205260955,170.0,2.6
202205261015,170.0,2.6
202205261035,180.0,2.6
202205261055,190.0,2.1
202205261115,190.0,2.6
202205261135,210.0,1.5
202205261155,170.0,2.1
202205261215,190.0,2.6
202205261235,210.0,2.6
202205261255,190.0,2.1
202205261315,200.0,1.5
202205261335,180.0,2.6
202205261355,170.0,2.6
202205261415,200.0,2.6
202205261435,190.0,2.1
202205261455,190.0,2.6
202205261515,190.0,4.1
202205261535,170.0,4.1
202205261555,190.0,4.1
202205261615,190.0,4.1
202205261635,200.0,2.1
202205261655,190.0,3.1
202205261715,180.0,3.1
202205261735,190.0,3.6
202205261755,200.0,3.1
202205261815,200.0,3.1
202205261835,200.0,3.6
202205261855,200.0,4.1
202205261915,210.0,4.1
202205261935,220.0,4.6
202205261955,190.0,2.1
202205262015,200.0,3.1
202205262035,190.0,3.1
202205262055,200.0,3.6
202205262115,200.0,3.1
202205262135,200.0,2.6
202205262155,180.0,2.6
202205262215,180.0,2.1
202205262235,180.0,2.1
202205262255,180.0,2.6
202205262315,200.0,3.1
202205262335,190.0,2.6
202205262355,180.0,2.1
202205270015,220.0,2.6
202205270035,220.0,1.5
202205270055,220.0,2.1
202205270115,230.0,1.5
202205270135,210.0,1.5
202205270155,0.0,0.0
202205270215,200.0,1.5
202205270235,0.0,0.0
202205270255,190.0,1.5
202205270315,220.0,1.5
202205270355,220.0,2.1
202205270415,210.0,2.1
202205270435,210.0,1.5
202205270455,220.0,2.1
202205270515,210.0,2.1
202205270535,200.0,2.1
202205270555,180.0,2.1
202205270615,180.0,2.1
202205270635,190.0,2.1
202205270655,190.0,2.1
202205270715,210.0,2.1
202205270735,200.0,1.5
202205270755,180.0,1.5
202205270815,0.0,0.0
202205270835,0.0,0.0
202205270855,190.0,1.5
202205270915,210.0,1.5
202205270935,210.0,2.1
202205270955,200.0,1.5
202205271015,190.0,2.1
202205271035,190.0,1.5
202205271055,190.0,2.6
202205271115,200.0,2.6
202205271135,200.0,2.1
202205271155,190.0,2.1
202205271215,200.0,2.1
202205271235,200.0,2.6
202205271315,190.0,2.6
202205271335,220.0,2.6
202205271355,220.0,3.6
202205271415,220.0,3.1
202205271435,210.0,2.1
202205271455,230.0,3.1
202205271515,190.0,3.6
202205271555,250.0,5.1
202205271615,260.0,4.1
202205271635,250.0,7.2
202205271655,260.0,7.2
202205271715,280.0,3.6
202205271735,260.0,4.6
202205271755,290.0,4.1
202205271815,270.0,4.1
202205271835,250.0,4.1
202205271855,250.0,5.1
202205271915,280.0,4.6
202205271935,280.0,5.1
202205271955,280.0,4.6
202205272015,270.0,4.1
202205272035,310.0,3.1
202205272055,280.0,4.1
202205272115,280.0,4.1
202205272135,280.0,3.6
202205272155,280.0,3.6
202205272215,290.0,2.6
202205272235,300.0,2.1
202205272255,310.0,3.6
202205272315,300.0,2.1
202205272335,330.0,3.1
202205272355,330.0,2.6
202205280015,330.0,1.5
202205280035,280.0,1.5
202205280055,330.0,2.6
202205280115,340.0,2.1
202205280135,340.0,2.1
202205280155,0.0,0.0
202205280215,350.0,1.5
202205280255,350.0,1.5
202205280335,0.0,0.0
202205280355,0.0,0.0
202205280415,0.0,0.0
202205280435,0.0,0.0
202205280515,0.0,0.0
202205280555,0.0,0.0
202205280615,0.0,0.0
202205280635,0.0,0.0
202205280655,0.0,0.0
202205280715,0.0,0.0
202205280735,0.0,0.0
202205280755,0.0,0.0
202205280815,60.0,1.5
202205280835,0.0,0.0
202205280855,0.0,0.0
202205280955,0.0,0.0
202205281015,0.0,0.0
202205281035,0.0,0.0
202205281055,0.0,0.0
202205281115,0.0,0.0
202205281135,0.0,0.0
202205281155,50.0,1.5
202205281215,0.0,0.0
202205281255,30.0,2.6
202205281315,10.0,3.6
202205281335,10.0,4.1
202205281355,40.0,4.1
202205281415,50.0,3.6
202205281435,20.0,3.1
202205281515,40.0,2.1
202205281535,10.0,1.5
202205281555,80.0,1.5
202205281615,20.0,3.1
202205281635,,1.5
202205281655,30.0,1.5
202205281715,0.0,0.0
202205281735,0.0,0.0
202205281815,90.0,1.5
202205281835,70.0,2.1
202205281855,350.0,2.6
202205281915,60.0,2.6
202205281935,10.0,4.6
202205281955,40.0,2.6
202205282015,20.0,2.1
202205282035,10.0,2.6
202205282055,70.0,2.1
202205282115,50.0,1.5
202205282135,20.0,3.6
202205282155,20.0,2.1
202205282215,20.0,2.1
202205282235,0.0,0.0
202205282255,20.0,2.1
202205282315,10.0,1.5
202205282335,50.0,2.1
202205282355,70.0,1.5
202205290015,0.0,0.0
202205290035,0.0,0.0
202205290055,0.0,0.0
202205290115,0.0,0.0
202205290135,0.0,0.0
202205290155,0.0,0.0
202205290215,0.0,0.0
202205290235,0.0,0.0
202205290315,0.0,0.0
202205290335,0.0,0.0
202205290355,0.0,0.0
202205290415,0.0,0.0
202205290435,0.0,0.0
202205290455,0.0,0.0
202205290515,0.0,0.0
202205290535,0.0,0.0
202205290555,0.0,0.0
202205290615,0.0,0.0
202205290635,0.0,0.0
202205290655,0.0,0.0
202205290715,0.0,0.0
202205290735,0.0,0.0
202205290755,0.0,0.0
202205290815,0.0,0.0
202205290835,0.0,0.0
202205290855,0.0,0.0
202205290915,0.0,0.0
202205290935,0.0,0.0
202205290955,0.0,0.0
202205291015,0.0,0.0
202205291035,0.0,0.0
202205291055,0.0,0.0
202205291115,0.0,0.0
202205291135,0.0,0.0
202205291155,0.0,0.0
202205291215,0.0,0.0
202205291235,0.0,0.0
202205291315,70.0,2.1
202205291335,60.0,2.1
202205291355,50.0,2.1
202205291415,50.0,1.5
202205291435,20.0,2.1
202205291515,0.0,0.0
202205291535,0.0,0.0
202205291555,0.0,0.0
202205291615,0.0,0.0
202205291635,0.0,0.0
202205291655,230.0,1.5
202205291715,0.0,0.0
202205291735,170.0,2.1
202205291755,230.0,2.1
202205291815,0.0,0.0
202205291835,190.0,3.6
202205291855,200.0,2.1
202205291915,200.0,2.1
202205291935,220.0,2.6
202205292015,200.0,2.6
202205292035,180.0,1.5
202205292055,230.0,1.5
202205292115,190.0,2.1
202205292135,190.0,2.1
202205292155,210.0,2.6
202205292215,180.0,1.5
202205292235,160.0,1.5
202205292255,160.0,1.5
202205292315,170.0,1.5
202205292335,0.0,0.0
202205300015,0.0,0.0
202205300035,0.0,0.0
202205300055,0.0,0.0
202205300115,0.0,0.0
202205300135,0.0,0.0
202205300155,0.0,0.0
202205300215,0.0,0.0
202205300235,0.0,0.0
202205300255,0.0,0.0
202205300315,0.0,0.0
202205300335,0.0,0.0
202205300355,0.0,0.0
202205300415,0.0,0.0
202205300435,0.0,0.0
202205300455,0.0,0.0
202205300515,0.0,0.0
202205300535,0.0,0.0
202205300555,0.0,0.0
202205300615,0.0,0.0
202205300635,0.0,0.0
202205300655,0.0,0.0
202205300715,0.0,0.0
202205300735,0.0,0.0
202205300755,0.0,0.0
202205300815,0.0,0.0
202205300835,0.0,0.0
202205300855,0.0,0.0
202205300915,0.0,0.0
202205300935,0.0,0.0
202205300955,0.0,0.0
202205301015,0.0,0.0
202205301035,0.0,0.0
202205301055,0.0,0.0
202205301115,0.0,0.0
202205301135,0.0,0.0
202205301155,0.0,0.0
202205301215,0.0,0.0
202205301235,0.0,0.0
202205301255,0.0,0.0
202205301315,0.0,0.0
202205301335,0.0,0.0
202205301355,240.0,1.5
202205301415,250.0,1.5
202205301435,240.0,2.6
202205301455,230.0,2.1
202205301515,220.0,1.5
202205301535,180.0,2.6
202205301555,0.0,0.0
202205301615,230.0,3.6
202205301635,220.0,2.6
202205301655,0.0,0.0
202205301715,170.0,3.1
202205301735,220.0,3.1
202205301755,240.0,2.6
202205301815,230.0,3.6
202205301835,200.0,1.5
202205301855,0.0,0.0
202205301915,180.0,1.5
202205301935,180.0,1.5
202205301955,190.0,1.5
202205302015,180.0,2.1
202205302035,200.0,2.1
202205302055,200.0,2.6
202205302115,230.0,2.6
202205302135,110.0,1.5
202205302215,150.0,2.1
202205302235,150.0,2.1
202205302315,140.0,2.1
202205302335,0.0,0.0
202205302355,0.0,0.0
202205310015,0.0,0.0
202205310035,0.0,0.0
202205310055,170.0,1.5
202205310115,170.0,2.1
202205310135,0.0,0.0
202205310155,0.0,0.0
202205310215,150.0,1.5
202205310235,190.0,3.1
202205310255,0.0,0.0
202205310315,0.0,0.0
202205310335,0.0,0.0
202205310355,0.0,0.0
202205310415,0.0,0.0
202205310435,0.0,0.0
202205310455,0.0,0.0
202205310515,0.0,0.0
202205310535,0.0,0.0
202205310555,0.0,0.0
202205310615,0.0,0.0
202205310635,0.0,0.0
202205310655,0.0,0.0
202205310715,0.0,0.0
202205310735,0.0,0.0
202205310755,0.0,0.0
202205310815,0.0,0.0
202205310855,0.0,0.0
202205310915,0.0,0.0
202205310935,0.0,0.0
202205310955,0.0,0.0
202205311015,0.0,0.0
202205311035,0.0,0.0
202205311055,0.0,0.0
202205311135,0.0,0.0
202205311155,0.0,0.0
202205311215,0.0,0.0
202205311235,0.0,0.0
202205311255,0.0,0.0
202205311315,0.0,0.0
202205311335,0.0,0.0
202205311355,0.0,0.0
202205311415,0.0,0.0
202205311435,190.0,1.5
202205311455,180.0,2.1
202205311515,0.0,0.0
202205311535,0.0,0.0
202205311555,0.0,0.0
202205311655,180.0,1.5
202205311715,0.0,0.0
202205311735,0.0,0.0
202205311755,0.0,0.0
202205311815,0.0,0.0
202205311835,200.0,1.5
202205311855,0.0,0.0
202205311915,0.0,0.0
202205311955,0.0,0.0
202205312015,240.0,2.1
202205312035,0.0,0.0
202205312055,160.0,1.5
202205312115,0.0,0.0
202205312135,0.0,0.0
202205312155,310.0,1.5
202205312215,0.0,0.0
202205312235,290.0,1.5
202205312255,0.0,0.0
202205312315,0.0,0.0
202205312335,0.0,0.0
202205312355,0.0,0.0
202206010015,0.0,0.0
202206010035,0.0,0.0
202206010055,0.0,0.0
202206010115,0.0,0.0
202206010135,0.0,0.0
202206010155,0.0,0.0
202206010215,0.0,0.0
202206010235,0.0,0.0
202206010255,0.0,0.0
202206010315,0.0,0.0
202206010335,0.0,0.0
202206010355,0.0,0.0
202206010415,0.0,0.0
202206010435,0.0,0.0
202206010455,0.0,0.0
202206010515,0.0,0.0
202206010535,0.0,0.0
202206010555,0.0,0.0
202206010615,0.0,0.0
202206010635,0.0,0.0
202206010655,0.0,0.0
202206010735,0.0,0.0
202206010755,0.0,0.0
202206010815,0.0,0.0
202206010835,0.0,0.0
202206010855,0.0,0.0
202206010915,0.0,0.0
202206010935,0.0,0.0
202206010955,0.0,0.0
202206011015,0.0,0.0
202206011035,0.0,0.0
202206011055,0.0,0.0
202206011115,0.0,0.0
202206011135,0.0,0.0
202206011155,0.0,0.0
202206011215,0.0,0.0
202206011235,0.0,0.0
202206011255,0.0,0.0
202206011315,0.0,0.0
202206011355,0.0,0.0
202206011415,0.0,0.0
202206011435,0.0,0.0
202206011455,0.0,0.0
202206011515,280.0,2.1
202206011535,40.0,2.1
202206011555,10.0,2.1
202206011615,60.0,2.6
202206011635,0.0,0.0
202206011655,20.0,2.6
202206011715,0.0,0.0
202206011735,0.0,0.0
202206011755,30.0,2.1
202206011835,240.0,1.5
202206011855,0.0,0.0
202206011915,0.0,0.0
202206011935,0.0,0.0
202206011955,0.0,0.0
202206012015,0.0,0.0
202206012035,0.0,0.0
202206012055,250.0,1.5
202206012115,0.0,0.0
202206012135,240.0,2.1
202206012155,220.0,2.1
202206012215,250.0,1.5
202206012235,0.0,0.0
202206012255,200.0,1.5
202206012315,0.0,0.0
202206012335,220.0,1.5
202206012355,0.0,0.0
202206020015,0.0,0.0
202206020035,0.0,0.0
202206020055,0.0,0.0
202206020115,0.0,0.0
202206020135,0.0,0.0
202206020215,0.0,0.0
202206020235,0.0,0.0
202206020255,0.0,0.0
202206020315,0.0,0.0
202206020335,0.0,0.0
202206020355,0.0,0.0
202206020415,0.0,0.0
202206020435,0.0,0.0
202206020455,0.0,0.0
202206020515,0.0,0.0
202206020535,0.0,0.0
202206020635,0.0,0.0
202206020655,0.0,0.0
202206020715,0.0,0.0
202206020735,0.0,0.0
202206020755,0.0,0.0
202206020815,0.0,0.0
202206020835,0.0,0.0
202206020855,0.0,0.0
202206020915,0.0,0.0
202206020935,0.0,0.0
202206021015,0.0,0.0
202206021035,0.0,0.0
202206021055,0.0,0.0
202206021115,0.0,0.0
202206021135,0.0,0.0
202206021155,0.0,0.0
202206021215,0.0,0.0
202206021235,0.0,0.0
202206021255,0.0,0.0
202206021315,0.0,0.0
202206021335,0.0,0.0
202206021355,0.0,0.0
202206021415,0.0,0.0
202206021455,180.0,1.5
202206021515,0.0,0.0
202206021535,230.0,2.1
202206021555,0.0,0.0
202206021615,250.0,3.6
202206021635,250.0,2.6
202206021655,280.0,2.6
202206021715,250.0,3.6
202206021735,280.0,2.6
202206021755,280.0,3.6
202206021815,310.0,1.5
202206021835,310.0,1.5
202206021855,280.0,2.1
202206021915,310.0,2.6
202206021935,300.0,2.6
202206021955,260.0,3.6
202206022015,280.0,7.7
202206022035,,3.1
202206022055,0.0,0.0
202206022115,150.0,1.5
202206022155,240.0,1.5
202206022215,0.0,0.0
202206022235,0.0,0.0
202206022255,320.0,1.5
202206022315,,2.6
202206022335,40.0,1.5
202206022355,20.0,3.1
202206030035,0.0,0.0
202206030055,0.0,0.0
202206030115,0.0,0.0
202206030135,0.0,0.0
202206030155,0.0,0.0
202206030215,0.0,0.0
202206030235,30.0,2.1
202206030255,0.0,0.0
202206030335,0.0,0.0
202206030355,0.0,0.0
202206030415,0.0,0.0
202206030435,0.0,0.0
202206030455,0.0,0.0
202206030515,0.0,0.0
202206030535,0.0,0.0
202206030555,0.0,0.0
202206030615,0.0,0.0
202206030635,0.0,0.0
202206030655,0.0,0.0
202206030715,0.0,0.0
202206030735,0.0,0.0
202206030755,0.0,0.0
202206030815,0.0,0.0
202206030835,0.0,0.0
202206030855,0.0,0.0
202206030915,0.0,0.0
202206030935,0.0,0.0
202206030955,0.0,0.0
202206031015,50.0,1.5
202206031035,0.0,0.0
202206031055,0.0,0.0
202206031115,0.0,0.0
202206031135,0.0,0.0
202206031155,0.0,0.0
202206031215,0.0,0.0
202206031235,30.0,2.6
202206031255,10.0,3.1
202206031315,30.0,3.6
202206031335,40.0,3.1
202206031355,20.0,4.6
202206031415,30.0,4.1
202206031435,10.0,2.6
202206031455,20.0,3.6
202206031515,20.0,3.6
202206031535,20.0,4.1
202206031555,30.0,3.6
202206031615,,3.1
202206031635,,3.1
202206031655,10.0,3.6
202206031715,30.0,4.6
202206031735,10.0,2.6
202206031755,30.0,2.6
202206031815,10.0,2.6
202206031835,10.0,2.6
202206031855,10.0,2.6
202206031935,20.0,2.1
202206031955,10.0,2.6
202206032015,30.0,2.1
202206032035,10.0,3.1
202206032055,40.0,3.1
202206032115,,3.6
202206032135,20.0,3.1
202206032155,10.0,3.1
202206032215,10.0,2.6
202206032235,10.0,3.1
202206032255,10.0,2.6
202206032315,10.0,2.6
202206032335,10.0,3.1
202206032355,20.0,2.1
202206040015,20.0,1.5
202206040035,40.0,1.5
202206040055,0.0,0.0
202206040115,0.0,0.0
202206040135,0.0,0.0
202206040155,0.0,0.0
202206040215,0.0,0.0
202206040235,0.0,0.0
202206040255,0.0,0.0
202206040315,0.0,0.0
202206040355,0.0,0.0
202206040415,0.0,0.0
202206040435,0.0,0.0
202206040455,0.0,0.0
202206040515,0.0,0.0
202206040535,0.0,0.0
202206040555,0.0,0.0
202206040615,0.0,0.0
202206040635,0.0,0.0
202206040655,0.0,0.0
202206040715,0.0,0.0
202206040735,0.0,0.0
202206040755,0.0,0.0
202206040815,0.0,0.0
202206040835,0.0,0.0
202206040855,0.0,0.0
202206040915,0.0,0.0
202206040935,0.0,0.0
202206040955,0.0,0.0
202206041015,0.0,0.0
202206041035,0.0,0.0
202206041055,0.0,0.0
202206041115,0.0,0.0
202206041135,0.0,0.0
202206041155,0.0,0.0
202206041215,0.0,0.0
202206041235,40.0,1.5
202206041255,40.0,3.1
202206041315,30.0,2.6
202206041335,40.0,2.6
202206041355,10.0,2.6
202206041415,20.0,2.6
202206041435,60.0,2.1
202206041455,30.0,2.6
202206041515,10.0,1.5
202206041535,0.0,0.0
202206041615,30.0,2.6
202206041635,50.0,2.6
202206041655,70.0,2.1
202206041715,30.0,2.1
202206041735,80.0,2.1
202206041755,30.0,3.1
202206041815,70.0,3.1
202206041835,20.0,2.1
202206041855,20.0,3.1
202206041915,40.0,2.1
202206041935,20.0,2.1
202206041955,10.0,2.1
202206042015,30.0,3.1
202206042035,40.0,2.6
202206042055,50.0,2.6
202206042115,20.0,2.1
202206042135,50.0,1.5
202206042155,50.0,2.1
202206042215,50.0,2.1
202206042235,50.0,3.6
202206042255,60.0,3.1
202206042315,50.0,1.5
202206042335,40.0,4.1
202206042355,40.0,3.1
202206050015,0.0,0.0
202206050035,0.0,0.0
202206050055,0.0,0.0
202206050115,0.0,0.0
202206050135,0.0,0.0
202206050155,0.0,0.0
202206050215,0.0,0.0
202206050255,0.0,0.0
202206050315,0.0,0.0
202206050335,0.0,0.0
202206050355,0.0,0.0
202206050415,0.0,0.0
202206050435,0.0,0.0
202206050455,0.0,0.0
202206050515,0.0,0.0
202206050535,0.0,0.0
202206050555,0.0,0.0
202206050615,0.0,0.0
202206050635,0.0,0.0
202206050655,0.0,0.0
202206050715,0.0,0.0
202206050735,0.0,0.0
202206050755,0.0,0.0
202206050835,0.0,0.0
202206050855,0.0,0.0
202206050915,0.0,0.0
202206050935,0.0,0.0
202206050955,0.0,0.0
202206051015,0.0,0.0
202206051035,0.0,0.0
202206051055,0.0,0.0
202206051115,0.0,0.0
202206051135,0.0,0.0
202206051155,0.0,0.0
202206051215,0.0,0.0
202206051235,0.0,0.0
202206051255,0.0,0.0
202206051315,0.0,0.0
202206051335,0.0,0.0
202206051355,0.0,0.0
202206051415,0.0,0.0
202206051435,0.0,0.0
202206051455,0.0,0.0
202206051515,0.0,0.0
202206051535,0.0,0.0
202206051555,170.0,1.5
202206051615,160.0,1.5
202206051635,140.0,1.5
202206051655,120.0,1.5
202206051715,170.0,1.5
202206051735,150.0,1.5
202206051755,110.0,1.5
202206051815,0.0,0.0
202206051835,160.0,2.6
202206051855,180.0,1.5
202206051915,0.0,0.0
202206051955,140.0,1.5
202206052015,180.0,1.5
202206052035,150.0,1.5
202206052055,170.0,2.6
202206052115,0.0,0.0
202206052135,150.0,1.5
202206052155,140.0,1.5
202206052215,140.0,1.5
202206052235,0.0,0.0
202206052255,0.0,0.0
202206052315,0.0,0.0
202206052335,0.0,0.0
202206060015,0.0,0.0
202206060035,0.0,0.0
202206060055,0.0,0.0
202206060115,0.0,0.0
202206060135,0.0,0.0
202206060155,0.0,0.0
202206060215,0.0,0.0
202206060255,0.0,0.0
202206060315,0.0,0.0
202206060335,0.0,0.0
202206060355,0.0,0.0
202206060415,0.0,0.0
202206060435,0.0,0.0
202206060455,0.0,0.0
202206060515,0.0,0.0
202206060535,0.0,0.0
202206060555,0.0,0.0
202206060615,0.0,0.0
202206060635,0.0,0.0
202206060655,0.0,0.0
202206060715,0.0,0.0
202206060735,0.0,0.0
202206060755,0.0,0.0
202206060815,0.0,0.0
202206060835,0.0,0.0
202206060855,0.0,0.0
202206060915,0.0,0.0
202206060935,0.0,0.0
202206060955,0.0,0.0
202206061015,0.0,0.0
202206061035,0.0,0.0
202206061055,0.0,0.0
202206061115,0.0,0.0
202206061135,0.0,0.0
202206061155,0.0,0.0
202206061235,0.0,0.0
202206061255,0.0,0.0
202206061315,220.0,1.5
202206061355,240.0,2.1
202206061415,190.0,2.1
202206061435,180.0,1.5
202206061455,200.0,1.5
202206061515,200.0,3.1
202206061535,210.0,2.6
202206061555,170.0,2.1
202206061615,230.0,2.1
202206061635,180.0,2.1
202206061655,180.0,1.5
202206061715,240.0,2.6
202206061735,170.0,3.1
202206061755,150.0,1.5
202206061815,140.0,2.1
202206061835,150.0,1.5
202206061855,140.0,2.6
202206061915,160.0,1.5
202206061935,160.0,2.1
202206061955,170.0,3.1
202206062015,130.0,1.5
202206062035,180.0,3.1
202206062055,150.0,1.5
202206062115,190.0,2.6
202206062135,180.0,2.1
202206062155,190.0,1.5
202206062215,190.0,1.5
202206062235,220.0,6.7
202206062255,0.0,0.0
202206062315,230.0,1.5
202206062335,0.0,0.0
202206062355,230.0,1.5
202206070015,0.0,0.0
202206070035,0.0,0.0
202206070055,0.0,0.0
202206070115,0.0,0.0
202206070135,0.0,0.0
202206070155,240.0,2.1
202206070215,0.0,0.0
202206070235,0.0,0.0
202206070255,240.0,1.5
202206070315,0.0,0.0
202206070335,220.0,1.5
202206070355,220.0,1.5
202206070415,0.0,0.0
202206070435,220.0,1.5
202206070455,210.0,1.5
202206070515,0.0,0.0
202206070535,0.0,0.0
202206070555,0.0,0.0
202206070615,0.0,0.0
202206070635,0.0,0.0
202206070655,170.0,2.1
202206070715,190.0,1.5
202206070735,190.0,2.6
202206070755,0.0,0.0
202206070815,190.0,1.5
202206070835,210.0,1.5
202206070855,0.0,0.0
202206070915,180.0,1.5
202206070935,180.0,2.6
202206070955,0.0,0.0
202206071015,210.0,1.5
202206071035,190.0,1.5
202206071055,210.0,1.5
202206071115,220.0,1.5
202206071135,220.0,1.5
202206071215,190.0,2.1
202206071235,210.0,2.1
202206071255,170.0,2.1
202206071315,0.0,0.0
202206071335,220.0,1.5
202206071355,0.0,0.0
202206071415,230.0,2.1
202206071515,0.0,0.0
202206071535,0.0,0.0
202206071615,0.0,0.0
202206071635,0.0,0.0
202206071655,210.0,1.5
202206071715,230.0,1.5
202206071735,200.0,1.5
202206071755,0.0,0.0
202206071815,180.0,1.5
202206071835,0.0,0.0
202206071855,0.0,0.0
202206071915,20.0,1.5
202206071935,20.0,3.1
202206071955,120.0,1.5
202206072015,30.0,4.1
202206072035,0.0,0.0
202206072055,0.0,0.0
202206072135,140.0,1.5
202206072155,0.0,0.0
202206072215,0.0,0.0
202206072235,0.0,0.0
202206072255,0.0,0.0
202206072315,0.0,0.0
202206072335,0.0,0.0
202206072355,0.0,0.0
202206080015,0.0,0.0
202206080035,0.0,0.0
202206080055,240.0,1.5
202206080115,0.0,0.0
202206080135,210.0,1.5
202206080155,200.0,1.5
202206080215,0.0,0.0
202206080255,220.0,2.6
202206080315,200.0,1.5
202206080335,0.0,0.0
202206080355,0.0,0.0
202206080415,0.0,0.0
202206080435,0.0,0.0
202206080455,200.0,1.5
202206080515,0.0,0.0
202206080535,0.0,0.0
202206080555,200.0,1.5
202206080615,0.0,0.0
202206080635,0.0,0.0
202206080655,0.0,0.0
202206080715,0.0,0.0
202206080735,0.0,0.0
202206080755,0.0,0.0
202206080815,0.0,0.0
202206080835,0.0,0.0
202206080855,0.0,0.0
202206080915,0.0,0.0
202206080935,0.0,0.0
202206080955,0.0,0.0
202206081015,0.0,0.0
202206081035,0.0,0.0
202206081055,0.0,0.0
202206081115,0.0,0.0
202206081135,0.0,0.0
202206081155,0.0,0.0
202206081215,0.0,0.0
202206081235,0.0,0.0
202206081255,0.0,0.0
202206081315,190.0,1.5
202206081335,0.0,0.0
202206081355,0.0,0.0
202206081415,0.0,0.0
202206081455,190.0,3.1
202206081515,220.0,2.6
202206081535,200.0,2.1
202206081555,230.0,5.1
202206081615,220.0,4.1
202206081635,220.0,3.1
202206081715,190.0,2.6
202206081735,200.0,2.1
202206081755,200.0,3.1
202206081815,0.0,0.0
202206081835,220.0,2.1
202206081855,200.0,2.1
202206081915,200.0,2.6
202206081935,200.0,4.1
202206082015,220.0,2.1
202206082035,210.0,3.6
202206082055,220.0,2.6
202206082115,200.0,2.1
202206082135,190.0,3.1
202206082155,220.0,2.6
202206082215,210.0,1.5
202206082235,210.0,3.1
202206082255,210.0,3.6
202206082315,230.0,4.6
202206082335,220.0,3.1
202206082355,0.0,0.0
202206090015,0.0,0.0
202206090035,0.0,0.0
202206090055,230.0,1.5
202206090115,0.0,0.0
202206090135,0.0,0.0
202206090155,0.0,0.0
202206090215,0.0,0.0
202206090235,210.0,4.1
202206090255,240.0,2.6
202206090315,0.0,0.0
202206090335,230.0,1.5
202206090355,0.0,0.0
202206090415,0.0,0.0
202206090435,240.0,2.6
202206090455,0.0,0.0
202206090515,0.0,0.0
202206090535,0.0,0.0
202206090555,0.0,0.0
202206090615,0.0,0.0
202206090635,0.0,0.0
202206090655,230.0,1.5
202206090715,0.0,0.0
202206090735,0.0,0.0
202206090755,0.0,0.0
202206090815,0.0,0.0
202206090835,230.0,1.5
202206090855,0.0,0.0
202206090915,0.0,0.0
202206090935,0.0,0.0
202206091015,0.0,0.0
202206091035,0.0,0.0
202206091055,0.0,0.0
202206091115,0.0,0.0
202206091135,0.0,0.0
202206091215,0.0,0.0
202206091235,0.0,0.0
202206091255,0.0,0.0
202206091315,0.0,0.0
202206091335,0.0,0.0
202206091415,320.0,2.1
202206091455,30.0,4.6
202206091515,10.0,4.1
202206091535,50.0,3.1
202206091555,70.0,1.5
202206091615,50.0,3.1
202206091635,30.0,2.1
202206091655,20.0,3.6
202206091715,350.0,2.6
202206091735,310.0,2.1
202206091755,,3.1
202206091815,20.0,2.1
202206091835,330.0,3.1
202206091855,330.0,3.1
202206091915,10.0,2.6
202206091935,350.0,2.6
202206091955,300.0,3.1
202206092015,330.0,4.1
202206092035,340.0,2.6
202206092055,,2.6
202206092115,330.0,4.6
202206092135,340.0,4.1
202206092155,350.0,4.6
202206092215,10.0,3.1
202206092235,,3.6
202206092255,350.0,4.1
202206092315,,2.6
202206092335,350.0,2.6
202206092355,350.0,1.5
202206100015,0.0,0.0
202206100035,350.0,1.5
202206100055,0.0,0.0
202206100115,0.0,0.0
202206100135,0.0,0.0
202206100155,0.0,0.0
202206100215,0.0,0.0
202206100235,0.0,0.0
202206100255,0.0,0.0
202206100315,0.0,0.0
202206100335,0.0,0.0
202206100355,0.0,0.0
202206100415,0.0,0.0
202206100435,0.0,0.0
202206100455,0.0,0.0
202206100515,0.0,0.0
202206100555,0.0,0.0
202206100615,0.0,0.0
202206100635,0.0,0.0
202206100715,0.0,0.0
202206100735,0.0,0.0
202206100755,0.0,0.0
202206100815,0.0,0.0
202206100835,0.0,0.0
202206100855,0.0,0.0
202206100915,0.0,0.0
202206100935,0.0,0.0
202206100955,0.0,0.0
202206101015,0.0,0.0
202206101055,0.0,0.0
202206101115,0.0,0.0
202206101135,0.0,0.0
202206101155,0.0,0.0
202206101235,0.0,0.0
202206101255,0.0,0.0
202206101315,0.0,0.0
202206101335,30.0,2.1
202206101355,30.0,2.6
202206101415,20.0,2.6
202206101435,20.0,2.6
202206101455,30.0,2.1
202206101515,10.0,2.6
202206101535,0.0,0.0
202206101555,60.0,1.5
202206101615,0.0,0.0
202206101635,240.0,1.5
202206101655,200.0,1.5
202206101715,0.0,0.0
202206101735,0.0,0.0
202206101755,0.0,0.0
202206101815,260.0,2.1
202206101835,220.0,1.5
202206101855,0.0,0.0
202206101915,0.0,0.0
202206101935,240.0,2.1
202206101955,0.0,0.0
202206102015,0.0,0.0
202206102035,270.0,2.1
202206102055,0.0,0.0
202206102115,0.0,0.0
202206102135,0.0,0.0
202206102155,0.0,0.0
202206102215,0.0,0.0
202206102235,0.0,0.0
202206102255,0.0,0.0
202206102315,0.0,0.0
202206102335,0.0,0.0
202206102355,0.0,0.0
202206110015,0.0,0.0
202206110035,0.0,0.0
202206110055,0.0,0.0
202206110115,0.0,0.0
202206110135,0.0,0.0
202206110155,0.0,0.0
202206110215,0.0,0.0
202206110235,0.0,0.0
202206110255,0.0,0.0
202206110315,0.0,0.0
202206110335,0.0,0.0
202206110415,0.0,0.0
202206110435,0.0,0.0
202206110455,0.0,0.0
202206110515,0.0,0.0
202206110535,0.0,0.0
202206110555,0.0,0.0
202206110615,0.0,0.0
202206110635,0.0,0.0
202206110655,0.0,0.0
202206110735,0.0,0.0
202206110755,0.0,0.0
202206110815,0.0,0.0
202206110835,0.0,0.0
202206110855,0.0,0.0
202206110915,0.0,0.0
202206110955,0.0,0.0
202206111015,0.0,0.0
202206111035,0.0,0.0
202206111055,0.0,0.0
202206111115,0.0,0.0
202206111135,0.0,0.0
202206111155,0.0,0.0
202206111215,0.0,0.0
202206111235,0.0,0.0
202206111255,70.0,1.5
202206111315,0.0,0.0
202206111335,50.0,1.5
202206111355,0.0,0.0
202206111415,0.0,0.0
202206111435,0.0,0.0
202206111455,0.0,0.0
202206111515,60.0,1.5
202206111535,60.0,1.5
202206111555,0.0,0.0
202206111615,0.0,0.0
202206111635,0.0,0.0
202206111655,0.0,0.0
202206111715,0.0,0.0
202206111735,0.0,0.0
202206111755,340.0,2.1
202206111815,0.0,0.0
202206111835,0.0,0.0
202206111855,190.0,1.5
202206111915,270.0,1.5
202206111935,200.0,2.6
202206111955,60.0,1.5
202206112015,0.0,0.0
202206112035,0.0,0.0
202206112055,0.0,0.0
202206112115,0.0,0.0
202206112135,240.0,2.6
202206112155,0.0,0.0
202206112215,0.0,0.0
202206112235,0.0,0.0
202206112255,0.0,0.0
202206112315,0.0,0.0
202206112335,0.0,0.0
202206112355,0.0,0.0
202206120015,0.0,0.0
202206120035,0.0,0.0
202206120055,0.0,0.0
202206120115,0.0,0.0
202206120135,0.0,0.0
202206120155,0.0,0.0
202206120215,0.0,0.0
202206120235,0.0,0.0
202206120255,0.0,0.0
202206120315,0.0,0.0
202206120335,0.0,0.0
202206120355,0.0,0.0
202206120415,0.0,0.0
202206120435,0.0,0.0
202206120515,0.0,0.0
202206120555,0.0,0.0
202206120615,0.0,0.0
202206120635,0.0,0.0
202206120655,0.0,0.0
202206120715,0.0,0.0
202206120735,0.0,0.0
202206120755,0.0,0.0
202206120815,0.0,0.0
202206120835,0.0,0.0
202206120855,0.0,0.0
202206120935,0.0,0.0
202206121015,0.0,0.0
202206121055,0.0,0.0
202206121115,0.0,0.0
202206121135,0.0,0.0
202206121155,0.0,0.0
202206121215,0.0,0.0
202206121235,0.0,0.0
202206121255,0.0,0.0
202206121315,0.0,0.0
202206121335,0.0,0.0
202206121355,0.0,0.0
202206121415,240.0,2.1
202206121435,210.0,2.1
202206121455,160.0,1.5
202206121515,0.0,0.0
202206121535,220.0,1.5
202206121555,0.0,0.0
202206121615,180.0,1.5
202206121635,240.0,2.6
202206121655,240.0,2.1
202206121715,230.0,3.6
202206121735,210.0,2.1
202206121815,190.0,1.5
202206121835,210.0,2.1
202206121855,190.0,2.1
202206121915,220.0,3.1
202206121935,190.0,2.6
202206121955,180.0,2.1
202206122015,210.0,3.1
202206122035,190.0,1.5
202206122055,240.0,4.1
202206122135,220.0,2.1
202206122155,190.0,2.6
202206122215,210.0,2.1
202206122235,200.0,2.1
202206122255,210.0,2.6
202206122315,200.0,1.5
202206122335,200.0,1.5
202206122355,210.0,1.5
202206130015,220.0,1.5
202206130035,220.0,1.5
202206130055,0.0,0.0
202206130115,0.0,0.0
202206130135,0.0,0.0
202206130155,0.0,0.0
202206130215,0.0,0.0
202206130235,0.0,0.0
202206130255,0.0,0.0
202206130315,0.0,0.0
202206130335,0.0,0.0
202206130355,0.0,0.0
202206130415,0.0,0.0
202206130435,0.0,0.0
202206130455,0.0,0.0
202206130515,0.0,0.0
202206130535,0.0,0.0
202206130555,0.0,0.0
202206130615,0.0,0.0
202206130635,0.0,0.0
202206130715,0.0,0.0
202206130735,0.0,0.0
202206130755,0.0,0.0
202206130815,0.0,0.0
202206130835,0.0,0.0
202206130855,0.0,0.0
202206130915,0.0,0.0
202206130955,0.0,0.0
202206131015,0.0,0.0
202206131035,0.0,0.0
202206131055,0.0,0.0
202206131115,0.0,0.0
202206131135,0.0,0.0
202206131155,0.0,0.0
202206131215,0.0,0.0
202206131235,0.0,0.0
202206131255,0.0,0.0
202206131315,0.0,0.0
202206131335,0.0,0.0
202206131355,0.0,0.0
202206131415,0.0,0.0
202206131435,210.0,1.5
202206131455,190.0,2.1
202206131515,0.0,0.0
202206131535,0.0,0.0
202206131555,0.0,0.0
202206131615,170.0,2.1
202206131635,230.0,2.6
202206131655,180.0,2.1
202206131715,200.0,2.1
202206131735,210.0,2.1
202206131755,200.0,2.6
202206131815,230.0,3.1
202206131855,210.0,2.6
202206131915,230.0,2.6
202206131935,230.0,3.1
202206131955,220.0,3.1
202206132015,220.0,2.6
202206132035,210.0,2.6
202206132055,210.0,2.1
202206132115,230.0,3.1
202206132135,250.0,2.1
202206132155,220.0,3.1
202206132215,220.0,2.1
202206132255,200.0,2.1
202206132315,210.0,1.5
202206132335,0.0,0.0
202206132355,0.0,0.0
202206140015,0.0,0.0
202206140035,0.0,0.0
202206140055,0.0,0.0
202206140115,0.0,0.0
202206140135,0.0,0.0
202206140155,0.0,0.0
202206140215,0.0,0.0
202206140235,0.0,0.0
202206140255,0.0,0.0
202206140315,0.0,0.0
202206140335,0.0,0.0
202206140355,0.0,0.0
202206140415,0.0,0.0
202206140435,0.0,0.0
202206140455,0.0,0.0
202206140535,0.0,0.0
202206140555,0.0,0.0
202206140615,0.0,0.0
202206140635,0.0,0.0
202206140655,0.0,0.0
202206140715,0.0,0.0
202206140735,0.0,0.0
202206140755,0.0,0.0
202206140815,0.0,0.0
202206140835,0.0,0.0
202206140855,0.0,0.0
202206140915,0.0,0.0
202206140935,0.0,0.0
202206140955,0.0,0.0
202206141035,0.0,0.0
202206141055,0.0,0.0
202206141115,0.0,0.0
202206141155,0.0,0.0
202206141215,0.0,0.0
202206141235,0.0,0.0
202206141255,0.0,0.0
202206141315,0.0,0.0
202206141335,0.0,0.0
202206141355,0.0,0.0
202206141415,,1.5
202206141455,340.0,2.1
202206141515,60.0,1.5
202206141555,290.0,1.5
202206141615,0.0,0.0
202206141635,0.0,0.0
202206141655,0.0,0.0
202206141715,0.0,0.0
202206141735,0.0,0.0
202206141755,0.0,0.0
202206141815,0.0,0.0
202206141835,0.0,0.0
202206141855,0.0,0.0
202206141915,240.0,2.1
202206141935,0.0,0.0
202206142015,280.0,2.1
202206142035,240.0,3.1
202206142115,0.0,0.0
202206142135,0.0,0.0
202206142155,280.0,1.5
202206142215,280.0,1.5
202206142235,290.0,1.5
202206142255,270.0,1.5
202206142315,280.0,1.5
202206142335,0.0,0.0
202206142355,0.0,0.0
202206150015,0.0,0.0
202206150035,0.0,0.0
202206150055,0.0,0.0
202206150115,0.0,0.0
202206150135,0.0,0.0
202206150155,0.0,0.0
202206150215,0.0,0.0
202206150255,0.0,0.0
202206150315,0.0,0.0
202206150335,0.0,0.0
202206150355,0.0,0.0
202206150415,0.0,0.0
202206150435,0.0,0.0
202206150455,0.0,0.0
202206150515,0.0,0.0
202206150535,0.0,0.0
202206150555,0.0,0.0
202206150615,0.0,0.0
202206150635,0.0,0.0
202206150655,0.0,0.0
202206150715,0.0,0.0
202206150735,0.0,0.0
202206150755,0.0,0.0
202206150815,0.0,0.0
202206150835,0.0,0.0
202206150915,0.0,0.0
202206150935,0.0,0.0
202206150955,0.0,0.0
202206151015,0.0,0.0
202206151035,0.0,0.0
202206151055,0.0,0.0
202206151115,0.0,0.0
202206151135,0.0,0.0
202206151155,0.0,0.0
202206151215,0.0,0.0
202206151255,0.0,0.0
202206151315,0.0,0.0
202206151335,0.0,0.0
202206151355,40.0,2.1
202206151415,10.0,2.1
202206151435,10.0,3.6
202206151515,10.0,3.6
202206151535,20.0,2.6
202206151555,,2.6
202206151615,50.0,3.1
202206151635,,1.5
202206151655,50.0,3.1
202206151715,20.0,2.6
202206151735,70.0,2.1
202206151755,30.0,2.6
202206151815,30.0,3.1
202206151835,50.0,3.6
202206151915,30.0,2.6
202206151955,20.0,2.1
202206152035,50.0,2.6
202206152055,40.0,2.1
202206152115,50.0,1.5
202206152135,0.0,0.0
202206152155,40.0,1.5
202206152215,70.0,1.5
202206152235,70.0,1.5
202206152255,0.0,0.0
202206152315,0.0,0.0
202206152335,0.0,0.0
202206152355,0.0,0.0
202206160015,0.0,0.0
202206160035,0.0,0.0
202206160055,0.0,0.0
202206160115,0.0,0.0
202206160135,0.0,0.0
202206160155,0.0,0.0
202206160215,0.0,0.0
202206160235,0.0,0.0
202206160255,230.0,3.1
202206160315,240.0,6.2
202206160335,200.0,3.6
202206160355,220.0,3.6
202206160415,210.0,2.6
202206160435,210.0,2.1
202206160455,0.0,0.0
202206160515,0.0,0.0
202206160535,200.0,1.5
202206160555,0.0,0.0
202206160615,180.0,1.5
202206160635,0.0,0.0
202206160655,0.0,0.0
202206160715,0.0,0.0
202206160735,0.0,0.0
202206160755,0.0,0.0
202206160815,240.0,1.5
202206160835,0.0,0.0
202206160855,0.0,0.0
202206160915,0.0,0.0
202206160935,0.0,0.0
202206160955,0.0,0.0
202206161015,0.0,0.0
202206161035,0.0,0.0
202206161055,0.0,0.0
202206161115,0.0,0.0
202206161135,0.0,0.0
202206161155,0.0,0.0
202206161215,0.0,0.0
202206161235,0.0,0.0
202206161255,0.0,0.0
202206161315,0.0,0.0
202206161335,0.0,0.0
202206161355,0.0,0.0
202206161415,0.0,0.0
202206161435,0.0,0.0
202206161455,0.0,0.0
202206161515,0.0,0.0
202206161555,0.0,0.0
202206161615,0.0,0.0
202206161635,0.0,0.0
202206161655,0.0,0.0
202206161715,0.0,0.0
202206161735,320.0,1.5
202206161755,220.0,2.1
202206161815,220.0,1.5
202206161835,210.0,2.6
202206161855,190.0,1.5
202206161920,0.0,0.0
202206161935,0.0,0.0
202206161955,210.0,2.1
202206162015,210.0,1.5
202206162115,200.0,1.5
202206162135,0.0,0.0
202206162200,230.0,1.5
202206162220,240.0,1.5
202206162255,0.0,0.0
202206162315,0.0,0.0
202206162335,0.0,0.0
202206162355,,
202206170015,0.0,0.0
202206170035,0.0,0.0
202206170055,0.0,0.0
202206170115,0.0,0.0
202206170135,0.0,0.0
202206170215,0.0,0.0
202206170235,0.0,0.0
202206170255,0.0,0.0
202206170315,0.0,0.0
202206170335,0.0,0.0
202206170355,0.0,0.0
202206170415,0.0,0.0
202206170435,0.0,0.0
202206170455,0.0,0.0
202206170515,0.0,0.0
202206170535,0.0,0.0
202206170555,0.0,0.0
202206170615,0.0,0.0
202206170635,0.0,0.0
202206170655,0.0,0.0
202206170715,0.0,0.0
202206170735,230.0,1.5
202206170755,0.0,0.0
202206170815,0.0,0.0
202206170835,0.0,0.0
202206170855,0.0,0.0
202206170915,0.0,0.0
202206170935,0.0,0.0
202206170955,0.0,0.0
202206171015,0.0,0.0
202206171035,0.0,0.0
202206171055,0.0,0.0
202206171115,0.0,0.0
202206171135,0.0,0.0
202206171215,0.0,0.0
202206171235,230.0,2.1
202206171255,0.0,0.0
202206171315,0.0,0.0
202206171355,0.0,0.0
202206171415,0.0,0.0
202206171435,0.0,0.0
202206171455,0.0,0.0
202206171515,0.0,0.0
202206171535,320.0,2.1
202206171555,330.0,2.6
202206171615,340.0,2.1
202206171635,290.0,3.6
202206171655,350.0,2.6
202206171715,330.0,3.1
202206171735,280.0,1.5
202206171755,270.0,3.1
202206171815,,3.1
202206171835,290.0,4.1
202206171855,300.0,2.6
202206171915,350.0,7.7
202206171935,340.0,2.6
202206171955,,2.6
202206172015,0.0,0.0
202206172035,0.0,0.0
202206172055,0.0,0.0
202206172115,0.0,0.0
202206172155,0.0,0.0
202206172215,0.0,0.0
202206172235,30.0,2.1
202206172255,0.0,0.0
202206172315,0.0,0.0
202206172335,0.0,0.0
202206172355,0.0,0.0
202206180015,0.0,0.0
202206180035,0.0,0.0
202206180055,0.0,0.0
202206180115,60.0,1.5
202206180135,0.0,0.0
202206180155,0.0,0.0
202206180215,0.0,0.0
202206180235,0.0,0.0
202206180255,0.0,0.0
202206180315,0.0,0.0
202206180335,0.0,0.0
202206180355,0.0,0.0
202206180415,0.0,0.0
202206180435,0.0,0.0
202206180455,0.0,0.0
202206180515,0.0,0.0
202206180535,0.0,0.0
202206180555,0.0,0.0
202206180615,0.0,0.0
202206180635,0.0,0.0
202206180715,0.0,0.0
202206180735,0.0,0.0
202206180755,0.0,0.0
202206180815,0.0,0.0
202206180835,0.0,0.0
202206180855,0.0,0.0
202206180915,0.0,0.0
202206180935,250.0,1.5
202206180955,0.0,0.0
202206181015,0.0,0.0
202206181035,0.0,0.0
202206181055,0.0,0.0
202206181115,0.0,0.0
202206181135,0.0,0.0
202206181155,0.0,0.0
202206181215,20.0,1.5
202206181235,20.0,2.1
202206181255,30.0,3.1
202206181315,30.0,2.6
202206181335,20.0,4.1
202206181355,20.0,4.1
202206181415,20.0,5.1
202206181435,20.0,2.6
202206181455,30.0,3.1
202206181515,340.0,2.6
202206181535,10.0,4.1
202206181555,10.0,3.6
202206181615,40.0,3.1
202206181635,30.0,4.6
202206181655,20.0,3.6
202206181715,20.0,3.6
202206181735,,4.6
202206181755,10.0,3.6
202206181815,10.0,5.1
202206181835,350.0,4.1
202206181855,40.0,2.6
202206181915,10.0,5.1
202206181935,,3.6
202206181955,40.0,3.6
202206182015,20.0,4.6
202206182035,20.0,2.6
202206182055,,4.6
202206182115,10.0,4.6
202206182135,,3.6
202206182155,,4.6
202206182215,10.0,4.1
202206182235,50.0,4.1
202206182255,10.0,4.1
202206182315,20.0,3.6
202206182335,30.0,3.6
202206182355,20.0,3.1
202206190015,10.0,3.1
202206190035,10.0,2.1
202206190055,10.0,1.5
202206190115,10.0,2.6
202206190135,10.0,2.1
202206190155,40.0,1.5
202206190215,30.0,1.5
202206190235,0.0,0.0
202206190255,0.0,0.0
202206190315,0.0,0.0
202206190335,0.0,0.0
202206190355,0.0,0.0
202206190415,0.0,0.0
202206190435,30.0,1.5
202206190455,30.0,2.1
202206190515,0.0,0.0
202206190535,40.0,2.6
202206190555,40.0,2.1
202206190615,30.0,1.5
202206190635,30.0,2.6
202206190655,20.0,2.1
202206190715,30.0,2.1
202206190735,20.0,2.1
202206190755,20.0,2.1
202206190815,20.0,2.1
202206190835,20.0,2.1
202206190855,30.0,2.1
202206190915,30.0,2.1
202206190935,50.0,1.5
202206190955,30.0,1.5
202206191015,30.0,2.1
202206191035,30.0,2.1
202206191055,40.0,2.1
202206191115,40.0,1.5
202206191135,30.0,1.5
202206191155,20.0,3.1
202206191215,20.0,3.6
202206191235,30.0,4.1
202206191255,30.0,3.1
202206191315,20.0,4.6
202206191335,20.0,4.1
202206191415,60.0,4.1
202206191435,40.0,2.6
202206191515,60.0,2.6
202206191555,60.0,3.1
202206191615,40.0,3.1
202206191635,60.0,2.1
202206191655,0.0,0.0
202206191715,70.0,2.6
202206191735,30.0,2.1
202206191755,80.0,2.1
202206191815,50.0,2.6
202206191835,,2.6
202206191855,350.0,2.6
202206191915,40.0,1.5
202206191935,350.0,2.1
202206191955,350.0,3.6
202206192015,60.0,2.1
202206192035,40.0,3.6
202206192055,20.0,4.1
202206192115,20.0,3.6
202206192135,10.0,3.6
202206192155,20.0,3.1
202206192215,50.0,3.6
202206192235,50.0,3.1
202206192255,40.0,3.1
202206192315,30.0,2.1
202206192335,40.0,3.6
202206192355,50.0,2.1
202206200015,0.0,0.0
202206200035,0.0,0.0
202206200055,0.0,0.0
202206200115,0.0,0.0
202206200135,0.0,0.0
202206200155,0.0,0.0
202206200215,0.0,0.0
202206200235,0.0,0.0
202206200255,0.0,0.0
202206200315,0.0,0.0
202206200335,0.0,0.0
202206200355,0.0,0.0
202206200415,0.0,0.0
202206200435,0.0,0.0
202206200455,0.0,0.0
202206200515,0.0,0.0
202206200535,0.0,0.0
202206200555,0.0,0.0
202206200615,0.0,0.0
202206200635,0.0,0.0
202206200715,0.0,0.0
202206200735,0.0,0.0
202206200755,0.0,0.0
202206200815,0.0,0.0
202206200835,0.0,0.0
202206200915,0.0,0.0
202206200935,0.0,0.0
202206200955,0.0,0.0
202206201035,0.0,0.0
202206201055,0.0,0.0
202206201115,0.0,0.0
202206201135,0.0,0.0
202206201155,0.0,0.0
202206201215,0.0,0.0
202206201235,50.0,1.5
202206201255,0.0,0.0
202206201315,50.0,1.5
202206201335,10.0,1.5
202206201355,20.0,2.1
202206201415,30.0,1.5
202206201435,0.0,0.0
202206201455,0.0,0.0
202206201515,0.0,0.0
202206201535,0.0,0.0
202206201555,0.0,0.0
202206201615,0.0,0.0
202206201715,220.0,2.1
202206201735,250.0,2.1
202206201755,230.0,2.6
202206201815,220.0,2.1
202206201855,0.0,0.0
202206201915,,2.1
202206201935,0.0,0.0
202206201955,50.0,1.5
202206202015,80.0,2.1
202206202035,30.0,1.5
202206202055,160.0,1.5
202206202115,0.0,0.0
202206202155,0.0,0.0
202206202215,30.0,1.5
202206202235,0.0,0.0
202206202255,0.0,0.0
202206202315,0.0,0.0
202206202335,0.0,0.0
202206202355,0.0,0.0
202206210015,0.0,0.0
202206210035,0.0,0.0
202206210055,0.0,0.0
202206210115,0.0,0.0
202206210135,0.0,0.0
202206210155,0.0,0.0
202206210215,0.0,0.0
202206210235,0.0,0.0
202206210255,0.0,0.0
202206210315,0.0,0.0
202206210335,0.0,0.0
202206210355,0.0,0.0
202206210415,0.0,0.0
202206210435,0.0,0.0
202206210455,0.0,0.0
202206210515,0.0,0.0
202206210535,0.0,0.0
202206210555,0.0,0.0
202206210615,0.0,0.0
202206210635,0.0,0.0
202206210655,0.0,0.0
202206210715,0.0,0.0
202206210735,0.0,0.0
202206210755,0.0,0.0
202206210815,0.0,0.0
202206210855,0.0,0.0
202206210915,0.0,0.0
202206210935,0.0,0.0
202206210955,0.0,0.0
202206211015,0.0,0.0
202206211035,0.0,0.0
202206211055,0.0,0.0
202206211115,0.0,0.0
202206211135,0.0,0.0
202206211155,0.0,0.0
202206211215,0.0,0.0
202206211315,0.0,0.0
202206211335,0.0,0.0
202206211355,0.0,0.0
202206211415,0.0,0.0
202206211435,0.0,0.0
202206211455,0.0,0.0
202206211515,0.0,0.0
202206211535,0.0,0.0
202206211555,10.0,3.1
202206211615,30.0,2.6
202206211635,,3.1
202206211655,30.0,3.6
202206211715,330.0,3.1
202206211735,10.0,3.1
202206211755,20.0,3.1
202206211815,30.0,3.6
202206211835,350.0,3.6
202206211855,330.0,2.1
202206211915,,2.1
202206211935,10.0,2.6
202206211955,0.0,0.0
202206212015,30.0,2.6
202206212035,50.0,2.1
202206212055,30.0,1.5
202206212115,40.0,2.1
202206212135,300.0,1.5
202206212155,0.0,0.0
202206212215,0.0,0.0
202206212235,0.0,0.0
202206212255,290.0,1.5
202206212315,0.0,0.0
202206212335,,
202206212355,0.0,0.0
202206220015,0.0,0.0
202206220035,0.0,0.0
202206220055,0.0,0.0
202206220135,0.0,0.0
202206220155,0.0,0.0
202206220215,0.0,0.0
202206220235,0.0,0.0
202206220255,0.0,0.0
202206220315,0.0,0.0
202206220335,0.0,0.0
202206220355,0.0,0.0
202206220415,0.0,0.0
202206220435,0.0,0.0
202206220455,0.0,0.0
202206220515,0.0,0.0
202206220535,0.0,0.0
202206220555,0.0,0.0
202206220615,0.0,0.0
202206220635,0.0,0.0
202206220655,0.0,0.0
202206220715,0.0,0.0
202206220735,0.0,0.0
202206220755,0.0,0.0
202206220815,0.0,0.0
202206220835,0.0,0.0
202206220855,0.0,0.0
202206220915,0.0,0.0
202206220935,0.0,0.0
202206220955,0.0,0.0
202206221015,0.0,0.0
202206221035,0.0,0.0
202206221055,0.0,0.0
202206221115,0.0,0.0
202206221135,0.0,0.0
202206221155,0.0,0.0
202206221215,0.0,0.0
202206221235,0.0,0.0
202206221255,0.0,0.0
202206221315,0.0,0.0
202206221335,0.0,0.0
202206221355,0.0,0.0
202206221415,0.0,0.0
202206221455,0.0,0.0
202206221515,40.0,3.1
202206221555,10.0,3.6
202206221615,30.0,3.6
202206221635,20.0,4.1
202206221655,350.0,2.1
202206221715,80.0,1.5
202206221735,340.0,3.6
202206221755,,2.1
202206221815,10.0,3.1
202206221835,350.0,3.6
202206221855,310.0,3.1
202206221915,,2.6
202206221935,340.0,3.1
202206221955,340.0,2.1
202206222015,290.0,3.1
202206222035,,3.1
202206222055,340.0,2.6
202206222115,330.0,3.1
202206222135,270.0,4.1
202206222155,340.0,2.1
202206222215,310.0,3.1
202206222235,340.0,2.6
202206222255,350.0,1.5
202206222315,340.0,2.6
202206222335,350.0,2.1
202206222355,20.0,1.5
202206230015,20.0,1.5
202206230035,0.0,0.0
202206230055,0.0,0.0
202206230115,0.0,0.0
202206230135,0.0,0.0
202206230215,0.0,0.0
202206230235,0.0,0.0
202206230315,0.0,0.0
202206230415,0.0,0.0
202206230455,0.0,0.0
202206230515,0.0,0.0
202206230535,0.0,0.0
202206230555,0.0,0.0
202206230615,0.0,0.0
202206230635,0.0,0.0
202206230715,0.0,0.0
202206230735,0.0,0.0
202206230755,0.0,0.0
202206230815,0.0,0.0
202206230835,0.0,0.0
202206230855,0.0,0.0
202206230915,0.0,0.0
202206230935,0.0,0.0
202206230955,0.0,0.0
202206231015,0.0,0.0
202206231035,0.0,0.0
202206231055,0.0,0.0
202206231115,0.0,0.0
202206231135,0.0,0.0
202206231155,0.0,0.0
202206231215,0.0,0.0
202206231235,0.0,0.0
202206231255,0.0,0.0
202206231315,0.0,0.0
202206231335,20.0,3.1
202206231355,40.0,2.1
202206231415,20.0,2.6
202206231435,50.0,2.6
202206231455,30.0,2.6
202206231515,0.0,0.0
202206231535,20.0,2.6
202206231555,20.0,2.1
202206231615,10.0,2.6
202206231635,30.0,4.6
202206231655,40.0,3.6
202206231715,,4.6
202206231815,20.0,4.1
202206231835,30.0,4.6
202206231855,10.0,3.1
202206231915,340.0,3.6
202206231935,330.0,3.6
202206231955,350.0,2.6
202206232015,320.0,2.1
202206232035,330.0,3.1
202206232055,320.0,5.1
202206232135,350.0,3.6
202206232155,350.0,3.6
202206232215,,3.6
202206232235,350.0,4.1
202206232255,340.0,4.6
202206232315,,3.6
202206232355,10.0,2.6
202206240015,10.0,1.5
202206240035,,1.5
202206240055,350.0,1.5
202206240115,0.0,0.0
202206240135,0.0,0.0
202206240155,0.0,0.0
202206240235,0.0,0.0
202206240255,0.0,0.0
202206240315,0.0,0.0
202206240335,0.0,0.0
202206240355,0.0,0.0
202206240415,0.0,0.0
202206240435,0.0,0.0
202206240515,0.0,0.0
202206240535,0.0,0.0
202206240555,0.0,0.0
202206240615,0.0,0.0
202206240635,0.0,0.0
202206240655,0.0,0.0
202206240715,0.0,0.0
202206240735,0.0,0.0
202206240755,0.0,0.0
202206240815,0.0,0.0
202206240835,0.0,0.0
202206240855,0.0,0.0
202206240915,0.0,0.0
202206240955,0.0,0.0
202206241035,0.0,0.0
202206241055,0.0,0.0
202206241115,0.0,0.0
202206241135,0.0,0.0
202206241155,0.0,0.0
202206241215,0.0,0.0
202206241235,60.0,1.5
202206241255,0.0,0.0
202206241315,0.0,0.0
202206241335,70.0,2.1
202206241355,40.0,1.5
202206241415,0.0,0.0
202206241435,,1.5
202206241455,0.0,0.0
202206241515,0.0,0.0
202206241535,210.0,1.5
202206241555,0.0,0.0
202206241615,140.0,1.5
202206241635,0.0,0.0
202206241655,0.0,0.0
202206241715,150.0,1.5
202206241735,180.0,1.5
202206241755,110.0,1.5
202206241815,0.0,0.0
202206241835,0.0,0.0
202206241855,250.0,2.1
202206241915,0.0,0.0
202206241935,,
202206241955,0.0,0.0
202206242015,240.0,2.1
202206242035,170.0,1.5
202206242055,140.0,1.5
202206242115,0.0,0.0
202206242135,240.0,1.5
202206242155,0.0,0.0
202206242215,140.0,2.1
202206242235,0.0,0.0
202206242255,0.0,0.0
202206242315,0.0,0.0
202206242335,0.0,0.0
202206242355,0.0,0.0
202206250015,0.0,0.0
202206250035,0.0,0.0
202206250055,0.0,0.0
202206250115,240.0,1.5
202206250135,0.0,0.0
202206250155,0.0,0.0
202206250215,0.0,0.0
202206250235,0.0,0.0
202206250255,0.0,0.0
202206250315,0.0,0.0
202206250335,0.0,0.0
202206250355,0.0,0.0
202206250415,0.0,0.0
202206250435,0.0,0.0
202206250515,190.0,2.1
202206250555,220.0,2.6
202206250615,170.0,2.1
202206250635,130.0,1.5
202206250655,0.0,0.0
202206250715,0.0,0.0
202206250735,210.0,2.1
202206250755,220.0,1.5
202206250815,220.0,1.5
202206250835,220.0,1.5
202206250855,0.0,0.0
202206250915,0.0,0.0
202206250935,0.0,0.0
202206250955,0.0,0.0
202206251015,0.0,0.0
202206251035,0.0,0.0
202206251055,0.0,0.0
202206251115,0.0,0.0
202206251135,0.0,0.0
202206251155,210.0,1.5
202206251215,210.0,1.5
202206251235,230.0,2.1
202206251255,210.0,1.5
202206251315,200.0,2.1
202206251335,0.0,0.0
202206251355,0.0,0.0
202206251415,0.0,0.0
202206251435,0.0,0.0
202206251455,180.0,2.1
202206251515,190.0,1.5
202206251535,180.0,3.1
202206251555,220.0,2.6
202206251615,210.0,2.1
202206251635,220.0,1.5
202206251655,230.0,2.1
202206251715,200.0,3.1
202206251735,220.0,4.1
202206251755,220.0,3.1
202206251815,220.0,2.1
202206251835,0.0,0.0
202206251855,210.0,2.1
202206251915,230.0,1.5
202206251935,220.0,2.1
202206251955,210.0,2.1
202206252015,230.0,2.6
202206252035,140.0,1.5
202206252055,190.0,3.1
202206252115,240.0,3.1
202206252135,220.0,3.1
202206252155,230.0,2.6
202206252215,240.0,3.1
202206252235,250.0,3.1
202206252255,100.0,1.5
202206252335,0.0,0.0
202206252355,190.0,3.1
202206260015,160.0,1.5
202206260035,0.0,0.0
202206260055,0.0,0.0
202206260115,0.0,0.0
202206260135,0.0,0.0
202206260155,0.0,0.0
202206260215,0.0,0.0
202206260235,0.0,0.0
202206260255,0.0,0.0
202206260315,0.0,0.0
202206260335,0.0,0.0
202206260355,0.0,0.0
202206260415,0.0,0.0
202206260435,0.0,0.0
202206260455,0.0,0.0
202206260515,0.0,0.0
202206260535,0.0,0.0
202206260615,0.0,0.0
202206260635,0.0,0.0
202206260655,0.0,0.0
202206260715,0.0,0.0
202206260735,0.0,0.0
202206260755,0.0,0.0
202206260815,0.0,0.0
202206260835,0.0,0.0
202206260855,0.0,0.0
202206260915,0.0,0.0
202206260935,0.0,0.0
202206260955,0.0,0.0
202206261015,0.0,0.0
202206261035,0.0,0.0
202206261055,0.0,0.0
202206261115,0.0,0.0
202206261135,0.0,0.0
202206261155,0.0,0.0
202206261215,0.0,0.0
202206261235,0.0,0.0
202206261255,0.0,0.0
202206261315,0.0,0.0
202206261335,250.0,1.5
202206261355,0.0,0.0
202206261415,0.0,0.0
202206261435,0.0,0.0
202206261455,0.0,0.0
202206261515,0.0,0.0
202206261535,190.0,2.1
202206261555,250.0,2.6
202206261615,230.0,2.6
202206261635,190.0,2.6
202206261655,200.0,2.6
202206261715,210.0,3.1
202206261735,190.0,2.1
202206261755,210.0,2.1
202206261815,210.0,2.1
202206261835,240.0,3.1
202206261855,230.0,1.5
202206261915,0.0,0.0
202206261935,70.0,3.1
202206261955,20.0,1.5
202206262015,20.0,3.1
202206262035,110.0,1.5
202206262055,0.0,0.0
202206262115,280.0,4.1
202206262135,0.0,0.0
202206262155,210.0,1.5
202206262255,0.0,0.0
202206262315,0.0,0.0
202206262335,0.0,0.0
202206262355,0.0,0.0
202206270015,0.0,0.0
202206270035,0.0,0.0
202206270055,0.0,0.0
202206270115,0.0,0.0
202206270135,320.0,1.5
202206270155,0.0,0.0
202206270215,0.0,0.0
202206270235,0.0,0.0
202206270255,0.0,0.0
202206270315,0.0,0.0
202206270335,0.0,0.0
202206270355,0.0,0.0
202206270415,0.0,0.0
202206270435,0.0,0.0
202206270455,0.0,0.0
202206270535,0.0,0.0
202206270555,0.0,0.0
202206270615,0.0,0.0
202206270635,0.0,0.0
202206270655,0.0,0.0
202206270715,0.0,0.0
202206270735,0.0,0.0
202206270755,0.0,0.0
202206270815,0.0,0.0
202206270835,0.0,0.0
202206270855,0.0,0.0
202206270915,0.0,0.0
202206270935,0.0,0.0
202206270955,0.0,0.0
202206271035,0.0,0.0
202206271055,0.0,0.0
202206271115,0.0,0.0
202206271135,0.0,0.0
202206271155,50.0,1.5
202206271215,50.0,2.6
202206271235,10.0,2.6
202206271255,20.0,2.1
202206271315,50.0,2.6
202206271335,50.0,2.6
202206271355,40.0,1.5
202206271415,20.0,2.1
202206271435,,3.6
202206271455,20.0,3.1
202206271515,10.0,4.1
202206271535,20.0,1.5
202206271555,40.0,2.1
202206271615,,2.1
202206271635,30.0,2.1
202206271655,40.0,2.1
202206271715,20.0,2.1
202206271735,,3.1
202206271815,0.0,0.0
202206271835,10.0,2.1
202206271855,40.0,3.6
202206271915,30.0,1.5
202206271935,10.0,4.1
202206271955,340.0,3.6
202206272015,30.0,3.6
202206272035,30.0,4.6
202206272055,40.0,3.1
202206272115,30.0,5.1
202206272135,,4.1
202206272155,50.0,2.6
202206272215,10.0,3.6
202206272235,,2.6
202206272255,30.0,3.6
202206272315,30.0,4.1
202206272335,20.0,3.6
202206272355,,2.6
202206280015,10.0,2.1
202206280035,10.0,1.5
202206280055,10.0,2.1
202206280115,20.0,1.5
202206280135,20.0,2.6
202206280215,30.0,2.1
202206280235,40.0,1.5
202206280255,0.0,0.0
202206280315,0.0,0.0
202206280335,0.0,0.0
202206280355,30.0,2.1
202206280415,0.0,0.0
202206280435,40.0,1.5
202206280455,50.0,2.1
202206280515,0.0,0.0
202206280535,0.0,0.0
202206280555,0.0,0.0
202206280615,0.0,0.0
202206280635,0.0,0.0
202206280655,0.0,0.0
202206280715,0.0,0.0
202206280735,50.0,2.1
202206280755,0.0,0.0
202206280815,0.0,0.0
202206280855,0.0,0.0
202206280915,30.0,1.5
202206280935,30.0,1.5
202206280955,20.0,2.1
202206281015,40.0,1.5
202206281115,30.0,2.1
202206281135,20.0,1.5
202206281155,10.0,3.1
202206281215,20.0,2.1
202206281235,20.0,3.1
202206281255,20.0,3.1
202206281315,10.0,4.6
202206281335,20.0,2.1
202206281355,10.0,2.1
202206281415,10.0,2.1
202206281435,50.0,1.5
202206281455,10.0,2.1
202206281515,40.0,2.1
202206281535,20.0,2.1
202206281555,40.0,2.1
202206281615,40.0,2.1
202206281635,50.0,2.1
202206281655,0.0,0.0
202206281735,0.0,0.0
202206281755,0.0,0.0
202206281815,130.0,1.5
202206281835,0.0,0.0
202206281855,0.0,0.0
202206281915,310.0,1.5
202206281935,0.0,0.0
202206281955,40.0,2.1
202206282015,30.0,2.1
202206282035,60.0,2.1
202206282135,20.0,2.1
202206282155,30.0,2.1
202206282215,30.0,3.1
202206282235,30.0,2.1
202206282255,0.0,0.0
202206282315,0.0,0.0
202206282335,0.0,0.0
202206282355,0.0,0.0
202206290015,220.0,3.1
202206290035,230.0,4.6
202206290055,230.0,4.1
202206290115,0.0,0.0
202206290135,0.0,0.0
202206290155,0.0,0.0
202206290215,0.0,0.0
202206290235,0.0,0.0
202206290255,0.0,0.0
202206290315,0.0,0.0
202206290335,0.0,0.0
202206290355,0.0,0.0
202206290415,0.0,0.0
202206290435,0.0,0.0
202206290455,0.0,0.0
202206290515,0.0,0.0
202206290535,0.0,0.0
202206290555,0.0,0.0
202206290615,0.0,0.0
202206290635,0.0,0.0
202206290655,0.0,0.0
202206290715,0.0,0.0
202206290735,0.0,0.0
202206290835,0.0,0.0
202206290855,0.0,0.0
202206290915,0.0,0.0
202206290935,0.0,0.0
202206291015,0.0,0.0
202206291035,0.0,0.0
202206291055,0.0,0.0
202206291115,0.0,0.0
202206291135,0.0,0.0
202206291155,0.0,0.0
202206291215,0.0,0.0
202206291255,0.0,0.0
202206291315,0.0,0.0
202206291335,0.0,0.0
202206291355,0.0,0.0
202206291415,0.0,0.0
202206291435,0.0,0.0
202206291455,0.0,0.0
202206291515,0.0,0.0
202206291535,0.0,0.0
202206291555,0.0,0.0
202206291615,0.0,0.0
202206291635,240.0,2.1
202206291655,0.0,0.0
202206291715,280.0,1.5
202206291735,0.0,0.0
202206291755,0.0,0.0
202206291815,270.0,2.6
202206291835,0.0,0.0
202206291855,310.0,1.5
202206291915,0.0,0.0
202206291935,0.0,0.0
202206292015,,1.5
202206292035,0.0,0.0
202206292055,0.0,0.0
202206292115,0.0,0.0
202206292135,250.0,1.5
202206292155,250.0,1.5
202206292215,230.0,2.6
202206292235,230.0,2.1
202206292255,260.0,2.6
202206292315,130.0,1.5
202206292335,0.0,0.0
202206292355,0.0,0.0
202206300015,0.0,0.0
202206300035,0.0,0.0
202206300055,0.0,0.0
202206300135,0.0,0.0
202206300155,0.0,0.0
202206300215,0.0,0.0
202206300235,0.0,0.0
202206300255,0.0,0.0
202206300315,0.0,0.0
202206300335,0.0,0.0
202206300355,0.0,0.0
202206300415,0.0,0.0
202206300455,0.0,0.0
202206300515,0.0,0.0
202206300535,0.0,0.0
202206300555,0.0,0.0
202206300615,0.0,0.0
202206300635,0.0,0.0
202206300655,0.0,0.0
202206300715,0.0,0.0
202206300735,0.0,0.0
202206300815,0.0,0.0
202206300835,0.0,0.0
202206300855,0.0,0.0
202206300915,0.0,0.0
202206300935,0.0,0.0
202206300955,0.0,0.0
202206301015,0.0,0.0
202206301035,0.0,0.0
202206301055,0.0,0.0
202206301115,0.0,0.0
202206301135,0.0,0.0
202206301155,0.0,0.0
202206301215,0.0,0.0
202206301235,0.0,0.0
202206301255,0.0,0.0
202206301315,0.0,0.0
202206301335,0.0,0.0
202206301355,0.0,0.0
202206301415,0.0,0.0
202206301435,150.0,1.5
202206301455,0.0,0.0
202206301515,0.0,0.0
202206301535,0.0,0.0
202206301555,0.0,0.0
202206301615,0.0,0.0
202206301635,210.0,1.5
202206301655,130.0,1.5
202206301715,230.0,2.1
202206301735,230.0,2.1
202206301755,190.0,2.6
202206301815,240.0,1.5
202206301835,0.0,0.0
202206301855,0.0,0.0
202206301915,210.0,1.5
202206301935,0.0,0.0
202206301955,270.0,2.1
202206302015,270.0,2.1
202206302035,210.0,2.1
202206302055,150.0,2.1
202206302115,0.0,0.0
202206302135,170.0,2.6
202206302215,0.0,0.0
202206302235,0.0,0.0
202206302255,0.0,0.0
202206302315,0.0,0.0
202206302335,0.0,0.0
202206302355,0.0,0.0
202207010015,0.0,0.0
202207010035,0.0,0.0
202207010055,0.0,0.0
202207010115,0.0,0.0
202207010135,0.0,0.0
202207010155,0.0,0.0
202207010215,0.0,0.0
202207010235,0.0,0.0
202207010255,0.0,0.0
202207010315,0.0,0.0
202207010335,0.0,0.0
202207010355,0.0,0.0
202207010415,0.0,0.0
202207010455,0.0,0.0
202207010515,0.0,0.0
202207010535,0.0,0.0
202207010555,0.0,0.0
202207010615,0.0,0.0
202207010635,0.0,0.0
202207010655,0.0,0.0
202207010715,0.0,0.0
202207010735,0.0,0.0
202207010755,0.0,0.0
202207010815,0.0,0.0
202207010835,0.0,0.0
202207010855,0.0,0.0
202207010915,0.0,0.0
202207010935,0.0,0.0
202207010955,0.0,0.0
202207011015,0.0,0.0
202207011035,0.0,0.0
202207011055,0.0,0.0
202207011115,0.0,0.0
202207011135,0.0,0.0
202207011155,0.0,0.0
202207011235,0.0,0.0
202207011255,0.0,0.0
202207011315,0.0,0.0
202207011335,0.0,0.0
202207011355,0.0,0.0
202207011415,170.0,2.1
202207011435,0.0,0.0
202207011455,0.0,0.0
202207011515,200.0,2.1
202207011535,220.0,1.5
202207011555,140.0,1.5
202207011615,0.0,0.0
202207011635,0.0,0.0
202207011715,230.0,2.1
202207011735,0.0,0.0
202207011755,210.0,2.1
202207011815,210.0,2.6
202207011835,230.0,3.1
202207011855,220.0,3.6
202207011915,230.0,4.6
202207011935,220.0,2.6
202207011955,200.0,3.1
202207012015,220.0,3.6
202207012035,230.0,3.6
202207012055,220.0,2.6
202207012115,240.0,3.6
202207012135,260.0,2.6
202207012155,210.0,1.5
202207012215,240.0,2.1
202207012255,210.0,1.5
202207012315,220.0,2.1
202207012355,0.0,0.0
202207020015,160.0,1.5
202207020035,0.0,0.0
202207020055,180.0,1.5
202207020115,0.0,0.0
202207020135,0.0,0.0
202207020215,0.0,0.0
202207020235,0.0,0.0
202207020255,0.0,0.0
202207020315,0.0,0.0
202207020335,0.0,0.0
202207020415,0.0,0.0
202207020435,210.0,1.5
202207020455,0.0,0.0
202207020515,0.0,0.0
202207020535,0.0,0.0
202207020555,0.0,0.0
202207020615,0.0,0.0
202207020635,0.0,0.0
202207020655,0.0,0.0
202207020715,0.0,0.0
202207020735,0.0,0.0
202207020755,0.0,0.0
202207020815,0.0,0.0
202207020835,0.0,0.0
202207020855,0.0,0.0
202207020935,0.0,0.0
202207020955,0.0,0.0
202207021015,0.0,0.0
202207021035,0.0,0.0
202207021055,0.0,0.0
202207021115,0.0,0.0
202207021135,0.0,0.0
202207021155,0.0,0.0
202207021215,0.0,0.0
202207021235,0.0,0.0
202207021255,200.0,2.1
202207021315,240.0,1.5
202207021335,0.0,0.0
202207021355,0.0,0.0
202207021415,0.0,0.0
202207021435,0.0,0.0
202207021455,0.0,0.0
202207021515,0.0,0.0
202207021535,340.0,2.1
202207021555,250.0,1.5
202207021615,330.0,2.1
202207021635,340.0,2.1
202207021655,240.0,2.6
202207021715,220.0,2.6
202207021735,230.0,2.6
202207021755,230.0,2.1
202207021815,10.0,2.1
202207021835,0.0,0.0
202207021855,90.0,1.5
202207021915,110.0,1.5
202207021935,0.0,0.0
202207021955,40.0,2.6
202207022015,10.0,3.6
202207022035,20.0,2.6
202207022055,40.0,2.1
202207022115,350.0,2.1
202207022155,0.0,0.0
202207022215,0.0,0.0
202207022235,0.0,0.0
202207022255,0.0,0.0
202207022315,0.0,0.0
202207022335,0.0,0.0
202207022355,0.0,0.0
202207030015,0.0,0.0
202207030035,0.0,0.0
202207030055,0.0,0.0
202207030115,0.0,0.0
202207030135,0.0,0.0
202207030155,0.0,0.0
202207030215,0.0,0.0
202207030235,0.0,0.0
202207030255,240.0,1.5
202207030335,230.0,1.5
202207030355,0.0,0.0
202207030435,0.0,0.0
202207030455,0.0,0.0
202207030515,0.0,0.0
202207030535,0.0,0.0
202207030555,0.0,0.0
202207030610,0.0,0.0
202207030635,0.0,0.0
202207030655,0.0,0.0
202207030715,0.0,0.0
202207030735,0.0,0.0
202207030755,0.0,0.0
202207030815,0.0,0.0
202207030835,0.0,0.0
202207030855,0.0,0.0
202207030915,0.0,0.0
202207030935,0.0,0.0
202207030955,0.0,0.0
202207031015,0.0,0.0
202207031035,0.0,0.0
202207031055,0.0,0.0
202207031115,0.0,0.0
202207031135,0.0,0.0
202207031235,0.0,0.0
202207031255,0.0,0.0
202207031315,0.0,0.0
202207031335,0.0,0.0
202207031355,160.0,1.5
202207031415,0.0,0.0
202207031435,0.0,0.0
202207031455,0.0,0.0
202207031515,0.0,0.0
202207031535,0.0,0.0
202207031555,0.0,0.0
202207031615,0.0,0.0
202207031635,20.0,2.1
202207031655,60.0,1.5
202207031715,0.0,0.0
202207031755,40.0,2.1
202207031815,220.0,3.1
202207031835,210.0,5.1
202207031855,0.0,0.0
202207031915,210.0,1.5
202207031935,0.0,0.0
202207031955,0.0,0.0
202207032015,0.0,0.0
202207032035,0.0,0.0
202207032055,0.0,0.0
202207032115,0.0,0.0
202207032135,0.0,0.0
202207032155,0.0,0.0
202207032215,0.0,0.0
202207032235,0.0,0.0
202207032255,0.0,0.0
202207032315,0.0,0.0
202207032335,0.0,0.0
202207032355,20.0,2.1
202207040015,70.0,2.1
202207040035,0.0,0.0
202207040055,0.0,0.0
202207040115,0.0,0.0
202207040135,0.0,0.0
202207040155,0.0,0.0
202207040255,0.0,0.0
202207040315,0.0,0.0
202207040335,0.0,0.0
202207040355,0.0,0.0
202207040415,0.0,0.0
202207040435,0.0,0.0
202207040455,0.0,0.0
202207040515,0.0,0.0
202207040535,0.0,0.0
202207040555,0.0,0.0
202207040615,0.0,0.0
202207040635,0.0,0.0
202207040655,0.0,0.0
202207040715,0.0,0.0
202207040735,0.0,0.0
202207040755,0.0,0.0
202207040815,0.0,0.0
202207040835,0.0,0.0
202207040855,0.0,0.0
202207040935,0.0,0.0
202207040955,0.0,0.0
202207041015,0.0,0.0
202207041035,0.0,0.0
202207041055,0.0,0.0
202207041135,0.0,0.0
202207041155,0.0,0.0
202207041215,0.0,0.0
202207041235,0.0,0.0
202207041255,40.0,1.5
202207041315,0.0,0.0
202207041335,0.0,0.0
202207041355,0.0,0.0
202207041415,0.0,0.0
202207041435,0.0,0.0
202207041455,230.0,1.5
202207041515,0.0,0.0
202207041535,0.0,0.0
202207041555,300.0,1.5
202207041615,0.0,0.0
202207041635,140.0,1.5
202207041715,0.0,0.0
202207041735,0.0,0.0
202207041755,0.0,0.0
202207041815,0.0,0.0
202207041835,0.0,0.0
202207041855,0.0,0.0
202207041915,0.0,0.0
202207041955,0.0,0.0
202207042015,0.0,0.0
202207042035,180.0,1.5
202207042055,210.0,1.5
202207042115,0.0,0.0
202207042135,0.0,0.0
202207042215,0.0,0.0
202207042240,0.0,0.0
202207042255,220.0,1.5
202207042320,220.0,1.5
202207050015,0.0,0.0
202207050035,0.0,0.0
202207050055,0.0,0.0
202207050115,0.0,0.0
202207050135,0.0,0.0
202207050155,0.0,0.0
202207050215,0.0,0.0
202207050235,0.0,0.0
202207050255,0.0,0.0
202207050315,0.0,0.0
202207050335,0.0,0.0
202207050355,0.0,0.0
202207050415,0.0,0.0
202207050435,0.0,0.0
202207050455,0.0,0.0
202207050515,0.0,0.0
202207050535,0.0,0.0
202207050555,240.0,1.5
202207050615,0.0,0.0
202207050635,0.0,0.0
202207050655,0.0,0.0
202207050735,0.0,0.0
202207050755,0.0,0.0
202207050815,0.0,0.0
202207050835,0.0,0.0
202207050855,0.0,0.0
202207050915,0.0,0.0
202207050935,0.0,0.0
202207050955,0.0,0.0
202207051015,0.0,0.0
202207051035,0.0,0.0
202207051055,0.0,0.0
202207051115,0.0,0.0
202207051135,0.0,0.0
202207051155,0.0,0.0
202207051215,0.0,0.0
202207051255,0.0,0.0
202207051315,230.0,1.5
202207051335,220.0,1.5
202207051355,0.0,0.0
202207051415,260.0,1.5
202207051455,250.0,1.5
202207051515,0.0,0.0
202207051535,0.0,0.0
202207051555,260.0,1.5
202207051635,230.0,2.1
202207051655,270.0,2.1
202207051715,300.0,1.5
202207051735,240.0,2.6
202207051755,0.0,0.0
202207051815,250.0,2.6
202207051835,290.0,1.5
202207051855,230.0,3.6
202207051915,240.0,3.1
202207051935,240.0,3.1
202207051955,210.0,2.1
202207052015,260.0,2.1
202207052055,230.0,2.1
202207052115,200.0,2.6
202207052135,230.0,2.6
202207052155,230.0,2.1
202207052215,230.0,2.6
202207052235,240.0,2.1
202207052255,0.0,0.0
202207052315,210.0,2.1
202207052335,220.0,1.5
202207052355,0.0,0.0
202207060015,0.0,0.0
202207060035,210.0,1.5
202207060055,0.0,0.0
202207060115,0.0,0.0
202207060135,0.0,0.0
202207060155,210.0,1.5
202207060215,0.0,0.0
202207060235,200.0,2.1
202207060255,0.0,0.0
202207060315,0.0,0.0
202207060335,250.0,1.5
202207060355,0.0,0.0
202207060415,0.0,0.0
202207060435,0.0,0.0
202207060455,0.0,0.0
202207060515,0.0,0.0
202207060535,0.0,0.0
202207060555,0.0,0.0
202207060615,0.0,0.0
202207060635,0.0,0.0
202207060655,0.0,0.0
202207060715,0.0,0.0
202207060735,0.0,0.0
202207060755,0.0,0.0
202207060815,0.0,0.0
202207060835,0.0,0.0
202207060855,0.0,0.0
202207060915,0.0,0.0
202207060935,0.0,0.0
202207060955,0.0,0.0
202207061015,0.0,0.0
202207061035,0.0,0.0
202207061055,0.0,0.0
202207061115,0.0,0.0
202207061135,0.0,0.0
202207061235,240.0,2.1
202207061255,0.0,0.0
202207061315,240.0,1.5
202207061335,0.0,0.0
202207061355,0.0,0.0
202207061415,0.0,0.0
202207061435,0.0,0.0
202207061455,220.0,2.6
202207061515,0.0,0.0
202207061535,0.0,0.0
202207061555,0.0,0.0
202207061615,270.0,2.6
202207061635,180.0,2.1
202207061655,180.0,1.5
202207061715,170.0,3.1
202207061735,250.0,2.1
202207061755,270.0,2.1
202207061815,230.0,1.5
202207061835,190.0,1.5
202207061900,,
202207061915,180.0,2.1
202207061940,,
202207061955,0.0,0.0
202207062015,220.0,1.5
202207062100,170.0,1.5
202207062115,220.0,2.1
202207062135,190.0,4.1
202207062155,220.0,2.6
202207062215,210.0,4.6
202207062235,230.0,3.1
202207062315,210.0,2.1
202207062335,20.0,4.6
202207062355,60.0,3.6
202207070015,0.0,0.0
202207070035,0.0,0.0
202207070155,0.0,0.0
202207070215,0.0,0.0
202207070235,0.0,0.0
202207070255,0.0,0.0
202207070315,230.0,1.5
202207070355,230.0,1.5
202207070415,0.0,0.0
202207070435,0.0,0.0
202207070455,0.0,0.0
202207070515,200.0,1.5
202207070535,0.0,0.0
202207070555,250.0,2.1
202207070615,0.0,0.0
202207070635,0.0,0.0
202207070655,0.0,0.0
202207070715,0.0,0.0
202207070735,0.0,0.0
202207070755,0.0,0.0
202207070815,0.0,0.0
202207070855,0.0,0.0
202207070915,0.0,0.0
202207070935,0.0,0.0
202207070955,0.0,0.0
202207071015,0.0,0.0
202207071035,0.0,0.0
202207071055,0.0,0.0
202207071115,0.0,0.0
202207071135,0.0,0.0
202207071155,0.0,0.0
202207071215,0.0,0.0
202207071235,0.0,0.0
202207071255,0.0,0.0
202207071315,0.0,0.0
202207071335,0.0,0.0
202207071355,0.0,0.0
202207071415,0.0,0.0
202207071435,0.0,0.0
202207071455,0.0,0.0
202207071515,0.0,0.0
202207071535,0.0,0.0
202207071555,190.0,2.1
202207071615,200.0,2.1
202207071635,220.0,2.6
202207071655,190.0,2.1
202207071715,60.0,3.6
202207071735,40.0,3.1
202207071755,0.0,0.0
202207071815,0.0,0.0
202207071835,220.0,2.1
202207071855,210.0,1.5
202207071915,240.0,4.1
202207071935,20.0,4.1
202207071955,50.0,3.1
202207072015,0.0,0.0
202207072035,0.0,0.0
202207072055,0.0,0.0
202207072115,0.0,0.0
202207072135,0.0,0.0
202207072155,0.0,0.0
202207072215,0.0,0.0
202207072235,0.0,0.0
202207072255,0.0,0.0
202207072315,0.0,0.0
202207072335,0.0,0.0
202207072355,0.0,0.0
202207080015,60.0,1.5
202207080035,30.0,1.5
202207080055,0.0,0.0
202207080115,0.0,0.0
202207080135,0.0,0.0
202207080155,0.0,0.0
202207080215,0.0,0.0
202207080235,0.0,0.0
202207080255,0.0,0.0
202207080315,0.0,0.0
202207080335,0.0,0.0
202207080355,0.0,0.0
202207080415,0.0,0.0
202207080435,0.0,0.0
202207080455,240.0,1.5
202207080515,230.0,1.5
202207080535,0.0,0.0
202207080555,0.0,0.0
202207080615,0.0,0.0
202207080635,0.0,0.0
202207080655,0.0,0.0
202207080715,0.0,0.0
202207080735,0.0,0.0
202207080755,0.0,0.0
202207080815,0.0,0.0
202207080835,0.0,0.0
202207080855,0.0,0.0
202207080915,0.0,0.0
202207080935,0.0,0.0
202207080955,0.0,0.0
202207081015,0.0,0.0
202207081035,0.0,0.0
202207081115,0.0,0.0
202207081135,0.0,0.0
202207081155,0.0,0.0
202207081215,0.0,0.0
202207081235,0.0,0.0
202207081255,0.0,0.0
202207081315,0.0,0.0
202207081335,0.0,0.0
202207081355,0.0,0.0
202207081515,0.0,0.0
202207081555,0.0,0.0
202207081615,0.0,0.0
202207081635,0.0,0.0
202207081655,0.0,0.0
202207081715,0.0,0.0
202207081735,0.0,0.0
202207081755,0.0,0.0
202207081855,0.0,0.0
202207081915,0.0,0.0
202207081935,0.0,0.0
202207081955,0.0,0.0
202207082035,0.0,0.0
202207082115,0.0,0.0
202207082135,0.0,0.0
202207082155,,
202207082215,0.0,0.0
202207082235,0.0,0.0
202207082255,220.0,3.1
202207082315,210.0,4.6
202207082335,210.0,4.1
202207082355,0.0,0.0
202207090015,40.0,3.6
202207090035,60.0,3.1
202207090055,0.0,0.0
202207090115,,1.5
202207090215,260.0,1.5
202207090235,50.0,2.1
202207090255,10.0,4.1
202207090335,0.0,0.0
202207090355,0.0,0.0
202207090415,0.0,0.0
202207090455,0.0,0.0
202207090515,190.0,1.5
202207090535,190.0,1.5
202207090555,0.0,0.0
202207090615,0.0,0.0
202207090635,0.0,0.0
202207090655,0.0,0.0
202207090715,0.0,0.0
202207090735,0.0,0.0
202207090755,0.0,0.0
202207090815,0.0,0.0
202207090835,0.0,0.0
202207090855,0.0,0.0
202207090915,0.0,0.0
202207090935,0.0,0.0
202207090955,0.0,0.0
202207091015,0.0,0.0
202207091035,0.0,0.0
202207091055,0.0,0.0
202207091115,10.0,2.1
202207091135,,3.1
202207091155,0.0,0.0
202207091215,0.0,0.0
202207091235,0.0,0.0
202207091255,0.0,0.0
202207091315,0.0,0.0
202207091335,0.0,0.0
202207091355,0.0,0.0
202207091415,0.0,0.0
202207091435,220.0,1.5
202207091455,230.0,1.5
202207091515,250.0,2.1
202207091535,0.0,0.0
202207091555,210.0,1.5
202207091615,0.0,0.0
202207091635,0.0,0.0
202207091655,240.0,1.5
202207091715,0.0,0.0
202207091735,0.0,0.0
202207091755,0.0,0.0
202207091815,220.0,1.5
202207091835,0.0,0.0
202207091855,170.0,1.5
202207091915,0.0,0.0
202207091935,140.0,1.5
202207091955,230.0,2.6
202207092015,0.0,0.0
202207092035,220.0,1.5
202207092055,0.0,0.0
202207092115,,
202207092135,0.0,0.0
202207092155,0.0,0.0
202207092215,0.0,0.0
202207092235,0.0,0.0
202207092255,0.0,0.0
202207092315,0.0,0.0
202207092335,0.0,0.0
202207092355,0.0,0.0
202207100015,200.0,1.5
202207100035,210.0,1.5
202207100055,0.0,0.0
202207100135,80.0,1.5
202207100155,190.0,1.5
202207100215,170.0,2.1
202207100235,0.0,0.0
202207100255,30.0,4.6
202207100315,260.0,4.1
202207100335,230.0,4.1
202207100355,170.0,1.5
202207100415,280.0,1.5
202207100435,170.0,2.1
202207100515,0.0,0.0
202207100535,0.0,0.0
202207100555,0.0,0.0
202207100615,0.0,0.0
202207100635,0.0,0.0
202207100655,0.0,0.0
202207100715,0.0,0.0
202207100735,0.0,0.0
202207100755,0.0,0.0
202207100815,0.0,0.0
202207100835,0.0,0.0
202207100855,0.0,0.0
202207100915,0.0,0.0
202207100935,240.0,1.5
202207100955,0.0,0.0
202207101015,0.0,0.0
202207101035,0.0,0.0
202207101055,0.0,0.0
202207101115,0.0,0.0
202207101135,0.0,0.0
202207101155,0.0,0.0
202207101215,0.0,0.0
202207101235,0.0,0.0
202207101255,0.0,0.0
202207101315,220.0,1.5
202207101335,0.0,0.0
202207101355,0.0,0.0
202207101415,0.0,0.0
202207101435,0.0,0.0
202207101455,0.0,0.0
202207101515,0.0,0.0
202207101535,0.0,0.0
202207101555,0.0,0.0
202207101615,0.0,0.0
202207101635,0.0,0.0
202207101655,50.0,2.6
202207101715,80.0,1.5
202207101735,0.0,0.0
202207101755,10.0,1.5
202207101815,320.0,1.5
202207101835,10.0,1.5
202207101855,60.0,1.5
202207101915,10.0,2.6
202207101935,30.0,1.5
202207101955,20.0,1.5
202207102015,,2.6
202207102035,30.0,3.1
202207102055,10.0,3.6
202207102115,30.0,3.1
202207102135,20.0,3.1
202207102155,10.0,3.6
202207102215,20.0,3.6
202207102235,,2.6
202207102255,,2.6
202207102315,10.0,2.6
202207102335,10.0,2.1
202207102355,350.0,1.5
202207110015,10.0,1.5
202207110035,0.0,0.0
202207110115,0.0,0.0
202207110155,0.0,0.0
202207110215,0.0,0.0
202207110235,0.0,0.0
202207110255,0.0,0.0
202207110315,0.0,0.0
202207110335,0.0,0.0
202207110355,0.0,0.0
202207110415,0.0,0.0
202207110435,0.0,0.0
202207110455,0.0,0.0
202207110515,0.0,0.0
202207110535,0.0,0.0
202207110555,0.0,0.0
202207110615,0.0,0.0
202207110635,0.0,0.0
202207110655,0.0,0.0
202207110715,0.0,0.0
202207110735,0.0,0.0
202207110755,0.0,0.0
202207110815,0.0,0.0
202207110835,0.0,0.0
202207110855,0.0,0.0
202207110915,0.0,0.0
202207110935,0.0,0.0
202207110955,0.0,0.0
202207111015,0.0,0.0
202207111035,0.0,0.0
202207111115,0.0,0.0
202207111135,0.0,0.0
202207111215,0.0,0.0
202207111235,0.0,0.0
202207111255,0.0,0.0
202207111315,0.0,0.0
202207111355,0.0,0.0
202207111415,0.0,0.0
202207111435,160.0,1.5
202207111455,0.0,0.0
202207111535,0.0,0.0
202207111555,0.0,0.0
202207111615,0.0,0.0
202207111635,0.0,0.0
202207111655,130.0,1.5
202207111715,0.0,0.0
202207111735,270.0,1.5
202207111755,0.0,0.0
202207111815,220.0,2.1
202207111835,240.0,2.1
202207111915,210.0,2.1
202207111935,0.0,0.0
202207111955,240.0,2.6
202207112015,210.0,2.6
202207112035,180.0,1.5
202207112055,220.0,2.1
202207112115,0.0,0.0
202207112135,150.0,1.5
202207112215,0.0,0.0
202207112235,0.0,0.0
202207112255,0.0,0.0
202207112315,0.0,0.0
202207112335,180.0,2.1
202207112355,190.0,1.5
202207120015,180.0,1.5
202207120035,170.0,1.5
202207120055,0.0,0.0
202207120115,0.0,0.0
202207120135,0.0,0.0
202207120155,0.0,0.0
202207120215,0.0,0.0
202207120235,0.0,0.0
202207120255,0.0,0.0
202207120355,170.0,3.1
202207120415,170.0,2.1
202207120435,180.0,1.5
202207120455,210.0,1.5
202207120515,0.0,0.0
202207120535,0.0,0.0
202207120555,0.0,0.0
202207120615,0.0,0.0
202207120635,0.0,0.0
202207120655,0.0,0.0
202207120715,0.0,0.0
202207120735,0.0,0.0
202207120755,0.0,0.0
202207120815,0.0,0.0
202207120855,0.0,0.0
202207120915,0.0,0.0
202207120955,0.0,0.0
202207121015,0.0,0.0
202207121055,0.0,0.0
202207121115,0.0,0.0
202207121135,0.0,0.0
202207121155,0.0,0.0
202207121215,0.0,0.0
202207121235,0.0,0.0
202207121255,240.0,1.5
202207121315,230.0,2.1
202207121335,250.0,2.1
202207121435,230.0,3.1
202207121455,0.0,0.0
202207121515,0.0,0.0
202207121535,130.0,1.5
202207121555,0.0,0.0
202207121615,0.0,0.0
202207121635,190.0,1.5
202207121655,260.0,1.5
202207121715,140.0,1.5
202207121735,0.0,0.0
202207121755,0.0,0.0
202207121815,0.0,0.0
202207121835,0.0,0.0
202207121855,200.0,2.1
202207121915,210.0,1.5
202207121935,0.0,0.0
202207121955,0.0,0.0
202207122015,210.0,2.1
202207122035,220.0,2.1
202207122055,180.0,2.1
202207122115,250.0,1.5
202207122135,230.0,2.1
202207122155,230.0,1.5
202207122215,220.0,1.5
202207122235,220.0,1.5
202207122255,0.0,0.0
202207122315,220.0,1.5
202207122335,0.0,0.0
202207122355,0.0,0.0
202207130015,0.0,0.0
202207130035,0.0,0.0
202207130055,0.0,0.0
202207130115,0.0,0.0
202207130135,0.0,0.0
202207130155,0.0,0.0
202207130215,0.0,0.0
202207130235,0.0,0.0
202207130255,0.0,0.0
202207130315,0.0,0.0
202207130335,0.0,0.0
202207130415,0.0,0.0
202207130435,0.0,0.0
202207130455,20.0,1.5
202207130515,0.0,0.0
202207130535,0.0,0.0
202207130555,250.0,1.5
202207130615,210.0,1.5
202207130635,0.0,0.0
202207130655,0.0,0.0
202207130715,0.0,0.0
202207130755,0.0,0.0
202207130815,0.0,0.0
202207130835,0.0,0.0
202207130855,0.0,0.0
202207130915,340.0,1.5
202207130935,0.0,0.0
202207130955,0.0,0.0
202207131015,0.0,0.0
202207131035,0.0,0.0
202207131055,0.0,0.0
202207131115,0.0,0.0
202207131135,0.0,0.0
202207131155,0.0,0.0
202207131215,0.0,0.0
202207131235,0.0,0.0
202207131255,0.0,0.0
202207131315,60.0,1.5
202207131335,70.0,1.5
202207131355,0.0,0.0
202207131415,0.0,0.0
202207131435,0.0,0.0
202207131455,,1.5
202207131515,20.0,1.5
202207131535,0.0,0.0
202207131555,10.0,2.1
202207131615,,3.1
202207131635,20.0,2.1
202207131715,50.0,1.5
202207131735,0.0,0.0
202207131755,0.0,0.0
202207131815,340.0,2.1
202207131835,310.0,1.5
202207131855,340.0,2.1
202207131910,330.0,3.6
202207131935,320.0,3.1
202207131955,230.0,2.6
202207132015,0.0,0.0
202207132035,210.0,1.5
202207132055,0.0,0.0
202207132115,270.0,2.6
202207132135,340.0,2.1
202207132155,280.0,2.6
202207132215,280.0,2.1
202207132235,290.0,1.5
202207132255,330.0,1.5
202207132315,340.0,1.5
202207132335,350.0,1.5
202207132355,330.0,1.5
202207140015,0.0,0.0
202207140035,320.0,1.5
202207140055,0.0,0.0
202207140115,0.0,0.0
202207140155,0.0,0.0
202207140215,340.0,2.1
202207140235,0.0,0.0
202207140255,0.0,0.0
202207140315,0.0,0.0
202207140335,0.0,0.0
202207140355,0.0,0.0
202207140415,0.0,0.0
202207140435,0.0,0.0
202207140455,0.0,0.0
202207140515,0.0,0.0
202207140535,0.0,0.0
202207140555,0.0,0.0
202207140615,0.0,0.0
202207140635,0.0,0.0
202207140655,0.0,0.0
202207140715,0.0,0.0
202207140735,0.0,0.0
202207140755,0.0,0.0
202207140815,0.0,0.0
202207140835,0.0,0.0
202207140855,0.0,0.0
202207140915,0.0,0.0
202207140935,0.0,0.0
202207140955,0.0,0.0
202207141015,0.0,0.0
202207141035,0.0,0.0
202207141055,0.0,0.0
202207141115,0.0,0.0
202207141135,0.0,0.0
202207141155,0.0,0.0
202207141215,0.0,0.0
202207141235,0.0,0.0
202207141255,40.0,1.5
202207141315,40.0,1.5
202207141355,0.0,0.0
202207141415,0.0,0.0
202207141435,0.0,0.0
202207141455,0.0,0.0
202207141515,0.0,0.0
202207141535,50.0,1.5
202207141555,60.0,1.5
202207141615,60.0,2.1
202207141635,50.0,1.5
202207141655,0.0,0.0
202207141715,80.0,2.6
202207141735,0.0,0.0
202207141755,0.0,0.0
202207141815,0.0,0.0
202207141835,0.0,0.0
202207141855,110.0,1.5
202207141915,330.0,1.5
202207141935,50.0,1.5
202207141955,0.0,0.0
202207142015,0.0,0.0
202207142035,0.0,0.0
202207142055,0.0,0.0
202207142135,0.0,0.0
202207142155,0.0,0.0
202207142215,0.0,0.0
202207142235,140.0,1.5
202207142255,0.0,0.0
202207142315,0.0,0.0
202207142335,0.0,0.0
202207142355,0.0,0.0
202207150015,0.0,0.0
202207150035,0.0,0.0
202207150115,0.0,0.0
202207150135,0.0,0.0
202207150155,0.0,0.0
202207150235,0.0,0.0
202207150255,0.0,0.0
202207150335,0.0,0.0
202207150355,0.0,0.0
202207150415,0.0,0.0
202207150435,0.0,0.0
202207150455,0.0,0.0
202207150515,0.0,0.0
202207150535,0.0,0.0
202207150550,0.0,0.0
202207150615,0.0,0.0
202207150635,0.0,0.0
202207150655,0.0,0.0
202207150735,0.0,0.0
202207150755,0.0,0.0
202207150815,0.0,0.0
202207150835,0.0,0.0
202207150855,0.0,0.0
202207150915,230.0,2.1
202207150935,0.0,0.0
202207150955,0.0,0.0
202207151015,0.0,0.0
202207151035,0.0,0.0
202207151055,0.0,0.0
202207151115,0.0,0.0
202207151135,0.0,0.0
202207151155,0.0,0.0
202207151215,0.0,0.0
202207151235,0.0,0.0
202207151255,0.0,0.0
202207151315,0.0,0.0
202207151335,0.0,0.0
202207151355,0.0,0.0
202207151415,0.0,0.0
202207151435,0.0,0.0
202207151455,0.0,0.0
202207151515,0.0,0.0
202207151535,0.0,0.0
202207151555,330.0,1.5
202207151615,0.0,0.0
202207151635,0.0,0.0
202207151655,0.0,0.0
202207151735,0.0,0.0
202207151755,70.0,1.5
202207151815,40.0,2.1
202207151835,0.0,0.0
202207151855,40.0,1.5
202207151915,60.0,3.1
202207151935,40.0,2.6
202207151955,60.0,2.1
202207152015,70.0,1.5
202207152035,0.0,0.0
202207152055,150.0,1.5
202207152135,80.0,2.1
202207152155,0.0,0.0
202207152215,50.0,1.5
202207152235,0.0,0.0
202207152255,10.0,1.5
202207152315,0.0,0.0
202207152335,0.0,0.0
202207160015,0.0,0.0
202207160035,0.0,0.0
202207160055,0.0,0.0
202207160115,0.0,0.0
202207160135,0.0,0.0
202207160155,0.0,0.0
202207160215,0.0,0.0
202207160235,0.0,0.0
202207160255,0.0,0.0
202207160315,0.0,0.0
202207160335,0.0,0.0
202207160355,0.0,0.0
202207160415,0.0,0.0
202207160435,0.0,0.0
202207160455,0.0,0.0
202207160515,0.0,0.0
202207160535,0.0,0.0
202207160555,0.0,0.0
202207160635,0.0,0.0
202207160655,0.0,0.0
202207160715,0.0,0.0
202207160735,0.0,0.0
202207160755,0.0,0.0
202207160815,0.0,0.0
202207160835,0.0,0.0
202207160855,0.0,0.0
202207160915,0.0,0.0
202207160935,0.0,0.0
202207160955,0.0,0.0
202207161015,0.0,0.0
202207161035,0.0,0.0
202207161055,0.0,0.0
202207161115,0.0,0.0
202207161135,0.0,0.0
202207161155,0.0,0.0
202207161215,0.0,0.0
202207161235,0.0,0.0
202207161255,0.0,0.0
202207161315,0.0,0.0
202207161335,0.0,0.0
202207161355,250.0,2.1
202207161415,0.0,0.0
202207161435,0.0,0.0
202207161455,0.0,0.0
202207161515,30.0,1.5
202207161535,0.0,0.0
202207161555,0.0,0.0
202207161615,0.0,0.0
202207161635,0.0,0.0
202207161655,0.0,0.0
202207161735,0.0,0.0
202207161755,0.0,0.0
202207161815,0.0,0.0
202207161835,0.0,0.0
202207161855,0.0,0.0
202207161935,50.0,1.5
202207161955,260.0,1.5
202207162015,0.0,0.0
202207162035,0.0,0.0
202207162055,210.0,2.1
202207162115,160.0,1.5
202207162135,0.0,0.0
202207162155,240.0,1.5
202207162215,0.0,0.0
202207162235,0.0,0.0
202207162255,0.0,0.0
202207162315,220.0,1.5
202207162335,0.0,0.0
202207162355,0.0,0.0
202207170015,0.0,0.0
202207170035,0.0,0.0
202207170055,210.0,1.5
202207170115,220.0,1.5
202207170135,210.0,1.5
202207170155,0.0,0.0
202207170215,0.0,0.0
202207170255,0.0,0.0
202207170315,0.0,0.0
202207170335,0.0,0.0
202207170355,0.0,0.0
202207170415,0.0,0.0
202207170435,0.0,0.0
202207170455,0.0,0.0
202207170515,0.0,0.0
202207170535,0.0,0.0
202207170555,0.0,0.0
202207170615,0.0,0.0
202207170635,0.0,0.0
202207170655,0.0,0.0
202207170715,0.0,0.0
202207170735,0.0,0.0
202207170755,0.0,0.0
202207170835,0.0,0.0
202207170855,0.0,0.0
202207170915,0.0,0.0
202207170935,0.0,0.0
202207170955,0.0,0.0
202207171015,0.0,0.0
202207171035,0.0,0.0
202207171055,0.0,0.0
202207171115,0.0,0.0
202207171135,0.0,0.0
202207171155,0.0,0.0
202207171215,0.0,0.0
202207171235,0.0,0.0
202207171255,230.0,1.5
202207171315,230.0,1.5
202207171335,0.0,0.0
202207171355,200.0,1.5
202207171415,220.0,2.1
202207171435,250.0,1.5
202207171455,0.0,0.0
202207171515,240.0,1.5
202207171535,210.0,1.5
202207171555,0.0,0.0
202207171615,230.0,3.6
202207171635,240.0,3.6
202207171715,0.0,0.0
202207171735,0.0,0.0
202207171755,0.0,0.0
202207171815,150.0,1.5
202207171835,200.0,1.5
202207171855,190.0,1.5
202207171915,210.0,2.1
202207171935,230.0,2.6
202207171955,210.0,2.6
202207172015,200.0,3.6
202207172035,220.0,3.6
202207172055,200.0,2.1
202207172115,220.0,2.6
202207172135,220.0,3.1
202207172215,200.0,1.5
202207172235,210.0,2.1
202207172255,0.0,0.0
202207172315,210.0,1.5
202207172335,230.0,1.5
202207172355,0.0,0.0
202207180015,0.0,0.0
202207180055,0.0,0.0
202207180115,0.0,0.0
202207180135,0.0,0.0
202207180155,0.0,0.0
202207180215,0.0,0.0
202207180235,220.0,1.5
202207180255,0.0,0.0
202207180315,230.0,2.1
202207180335,0.0,0.0
202207180355,0.0,0.0
202207180415,0.0,0.0
202207180435,0.0,0.0
202207180455,0.0,0.0
202207180515,0.0,0.0
202207180555,0.0,0.0
202207180615,0.0,0.0
202207180635,220.0,1.5
202207180655,220.0,1.5
202207180715,230.0,1.5
202207180735,240.0,1.5
202207180755,0.0,0.0
202207180815,0.0,0.0
202207180835,0.0,0.0
202207180855,0.0,0.0
202207180915,180.0,2.1
202207180935,0.0,0.0
202207180955,0.0,0.0
202207181015,0.0,0.0
202207181035,0.0,0.0
202207181055,0.0,0.0
202207181115,180.0,1.5
202207181135,170.0,1.5
202207181155,190.0,1.5
202207181215,190.0,1.5
202207181255,210.0,3.1
202207181315,190.0,1.5
202207181335,200.0,2.1
202207181355,200.0,2.1
202207181415,200.0,3.1
202207181435,220.0,2.1
202207181455,210.0,3.6
202207181515,220.0,3.6
202207181535,200.0,3.6
202207181555,210.0,4.1
202207181615,210.0,4.6
202207181635,200.0,3.1
202207181655,230.0,4.6
202207181715,200.0,2.6
202207181735,230.0,8.2
202207181755,200.0,2.1
202207181815,210.0,3.6
202207181835,210.0,2.6
202207181855,190.0,2.1
202207181915,210.0,3.1
202207181935,200.0,2.6
202207181955,280.0,5.1
202207182015,210.0,2.1
202207182035,210.0,2.1
202207182055,220.0,2.6
202207182115,250.0,1.5
202207182135,0.0,0.0
202207182155,220.0,2.1
202207182215,0.0,0.0
202207182235,210.0,2.6
202207182255,0.0,0.0
202207182315,0.0,0.0
202207182335,0.0,0.0
202207182355,0.0,0.0
202207190015,0.0,0.0
202207190035,0.0,0.0
202207190055,0.0,0.0
202207190115,0.0,0.0
202207190135,0.0,0.0
202207190155,0.0,0.0
202207190215,0.0,0.0
202207190255,0.0,0.0
202207190315,0.0,0.0
202207190335,0.0,0.0
202207190355,0.0,0.0
202207190415,0.0,0.0
202207190435,0.0,0.0
202207190455,0.0,0.0
202207190515,0.0,0.0
202207190535,0.0,0.0
202207190555,0.0,0.0
202207190615,0.0,0.0
202207190635,0.0,0.0
202207190655,0.0,0.0
202207190715,0.0,0.0
202207190755,0.0,0.0
202207190815,230.0,2.6
202207190835,0.0,0.0
202207190855,220.0,1.5
202207190915,200.0,1.5
202207190935,0.0,0.0
202207190955,0.0,0.0
202207191015,0.0,0.0
202207191035,0.0,0.0
202207191055,210.0,1.5
202207191115,0.0,0.0
202207191135,190.0,2.1
202207191155,200.0,1.5
202207191215,230.0,1.5
202207191235,200.0,1.5
202207191255,190.0,1.5
202207191315,190.0,2.1
202207191335,190.0,2.1
202207191355,200.0,1.5
202207191415,200.0,2.1
202207191435,190.0,2.6
202207191455,230.0,1.5
202207191515,230.0,2.1
202207191535,210.0,2.6
202207191615,220.0,3.1
202207191635,210.0,1.5
202207191655,0.0,0.0
202207191715,0.0,0.0
202207191735,220.0,1.5
202207191755,0.0,0.0
202207191815,0.0,0.0
202207191835,170.0,1.5
202207191855,190.0,1.5
202207191915,160.0,3.1
202207191955,210.0,2.1
202207192015,210.0,2.1
202207192035,0.0,0.0
202207192055,180.0,2.1
202207192115,210.0,1.5
202207192135,0.0,0.0
202207192155,220.0,1.5
202207192215,0.0,0.0
202207192235,230.0,1.5
202207192255,0.0,0.0
202207192315,210.0,2.1
202207192335,0.0,0.0
202207192355,0.0,0.0
202207200015,0.0,0.0
202207200035,0.0,0.0
202207200055,0.0,0.0
202207200115,0.0,0.0
202207200135,0.0,0.0
202207200155,0.0,0.0
202207200215,0.0,0.0
202207200235,0.0,0.0
202207200255,0.0,0.0
202207200315,0.0,0.0
202207200335,0.0,0.0
202207200355,0.0,0.0
202207200435,0.0,0.0
202207200455,0.0,0.0
202207200515,0.0,0.0
202207200535,0.0,0.0
202207200555,0.0,0.0
202207200615,0.0,0.0
202207200635,0.0,0.0
202207200655,0.0,0.0
202207200715,0.0,0.0
202207200735,0.0,0.0
202207200755,0.0,0.0
202207200815,190.0,1.5
202207200835,0.0,0.0
202207200855,0.0,0.0
202207200915,200.0,2.1
202207200935,180.0,2.1
202207200955,190.0,1.5
202207201015,0.0,0.0
202207201055,180.0,2.1
202207201115,170.0,1.5
202207201135,180.0,1.5
202207201155,180.0,1.5
202207201215,0.0,0.0
202207201235,210.0,1.5
202207201255,0.0,0.0
202207201315,190.0,2.1
202207201335,210.0,2.1
202207201355,190.0,2.1
202207201415,180.0,1.5
202207201435,210.0,2.1
202207201455,190.0,1.5
202207201515,190.0,2.6
202207201535,210.0,3.1
202207201615,220.0,3.1
202207201635,190.0,2.6
202207201655,250.0,3.1
202207201715,200.0,3.1
202207201735,230.0,2.6
202207201755,220.0,2.1
202207201815,210.0,1.5
202207201835,210.0,2.1
202207201855,210.0,2.6
202207201915,210.0,3.6
202207201935,210.0,2.1
202207201955,220.0,3.6
202207202015,220.0,3.1
202207202035,220.0,3.6
202207202055,210.0,5.1
202207202115,220.0,4.1
202207202135,220.0,4.1
202207202215,220.0,4.6
202207202255,210.0,3.6
202207202335,210.0,1.5
202207202355,210.0,3.1
202207210015,200.0,2.6
202207210035,210.0,2.6
202207210055,200.0,1.5
202207210115,220.0,1.5
202207210135,210.0,1.5
202207210155,200.0,2.1
202207210215,190.0,1.5
202207210235,200.0,2.1
202207210255,210.0,3.1
202207210315,200.0,2.1
202207210335,210.0,2.1
202207210355,210.0,2.6
202207210415,220.0,2.1
202207210435,210.0,2.6
202207210455,220.0,3.1
202207210515,220.0,3.1
202207210535,220.0,3.1
202207210555,190.0,2.6
202207210615,200.0,2.6
202207210635,180.0,3.6
202207210655,200.0,2.6
202207210715,210.0,2.1
202207210735,220.0,2.1
202207210755,210.0,2.1
202207210810,200.0,2.6
202207210835,190.0,2.1
202207210855,190.0,2.1
202207210915,0.0,0.0
202207210935,0.0,0.0
202207210955,210.0,1.5
202207211015,220.0,1.5
202207211035,220.0,2.1
202207211055,0.0,0.0
202207211115,0.0,0.0
202207211135,0.0,0.0
202207211215,60.0,3.1
202207211235,40.0,1.5
202207211255,0.0,0.0
202207211315,290.0,1.5
202207211335,0.0,0.0
202207211355,0.0,0.0
202207211415,0.0,0.0
202207211435,210.0,1.5
202207211455,220.0,1.5
202207211515,0.0,0.0
202207211535,190.0,1.5
202207211555,0.0,0.0
202207211615,200.0,1.5
202207211630,230.0,2.1
202207211655,210.0,2.1
202207211715,240.0,4.1
202207211735,250.0,3.6
202207211755,190.0,2.6
202207211815,180.0,2.1
202207211835,220.0,2.1
202207211855,250.0,3.1
202207211915,240.0,2.6
202207211935,0.0,0.0
202207211955,200.0,2.1
202207212015,240.0,2.6
202207212035,210.0,2.1
202207212055,230.0,1.5
202207212115,140.0,2.1
202207212135,220.0,1.5
202207212155,0.0,0.0
202207212215,220.0,2.1
202207212255,170.0,1.5
202207212335,190.0,3.6
202207212355,180.0,2.1
202207220015,0.0,0.0
202207220035,0.0,0.0
202207220055,180.0,1.5
202207220115,200.0,2.1
202207220135,220.0,2.1
202207220155,220.0,1.5
202207220215,0.0,0.0
202207220235,0.0,0.0
202207220255,250.0,2.6
202207220315,0.0,0.0
202207220355,240.0,2.1
202207220415,210.0,2.1
202207220435,0.0,0.0
202207220455,230.0,1.5
202207220515,0.0,0.0
202207220535,0.0,0.0
202207220555,0.0,0.0
202207220615,0.0,0.0
202207220635,0.0,0.0
202207220655,0.0,0.0
202207220715,0.0,0.0
202207220735,0.0,0.0
202207220755,0.0,0.0
202207220815,0.0,0.0
202207220835,0.0,0.0
202207220855,0.0,0.0
202207220915,0.0,0.0
202207220935,0.0,0.0
202207221015,0.0,0.0
202207221035,0.0,0.0
202207221055,0.0,0.0
202207221135,0.0,0.0
202207221155,0.0,0.0
202207221215,0.0,0.0
202207221235,0.0,0.0
202207221255,0.0,0.0
202207221315,0.0,0.0
202207221335,0.0,0.0
202207221355,0.0,0.0
202207221415,0.0,0.0
202207221435,40.0,2.1
202207221455,0.0,0.0
202207221535,20.0,2.1
202207221555,0.0,0.0
202207221615,0.0,0.0
202207221635,0.0,0.0
202207221655,0.0,0.0
202207221715,0.0,0.0
202207221735,250.0,1.5
202207221815,0.0,0.0
202207221835,0.0,0.0
202207221855,0.0,0.0
202207221915,0.0,0.0
202207221935,0.0,0.0
202207221955,210.0,2.1
202207222015,0.0,0.0
202207222035,240.0,1.5
202207222055,230.0,2.1
202207222115,230.0,2.6
202207222135,230.0,2.6
202207222215,210.0,1.5
202207222235,210.0,2.1
202207222255,210.0,2.6
202207222315,210.0,1.5
202207222335,200.0,2.1
202207222355,220.0,2.1
202207230015,190.0,2.6
202207230035,200.0,1.5
202207230055,210.0,2.1
202207230135,200.0,1.5
202207230155,210.0,1.5
202207230215,0.0,0.0
202207230235,0.0,0.0
202207230255,0.0,0.0
202207230315,0.0,0.0
202207230335,200.0,2.1
202207230355,0.0,0.0
202207230415,0.0,0.0
202207230435,0.0,0.0
202207230515,0.0,0.0
202207230555,0.0,0.0
202207230615,0.0,0.0
202207230635,0.0,0.0
202207230655,0.0,0.0
202207230735,0.0,0.0
202207230755,0.0,0.0
202207230815,0.0,0.0
202207230835,0.0,0.0
202207230855,0.0,0.0
202207230915,0.0,0.0
202207230935,0.0,0.0
202207230955,0.0,0.0
202207231015,0.0,0.0
202207231035,0.0,0.0
202207231055,0.0,0.0
202207231115,0.0,0.0
202207231135,0.0,0.0
202207231155,240.0,2.1
202207231215,230.0,1.5
202207231235,230.0,1.5
202207231315,240.0,2.1
202207231335,230.0,2.6
202207231355,210.0,1.5
202207231415,0.0,0.0
202207231435,0.0,0.0
202207231455,0.0,0.0
202207231515,240.0,1.5
202207231555,210.0,1.5
202207231615,0.0,0.0
202207231635,150.0,1.5
202207231715,0.0,0.0
202207231735,190.0,1.5
202207231755,180.0,1.5
202207231815,160.0,2.1
202207231855,0.0,0.0
202207231915,230.0,1.5
202207231935,230.0,2.1
202207231955,240.0,2.1
202207232015,0.0,0.0
202207232035,220.0,2.1
202207232055,220.0,2.1
202207232135,0.0,0.0
202207232155,200.0,2.1
202207232220,230.0,3.1
202207232235,0.0,0.0
202207232255,220.0,2.6
202207232315,220.0,3.1
202207232335,220.0,3.1
202207232355,200.0,2.1
202207240015,210.0,1.5
202207240035,190.0,1.5
202207240055,0.0,0.0
202207240115,210.0,1.5
202207240135,200.0,1.5
202207240155,0.0,0.0
202207240215,0.0,0.0
202207240235,0.0,0.0
202207240255,0.0,0.0
202207240315,0.0,0.0
202207240335,0.0,0.0
202207240355,240.0,2.1
202207240415,0.0,0.0
202207240435,0.0,0.0
202207240455,230.0,1.5
202207240515,0.0,0.0
202207240535,0.0,0.0
202207240555,0.0,0.0
202207240615,0.0,0.0
202207240635,0.0,0.0
202207240655,0.0,0.0
202207240735,230.0,1.5
202207240755,230.0,1.5
202207240815,240.0,1.5
202207240835,0.0,0.0
202207240855,0.0,0.0
202207240915,0.0,0.0
202207240935,0.0,0.0
202207240955,0.0,0.0
202207241015,0.0,0.0
202207241035,0.0,0.0
202207241055,0.0,0.0
202207241115,0.0,0.0
202207241135,0.0,0.0
202207241155,0.0,0.0
202207241215,0.0,0.0
202207241235,0.0,0.0
202207241255,0.0,0.0
202207241315,0.0,0.0
202207241355,230.0,2.1
202207241415,190.0,1.5
202207241435,200.0,1.5
202207241455,0.0,0.0
202207241515,180.0,1.5
202207241535,0.0,0.0
202207241555,0.0,0.0
202207241615,270.0,2.6
202207241635,0.0,0.0
202207241655,240.0,2.1
202207241715,0.0,0.0
202207241735,310.0,2.1
202207241755,330.0,2.1
202207241815,0.0,0.0
202207241855,140.0,1.5
202207241915,150.0,1.5
202207241935,150.0,3.1
202207241955,160.0,2.1
202207242015,140.0,2.1
202208081540,220.0,2.1
202208081555,,
202208081615,,
202208081635,0.0,0.0
202208081655,0.0,0.0
202208081715,170.0,2.1
202208081735,90.0,1.5
202208081755,0.0,0.0
202208081815,0.0,0.0
202208081835,0.0,0.0
202208081855,0.0,0.0
202208081915,220.0,1.5
202208081935,0.0,0.0
202208081955,0.0,0.0
202208082015,0.0,0.0
202208082035,0.0,0.0
202208082055,0.0,0.0
202208082115,0.0,0.0
202208082135,0.0,0.0
202208082155,0.0,0.0
202208082215,220.0,1.5
202208082255,240.0,2.1
202208082315,240.0,1.5
202208082335,0.0,0.0
202208082355,0.0,0.0
202208090015,0.0,0.0
202208090035,0.0,0.0
202208090050,0.0,0.0
202208160635,0.0,0.0
202208160715,0.0,0.0
202208160735,0.0,0.0
202208160755,0.0,0.0
202208160815,0.0,0.0
202208160835,0.0,0.0
202208160855,0.0,0.0
202208160915,0.0,0.0
202208160935,0.0,0.0
202208160955,0.0,0.0
202208161015,0.0,0.0
202208161035,0.0,0.0
202208161055,0.0,0.0
202208161115,0.0,0.0
202208161135,0.0,0.0
202208161155,0.0,0.0
202208161215,0.0,0.0
202208161235,0.0,0.0
202208161255,20.0,2.1
202208161315,50.0,2.1
202208161335,20.0,2.6
202208161415,40.0,2.1
202208161435,40.0,3.1
202208161455,50.0,2.1
202208161515,330.0,1.5
202208161535,0.0,0.0
202208161555,10.0,3.1
202208161615,340.0,2.1
202208161635,10.0,3.1
202208161655,30.0,1.5
202208161715,10.0,4.1
202208161735,30.0,2.1
202208161755,350.0,2.6
202208161835,10.0,2.6
202208161855,330.0,3.1
202208161915,,2.6
202208161935,10.0,1.5
202208161955,,2.1
202208162015,0.0,0.0
202208162035,60.0,1.5
202208162055,0.0,0.0
202208162115,10.0,1.5
202208162135,20.0,2.6
202208162155,0.0,0.0
202208162215,40.0,2.6
202208162235,30.0,1.5
202208162255,40.0,2.1
202208162315,0.0,0.0
202208162335,0.0,0.0
202208162355,0.0,0.0
202208170015,20.0,2.1
202208170035,40.0,1.5
202208170055,0.0,0.0
202208170115,0.0,0.0
202208170135,0.0,0.0
202208170215,0.0,0.0
202208170255,0.0,0.0
202208170315,0.0,0.0
202208170335,0.0,0.0
202208170355,40.0,1.5
202208170415,0.0,0.0
202208170435,0.0,0.0
202208170455,0.0,0.0
202208170515,0.0,0.0
202208170535,0.0,0.0
202208170555,0.0,0.0
202208170615,0.0,0.0
202208170635,0.0,0.0
202208170655,0.0,0.0
202208170715,0.0,0.0
202208170815,0.0,0.0
202208170835,0.0,0.0
202208170855,0.0,0.0
202208170915,0.0,0.0
202208170935,0.0,0.0
202208170955,0.0,0.0
202208171015,0.0,0.0
202208171035,0.0,0.0
202208171055,0.0,0.0
202208171115,0.0,0.0
202208171135,0.0,0.0
202208171155,0.0,0.0
202208171215,0.0,0.0
202208171235,0.0,0.0
202208171255,0.0,0.0
202208171315,20.0,1.5
202208171335,30.0,1.5
202208171355,10.0,1.5
202208171415,0.0,0.0
202208171435,0.0,0.0
202208171515,0.0,0.0
202208171535,0.0,0.0
202208171555,10.0,1.5
202208171615,0.0,0.0
202208171635,40.0,2.1
202208171655,0.0,0.0
202208171715,,1.5
202208171735,30.0,2.1
202208171755,20.0,2.1
202208171815,20.0,2.6
202208171835,340.0,1.5
202208171855,350.0,2.6
202208171915,350.0,2.6
202208171935,340.0,2.6
202208171955,,1.5
202208172015,0.0,0.0
202208172035,0.0,0.0
202208172055,340.0,1.5
202208172115,0.0,0.0
202208172135,0.0,0.0
202208172215,30.0,1.5
202208172235,0.0,0.0
202208172255,0.0,0.0
202208172315,0.0,0.0
202208180015,0.0,0.0
202208180035,0.0,0.0
202208180055,0.0,0.0
202208180115,0.0,0.0
202208180135,0.0,0.0
202208180155,0.0,0.0
202208180215,0.0,0.0
202208180235,0.0,0.0
202208180255,0.0,0.0
202208180315,0.0,0.0
202208180335,0.0,0.0
202208180355,0.0,0.0
202208180415,0.0,0.0
202208180435,0.0,0.0
202208180455,0.0,0.0
202208180515,0.0,0.0
202208180535,0.0,0.0
202208180555,0.0,0.0
202208180615,0.0,0.0
202208180635,0.0,0.0
202208180655,0.0,0.0
202208180715,0.0,0.0
202208180735,0.0,0.0
202208180755,0.0,0.0
202208180815,0.0,0.0
202208180835,0.0,0.0
202208180855,0.0,0.0
202208180915,0.0,0.0
202208180935,0.0,0.0
202208180955,0.0,0.0
202208181015,0.0,0.0
202208181035,0.0,0.0
202208181055,0.0,0.0
202208181115,0.0,0.0
202208181135,0.0,0.0
202208181155,0.0,0.0
202208181215,0.0,0.0
202208181235,0.0,0.0
202208181255,0.0,0.0
202208181315,0.0,0.0
202208181335,20.0,2.1
202208181415,20.0,1.5
202208181435,30.0,1.5
202208181455,0.0,0.0
202208181515,0.0,0.0
202208181535,0.0,0.0
202208181555,0.0,0.0
202208181615,,1.5
202208181635,10.0,1.5
202208181655,0.0,0.0
202208181715,0.0,0.0
202208181735,60.0,2.1
202208181755,70.0,1.5
202208181815,0.0,0.0
202208181835,0.0,0.0
202208181855,0.0,0.0
202208181915,0.0,0.0
202208181935,50.0,1.5
202208181955,0.0,0.0
202208182015,30.0,1.5
202208182035,0.0,0.0
202208182055,0.0,0.0
202208182115,50.0,1.5
202208182135,130.0,1.5
202208182155,0.0,0.0
202208182215,0.0,0.0
202208182255,0.0,0.0
202208182315,0.0,0.0
202208182335,0.0,0.0
202208182355,0.0,0.0
202208190015,0.0,0.0
202208190035,0.0,0.0
202208190055,0.0,0.0
202208190115,0.0,0.0
202208190135,0.0,0.0
202208190155,0.0,0.0
202208190215,0.0,0.0
202208190235,0.0,0.0
202208190255,0.0,0.0
202208190315,0.0,0.0
202208190335,0.0,0.0
202208190355,0.0,0.0
202208190415,0.0,0.0
202208190435,0.0,0.0
202208190455,0.0,0.0
202208190515,0.0,0.0
202208190555,0.0,0.0
202208190615,0.0,0.0
202208190635,0.0,0.0
202208190655,0.0,0.0
202208190715,0.0,0.0
202208190735,0.0,0.0
202208190755,0.0,0.0
202208190815,0.0,0.0
202208190835,0.0,0.0
202208190855,0.0,0.0
202208190915,0.0,0.0
202208190935,0.0,0.0
202208190955,0.0,0.0
202208191015,0.0,0.0
202208191035,0.0,0.0
202208191055,0.0,0.0
202208191115,0.0,0.0
202208191135,0.0,0.0
202208191155,0.0,0.0
202208191215,0.0,0.0
202208191235,0.0,0.0
202208191255,0.0,0.0
202208191315,0.0,0.0
202208191335,0.0,0.0
202208191355,0.0,0.0
202208191415,140.0,1.5
202208191435,200.0,1.5
202208191455,210.0,1.5
202208191515,40.0,1.5
202208191535,170.0,1.5
202208191555,110.0,1.5
202208191615,0.0,0.0
202208191635,0.0,0.0
202208191655,0.0,0.0
202208191715,0.0,0.0
202208191735,0.0,0.0
202208191755,0.0,0.0
202208191815,0.0,0.0
202208191835,0.0,0.0
202208191915,10.0,3.1
202208191935,20.0,2.1
202208191955,270.0,2.6
202208192015,160.0,1.5
202208192035,0.0,0.0
202208192055,180.0,1.5
202208192115,210.0,1.5
202208192135,0.0,0.0
202208192155,0.0,0.0
202208192215,0.0,0.0
202208192235,0.0,0.0
202208192255,0.0,0.0
202208192315,0.0,0.0
202208192335,0.0,0.0
202208192355,0.0,0.0
202208200035,0.0,0.0
202208200055,0.0,0.0
202208200115,0.0,0.0
202208200135,0.0,0.0
202208200155,0.0,0.0
202208200215,0.0,0.0
202208200235,0.0,0.0
202208200255,0.0,0.0
202208200315,0.0,0.0
202208200335,0.0,0.0
202208200355,0.0,0.0
202208200415,0.0,0.0
202208200435,0.0,0.0
202208200455,0.0,0.0
202208200515,0.0,0.0
202208200535,0.0,0.0
202208200555,0.0,0.0
202208200615,0.0,0.0
202208200635,0.0,0.0
202208200655,0.0,0.0
202208200715,0.0,0.0
202208200735,0.0,0.0
202208200755,0.0,0.0
202208200815,0.0,0.0
202208200855,0.0,0.0
202208200935,0.0,0.0
202208200955,0.0,0.0
202208201015,0.0,0.0
202208201035,0.0,0.0
202208201055,0.0,0.0
202208201115,0.0,0.0
202208201135,0.0,0.0
202208201155,0.0,0.0
202208201215,0.0,0.0
202208201235,0.0,0.0
202208201255,0.0,0.0
202208201315,0.0,0.0
202208201335,0.0,0.0
202208201355,0.0,0.0
202208201415,0.0,0.0
202208201435,0.0,0.0
202208201455,0.0,0.0
202208201515,0.0,0.0
202208201535,0.0,0.0
202208201555,0.0,0.0
202208201615,0.0,0.0
202208201635,230.0,1.5
202208201655,200.0,1.5
202208201715,180.0,1.5
202208201735,180.0,1.5
202208201755,0.0,0.0
202208201815,210.0,3.6
202208201835,0.0,0.0
202208201855,270.0,1.5
202208201915,0.0,0.0
202208201935,0.0,0.0
202208201955,210.0,2.6
202208202015,190.0,3.1
202208202035,200.0,1.5
202208202055,210.0,3.1
202208202135,220.0,2.1
202208202155,240.0,3.1
202208202215,200.0,1.5
202208202235,210.0,1.5
202208202255,0.0,0.0
202208202315,40.0,2.1
202208202335,40.0,2.1
202208202355,10.0,1.5
202208210015,0.0,0.0
202208210035,0.0,0.0
202208210055,0.0,0.0
202208210115,0.0,0.0
202208210135,0.0,0.0
202208210155,160.0,1.5
202208210215,0.0,0.0
202208210235,0.0,0.0
202208210255,300.0,1.5
202208210315,0.0,0.0
202208210335,0.0,0.0
202208210355,0.0,0.0
202208210415,0.0,0.0
202208210435,0.0,0.0
202208210515,200.0,2.6
202208210535,0.0,0.0
202208210555,0.0,0.0
202208210615,0.0,0.0
202208210635,0.0,0.0
202208210655,0.0,0.0
202208210715,0.0,0.0
202208210735,0.0,0.0
202208210755,0.0,0.0
202208210815,0.0,0.0
202208210835,0.0,0.0
202208210855,0.0,0.0
202208210915,190.0,2.1
202208210935,190.0,1.5
202208211015,0.0,0.0
202208211035,0.0,0.0
202208211055,210.0,1.5
202208211115,200.0,1.5
202208211135,200.0,2.1
202208211155,200.0,1.5
202208211215,200.0,1.5
202208211235,0.0,0.0
202208211255,190.0,1.5
202208211315,220.0,2.1
202208211335,210.0,1.5
202208211355,220.0,2.6
202208211415,210.0,2.1
202208211435,220.0,2.1
202208211455,230.0,3.1
202208211515,220.0,2.1
202208211535,210.0,1.5
202208211555,200.0,1.5
202208211615,210.0,2.1
202208211635,0.0,0.0
202208211655,220.0,1.5
202208211715,190.0,2.1
202208211735,180.0,3.1
202208211755,210.0,1.5
202208211815,220.0,1.5
202208211835,220.0,2.6
202208211915,210.0,2.6
202208211935,220.0,2.1
202208211955,200.0,2.6
202208212015,190.0,2.1
202208212035,200.0,1.5
202208212115,220.0,1.5
202208212135,220.0,1.5
202208212155,230.0,2.1
202208212215,230.0,2.6
202208212235,200.0,1.5
202208212255,210.0,1.5
202208212315,200.0,1.5
202208212335,0.0,0.0
202208212355,0.0,0.0
202208220015,0.0,0.0
202208220035,200.0,1.5
202208220055,210.0,1.5
202208220135,0.0,0.0
202208220155,0.0,0.0
202208220215,0.0,0.0
202208220235,0.0,0.0
202208220255,0.0,0.0
202208220315,0.0,0.0
202208220335,0.0,0.0
202208220355,0.0,0.0
202208220415,0.0,0.0
202208220435,0.0,0.0
202208220455,0.0,0.0
202208220515,0.0,0.0
202208220535,0.0,0.0
202208220555,0.0,0.0
202208220615,0.0,0.0
202208220635,220.0,1.5
202208220655,0.0,0.0
202208220715,0.0,0.0
202208220735,0.0,0.0
202208220755,0.0,0.0
202208220815,0.0,0.0
202208220835,0.0,0.0
202208220855,0.0,0.0
202208220915,0.0,0.0
202208220935,0.0,0.0
202208220955,0.0,0.0
202208221015,0.0,0.0
202208221035,0.0,0.0
202208221055,0.0,0.0
202208221115,0.0,0.0
202208221135,0.0,0.0
202208221155,0.0,0.0
202208221215,0.0,0.0
202208221235,0.0,0.0
202208221255,0.0,0.0
202208221315,0.0,0.0
202208221335,0.0,0.0
202208221355,0.0,0.0
202208221415,0.0,0.0
202208221435,0.0,0.0
202208221455,220.0,1.5
202208221515,230.0,1.5
202208221535,0.0,0.0
202208221555,0.0,0.0
202208221615,0.0,0.0
202208221635,0.0,0.0
202208221715,0.0,0.0
202208221735,0.0,0.0
202208221755,0.0,0.0
202208221815,30.0,2.1
202208221855,200.0,2.1
202208221915,230.0,2.1
202208221935,190.0,2.6
202208221955,190.0,2.1
202208222015,0.0,0.0
202208222035,0.0,0.0
202208222055,190.0,2.1
202208222115,180.0,1.5
202208222135,190.0,3.1
202208222155,240.0,1.5
202208222215,0.0,0.0
202208222235,0.0,0.0
202208222255,220.0,1.5
202208222315,190.0,1.5
202208222335,0.0,0.0
202208222355,0.0,0.0
202208230015,220.0,1.5
202208230035,0.0,0.0
202208230055,0.0,0.0
202208230115,0.0,0.0
202208230135,0.0,0.0
202208230155,0.0,0.0
202208230235,0.0,0.0
202208230315,0.0,0.0
202208230335,0.0,0.0
202208230355,0.0,0.0
202208230415,0.0,0.0
202208230435,0.0,0.0
202208230510,0.0,0.0
202208230535,0.0,0.0
202208230555,0.0,0.0
202208230615,0.0,0.0
202208230635,0.0,0.0
202208230655,0.0,0.0
202208230715,0.0,0.0
202208230735,0.0,0.0
202208230755,0.0,0.0
202208230815,0.0,0.0
202208230855,0.0,0.0
202208230915,0.0,0.0
202208230935,0.0,0.0
202208230955,0.0,0.0
202208231015,0.0,0.0
202208231035,0.0,0.0
202208231055,0.0,0.0
202208231115,0.0,0.0
202208231135,0.0,0.0
202208231155,0.0,0.0
202208231215,0.0,0.0
202208231235,0.0,0.0
202208231255,0.0,0.0
202208231315,0.0,0.0
202208231335,0.0,0.0
202208231355,0.0,0.0
202208231415,230.0,1.5
202208231435,0.0,0.0
202208231455,0.0,0.0
202208231515,0.0,0.0
202208231535,0.0,0.0
202208231555,0.0,0.0
202208231615,0.0,0.0
202208231635,80.0,1.5
202208231655,0.0,0.0
202208231715,0.0,0.0
202208231735,0.0,0.0
202208231815,40.0,1.5
202208231835,60.0,1.5
202208231855,0.0,0.0
202208231915,0.0,0.0
202208231935,20.0,1.5
202208231955,130.0,1.5
202208232015,0.0,0.0
202208232035,0.0,0.0
202208232055,0.0,0.0
202208232115,0.0,0.0
202208232135,0.0,0.0
202208232155,0.0,0.0
202208232215,0.0,0.0
202208232235,0.0,0.0
202208232255,0.0,0.0
202208232315,0.0,0.0
202208232335,0.0,0.0
202208232355,0.0,0.0
202208240015,0.0,0.0
202208240035,0.0,0.0
202208240055,0.0,0.0
202208240115,0.0,0.0
202208240155,0.0,0.0
202208240235,0.0,0.0
202208240255,0.0,0.0
202208240315,230.0,1.5
202208240335,0.0,0.0
202208240355,0.0,0.0
202208240415,0.0,0.0
202208240435,0.0,0.0
202208240455,0.0,0.0
202208240515,0.0,0.0
202208240535,0.0,0.0
202208240555,0.0,0.0
202208240615,0.0,0.0
202208240635,0.0,0.0
202208240655,0.0,0.0
202208240715,0.0,0.0
202208240735,0.0,0.0
202208240755,0.0,0.0
202208240815,0.0,0.0
202208240835,0.0,0.0
202208240855,0.0,0.0
202208240915,0.0,0.0
202208240935,0.0,0.0
202208240955,0.0,0.0
202208241015,0.0,0.0
202208241035,0.0,0.0
202208241055,0.0,0.0
202208241115,0.0,0.0
202208241135,0.0,0.0
202208241155,0.0,0.0
202208241215,0.0,0.0
202208241235,0.0,0.0
202208241255,0.0,0.0
202208241315,30.0,1.5
202208241335,0.0,0.0
202208241355,30.0,2.1
202208241415,50.0,1.5
202208241435,0.0,0.0
202208241455,0.0,0.0
202208241515,0.0,0.0
202208241535,0.0,0.0
202208241615,0.0,0.0
202208241635,0.0,0.0
202208241655,0.0,0.0
202208241715,0.0,0.0
202208241730,0.0,0.0
202209021315,250.0,1.5
202209021335,250.0,2.1
202209021355,240.0,1.5
202209021415,190.0,1.5
202209021435,0.0,0.0
202209021455,150.0,1.5
202209021515,130.0,2.6
202209021535,170.0,1.5
202209021555,140.0,2.6
202209021635,0.0,0.0
202209021655,130.0,1.5
202209021715,180.0,1.5
202209021735,150.0,2.6
202209021755,200.0,1.5
202209021815,0.0,0.0
202209021835,160.0,1.5
202209021855,0.0,0.0
202209021915,180.0,2.6
202209021935,150.0,1.5
202209021955,0.0,0.0
202209022015,150.0,2.6
202209022035,150.0,1.5
202209022115,140.0,2.1
202209022135,0.0,0.0
202209022155,190.0,1.5
202209022215,0.0,0.0
202209022255,0.0,0.0
202209022315,0.0,0.0
202209022335,0.0,0.0
202209022355,0.0,0.0
202209030035,0.0,0.0
202209030055,0.0,0.0
202209030115,0.0,0.0
202209030135,0.0,0.0
202209030155,0.0,0.0
202209030215,0.0,0.0
202209030235,0.0,0.0
202209030255,0.0,0.0
202209030315,0.0,0.0
202209030335,0.0,0.0
202209030355,0.0,0.0
202209030415,0.0,0.0
202209030435,0.0,0.0
202209030455,0.0,0.0
202209030515,0.0,0.0
202209030535,0.0,0.0
202209030555,0.0,0.0
202209030615,0.0,0.0
202209030635,0.0,0.0
202209030655,0.0,0.0
202209030715,0.0,0.0
202209030735,0.0,0.0
202209030755,0.0,0.0
202209030815,0.0,0.0
202209030835,0.0,0.0
202209030855,0.0,0.0
202209030935,0.0,0.0
202209030955,0.0,0.0
202209031015,0.0,0.0
202209031035,0.0,0.0
202209031055,0.0,0.0
202209031115,0.0,0.0
202209031135,0.0,0.0
202209031155,0.0,0.0
202209031215,0.0,0.0
202209031235,0.0,0.0
202209031255,0.0,0.0
202209031335,0.0,0.0
202209031355,0.0,0.0
202209031415,0.0,0.0
202209031435,0.0,0.0
202209031455,0.0,0.0
202209031515,0.0,0.0
202209031535,0.0,0.0
202209031555,190.0,2.1
202209031615,200.0,2.1
202209031635,210.0,1.5
202209031655,190.0,1.5
202209031715,0.0,0.0
202209031735,0.0,0.0
202209031755,0.0,0.0
202209031815,0.0,0.0
202209031835,0.0,0.0
202209031855,200.0,1.5
202209031915,0.0,0.0
202209031935,230.0,2.1
202209031955,230.0,3.1
202209032015,0.0,0.0
202209032035,0.0,0.0
202209032055,190.0,2.6
202209032115,160.0,2.6
202209032135,200.0,2.6
202209032155,0.0,0.0
202209032215,180.0,1.5
202209032235,0.0,0.0
202209032255,180.0,1.5
202209032315,0.0,0.0
202209032335,0.0,0.0
202209032355,0.0,0.0
202209040015,0.0,0.0
202209040035,0.0,0.0
202209040055,0.0,0.0
202209040115,0.0,0.0
202209040135,0.0,0.0
202209040155,0.0,0.0
202209040215,0.0,0.0
202209040235,0.0,0.0
202209040255,0.0,0.0
202209040315,0.0,0.0
202209040335,0.0,0.0
202209040355,0.0,0.0
202209040415,0.0,0.0
202209040435,0.0,0.0
202209040455,0.0,0.0
202209040515,230.0,3.6
202209040535,200.0,3.1
202209040555,210.0,1.5
202209040615,0.0,0.0
202209040635,150.0,2.1
202209040655,230.0,1.5
202209040715,0.0,0.0
202209040735,0.0,0.0
202209040755,0.0,0.0
202209040815,0.0,0.0
202209040835,0.0,0.0
202209040855,0.0,0.0
202209040915,0.0,0.0
202209040935,0.0,0.0
202209040955,0.0,0.0
202209041015,0.0,0.0
202209041035,0.0,0.0
202209041055,0.0,0.0
202209041115,0.0,0.0
202209041155,0.0,0.0
202209041215,0.0,0.0
202209041235,0.0,0.0
202209041255,0.0,0.0
202209041315,0.0,0.0
202209041355,0.0,0.0
202209041415,0.0,0.0
202209041435,10.0,2.6
202209041455,220.0,1.5
202209041515,240.0,2.1
202209041535,240.0,2.6
202209041555,200.0,2.1
202209041615,0.0,0.0
202209041635,0.0,0.0
202209041655,0.0,0.0
202209041715,0.0,0.0
202209041735,270.0,1.5
202209041755,0.0,0.0
202209041815,0.0,0.0
202209041835,0.0,0.0
202209041855,0.0,0.0
202209041915,0.0,0.0
202209041935,0.0,0.0
202209041955,0.0,0.0
202209042015,0.0,0.0
202209042035,0.0,0.0
202209042055,0.0,0.0
202209042115,0.0,0.0
202209042135,0.0,0.0
202209042155,0.0,0.0
202209042215,0.0,0.0
202209042235,0.0,0.0
202209042255,0.0,0.0
202209042315,0.0,0.0
202209042335,0.0,0.0
202209042355,0.0,0.0
202209050015,0.0,0.0
202209050035,0.0,0.0
202209050055,0.0,0.0
202209050115,0.0,0.0
202209050135,0.0,0.0
202209050155,0.0,0.0
202209050215,0.0,0.0
202209050235,0.0,0.0
202209050255,220.0,1.5
202209050315,0.0,0.0
202209050335,0.0,0.0
202209050355,0.0,0.0
202209050415,0.0,0.0
202209050435,0.0,0.0
202209050555,0.0,0.0
202209050615,0.0,0.0
202209050635,0.0,0.0
202209050715,0.0,0.0
202209050755,0.0,0.0
202209050815,0.0,0.0
202209050835,0.0,0.0
202209050855,0.0,0.0
202209050915,0.0,0.0
202209050935,0.0,0.0
202209050955,0.0,0.0
202209051015,0.0,0.0
202209051035,0.0,0.0
202209051055,0.0,0.0
202209051115,0.0,0.0
202209051135,0.0,0.0
202209051155,0.0,0.0
202209051215,0.0,0.0
202209051235,210.0,2.1
202209051255,0.0,0.0
202209051315,0.0,0.0
202209051335,0.0,0.0
202209051355,0.0,0.0
202209051415,210.0,1.5
202209051435,0.0,0.0
202209051455,0.0,0.0
202209051515,0.0,0.0
202209051535,0.0,0.0
202209051555,0.0,0.0
202209051615,0.0,0.0
202209051635,0.0,0.0
202209051655,0.0,0.0
202209051715,0.0,0.0
202209051735,0.0,0.0
202209051755,0.0,0.0
202209051815,0.0,0.0
202209051835,0.0,0.0
202209051855,0.0,0.0
202209051935,0.0,0.0
202209051955,0.0,0.0
202209052015,0.0,0.0
202209052035,0.0,0.0
202209052055,0.0,0.0
202209052135,0.0,0.0
202209052155,0.0,0.0
202209052215,0.0,0.0
202209052235,0.0,0.0
202209052255,0.0,0.0
202209052315,0.0,0.0
202209052335,0.0,0.0
202209052355,0.0,0.0
202209060035,0.0,0.0
202209060055,0.0,0.0
202209060115,0.0,0.0
202209060135,0.0,0.0
202209060155,0.0,0.0
202209060215,0.0,0.0
202209060235,0.0,0.0
202209060255,0.0,0.0
202209060315,0.0,0.0
202209060335,0.0,0.0
202209060355,0.0,0.0
202209060415,0.0,0.0
202209060455,0.0,0.0
202209060515,0.0,0.0
202209060535,0.0,0.0
202209060555,0.0,0.0
202209060615,0.0,0.0
202209060635,0.0,0.0
202209060655,0.0,0.0
202209060715,0.0,0.0
202209060735,0.0,0.0
202209060755,0.0,0.0
202209060815,0.0,0.0
202209060835,0.0,0.0
202209060855,0.0,0.0
202209060915,0.0,0.0
202209060935,0.0,0.0
202209060955,0.0,0.0
202209061015,0.0,0.0
202209061035,0.0,0.0
202209061055,0.0,0.0
202209061115,0.0,0.0
202209061135,0.0,0.0
202209061155,0.0,0.0
202209061215,0.0,0.0
202209061235,0.0,0.0
202209061255,0.0,0.0
202209061315,0.0,0.0
202209061335,0.0,0.0
202209061415,0.0,0.0
202209061455,0.0,0.0
202209061515,0.0,0.0
202209061535,0.0,0.0
202209061555,0.0,0.0
202209061615,0.0,0.0
202209061635,0.0,0.0
202209061655,0.0,0.0
202209061715,0.0,0.0
202209061735,0.0,0.0
202209061755,0.0,0.0
202209061815,0.0,0.0
202209061835,0.0,0.0
202209061855,210.0,1.5
202209061935,220.0,1.5
202209061955,210.0,1.5
202209062015,180.0,2.1
202209062035,220.0,2.1
202209062115,230.0,1.5
202209062135,230.0,2.1
202209062155,220.0,1.5
202209062215,0.0,0.0
202209062235,0.0,0.0
202209062255,0.0,0.0
202209062315,330.0,2.1
202209062335,310.0,2.6
202209062355,130.0,2.1
202209070015,170.0,2.1
202209070035,0.0,0.0
202209070055,0.0,0.0
202209070115,0.0,0.0
202209070135,0.0,0.0
202209070155,0.0,0.0
202209070215,0.0,0.0
202209070235,0.0,0.0
202209070255,0.0,0.0
202209070315,0.0,0.0
202209070355,0.0,0.0
202209070415,0.0,0.0
202209070435,0.0,0.0
202209070455,0.0,0.0
202209070515,0.0,0.0
202209070535,0.0,0.0
202209070555,0.0,0.0
202209070615,0.0,0.0
202209070635,0.0,0.0
202209070655,0.0,0.0
202209070715,0.0,0.0
202209070735,0.0,0.0
202209070755,0.0,0.0
202209070815,0.0,0.0
202209070835,0.0,0.0
202209070915,0.0,0.0
202209070935,0.0,0.0
202209070955,0.0,0.0
202209071015,0.0,0.0
202209071035,0.0,0.0
202209071055,0.0,0.0
202209071115,0.0,0.0
202209071135,0.0,0.0
202209071215,0.0,0.0
202209071235,0.0,0.0
202209071255,20.0,1.5
202209071315,10.0,1.5
202209071335,0.0,0.0
202209071355,30.0,2.6
202209071415,40.0,2.6
202209071435,10.0,2.1
202209071455,30.0,3.1
202209071515,,3.1
202209071535,0.0,0.0
202209071555,10.0,2.1
202209071615,10.0,2.6
202209071635,60.0,1.5
202209071655,60.0,1.5
202209071715,20.0,2.6
202209071735,350.0,2.1
202209071755,20.0,3.1
202209071815,40.0,1.5
202209071835,340.0,1.5
202209071855,330.0,1.5
202209071915,20.0,3.1
202209071935,0.0,0.0
202209071955,0.0,0.0
202209072015,0.0,0.0
202209072035,0.0,0.0
202209072055,0.0,0.0
202209072115,,2.1
202209072135,,1.5
202209072155,330.0,2.1
202209072215,,1.5
202209072235,0.0,0.0
202209072255,0.0,0.0
202209072315,0.0,0.0
202209072335,20.0,1.5
202209072355,30.0,1.5
202209080015,0.0,0.0
202209080035,0.0,0.0
202209080055,0.0,0.0
202209080115,0.0,0.0
202209080135,0.0,0.0
202209080155,0.0,0.0
202209080215,30.0,1.5
202209080235,30.0,2.1
202209080255,30.0,1.5
202209080315,0.0,0.0
202209080335,0.0,0.0
202209080355,0.0,0.0
202209080415,0.0,0.0
202209080435,0.0,0.0
202209080455,0.0,0.0
202209080515,50.0,1.5
202209080535,40.0,1.5
202209080555,0.0,0.0
202209080615,0.0,0.0
202209080635,0.0,0.0
202209080655,0.0,0.0
202209080715,0.0,0.0
202209080735,0.0,0.0
202209080755,0.0,0.0
202209080815,0.0,0.0
202209080835,0.0,0.0
202209080855,0.0,0.0
202209080915,0.0,0.0
202209080935,40.0,1.5
202209080955,0.0,0.0
202209081015,0.0,0.0
202209081035,40.0,1.5
202209081055,40.0,1.5
202209081115,30.0,1.5
202209081135,40.0,1.5
202209081155,0.0,0.0
202209081215,30.0,1.5
202209081235,30.0,2.6
202209081255,20.0,4.1
202209081315,20.0,2.6
202209081335,30.0,2.1
202209081355,,2.6
202209081415,10.0,3.1
202209081435,,2.6
202209081455,,3.1
202209081515,20.0,2.6
202209081535,20.0,4.1
202209081555,10.0,3.1
202209081615,10.0,2.1
202209081635,0.0,0.0
202209081655,0.0,0.0
202209081715,0.0,0.0
202209081735,10.0,2.1
202209081755,50.0,2.1
202209081815,50.0,2.1
202209081835,0.0,0.0
202209081855,50.0,1.5
202209081915,20.0,1.5
202209081935,60.0,2.1
202209081955,40.0,3.1
202209082015,80.0,1.5
202209082035,70.0,2.1
202209082115,50.0,2.6
202209082135,70.0,2.6
202209082155,30.0,2.1
202209082215,60.0,3.1
202209082235,50.0,3.1
202209082255,70.0,2.1
202209082315,60.0,2.1
202209082335,40.0,1.5
202209082355,0.0,0.0
202209090015,0.0,0.0
202209090035,0.0,0.0
202209090055,0.0,0.0
202209090115,0.0,0.0
202209090135,0.0,0.0
202209090155,0.0,0.0
202209090215,0.0,0.0
202209090235,0.0,0.0
202209090355,0.0,0.0
202209090415,0.0,0.0
202209090435,0.0,0.0
202209090455,0.0,0.0
202209090515,0.0,0.0
202209090535,0.0,0.0
202209090555,0.0,0.0
202209090615,0.0,0.0
202209090635,0.0,0.0
202209090655,0.0,0.0
202209090715,0.0,0.0
202209090735,0.0,0.0
202209090755,0.0,0.0
202209090815,0.0,0.0
202209090835,0.0,0.0
202209090855,0.0,0.0
202209090915,0.0,0.0
202209090935,0.0,0.0
202209090955,0.0,0.0
202209091015,0.0,0.0
202209091035,0.0,0.0
202209091055,0.0,0.0
202209091115,0.0,0.0
202209091135,0.0,0.0
202209091155,0.0,0.0
202209091215,0.0,0.0
202209091315,0.0,0.0
202209091335,0.0,0.0
202209091355,0.0,0.0
202209091415,0.0,0.0
202209091435,100.0,2.6
202209091455,100.0,2.6
202209091515,130.0,1.5
202209091535,100.0,1.5
202209091555,130.0,2.1
202209091615,150.0,1.5
202209091655,0.0,0.0
202209091715,0.0,0.0
202209091735,0.0,0.0
202209091755,130.0,2.1
202209091815,0.0,0.0
202209091835,90.0,1.5
202209091855,170.0,1.5
202209091915,150.0,2.6
202209091935,150.0,1.5
202209091955,120.0,1.5
202209092015,150.0,2.6
202209092035,120.0,2.6
202209092055,150.0,2.1
202209092115,140.0,2.6
202209092135,140.0,2.1
202209092155,140.0,2.6
202209092215,120.0,2.1
202209092235,0.0,0.0
202209092255,0.0,0.0
202209092315,0.0,0.0
202209092335,0.0,0.0
202209092355,180.0,1.5
202209100015,0.0,0.0
202209100035,0.0,0.0
202209100055,0.0,0.0
202209100135,0.0,0.0
202209100155,0.0,0.0
202209100235,0.0,0.0
202209100255,0.0,0.0
202209100315,0.0,0.0
202209100335,0.0,0.0
202209100355,0.0,0.0
202209100415,0.0,0.0
202209100435,0.0,0.0
202209100455,0.0,0.0
202209100515,0.0,0.0
202209100535,0.0,0.0
202209100555,0.0,0.0
202209100615,0.0,0.0
202209100635,0.0,0.0
202209100655,0.0,0.0
202209100715,0.0,0.0
202209100735,160.0,1.5
202209100755,0.0,0.0
202209100815,0.0,0.0
202209100835,0.0,0.0
202209100855,0.0,0.0
202209100915,0.0,0.0
202209100935,0.0,0.0
202209100955,0.0,0.0
202209101015,0.0,0.0
202209101035,0.0,0.0
202209101055,0.0,0.0
202209101115,0.0,0.0
202209101135,0.0,0.0
202209101155,20.0,1.5
202209101215,20.0,2.1
202209101235,0.0,0.0
202209101255,20.0,1.5
202209101315,20.0,2.1
202209101335,20.0,2.1
202209101355,20.0,1.5
202209101415,0.0,0.0
202209101435,0.0,0.0
202209101455,0.0,0.0
202209101515,0.0,0.0
202209101535,20.0,1.5
202209101555,20.0,1.5
202209101615,0.0,0.0
202209101635,20.0,1.5
202209101655,0.0,0.0
202209101715,0.0,0.0
202209101735,20.0,1.5
202209101755,0.0,0.0
202209101815,0.0,0.0
202209101835,0.0,0.0
202209101855,0.0,0.0
202209101915,0.0,0.0
202209101935,0.0,0.0
202209101955,0.0,0.0
202209102015,0.0,0.0
202209102035,330.0,1.5
202209102055,0.0,0.0
202209102115,0.0,0.0
202209102135,0.0,0.0
202209102155,0.0,0.0
202209102215,0.0,0.0
202209102235,0.0,0.0
202209102315,0.0,0.0
202209102335,0.0,0.0
202209102355,0.0,0.0
202209110015,0.0,0.0
202209110035,0.0,0.0
202209110055,0.0,0.0
202209110115,0.0,0.0
202209110135,0.0,0.0
202209110155,0.0,0.0
202209110215,0.0,0.0
202209110235,0.0,0.0
202209110255,0.0,0.0
202209110315,0.0,0.0
202209110335,0.0,0.0
202209110355,0.0,0.0
202209110415,0.0,0.0
202209110435,0.0,0.0
202209110455,0.0,0.0
202209110515,0.0,0.0
202209110535,0.0,0.0
202209110555,0.0,0.0
202209110615,0.0,0.0
202209110635,0.0,0.0
202209110655,0.0,0.0
202209110715,0.0,0.0
202209110735,0.0,0.0
202209110755,0.0,0.0
202209110815,0.0,0.0
202209110835,0.0,0.0
202209110855,0.0,0.0
202209110915,0.0,0.0
202209110935,0.0,0.0
202209110955,0.0,0.0
202209111015,0.0,0.0
202209111035,0.0,0.0
202209111055,0.0,0.0
202209111115,0.0,0.0
202209111135,0.0,0.0
202209111155,0.0,0.0
202209111215,0.0,0.0
202209111235,0.0,0.0
202209111255,180.0,1.5
202209111315,0.0,0.0
202209111355,0.0,0.0
202209111415,0.0,0.0
202209111435,0.0,0.0
202209111455,0.0,0.0
202209111515,0.0,0.0
202209111535,0.0,0.0
202209111555,0.0,0.0
202209111615,0.0,0.0
202209111635,210.0,2.1
202209111655,210.0,2.6
202209111715,190.0,3.6
202209111755,220.0,3.1
202209111815,210.0,3.1
202209111835,190.0,2.6
202209111855,200.0,3.6
202209111915,210.0,3.6
202209111935,220.0,2.1
202209111955,190.0,2.6
202209112015,210.0,3.1
202209112035,210.0,2.6
202209112055,220.0,4.6
202209112115,180.0,2.6
202209112135,300.0,2.6
202209112155,0.0,0.0
202209112215,0.0,0.0
202209112235,0.0,0.0
202209112255,0.0,0.0
202209112315,0.0,0.0
202209112335,0.0,0.0
202209112355,0.0,0.0
202209120015,0.0,0.0
202209120035,0.0,0.0
202209120055,0.0,0.0
202209120115,0.0,0.0
202209120135,0.0,0.0
202209120155,0.0,0.0
202209120215,0.0,0.0
202209120235,0.0,0.0
202209120255,0.0,0.0
202209120315,0.0,0.0
202209120335,0.0,0.0
202209120355,0.0,0.0
202209120415,0.0,0.0
202209120435,0.0,0.0
202209120455,0.0,0.0
202209120515,0.0,0.0
202209120535,0.0,0.0
202209120555,0.0,0.0
202209120615,0.0,0.0
202209120635,0.0,0.0
202209120655,0.0,0.0
202209120715,0.0,0.0
202209120735,0.0,0.0
202209120755,0.0,0.0
202209120815,0.0,0.0
202209120855,0.0,0.0
202209120915,0.0,0.0
202209120935,0.0,0.0
202209120955,0.0,0.0
202209121015,0.0,0.0
202209121035,0.0,0.0
202209121055,0.0,0.0
202209121115,0.0,0.0
202209121135,0.0,0.0
202209121155,0.0,0.0
202209121215,0.0,0.0
202209121235,0.0,0.0
202209121255,0.0,0.0
202209121315,0.0,0.0
202209121335,,2.1
202209121355,,2.6
202209121415,320.0,2.6
202209121435,,2.6
202209121455,30.0,1.5
202209121515,20.0,2.6
202209121535,20.0,3.6
202209121615,330.0,1.5
202209121635,310.0,2.1
202209121655,60.0,2.6
202209121715,10.0,1.5
202209121735,350.0,1.5
202209121755,,2.6
202209121815,330.0,2.1
202209121835,10.0,2.1
202209121855,,1.5
202209121915,330.0,2.6
202209121935,330.0,2.6
202209121955,10.0,2.1
202209122015,330.0,2.6
202209122035,330.0,2.6
202209122055,350.0,2.1
202209122115,270.0,3.6
202209122135,310.0,2.1
202209122155,280.0,2.1
202209122215,330.0,1.5
202209122235,310.0,1.5
202209122315,320.0,2.1
202209122335,0.0,0.0
202209122355,0.0,0.0
202209130015,0.0,0.0
202209130035,0.0,0.0
202209130055,0.0,0.0
202209130115,0.0,0.0
202209130135,0.0,0.0
202209130155,0.0,0.0
202209130215,0.0,0.0
202209130235,0.0,0.0
202209130315,0.0,0.0
202209130335,0.0,0.0
202209130355,0.0,0.0
202209130415,0.0,0.0
202209130435,0.0,0.0
202209130455,0.0,0.0
202209130515,0.0,0.0
202209130535,0.0,0.0
202209130555,0.0,0.0
202209130615,0.0,0.0
202209130635,0.0,0.0
202209130715,0.0,0.0
202209130735,0.0,0.0
202209130755,0.0,0.0
202209130815,0.0,0.0
202209130835,0.0,0.0
202209130855,0.0,0.0
202209130935,0.0,0.0
202209130955,0.0,0.0
202209131015,0.0,0.0
202209131035,0.0,0.0
202209131115,0.0,0.0
202209131135,0.0,0.0
202209131215,0.0,0.0
202209131255,0.0,0.0
202209131315,0.0,0.0
202209131335,0.0,0.0
202209131355,0.0,0.0
202209131415,0.0,0.0
202209131435,0.0,0.0
202209131455,0.0,0.0
202209131515,0.0,0.0
202209131535,10.0,2.6
202209131555,350.0,3.1
202209131615,20.0,4.1
202209131635,350.0,3.6
202209131655,,2.1
202209131715,350.0,2.6
202209131735,,2.6
202209131755,30.0,2.1
202209131815,0.0,0.0
202209131835,0.0,0.0
202209131855,320.0,2.1
202209131915,310.0,2.6
202209131935,330.0,3.1
202209131955,340.0,3.1
202209132015,10.0,1.5
202209132035,270.0,2.6
202209132055,300.0,2.1
202209132115,320.0,1.5
202209132135,0.0,0.0
202209132155,340.0,2.1
202209132215,0.0,0.0
202209132235,290.0,1.5
202209132255,0.0,0.0
202209132315,0.0,0.0
202209132335,0.0,0.0
202209132355,0.0,0.0
202209140015,0.0,0.0
202209140035,0.0,0.0
202209140055,0.0,0.0
202209140115,0.0,0.0
202209140135,0.0,0.0
202209140155,0.0,0.0
202209140215,0.0,0.0
202209140235,0.0,0.0
202209140255,0.0,0.0
202209140315,0.0,0.0
202209140335,0.0,0.0
202209140355,0.0,0.0
202209140415,0.0,0.0
202209140435,0.0,0.0
202209140455,0.0,0.0
202209140515,0.0,0.0
202209140535,0.0,0.0
202209140555,0.0,0.0
202209140615,0.0,0.0
202209140635,0.0,0.0
202209140655,0.0,0.0
202209140715,0.0,0.0
202209140735,0.0,0.0
202209140755,0.0,0.0
202209140835,0.0,0.0
202209140855,0.0,0.0
202209140915,0.0,0.0
202209140935,0.0,0.0
202209140955,0.0,0.0
202209141015,0.0,0.0
202209141035,0.0,0.0
202209141055,0.0,0.0
202209141115,0.0,0.0
202209141135,0.0,0.0
202209141155,0.0,0.0
202209141215,0.0,0.0
202209141235,0.0,0.0
202209141315,0.0,0.0
202209141335,0.0,0.0
202209141355,80.0,1.5
202209141415,50.0,1.5
202209141435,60.0,1.5
202209141455,40.0,2.1
202209141515,,1.5
202209141555,20.0,2.1
202209141615,40.0,2.6
202209141635,30.0,2.6
202209141655,0.0,0.0
202209141735,40.0,1.5
202209141815,,3.6
202209141835,60.0,2.6
202209141855,20.0,2.6
202209141915,20.0,3.6
202209141935,30.0,1.5
202209141955,30.0,2.6
202209142015,40.0,2.6
202209142035,40.0,2.6
202209142055,40.0,2.6
202209142115,60.0,3.1
202209142135,60.0,4.1
202209142155,50.0,3.6
202209142215,40.0,2.6
202209142235,30.0,2.1
202209142255,40.0,2.6
202209142315,60.0,2.1
202209142335,0.0,0.0
202209142355,0.0,0.0
202209150015,0.0,0.0
202209150035,0.0,0.0
202209150055,0.0,0.0
202209150135,0.0,0.0
202209150155,0.0,0.0
202209150215,0.0,0.0
202209150235,0.0,0.0
202209150255,0.0,0.0
202209150315,0.0,0.0
202209150335,0.0,0.0
202209150355,0.0,0.0
202209150415,0.0,0.0
202209150435,0.0,0.0
202209150455,0.0,0.0
202209150515,0.0,0.0
202209150535,0.0,0.0
202209150555,0.0,0.0
202209150615,0.0,0.0
202209150635,0.0,0.0
202209150655,0.0,0.0
202209150715,0.0,0.0
202209150735,0.0,0.0
202209150755,0.0,0.0
202209150835,0.0,0.0
202209150855,0.0,0.0
202209150915,0.0,0.0
202209150935,40.0,1.5
202209150955,60.0,1.5
202209151015,0.0,0.0
202209151035,0.0,0.0
202209151055,0.0,0.0
202209151115,0.0,0.0
202209151135,0.0,0.0
202209151215,0.0,0.0
202209151235,0.0,0.0
202209151255,0.0,0.0
202209151315,0.0,0.0
202209151335,70.0,1.5
202209151355,0.0,0.0
202209151415,20.0,2.1
202209151435,0.0,0.0
202209151455,,1.5
202209151515,0.0,0.0
202209151535,0.0,0.0
202209151615,20.0,1.5
202209151635,340.0,1.5
202209151655,0.0,0.0
202209151715,60.0,1.5
202209151735,0.0,0.0
202209151755,70.0,1.5
202209151815,0.0,0.0
202209151835,0.0,0.0
202209151855,0.0,0.0
202209151915,0.0,0.0
202209151935,70.0,3.6
202209152015,30.0,1.5
202209152035,60.0,2.1
202209152055,0.0,0.0
202209152115,0.0,0.0
202209152135,10.0,1.5
202209152155,0.0,0.0
202209152215,0.0,0.0
202209152255,0.0,0.0
202209152315,0.0,0.0
202209152335,0.0,0.0
202209160015,0.0,0.0
202209160035,0.0,0.0
202209160055,0.0,0.0
202209160115,0.0,0.0
202209160135,0.0,0.0
202209160215,0.0,0.0
202209160235,0.0,0.0
202209160255,0.0,0.0
202209160315,0.0,0.0
202209160335,0.0,0.0
202209160355,0.0,0.0
202209160415,0.0,0.0
202209160435,0.0,0.0
202209160535,0.0,0.0
202209160555,0.0,0.0
202209160615,0.0,0.0
202209160635,0.0,0.0
202209160655,0.0,0.0
202209160715,0.0,0.0
202209160735,0.0,0.0
202209160755,0.0,0.0
202209160815,0.0,0.0
202209160835,0.0,0.0
202209160855,0.0,0.0
202209160915,0.0,0.0
202209160935,0.0,0.0
202209160955,0.0,0.0
202209161015,0.0,0.0
202209161035,0.0,0.0
202209161055,0.0,0.0
202209161115,0.0,0.0
202209161135,0.0,0.0
202209161155,0.0,0.0
202209161215,0.0,0.0
202209161235,0.0,0.0
202209161255,0.0,0.0
202209161315,0.0,0.0
202209161335,0.0,0.0
202209161355,0.0,0.0
202209161415,0.0,0.0
202209161435,0.0,0.0
202209161455,0.0,0.0
202209161515,0.0,0.0
202209161535,0.0,0.0
202209161555,0.0,0.0
202209161615,0.0,0.0
202209161635,0.0,0.0
202209161655,0.0,0.0
202209161715,0.0,0.0
202209161735,0.0,0.0
202209161755,0.0,0.0
202209161815,0.0,0.0
202209161835,0.0,0.0
202209161855,0.0,0.0
202209161915,0.0,0.0
202209161935,0.0,0.0
202209161955,80.0,1.5
202209162015,60.0,1.5
202209162035,0.0,0.0
202209162055,0.0,0.0
202209162115,0.0,0.0
202209162135,0.0,0.0
202209162155,0.0,0.0
202209162215,0.0,0.0
202209162235,0.0,0.0
202209162255,0.0,0.0
202209162315,0.0,0.0
202209162335,0.0,0.0
202209162355,0.0,0.0
202209170015,0.0,0.0
202209170035,0.0,0.0
202209170055,0.0,0.0
202209170115,0.0,0.0
202209170135,0.0,0.0
202209170155,0.0,0.0
202209170215,0.0,0.0
202209170235,0.0,0.0
202209170255,0.0,0.0
202209170315,0.0,0.0
202209170335,0.0,0.0
202209170355,0.0,0.0
202209170415,0.0,0.0
202209170435,0.0,0.0
202209170455,0.0,0.0
202209170515,0.0,0.0
202209170535,0.0,0.0
202209170555,0.0,0.0
202209170615,0.0,0.0
202209170655,0.0,0.0
202209170715,0.0,0.0
202209170735,0.0,0.0
202209170755,0.0,0.0
202209170815,0.0,0.0
202209170835,0.0,0.0
202209170855,0.0,0.0
202209170935,0.0,0.0
202209170955,0.0,0.0
202209171015,0.0,0.0
202209171055,0.0,0.0
202209171115,0.0,0.0
202209171135,0.0,0.0
202209171155,0.0,0.0
202209171215,0.0,0.0
202209171235,0.0,0.0
202209171255,50.0,1.5
202209171315,0.0,0.0
202209171335,0.0,0.0
202209171355,20.0,1.5
202209171415,0.0,0.0
202209171435,0.0,0.0
202209171455,0.0,0.0
202209171515,0.0,0.0
202209171535,0.0,0.0
202209171555,150.0,1.5
202209171615,230.0,1.5
202209171635,130.0,1.5
202209171655,0.0,0.0
202209171735,0.0,0.0
202209171755,130.0,2.1
202209171815,170.0,1.5
202209171835,0.0,0.0
202209171855,60.0,1.5
202209171915,220.0,2.1
202209171935,230.0,2.6
202209171955,0.0,0.0
202209172035,0.0,0.0
202209172055,0.0,0.0
202209172115,0.0,0.0
202209172135,0.0,0.0
202209172155,0.0,0.0
202209172215,0.0,0.0
202209172235,0.0,0.0
202209172255,0.0,0.0
202209172315,0.0,0.0
202209172335,0.0,0.0
202209180015,0.0,0.0
202209180035,0.0,0.0
202209180055,0.0,0.0
202209180115,0.0,0.0
202209180135,0.0,0.0
202209180155,0.0,0.0
202209180215,0.0,0.0
202209180255,0.0,0.0
202209180315,0.0,0.0
202209180335,0.0,0.0
202209180355,0.0,0.0
202209180435,0.0,0.0
202209180455,0.0,0.0
202209180535,0.0,0.0
202209180555,0.0,0.0
202209180615,0.0,0.0
202209180635,0.0,0.0
202209180655,0.0,0.0
202209180715,0.0,0.0
202209180735,0.0,0.0
202209180755,0.0,0.0
202209180815,0.0,0.0
202209180835,0.0,0.0
202209180855,0.0,0.0
202209180915,0.0,0.0
202209180935,0.0,0.0
202209180955,0.0,0.0
202209181015,0.0,0.0
202209181035,0.0,0.0
202209181055,0.0,0.0
202209181115,0.0,0.0
202209181135,0.0,0.0
202209181155,0.0,0.0
202209181215,0.0,0.0
202209181235,0.0,0.0
202209181255,0.0,0.0
202209181315,0.0,0.0
202209181335,0.0,0.0
202209181355,20.0,1.5
202209181415,70.0,1.5
202209181435,0.0,0.0
202209181455,0.0,0.0
202209181515,0.0,0.0
202209181535,0.0,0.0
202209181555,0.0,0.0
202209181615,0.0,0.0
202209181635,230.0,1.5
202209181655,0.0,0.0
202209181715,0.0,0.0
202209181735,0.0,0.0
202209181755,0.0,0.0
202209181815,0.0,0.0
202209181835,0.0,0.0
202209181855,0.0,0.0
202209181915,160.0,1.5
202209181935,60.0,1.5
202209181955,0.0,0.0
202209182015,0.0,0.0
202209182035,0.0,0.0
202209182055,0.0,0.0
202209182115,0.0,0.0
202209182135,90.0,1.5
202209182155,0.0,0.0
202209182215,0.0,0.0
202209182235,0.0,0.0
202209182255,0.0,0.0
202209182315,0.0,0.0
202209182335,0.0,0.0
202209182355,0.0,0.0
202209190015,0.0,0.0
202209190035,0.0,0.0
202209190055,0.0,0.0
202209190115,0.0,0.0
202209190135,0.0,0.0
202209190155,0.0,0.0
202209190215,0.0,0.0
202209190255,0.0,0.0
202209190335,0.0,0.0
202209190355,0.0,0.0
202209190415,0.0,0.0
202209190435,0.0,0.0
202209190455,0.0,0.0
202209190515,0.0,0.0
202209190535,0.0,0.0
202209190555,0.0,0.0
202209190615,0.0,0.0
202209190635,0.0,0.0
202209190655,0.0,0.0
202209190715,0.0,0.0
202209190735,0.0,0.0
202209190755,0.0,0.0
202209190815,0.0,0.0
202209190835,0.0,0.0
202209190915,0.0,0.0
202209190935,0.0,0.0
202209190955,0.0,0.0
202209191015,0.0,0.0
202209191035,0.0,0.0
202209191055,0.0,0.0
202209191115,0.0,0.0
202209191155,0.0,0.0
202209191215,0.0,0.0
202209191235,0.0,0.0
202209191255,0.0,0.0
202209191315,0.0,0.0
202209191335,80.0,1.5
202209191355,30.0,2.1
202209191415,10.0,1.5
202209191435,50.0,1.5
202209191455,0.0,0.0
202209191515,0.0,0.0
202209191535,0.0,0.0
202209191555,0.0,0.0
202209191615,0.0,0.0
202209191635,70.0,1.5
202209191655,340.0,1.5
202209191715,0.0,0.0
202209191735,20.0,2.1
202209191755,10.0,2.6
202209191815,20.0,2.6
202209191835,0.0,0.0
202209191855,,2.6
202209191915,0.0,0.0
202209191935,80.0,1.5
202209191955,80.0,1.5
202209192035,0.0,0.0
202209192055,0.0,0.0
202209192115,0.0,0.0
202209192135,0.0,0.0
202209192155,220.0,1.5
202209192235,0.0,0.0
202209192315,0.0,0.0
202209192335,0.0,0.0
202209192355,0.0,0.0
202209200015,0.0,0.0
202209200035,0.0,0.0
202209200055,0.0,0.0
202209200115,0.0,0.0
202209200135,0.0,0.0
202209200155,0.0,0.0
202209200215,0.0,0.0
202209200235,0.0,0.0
202209200255,0.0,0.0
202209200315,0.0,0.0
202209200335,0.0,0.0
202209200355,0.0,0.0
202209200415,0.0,0.0
202209200435,0.0,0.0
202209200455,0.0,0.0
202209200515,0.0,0.0
202209200535,0.0,0.0
202209200555,0.0,0.0
202209200635,0.0,0.0
202209200655,0.0,0.0
202209200715,0.0,0.0
202209200735,0.0,0.0
202209200755,0.0,0.0
202209200815,0.0,0.0
202209200835,0.0,0.0
202209200855,0.0,0.0
202209200915,0.0,0.0
202209200935,0.0,0.0
202209200955,0.0,0.0
202209201015,0.0,0.0
202209201035,0.0,0.0
202209201055,0.0,0.0
202209201115,0.0,0.0
202209201135,0.0,0.0
202209201155,0.0,0.0
202209201215,0.0,0.0
202209201255,0.0,0.0
202209201315,0.0,0.0
202209201335,0.0,0.0
202209201355,0.0,0.0
202209201415,0.0,0.0
202209201435,0.0,0.0
202209201455,0.0,0.0
202209201515,0.0,0.0
202209201535,0.0,0.0
202209201555,0.0,0.0
202209201615,20.0,3.1
202209201635,80.0,1.5
202209201655,50.0,1.5
202209201715,0.0,0.0
202209201735,30.0,1.5
202209201755,60.0,2.1
202209201815,20.0,2.1
202209201835,80.0,1.5
202209201855,,1.5
202209201915,40.0,3.1
202209201935,60.0,2.1
202209201955,60.0,2.6
202209202015,0.0,0.0
202209202035,40.0,3.1
202209202055,30.0,2.6
202209202115,70.0,2.1
202209202135,60.0,2.6
202209202155,30.0,2.1
202209202215,0.0,0.0
202209202235,0.0,0.0
202209202255,0.0,0.0
202209202315,0.0,0.0
202209202335,0.0,0.0
202209202355,0.0,0.0
202209210015,0.0,0.0
202209210035,0.0,0.0
202209210055,0.0,0.0
202209210115,0.0,0.0
202209210135,0.0,0.0
202209210215,0.0,0.0
202209210235,0.0,0.0
202209210255,0.0,0.0
202209210315,0.0,0.0
202209210335,0.0,0.0
202209210355,0.0,0.0
202209210415,0.0,0.0
202209210435,0.0,0.0
202209210455,0.0,0.0
202209210515,0.0,0.0
202209210535,0.0,0.0
202209210555,0.0,0.0
202209210615,0.0,0.0
202209210635,0.0,0.0
202209210655,0.0,0.0
202209210715,0.0,0.0
202209210735,0.0,0.0
202209210755,0.0,0.0
202209210815,0.0,0.0
202209210835,0.0,0.0
202209210855,0.0,0.0
202209210915,0.0,0.0
202209210935,0.0,0.0
202209210955,0.0,0.0
202209211015,0.0,0.0
202209211035,0.0,0.0
202209211055,0.0,0.0
202209211115,0.0,0.0
202209211135,0.0,0.0
202209211155,0.0,0.0
202209211235,0.0,0.0
202209211255,0.0,0.0
202209211315,0.0,0.0
202209211335,70.0,1.5
202209211355,70.0,2.1
202209211415,0.0,0.0
202209211435,20.0,2.1
202209211455,70.0,2.6
202209211515,0.0,0.0
202209211535,0.0,0.0
202209211555,60.0,1.5
202209211615,0.0,0.0
202209211635,0.0,0.0
202209211715,0.0,0.0
202209211735,70.0,1.5
202209211755,70.0,1.5
202209211815,60.0,1.5
202209211835,0.0,0.0
202209211855,90.0,1.5
202209211915,60.0,2.6
202209211935,0.0,0.0
202209211955,90.0,1.5
202209212015,0.0,0.0
202209212035,60.0,1.5
202209212055,70.0,1.5
202209212115,80.0,2.1
202209212135,70.0,2.1
202209212155,0.0,0.0
202209212215,0.0,0.0
202209212235,0.0,0.0
202209212315,0.0,0.0
202209212335,0.0,0.0
202209212355,0.0,0.0
202209220015,0.0,0.0
202209220035,0.0,0.0
202209220055,0.0,0.0
202209220115,0.0,0.0
202209220135,0.0,0.0
202209220155,0.0,0.0
202209220215,0.0,0.0
202209220235,0.0,0.0
202209220255,0.0,0.0
202209220315,0.0,0.0
202209220335,0.0,0.0
202209220355,0.0,0.0
202209220415,0.0,0.0
202209220435,0.0,0.0
202209220455,0.0,0.0
202209220515,0.0,0.0
202209220535,0.0,0.0
202209220555,0.0,0.0
202209220615,0.0,0.0
202209220635,0.0,0.0
202209220655,0.0,0.0
202209220715,0.0,0.0
202209220755,0.0,0.0
202209220815,0.0,0.0
202209220835,0.0,0.0
202209220855,0.0,0.0
202209220915,0.0,0.0
202209220935,0.0,0.0
202209221015,0.0,0.0
202209221035,0.0,0.0
202209221055,0.0,0.0
202209221115,0.0,0.0
202209221135,0.0,0.0
202209221155,0.0,0.0
202209221215,0.0,0.0
202209221235,0.0,0.0
202209221255,0.0,0.0
202209221315,0.0,0.0
202209221335,0.0,0.0
202209221355,0.0,0.0
202209221415,0.0,0.0
202209221455,0.0,0.0
202209221515,0.0,0.0
202209221535,310.0,2.1
202209221555,340.0,3.6
202209221615,30.0,3.1
202209221635,40.0,4.1
202209221655,20.0,4.1
202209221715,20.0,4.1
202209221735,20.0,4.1
202209221755,10.0,3.6
202209221815,30.0,4.6
202209221835,10.0,4.6
202209221855,10.0,3.1
202209221915,350.0,3.6
202209221935,,5.7
202209221955,,3.6
202209222015,30.0,5.1
202209222035,10.0,4.1
202209222115,10.0,3.1
202209222135,10.0,4.6
202209222155,20.0,4.1
202209222215,,4.1
202209222235,20.0,2.6
202209222255,10.0,4.6
202209222315,10.0,4.1
202209222335,10.0,3.1
202209222355,10.0,3.6
202209230015,10.0,3.1
202209230035,10.0,4.6
202209230055,10.0,4.1
202209230115,10.0,4.1
202209230135,20.0,2.1
202209230155,10.0,4.6
202209230215,20.0,4.6
202209230235,20.0,3.6
202209230255,20.0,4.1
202209230315,20.0,3.1
202209230335,20.0,3.6
202209230355,10.0,2.6
202209230415,30.0,2.1
202209230435,50.0,2.1
202209230455,40.0,2.1
202209230515,20.0,3.6
202209230535,30.0,2.6
202209230555,30.0,1.5
202209230615,0.0,0.0
202209230635,0.0,0.0
202209230655,0.0,0.0
202209230715,0.0,0.0
202209230735,50.0,1.5
202209230755,0.0,0.0
202209230815,30.0,1.5
202209230835,40.0,1.5
202209230855,20.0,3.1
202209230915,20.0,3.6
202209230955,30.0,2.1
202209231015,30.0,2.6
202209231035,30.0,2.1
202209231055,20.0,2.1
202209231115,10.0,1.5
202209231135,20.0,1.5
202209231155,0.0,0.0
202209231215,20.0,1.5
202209231235,20.0,2.6
202209231255,20.0,4.1
202209231315,40.0,3.1
202209231335,20.0,4.1
202209231435,40.0,3.6
202209231455,30.0,3.6
202209231515,60.0,3.6
202209231535,20.0,3.6
202209231555,330.0,3.1
202209231615,10.0,2.1
202209231635,70.0,1.5
202209231655,70.0,1.5
202209231715,50.0,2.1
202209231735,0.0,0.0
202209231755,30.0,2.6
202209231815,20.0,2.1
202209231835,30.0,2.6
202209231855,30.0,2.1
202209231915,0.0,0.0
202209231935,50.0,2.6
202209231955,40.0,1.5
202209232015,10.0,2.6
202209232035,70.0,1.5
202209232055,0.0,0.0
202209232115,0.0,0.0
202209232135,70.0,2.6
202209232155,50.0,2.1
202209232215,60.0,1.5
202209232235,0.0,0.0
202209232255,0.0,0.0
202209232315,0.0,0.0
202209232335,0.0,0.0
202209232355,0.0,0.0
202209240015,0.0,0.0
202209240035,0.0,0.0
202209240055,0.0,0.0
202209240115,0.0,0.0
202209240135,0.0,0.0
202209240155,0.0,0.0
202209240215,0.0,0.0
202209240235,0.0,0.0
202209240255,0.0,0.0
202209240315,0.0,0.0
202209240335,0.0,0.0
202209240355,0.0,0.0
202209240415,0.0,0.0
202209240435,0.0,0.0
202209240455,0.0,0.0
202209240515,0.0,0.0
202209240535,0.0,0.0
202209240555,0.0,0.0
202209240615,0.0,0.0
202209240635,0.0,0.0
202209240655,0.0,0.0
202209240715,0.0,0.0
202209240735,0.0,0.0
202209240755,0.0,0.0
202209240835,0.0,0.0
202209240855,0.0,0.0
202209240915,0.0,0.0
202209240935,0.0,0.0
202209240955,0.0,0.0
202209241015,0.0,0.0
202209241035,0.0,0.0
202209241055,0.0,0.0
202209241115,0.0,0.0
202209241135,0.0,0.0
202209241155,0.0,0.0
202209241215,0.0,0.0
202209241235,0.0,0.0
202209241255,0.0,0.0
202209241315,220.0,1.5
202209241335,220.0,2.1
202209241355,220.0,1.5
202209241415,220.0,1.5
202209241435,230.0,2.1
202209241455,0.0,0.0
202209241515,230.0,1.5
202209241535,0.0,0.0
202209241555,0.0,0.0
202209241615,0.0,0.0
202209241635,0.0,0.0
202209241655,0.0,0.0
202209241755,160.0,1.5
202209241815,250.0,3.6
202209241835,170.0,1.5
202209241855,190.0,2.1
202209241935,190.0,3.6
202209241955,170.0,1.5
202209242015,170.0,2.6
202209242035,200.0,2.6
202209242055,200.0,2.1
202209242115,220.0,2.6
202209242135,0.0,0.0
202209242155,230.0,3.1
202209242215,210.0,1.5
202209242235,210.0,1.5
202209242255,0.0,0.0
202209242315,0.0,0.0
202209242335,0.0,0.0
202209242355,0.0,0.0
202209250015,0.0,0.0
202209250035,0.0,0.0
202209250055,0.0,0.0
202209250115,0.0,0.0
202209250135,0.0,0.0
202209250155,0.0,0.0
202209250215,0.0,0.0
202209250235,0.0,0.0
202209250255,230.0,1.5
202209250315,0.0,0.0
202209250335,0.0,0.0
202209250355,250.0,1.5
202209250415,0.0,0.0
202209250435,0.0,0.0
202209250455,0.0,0.0
202209250515,0.0,0.0
202209250535,0.0,0.0
202209250555,0.0,0.0
202209250615,0.0,0.0
202209250635,0.0,0.0
202209250655,0.0,0.0
202209250715,0.0,0.0
202209250735,0.0,0.0
202209250755,260.0,3.1
202209250815,0.0,0.0
202209250835,220.0,3.1
202209250915,180.0,2.1
202209250935,210.0,2.1
202209250955,230.0,1.5
202209251015,0.0,0.0
202209251035,0.0,0.0
202209251055,0.0,0.0
202209251115,0.0,0.0
202209251135,0.0,0.0
202209251155,0.0,0.0
202209251215,0.0,0.0
202209251235,0.0,0.0
202209251255,0.0,0.0
202209251315,0.0,0.0
202209251335,0.0,0.0
202209251355,0.0,0.0
202209251415,0.0,0.0
202209251435,0.0,0.0
202209251455,0.0,0.0
202209251515,0.0,0.0
202209251535,0.0,0.0
202209251555,0.0,0.0
202209251615,0.0,0.0
202209251635,210.0,2.6
202209251655,0.0,0.0
202209251715,270.0,2.1
202209251735,250.0,2.6
202209251755,0.0,0.0
202209251815,170.0,1.5
202209251835,250.0,4.1
202209251855,280.0,4.1
202209251915,180.0,1.5
202209251935,220.0,1.5
202209252015,190.0,3.1
202209252035,0.0,0.0
202209252055,0.0,0.0
202209252115,0.0,0.0
202209252135,0.0,0.0
202209252155,0.0,0.0
202209252215,170.0,1.5
202209252235,230.0,1.5
202209252255,0.0,0.0
202209252315,0.0,0.0
202209252335,0.0,0.0
202209252355,0.0,0.0
202209260015,0.0,0.0
202209260035,0.0,0.0
202209260055,0.0,0.0
202209260115,0.0,0.0
202209260135,0.0,0.0
202209260155,0.0,0.0
202209260215,240.0,1.5
202209260235,250.0,3.1
202209260255,0.0,0.0
202209260315,0.0,0.0
202209260335,0.0,0.0
202209260355,0.0,0.0
202209260415,0.0,0.0
202209260435,0.0,0.0
202209260455,0.0,0.0
202209260515,0.0,0.0
202209260535,0.0,0.0
202209260555,0.0,0.0
202209260615,0.0,0.0
202209260635,50.0,1.5
202209260655,60.0,1.5
202209260715,60.0,1.5
202209260735,0.0,0.0
202209260755,0.0,0.0
202209260815,0.0,0.0
202209260835,0.0,0.0
202209260855,0.0,0.0
202209260915,0.0,0.0
202209260935,0.0,0.0
202209260955,0.0,0.0
202209261015,0.0,0.0
202209261055,0.0,0.0
202209261115,0.0,0.0
202209261135,0.0,0.0
202209261155,0.0,0.0
202209261215,0.0,0.0
202209261235,0.0,0.0
202209261255,0.0,0.0
202209261315,0.0,0.0
202209261335,0.0,0.0
202209261355,0.0,0.0
202209261415,0.0,0.0
202209261435,0.0,0.0
202209261455,0.0,0.0
202209261515,0.0,0.0
202209261535,310.0,2.6
202209261555,,3.1
202209261615,350.0,3.1
202209261635,330.0,4.1
202209261655,330.0,2.6
202209261715,310.0,5.7
202209261735,310.0,3.1
202209261755,310.0,3.6
202209261815,330.0,4.6
202209261835,280.0,4.1
202209261855,260.0,5.7
202209261915,320.0,4.1
202209261935,320.0,3.1
202209261955,350.0,4.6
202209262015,340.0,3.6
202209262035,320.0,3.1
202209262055,300.0,2.6
202209262115,290.0,2.6
202209262135,10.0,2.6
202209262155,340.0,1.5
202209262215,340.0,2.6
202209262235,330.0,2.1
202209262255,340.0,2.6
202209262315,0.0,0.0
202209262355,0.0,0.0
202209270015,0.0,0.0
202209270035,0.0,0.0
202209270055,0.0,0.0
202209270115,0.0,0.0
202209270155,0.0,0.0
202209270215,0.0,0.0
202209270235,0.0,0.0
202209270255,0.0,0.0
202209270315,0.0,0.0
202209270335,0.0,0.0
202209270355,0.0,0.0
202209270415,0.0,0.0
202209270435,0.0,0.0
202209270455,0.0,0.0
202209270515,0.0,0.0
202209270535,0.0,0.0
202209270555,0.0,0.0
202209270615,0.0,0.0
202209270635,0.0,0.0
202209270655,0.0,0.0
202209270715,0.0,0.0
202209270735,0.0,0.0
202209270755,0.0,0.0
202209270815,0.0,0.0
202209270855,0.0,0.0
202209270935,0.0,0.0
202209271015,0.0,0.0
202209271035,0.0,0.0
202209271115,0.0,0.0
202209271135,0.0,0.0
202209271155,0.0,0.0
202209271215,0.0,0.0
202209271235,0.0,0.0
202209271255,0.0,0.0
202209271315,0.0,0.0
202209271335,0.0,0.0
202209271355,0.0,0.0
202209271415,0.0,0.0
202209271435,0.0,0.0
202209271455,0.0,0.0
202209271515,60.0,3.1
202209271535,90.0,2.1
202209271555,50.0,3.6
202209271615,30.0,2.6
202209271635,20.0,5.7
202209271655,20.0,3.6
202209271715,350.0,4.1
202209271735,10.0,4.1
202209271755,340.0,7.2
202209271815,20.0,5.7
202209271835,10.0,4.1
202209271855,10.0,4.1
202209271915,20.0,4.6
202209271935,20.0,4.6
202209271955,10.0,4.6
202209272015,350.0,6.2
202209272035,40.0,3.6
202209272055,,4.1
202209272115,340.0,3.6
202209272135,340.0,4.1
202209272155,20.0,4.6
202209272235,20.0,3.1
202209272255,10.0,3.1
202209272315,0.0,0.0
202209272335,0.0,0.0
202209272355,0.0,0.0
202209280015,0.0,0.0
202209280035,0.0,0.0
202209280055,0.0,0.0
202209280115,0.0,0.0
202209280135,0.0,0.0
202209280215,0.0,0.0
202209280235,0.0,0.0
202209280255,0.0,0.0
202209280315,0.0,0.0
202209280335,0.0,0.0
202209280355,0.0,0.0
202209280415,0.0,0.0
202209280435,0.0,0.0
202209280455,0.0,0.0
202209280515,0.0,0.0
202209280535,0.0,0.0
202209280555,0.0,0.0
202209280615,0.0,0.0
202209280635,0.0,0.0
202209280655,0.0,0.0
202209280715,0.0,0.0
202209280735,0.0,0.0
202209280755,0.0,0.0
202209280815,0.0,0.0
202209280835,0.0,0.0
202209280915,0.0,0.0
202209280935,0.0,0.0
202209280955,0.0,0.0
202209281015,0.0,0.0
202209281035,0.0,0.0
202209281115,0.0,0.0
202209281135,0.0,0.0
202209281215,0.0,0.0
202209281235,0.0,0.0
202209281255,0.0,0.0
202209281315,0.0,0.0
202209281335,0.0,0.0
202209281355,50.0,1.5
202209281415,50.0,3.1
202209281435,10.0,4.1
202209281455,20.0,4.6
202209281515,10.0,4.6
202209281535,50.0,4.1
202209281555,60.0,4.1
202209281615,40.0,5.1
202209281635,40.0,4.1
202209281655,20.0,4.6
202209281715,20.0,4.1
202209281735,50.0,4.6
202209281755,60.0,4.6
202209281815,20.0,5.7
202209281835,60.0,4.6
202209281855,20.0,6.7
202209281915,40.0,4.6
202209281935,20.0,5.1
202209281955,40.0,4.6
202209282015,20.0,4.1
202209282035,30.0,3.6
202209282055,30.0,5.7
202209282115,30.0,5.1
202209282135,20.0,6.2
202209282155,30.0,4.6
202209282215,10.0,6.2
202209282235,40.0,2.6
202209282255,30.0,3.1
202209282315,30.0,2.6
202209282335,40.0,3.1
202209282355,40.0,2.6
202209290015,40.0,2.6
202209290035,30.0,3.1
202209290055,40.0,3.6
202209290135,40.0,4.1
202209290155,40.0,3.6
202209290215,20.0,4.1
202209290235,30.0,3.6
202209290255,20.0,3.6
202209290315,30.0,4.1
202209290335,20.0,4.1
202209290355,20.0,3.6
202209290415,30.0,3.1
202209290435,30.0,3.6
202209290455,40.0,3.1
202209290515,30.0,2.6
202209290535,30.0,4.1
202209290555,20.0,3.1
202209290615,30.0,3.6
202209290655,30.0,3.6
202209290715,20.0,2.6
202209290735,30.0,2.1
202209290755,30.0,2.1
202209290815,20.0,3.1
202209290835,30.0,3.1
202209290855,20.0,2.6
202209290915,20.0,2.1
202209290935,0.0,0.0
202209290955,0.0,0.0
202209291015,0.0,0.0
202209291035,0.0,0.0
202209291055,30.0,1.5
202209291115,0.0,0.0
202209291155,0.0,0.0
202209291215,20.0,2.6
202209291235,20.0,2.1
202209291315,30.0,4.6
202209291335,20.0,5.1
202209291355,40.0,5.1
202209291415,30.0,4.6
202209291435,50.0,5.1
202209291455,30.0,5.7
202209291515,20.0,2.1
202209291535,40.0,3.1
202209291555,40.0,5.7
202209291615,20.0,3.6
202209291635,50.0,3.6
202209291655,20.0,5.1
202209291715,30.0,4.1
202209291755,50.0,4.6
202209291815,20.0,5.7
202209291835,20.0,6.2
202209291855,30.0,3.6
202209291915,50.0,4.6
202209291935,40.0,5.1
202209291955,30.0,5.1
202209292015,40.0,5.1
202209292035,20.0,5.7
202209292055,20.0,4.6
202209292115,30.0,3.1
202209292135,50.0,3.1
202209292155,30.0,4.6
202209292215,50.0,3.6
202209292235,40.0,2.1
202209292315,30.0,1.5
202209292335,0.0,0.0
202209292355,0.0,0.0
202209300015,0.0,0.0
202209300035,0.0,0.0
202209300055,0.0,0.0
202209300115,0.0,0.0
202209300135,0.0,0.0
202209300155,0.0,0.0
202209300215,0.0,0.0
202209300235,0.0,0.0
202209300255,0.0,0.0
202209300315,0.0,0.0
202209300335,0.0,0.0
202209300355,0.0,0.0
202209300415,0.0,0.0
202209300435,0.0,0.0
202209300455,0.0,0.0
202209300515,0.0,0.0
202209300535,0.0,0.0
202209300555,0.0,0.0
202209300615,0.0,0.0
202209300715,0.0,0.0
202209300735,0.0,0.0
202209300755,0.0,0.0
202209300835,0.0,0.0
202209300855,0.0,0.0
202209300915,0.0,0.0
202209300935,0.0,0.0
202209300955,0.0,0.0
202209301015,0.0,0.0
202209301035,0.0,0.0
202209301055,0.0,0.0
202209301115,0.0,0.0
202209301135,30.0,1.5
202209301155,20.0,2.6
202209301215,20.0,3.6
202209301235,20.0,4.6
202209301255,30.0,4.1
202209301315,30.0,4.6
202209301335,40.0,4.6
202209301355,30.0,4.6
202209301415,20.0,6.7
202209301435,10.0,5.1
202209301455,20.0,5.1
202209301515,20.0,3.6
202209301535,20.0,5.1
202209301555,30.0,3.1
202209301615,30.0,3.1
202209301635,20.0,5.1
202209301655,10.0,3.6
202209301715,40.0,3.1
202209301735,10.0,4.1
202209301755,,4.6
202209301835,20.0,4.1
202209301855,20.0,3.6
202209301915,10.0,5.7
202209301935,10.0,4.1
202209301955,40.0,3.6
202209302015,30.0,4.1
202209302035,20.0,5.1
202209302055,30.0,7.2
202209302115,20.0,6.2
202209302135,30.0,3.1
202209302155,40.0,2.1
202209302235,20.0,6.2
202209302255,20.0,3.1
202209302315,20.0,2.6
202209302335,0.0,0.0
202209302355,10.0,2.1
202210010015,30.0,1.5
202210010035,,2.1
202210010115,20.0,2.6
202210010135,30.0,2.1
202210010155,20.0,2.6
202210010215,30.0,2.1
202210010235,20.0,2.6
202210010255,10.0,2.6
202210010315,20.0,3.6
202210010335,20.0,2.6
202210010355,20.0,3.1
202210010415,30.0,3.1
202210010435,30.0,2.6
202210010455,30.0,1.5
202210010515,20.0,1.5
202210010535,30.0,2.6
202210010555,20.0,3.6
202210010615,30.0,2.6
202210010635,20.0,2.6
202210010655,30.0,1.5
202210010715,20.0,2.1
202210010735,30.0,1.5
202210010755,60.0,1.5
202210010815,60.0,1.5
202210010835,0.0,0.0
202210010855,0.0,0.0
202210010915,50.0,1.5
202210010935,70.0,1.5
202210010955,0.0,0.0
202210011015,50.0,1.5
202210011035,50.0,2.1
202210011055,50.0,2.1
202210011115,60.0,2.1
202210011135,60.0,1.5
202210011215,60.0,1.5
202210011235,0.0,0.0
202210011315,50.0,1.5
202210011335,,2.1
202210011355,350.0,3.6
202210011415,10.0,4.1
202210011455,10.0,3.1
202210011515,350.0,4.6
202210011535,350.0,4.6
202210011555,10.0,2.6
202210011615,20.0,4.6
202210011635,10.0,3.6
202210011655,330.0,4.1
202210011735,,3.6
202210011755,20.0,4.1
202210011815,340.0,4.6
202210011835,10.0,5.1
202210011855,350.0,4.6
202210011915,350.0,4.1
202210011955,10.0,5.7
202210012015,10.0,4.6
202210012035,10.0,5.7
202210012055,,3.6
202210012115,10.0,5.1
202210012135,20.0,4.6
202210012215,40.0,2.6
202210012235,50.0,2.1
202210012255,20.0,3.1
202210012315,,3.6
202210012335,10.0,2.1
202210012355,,1.5
202210020015,10.0,1.5
202210020035,60.0,2.1
202210020055,50.0,2.6
202210020115,60.0,2.6
202210020135,30.0,2.1
202210020155,30.0,2.6
202210020215,20.0,2.1
202210020235,10.0,1.5
202210020255,20.0,1.5
202210020315,30.0,2.6
202210020335,0.0,0.0
202210020355,0.0,0.0
202210020435,0.0,0.0
202210020455,50.0,1.5
202210020515,0.0,0.0
202210020535,50.0,1.5
202210020555,0.0,0.0
202210020615,0.0,0.0
202210020635,0.0,0.0
202210020655,0.0,0.0
202210020715,0.0,0.0
202210020735,0.0,0.0
202210020755,0.0,0.0
202210020815,0.0,0.0
202210020835,0.0,0.0
202210020855,0.0,0.0
202210020915,0.0,0.0
202210020935,0.0,0.0
202210020955,0.0,0.0
202210021015,0.0,0.0
202210021035,0.0,0.0
202210021055,0.0,0.0
202210021115,0.0,0.0
202210021135,50.0,1.5
202210021155,50.0,2.1
202210021215,40.0,2.1
202210021255,20.0,4.1
202210021315,20.0,5.1
202210021335,20.0,4.6
202210021355,20.0,5.1
202210021415,30.0,3.6
202210021435,30.0,5.1
202210021535,20.0,7.7
202210021555,20.0,5.1
202210021615,20.0,6.7
202210021635,40.0,7.7
202210021655,30.0,5.1
202210021715,10.0,5.7
202210021735,20.0,5.1
202210021755,30.0,4.6
202210021815,30.0,5.7
202210021835,40.0,4.6
202210021855,20.0,7.2
202210021915,60.0,4.1
202210021935,60.0,4.6
202210021955,40.0,5.1
202210022015,50.0,6.2
202210022035,40.0,5.1
202210022055,50.0,6.2
202210022115,50.0,5.1
202210022135,30.0,5.7
202210022155,30.0,4.1
202210022215,30.0,5.7
202210022235,50.0,5.1
202210022255,30.0,5.7
202210022315,30.0,5.1
202210022335,40.0,4.6
202210022355,40.0,3.6
202210030015,40.0,4.1
202210030035,50.0,3.6
202210030055,30.0,3.1
202210030135,40.0,4.1
202210030155,30.0,3.1
202210030215,20.0,2.6
202210030235,30.0,4.6
202210030255,30.0,2.6
202210030315,30.0,3.1
202210030335,20.0,3.1
202210030355,40.0,2.6
202210030435,0.0,0.0
202210030455,0.0,0.0
202210030535,0.0,0.0
202210030555,40.0,1.5
202210030615,30.0,2.6
202210030635,30.0,1.5
202210030655,0.0,0.0
202210030715,40.0,1.5
202210030735,40.0,1.5
202210030755,0.0,0.0
202210030815,0.0,0.0
202210030835,0.0,0.0
202210030855,0.0,0.0
202210030915,0.0,0.0
202210030935,0.0,0.0
202210030955,0.0,0.0
202210031015,0.0,0.0
202210031035,0.0,0.0
202210031055,0.0,0.0
202210031115,0.0,0.0
202210031135,0.0,0.0
202210031215,0.0,0.0
202210031235,0.0,0.0
202210031255,0.0,0.0
202210031315,0.0,0.0
202210031335,50.0,2.6
202210031415,20.0,3.6
202210031435,20.0,4.1
202210031455,10.0,3.6
202210031515,60.0,2.6
202210031535,90.0,2.6
202210031555,50.0,3.1
202210031615,50.0,1.5
202210031635,50.0,2.1
202210031655,20.0,3.6
202210031715,30.0,3.6
202210031735,20.0,2.6
202210031755,60.0,2.6
202210031815,60.0,3.6
202210031835,20.0,3.6
202210031855,20.0,4.6
202210031915,30.0,3.6
202210031935,30.0,4.1
202210031955,30.0,4.1
202210032015,20.0,3.1
202210032035,30.0,3.6
202210032055,10.0,4.1
202210032115,20.0,5.1
202210032135,,3.6
202210032155,20.0,4.6
202210032215,40.0,3.6
202210032235,30.0,2.6
202210032255,20.0,3.6
202210032315,10.0,2.6
202210032335,30.0,2.1
202210032355,0.0,0.0
202210040015,0.0,0.0
202210040035,0.0,0.0
202210040055,0.0,0.0
202210040115,0.0,0.0
202210040135,0.0,0.0
202210040155,0.0,0.0
202210040215,0.0,0.0
202210040235,0.0,0.0
202210040255,0.0,0.0
202210040315,0.0,0.0
202210040335,0.0,0.0
202210040355,0.0,0.0
202210040415,0.0,0.0
202210040435,0.0,0.0
202210040455,0.0,0.0
202210040515,0.0,0.0
202210040535,0.0,0.0
202210040555,0.0,0.0
202210040615,0.0,0.0
202210040635,0.0,0.0
202210040655,0.0,0.0
202210040735,0.0,0.0
202210040755,0.0,0.0
202210040815,0.0,0.0
202210040835,0.0,0.0
202210040855,0.0,0.0
202210040915,0.0,0.0
202210040935,0.0,0.0
202210040955,0.0,0.0
202210041015,0.0,0.0
202210041035,0.0,0.0
202210041055,0.0,0.0
202210041115,0.0,0.0
202210041135,0.0,0.0
202210041155,0.0,0.0
202210041215,0.0,0.0
202210041235,0.0,0.0
202210041255,0.0,0.0
202210041315,40.0,1.5
202210041335,30.0,2.1
202210041355,10.0,2.6
202210041415,70.0,2.1
202210041435,20.0,2.1
202210041455,,2.1
202210041515,0.0,0.0
202210041555,0.0,0.0
202210041655,0.0,0.0
202210041715,0.0,0.0
202210041735,320.0,1.5
202210041755,30.0,1.5
202210041815,350.0,2.6
202210041835,40.0,2.6
202210041855,0.0,0.0
202210041915,40.0,3.6
202210041935,30.0,2.1
202210041955,60.0,2.6
202210042015,,2.6
202210042035,50.0,2.1
202210042055,20.0,3.1
202210042115,40.0,1.5
202210042155,10.0,2.6
202210042215,60.0,2.6
202210042235,70.0,1.5
202210042255,0.0,0.0
202210042315,0.0,0.0
202210042335,0.0,0.0
202210042355,0.0,0.0
202210050015,0.0,0.0
202210050035,0.0,0.0
202210050055,0.0,0.0
202210050115,0.0,0.0
202210050135,0.0,0.0
202210050155,0.0,0.0
202210050215,0.0,0.0
202210050235,0.0,0.0
202210050255,0.0,0.0
202210050315,0.0,0.0
202210050335,0.0,0.0
202210050355,0.0,0.0
202210050415,0.0,0.0
202210050455,0.0,0.0
202210050515,0.0,0.0
202210050535,0.0,0.0
202210050555,0.0,0.0
202210050615,0.0,0.0
202210050635,0.0,0.0
202210050655,0.0,0.0
202210050715,0.0,0.0
202210050735,0.0,0.0
202210050755,0.0,0.0
202210050815,0.0,0.0
202210050835,0.0,0.0
202210050855,0.0,0.0
202210050915,0.0,0.0
202210050935,0.0,0.0
202210050955,50.0,1.5
202210051015,0.0,0.0
202210051035,0.0,0.0
202210051055,0.0,0.0
202210051115,0.0,0.0
202210051135,0.0,0.0
202210051155,20.0,1.5
202210051215,0.0,0.0
202210051235,0.0,0.0
202210051255,0.0,0.0
202210051315,60.0,1.5
202210051335,60.0,1.5
202210051355,60.0,1.5
202210051415,60.0,2.1
202210051455,20.0,3.1
202210051515,10.0,3.6
202210051535,40.0,4.1
202210051555,20.0,4.1
202210051615,30.0,3.6
202210051635,,2.6
202210051655,40.0,2.6
202210051735,60.0,2.6
202210051755,60.0,3.1
202210051815,40.0,3.6
202210051835,20.0,3.1
202210051855,10.0,2.1
202210051915,50.0,3.6
202210051935,30.0,3.6
202210052015,10.0,2.6
202210052035,20.0,4.6
202210052055,20.0,2.6
202210052115,,1.5
202210052135,20.0,2.1
202210052155,350.0,1.5
202210052215,0.0,0.0
202210052235,0.0,0.0
202210052255,0.0,0.0
202210052315,0.0,0.0
202210052335,0.0,0.0
202210052355,0.0,0.0
202210060015,0.0,0.0
202210060035,0.0,0.0
202210060055,0.0,0.0
202210060115,0.0,0.0
202210060135,0.0,0.0
202210060155,0.0,0.0
202210060215,0.0,0.0
202210060235,0.0,0.0
202210060255,0.0,0.0
202210060315,0.0,0.0
202210060335,0.0,0.0
202210060355,0.0,0.0
202210060415,0.0,0.0
202210060435,0.0,0.0
202210060455,0.0,0.0
202210060515,0.0,0.0
202210060535,0.0,0.0
202210060555,0.0,0.0
202210060615,0.0,0.0
202210060635,0.0,0.0
202210060655,0.0,0.0
202210060715,0.0,0.0
202210060735,0.0,0.0
202210060755,0.0,0.0
202210060815,0.0,0.0
202210060835,0.0,0.0
202210060855,0.0,0.0
202210060915,0.0,0.0
202210060935,0.0,0.0
202210061015,0.0,0.0
202210061035,0.0,0.0
202210061055,0.0,0.0
202210061115,0.0,0.0
202210061135,0.0,0.0
202210061155,0.0,0.0
202210061215,0.0,0.0
202210061235,0.0,0.0
202210061255,0.0,0.0
202210061315,0.0,0.0
202210061335,0.0,0.0
202210061355,0.0,0.0
202210061415,0.0,0.0
202210061435,0.0,0.0
202210061455,60.0,1.5
202210061515,60.0,2.1
202210061535,0.0,0.0
202210061555,90.0,1.5
202210061615,0.0,0.0
202210061635,90.0,1.5
202210061655,,2.6
202210061715,,2.1
202210061755,0.0,0.0
202210061815,,1.5
202210061835,50.0,3.6
202210061855,0.0,0.0
202210061915,300.0,1.5
202210061935,50.0,2.1
202210061955,,2.1
202210062015,350.0,2.6
202210062035,0.0,0.0
202210062055,0.0,0.0
202210062115,290.0,1.5
202210062135,270.0,1.5
202210062155,0.0,0.0
202210062215,0.0,0.0
202210062235,0.0,0.0
202210062255,0.0,0.0
202210062315,0.0,0.0
202210062335,0.0,0.0
202210062355,0.0,0.0
202210070015,0.0,0.0
202210070035,0.0,0.0
202210070055,0.0,0.0
202210070115,0.0,0.0
202210070135,0.0,0.0
202210070155,0.0,0.0
202210070215,0.0,0.0
202210070235,0.0,0.0
202210070255,0.0,0.0
202210070315,0.0,0.0
202210070335,0.0,0.0
202210070355,0.0,0.0
202210070415,0.0,0.0
202210070435,0.0,0.0
202210070455,0.0,0.0
202210070515,0.0,0.0
202210070535,0.0,0.0
202210070555,0.0,0.0
202210070615,0.0,0.0
202210070635,0.0,0.0
202210070715,0.0,0.0
202210070735,0.0,0.0
202210070755,0.0,0.0
202210070815,0.0,0.0
202210070835,0.0,0.0
202210070855,0.0,0.0
202210070915,0.0,0.0
202210070935,0.0,0.0
202210070955,0.0,0.0
202210071015,0.0,0.0
202210071035,0.0,0.0
202210071055,0.0,0.0
202210071115,0.0,0.0
202210071135,0.0,0.0
202210071155,0.0,0.0
202210071215,0.0,0.0
202210071235,0.0,0.0
202210071255,0.0,0.0
202210071315,0.0,0.0
202210071335,0.0,0.0
202210071355,0.0,0.0
202210071415,0.0,0.0
202210071435,0.0,0.0
202210071455,0.0,0.0
202210071515,0.0,0.0
202210071535,0.0,0.0
202210071555,0.0,0.0
202210071615,0.0,0.0
202210071635,60.0,1.5
202210071715,0.0,0.0
202210071735,10.0,5.1
202210071755,10.0,4.6
202210071835,0.0,0.0
202210071855,30.0,2.6
202210071915,10.0,2.6
202210071935,20.0,3.1
202210071955,330.0,2.6
202210072015,350.0,3.1
202210072035,330.0,2.1
202210072115,330.0,3.6
202210072135,20.0,3.6
202210072155,,2.1
202210072215,340.0,2.6
202210072235,,1.5
202210072255,0.0,0.0
202210072315,0.0,0.0
202210072335,0.0,0.0
202210072355,0.0,0.0
202210080015,0.0,0.0
202210080035,0.0,0.0
202210080055,0.0,0.0
202210080115,0.0,0.0
202210080135,0.0,0.0
202210080155,0.0,0.0
202210080215,0.0,0.0
202210080235,20.0,2.1
202210080255,,2.1
202210080315,10.0,3.1
202210080335,10.0,2.6
202210080355,30.0,3.1
202210080415,20.0,4.1
202210080435,40.0,2.6
202210080455,0.0,0.0
202210080515,20.0,1.5
202210080535,0.0,0.0
202210080555,0.0,0.0
202210080615,50.0,1.5
202210080635,20.0,1.5
202210080655,30.0,1.5
202210080715,20.0,1.5
202210080735,30.0,2.6
202210080755,30.0,1.5
202210080815,20.0,2.6
202210080835,20.0,2.1
202210080855,20.0,2.1
202210080915,30.0,2.1
202210080935,30.0,2.1
202210080955,10.0,1.5
202210081015,20.0,2.1
202210081035,20.0,2.1
202210081055,30.0,1.5
202210081115,40.0,1.5
202210081135,0.0,0.0
202210081155,30.0,1.5
202210081215,0.0,0.0
202210081235,30.0,2.6
202210081255,20.0,3.1
202210081315,20.0,3.6
202210081335,30.0,3.6
202210081415,20.0,5.1
202210081435,10.0,4.6
202210081455,60.0,4.1
202210081515,30.0,4.6
202210081535,30.0,3.6
202210081555,10.0,5.1
202210081615,20.0,5.1
202210081635,10.0,4.1
202210081655,30.0,4.1
202210081715,340.0,3.6
202210081735,20.0,5.1
202210081755,20.0,4.1
202210081815,,3.6
202210081835,20.0,3.6
202210081855,,3.6
202210081915,20.0,5.1
202210081935,340.0,2.6
202210081955,10.0,4.1
202210082015,40.0,3.1
202210082055,350.0,3.6
202210082115,10.0,3.1
202210082135,10.0,3.1
202210082155,,3.1
202210082215,350.0,2.6
202210082235,,2.1
202210082255,350.0,2.6
202210082315,,1.5
202210082335,,1.5
202210082355,0.0,0.0
202210090015,0.0,0.0
202210090035,0.0,0.0
202210090055,0.0,0.0
202210090115,0.0,0.0
202210090135,0.0,0.0
202210090155,0.0,0.0
202210090215,0.0,0.0
202210090235,0.0,0.0
202210090255,0.0,0.0
202210090315,0.0,0.0
202210090335,0.0,0.0
202210090355,0.0,0.0
202210090415,0.0,0.0
202210090435,0.0,0.0
202210090455,0.0,0.0
202210090515,0.0,0.0
202210090535,0.0,0.0
202210090615,0.0,0.0
202210090635,0.0,0.0
202210090655,0.0,0.0
202210090715,0.0,0.0
202210090735,0.0,0.0
202210090755,0.0,0.0
202210090815,20.0,1.5
202210090835,0.0,0.0
202210090855,0.0,0.0
202210090915,50.0,1.5
202210090935,50.0,1.5
202210091015,40.0,1.5
202210091035,0.0,0.0
202210091055,50.0,1.5
202210091115,0.0,0.0
202210091135,0.0,0.0
202210091155,50.0,1.5
202210091215,50.0,1.5
202210091235,50.0,1.5
202210091255,50.0,1.5
202210091315,60.0,2.1
202210091335,60.0,1.5
202210091355,70.0,1.5
202210091415,20.0,3.1
202210091435,30.0,2.6
202210091455,50.0,2.1
202210091515,30.0,2.6
202210091535,20.0,4.6
202210091615,20.0,3.1
202210091635,60.0,2.6
202210091655,10.0,2.1
202210091715,10.0,2.1
202210091735,310.0,1.5
202210091755,50.0,2.6
202210091815,60.0,2.1
202210091855,50.0,1.5
202210091915,310.0,2.1
202210091935,20.0,2.6
202210091955,320.0,2.6
202210092035,340.0,2.6
202210092055,10.0,1.5
202210092115,280.0,3.1
202210092135,320.0,2.1
202210092155,310.0,1.5
202210092215,300.0,2.1
202210092235,320.0,2.1
202210092255,0.0,0.0
202210092315,0.0,0.0
202210092335,0.0,0.0
202210100015,0.0,0.0
202210100035,0.0,0.0
202210100055,0.0,0.0
202210100115,0.0,0.0
202210100135,0.0,0.0
202210100155,0.0,0.0
202210100215,0.0,0.0
202210100235,0.0,0.0
202210100255,0.0,0.0
202210100315,0.0,0.0
202210100335,0.0,0.0
202210100355,0.0,0.0
202210100415,0.0,0.0
202210100435,0.0,0.0
202210100455,0.0,0.0
202210100515,0.0,0.0
202210100535,0.0,0.0
202210100555,0.0,0.0
202210100615,0.0,0.0
202210100635,0.0,0.0
202210100655,0.0,0.0
202210100715,0.0,0.0
202210100735,0.0,0.0
202210100755,0.0,0.0
202210100815,0.0,0.0
202210100835,0.0,0.0
202210100855,0.0,0.0
202210100915,0.0,0.0
202210100935,0.0,0.0
202210100955,0.0,0.0
202210101015,0.0,0.0
202210101035,0.0,0.0
202210101055,0.0,0.0
202210101115,0.0,0.0
202210101135,0.0,0.0
202210101155,0.0,0.0
202210101215,0.0,0.0
202210101235,0.0,0.0
202210101255,0.0,0.0
202210101315,0.0,0.0
202210101335,40.0,1.5
202210101355,50.0,1.5
202210101415,70.0,2.1
202210101435,80.0,2.1
202210101455,60.0,1.5
202210101515,340.0,2.6
202210101535,10.0,3.1
202210101555,50.0,3.1
202210101615,50.0,4.1
202210101635,,3.6
202210101655,20.0,3.1
202210101715,60.0,2.1
202210101735,50.0,2.1
202210101755,,1.5
202210101815,60.0,2.1
202210101835,10.0,4.6
202210101855,40.0,2.6
202210101915,10.0,3.1
202210101935,20.0,3.1
202210101955,,3.6
202210102015,,1.5
202210102035,50.0,2.1
202210102115,60.0,1.5
202210102135,10.0,2.1
202210102155,30.0,2.6
202210102215,0.0,0.0
202210102235,20.0,1.5
202210102255,0.0,0.0
202210102315,0.0,0.0
202210102335,0.0,0.0
202210102355,0.0,0.0
202210110015,0.0,0.0
202210110035,0.0,0.0
202210110055,0.0,0.0
202210110115,0.0,0.0
202210110135,0.0,0.0
202210110155,0.0,0.0
202210110215,0.0,0.0
202210110235,0.0,0.0
202210110255,0.0,0.0
202210110315,0.0,0.0
202210110335,0.0,0.0
202210110355,0.0,0.0
202210110415,0.0,0.0
202210110435,0.0,0.0
202210110515,0.0,0.0
202210110535,0.0,0.0
202210110555,0.0,0.0
202210110615,0.0,0.0
202210110635,0.0,0.0
202210110655,0.0,0.0
202210110715,0.0,0.0
202210110735,0.0,0.0
202210110755,0.0,0.0
202210110815,0.0,0.0
202210110835,0.0,0.0
202210110855,0.0,0.0
202210110915,0.0,0.0
202210110935,0.0,0.0
202210110955,0.0,0.0
202210111015,0.0,0.0
202210111035,0.0,0.0
202210111055,0.0,0.0
202210111115,0.0,0.0
202210111135,0.0,0.0
202210111155,0.0,0.0
202210111235,0.0,0.0
202210111255,0.0,0.0
202210111315,0.0,0.0
202210111335,60.0,1.5
202210111355,0.0,0.0
202210111415,50.0,1.5
202210111435,50.0,1.5
202210111455,0.0,0.0
202210111515,0.0,0.0
202210111535,0.0,0.0
202210111555,0.0,0.0
202210111615,200.0,2.6
202210111635,180.0,1.5
202210111655,150.0,2.1
202210111715,190.0,2.6
202210111735,220.0,2.6
202210111755,0.0,0.0
202210111815,160.0,1.5
202210111835,0.0,0.0
202210111855,120.0,2.1
202210111915,0.0,0.0
202210111935,190.0,1.5
202210111955,190.0,2.1
202210112015,180.0,2.6
202210112035,0.0,0.0
202210112055,130.0,1.5
202210112115,150.0,1.5
202210112135,0.0,0.0
202210112155,0.0,0.0
202210112235,0.0,0.0
202210112315,0.0,0.0
202210112335,0.0,0.0
202210112355,0.0,0.0
202210120015,0.0,0.0
202210120035,0.0,0.0
202210120055,0.0,0.0
202210120115,0.0,0.0
202210120135,0.0,0.0
202210120215,0.0,0.0
202210120235,0.0,0.0
202210120255,0.0,0.0
202210120315,0.0,0.0
202210120335,210.0,1.5
202210120415,220.0,1.5
202210120435,230.0,1.5
202210120455,0.0,0.0
202210120515,0.0,0.0
202210120535,250.0,1.5
202210120555,240.0,1.5
202210120615,0.0,0.0
202210120635,0.0,0.0
202210120655,0.0,0.0
202210120715,0.0,0.0
202210120735,0.0,0.0
202210120755,0.0,0.0
202210120815,0.0,0.0
202210120835,0.0,0.0
202210120855,0.0,0.0
202210120915,0.0,0.0
202210120935,0.0,0.0
202210120955,0.0,0.0
202210121015,0.0,0.0
202210121035,0.0,0.0
202210121055,240.0,1.5
202210121115,0.0,0.0
202210121155,190.0,1.5
202210121215,0.0,0.0
202210121235,190.0,1.5
202210121255,0.0,0.0
202210121315,0.0,0.0
202210121335,240.0,2.1
202210121355,180.0,1.5
202210121415,0.0,0.0
202210121435,190.0,2.1
202210121455,190.0,2.1
202210121515,180.0,1.5
202210121535,190.0,2.6
202210121555,200.0,2.1
202210121615,0.0,0.0
202210121635,0.0,0.0
202210121655,180.0,1.5
202210121715,210.0,2.1
202210121735,190.0,2.1
202210121755,190.0,2.6
202210121815,200.0,2.6
202210121835,210.0,2.1
202210121855,190.0,2.1
202210121915,200.0,2.1
202210121935,180.0,2.6
202210121955,180.0,2.1
202210122015,200.0,2.1
202210122035,220.0,2.6
202210122055,220.0,2.6
202210122115,210.0,2.1
202210122135,220.0,2.1
202210122155,210.0,1.5
202210122215,180.0,3.1
202210122235,180.0,1.5
202210122255,180.0,1.5
202210122315,180.0,1.5
202210122335,0.0,0.0
202210122355,0.0,0.0
202210130015,0.0,0.0
202210130035,0.0,0.0
202210130055,340.0,2.1
202210130115,170.0,2.1
202210130135,0.0,0.0
202210130155,160.0,1.5
202210130215,180.0,2.1
202210130235,0.0,0.0
202210130255,210.0,2.1
202210130315,190.0,1.5
202210130355,0.0,0.0
202210130415,0.0,0.0
202210130435,0.0,0.0
202210130455,0.0,0.0
202210130515,0.0,0.0
202210130535,0.0,0.0
202210130555,0.0,0.0
202210130615,0.0,0.0
202210130635,0.0,0.0
202210130715,0.0,0.0
202210130735,0.0,0.0
202210130755,160.0,3.6
202210130815,230.0,3.6
202210130835,210.0,2.6
202210130855,210.0,1.5
202210130915,0.0,0.0
202210130955,220.0,1.5
202210131015,0.0,0.0
202210131035,0.0,0.0
202210131055,0.0,0.0
202210131115,0.0,0.0
202210131135,0.0,0.0
202210131235,0.0,0.0
202210131255,0.0,0.0
202210131315,0.0,0.0
202210131335,0.0,0.0
202210131355,0.0,0.0
202210131415,0.0,0.0
202210131435,0.0,0.0
202210131455,0.0,0.0
202210131515,0.0,0.0
202210131535,320.0,2.1
202210131555,310.0,3.1
202210131615,330.0,2.1
202210131635,320.0,2.6
202210131655,330.0,3.1
202210131715,310.0,3.6
202210131735,280.0,3.1
202210131755,290.0,4.6
202210131815,300.0,3.6
202210131835,290.0,3.1
202210131855,320.0,3.6
202210131915,330.0,3.1
202210131935,320.0,3.1
202210131955,290.0,3.1
202210132015,300.0,3.6
202210132035,300.0,4.1
202210132055,340.0,2.1
202210132115,330.0,4.1
202210132135,310.0,4.1
202210132155,290.0,2.1
202210132215,330.0,2.6
202210132235,320.0,2.1
202210132255,0.0,0.0
202210132315,0.0,0.0
202210132335,0.0,0.0
202210132355,0.0,0.0
202210140035,0.0,0.0
202210140055,0.0,0.0
202210140115,0.0,0.0
202210140135,0.0,0.0
202210140155,0.0,0.0
202210140215,0.0,0.0
202210140235,0.0,0.0
202210140315,0.0,0.0
202210140335,0.0,0.0
202210140355,0.0,0.0
202210140415,0.0,0.0
202210140435,0.0,0.0
202210140455,0.0,0.0
202210140515,0.0,0.0
202210140535,0.0,0.0
202210140615,0.0,0.0
202210140635,0.0,0.0
202210140655,0.0,0.0
202210140715,0.0,0.0
202210140735,0.0,0.0
202210140755,0.0,0.0
202210140815,0.0,0.0
202210140835,0.0,0.0
202210140855,0.0,0.0
202210140915,0.0,0.0
202210140935,0.0,0.0
202210140955,0.0,0.0
202210141015,0.0,0.0
202210141035,0.0,0.0
202210141055,0.0,0.0
202210141115,0.0,0.0
202210141135,0.0,0.0
202210141155,0.0,0.0
202210141215,0.0,0.0
202210141235,0.0,0.0
202210141315,0.0,0.0
202210141335,0.0,0.0
202210141415,0.0,0.0
202210141435,0.0,0.0
202210141455,0.0,0.0
202210141555,210.0,2.1
202210141615,200.0,1.5
202210141735,230.0,2.1
202210141755,240.0,4.1
202210141815,280.0,4.1
202210141835,250.0,4.1
202210141855,270.0,5.7
202210141915,280.0,3.1
202210141935,260.0,4.1
202210141955,270.0,3.6
202210142015,270.0,2.6
202210142035,270.0,1.5
202210142055,280.0,3.1
202210142115,280.0,3.1
202210142135,260.0,3.1
202210142155,230.0,3.1
202210142215,220.0,1.5
202210142235,220.0,1.5
202210142255,0.0,0.0
202210142315,0.0,0.0
202210142335,0.0,0.0
202210142355,0.0,0.0
202210150015,0.0,0.0
202210150035,0.0,0.0
202210150055,0.0,0.0
202210150115,0.0,0.0
202210150135,0.0,0.0
202210150155,0.0,0.0
202210150215,0.0,0.0
202210150235,0.0,0.0
202210150255,0.0,0.0
202210150315,0.0,0.0
202210150335,0.0,0.0
202210150355,0.0,0.0
202210150415,0.0,0.0
202210150435,0.0,0.0
202210150455,0.0,0.0
202210150515,0.0,0.0
202210150535,0.0,0.0
202210150555,0.0,0.0
202210150615,0.0,0.0
202210150635,0.0,0.0
202210150655,0.0,0.0
202210150715,0.0,0.0
202210150735,0.0,0.0
202210150755,0.0,0.0
202210150815,0.0,0.0
202210150835,0.0,0.0
202210150855,0.0,0.0
202210150915,0.0,0.0
202210150935,180.0,1.5
202210150955,0.0,0.0
202210151015,0.0,0.0
202210151035,250.0,1.5
202210151055,250.0,1.5
202210151115,240.0,1.5
202210151135,240.0,2.1
202210151155,230.0,2.1
202210151215,230.0,1.5
202210151235,0.0,0.0
202210151255,0.0,0.0
202210151315,0.0,0.0
202210151335,0.0,0.0
202210151355,220.0,1.5
202210151415,0.0,0.0
202210151435,220.0,1.5
202210151455,210.0,2.6
202210151535,200.0,2.6
202210151555,220.0,2.1
202210151615,220.0,2.6
202210151635,180.0,2.6
202210151655,190.0,3.1
202210151735,210.0,3.6
202210151815,210.0,3.1
202210151835,220.0,3.6
202210151855,190.0,2.1
202210151915,230.0,2.1
202210151935,190.0,2.1
202210151955,240.0,3.1
202210152015,280.0,2.6
202210152035,270.0,3.1
202210152055,250.0,2.6
202210152115,260.0,1.5
202210152135,250.0,1.5
202210152155,260.0,1.5
202210152215,0.0,0.0
202210152235,0.0,0.0
202210152315,0.0,0.0
202210152335,0.0,0.0
202210152355,0.0,0.0
202210160015,0.0,0.0
202210160055,0.0,0.0
202210160115,0.0,0.0
202210160135,0.0,0.0
202210160155,0.0,0.0
202210160215,0.0,0.0
202210160235,0.0,0.0
202210160255,0.0,0.0
202210160315,0.0,0.0
202210160335,0.0,0.0
202210160355,0.0,0.0
202210160415,0.0,0.0
202210160435,0.0,0.0
202210160455,0.0,0.0
202210160515,0.0,0.0
202210160535,0.0,0.0
202210160555,0.0,0.0
202210160615,0.0,0.0
202210160635,0.0,0.0
202210160655,0.0,0.0
202210160715,0.0,0.0
202210160735,0.0,0.0
202210160755,0.0,0.0
202210160815,0.0,0.0
202210160835,0.0,0.0
202210160855,0.0,0.0
202210160915,0.0,0.0
202210160935,0.0,0.0
202210160955,0.0,0.0
202210161015,0.0,0.0
202210161035,0.0,0.0
202210161055,0.0,0.0
202210161115,0.0,0.0
202210161135,0.0,0.0
202210161155,0.0,0.0
202210161215,0.0,0.0
202210161235,0.0,0.0
202210161255,0.0,0.0
202210161315,0.0,0.0
202210161335,0.0,0.0
202210161355,0.0,0.0
202210161415,0.0,0.0
202210161435,0.0,0.0
202210161455,230.0,2.1
202210161515,230.0,2.1
202210161535,0.0,0.0
202210161555,190.0,1.5
202210161615,200.0,2.6
202210161635,200.0,1.5
202210161655,230.0,1.5
202210161715,240.0,2.1
202210161735,200.0,1.5
202210161815,280.0,2.6
202210161835,220.0,4.6
202210161855,310.0,3.6
202210161915,270.0,3.6
202210161935,280.0,3.1
202210161955,300.0,2.6
202210162015,330.0,2.1
202210162035,330.0,2.1
202210162055,0.0,0.0
202210162115,0.0,0.0
202210162135,0.0,0.0
202210162155,0.0,0.0
202210162215,0.0,0.0
202210162235,0.0,0.0
202210162255,0.0,0.0
202210162315,0.0,0.0
202210162335,0.0,0.0
202210162355,0.0,0.0
202210170015,0.0,0.0
202210170035,0.0,0.0
202210170055,0.0,0.0
202210170115,0.0,0.0
202210170135,0.0,0.0
202210170155,0.0,0.0
202210170215,0.0,0.0
202210170235,0.0,0.0
202210170255,0.0,0.0
202210170315,0.0,0.0
202210170335,0.0,0.0
202210170355,0.0,0.0
202210170415,0.0,0.0
202210170435,170.0,3.1
202210170455,0.0,0.0
202210170515,0.0,0.0
202210170535,0.0,0.0
202210170555,0.0,0.0
202210170615,230.0,1.5
202210170635,0.0,0.0
202210170655,0.0,0.0
202210170715,0.0,0.0
202210170735,0.0,0.0
202210170755,0.0,0.0
202210170815,0.0,0.0
202210170835,0.0,0.0
202210170855,0.0,0.0
202210170915,0.0,0.0
202210170935,0.0,0.0
202210170955,0.0,0.0
202210171015,0.0,0.0
202210171035,310.0,1.5
202210171055,20.0,1.5
202210171115,0.0,0.0
202210171135,50.0,1.5
202210171155,0.0,0.0
202210171215,0.0,0.0
202210171235,0.0,0.0
202210171255,0.0,0.0
202210171315,0.0,0.0
202210171335,50.0,1.5
202210171355,340.0,1.5
202210171415,20.0,2.6
202210171435,20.0,3.1
202210171455,10.0,1.5
202210171515,,2.6
202210171535,,2.6
202210171555,50.0,2.6
202210171615,300.0,2.1
202210171635,280.0,4.6
202210171655,330.0,4.1
202210171715,340.0,4.1
202210171735,280.0,2.1
202210171755,260.0,3.1
202210171815,350.0,4.6
202210171835,290.0,3.1
202210171855,350.0,3.6
202210171915,320.0,2.6
202210171935,340.0,3.6
202210171955,320.0,4.1
202210172015,290.0,3.6
202210172035,320.0,2.6
202210172055,330.0,2.6
202210172115,330.0,4.6
202210172135,310.0,3.1
202210172155,310.0,3.1
202210172215,350.0,2.6
202210172255,10.0,3.6
202210172315,350.0,3.6
202210172335,340.0,2.1
202210172355,350.0,2.1
202210180015,350.0,3.1
202210180035,340.0,3.1
202210180055,340.0,1.5
202210180115,340.0,3.1
202210180135,340.0,3.6
202210180155,340.0,2.6
202210180215,,3.6
202210180235,350.0,3.6
202210180255,340.0,4.6
202210180315,,4.1
202210180335,10.0,3.6
202210180355,20.0,5.1
202210180415,10.0,5.7
202210180435,,4.6
202210180455,10.0,4.6
202210180515,,3.6
202210180535,,3.6
202210180555,,4.6
202210180615,,3.6
202210180655,10.0,4.6
202210180715,10.0,3.1
202210180735,10.0,2.1
202210180755,10.0,2.1
202210180815,,2.1
202210180835,10.0,1.5
202210180855,10.0,3.1
202210180915,10.0,2.6
202210180955,350.0,3.1
202210181015,350.0,2.6
202210181035,0.0,0.0
202210181055,340.0,2.6
202210181115,340.0,2.1
202210181135,340.0,2.6
202210181155,350.0,2.6
202210181215,350.0,2.6
202210181235,340.0,3.1
202210181255,350.0,2.1
202210181315,350.0,2.1
202210181335,10.0,4.1
202210181415,20.0,3.6
202210181435,,6.2
202210181515,10.0,4.6
202210181535,,5.1
202210181555,350.0,4.6
202210181615,340.0,6.7
202210181635,10.0,3.1
202210181655,350.0,5.1
202210181715,,3.6
202210181735,30.0,4.1
202210181755,30.0,4.1
202210181815,320.0,3.1
202210181835,10.0,4.1
202210181855,40.0,3.1
202210181915,40.0,3.1
202210181935,10.0,5.7
202210181955,10.0,4.1
202210182015,,6.7
202210182035,,5.1
202210182055,350.0,3.6
202210182115,10.0,5.1
202210182135,340.0,4.1
202210182155,340.0,4.6
202210182215,10.0,3.6
202210182235,350.0,3.6
202210182255,330.0,4.1
202210182315,350.0,2.1
202210182335,350.0,2.1
202210182355,340.0,2.1
202210190015,340.0,2.6
202210190035,330.0,2.1
202210190055,330.0,2.1
202210190115,330.0,1.5
202210190135,0.0,0.0
202210190155,0.0,0.0
202210190215,0.0,0.0
202210190235,0.0,0.0
202210190255,0.0,0.0
202210190315,0.0,0.0
202210190335,0.0,0.0
202210190355,0.0,0.0
202210190415,0.0,0.0
202210190435,0.0,0.0
202210190455,0.0,0.0
202210190515,0.0,0.0
202210190535,0.0,0.0
202210190555,0.0,0.0
202210190615,0.0,0.0
202210190635,0.0,0.0
202210190655,0.0,0.0
202210190715,0.0,0.0
202210190735,0.0,0.0
202210190815,0.0,0.0
202210190835,0.0,0.0
202210190855,0.0,0.0
202210190935,0.0,0.0
202210190955,0.0,0.0
202210191015,0.0,0.0
202210191035,0.0,0.0
202210191055,0.0,0.0
202210191115,0.0,0.0
202210191135,0.0,0.0
202210191155,0.0,0.0
202210191215,0.0,0.0
202210191235,0.0,0.0
202210191255,0.0,0.0
202210191315,0.0,0.0
202210191335,0.0,0.0
202210191355,20.0,3.1
202210191415,20.0,4.1
202210191435,,2.1
202210191455,0.0,0.0
202210191515,340.0,4.1
202210191535,,3.1
202210191555,,5.1
202210191615,350.0,2.6
202210191635,0.0,0.0
202210191655,350.0,2.6
202210191715,340.0,2.6
202210191735,20.0,4.6
202210191755,330.0,3.1
202210191815,290.0,2.6
202210191835,30.0,2.6
202210191915,,3.6
202210191935,350.0,4.1
202210191955,10.0,2.6
202210192015,340.0,4.6
202210192035,320.0,3.1
202210192055,340.0,4.1
202210192115,10.0,3.6
202210192135,0.0,0.0
202210192155,330.0,2.1
202210192215,290.0,1.5
202210192235,280.0,1.5
202210192255,0.0,0.0
202210192315,0.0,0.0
202210192335,0.0,0.0
202210192355,0.0,0.0
202210200015,0.0,0.0
202210200035,0.0,0.0
202210200055,0.0,0.0
202210200115,0.0,0.0
202210200135,0.0,0.0
202210200155,0.0,0.0
202210200215,0.0,0.0
202210200235,0.0,0.0
202210200255,0.0,0.0
202210200315,0.0,0.0
202210200335,0.0,0.0
202210200355,0.0,0.0
202210200415,0.0,0.0
202210200435,0.0,0.0
202210200455,0.0,0.0
202210200515,0.0,0.0
202210200535,0.0,0.0
202210200555,0.0,0.0
202210200615,0.0,0.0
202210200635,0.0,0.0
202210200655,0.0,0.0
202210200715,0.0,0.0
202210200735,0.0,0.0
202210200755,0.0,0.0
202210200835,0.0,0.0
202210200855,0.0,0.0
202210200935,0.0,0.0
202210200955,0.0,0.0
202210201015,0.0,0.0
202210201035,0.0,0.0
202210201055,0.0,0.0
202210201115,0.0,0.0
202210201135,0.0,0.0
202210201215,0.0,0.0
202210201235,0.0,0.0
202210201255,0.0,0.0
202210201315,0.0,0.0
202210201335,0.0,0.0
202210201355,0.0,0.0
202210201415,0.0,0.0
202210201435,0.0,0.0
202210201455,240.0,2.6
202210201515,200.0,1.5
202210201535,220.0,1.5
202210201555,180.0,1.5
202210201615,230.0,3.6
202210201635,260.0,3.6
202210201655,240.0,3.6
202210201715,250.0,5.1
202210201735,0.0,0.0
202210201755,270.0,4.6
202210201815,250.0,3.6
202210201835,250.0,2.6
202210201855,250.0,4.1
202210201915,240.0,1.5
202210201935,320.0,2.1
202210201955,250.0,3.6
202210202015,320.0,3.6
202210202035,330.0,3.1
202210202055,260.0,2.6
202210202115,0.0,0.0
202210202135,260.0,2.1
202210202155,290.0,2.1
202210202215,270.0,1.5
202210202235,0.0,0.0
202210202255,0.0,0.0
202210202315,0.0,0.0
202210202335,0.0,0.0
202210202355,0.0,0.0
202210210035,0.0,0.0
202210210055,0.0,0.0
202210210115,0.0,0.0
202210210135,0.0,0.0
202210210155,0.0,0.0
202210210215,0.0,0.0
202210210255,0.0,0.0
202210210315,0.0,0.0
202210210335,0.0,0.0
202210210355,0.0,0.0
202210210415,0.0,0.0
202210210435,0.0,0.0
202210210455,0.0,0.0
202210210515,0.0,0.0
202210210555,0.0,0.0
202210210615,0.0,0.0
202210210635,0.0,0.0
202210210655,0.0,0.0
202210210735,0.0,0.0
202210210755,0.0,0.0
202210210815,0.0,0.0
202210210915,0.0,0.0
202210210935,0.0,0.0
202210210955,0.0,0.0
202210211015,0.0,0.0
202210211035,0.0,0.0
202210211055,0.0,0.0
202210211115,0.0,0.0
202210211215,0.0,0.0
202210211235,0.0,0.0
202210211255,0.0,0.0
202210211315,0.0,0.0
202210211335,0.0,0.0
202210211355,0.0,0.0
202210211415,0.0,0.0
202210211435,0.0,0.0
202210211455,0.0,0.0
202210211515,0.0,0.0
202210211535,0.0,0.0
202210211555,230.0,1.5
202210211615,0.0,0.0
202210211635,230.0,1.5
202210211715,230.0,2.1
202210211735,140.0,2.6
202210211755,160.0,2.1
202210211815,250.0,2.1
202210211835,210.0,1.5
202210211855,200.0,2.1
202210211915,240.0,1.5
202210211935,180.0,1.5
202210211955,0.0,0.0
202210212015,200.0,2.1
202210212035,240.0,2.6
202210212055,200.0,1.5
202210212115,240.0,3.1
202210212135,210.0,1.5
202210212215,200.0,2.1
202210212235,0.0,0.0
202210212255,0.0,0.0
202210212315,0.0,0.0
202210212355,0.0,0.0
202210220015,0.0,0.0
202210220035,0.0,0.0
202210220115,0.0,0.0
202210220135,0.0,0.0
202210220155,0.0,0.0
202210220215,0.0,0.0
202210220235,0.0,0.0
202210220315,0.0,0.0
202210220335,0.0,0.0
202210220355,0.0,0.0
202210220415,0.0,0.0
202210220435,0.0,0.0
202210220455,0.0,0.0
202210220515,0.0,0.0
202210220535,0.0,0.0
202210220555,0.0,0.0
202210220615,0.0,0.0
202210220635,0.0,0.0
202210220655,0.0,0.0
202210220715,0.0,0.0
202210220735,0.0,0.0
202210220755,0.0,0.0
202210220815,0.0,0.0
202210220835,0.0,0.0
202210220855,0.0,0.0
202210220915,0.0,0.0
202210220935,0.0,0.0
202210220955,0.0,0.0
202210221035,0.0,0.0
202210221055,0.0,0.0
202210221115,0.0,0.0
202210221135,0.0,0.0
202210221155,0.0,0.0
202210221215,0.0,0.0
202210221235,0.0,0.0
202210221255,0.0,0.0
202210221335,0.0,0.0
202210221355,0.0,0.0
202210221415,0.0,0.0
202210221435,230.0,2.1
202210221455,230.0,1.5
202210221515,0.0,0.0
202210221535,220.0,2.1
202210221555,230.0,1.5
202210221615,0.0,0.0
202210221635,230.0,2.1
202210221655,190.0,2.1
202210221715,220.0,2.1
202210221755,240.0,4.1
202210221815,230.0,2.6
202210221835,210.0,2.1
202210221855,200.0,2.1
202210221915,220.0,2.1
202210221935,0.0,0.0
202210221955,250.0,3.6
202210222015,210.0,2.6
202210222035,240.0,2.1
202210222055,170.0,2.1
202210222115,180.0,2.1
202210222155,0.0,0.0
202210222215,0.0,0.0
202210222235,0.0,0.0
202210222255,0.0,0.0
202210222315,0.0,0.0
202210222335,0.0,0.0
202210222355,0.0,0.0
202210230015,0.0,0.0
202210230035,0.0,0.0
202210230055,0.0,0.0
202210230115,0.0,0.0
202210230135,0.0,0.0
202210230155,0.0,0.0
202210230215,0.0,0.0
202210230235,0.0,0.0
202210230255,0.0,0.0
202210230315,0.0,0.0
202210230335,0.0,0.0
202210230355,0.0,0.0
202210230415,0.0,0.0
202210230435,0.0,0.0
202210230455,0.0,0.0
202210230515,0.0,0.0
202210230535,0.0,0.0
202210230555,0.0,0.0
202210230615,0.0,0.0
202210230635,0.0,0.0
202210230655,0.0,0.0
202210230715,0.0,0.0
202210230735,0.0,0.0
202210230755,0.0,0.0
202210230815,0.0,0.0
202210230835,0.0,0.0
202210230855,0.0,0.0
202210230915,0.0,0.0
202210230935,0.0,0.0
202210230955,0.0,0.0
202210231015,0.0,0.0
202210231035,0.0,0.0
202210231055,0.0,0.0
202210231115,0.0,0.0
202210231135,0.0,0.0
202210231155,0.0,0.0
202210231215,0.0,0.0
202210231235,0.0,0.0
202210231255,0.0,0.0
202210231315,0.0,0.0
202210231335,0.0,0.0
202210231355,0.0,0.0
202210231435,0.0,0.0
202210231455,0.0,0.0
202210231515,0.0,0.0
202210231535,0.0,0.0
202210231555,0.0,0.0
202210231615,250.0,1.5
202210231635,0.0,0.0
202210231655,250.0,1.5
202210231715,0.0,0.0
202210231735,0.0,0.0
202210231755,230.0,2.1
202210231815,200.0,2.1
202210231835,0.0,0.0
202210231855,280.0,2.1
202210231915,230.0,2.1
202210231935,230.0,2.1
202210231955,160.0,1.5
202210232015,190.0,1.5
202210232035,0.0,0.0
202210232055,0.0,0.0
202210232115,0.0,0.0
202210232135,170.0,2.1
202210232155,0.0,0.0
202210232215,0.0,0.0
202210232235,0.0,0.0
202210232255,0.0,0.0
202210232315,0.0,0.0
202210232335,0.0,0.0
202210240015,0.0,0.0
202210240055,0.0,0.0
202210240115,0.0,0.0
202210240135,0.0,0.0
202210240155,0.0,0.0
202210240215,0.0,0.0
202210240235,0.0,0.0
202210240255,0.0,0.0
202210240315,0.0,0.0
202210240355,0.0,0.0
202210240435,0.0,0.0
202210240455,0.0,0.0
202210240515,0.0,0.0
202210240535,0.0,0.0
202210240555,0.0,0.0
202210240615,0.0,0.0
202210240635,0.0,0.0
202210240655,0.0,0.0
202210240715,0.0,0.0
202210240735,0.0,0.0
202210240755,0.0,0.0
202210240815,0.0,0.0
202210240835,0.0,0.0
202210240855,0.0,0.0
202210240915,0.0,0.0
202210240935,0.0,0.0
202210240955,0.0,0.0
202210241015,0.0,0.0
202210241035,0.0,0.0
202210241055,0.0,0.0
202210241115,0.0,0.0
202210241135,0.0,0.0
202210241155,0.0,0.0
202210241215,0.0,0.0
202210241235,0.0,0.0
202210241255,0.0,0.0
202210241315,0.0,0.0
202210241335,0.0,0.0
202210241355,0.0,0.0
202210241415,0.0,0.0
202210241435,0.0,0.0
202210241455,230.0,2.1
202210241515,240.0,1.5
202210241535,230.0,1.5
202210241555,0.0,0.0
202210241615,230.0,3.1
202210241655,170.0,2.6
202210241715,220.0,3.1
202210241735,180.0,3.1
202210241755,220.0,1.5
202210241815,180.0,3.6
202210241835,220.0,3.6
202210241855,200.0,3.1
202210241915,240.0,4.1
202210241935,250.0,4.6
202210241955,230.0,2.1
202210242015,0.0,0.0
202210242035,170.0,1.5
202210242055,170.0,2.1
202210242115,170.0,1.5
202210242135,180.0,2.1
202210242155,170.0,1.5
202210242215,170.0,1.5
202210242235,0.0,0.0
202210242255,0.0,0.0
202210242315,0.0,0.0
202210242335,0.0,0.0
202210242355,0.0,0.0
202210250015,0.0,0.0
202210250035,0.0,0.0
202210250055,0.0,0.0
202210250115,0.0,0.0
202210250155,0.0,0.0
202210250215,0.0,0.0
202210250235,0.0,0.0
202210250255,0.0,0.0
202210250315,0.0,0.0
202210250335,0.0,0.0
202210250355,0.0,0.0
202210250415,0.0,0.0
202210250435,0.0,0.0
202210250455,0.0,0.0
202210250515,0.0,0.0
202210250535,0.0,0.0
202210250555,0.0,0.0
202210250615,0.0,0.0
202210250635,0.0,0.0
202210250655,0.0,0.0
202210250715,0.0,0.0
202210250735,0.0,0.0
202210250755,0.0,0.0
202210250815,0.0,0.0
202210250835,0.0,0.0
202210250855,0.0,0.0
202210250915,0.0,0.0
202210250935,0.0,0.0
202210250955,0.0,0.0
202210251015,0.0,0.0
202210251035,0.0,0.0
202210251055,0.0,0.0
202210251115,0.0,0.0
202210251135,0.0,0.0
202210251155,0.0,0.0
202210251215,0.0,0.0
202210251235,0.0,0.0
202210251255,0.0,0.0
202210251315,0.0,0.0
202210251355,0.0,0.0
202210251415,200.0,2.1
202210251455,210.0,1.5
202210251515,220.0,2.6
202210251535,200.0,4.1
202210251555,220.0,2.6
202210251615,210.0,2.6
202210251635,210.0,3.6
202210251655,200.0,2.1
202210251715,160.0,2.1
202210251735,160.0,2.6
202210251755,170.0,2.1
202210251815,180.0,2.1
202210251835,200.0,4.1
202210251855,170.0,3.1
202210251915,160.0,3.1
202210251935,190.0,2.6
202210251955,170.0,3.6
202210252015,170.0,3.1
202210252035,170.0,6.7
202210252055,180.0,4.6
202210252115,180.0,5.1
202210252135,180.0,2.6
202210252155,170.0,3.6
202210252215,190.0,4.1
202210252235,180.0,3.1
202210252255,230.0,3.6
202210252315,210.0,2.1
202210252335,200.0,2.1
202210252355,220.0,2.1
202210260015,230.0,2.6
202210260035,240.0,2.6
202210260055,0.0,0.0
202210260110,0.0,0.0
202210260135,0.0,0.0
202210260155,0.0,0.0
202210260215,0.0,0.0
202210260255,0.0,0.0
202210260315,240.0,2.1
202210260335,230.0,3.6
202210260355,230.0,2.6
202210260415,250.0,2.1
202210260435,0.0,0.0
202210260455,220.0,1.5
202210260515,260.0,2.1
202210260535,270.0,2.1
202210260555,0.0,0.0
202210260615,290.0,4.1
202210260635,0.0,0.0
202210260655,340.0,2.1
202210260715,290.0,1.5
202210260735,250.0,3.1
202210260755,270.0,2.1
202210260815,0.0,0.0
202210260835,0.0,0.0
202210260855,0.0,0.0
202210260915,250.0,1.5
202210260935,0.0,0.0
202210260955,230.0,1.5
202210261015,0.0,0.0
202210261035,230.0,1.5
202210261055,320.0,4.1
202210261115,310.0,2.6
202210261135,0.0,0.0
202210261155,330.0,1.5
202210261215,320.0,1.5
202210261235,310.0,2.6
202210261255,320.0,2.6
202210261315,,2.6
202210261335,,2.6
202210261355,,3.6
202210261435,350.0,2.6
202210261455,340.0,3.6
202210261515,10.0,2.6
202210261535,20.0,2.6
202210261555,340.0,3.1
202210261615,320.0,3.1
202210261635,,2.6
202210261655,10.0,3.6
202210261715,10.0,2.6
202210261735,20.0,3.6
202210261755,10.0,2.1
202210261815,,3.1
202210261835,40.0,3.6
202210261855,20.0,2.1
202210261915,20.0,3.1
202210261935,,3.1
202210261955,,4.1
202210262015,30.0,3.6
202210262035,10.0,4.6
202210262055,10.0,3.1
202210262135,340.0,3.6
202210262155,,3.1
202210262215,20.0,5.1
202210262235,40.0,3.6
202210262255,20.0,4.1
202210262315,30.0,5.1
202210262335,30.0,2.6
202210262355,20.0,3.6
202210270015,10.0,4.6
202210270035,20.0,5.7
202210270055,20.0,6.2
202210270115,30.0,4.1
202210270135,10.0,6.2
202210270155,10.0,5.1
202210270215,30.0,3.1
202210270235,20.0,3.6
202210270255,20.0,3.6
202210270315,20.0,4.1
202210270355,20.0,4.1
202210270415,20.0,3.6
202210270435,20.0,3.1
202210270455,20.0,3.1
202210270515,20.0,2.6
202210270535,20.0,4.1
202210270555,30.0,4.1
202210270615,30.0,4.1
202210270635,10.0,5.1
202210270655,20.0,4.6
202210270715,40.0,3.1
202210270735,20.0,4.6
202210270755,20.0,5.1
202210270815,20.0,4.6
202210270835,10.0,4.1
202210270855,20.0,3.6
202210270915,20.0,3.6
202210270935,10.0,3.6
202210270955,20.0,2.6
202210271015,10.0,3.1
202210271035,20.0,3.6
202210271055,20.0,3.1
202210271115,20.0,2.1
202210271135,20.0,2.1
202210271155,20.0,2.1
202210271215,20.0,2.1
202210271235,20.0,2.6
202210271255,20.0,2.6
202210271315,30.0,3.1
202210271335,10.0,4.6
202210271355,20.0,5.7
202210271415,20.0,5.1
202210271435,20.0,4.1
202210271455,20.0,3.6
202210271515,50.0,3.1
202210271535,10.0,3.6
202210271555,40.0,2.6
202210271615,10.0,3.6
202210271635,60.0,2.1
202210271655,,2.1
202210271715,20.0,2.6
202210271735,20.0,3.1
202210271755,60.0,2.6
202210271815,30.0,3.1
202210271835,30.0,2.6
202210271855,,2.6
202210271915,10.0,2.1
202210271935,10.0,3.1
202210271955,10.0,2.1
202210272015,20.0,2.6
202210272035,10.0,2.1
202210272115,30.0,2.1
202210272155,20.0,3.1
202210272215,20.0,3.1
202210272235,20.0,2.1
202210272255,0.0,0.0
202210272315,0.0,0.0
202210272335,0.0,0.0
202210272355,0.0,0.0
202210280015,0.0,0.0
202210280055,0.0,0.0
202210280115,0.0,0.0
202210280135,0.0,0.0
202210280155,0.0,0.0
202210280235,0.0,0.0
202210280255,0.0,0.0
202210280315,0.0,0.0
202210280335,0.0,0.0
202210280355,0.0,0.0
202210280415,0.0,0.0
202210280435,0.0,0.0
202210280455,0.0,0.0
202210280515,0.0,0.0
202210280535,0.0,0.0
202210280555,0.0,0.0
202210280615,0.0,0.0
202210280635,0.0,0.0
202210280655,0.0,0.0
202210280715,0.0,0.0
202210280735,0.0,0.0
202210280755,0.0,0.0
202210280815,0.0,0.0
202210280835,0.0,0.0
202210280855,0.0,0.0
202210280935,0.0,0.0
202210280955,0.0,0.0
202210281015,0.0,0.0
202210281035,0.0,0.0
202210281055,0.0,0.0
202210281115,0.0,0.0
202210281135,0.0,0.0
202210281155,0.0,0.0
202210281215,0.0,0.0
202210281235,0.0,0.0
202210281255,0.0,0.0
202210281315,0.0,0.0
202210281335,0.0,0.0
202210281355,0.0,0.0
202210281415,0.0,0.0
202210281435,0.0,0.0
202210281455,0.0,0.0
202210281515,30.0,1.5
202210281535,0.0,0.0
202210281555,0.0,0.0
202210281615,0.0,0.0
202210281635,120.0,2.1
202210281655,110.0,1.5
202210281715,130.0,2.6
202210281735,0.0,0.0
202210281755,150.0,2.1
202210281815,80.0,1.5
202210281835,0.0,0.0
202210281855,60.0,2.1
202210281915,0.0,0.0
202210281935,90.0,2.1
202210281955,40.0,1.5
202210282015,80.0,2.1
202210282035,20.0,1.5
202210282055,80.0,1.5
202210282115,0.0,0.0
202210282135,0.0,0.0
202210282155,0.0,0.0
202210282215,0.0,0.0
202210282235,0.0,0.0
202210282255,0.0,0.0
202210282315,0.0,0.0
202210282355,0.0,0.0
202210290015,0.0,0.0
202210290035,0.0,0.0
202210290055,0.0,0.0
202210290115,0.0,0.0
202210290135,0.0,0.0
202210290155,0.0,0.0
202210290215,0.0,0.0
202210290235,0.0,0.0
202210290255,0.0,0.0
202210290315,0.0,0.0
202210290335,0.0,0.0
202210290415,0.0,0.0
202210290435,0.0,0.0
202210290455,0.0,0.0
202210290515,0.0,0.0
202210290535,0.0,0.0
202210290555,0.0,0.0
202210290615,0.0,0.0
202210290635,0.0,0.0
202210290715,0.0,0.0
202210290735,0.0,0.0
202210290755,0.0,0.0
202210290815,0.0,0.0
202210290835,0.0,0.0
202210290855,0.0,0.0
202210290915,0.0,0.0
202210290955,0.0,0.0
202210291015,0.0,0.0
202210291035,0.0,0.0
202210291055,0.0,0.0
202210291115,0.0,0.0
202210291155,0.0,0.0
202210291215,0.0,0.0
202210291235,0.0,0.0
202210291255,0.0,0.0
202210291315,0.0,0.0
202210291355,0.0,0.0
202210291415,0.0,0.0
202210291435,0.0,0.0
202210291455,0.0,0.0
202210291515,0.0,0.0
202210291535,0.0,0.0
202210291555,10.0,2.1
202210291615,20.0,2.1
202210291635,10.0,2.6
202210291655,,2.1
202210291715,80.0,3.1
202210291735,140.0,2.6
202210291755,100.0,2.6
202210291815,190.0,1.5
202210291835,140.0,3.1
202210291855,130.0,1.5
202210291915,160.0,3.1
202210291935,160.0,1.5
202210291955,120.0,1.5
202210292015,210.0,2.1
202210292035,120.0,3.1
202210292055,150.0,1.5
202210292115,130.0,2.1
202210292135,160.0,2.1
202210292155,130.0,1.5
202210292215,130.0,2.6
202210292235,130.0,1.5
202210292255,0.0,0.0
202210292315,190.0,1.5
202210292335,160.0,2.6
202210292355,170.0,2.1
202210300015,160.0,1.5
202210300035,0.0,0.0
202210300055,150.0,1.5
202210300115,0.0,0.0
202210300135,0.0,0.0
202210300155,190.0,2.1
202210300215,0.0,0.0
202210300235,180.0,2.1
202210300255,170.0,1.5
202210300315,0.0,0.0
202210300335,150.0,1.5
202210300355,160.0,1.5
202210300415,0.0,0.0
202210300435,160.0,2.1
202210300455,180.0,2.6
202210300515,160.0,2.6
202210300555,170.0,2.6
202210300615,180.0,1.5
202210300635,210.0,2.6
202210300655,180.0,3.6
202210300715,210.0,3.1
202210300735,200.0,1.5
202210300755,210.0,2.1
202210300815,0.0,0.0
202210300835,0.0,0.0
202210300855,0.0,0.0
202210300915,0.0,0.0
202210300935,0.0,0.0
202210300955,0.0,0.0
202210301015,210.0,1.5
202210301035,230.0,1.5
202210301055,0.0,0.0
202210301115,0.0,0.0
202210301135,190.0,1.5
202210301155,200.0,2.1
202210301215,0.0,0.0
202210301235,0.0,0.0
202210301255,0.0,0.0
202210301315,0.0,0.0
202210301335,0.0,0.0
202210301355,0.0,0.0
202210301415,0.0,0.0
202210301435,0.0,0.0
202210301455,220.0,1.5
202210301515,250.0,1.5
202210301535,220.0,1.5
202210301555,0.0,0.0
202210301615,0.0,0.0
202210301635,200.0,2.6
202210301655,190.0,3.1
202210301715,200.0,3.1
202210301755,180.0,2.6
202210301815,180.0,2.1
202210301835,0.0,0.0
202210301855,0.0,0.0
202210301935,0.0,0.0
202210301955,190.0,2.1
202210302015,210.0,2.1
202210302035,190.0,3.1
202210302055,0.0,0.0
202210302115,0.0,0.0
202210302135,180.0,2.6
202210302155,190.0,2.1
202210302215,0.0,0.0
202210302235,210.0,1.5
202210302255,180.0,1.5
202210302335,190.0,1.5
202210302355,200.0,1.5
202210310015,0.0,0.0
202210310035,230.0,1.5
202210310055,230.0,1.5
202210310115,230.0,1.5
202210310135,220.0,1.5
202210310155,0.0,0.0
202210310215,0.0,0.0
202210310235,0.0,0.0
202210310255,230.0,1.5
202210310315,0.0,0.0
202210310335,220.0,1.5
202210310415,0.0,0.0
202210310435,0.0,0.0
202210310455,200.0,1.5
202210310515,240.0,2.1
202210310535,0.0,0.0
202210310555,0.0,0.0
202210310615,0.0,0.0
202210310635,240.0,1.5
202210310655,230.0,1.5
202210310715,0.0,0.0
202210310735,0.0,0.0
202210310755,0.0,0.0
202210310815,0.0,0.0
202210310835,0.0,0.0
202210310855,0.0,0.0
202210310915,0.0,0.0
202210310935,0.0,0.0
202210311015,0.0,0.0
202210311035,0.0,0.0
202210311055,0.0,0.0
202210311115,0.0,0.0
202210311135,0.0,0.0
202210311155,0.0,0.0
202210311215,0.0,0.0
202210311235,0.0,0.0
202210311255,0.0,0.0
202210311315,0.0,0.0
202210311335,0.0,0.0
202210311355,0.0,0.0
202210311415,220.0,1.5
202210311435,230.0,1.5
202210311455,0.0,0.0
202210311515,0.0,0.0
202210311535,240.0,2.1
202210311715,230.0,1.5
202210311735,0.0,0.0
202210311755,210.0,1.5
202210311835,260.0,3.1
202210311855,260.0,3.6
202210311915,240.0,2.6
202210311935,270.0,2.6
202210311955,260.0,1.5
202210312015,280.0,2.6
202210312035,220.0,2.1
202210312115,210.0,1.5
202210312135,220.0,2.1
202210312155,210.0,1.5
202210312215,240.0,3.6
202210312235,250.0,2.1
202210312315,0.0,0.0
202210312335,0.0,0.0
202210312355,0.0,0.0
202211010015,0.0,0.0
202211010035,0.0,0.0
202211010055,0.0,0.0
202211010115,0.0,0.0
202211010135,0.0,0.0
202211010155,0.0,0.0
202211010215,0.0,0.0
202211010235,0.0,0.0
202211010255,0.0,0.0
202211010315,0.0,0.0
202211010335,0.0,0.0
202211010355,0.0,0.0
202211010415,0.0,0.0
202211010435,0.0,0.0
202211010455,0.0,0.0
202211010515,230.0,2.1
202211010535,0.0,0.0
202211010550,0.0,0.0
202211010615,0.0,0.0
202211010635,0.0,0.0
202211010715,0.0,0.0
202211010735,0.0,0.0
202211010755,0.0,0.0
202211010815,0.0,0.0
202211010855,0.0,0.0
202211010915,0.0,0.0
202211010935,0.0,0.0
202211011015,0.0,0.0
202211011035,0.0,0.0
202211011055,0.0,0.0
202211011115,0.0,0.0
202211011135,0.0,0.0
202211011155,0.0,0.0
202211011215,0.0,0.0
202211011235,0.0,0.0
202211011255,0.0,0.0
202211011315,0.0,0.0
202211011335,0.0,0.0
202211011355,0.0,0.0
202211011435,60.0,1.5
202211011455,30.0,1.5
202211011515,40.0,2.1
202211011535,60.0,3.6
202211011555,40.0,2.1
202211011615,40.0,2.1
202211011630,80.0,1.5
202211011655,80.0,2.1
202211011715,70.0,2.1
202211011735,0.0,0.0
202211011755,20.0,3.1
202211011815,100.0,2.1
202211011835,,2.1
202211011855,50.0,1.5
202211011915,30.0,2.6
202211011935,10.0,2.6
202211011955,70.0,2.1
202211012015,40.0,2.6
202211012035,80.0,1.5
202211012055,0.0,0.0
202211012115,0.0,0.0
202211012135,0.0,0.0
202211012155,0.0,0.0
202211012215,0.0,0.0
202211012235,0.0,0.0
202211012255,0.0,0.0
202211012315,0.0,0.0
202211012335,0.0,0.0
202211012355,0.0,0.0
202211020015,0.0,0.0
202211020035,0.0,0.0
202211020055,0.0,0.0
202211020115,0.0,0.0
202211020155,0.0,0.0
202211020215,0.0,0.0
202211020235,0.0,0.0
202211020255,0.0,0.0
202211020315,0.0,0.0
202211020355,0.0,0.0
202211020415,0.0,0.0
202211020435,0.0,0.0
202211020455,0.0,0.0
202211020515,0.0,0.0
202211020535,0.0,0.0
202211020555,0.0,0.0
202211020615,0.0,0.0
202211020635,0.0,0.0
202211020655,0.0,0.0
202211020715,0.0,0.0
202211020735,0.0,0.0
202211020755,0.0,0.0
202211020815,0.0,0.0
202211020835,0.0,0.0
202211020855,0.0,0.0
202211020915,0.0,0.0
202211020935,0.0,0.0
202211020955,0.0,0.0
202211021015,0.0,0.0
202211021035,0.0,0.0
202211021055,50.0,2.1
202211021115,0.0,0.0
202211021135,0.0,0.0
202211021155,80.0,1.5
202211021215,0.0,0.0
202211021235,0.0,0.0
202211021255,0.0,0.0
202211021315,0.0,0.0
202211021335,0.0,0.0
202211021355,0.0,0.0
202211021415,0.0,0.0
202211021435,40.0,1.5
202211021455,40.0,1.5
202211021515,0.0,0.0
202211021535,0.0,0.0
202211021555,0.0,0.0
202211021615,120.0,1.5
202211021635,0.0,0.0
202211021655,180.0,1.5
202211021715,210.0,2.6
202211021755,200.0,2.1
202211021815,170.0,1.5
202211021835,200.0,2.1
202211021855,210.0,2.1
202211021915,210.0,3.1
202211021935,250.0,1.5
202211021955,0.0,0.0
202211022015,0.0,0.0
202211022035,0.0,0.0
202211022055,0.0,0.0
202211022115,0.0,0.0
202211022135,0.0,0.0
202211022155,0.0,0.0
202211022215,0.0,0.0
202211022235,0.0,0.0
202211022255,0.0,0.0
202211022315,0.0,0.0
202211022335,0.0,0.0
202211022355,0.0,0.0
202211030015,0.0,0.0
202211030035,0.0,0.0
202211030055,0.0,0.0
202211030115,0.0,0.0
202211030135,0.0,0.0
202211030155,0.0,0.0
202211030215,0.0,0.0
202211030235,0.0,0.0
202211030255,0.0,0.0
202211030315,0.0,0.0
202211030335,0.0,0.0
202211030355,0.0,0.0
202211030415,0.0,0.0
202211030435,0.0,0.0
202211030455,0.0,0.0
202211030515,0.0,0.0
202211030535,0.0,0.0
202211030555,0.0,0.0
202211030615,0.0,0.0
202211030635,0.0,0.0
202211030655,0.0,0.0
202211030715,0.0,0.0
202211030735,0.0,0.0
202211030755,0.0,0.0
202211030815,0.0,0.0
202211030835,0.0,0.0
202211030855,0.0,0.0
202211030915,0.0,0.0
202211030935,0.0,0.0
202211030955,0.0,0.0
202211031015,0.0,0.0
202211031035,0.0,0.0
202211031055,0.0,0.0
202211031115,0.0,0.0
202211031135,0.0,0.0
202211031155,0.0,0.0
202211031215,0.0,0.0
202211031235,0.0,0.0
202211031255,0.0,0.0
202211031315,0.0,0.0
202211031335,0.0,0.0
202211031355,0.0,0.0
202211031415,0.0,0.0
202211031435,0.0,0.0
202211031455,0.0,0.0
202211031515,0.0,0.0
202211031535,0.0,0.0
202211031555,210.0,2.1
202211031615,210.0,2.1
202211031635,170.0,1.5
202211031655,210.0,2.6
202211031715,210.0,1.5
202211031735,270.0,1.5
202211031755,160.0,2.1
202211031835,0.0,0.0
202211031855,220.0,2.1
202211031915,150.0,1.5
202211032015,130.0,2.6
202211032035,0.0,0.0
202211032055,0.0,0.0
202211032115,130.0,1.5
202211032155,0.0,0.0
202211032215,0.0,0.0
202211032255,0.0,0.0
202211032315,0.0,0.0
202211032335,0.0,0.0
202211032355,0.0,0.0
202211040015,0.0,0.0
202211040035,0.0,0.0
202211040055,0.0,0.0
202211040115,0.0,0.0
202211040135,0.0,0.0
202211040155,0.0,0.0
202211040215,0.0,0.0
202211040235,0.0,0.0
202211040255,0.0,0.0
202211040315,0.0,0.0
202211040335,0.0,0.0
202211040355,0.0,0.0
202211040415,0.0,0.0
202211040435,0.0,0.0
202211040455,0.0,0.0
202211040515,0.0,0.0
202211040535,0.0,0.0
202211040555,0.0,0.0
202211040615,0.0,0.0
202211040635,0.0,0.0
202211040655,0.0,0.0
202211040715,0.0,0.0
202211040735,0.0,0.0
202211040755,0.0,0.0
202211040815,0.0,0.0
202211040855,0.0,0.0
202211040915,0.0,0.0
202211040935,0.0,0.0
202211040955,0.0,0.0
202211041015,0.0,0.0
202211041035,0.0,0.0
202211041055,0.0,0.0
202211041115,0.0,0.0
202211041135,0.0,0.0
202211041215,0.0,0.0
202211041235,0.0,0.0
202211041255,0.0,0.0
202211041315,0.0,0.0
202211041335,0.0,0.0
202211041355,0.0,0.0
202211041415,0.0,0.0
202211041435,0.0,0.0
202211041455,240.0,1.5
202211041515,0.0,0.0
202211041535,190.0,2.6
202211041555,200.0,2.1
202211041615,190.0,2.6
202211041635,190.0,2.1
202211041655,130.0,1.5
202211041715,190.0,3.1
202211041735,190.0,2.1
202211041755,200.0,3.1
202211041815,170.0,2.6
202211041835,210.0,2.6
202211041855,190.0,2.1
202211041915,230.0,1.5
202211041935,150.0,2.6
202211041955,180.0,1.5
202211042015,200.0,2.6
202211042035,150.0,1.5
202211042055,0.0,0.0
202211042115,190.0,2.1
202211042135,190.0,3.1
202211042155,160.0,2.6
202211042215,190.0,1.5
202211042255,0.0,0.0
202211042315,0.0,0.0
202211042335,0.0,0.0
202211042355,0.0,0.0
202211050015,0.0,0.0
202211050035,0.0,0.0
202211050055,0.0,0.0
202211050115,0.0,0.0
202211050135,0.0,0.0
202211050155,0.0,0.0
202211050215,200.0,2.1
202211050235,200.0,1.5
202211050255,190.0,1.5
202211050315,0.0,0.0
202211050335,210.0,2.1
202211050355,220.0,1.5
202211050415,230.0,1.5
202211050435,240.0,1.5
202211050455,230.0,3.6
202211050515,220.0,3.1
202211050535,190.0,2.1
202211050555,180.0,2.6
202211050615,200.0,2.1
202211050635,200.0,2.6
202211050655,190.0,2.1
202211050715,200.0,2.1
202211050735,180.0,2.6
202211050755,170.0,2.1
202211050815,0.0,0.0
202211050835,200.0,2.1
202211050855,210.0,2.6
202211050955,0.0,0.0
202211051015,0.0,0.0
202211051055,0.0,0.0
202211051115,0.0,0.0
202211051135,260.0,1.5
202211051155,0.0,0.0
202211051215,190.0,2.1
202211051235,170.0,2.1
202211051255,230.0,1.5
202211051315,180.0,2.6
202211051335,170.0,3.6
202211051355,190.0,3.1
202211051415,190.0,4.1
202211051435,190.0,5.1
202211051455,190.0,4.1
202211051515,200.0,2.6
202211051535,200.0,2.6
202211051555,180.0,2.1
202211051615,180.0,4.1
202211051635,190.0,4.1
202211051655,210.0,3.1
202211051715,230.0,4.1
202211051735,230.0,3.6
202211051755,210.0,2.1
202211051815,0.0,0.0
202211051835,190.0,1.5
202211051855,170.0,2.1
202211051915,180.0,2.6
202211051935,200.0,1.5
202211051955,190.0,2.6
202211052015,190.0,3.1
202211052035,200.0,2.1
202211052055,200.0,2.6
202211052115,200.0,2.6
202211052135,200.0,2.1
202211052155,160.0,1.5
202211052215,230.0,2.1
202211052235,200.0,2.1
202211052255,210.0,2.1
202211052315,0.0,0.0
202211052335,190.0,3.1
202211052355,220.0,2.1
202211060015,220.0,2.1
202211060035,220.0,1.5
202211060055,250.0,2.6
202211060115,250.0,1.5
202211060135,180.0,1.5
202211060155,220.0,2.1
202211060215,190.0,1.5
202211060235,0.0,0.0
202211060255,180.0,2.1
202211060315,180.0,1.5
202211060335,180.0,1.5
202211060355,180.0,1.5
202211060415,180.0,1.5
202211060515,0.0,0.0
202211060535,0.0,0.0
202211060555,0.0,0.0
202211060615,0.0,0.0
202211060635,0.0,0.0
202211060655,0.0,0.0
202211060715,0.0,0.0
202211060735,0.0,0.0
202211060755,0.0,0.0
202211060815,0.0,0.0
202211060835,0.0,0.0
202211060855,0.0,0.0
202211060915,0.0,0.0
202211060935,0.0,0.0
202211060955,0.0,0.0
202211061015,0.0,0.0
202211061035,0.0,0.0
202211061055,0.0,0.0
202211061115,0.0,0.0
202211061135,0.0,0.0
202211061155,0.0,0.0
202211061215,0.0,0.0
202211061235,0.0,0.0
202211061255,0.0,0.0
202211061315,0.0,0.0
202211061335,0.0,0.0
202211061355,0.0,0.0
202211061415,0.0,0.0
202211061435,0.0,0.0
202211061515,0.0,0.0
202211061535,240.0,2.1
202211061555,230.0,2.6
202211061615,200.0,1.5
202211061635,210.0,1.5
202211061655,230.0,2.6
202211061715,210.0,1.5
202211061735,230.0,3.1
202211061755,220.0,3.1
202211061815,180.0,2.1
202211061835,240.0,3.6
202211061935,230.0,3.1
202211062015,170.0,2.1
202211062035,190.0,2.1
202211062055,210.0,2.6
202211062115,200.0,1.5
202211062135,180.0,1.5
202211062155,190.0,1.5
202211062215,180.0,1.5
202211062235,0.0,0.0
202211062255,0.0,0.0
202211062315,0.0,0.0
202211062335,0.0,0.0
202211062355,0.0,0.0
202211070015,0.0,0.0
202211070035,0.0,0.0
202211070055,0.0,0.0
202211070115,0.0,0.0
202211070155,0.0,0.0
202211070215,0.0,0.0
202211070235,0.0,0.0
202211070315,330.0,1.5
202211070335,0.0,0.0
202211070355,0.0,0.0
202211070415,0.0,0.0
202211070435,0.0,0.0
202211070455,0.0,0.0
202211070515,0.0,0.0
202211070535,0.0,0.0
202211070555,0.0,0.0
202211070615,0.0,0.0
202211070635,0.0,0.0
202211070655,0.0,0.0
202211070715,0.0,0.0
202211070735,0.0,0.0
202211070755,0.0,0.0
202211070815,0.0,0.0
202211070835,0.0,0.0
202211070855,0.0,0.0
202211070915,0.0,0.0
202211070935,0.0,0.0
202211070955,0.0,0.0
202211071015,0.0,0.0
202211071035,350.0,1.5
202211071055,0.0,0.0
202211071115,0.0,0.0
202211071135,30.0,1.5
202211071155,0.0,0.0
202211071215,0.0,0.0
202211071235,0.0,0.0
202211071255,0.0,0.0
202211071315,0.0,0.0
202211071335,0.0,0.0
202211071355,0.0,0.0
202211071415,0.0,0.0
202211071435,0.0,0.0
202211071455,0.0,0.0
202211071515,20.0,1.5
202211071535,20.0,1.5
202211071615,10.0,2.1
202211071635,30.0,1.5
202211071655,50.0,2.1
202211071715,30.0,2.1
202211071735,0.0,0.0
202211071755,30.0,1.5
202211071815,60.0,2.1
202211071835,20.0,4.6
202211071855,30.0,2.6
202211071915,10.0,3.6
202211071935,60.0,2.6
202211071955,30.0,3.1
202211072015,,3.1
202211072035,20.0,2.1
202211072055,,3.6
202211072115,10.0,2.6
202211072135,20.0,1.5
202211072215,10.0,2.6
202211072235,20.0,1.5
202211072255,0.0,0.0
202211072335,0.0,0.0
202211072355,0.0,0.0
202211080035,0.0,0.0
202211080055,0.0,0.0
202211080115,0.0,0.0
202211080135,0.0,0.0
202211080155,0.0,0.0
202211080215,0.0,0.0
202211080235,0.0,0.0
202211080255,0.0,0.0
202211080315,0.0,0.0
202211080335,0.0,0.0
202211080355,0.0,0.0
202211080415,0.0,0.0
202211080435,0.0,0.0
202211080455,0.0,0.0
202211080515,0.0,0.0
202211080535,50.0,1.5
202211080555,0.0,0.0
202211080615,0.0,0.0
202211080635,0.0,0.0
202211080655,0.0,0.0
202211080715,0.0,0.0
202211080735,0.0,0.0
202211080755,0.0,0.0
202211080815,0.0,0.0
202211080835,0.0,0.0
202211080855,0.0,0.0
202211080915,0.0,0.0
202211080935,0.0,0.0
202211080955,0.0,0.0
202211081015,0.0,0.0
202211081035,0.0,0.0
202211081055,0.0,0.0
202211081115,0.0,0.0
202211081135,0.0,0.0
202211081155,0.0,0.0
202211081215,0.0,0.0
202211081235,0.0,0.0
202211081255,40.0,1.5
202211081315,20.0,2.1
202211081335,10.0,2.6
202211081355,20.0,4.1
202211081415,30.0,2.6
202211081435,20.0,2.6
202211081455,20.0,3.6
202211081515,20.0,2.6
202211081535,50.0,2.1
202211081555,10.0,2.6
202211081635,60.0,2.1
202211081655,70.0,2.1
202211081715,,1.5
202211081735,10.0,2.1
202211081755,330.0,1.5
202211081835,40.0,2.6
202211081855,30.0,2.1
202211081915,20.0,2.1
202211081935,0.0,0.0
202211081955,0.0,0.0
202211082015,70.0,1.5
202211082035,0.0,0.0
202211082055,40.0,2.1
202211082115,40.0,1.5
202211082135,40.0,2.1
202211082155,0.0,0.0
202211082215,0.0,0.0
202211082235,0.0,0.0
202211082255,0.0,0.0
202211082315,0.0,0.0
202211082335,0.0,0.0
202211082355,0.0,0.0
202211090015,0.0,0.0
202211090035,0.0,0.0
202211090055,0.0,0.0
202211090115,0.0,0.0
202211090135,0.0,0.0
202211090155,0.0,0.0
202211090215,0.0,0.0
202211090235,0.0,0.0
202211090255,0.0,0.0
202211090315,0.0,0.0
202211090335,0.0,0.0
202211090355,0.0,0.0
202211090415,0.0,0.0
202211090455,0.0,0.0
202211090515,0.0,0.0
202211090535,0.0,0.0
202211090555,0.0,0.0
202211090615,0.0,0.0
202211090635,0.0,0.0
202211090715,240.0,1.5
202211090735,230.0,2.1
202211090755,0.0,0.0
202211090815,240.0,1.5
202211090835,230.0,1.5
202211090855,0.0,0.0
202211090915,0.0,0.0
202211090935,0.0,0.0
202211090955,230.0,1.5
202211091015,240.0,1.5
202211091035,0.0,0.0
202211091055,0.0,0.0
202211091115,0.0,0.0
202211091135,0.0,0.0
202211091155,0.0,0.0
202211091215,0.0,0.0
202211091235,0.0,0.0
202211091255,0.0,0.0
202211091315,0.0,0.0
202211091335,0.0,0.0
202211091355,220.0,1.5
202211091415,230.0,2.6
202211091435,230.0,2.1
202211091455,190.0,2.1
202211091515,0.0,0.0
202211091535,230.0,2.6
202211091555,250.0,2.6
202211091615,170.0,2.1
202211091635,170.0,2.1
202211091655,0.0,0.0
202211091715,0.0,0.0
202211091735,0.0,0.0
202211091755,200.0,2.6
202211091815,120.0,1.5
202211091835,170.0,2.6
202211091855,170.0,2.6
202211091915,110.0,2.1
202211091935,0.0,0.0
202211091955,0.0,0.0
202211092015,0.0,0.0
202211092035,0.0,0.0
202211092055,160.0,1.5
202211092115,0.0,0.0
202211092135,0.0,0.0
202211092155,0.0,0.0
202211092215,0.0,0.0
202211092235,0.0,0.0
202211092255,0.0,0.0
202211092315,0.0,0.0
202211092335,0.0,0.0
202211092355,0.0,0.0
202211100015,0.0,0.0
202211100035,0.0,0.0
202211100115,0.0,0.0
202211100135,0.0,0.0
202211100215,0.0,0.0
202211100235,0.0,0.0
202211100255,0.0,0.0
202211100335,0.0,0.0
202211100355,0.0,0.0
202211100415,0.0,0.0
202211100435,0.0,0.0
202211100455,0.0,0.0
202211100515,0.0,0.0
202211100535,0.0,0.0
202211100555,0.0,0.0
202211100615,0.0,0.0
202211100635,0.0,0.0
202211100655,0.0,0.0
202211100715,0.0,0.0
202211100735,0.0,0.0
202211100755,0.0,0.0
202211100835,0.0,0.0
202211100855,0.0,0.0
202211100915,0.0,0.0
202211100935,0.0,0.0
202211100955,0.0,0.0
202211101015,0.0,0.0
202211101035,0.0,0.0
202211101055,0.0,0.0
202211101115,0.0,0.0
202211101135,0.0,0.0
202211101155,0.0,0.0
202211101215,0.0,0.0
202211101235,0.0,0.0
202211101255,0.0,0.0
202211101315,0.0,0.0
202211101335,0.0,0.0
202211101355,50.0,2.1
202211101415,0.0,0.0
202211101435,10.0,3.6
202211101455,40.0,2.6
202211101515,50.0,2.1
202211101535,30.0,2.6
202211101555,60.0,1.5
202211101615,30.0,2.6
202211101635,20.0,2.6
202211101715,20.0,3.1
202211101735,30.0,3.1
202211101755,50.0,2.1
202211101815,10.0,4.1
202211101835,30.0,3.1
202211101855,20.0,2.6
202211101935,10.0,3.6
202211101955,30.0,3.1
202211102015,40.0,3.1
202211102035,20.0,3.6
202211102055,30.0,2.6
202211102115,30.0,2.1
202211102135,50.0,1.5
202211102155,30.0,1.5
202211102215,20.0,3.6
202211102235,30.0,1.5
202211102255,0.0,0.0
202211102315,30.0,1.5
202211102335,50.0,1.5
202211102355,40.0,1.5
202211110015,20.0,1.5
202211110035,30.0,2.6
202211110055,30.0,1.5
202211110115,0.0,0.0
202211110135,10.0,2.1
202211110155,0.0,0.0
202211110215,0.0,0.0
202211110235,0.0,0.0
202211110255,30.0,2.1
202211110315,0.0,0.0
202211110335,30.0,1.5
202211110355,20.0,1.5
202211110415,30.0,1.5
202211110455,20.0,2.1
202211110515,40.0,1.5
202211110535,30.0,1.5
202211110615,20.0,2.6
202211110635,20.0,2.6
202211110655,20.0,2.1
202211110715,0.0,0.0
202211110735,30.0,1.5
202211110755,30.0,2.1
202211110815,20.0,2.6
202211110835,10.0,3.1
202211110855,20.0,1.5
202211110915,10.0,3.6
202211110935,20.0,4.1
202211110955,10.0,4.6
202211111015,20.0,4.1
202211111035,20.0,4.1
202211111055,10.0,4.1
202211111115,20.0,4.6
202211111135,20.0,3.6
202211111155,10.0,4.1
202211111215,10.0,3.6
202211111235,10.0,4.1
202211111255,20.0,3.6
202211111315,10.0,4.6
202211111335,20.0,3.1
202211111355,20.0,3.6
202211111415,30.0,3.1
202211111435,10.0,3.6
202211111455,10.0,2.1
202211111515,,2.1
202211111535,10.0,2.1
202211111555,,2.6
202211111615,350.0,2.6
202211111635,20.0,2.1
202211111655,10.0,2.1
202211111715,10.0,2.1
202211111735,,1.5
202211111755,330.0,2.6
202211111815,0.0,0.0
202211111835,310.0,1.5
202211111855,320.0,3.6
202211111915,340.0,4.1
202211111935,330.0,2.6
202211111955,10.0,3.1
202211112015,340.0,3.6
202211112035,320.0,3.1
202211112055,350.0,4.1
202211112115,340.0,3.1
202211112135,320.0,3.6
202211112155,310.0,1.5
202211112215,10.0,3.1
202211112235,340.0,2.6
202211112255,10.0,2.6
202211112315,330.0,2.1
202211112335,320.0,3.1
202211112355,350.0,2.6
202211120015,350.0,1.5
202211120055,340.0,1.5
202211120115,0.0,0.0
202211120135,0.0,0.0
202211120155,0.0,0.0
202211120215,0.0,0.0
202211120235,0.0,0.0
202211120255,0.0,0.0
202211120315,0.0,0.0
202211120335,0.0,0.0
202211120355,0.0,0.0
202211120415,0.0,0.0
202211120435,0.0,0.0
202211120455,0.0,0.0
202211120515,0.0,0.0
202211120535,0.0,0.0
202211120555,0.0,0.0
202211120615,0.0,0.0
202211120635,0.0,0.0
202211120655,0.0,0.0
202211120715,0.0,0.0
202211120735,0.0,0.0
202211120755,0.0,0.0
202211120815,0.0,0.0
202211120835,0.0,0.0
202211120855,0.0,0.0
202211120915,0.0,0.0
202211120935,0.0,0.0
202211121015,0.0,0.0
202211121035,0.0,0.0
202211121055,0.0,0.0
202211121115,0.0,0.0
202211121135,0.0,0.0
202211121155,0.0,0.0
202211121215,0.0,0.0
202211121235,0.0,0.0
202211121255,0.0,0.0
202211121315,220.0,1.5
202211121335,200.0,2.1
202211121355,200.0,2.1
202211121415,230.0,2.1
202211121435,220.0,2.1
202211121455,230.0,1.5
202211121515,300.0,3.1
202211121535,320.0,5.1
202211121555,350.0,3.6
202211121615,310.0,2.1
202211121635,330.0,3.1
202211121655,330.0,3.6
202211121715,320.0,4.1
202211121735,320.0,3.6
202211121755,,3.1
202211121815,350.0,3.1
202211121835,10.0,3.6
202211121855,,5.1
202211121915,330.0,2.6
202211121935,310.0,3.6
202211121955,320.0,3.6
202211122015,300.0,3.6
202211122035,340.0,2.6
202211122055,320.0,3.1
202211122115,350.0,4.6
202211122135,330.0,4.1
202211122155,350.0,3.6
202211122215,330.0,4.6
202211122235,340.0,4.6
202211122255,,3.1
202211122335,10.0,5.1
202211122355,20.0,4.6
202211130015,20.0,5.1
202211130035,340.0,3.6
202211130055,350.0,2.6
202211130115,340.0,2.6
202211130135,10.0,2.6
202211130155,,2.1
202211130215,340.0,3.6
202211130235,330.0,3.1
202211130255,,3.6
202211130315,340.0,2.6
202211130335,,4.1
202211130355,340.0,4.1
202211130415,350.0,3.1
202211130435,10.0,3.1
202211130455,10.0,2.6
202211130515,,2.6
202211130535,340.0,2.6
202211130615,10.0,3.1
202211130635,350.0,3.6
202211130655,340.0,3.1
202211130715,,2.6
202211130735,340.0,3.6
202211130755,350.0,4.1
202211130815,,4.1
202211130835,10.0,6.2
202211130855,20.0,4.1
202211130915,20.0,5.7
202211130935,10.0,5.1
202211130955,10.0,5.1
202211131015,350.0,4.6
202211131035,,3.6
202211131055,,3.1
202211131115,10.0,2.6
202211131135,,3.1
202211131155,,4.1
202211131215,10.0,4.6
202211131235,10.0,4.1
202211131255,20.0,4.1
202211131315,20.0,4.6
202211131335,10.0,5.7
202211131355,10.0,5.1
202211131415,10.0,3.1
202211131435,10.0,6.2
202211131455,20.0,4.6
202211131515,10.0,3.6
202211131535,20.0,4.6
202211131555,10.0,5.7
202211131615,10.0,4.6
202211131635,30.0,4.1
202211131655,20.0,4.6
202211131715,30.0,3.6
202211131735,20.0,4.6
202211131815,20.0,5.1
202211131835,10.0,5.7
202211131855,30.0,5.1
202211131915,30.0,4.6
202211131935,40.0,5.1
202211131955,20.0,3.6
202211132015,30.0,4.6
202211132035,30.0,3.6
202211132055,20.0,5.1
202211132115,30.0,4.1
202211132135,30.0,3.6
202211132155,20.0,3.1
202211132215,20.0,5.1
202211132235,20.0,4.1
202211132255,20.0,2.6
202211132315,30.0,4.1
202211132335,30.0,2.6
202211132355,20.0,3.1
202211140015,20.0,4.1
202211140035,20.0,4.6
202211140055,30.0,3.1
202211140135,20.0,3.1
202211140155,20.0,3.1
202211140215,30.0,3.1
202211140235,20.0,2.6
202211140255,20.0,3.1
202211140315,20.0,2.6
202211140335,20.0,2.6
202211140355,20.0,2.1
202211140415,20.0,2.6
202211140435,20.0,2.1
202211140455,40.0,1.5
202211140515,30.0,1.5
202211140535,30.0,1.5
202211140555,0.0,0.0
202211140615,0.0,0.0
202211140635,0.0,0.0
202211140655,0.0,0.0
202211140715,0.0,0.0
202211140735,0.0,0.0
202211140755,0.0,0.0
202211140815,0.0,0.0
202211140835,0.0,0.0
202211140855,0.0,0.0
202211140915,0.0,0.0
202211140955,0.0,0.0
202211141015,0.0,0.0
202211141035,0.0,0.0
202211141055,0.0,0.0
202211141115,0.0,0.0
202211141135,0.0,0.0
202211141155,0.0,0.0
202211141215,0.0,0.0
202211141235,0.0,0.0
202211141255,0.0,0.0
202211141315,0.0,0.0
202211141335,0.0,0.0
202211141355,0.0,0.0
202211141415,0.0,0.0
202211141435,0.0,0.0
202211141455,0.0,0.0
202211141515,0.0,0.0
202211141535,0.0,0.0
202211141555,0.0,0.0
202211141615,0.0,0.0
202211141635,0.0,0.0
202211141655,0.0,0.0
202211141715,350.0,1.5
202211141735,260.0,2.1
202211141755,0.0,0.0
202211141815,0.0,0.0
202211141835,190.0,1.5
202211141855,0.0,0.0
202211141915,170.0,2.1
202211141935,0.0,0.0
202211141955,0.0,0.0
202211142015,170.0,2.1
202211142035,0.0,0.0
202211142055,0.0,0.0
202211142135,0.0,0.0
202211142155,0.0,0.0
202211142215,0.0,0.0
202211142235,0.0,0.0
202211142255,0.0,0.0
202211142315,0.0,0.0
202211142335,0.0,0.0
202211142355,0.0,0.0
202211150015,0.0,0.0
202211150035,0.0,0.0
202211150055,0.0,0.0
202211150115,0.0,0.0
202211150135,0.0,0.0
202211150155,0.0,0.0
202211150215,210.0,1.5
202211150235,190.0,3.1
202211150255,220.0,2.6
202211150315,210.0,1.5
202211150335,220.0,1.5
202211150355,200.0,2.1
202211150415,220.0,2.6
202211150435,200.0,1.5
202211150455,210.0,1.5
202211150515,220.0,1.5
202211150615,250.0,2.1
202211150635,0.0,0.0
202211150715,0.0,0.0
202211150755,0.0,0.0
202211150815,0.0,0.0
202211150835,0.0,0.0
202211150855,0.0,0.0
202211150915,0.0,0.0
202211150935,0.0,0.0
202211150955,0.0,0.0
202211151035,0.0,0.0
202211151055,0.0,0.0
202211151115,30.0,2.1
202211151135,0.0,0.0
202211151155,30.0,1.5
202211151215,30.0,1.5
202211151235,0.0,0.0
202211151255,0.0,0.0
202211151315,0.0,0.0
202211151335,0.0,0.0
202211151355,,1.5
202211151415,,1.5
202211151435,0.0,0.0
202211151515,0.0,0.0
202211151535,0.0,0.0
202211151555,20.0,1.5
202211151615,0.0,0.0
202211151635,10.0,1.5
202211151655,,1.5
202211151715,,1.5
202211151735,0.0,0.0
202211151755,0.0,0.0
202211151815,0.0,0.0
202211151835,0.0,0.0
202211151855,0.0,0.0
202211151915,0.0,0.0
202211151935,0.0,0.0
202211151955,0.0,0.0
202211152015,0.0,0.0
202211152035,0.0,0.0
202211152055,0.0,0.0
202211152115,0.0,0.0
202211152135,0.0,0.0
202211152155,0.0,0.0
202211152215,0.0,0.0
202211152235,0.0,0.0
202211152255,0.0,0.0
202211152315,0.0,0.0
202211152335,10.0,1.5
202211152355,0.0,0.0
202211160015,0.0,0.0
202211160035,0.0,0.0
202211160055,0.0,0.0
202211160115,0.0,0.0
202211160135,350.0,2.1
202211160155,10.0,2.1
202211160215,,2.1
202211160235,350.0,2.6
202211160255,320.0,3.1
202211160315,320.0,2.6
202211160335,340.0,1.5
202211160355,350.0,2.6
202211160415,340.0,3.1
202211160435,350.0,2.6
202211160455,340.0,3.1
202211160515,330.0,3.6
202211160535,330.0,2.1
202211160555,350.0,2.6
202211160615,350.0,3.6
202211160635,350.0,2.6
202211160655,10.0,4.1
202211160735,10.0,3.1
202211160755,10.0,3.1
202211160815,10.0,4.1
202211160835,,3.6
202211160855,20.0,2.6
202211160915,10.0,3.1
202211160935,20.0,2.6
202211161015,340.0,3.1
202211161035,350.0,3.6
202211161055,10.0,1.5
202211161115,10.0,4.6
202211161215,,3.6
202211161235,350.0,3.1
202211161255,,3.6
202211161315,10.0,3.1
202211161335,10.0,2.1
202211161355,20.0,4.1
202211161415,,2.6
202211161435,,3.6
202211161455,20.0,3.6
202211161515,340.0,3.6
202211161535,40.0,3.6
202211161555,30.0,3.1
202211161615,20.0,3.6
202211161635,0.0,0.0
202211161655,330.0,2.1
202211161715,,2.6
202211161735,340.0,3.6
202211161755,320.0,2.1
202211161815,350.0,3.1
202211161835,330.0,2.1
202211161855,320.0,1.5
202211161915,330.0,3.1
202211161935,10.0,5.1
202211161955,350.0,3.1
202211162015,,3.1
202211162035,340.0,3.1
202211162055,350.0,4.1
202211162115,350.0,2.1
202211162135,350.0,2.6
202211162155,330.0,3.1
202211162215,330.0,2.1
202211162235,0.0,0.0
202211162315,0.0,0.0
202211162335,0.0,0.0
202211162355,0.0,0.0
202211170015,0.0,0.0
202211170035,0.0,0.0
202211170115,0.0,0.0
202211170135,0.0,0.0
202211170155,0.0,0.0
202211170215,0.0,0.0
202211170235,0.0,0.0
202211170255,0.0,0.0
202211170315,0.0,0.0
202211170335,0.0,0.0
202211170355,0.0,0.0
202211170415,0.0,0.0
202211170435,0.0,0.0
202211170455,0.0,0.0
202211170515,0.0,0.0
202211170555,0.0,0.0
202211170615,0.0,0.0
202211170635,0.0,0.0
202211170655,0.0,0.0
202211170715,0.0,0.0
202211170735,0.0,0.0
202211170755,0.0,0.0
202211170835,,1.5
202211170855,10.0,2.6
202211170915,,3.6
202211170935,10.0,1.5
202211170955,0.0,0.0
202211171015,0.0,0.0
202211171035,350.0,1.5
202211171055,340.0,2.6
202211171115,0.0,0.0
202211171135,0.0,0.0
202211171155,0.0,0.0
202211171215,0.0,0.0
202211171235,0.0,0.0
202211171255,10.0,2.6
202211171315,20.0,2.1
202211171335,40.0,3.1
202211171355,30.0,3.1
202211171415,40.0,3.6
202211171435,30.0,3.1
202211171455,50.0,3.6
202211171515,20.0,2.6
202211171535,,2.6
202211171555,20.0,3.6
202211171615,30.0,2.6
202211171635,350.0,3.1
202211171655,,2.1
202211171715,60.0,2.1
202211171755,340.0,3.6
202211171815,350.0,3.1
202211171835,0.0,0.0
202211171855,,1.5
202211171915,330.0,4.1
202211171935,350.0,4.1
202211172015,0.0,0.0
202211172035,320.0,2.6
202211172055,320.0,3.1
202211172115,350.0,2.1
202211172135,340.0,3.1
202211172155,0.0,0.0
202211172215,0.0,0.0
202211172235,0.0,0.0
202211172255,0.0,0.0
202211172315,0.0,0.0
202211172335,0.0,0.0
202211172355,0.0,0.0
202211180015,0.0,0.0
202211180035,0.0,0.0
202211180055,0.0,0.0
202211180115,0.0,0.0
202211180135,0.0,0.0
202211180155,0.0,0.0
202211180215,0.0,0.0
202211180235,0.0,0.0
202211180255,0.0,0.0
202211180315,0.0,0.0
202211180335,0.0,0.0
202211180355,0.0,0.0
202211180415,0.0,0.0
202211180435,0.0,0.0
202211180455,0.0,0.0
202211180515,0.0,0.0
202211180535,0.0,0.0
202211180555,0.0,0.0
202211180635,0.0,0.0
202211180655,0.0,0.0
202211180715,0.0,0.0
202211180735,0.0,0.0
202211180755,0.0,0.0
202211180815,0.0,0.0
202211180835,0.0,0.0
202211180855,0.0,0.0
202211180915,0.0,0.0
202211180935,0.0,0.0
202211180955,0.0,0.0
202211181015,0.0,0.0
202211181035,20.0,1.5
202211181055,0.0,0.0
202211181115,0.0,0.0
202211181135,0.0,0.0
202211181155,0.0,0.0
202211181215,0.0,0.0
202211181235,0.0,0.0
202211181255,0.0,0.0
202211181315,0.0,0.0
202211181335,0.0,0.0
202211181355,0.0,0.0
202211181455,0.0,0.0
202211181515,0.0,0.0
202211181535,0.0,0.0
202211181555,0.0,0.0
202211181615,0.0,0.0
202211181655,0.0,0.0
202211181715,340.0,2.6
202211181735,340.0,3.6
202211181755,340.0,3.1
202211181815,0.0,0.0
202211181835,330.0,2.6
202211181855,280.0,3.1
202211181915,350.0,3.1
202211181955,320.0,3.1
202211182015,260.0,2.6
202211182035,310.0,1.5
202211182055,280.0,1.5
202211182115,350.0,4.1
202211182135,340.0,2.1
202211182155,0.0,0.0
202211182215,0.0,0.0
202211182235,0.0,0.0
202211182255,0.0,0.0
202211182315,0.0,0.0
202211182355,0.0,0.0
202211190015,0.0,0.0
202211190035,0.0,0.0
202211190055,0.0,0.0
202211190115,0.0,0.0
202211190135,250.0,1.5
202211190215,290.0,2.1
202211190235,0.0,0.0
202211190255,0.0,0.0
202211190315,0.0,0.0
202211190335,0.0,0.0
202211190355,0.0,0.0
202211190415,0.0,0.0
202211190435,0.0,0.0
202211190455,0.0,0.0
202211190515,0.0,0.0
202211190535,0.0,0.0
202211190555,0.0,0.0
202211190615,0.0,0.0
202211190635,0.0,0.0
202211190655,0.0,0.0
202211190715,0.0,0.0
202211190735,0.0,0.0
202211190755,0.0,0.0
202211190815,0.0,0.0
202211190835,0.0,0.0
202211190855,0.0,0.0
202211190915,0.0,0.0
202211190935,0.0,0.0
202211190955,0.0,0.0
202211191015,0.0,0.0
202211191035,0.0,0.0
202211191055,0.0,0.0
202211191115,0.0,0.0
202211191135,0.0,0.0
202211191155,0.0,0.0
202211191215,0.0,0.0
202211191235,0.0,0.0
202211191255,0.0,0.0
202211191315,0.0,0.0
202211191335,0.0,0.0
202211191355,0.0,0.0
202211191415,0.0,0.0
202211191435,0.0,0.0
202211191455,0.0,0.0
202211191515,350.0,1.5
202211191535,0.0,0.0
202211191555,0.0,0.0
202211191615,0.0,0.0
202211191635,150.0,1.5
202211191655,250.0,2.1
202211191715,130.0,1.5
202211191735,0.0,0.0
202211191755,220.0,2.1
202211191815,180.0,2.6
202211191835,0.0,0.0
202211191855,260.0,2.6
202211191915,280.0,3.1
202211191935,280.0,3.6
202211191955,290.0,2.6
202211192015,290.0,4.6
202211192035,300.0,3.1
202211192055,280.0,4.1
202211192115,290.0,1.5
202211192135,330.0,2.6
202211192155,300.0,2.1
202211192215,240.0,2.6
202211192235,260.0,2.6
202211192255,260.0,2.1
202211192315,240.0,1.5
202211192335,0.0,0.0
202211192355,0.0,0.0
202211200015,0.0,0.0
202211200035,0.0,0.0
202211200055,0.0,0.0
202211200115,0.0,0.0
202211200135,0.0,0.0
202211200155,0.0,0.0
202211200215,0.0,0.0
202211200235,0.0,0.0
202211200255,0.0,0.0
202211200315,0.0,0.0
202211200335,310.0,2.6
202211200355,330.0,2.1
202211200415,330.0,3.1
202211200435,330.0,4.1
202211200455,340.0,2.6
202211200515,,1.5
202211200535,0.0,0.0
202211200555,10.0,1.5
202211200615,10.0,1.5
202211200635,,2.6
202211200655,20.0,1.5
202211200715,,2.1
202211200735,,1.5
202211200755,0.0,0.0
202211200815,0.0,0.0
202211200835,0.0,0.0
202211200855,0.0,0.0
202211200915,0.0,0.0
202211200935,0.0,0.0
202211200955,0.0,0.0
202211201015,0.0,0.0
202211201035,0.0,0.0
202211201055,0.0,0.0
202211201115,0.0,0.0
202211201135,0.0,0.0
202211201155,20.0,2.6
202211201215,10.0,2.6
202211201235,10.0,3.6
202211201255,20.0,3.6
202211201315,30.0,3.1
202211201335,20.0,3.1
202211201355,10.0,3.1
202211201415,30.0,3.6
202211201435,10.0,4.6
202211201455,30.0,4.6
202211201515,30.0,3.1
202211201535,20.0,3.1
202211201555,30.0,5.1
202211201615,20.0,5.1
202211201655,20.0,5.1
202211201715,20.0,5.1
202211201735,30.0,4.6
202211201755,10.0,4.1
202211201815,40.0,2.6
202211201835,30.0,4.6
202211201855,30.0,4.6
202211201915,30.0,4.1
202211201935,10.0,3.6
202211201955,40.0,3.1
202211202015,40.0,3.1
202211202035,50.0,3.6
202211202055,10.0,4.1
202211202115,20.0,3.1
202211202135,30.0,3.6
202211202155,30.0,3.1
202211202215,40.0,1.5
202211202235,40.0,2.1
202211202255,0.0,0.0
202211202315,0.0,0.0
202211202335,0.0,0.0
202211202355,0.0,0.0
202211210015,0.0,0.0
202211210035,0.0,0.0
202211210055,0.0,0.0
202211210115,0.0,0.0
202211210135,0.0,0.0
202211210155,0.0,0.0
202211210215,0.0,0.0
202211210230,0.0,0.0
202211210255,0.0,0.0
202211210315,0.0,0.0
202211210335,0.0,0.0
202211210355,0.0,0.0
202211210415,0.0,0.0
202211210435,0.0,0.0
202211210455,0.0,0.0
202211210535,0.0,0.0
202211210555,0.0,0.0
202211210615,0.0,0.0
202211210655,0.0,0.0
202211210715,0.0,0.0
202211210735,0.0,0.0
202211210755,0.0,0.0
202211210815,0.0,0.0
202211210835,0.0,0.0
202211210855,0.0,0.0
202211210915,0.0,0.0
202211210935,0.0,0.0
202211210955,0.0,0.0
202211211035,0.0,0.0
202211211055,0.0,0.0
202211211115,0.0,0.0
202211211135,0.0,0.0
202211211155,0.0,0.0
202211211215,0.0,0.0
202211211235,0.0,0.0
202211211255,0.0,0.0
202211211315,0.0,0.0
202211211335,0.0,0.0
202211211355,0.0,0.0
202211211415,0.0,0.0
202211211435,0.0,0.0
202211211455,0.0,0.0
202211211515,220.0,2.1
202211211535,220.0,2.6
202211211555,220.0,2.6
202211211615,210.0,2.1
202211211635,210.0,2.1
202211211655,230.0,2.6
202211211715,230.0,3.1
202211211735,190.0,1.5
202211211835,0.0,0.0
202211211855,250.0,3.1
202211211915,260.0,2.6
202211211935,0.0,0.0
202211211955,0.0,0.0
202211212015,0.0,0.0
202211212035,0.0,0.0
202211212055,0.0,0.0
202211212115,0.0,0.0
202211212135,0.0,0.0
202211212155,0.0,0.0
202211212215,0.0,0.0
202211212235,0.0,0.0
202211212255,0.0,0.0
202211212315,0.0,0.0
202211212335,0.0,0.0
202211212355,0.0,0.0
202211220015,0.0,0.0
202211220035,0.0,0.0
202211220055,0.0,0.0
202211220135,0.0,0.0
202211220235,0.0,0.0
202211220255,0.0,0.0
202211220315,0.0,0.0
202211220335,0.0,0.0
202211220355,0.0,0.0
202211220415,0.0,0.0
202211220435,0.0,0.0
202211220455,0.0,0.0
202211220515,0.0,0.0
202211220535,0.0,0.0
202211220555,0.0,0.0
202211220615,0.0,0.0
202211220635,0.0,0.0
202211220655,0.0,0.0
202211220715,0.0,0.0
202211220735,0.0,0.0
202211220755,0.0,0.0
202211220815,0.0,0.0
202211220835,0.0,0.0
202211220855,0.0,0.0
202211220915,0.0,0.0
202211220935,0.0,0.0
202211220955,0.0,0.0
202211221015,0.0,0.0
202211221035,0.0,0.0
202211221055,0.0,0.0
202211221115,0.0,0.0
202211221135,0.0,0.0
202211221155,60.0,2.1
202211221215,40.0,1.5
202211221235,50.0,1.5
202211221255,40.0,2.1
202211221315,50.0,2.6
202211221335,70.0,1.5
202211221355,60.0,1.5
202211221415,70.0,1.5
202211221435,70.0,1.5
202211221455,60.0,1.5
202211221515,70.0,2.1
202211221535,0.0,0.0
202211221555,50.0,1.5
202211221615,0.0,0.0
202211221635,0.0,0.0
202211221655,0.0,0.0
202211221715,40.0,1.5
202211221755,0.0,0.0
202211221815,0.0,0.0
202211221835,0.0,0.0
202211221855,0.0,0.0
202211221915,0.0,0.0
202211221935,0.0,0.0
202211221955,0.0,0.0
202211222035,0.0,0.0
202211222055,0.0,0.0
202211222115,0.0,0.0
202211222135,0.0,0.0
202211222155,0.0,0.0
202211222215,0.0,0.0
202211222235,0.0,0.0
202211222255,0.0,0.0
202211222315,0.0,0.0
202211222355,0.0,0.0
202211230015,0.0,0.0
202211230035,0.0,0.0
202211230055,0.0,0.0
202211230115,0.0,0.0
202211230135,0.0,0.0
202211230155,0.0,0.0
202211230215,0.0,0.0
202211230235,0.0,0.0
202211230255,0.0,0.0
202211230315,0.0,0.0
202211230335,0.0,0.0
202211230355,0.0,0.0
202211230415,0.0,0.0
202211230435,0.0,0.0
202211230455,0.0,0.0
202211230515,0.0,0.0
202211230535,0.0,0.0
202211230615,0.0,0.0
202211230635,0.0,0.0
202211230655,0.0,0.0
202211230715,0.0,0.0
202211230735,0.0,0.0
202211230755,0.0,0.0
202211230815,0.0,0.0
202211230835,0.0,0.0
202211230855,0.0,0.0
202211230915,0.0,0.0
202211230955,0.0,0.0
202211231015,0.0,0.0
202211231035,0.0,0.0
202211231055,0.0,0.0
202211231135,0.0,0.0
202211231155,10.0,1.5
202211231215,0.0,0.0
202211231255,40.0,1.5
202211231315,50.0,1.5
202211231335,40.0,2.1
202211231355,40.0,2.1
202211231415,50.0,2.1
202211231435,60.0,2.1
202211231455,70.0,2.1
202211231515,50.0,2.1
202211231535,40.0,2.1
202211231615,60.0,2.1
202211231635,70.0,2.6
202211231655,40.0,3.1
202211231715,40.0,2.1
202211231735,60.0,2.6
202211231755,20.0,2.1
202211231815,70.0,2.1
202211231855,80.0,1.5
202211231915,10.0,2.1
202211231935,0.0,0.0
202211231955,,2.6
202211232015,10.0,2.6
202211232035,10.0,1.5
202211232055,20.0,2.1
202211232115,0.0,0.0
202211232135,10.0,1.5
202211232155,10.0,2.1
202211232215,0.0,0.0
202211232235,0.0,0.0
202211232255,0.0,0.0
202211232315,0.0,0.0
202211232335,0.0,0.0
202211232355,0.0,0.0
202211240015,0.0,0.0
202211240035,0.0,0.0
202211240055,0.0,0.0
202211240115,0.0,0.0
202211240135,0.0,0.0
202211240155,0.0,0.0
202211240215,0.0,0.0
202211240235,0.0,0.0
202211240255,0.0,0.0
202211240315,0.0,0.0
202211240335,0.0,0.0
202211240355,0.0,0.0
202211240415,0.0,0.0
202211240435,0.0,0.0
202211240455,0.0,0.0
202211240515,0.0,0.0
202211240535,0.0,0.0
202211240555,0.0,0.0
202211240615,0.0,0.0
202211240635,0.0,0.0
202211240735,0.0,0.0
202211240755,0.0,0.0
202211240815,0.0,0.0
202211240835,0.0,0.0
202211240855,0.0,0.0
202211240915,0.0,0.0
202211240935,0.0,0.0
202211241015,0.0,0.0
202211241035,0.0,0.0
202211241055,0.0,0.0
202211241115,0.0,0.0
202211241135,0.0,0.0
202211241155,0.0,0.0
202211241215,0.0,0.0
202211241235,0.0,0.0
202211241255,0.0,0.0
202211241315,0.0,0.0
202211241335,0.0,0.0
202211241355,0.0,0.0
202211241435,0.0,0.0
202211241455,0.0,0.0
202211241515,0.0,0.0
202211241555,0.0,0.0
202211241615,0.0,0.0
202211241635,0.0,0.0
202211241655,0.0,0.0
202211241715,230.0,2.6
202211241735,0.0,0.0
202211241755,170.0,2.1
202211241835,160.0,1.5
202211241855,190.0,1.5
202211241915,160.0,1.5
202211241935,180.0,3.1
202211241955,180.0,2.1
202211242015,190.0,1.5
202211242035,0.0,0.0
202211242055,0.0,0.0
202211242115,0.0,0.0
202211242135,0.0,0.0
202211242155,0.0,0.0
202211242215,0.0,0.0
202211242235,0.0,0.0
202211242255,0.0,0.0
202211242315,0.0,0.0
202211242335,0.0,0.0
202211242355,0.0,0.0
202211250015,0.0,0.0
202211250035,0.0,0.0
202211250055,0.0,0.0
202211250115,0.0,0.0
202211250135,0.0,0.0
202211250155,0.0,0.0
202211250215,0.0,0.0
202211250235,0.0,0.0
202211250255,0.0,0.0
202211250315,0.0,0.0
202211250335,0.0,0.0
202211250355,0.0,0.0
202211250415,220.0,1.5
202211250435,220.0,1.5
202211250455,220.0,1.5
202211250535,0.0,0.0
202211250555,0.0,0.0
202211250615,0.0,0.0
202211250635,0.0,0.0
202211250655,0.0,0.0
202211250715,0.0,0.0
202211250735,0.0,0.0
202211250755,0.0,0.0
202211250815,0.0,0.0
202211250835,0.0,0.0
202211250855,0.0,0.0
202211250915,0.0,0.0
202211250935,0.0,0.0
202211250955,0.0,0.0
202211251015,0.0,0.0
202211251035,0.0,0.0
202211251055,0.0,0.0
202211251115,0.0,0.0
202211251155,60.0,1.5
202211251215,50.0,1.5
202211251235,0.0,0.0
202211251255,0.0,0.0
202211251315,40.0,2.1
202211251355,40.0,2.1
202211251415,50.0,2.1
202211251435,0.0,0.0
202211251455,30.0,1.5
202211251515,0.0,0.0
202211251535,0.0,0.0
202211251555,60.0,1.5
202211251615,0.0,0.0
202211251635,0.0,0.0
202211251655,70.0,1.5
202211251715,40.0,2.6
202211251735,20.0,2.6
202211251755,30.0,4.1
202211251815,20.0,4.6
202211251835,20.0,5.1
202211251855,20.0,5.7
202211251915,40.0,4.1
202211251935,20.0,3.6
202211251955,20.0,4.6
202211252015,10.0,5.1
202211252035,20.0,4.6
202211252115,20.0,4.6
202211252155,10.0,4.1
202211252235,0.0,0.0
202211252255,0.0,0.0
202211252315,0.0,0.0
202211252335,0.0,0.0
202211252355,0.0,0.0
202211260015,0.0,0.0
202211260035,0.0,0.0
202211260055,0.0,0.0
202211260115,0.0,0.0
202211260135,40.0,1.5
202211260155,40.0,2.1
202211260215,0.0,0.0
202211260235,0.0,0.0
202211260255,0.0,0.0
202211260315,0.0,0.0
202211260335,50.0,1.5
202211260355,50.0,1.5
202211260415,50.0,1.5
202211260435,0.0,0.0
202211260455,0.0,0.0
202211260515,30.0,1.5
202211260535,0.0,0.0
202211260555,0.0,0.0
202211260615,0.0,0.0
202211260635,0.0,0.0
202211260655,0.0,0.0
202211260715,0.0,0.0
202211260735,0.0,0.0
202211260815,0.0,0.0
202211260835,0.0,0.0
202211260855,0.0,0.0
202211260915,0.0,0.0
202211260935,0.0,0.0
202211260955,0.0,0.0
202211261015,0.0,0.0
202211261035,0.0,0.0
202211261055,0.0,0.0
202211261115,0.0,0.0
202211261135,0.0,0.0
202211261155,0.0,0.0
202211261215,0.0,0.0
202211261235,0.0,0.0
202211261255,0.0,0.0
202211261315,0.0,0.0
202211261335,0.0,0.0
202211261355,40.0,1.5
202211261415,0.0,0.0
202211261435,50.0,1.5
202211261455,0.0,0.0
202211261515,0.0,0.0
202211261535,0.0,0.0
202211261555,0.0,0.0
202211261615,260.0,1.5
202211261635,0.0,0.0
202211261655,250.0,1.5
202211261715,0.0,0.0
202211261735,180.0,2.1
202211261755,190.0,2.6
202211261815,190.0,3.1
202211261835,190.0,4.1
202211261915,180.0,3.1
202211261935,180.0,3.6
202211261955,170.0,2.6
202211262015,0.0,0.0
202211262035,180.0,1.5
202211262055,170.0,1.5
202211262115,190.0,2.1
202211262135,0.0,0.0
202211262215,0.0,0.0
202211262255,0.0,0.0
202211262315,150.0,2.6
202211262335,180.0,2.6
202211262355,190.0,3.1
202211270015,180.0,2.6
202211270035,180.0,3.6
202211270115,200.0,1.5
202211270155,200.0,1.5
202211270215,180.0,1.5
202211270235,190.0,2.6
202211270255,200.0,2.6
202211270315,190.0,3.1
202211270355,230.0,1.5
202211270415,230.0,1.5
202211270435,230.0,2.1
202211270455,230.0,2.6
202211270515,190.0,2.1
202211270535,190.0,3.1
202211270555,170.0,2.1
202211270615,210.0,1.5
202211270635,210.0,1.5
202211270655,210.0,2.6
202211270735,200.0,3.1
202211270755,210.0,3.1
202211270835,210.0,2.1
202211270915,200.0,1.5
202211270935,190.0,2.1
202211270955,190.0,2.6
202211271015,0.0,0.0
202211271055,250.0,2.1
202211271115,230.0,2.1
202211271135,230.0,1.5
202211271155,0.0,0.0
202211271215,180.0,3.6
202211271235,200.0,1.5
202211271255,210.0,1.5
202211271315,200.0,3.6
202211271335,220.0,5.7
202211271355,240.0,5.7
202211271435,230.0,4.1
202211271455,240.0,8.2
202211271515,230.0,6.2
202211271535,240.0,7.2
202211271555,230.0,6.7
202211271615,250.0,5.7
202211271635,230.0,8.7
202211271655,240.0,7.2
202211271715,230.0,9.3
202211271735,240.0,8.2
202211271755,230.0,7.7
202211271815,230.0,6.7
202211271835,240.0,5.1
202211271855,250.0,7.2
202211271915,250.0,6.7
202211271935,240.0,4.6
202211271955,260.0,5.7
202211272015,240.0,5.7
202211272035,240.0,4.6
202211272055,240.0,5.7
202211272115,260.0,4.6
202211272135,250.0,4.6
202211272155,230.0,4.1
202211272215,240.0,3.6
202211272235,250.0,4.6
202211272255,250.0,2.1
202211272315,250.0,4.1
202211272335,220.0,2.6
202211272355,230.0,2.1
202211280015,230.0,2.1
202211280035,0.0,0.0
202211280055,0.0,0.0
202211280115,0.0,0.0
202211280135,0.0,0.0
202211280155,0.0,0.0
202211280215,0.0,0.0
202211280235,0.0,0.0
202211280255,320.0,2.6
202211280315,280.0,2.1
202211280335,0.0,0.0
202211280355,340.0,1.5
202211280415,320.0,2.6
202211280435,340.0,2.6
202211280455,0.0,0.0
202211280515,0.0,0.0
202211280535,250.0,2.6
202211280555,230.0,1.5
202211280615,250.0,2.6
202211280635,0.0,0.0
202211280655,0.0,0.0
202211280715,0.0,0.0
202211280735,310.0,3.6
202211280755,280.0,3.1
202211280815,300.0,1.5
202211280835,280.0,1.5
202211280855,300.0,1.5
202211280915,330.0,2.1
202211280935,0.0,0.0
202211280955,0.0,0.0
202211281015,,2.1
202211281035,0.0,0.0
202211281055,0.0,0.0
202211281115,0.0,0.0
202211281135,280.0,2.6
202211281155,290.0,1.5
202211281215,0.0,0.0
202211281235,330.0,2.1
202211281255,0.0,0.0
202211281315,300.0,2.1
202211281335,340.0,2.1
202211281355,,2.6
202211281415,,2.6
202211281435,330.0,3.1
202211281455,290.0,1.5
202211281515,330.0,2.1
202211281535,0.0,0.0
202211281555,0.0,0.0
202211281615,0.0,0.0
202211281635,0.0,0.0
202211281655,0.0,0.0
202211281715,0.0,0.0
202211281735,0.0,0.0
202211281755,0.0,0.0
202211281815,70.0,1.5
202211281835,0.0,0.0
202211281855,0.0,0.0
202211281915,0.0,0.0
202211281935,90.0,1.5
202211281955,0.0,0.0
202211282015,0.0,0.0
202211282035,210.0,1.5
202211282055,0.0,0.0
202211282135,0.0,0.0
202211282155,0.0,0.0
202211282215,0.0,0.0
202211282235,0.0,0.0
202211282255,0.0,0.0
202211282315,0.0,0.0
202211282335,0.0,0.0
202211282355,0.0,0.0
202211290015,0.0,0.0
202211290035,0.0,0.0
202211290055,0.0,0.0
202211290115,0.0,0.0
202211290135,0.0,0.0
202211290155,0.0,0.0
202211290215,0.0,0.0
202211290235,0.0,0.0
202211290255,0.0,0.0
202211290315,0.0,0.0
202211290335,0.0,0.0
202211290355,0.0,0.0
202211290415,0.0,0.0
202211290435,0.0,0.0
202211290455,0.0,0.0
202211290515,0.0,0.0
202211290535,0.0,0.0
202211290555,0.0,0.0
202211290615,0.0,0.0
202211290655,0.0,0.0
202211290715,0.0,0.0
202211290735,0.0,0.0
202211290755,0.0,0.0
202211290815,0.0,0.0
202211290835,0.0,0.0
202211290855,0.0,0.0
202211290915,0.0,0.0
202211290935,0.0,0.0
202211291015,0.0,0.0
202211291035,0.0,0.0
202211291115,0.0,0.0
202211291135,0.0,0.0
202211291155,0.0,0.0
202211291215,0.0,0.0
202211291235,0.0,0.0
202211291255,0.0,0.0
202211291315,0.0,0.0
202211291335,0.0,0.0
202211291355,230.0,1.5
202211291415,220.0,1.5
202211291435,230.0,1.5
202211291455,210.0,1.5
202211291515,230.0,2.1
202211291535,210.0,2.1
202211291555,220.0,2.6
202211291615,190.0,3.1
202211291635,190.0,2.1
202211291655,180.0,2.6
202211291715,210.0,3.1
202211291735,190.0,3.6
202211291755,190.0,3.6
202211291815,180.0,3.6
202211291835,180.0,2.1
202211291855,200.0,3.6
202211291915,150.0,2.1
202211291935,160.0,3.1
202211291955,200.0,3.6
202211292015,160.0,3.6
202211292035,190.0,3.6
202211292055,170.0,3.1
202211292115,170.0,2.6
202211292135,170.0,3.6
202211292155,190.0,2.6
202211292215,180.0,4.1
202211292235,190.0,5.1
202211292255,0.0,0.0
202211292315,0.0,0.0
202211292355,130.0,2.1
202211300035,50.0,2.6
202211300055,10.0,3.6
202211300115,60.0,4.1
202211300155,20.0,2.6
202211300215,10.0,3.6
202211300235,20.0,4.1
202211300255,0.0,0.0
202211300315,70.0,1.5
202211300355,140.0,2.6
202211300435,150.0,1.5
202211300455,220.0,2.1
202211300515,200.0,2.1
202211300535,210.0,2.6
202211300555,190.0,3.6
202211300615,200.0,2.6
202211300635,190.0,1.5
202211300655,210.0,2.6
202211300715,210.0,2.1
202211300735,0.0,0.0
202211300755,230.0,1.5
202211300815,310.0,4.1
202211300835,180.0,1.5
202211300855,0.0,0.0
202211300915,150.0,2.6
202211300935,180.0,2.1
202211300955,180.0,1.5
202211301015,190.0,1.5
202211301035,220.0,1.5
202211301055,210.0,2.1
202211301115,200.0,1.5
202211301135,210.0,2.1
202211301155,210.0,2.6
202211301215,210.0,2.6
202211301235,210.0,2.1
202211301255,210.0,1.5
202211301315,210.0,1.5
202211301335,210.0,1.5
202211301355,300.0,3.1
202211301415,350.0,2.6
202211301455,350.0,7.2
202211301515,330.0,3.6
202211301535,20.0,6.7
202211301555,350.0,3.6
202211301615,,4.1
202211301635,20.0,6.7
202211301655,340.0,6.2
202211301715,330.0,8.7
202211301735,330.0,5.1
202211301755,,5.7
202211301815,10.0,4.1
202211301835,10.0,4.1
202211301855,340.0,3.1
202211301915,,4.1
202211301935,,4.6
202211301955,350.0,3.6
202211302015,350.0,5.1
202211302035,20.0,4.6
202211302055,350.0,3.1
202211302115,350.0,4.1
202211302135,,3.6
202211302155,340.0,2.1
202211302215,,1.5
202211302235,350.0,1.5
202211302255,330.0,1.5
202211302335,330.0,3.6
202211302355,,2.1
202212010015,,2.1
202212010035,20.0,1.5
202212010055,0.0,0.0
202212010115,,1.5
202212010135,0.0,0.0
202212010155,0.0,0.0
202212010215,0.0,0.0
202212010235,,1.5
202212010255,0.0,0.0
202212010315,0.0,0.0
202212010335,0.0,0.0
202212010355,0.0,0.0
202212010415,0.0,0.0
202212010435,0.0,0.0
202212010455,0.0,0.0
202212010515,0.0,0.0
202212010535,40.0,1.5
202212010555,0.0,0.0
202212010615,30.0,2.1
202212010635,30.0,1.5
202212010655,30.0,1.5
202212010715,30.0,1.5
202212010735,0.0,0.0
202212010755,0.0,0.0
202212010815,60.0,1.5
202212010835,50.0,2.6
202212010855,40.0,2.6
202212010915,20.0,2.1
202212010935,20.0,2.1
202212010955,30.0,3.1
202212011015,40.0,2.1
202212011035,20.0,2.6
202212011055,30.0,2.6
202212011115,30.0,3.1
202212011135,20.0,2.6
202212011155,10.0,3.6
202212011215,20.0,3.1
202212011255,30.0,4.1
202212011315,30.0,4.1
202212011335,20.0,4.1
202212011355,10.0,6.2
202212011415,20.0,4.6
202212011435,20.0,6.7
202212011455,20.0,5.1
202212011515,20.0,4.1
202212011535,20.0,5.7
202212011555,10.0,4.1
202212011615,10.0,3.6
202212011635,30.0,3.6
202212011655,20.0,4.6
202212011715,30.0,4.1
202212011735,40.0,3.1
202212011755,,3.1
202212011815,30.0,2.1
202212011835,350.0,2.6
202212011855,20.0,2.1
202212011915,30.0,1.5
202212011935,10.0,1.5
202212011955,10.0,1.5
202212012015,40.0,2.1
202212012035,,1.5
202212012055,340.0,2.1
202212012115,20.0,1.5
202212012135,20.0,2.6
202212012155,0.0,0.0
202212012215,0.0,0.0
202212012235,0.0,0.0
202212012315,0.0,0.0
202212012335,0.0,0.0
202212012355,0.0,0.0
202212020015,0.0,0.0
202212020035,0.0,0.0
202212020055,0.0,0.0
202212020115,0.0,0.0
202212020135,0.0,0.0
202212020155,0.0,0.0
202212020215,0.0,0.0
202212020235,0.0,0.0
202212020255,0.0,0.0
202212020315,0.0,0.0
202212020335,0.0,0.0
202212020355,0.0,0.0
202212020415,0.0,0.0
202212020435,0.0,0.0
202212020455,0.0,0.0
202212020515,0.0,0.0
202212020535,0.0,0.0
202212020555,240.0,2.1
202212020615,0.0,0.0
202212020635,250.0,2.1
202212020655,250.0,1.5
202212020715,240.0,1.5
202212020735,0.0,0.0
202212020755,0.0,0.0
202212020815,260.0,1.5
202212020835,0.0,0.0
202212020855,0.0,0.0
202212020915,0.0,0.0
202212020935,250.0,1.5
202212020955,0.0,0.0
202212021015,0.0,0.0
202212021035,200.0,1.5
202212021055,230.0,3.1
202212021115,200.0,2.1
202212021135,220.0,2.1
202212021155,220.0,2.6
202212021215,220.0,2.6
202212021235,220.0,2.6
202212021255,250.0,2.6
202212021315,0.0,0.0
202212021335,230.0,1.5
202212021355,220.0,1.5
202212021415,230.0,3.1
202212021435,190.0,2.1
202212021455,240.0,2.6
202212021515,220.0,2.1
202212021535,230.0,1.5
202212021555,220.0,1.5
202212021615,230.0,2.6
202212021635,230.0,2.1
202212021655,230.0,2.6
202212021715,210.0,1.5
202212021735,180.0,1.5
202212021755,190.0,1.5
202212021815,180.0,4.1
202212021835,160.0,2.6
202212021855,150.0,2.6
202212021915,200.0,2.6
202212021935,200.0,1.5
202212021955,190.0,2.6
202212022015,210.0,2.6
202212022035,180.0,2.1
202212022055,0.0,0.0
202212022215,180.0,2.6
202212022255,190.0,2.6
202212022315,190.0,2.6
202212022335,180.0,2.6
202212022355,170.0,2.1
202212030015,190.0,3.6
202212030035,160.0,2.1
202212030055,190.0,3.1
202212030115,190.0,3.1
202212030135,200.0,3.1
202212030215,180.0,3.6
202212030235,190.0,3.6
202212030255,180.0,2.6
202212030315,190.0,2.6
202212030335,220.0,2.6
202212030415,210.0,2.6
202212030435,200.0,2.1
202212030455,210.0,2.1
202212030515,210.0,1.5
202212030535,0.0,0.0
202212030555,270.0,1.5
202212030615,210.0,1.5
202212030635,210.0,2.1
202212030655,210.0,2.6
202212030715,210.0,1.5
202212030735,220.0,2.6
202212030755,230.0,2.6
202212030815,210.0,2.6
202212030835,210.0,1.5
202212030855,210.0,2.1
202212030915,210.0,1.5
202212030935,250.0,3.1
202212030955,200.0,1.5
202212031015,210.0,2.1
202212031035,210.0,2.1
202212031055,0.0,0.0
202212031115,220.0,2.1
202212031135,220.0,2.1
202212031155,230.0,2.1
202212031215,210.0,2.1
202212031235,220.0,2.1
202212031255,330.0,2.6
202212031315,140.0,1.5
202212031355,0.0,0.0
202212031415,0.0,0.0
202212031435,0.0,0.0
202212031455,0.0,0.0
202212031515,0.0,0.0
202212031555,220.0,1.5
202212031615,210.0,1.5
202212031635,220.0,1.5
202212031655,190.0,2.1
202212031715,210.0,1.5
202212031735,0.0,0.0
202212031755,220.0,1.5
202212031815,0.0,0.0
202212031835,240.0,2.6
202212031855,0.0,0.0
202212031915,0.0,0.0
202212031935,0.0,0.0
202212031955,0.0,0.0
202212032035,0.0,0.0
202212032115,0.0,0.0
202212032135,0.0,0.0
202212032155,0.0,0.0
202212032215,0.0,0.0
202212032235,0.0,0.0
202212032255,0.0,0.0
202212032315,0.0,0.0
202212032335,0.0,0.0
202212032355,0.0,0.0
202212040015,20.0,1.5
202212040035,30.0,3.6
202212040115,30.0,2.6
202212040135,30.0,3.6
202212040155,30.0,2.6
202212040215,50.0,2.1
202212040235,60.0,1.5
202212040255,0.0,0.0
202212040315,0.0,0.0
202212040335,0.0,0.0
202212040355,0.0,0.0
202212040415,0.0,0.0
202212040435,20.0,2.1
202212040455,20.0,2.6
202212040515,20.0,1.5
202212040535,30.0,2.1
202212040555,30.0,1.5
202212040615,50.0,1.5
202212040635,40.0,1.5
202212040655,50.0,1.5
202212040715,0.0,0.0
202212040735,0.0,0.0
202212040755,0.0,0.0
202212040815,50.0,1.5
202212040835,40.0,1.5
202212040855,0.0,0.0
202212040915,0.0,0.0
202212040935,0.0,0.0
202212040955,0.0,0.0
202212041015,40.0,1.5
202212041035,0.0,0.0
202212041055,0.0,0.0
202212041115,0.0,0.0
202212041135,0.0,0.0
202212041155,0.0,0.0
202212041215,0.0,0.0
202212041235,0.0,0.0
202212041315,0.0,0.0
202212041335,20.0,1.5
202212041355,40.0,1.5
202212041415,40.0,1.5
202212041435,30.0,1.5
202212041455,20.0,3.6
202212041515,20.0,3.1
202212041535,30.0,2.6
202212041555,10.0,1.5
202212041615,10.0,4.1
202212041635,80.0,1.5
202212041655,70.0,1.5
202212041715,70.0,1.5
202212041735,0.0,0.0
202212041755,0.0,0.0
202212041815,0.0,0.0
202212041855,60.0,1.5
202212041915,60.0,2.1
202212041935,20.0,4.1
202212041955,10.0,3.6
202212042015,70.0,2.6
202212042035,70.0,2.1
202212042055,30.0,1.5
202212042115,20.0,1.5
202212042135,30.0,1.5
202212042155,0.0,0.0
202212042215,30.0,2.1
202212042235,40.0,1.5
202212042255,0.0,0.0
202212042315,0.0,0.0
202212042335,0.0,0.0
202212042355,0.0,0.0
202212050015,0.0,0.0
202212050035,0.0,0.0
202212050055,0.0,0.0
202212050115,0.0,0.0
202212050135,0.0,0.0
202212050155,0.0,0.0
202212050215,0.0,0.0
202212050235,0.0,0.0
202212050255,0.0,0.0
202212050315,0.0,0.0
202212050335,0.0,0.0
202212050415,0.0,0.0
202212050435,0.0,0.0
202212050515,0.0,0.0
202212050535,0.0,0.0
202212050555,0.0,0.0
202212050615,0.0,0.0
202212050635,0.0,0.0
202212050655,0.0,0.0
202212050715,0.0,0.0
202212050735,0.0,0.0
202212050755,0.0,0.0
202212050815,60.0,1.5
202212050835,40.0,1.5
202212050855,0.0,0.0
202212050915,0.0,0.0
202212050935,50.0,2.1
202212050955,50.0,1.5
202212051015,30.0,1.5
202212051035,0.0,0.0
202212051055,0.0,0.0
202212051115,70.0,1.5
202212051135,0.0,0.0
202212051155,80.0,1.5
202212051215,0.0,0.0
202212051235,0.0,0.0
202212051255,0.0,0.0
202212051315,0.0,0.0
202212051335,0.0,0.0
202212051355,0.0,0.0
202212051415,0.0,0.0
202212051435,0.0,0.0
202212051455,0.0,0.0
202212051515,0.0,0.0
202212051535,0.0,0.0
202212051555,0.0,0.0
202212051615,0.0,0.0
202212051635,0.0,0.0
202212051655,0.0,0.0
202212051715,0.0,0.0
202212051735,0.0,0.0
202212051755,0.0,0.0
202212051815,0.0,0.0
202212051835,0.0,0.0
202212051855,210.0,2.1
202212051915,220.0,1.5
202212051935,200.0,1.5
202212051955,220.0,1.5
202212052015,230.0,1.5
202212052035,210.0,1.5
202212052055,230.0,2.1
202212052115,230.0,1.5
202212052135,190.0,1.5
202212052155,180.0,1.5
202212052215,200.0,1.5
202212052235,220.0,1.5
202212052255,0.0,0.0
202212052315,240.0,1.5
202212052335,0.0,0.0
202212052355,0.0,0.0
202212060015,230.0,2.6
202212060035,230.0,1.5
202212060055,220.0,1.5
202212060115,220.0,2.1
202212060155,0.0,0.0
202212060215,210.0,2.1
202212060240,220.0,2.6
202212060255,260.0,2.1
202212060315,0.0,0.0
202212060335,200.0,2.1
202212060355,220.0,2.1
202212060415,210.0,1.5
202212060435,220.0,2.1
202212060455,0.0,0.0
202212060515,210.0,1.5
202212060535,210.0,2.1
202212060555,230.0,1.5
202212060615,210.0,1.5
202212060635,220.0,1.5
202212060655,0.0,0.0
202212060715,220.0,1.5
202212060735,0.0,0.0
202212060755,220.0,1.5
202212060815,0.0,0.0
202212060835,220.0,1.5
202212060915,0.0,0.0
202212060935,200.0,1.5
202212060955,210.0,2.1
202212061015,210.0,2.1
202212061035,200.0,1.5
202212061055,0.0,0.0
202212061115,0.0,0.0
202212061135,0.0,0.0
202212061155,210.0,1.5
202212061215,200.0,1.5
202212061235,200.0,1.5
202212061255,200.0,1.5
202212061315,200.0,1.5
202212061335,210.0,1.5
202212061355,0.0,0.0
202212061415,210.0,1.5
202212061435,210.0,1.5
202212061455,210.0,1.5
202212061515,200.0,1.5
202212061535,220.0,1.5
202212061555,230.0,2.1
202212061615,230.0,2.1
202212061635,230.0,2.6
202212061655,0.0,0.0
202212061715,230.0,2.1
202212061735,230.0,2.6
202212061755,240.0,2.1
202212061815,230.0,3.1
202212061835,220.0,2.1
202212061855,220.0,2.1
202212061915,230.0,2.6
202212061935,220.0,2.1
202212061955,220.0,2.1
202212062015,0.0,0.0
202212062035,0.0,0.0
202212062055,0.0,0.0
202212062115,220.0,1.5
202212062135,240.0,1.5
202212062155,200.0,1.5
202212062215,230.0,1.5
202212062235,210.0,2.1
202212062255,0.0,0.0
202212062335,0.0,0.0
202212062355,0.0,0.0
202212070015,0.0,0.0
202212070035,0.0,0.0
202212070055,0.0,0.0
202212070135,0.0,0.0
202212070155,0.0,0.0
202212070255,0.0,0.0
202212070315,0.0,0.0
202212070335,0.0,0.0
202212070355,0.0,0.0
202212070415,0.0,0.0
202212070435,210.0,1.5
202212070455,230.0,1.5
202212070515,210.0,1.5
202212070535,0.0,0.0
202212070555,210.0,1.5
202212070615,210.0,1.5
202212070635,220.0,1.5
202212070655,0.0,0.0
202212070715,220.0,1.5
202212070735,200.0,1.5
202212070755,0.0,0.0
202212070815,210.0,1.5
202212070835,210.0,1.5
202212070855,0.0,0.0
202212070915,200.0,1.5
202212070935,210.0,1.5
202212070955,0.0,0.0
202212071015,0.0,0.0
202212071035,220.0,1.5
202212071055,0.0,0.0
202212071115,210.0,1.5
202212071135,200.0,2.1
202212071155,190.0,1.5
202212071215,210.0,2.6
202212071235,200.0,1.5
202212071255,0.0,0.0
202212071315,0.0,0.0
202212071335,0.0,0.0
202212071415,210.0,1.5
202212071435,200.0,1.5
202212071455,200.0,2.6
202212071515,0.0,0.0
202212071535,0.0,0.0
202212071555,0.0,0.0
202212071615,210.0,2.1
202212071635,0.0,0.0
202212071655,0.0,0.0
202212071715,250.0,1.5
202212071735,0.0,0.0
202212071755,0.0,0.0
202212071815,240.0,1.5
202212071835,220.0,1.5
202212071915,210.0,1.5
202212071935,190.0,1.5
202212071955,0.0,0.0
202212072015,0.0,0.0
202212072035,0.0,0.0
202212072055,0.0,0.0
202212072115,180.0,2.1
202212072135,220.0,2.1
202212072155,0.0,0.0
202212072215,0.0,0.0
202212072235,180.0,2.1
202212072255,190.0,2.1
202212072315,210.0,2.1
202212072355,190.0,1.5
202212080015,190.0,2.1
202212080035,180.0,2.6
202212080055,0.0,0.0
202212080115,0.0,0.0
202212080135,190.0,3.6
202212080155,0.0,0.0
202212080215,0.0,0.0
202212080235,0.0,0.0
202212080255,180.0,1.5
202212080315,0.0,0.0
202212080335,0.0,0.0
202212080355,0.0,0.0
202212080415,210.0,1.5
202212080435,0.0,0.0
202212080455,0.0,0.0
202212080515,0.0,0.0
202212080535,0.0,0.0
202212080555,230.0,1.5
202212080615,0.0,0.0
202212080635,0.0,0.0
202212080655,0.0,0.0
202212080715,0.0,0.0
202212080735,0.0,0.0
202212080755,0.0,0.0
202212080815,0.0,0.0
202212080835,0.0,0.0
202212080855,0.0,0.0
202212080915,0.0,0.0
202212080935,0.0,0.0
202212080955,0.0,0.0
202212081015,0.0,0.0
202212081035,0.0,0.0
202212081115,0.0,0.0
202212081135,0.0,0.0
202212081155,0.0,0.0
202212081215,0.0,0.0
202212081235,0.0,0.0
202212081255,0.0,0.0
202212081315,0.0,0.0
202212081335,0.0,0.0
202212081355,220.0,1.5
202212081415,0.0,0.0
202212081435,210.0,2.1
202212081500,200.0,1.5
202212081515,0.0,0.0
202212081535,190.0,1.5
202212081555,180.0,2.6
202212081615,240.0,3.1
202212081635,170.0,2.1
202212081655,210.0,2.1
202212081715,0.0,0.0
202212081735,190.0,1.5
202212081755,190.0,2.1
202212081815,180.0,2.1
202212081835,0.0,0.0
202212081855,180.0,2.1
202212081915,220.0,1.5
202212081935,240.0,4.1
202212081955,220.0,2.1
202212082015,240.0,3.1
202212082035,240.0,4.6
202212082055,220.0,3.6
202212082115,240.0,4.1
202212082135,240.0,2.1
202212082155,240.0,3.6
202212082235,240.0,2.1
202212082255,220.0,1.5
202212082315,220.0,2.1
202212082355,0.0,0.0
202212090015,0.0,0.0
202212090035,0.0,0.0
202212090055,0.0,0.0
202212090115,0.0,0.0
202212090135,0.0,0.0
202212090155,0.0,0.0
202212090215,40.0,1.5
202212090235,0.0,0.0
202212090255,0.0,0.0
202212090315,0.0,0.0
202212090335,0.0,0.0
202212090355,0.0,0.0
202212090415,0.0,0.0
202212090435,0.0,0.0
202212090455,0.0,0.0
202212090515,0.0,0.0
202212090535,0.0,0.0
202212090555,20.0,1.5
202212090615,0.0,0.0
202212090635,0.0,0.0
202212090655,0.0,0.0
202212090715,0.0,0.0
202212090735,60.0,1.5
202212090755,0.0,0.0
202212090815,20.0,1.5
202212090835,20.0,1.5
202212090855,30.0,1.5
202212090915,0.0,0.0
202212090935,30.0,1.5
202212090955,40.0,1.5
202212091015,10.0,2.6
202212091035,40.0,2.1
202212091055,20.0,2.1
202212091115,0.0,0.0
202212091135,0.0,0.0
202212091155,0.0,0.0
202212091215,0.0,0.0
202212091255,0.0,0.0
202212091315,20.0,1.5
202212091335,0.0,0.0
202212091355,0.0,0.0
202212091415,0.0,0.0
202212091435,0.0,0.0
202212091515,0.0,0.0
202212091535,0.0,0.0
202212091555,0.0,0.0
202212091615,0.0,0.0
202212091635,0.0,0.0
202212091655,0.0,0.0
202212091715,0.0,0.0
202212091735,0.0,0.0
202212091755,0.0,0.0
202212091815,190.0,1.5
202212091835,0.0,0.0
202212091855,0.0,0.0
202212091915,0.0,0.0
202212091935,0.0,0.0
202212091955,0.0,0.0
202212092015,0.0,0.0
202212092035,0.0,0.0
202212092055,0.0,0.0
202212092115,0.0,0.0
202212092135,0.0,0.0
202212092155,0.0,0.0
202212092215,0.0,0.0
202212092235,0.0,0.0
202212092255,0.0,0.0
202212092315,0.0,0.0
202212092335,0.0,0.0
202212092355,0.0,0.0
202212100015,330.0,1.5
202212100035,0.0,0.0
202212100055,0.0,0.0
202212100115,0.0,0.0
202212100135,0.0,0.0
202212100155,0.0,0.0
202212100215,70.0,1.5
202212100235,0.0,0.0
202212100255,0.0,0.0
202212100315,0.0,0.0
202212100335,0.0,0.0
202212100415,0.0,0.0
202212100435,0.0,0.0
202212100455,0.0,0.0
202212100515,0.0,0.0
202212100535,0.0,0.0
202212100555,0.0,0.0
202212100615,0.0,0.0
202212100635,0.0,0.0
202212100655,0.0,0.0
202212100715,0.0,0.0
202212100755,0.0,0.0
202212100815,0.0,0.0
202212100835,0.0,0.0
202212100915,0.0,0.0
202212100955,0.0,0.0
202212101015,0.0,0.0
202212101035,0.0,0.0
202212101055,0.0,0.0
202212101135,0.0,0.0
202212101155,0.0,0.0
202212101215,0.0,0.0
202212101235,0.0,0.0
202212101255,0.0,0.0
202212101315,0.0,0.0
202212101335,0.0,0.0
202212101355,0.0,0.0
202212101415,240.0,1.5
202212101435,230.0,1.5
202212101455,0.0,0.0
202212101515,0.0,0.0
202212101535,0.0,0.0
202212101555,170.0,1.5
202212101615,200.0,2.6
202212101635,220.0,3.1
202212101655,230.0,1.5
202212101735,0.0,0.0
202212101755,190.0,2.1
202212101815,170.0,2.1
202212101835,190.0,1.5
202212101855,170.0,2.1
202212101915,170.0,2.1
202212101935,160.0,1.5
202212101955,150.0,2.6
202212102015,180.0,1.5
202212102035,0.0,0.0
202212102055,150.0,1.5
202212102115,160.0,2.1
202212102135,150.0,1.5
202212102155,0.0,0.0
202212102215,0.0,0.0
202212102235,0.0,0.0
202212102315,0.0,0.0
202212102335,0.0,0.0
202212102355,0.0,0.0
202212110015,190.0,1.5
202212110035,200.0,1.5
202212110115,0.0,0.0
202212110135,230.0,2.1
202212110155,210.0,1.5
202212110215,200.0,1.5
202212110235,0.0,0.0
202212110255,0.0,0.0
202212110315,0.0,0.0
202212110335,0.0,0.0
202212110355,0.0,0.0
202212110415,0.0,0.0
202212110435,0.0,0.0
202212110515,0.0,0.0
202212110535,0.0,0.0
202212110555,0.0,0.0
202212110615,200.0,2.1
202212110635,190.0,2.6
202212110655,190.0,1.5
202212110715,200.0,1.5
202212110735,180.0,1.5
202212110755,180.0,1.5
202212110835,0.0,0.0
202212110855,0.0,0.0
202212110915,0.0,0.0
202212110955,210.0,2.1
202212111015,0.0,0.0
202212111035,0.0,0.0
202212111055,180.0,1.5
202212111115,0.0,0.0
202212111135,0.0,0.0
202212111155,0.0,0.0
202212111215,230.0,1.5
202212111235,0.0,0.0
202212111255,0.0,0.0
202212111315,0.0,0.0
202212111335,230.0,1.5
202212111355,220.0,1.5
202212111415,220.0,1.5
202212111435,210.0,1.5
202212111455,0.0,0.0
202212111555,210.0,1.5
202212111615,200.0,1.5
202212111635,220.0,1.5
202212111655,0.0,0.0
202212111715,0.0,0.0
202212111735,200.0,1.5
202212111755,0.0,0.0
202212111835,210.0,1.5
202212111855,0.0,0.0
202212111935,0.0,0.0
202212111955,0.0,0.0
202212112015,0.0,0.0
202212112035,0.0,0.0
202212112055,0.0,0.0
202212112115,0.0,0.0
202212112135,0.0,0.0
202212112155,0.0,0.0
202212112215,0.0,0.0
202212112235,0.0,0.0
202212112255,0.0,0.0
202212112315,0.0,0.0
202212112335,0.0,0.0
202212112355,0.0,0.0
202212120015,0.0,0.0
202212120035,0.0,0.0
202212120055,0.0,0.0
202212120115,0.0,0.0
202212120135,0.0,0.0
202212120315,0.0,0.0
202212120335,30.0,1.5
202212120355,10.0,1.5
202212120415,0.0,0.0
202212120435,0.0,0.0
202212120455,0.0,0.0
202212120515,60.0,1.5
202212120535,0.0,0.0
202212120555,0.0,0.0
202212120615,0.0,0.0
202212120635,0.0,0.0
202212120655,20.0,1.5
202212120715,30.0,2.6
202212120735,30.0,1.5
202212120755,0.0,0.0
202212120815,30.0,1.5
202212120835,20.0,3.6
202212120855,40.0,3.1
202212120915,20.0,3.1
202212120935,,2.6
202212120955,20.0,3.1
202212121015,10.0,2.1
202212121035,10.0,2.6
202212121055,10.0,3.6
202212121115,10.0,3.1
202212121135,10.0,1.5
202212121215,10.0,2.6
202212121235,10.0,2.1
202212121255,,2.6
202212121315,10.0,2.6
202212121335,10.0,2.1
202212121355,20.0,2.6
202212121415,10.0,3.6
202212121435,10.0,4.6
202212121455,30.0,4.6
202212121515,30.0,4.1
202212121535,20.0,4.1
202212121555,10.0,3.6
202212121615,30.0,3.6
202212121635,30.0,2.1
202212121655,40.0,4.1
202212121715,10.0,2.6
202212121735,30.0,2.1
202212121755,20.0,3.1
202212121815,10.0,3.1
202212121835,10.0,2.1
202212121855,80.0,3.1
202212121915,10.0,2.6
202212121935,70.0,2.6
202212121955,10.0,2.6
202212122015,50.0,2.6
202212122035,350.0,2.1
202212122055,30.0,2.6
202212122115,10.0,1.5
202212122135,0.0,0.0
202212122155,10.0,2.1
202212122215,10.0,2.6
202212122235,10.0,1.5
202212122255,20.0,1.5
202212122315,30.0,2.1
202212122335,0.0,0.0
202212122355,0.0,0.0
202212130015,0.0,0.0
202212130055,0.0,0.0
202212130115,0.0,0.0
202212130135,0.0,0.0
202212130155,0.0,0.0
202212130215,0.0,0.0
202212130235,0.0,0.0
202212130255,0.0,0.0
202212130315,0.0,0.0
202212130335,0.0,0.0
202212130355,0.0,0.0
202212130415,0.0,0.0
202212130435,0.0,0.0
202212130455,0.0,0.0
202212130515,0.0,0.0
202212130535,0.0,0.0
202212130555,0.0,0.0
202212130635,0.0,0.0
202212130715,50.0,1.5
202212130730,0.0,0.0
202212130755,0.0,0.0
202212130835,0.0,0.0
202212130855,0.0,0.0
202212130915,0.0,0.0
202212130935,0.0,0.0
202212130955,0.0,0.0
202212131015,0.0,0.0
202212131035,0.0,0.0
202212131055,0.0,0.0
202212131115,0.0,0.0
202212131135,0.0,0.0
202212131155,0.0,0.0
202212131215,0.0,0.0
202212131235,0.0,0.0
202212131255,0.0,0.0
202212131315,0.0,0.0
202212131335,0.0,0.0
202212131355,0.0,0.0
202212131435,190.0,1.5
202212131455,180.0,1.5
202212131515,160.0,3.1
202212131535,180.0,3.1
202212131555,190.0,1.5
202212131615,190.0,2.6
202212131635,200.0,1.5
202212131715,180.0,2.1
202212131735,180.0,2.6
202212131755,180.0,3.6
202212131815,180.0,3.1
202212131835,180.0,3.1
202212131855,200.0,2.6
202212131915,170.0,2.1
202212131935,170.0,2.6
202212131955,190.0,2.1
202212132015,180.0,3.1
202212132035,190.0,2.1
202212132055,190.0,2.6
202212132115,200.0,2.6
202212132135,190.0,2.1
202212132155,190.0,3.1
202212132215,180.0,2.1
202212132235,0.0,0.0
202212132255,190.0,2.1
202212132315,190.0,1.5
202212132335,220.0,1.5
202212132355,210.0,2.1
202212140015,210.0,2.1
202212140035,210.0,1.5
202212140055,190.0,2.1
202212140115,200.0,2.1
202212140135,200.0,3.1
202212140155,190.0,3.1
202212140215,190.0,4.1
202212140235,190.0,3.1
202212140255,200.0,3.1
202212140315,190.0,3.6
202212140335,190.0,4.1
202212140355,190.0,3.1
202212140415,200.0,3.1
202212140435,200.0,2.6
202212140455,200.0,3.1
202212140515,190.0,5.1
202212140535,190.0,3.6
202212140555,200.0,2.6
202212140615,190.0,3.6
202212140635,200.0,3.1
202212140655,190.0,2.6
202212140715,180.0,2.6
202212140735,200.0,3.1
202212140755,190.0,3.1
202212140815,200.0,2.6
202212140835,180.0,2.6
202212140855,200.0,1.5
202212140915,210.0,3.1
202212140935,190.0,3.6
202212140955,180.0,4.1
202212141015,190.0,4.1
202212141035,190.0,3.6
202212141055,200.0,3.1
202212141115,200.0,1.5
202212141135,210.0,3.1
202212141215,190.0,3.6
202212141235,210.0,2.1
202212141255,190.0,4.1
202212141335,190.0,3.1
202212141355,190.0,2.6
202212141415,190.0,3.1
202212141435,190.0,3.6
202212141455,200.0,2.6
202212141515,190.0,2.6
202212141535,200.0,1.5
202212141555,240.0,2.6
202212141615,220.0,1.5
202212141635,180.0,1.5
202212141655,200.0,2.6
202212141715,200.0,2.1
202212141730,180.0,1.5
202212141755,200.0,1.5
202212141815,200.0,2.1
202212141835,180.0,1.5
202212141855,220.0,2.1
202212141915,210.0,2.6
202212141935,190.0,2.6
202212141955,230.0,1.5
202212142015,210.0,1.5
202212142035,230.0,1.5
202212142055,230.0,2.1
202212142115,210.0,1.5
202212142135,220.0,1.5
202212142155,220.0,1.5
202212142215,210.0,2.6
202212142235,190.0,1.5
202212142255,0.0,0.0
202212142315,0.0,0.0
202212142335,250.0,2.1
202212150035,230.0,2.1
202212150055,0.0,0.0
202212150115,200.0,1.5
202212150135,230.0,2.1
202212150215,220.0,1.5
202212150235,220.0,2.6
202212150255,210.0,3.1
202212150315,230.0,3.1
202212150335,210.0,3.1
202212150355,230.0,3.6
202212150415,200.0,3.6
202212150435,200.0,4.1
202212150455,220.0,3.1
202212150655,170.0,2.1
202212150715,240.0,2.1
202212150735,270.0,2.1
202212150755,0.0,0.0
202212150815,0.0,0.0
202212150835,0.0,0.0
202212150855,0.0,0.0
202212150915,0.0,0.0
202212150935,0.0,0.0
202212150955,0.0,0.0
202212151015,0.0,0.0
202212151035,0.0,0.0
202212151055,0.0,0.0
202212151115,0.0,0.0
202212151135,0.0,0.0
202212151155,0.0,0.0
202212151215,0.0,0.0
202212151235,0.0,0.0
202212151255,0.0,0.0
202212151315,0.0,0.0
202212151335,0.0,0.0
202212151355,0.0,0.0
202212151435,280.0,1.5
202212151455,300.0,2.6
202212151515,260.0,2.6
202212151535,240.0,3.1
202212151555,240.0,3.6
202212151615,250.0,2.1
202212151635,0.0,0.0
202212151655,200.0,2.6
202212151715,240.0,4.1
202212151735,240.0,5.1
202212151755,250.0,6.2
202212151815,270.0,4.6
202212151835,250.0,4.6
202212151855,270.0,5.7
202212151915,240.0,4.6
202212151935,260.0,4.1
202212151955,270.0,4.6
202212152015,240.0,5.1
202212152035,240.0,4.1
202212152055,250.0,4.6
202212152115,250.0,4.6
202212152135,240.0,3.6
202212152155,240.0,4.1
202212152215,240.0,4.1
202212152235,230.0,3.6
202212152255,250.0,3.6
202212152315,230.0,2.6
202212152335,240.0,2.6
202212152355,250.0,3.6
202212160015,220.0,3.1
202212160035,210.0,2.1
202212160055,200.0,3.1
202212160115,180.0,2.1
202212160135,180.0,1.5
202212160155,170.0,1.5
202212160215,0.0,0.0
202212160235,0.0,0.0
202212160255,0.0,0.0
202212160335,0.0,0.0
202212160355,0.0,0.0
202212160415,0.0,0.0
202212160455,0.0,0.0
202212160515,0.0,0.0
202212160535,0.0,0.0
202212160555,0.0,0.0
202212160615,340.0,2.1
202212160635,330.0,2.6
202212160655,0.0,0.0
202212160715,0.0,0.0
202212160735,0.0,0.0
202212160755,0.0,0.0
202212160815,0.0,0.0
202212160835,0.0,0.0
202212160855,0.0,0.0
202212160935,0.0,0.0
202212160955,0.0,0.0
202212161015,0.0,0.0
202212161035,0.0,0.0
202212161055,0.0,0.0
202212161115,0.0,0.0
202212161135,0.0,0.0
202212161155,0.0,0.0
202212161215,0.0,0.0
202212161235,0.0,0.0
202212161255,0.0,0.0
202212161315,230.0,1.5
202212161335,0.0,0.0
202212161355,180.0,1.5
202212161415,190.0,1.5
202212161435,200.0,1.5
202212161455,200.0,2.1
202212161515,190.0,2.1
202212161535,170.0,1.5
202212161555,270.0,3.1
202212161615,270.0,5.7
202212161635,240.0,5.7
202212161655,250.0,5.7
202212161715,270.0,3.6
202212161735,270.0,4.1
202212161755,270.0,4.6
202212161815,250.0,4.1
202212161835,230.0,3.6
202212161855,270.0,3.6
202212161915,250.0,3.1
202212161935,250.0,4.6
202212161955,230.0,4.6
202212162015,270.0,4.1
202212162035,250.0,4.1
202212162055,240.0,3.1
202212162115,260.0,2.6
202212162135,250.0,1.5
202212162215,220.0,2.1
202212162235,220.0,1.5
202212162255,0.0,0.0
202212162315,0.0,0.0
202212162335,0.0,0.0
202212162355,0.0,0.0
202212170015,0.0,0.0
202212170035,0.0,0.0
202212170055,230.0,2.1
202212170115,0.0,0.0
202212170135,0.0,0.0
202212170155,220.0,1.5
202212170215,0.0,0.0
202212170255,210.0,2.6
202212170315,200.0,2.1
202212170335,210.0,3.1
202212170355,210.0,2.1
202212170415,210.0,2.6
202212170435,0.0,0.0
202212170455,0.0,0.0
202212170515,210.0,2.1
202212170535,240.0,4.1
202212170555,230.0,4.1
202212170615,220.0,5.1
202212170635,230.0,4.1
202212170655,240.0,5.1
202212170715,240.0,3.6
202212170735,260.0,4.1
202212170755,260.0,2.6
202212170815,270.0,2.6
202212170835,280.0,2.6
202212170855,290.0,2.1
202212170915,280.0,3.1
202212170935,290.0,3.1
202212170955,310.0,1.5
202212171015,0.0,0.0
202212171035,0.0,0.0
202212171055,0.0,0.0
202212171115,0.0,0.0
202212171135,0.0,0.0
202212171155,0.0,0.0
202212171215,0.0,0.0
202212171235,250.0,1.5
202212171255,0.0,0.0
202212171315,0.0,0.0
202212171335,0.0,0.0
202212171355,220.0,3.1
202212171415,220.0,3.1
202212171435,0.0,0.0
202212171455,230.0,1.5
202212171515,240.0,3.6
202212171535,220.0,2.1
202212171555,250.0,3.6
202212171615,290.0,4.1
202212171635,250.0,4.6
202212171655,240.0,5.7
202212171715,270.0,4.6
202212171735,270.0,4.6
202212171755,270.0,2.6
202212171815,260.0,2.1
202212171835,230.0,6.2
202212171855,260.0,5.1
202212171915,280.0,3.6
202212171935,240.0,5.1
202212171955,280.0,3.6
202212172015,270.0,6.7
202212172035,240.0,5.1
202212172055,250.0,2.6
202212172115,280.0,3.6
202212172135,280.0,5.1
202212172155,280.0,4.1
202212172215,260.0,3.1
202212172235,250.0,2.1
202212172255,0.0,0.0
202212172315,0.0,0.0
202212172335,250.0,1.5
202212172355,210.0,1.5
202212180015,0.0,0.0
202212180035,0.0,0.0
202212180055,0.0,0.0
202212180115,0.0,0.0
202212180135,0.0,0.0
202212180155,0.0,0.0
202212180215,0.0,0.0
202212180235,0.0,0.0
202212180315,300.0,2.6
202212180335,340.0,2.6
202212180355,330.0,2.6
202212180415,320.0,1.5
202212180435,310.0,2.6
202212180455,330.0,3.1
202212180535,340.0,3.6
202212180555,340.0,3.1
202212180615,,3.1
202212180635,350.0,4.1
202212180655,350.0,1.5
202212180715,340.0,2.1
202212180735,350.0,2.6
202212180755,340.0,2.6
202212180815,,3.6
202212180835,340.0,4.1
202212180855,340.0,4.6
202212180915,350.0,3.6
202212180935,340.0,3.1
202212180955,10.0,3.1
202212181015,0.0,0.0
202212181035,0.0,0.0
202212181055,10.0,1.5
202212181115,0.0,0.0
202212181135,340.0,1.5
202212181155,330.0,2.6
202212181215,330.0,3.6
202212181235,,1.5
202212181255,,2.6
202212181315,340.0,2.1
202212181335,,2.6
202212181355,320.0,2.1
202212181435,10.0,3.1
202212181455,,4.6
202212181515,350.0,2.6
202212181535,330.0,3.1
202212181555,330.0,4.6
202212181635,340.0,3.6
202212181655,20.0,4.1
202212181715,350.0,2.6
202212181735,,1.5
202212181755,330.0,3.6
202212181815,330.0,2.6
202212181835,30.0,2.6
202212181855,40.0,2.1
202212181915,,4.6
202212181935,,2.6
202212181955,330.0,3.1
202212182015,,3.6
202212182035,10.0,2.6
202212182055,,3.1
202212182115,10.0,2.6
202212182135,,2.6
202212182155,330.0,1.5
202212182215,,1.5
202212182235,0.0,0.0
202212182255,0.0,0.0
202212182315,0.0,0.0
202212182335,0.0,0.0
202212182355,0.0,0.0
202212190015,0.0,0.0
202212190035,0.0,0.0
202212190055,0.0,0.0
202212190115,0.0,0.0
202212190135,0.0,0.0
202212190155,0.0,0.0
202212190215,0.0,0.0
202212190235,0.0,0.0
202212190255,0.0,0.0
202212190315,0.0,0.0
202212190335,0.0,0.0
202212190355,0.0,0.0
202212190415,0.0,0.0
202212190435,0.0,0.0
202212190455,0.0,0.0
202212190515,0.0,0.0
202212190535,0.0,0.0
202212190555,0.0,0.0
202212190615,0.0,0.0
202212190635,0.0,0.0
202212190655,0.0,0.0
202212190715,0.0,0.0
202212190735,0.0,0.0
202212190755,0.0,0.0
202212190815,0.0,0.0
202212190855,0.0,0.0
202212190915,0.0,0.0
202212190935,0.0,0.0
202212190955,0.0,0.0
202212191015,0.0,0.0
202212191035,40.0,1.5
202212191055,0.0,0.0
202212191115,0.0,0.0
202212191135,0.0,0.0
202212191155,0.0,0.0
202212191215,60.0,1.5
202212191235,0.0,0.0
202212191255,0.0,0.0
202212191335,0.0,0.0
202212191355,0.0,0.0
202212191415,0.0,0.0
202212191435,0.0,0.0
202212191455,40.0,1.5
202212191515,70.0,1.5
202212191535,70.0,2.1
202212191555,50.0,2.1
202212191615,10.0,3.1
202212191635,20.0,2.6
202212191655,20.0,2.1
202212191715,0.0,0.0
202212191735,0.0,0.0
202212191815,10.0,1.5
202212191835,0.0,0.0
202212191855,30.0,1.5
202212191915,10.0,2.6
202212191935,10.0,2.6
202212191955,20.0,1.5
202212192015,50.0,2.1
202212192055,30.0,2.1
202212192115,30.0,1.5
202212192135,10.0,1.5
202212192155,0.0,0.0
202212192215,0.0,0.0
202212192235,0.0,0.0
202212192255,0.0,0.0
202212192315,0.0,0.0
202212192335,0.0,0.0
202212192355,0.0,0.0
202212200015,0.0,0.0
202212200035,0.0,0.0
202212200115,0.0,0.0
202212200135,0.0,0.0
202212200155,0.0,0.0
202212200215,0.0,0.0
202212200235,0.0,0.0
202212200255,0.0,0.0
202212200315,0.0,0.0
202212200335,0.0,0.0
202212200355,0.0,0.0
202212200415,0.0,0.0
202212200435,0.0,0.0
202212200455,0.0,0.0
202212200515,0.0,0.0
202212200535,0.0,0.0
202212200555,0.0,0.0
202212200615,0.0,0.0
202212200635,0.0,0.0
202212200655,0.0,0.0
202212200715,0.0,0.0
202212200735,0.0,0.0
202212200755,0.0,0.0
202212200815,0.0,0.0
202212200835,0.0,0.0
202212200855,0.0,0.0
202212200915,0.0,0.0
202212200935,0.0,0.0
202212200955,0.0,0.0
202212201015,0.0,0.0
202212201035,0.0,0.0
202212201055,0.0,0.0
202212201115,0.0,0.0
202212201135,0.0,0.0
202212201155,0.0,0.0
202212201215,0.0,0.0
202212201235,0.0,0.0
202212201255,0.0,0.0
202212201315,0.0,0.0
202212201335,0.0,0.0
202212201355,0.0,0.0
202212201415,40.0,2.1
202212201435,40.0,1.5
202212201455,20.0,2.6
202212201515,0.0,0.0
202212201555,0.0,0.0
202212201615,0.0,0.0
202212201635,0.0,0.0
202212201655,0.0,0.0
202212201715,0.0,0.0
202212201735,0.0,0.0
202212201755,0.0,0.0
202212201835,0.0,0.0
202212201855,0.0,0.0
202212201915,0.0,0.0
202212201935,0.0,0.0
202212201955,0.0,0.0
202212202015,190.0,2.1
202212202035,0.0,0.0
202212202055,0.0,0.0
202212202115,0.0,0.0
202212202135,0.0,0.0
202212202155,0.0,0.0
202212202215,0.0,0.0
202212202235,0.0,0.0
202212202255,0.0,0.0
202212202315,0.0,0.0
202212202335,0.0,0.0
202212202355,0.0,0.0
202212210015,0.0,0.0
202212210035,0.0,0.0
202212210055,0.0,0.0
202212210135,0.0,0.0
202212210155,0.0,0.0
202212210215,0.0,0.0
202212210235,0.0,0.0
202212210255,0.0,0.0
202212210315,0.0,0.0
202212210335,0.0,0.0
202212210355,0.0,0.0
202212210415,0.0,0.0
202212210435,0.0,0.0
202212210455,0.0,0.0
202212210515,0.0,0.0
202212210535,0.0,0.0
202212210555,0.0,0.0
202212210615,0.0,0.0
202212210635,0.0,0.0
202212210655,0.0,0.0
202212210715,0.0,0.0
202212210735,0.0,0.0
202212210755,0.0,0.0
202212210815,0.0,0.0
202212210835,0.0,0.0
202212210855,0.0,0.0
202212210915,0.0,0.0
202212210935,0.0,0.0
202212210955,0.0,0.0
202212211035,0.0,0.0
202212211055,0.0,0.0
202212211115,0.0,0.0
202212211135,0.0,0.0
202212211155,0.0,0.0
202212211215,0.0,0.0
202212211235,0.0,0.0
202212211255,0.0,0.0
202212211315,0.0,0.0
202212211355,0.0,0.0
202212211415,0.0,0.0
202212211435,0.0,0.0
202212211455,0.0,0.0
202212211515,0.0,0.0
202212211535,0.0,0.0
202212211555,0.0,0.0
202212211615,0.0,0.0
202212211635,130.0,2.1
202212211715,100.0,2.6
202212211735,100.0,1.5
202212211755,110.0,2.1
202212211815,0.0,0.0
202212211835,0.0,0.0
202212211935,0.0,0.0
202212211955,0.0,0.0
202212212015,0.0,0.0
202212212035,0.0,0.0
202212212055,200.0,1.5
202212212115,0.0,0.0
202212212135,150.0,1.5
202212212155,200.0,1.5
202212212235,0.0,0.0
202212212255,0.0,0.0
202212212315,0.0,0.0
202212212335,0.0,0.0
202212212355,0.0,0.0
202212220015,0.0,0.0
202212220035,0.0,0.0
202212220055,0.0,0.0
202212220135,170.0,3.6
202212220155,0.0,0.0
202212220215,0.0,0.0
202212220235,0.0,0.0
202212220255,0.0,0.0
202212220315,0.0,0.0
202212220335,0.0,0.0
202212220355,0.0,0.0
202212220415,0.0,0.0
202212220435,0.0,0.0
202212220455,0.0,0.0
202212220515,0.0,0.0
202212220535,0.0,0.0
202212220555,0.0,0.0
202212220615,0.0,0.0
202212220635,0.0,0.0
202212220655,0.0,0.0
202212220715,0.0,0.0
202212220735,0.0,0.0
202212220755,0.0,0.0
202212220815,0.0,0.0
202212220835,0.0,0.0
202212220915,0.0,0.0
202212220935,0.0,0.0
202212220955,0.0,0.0
202212221055,0.0,0.0
202212221135,0.0,0.0
202212221155,0.0,0.0
202212221215,0.0,0.0
202212221235,220.0,2.1
202212221255,0.0,0.0
202212221315,0.0,0.0
202212221335,0.0,0.0
202212221355,0.0,0.0
202212221415,230.0,1.5
202212221435,220.0,1.5
202212221455,180.0,1.5
202212221515,220.0,1.5
202212221535,0.0,0.0
202212221555,0.0,0.0
202212221615,190.0,1.5
202212221635,230.0,2.6
202212221655,200.0,1.5
202212221715,180.0,1.5
202212221735,200.0,3.1
202212221755,210.0,2.6
202212221815,210.0,3.6
202212221855,220.0,1.5
202212221915,210.0,2.1
202212221935,190.0,2.1
202212221955,180.0,2.6
202212222015,0.0,0.0
202212222035,0.0,0.0
202212222055,0.0,0.0
202212222115,0.0,0.0
202212222135,0.0,0.0
202212222155,0.0,0.0
202212222215,210.0,1.5
202212222235,0.0,0.0
202212222255,190.0,1.5
202212222315,180.0,1.5
202212222335,0.0,0.0
202212222355,170.0,1.5
202212230015,160.0,2.6
202212230035,190.0,3.1
202212230055,170.0,2.1
202212230115,180.0,2.1
202212230135,170.0,2.6
202212230155,170.0,4.1
202212230215,170.0,3.6
202212230235,200.0,3.1
202212230255,200.0,1.5
202212230315,0.0,0.0
202212230335,210.0,2.1
202212230355,210.0,2.1
202212230415,220.0,3.6
202212230435,240.0,6.2
202212230455,300.0,6.2
202212230515,280.0,5.7
202212230535,290.0,9.8
202212230555,310.0,4.6
202212230615,320.0,5.1
202212230635,290.0,4.6
202212230655,330.0,8.7
202212230715,320.0,7.7
202212230735,330.0,6.7
202212230755,300.0,4.1
202212230815,290.0,4.1
202212230835,300.0,4.6
202212230855,300.0,6.2
202212230915,300.0,6.7
202212230935,340.0,6.2
202212230955,340.0,6.2
202212231015,320.0,5.1
202212231035,330.0,4.1
202212231055,310.0,5.1
202212231135,310.0,4.6
202212231155,310.0,4.6
202212231215,330.0,6.2
202212231235,310.0,3.6
202212231250,330.0,6.2
202212231340,300.0,5.1
202212231415,320.0,6.2
202212231435,340.0,2.6
202212231535,300.0,4.1
202212231550,310.0,3.6
202212231615,320.0,3.6
202212231635,320.0,5.7
202212231655,320.0,4.1
202212231715,280.0,4.6
202212231735,340.0,3.1
202212231755,330.0,5.1
202212231815,310.0,6.7
202212231835,300.0,5.1
202212231855,330.0,5.1
202212231915,320.0,4.6
202212231935,310.0,5.1
202212231955,330.0,5.1
202212232015,320.0,3.6
202212232035,290.0,3.6
202212232115,330.0,4.1
202212232135,310.0,3.1
202212232215,340.0,3.6
202212232235,320.0,2.1
202212232255,270.0,1.5
202212232315,0.0,0.0
202212232335,250.0,1.5
202212232355,260.0,2.6
202212240015,0.0,0.0
202212240035,250.0,1.5
202212240055,280.0,2.6
202212240115,290.0,1.5
202212240135,340.0,2.1
202212240150,300.0,2.1
202212240215,320.0,1.5
202212240235,330.0,1.5
202212240255,340.0,2.1
202212240315,320.0,3.1
202212240330,290.0,2.6
202212240430,0.0,0.0
202212240510,320.0,2.1
202212241415,40.0,1.5
202212241455,350.0,2.1
202212241515,320.0,1.5
202212241535,340.0,3.1
202212241555,290.0,2.6
202212241615,280.0,2.1
202212241635,290.0,1.5
202212241655,0.0,0.0
202212241715,0.0,0.0
202212241755,310.0,2.1
202212241815,260.0,3.6
202212241835,270.0,1.5
202212241855,280.0,3.6
202212241915,240.0,3.6
202212241935,270.0,3.1
202212241955,290.0,2.1
202212242015,290.0,3.1
202212242055,300.0,2.1
202212242135,280.0,2.1
202212242155,300.0,1.5
202212242215,280.0,1.5
202212242235,260.0,2.6
202212242255,250.0,1.5
202212242315,0.0,0.0
202212242335,0.0,0.0
202212242355,300.0,1.5
202212250015,300.0,1.5
202212250035,290.0,3.1
202212250055,0.0,0.0
202212250115,280.0,2.6
202212250135,300.0,2.6
202212250155,290.0,2.6
202212250215,310.0,3.6
202212250235,310.0,3.6
202212250255,300.0,2.6
202212250315,300.0,3.1
202212250335,290.0,3.1
202212250355,310.0,2.6
202212250415,320.0,3.6
202212250435,310.0,2.1
202212250455,330.0,2.1
202212250515,0.0,0.0
202212250535,0.0,0.0
202212250555,0.0,0.0
202212250615,,2.6
202212250635,340.0,2.1
202212250655,,1.5
202212250715,0.0,0.0
202212250735,,1.5
202212250755,350.0,1.5
202212250815,0.0,0.0
202212250835,0.0,0.0
202212250855,0.0,0.0
202212250915,0.0,0.0
202212250935,0.0,0.0
202212250955,0.0,0.0
202212251015,0.0,0.0
202212251035,0.0,0.0
202212251055,330.0,1.5
202212251115,310.0,1.5
202212251155,300.0,2.1
202212251215,320.0,1.5
202212251235,0.0,0.0
202212251255,0.0,0.0
202212251315,0.0,0.0
202212251335,0.0,0.0
202212251355,0.0,0.0
202212251415,20.0,2.1
202212251435,0.0,0.0
202212251455,0.0,0.0
202212251515,0.0,0.0
202212251535,0.0,0.0
202212251555,0.0,0.0
202212251615,0.0,0.0
202212251635,320.0,1.5
202212251715,310.0,2.6
202212251735,0.0,0.0
202212251815,320.0,2.6
202212251835,250.0,4.1
202212251915,330.0,2.6
202212251935,340.0,3.1
202212251955,,4.1
202212252015,350.0,2.6
202212252035,300.0,3.1
202212252115,300.0,3.1
202212252135,310.0,2.1
202212252155,320.0,2.1
202212252215,270.0,2.1
202212252235,0.0,0.0
202212252315,0.0,0.0
202212252335,0.0,0.0
202212252355,0.0,0.0
202212260015,0.0,0.0
202212260035,0.0,0.0
202212260055,0.0,0.0
202212260115,0.0,0.0
202212260155,0.0,0.0
202212260215,0.0,0.0
202212260235,0.0,0.0
202212260255,0.0,0.0
202212260315,0.0,0.0
202212260335,0.0,0.0
202212260355,0.0,0.0
202212260415,0.0,0.0
202212260435,0.0,0.0
202212260455,0.0,0.0
202212260515,0.0,0.0
202212260535,0.0,0.0
202212260555,0.0,0.0
202212260615,0.0,0.0
202212260635,0.0,0.0
202212260655,0.0,0.0
202212260715,0.0,0.0
202212260735,0.0,0.0
202212260755,0.0,0.0
202212260815,0.0,0.0
202212260835,0.0,0.0
202212260855,0.0,0.0
202212260915,0.0,0.0
202212260935,0.0,0.0
202212260955,0.0,0.0
202212261015,0.0,0.0
202212261035,0.0,0.0
202212261055,0.0,0.0
202212261115,0.0,0.0
202212261135,0.0,0.0
202212261155,0.0,0.0
202212261215,0.0,0.0
202212261235,0.0,0.0
202212261255,0.0,0.0
202212261315,0.0,0.0
202212261335,0.0,0.0
202212261355,0.0,0.0
202212261415,0.0,0.0
202212261435,0.0,0.0
202212261455,0.0,0.0
202212261515,0.0,0.0
202212261535,0.0,0.0
202212261555,0.0,0.0
202212261615,0.0,0.0
202212261635,0.0,0.0
202212261655,0.0,0.0
202212261715,0.0,0.0
202212261735,0.0,0.0
202212261815,0.0,0.0
202212261835,230.0,2.1
202212261855,0.0,0.0
202212261915,230.0,2.6
202212261935,220.0,2.1
202212261955,230.0,2.1
202212262015,0.0,0.0
202212262035,190.0,1.5
202212262055,0.0,0.0
202212262115,0.0,0.0
202212262135,0.0,0.0
202212262155,0.0,0.0
202212262215,0.0,0.0
202212262235,0.0,0.0
202212262255,0.0,0.0
202212262315,0.0,0.0
202212262335,0.0,0.0
202212262355,0.0,0.0
202212270015,0.0,0.0
202212270035,0.0,0.0
202212270055,0.0,0.0
202212270115,0.0,0.0
202212270135,210.0,1.5
202212270155,220.0,2.1
202212270215,220.0,1.5
202212270235,0.0,0.0
202212270255,0.0,0.0
202212270315,0.0,0.0
202212270335,0.0,0.0
202212270355,0.0,0.0
202212270415,0.0,0.0
202212270435,0.0,0.0
202212270455,0.0,0.0
202212270515,0.0,0.0
202212270555,0.0,0.0
202212270615,0.0,0.0
202212270635,0.0,0.0
202212270655,0.0,0.0
202212270715,0.0,0.0
202212270735,0.0,0.0
202212270755,0.0,0.0
202212270815,0.0,0.0
202212270835,0.0,0.0
202212270855,0.0,0.0
202212270915,0.0,0.0
202212270935,0.0,0.0
202212270955,0.0,0.0
202212271015,0.0,0.0
202212271035,0.0,0.0
202212271055,0.0,0.0
202212271115,0.0,0.0
202212271135,0.0,0.0
202212271155,0.0,0.0
202212271215,0.0,0.0
202212271235,0.0,0.0
202212271255,0.0,0.0
202212271315,0.0,0.0
202212271335,0.0,0.0
202212271355,0.0,0.0
202212271415,0.0,0.0
202212271435,0.0,0.0
202212271455,0.0,0.0
202212271535,0.0,0.0
202212271555,0.0,0.0
202212271615,0.0,0.0
202212271635,0.0,0.0
202212271655,0.0,0.0
202212271715,0.0,0.0
202212271735,0.0,0.0
202212271755,0.0,0.0
202212271815,0.0,0.0
202212271835,0.0,0.0
202212271855,220.0,2.6
202212271915,220.0,2.6
202212271935,230.0,2.1
202212271955,250.0,1.5
202212272015,230.0,2.6
202212272035,210.0,2.1
202212272055,210.0,2.1
202212272115,210.0,2.1
202212272135,240.0,2.1
202212272155,200.0,2.1
202212272215,180.0,2.1
202212272235,0.0,0.0
202212272255,0.0,0.0
202212272315,0.0,0.0
202212272355,0.0,0.0
202212280015,0.0,0.0
202212280035,0.0,0.0
202212280055,0.0,0.0
202212280115,0.0,0.0
202212280135,0.0,0.0
202212280155,0.0,0.0
202212280215,0.0,0.0
202212280235,0.0,0.0
202212280315,0.0,0.0
202212280335,0.0,0.0
202212280355,0.0,0.0
202212280415,0.0,0.0
202212280435,0.0,0.0
202212280455,0.0,0.0
202212280515,0.0,0.0
202212280535,0.0,0.0
202212280555,0.0,0.0
202212280615,0.0,0.0
202212280635,0.0,0.0
202212280655,0.0,0.0
202212280715,0.0,0.0
202212280735,0.0,0.0
202212280755,0.0,0.0
202212280815,0.0,0.0
202212280835,0.0,0.0
202212280855,0.0,0.0
202212280915,0.0,0.0
202212280935,0.0,0.0
202212280955,0.0,0.0
202212281015,0.0,0.0
202212281035,0.0,0.0
202212281055,0.0,0.0
202212281135,0.0,0.0
202212281155,0.0,0.0
202212281215,0.0,0.0
202212281235,0.0,0.0
202212281255,0.0,0.0
202212281315,0.0,0.0
202212281355,0.0,0.0
202212281415,0.0,0.0
202212281435,0.0,0.0
202212281455,0.0,0.0
202212281515,0.0,0.0
202212281535,0.0,0.0
202212281555,0.0,0.0
202212281615,230.0,1.5
202212281635,230.0,3.1
202212281655,210.0,2.1
202212281715,0.0,0.0
202212281735,200.0,2.6
202212281755,190.0,3.6
202212281815,210.0,4.6
202212281835,200.0,4.1
202212281915,190.0,2.6
202212281935,190.0,2.6
202212281955,180.0,4.6
202212282015,190.0,3.6
202212282035,200.0,2.6
202212282055,150.0,2.6
202212282115,180.0,2.1
202212282135,200.0,3.6
202212282215,0.0,0.0
202212282235,0.0,0.0
202212282255,0.0,0.0
202212282315,0.0,0.0
202212282335,0.0,0.0
202212282355,0.0,0.0
202212290015,0.0,0.0
202212290035,0.0,0.0
202212290055,0.0,0.0
202212290115,0.0,0.0
202212290135,250.0,1.5
202212290155,0.0,0.0
202212290215,0.0,0.0
202212290235,0.0,0.0
202212290255,0.0,0.0
202212290315,0.0,0.0
202212290335,0.0,0.0
202212290355,0.0,0.0
202212290415,0.0,0.0
202212290435,0.0,0.0
202212290455,220.0,2.1
202212290515,200.0,2.1
202212290535,210.0,2.1
202212290555,220.0,2.1
202212290615,210.0,1.5
202212290635,0.0,0.0
202212290715,0.0,0.0
202212290735,210.0,2.1
202212290755,0.0,0.0
202212290815,210.0,1.5
202212290855,0.0,0.0
202212290915,0.0,0.0
202212290935,0.0,0.0
202212290955,0.0,0.0
202212291015,0.0,0.0
202212291035,0.0,0.0
202212291055,0.0,0.0
202212291115,0.0,0.0
202212291135,0.0,0.0
202212291155,0.0,0.0
202212291215,0.0,0.0
202212291235,0.0,0.0
202212291255,0.0,0.0
202212291315,0.0,0.0
202212291335,0.0,0.0
202212291355,0.0,0.0
202212291415,0.0,0.0
202212291435,0.0,0.0
202212291455,0.0,0.0
202212291515,240.0,2.6
202212291535,250.0,1.5
202212291555,230.0,2.1
202212291615,190.0,2.6
202212291635,200.0,3.1
202212291655,0.0,0.0
202212291715,190.0,1.5
202212291735,200.0,2.6
202212291815,170.0,2.1
202212291835,200.0,4.6
202212291855,230.0,4.6
202212291915,220.0,3.1
202212291935,210.0,2.6
202212291955,200.0,3.6
202212292015,210.0,4.1
202212292035,160.0,2.6
202212292055,180.0,1.5
202212292115,180.0,3.1
202212292135,170.0,2.6
202212292155,160.0,1.5
202212292215,0.0,0.0
202212292235,170.0,1.5
202212292255,0.0,0.0
202212292315,170.0,1.5
202212292335,170.0,1.5
202212292355,0.0,0.0
202212300015,180.0,1.5
202212300035,190.0,1.5
202212300055,160.0,2.1
202212300115,0.0,0.0
202212300135,190.0,2.1
202212300155,210.0,1.5
202212300215,220.0,1.5
202212300255,0.0,0.0
202212300315,0.0,0.0
202212300335,0.0,0.0
202212300355,0.0,0.0
202212300415,0.0,0.0
202212300455,0.0,0.0
202212300515,0.0,0.0
202212300535,0.0,0.0
202212300555,220.0,2.1
202212300615,0.0,0.0
202212300635,0.0,0.0
202212300655,0.0,0.0
202212300715,0.0,0.0
202212300735,0.0,0.0
202212300755,0.0,0.0
202212300815,0.0,0.0
202212300855,0.0,0.0
202212300915,0.0,0.0
202212300935,0.0,0.0
202212300955,0.0,0.0
202212301015,0.0,0.0
202212301035,0.0,0.0
202212301055,0.0,0.0
202212301115,0.0,0.0
202212301135,0.0,0.0
202212301155,0.0,0.0
202212301215,0.0,0.0
202212301255,0.0,0.0
202212301315,0.0,0.0
202212301335,0.0,0.0
202212301355,0.0,0.0
202212301415,0.0,0.0
202212301435,0.0,0.0
202212301455,0.0,0.0
202212301515,240.0,1.5
202212301535,0.0,0.0
202212301555,180.0,3.6
202212301615,180.0,4.1
202212301635,190.0,2.6
202212301655,180.0,3.6
202212301715,160.0,1.5
202212301735,160.0,2.1
202212301755,190.0,3.6
202212301815,150.0,2.6
202212301835,150.0,3.1
202212301855,190.0,1.5
202212301915,0.0,0.0
202212301935,0.0,0.0
202212301955,0.0,0.0
202212302015,170.0,1.5
202212302035,0.0,0.0
202212302055,0.0,0.0
202212302115,0.0,0.0
202212302135,0.0,0.0
202212302155,100.0,1.5
202212302215,0.0,0.0
202212302235,0.0,0.0
202212302255,0.0,0.0
202212302315,0.0,0.0
202212302335,0.0,0.0
202212302355,200.0,2.1
202212310055,0.0,0.0
202212310115,210.0,2.1
202212310135,230.0,2.1
202212310155,0.0,0.0
202212310215,0.0,0.0
202212310235,0.0,0.0
202212310255,190.0,1.5
202212310315,160.0,1.5
202212310335,200.0,4.1
202212310355,200.0,3.1
202212310415,170.0,3.6
202212310435,190.0,3.6
202212310455,190.0,2.6
202212310515,170.0,3.6
202212310535,0.0,0.0
202212310555,190.0,2.1
202212310615,170.0,1.5
202212310635,0.0,0.0
202212310655,0.0,0.0
202212310715,180.0,1.5
202212310735,0.0,0.0
202212310755,0.0,0.0
202212310815,0.0,0.0
202212310835,170.0,1.5
202212310855,170.0,1.5
202212310915,200.0,1.5
202212310935,240.0,1.5
202212310955,230.0,1.5
202212311015,220.0,1.5
202212311035,0.0,0.0
202212311055,0.0,0.0
202212311115,0.0,0.0
202212311135,0.0,0.0
202212311155,0.0,0.0
202212311215,0.0,0.0
202212311235,0.0,0.0
202212311255,0.0,0.0
202212311315,0.0,0.0
202212311335,0.0,0.0
202212311355,0.0,0.0
202212311415,0.0,0.0
202212311435,0.0,0.0
202212311455,0.0,0.0
202212311515,0.0,0.0
202212311555,0.0,0.0
202212311615,0.0,0.0
202212311635,240.0,1.5
202212311655,190.0,1.5
202212311715,0.0,0.0
202212311755,180.0,1.5
202212311815,170.0,1.5
202212311835,0.0,0.0
202212311855,150.0,1.5
202212311915,0.0,0.0
202212311935,220.0,1.5
202212311955,230.0,3.1
202212312015,0.0,0.0
202212312035,230.0,2.6
202212312055,210.0,2.1
202212312115,190.0,2.6
202212312135,230.0,2.1
202212312155,210.0,1.5
202212312215,200.0,2.1
202212312235,210.0,1.5
202212312255,0.0,0.0
202212312315,220.0,1.5
202212312335,220.0,1.5
202212312355,240.0,1.5
