timestamp string,wind direction,wind speed
202201010006,176.0,0.4
202201010106,167.0,0.4
202201010206,158.0,0.4
202201010306,170.0,1.3
202201010406,153.0,0.9
202201010506,202.0,1.3
202201010606,201.0,1.3
202201010706,185.0,0.9
202201010806,188.0,0.9
202201010906,193.0,1.3
202201011006,199.0,1.3
202201011106,207.0,1.3
202201011206,214.0,1.3
202201011306,191.0,0.9
202201011406,205.0,1.8
202201011506,218.0,2.2
202201011606,206.0,2.7
202201011806,214.0,2.2
202201011906,215.0,2.7
202201012006,225.0,3.1
202201012106,222.0,3.1
202201012206,200.0,1.8
202201012306,202.0,2.2
202201020006,191.0,1.8
202201020106,198.0,1.8
202201020206,198.0,2.2
202201020406,193.0,2.2
202201020506,194.0,2.2
202201020606,200.0,2.7
202201020806,216.0,2.7
202201020906,221.0,2.2
202201021006,214.0,1.8
202201021106,224.0,1.8
202201021206,206.0,1.8
202201021306,311.0,1.8
202201021406,,0.0
202201021506,267.0,0.4
202201021706,236.0,0.4
202201021806,308.0,0.9
202201021906,358.0,0.4
202201022006,104.0,0.9
202201022106,248.0,0.4
202201022206,357.0,0.4
202201022306,110.0,0.4
202201030006,94.0,0.4
202201030106,,0.0
202201030306,106.0,2.2
202201030406,117.0,1.8
202201030506,,0.0
202201030606,222.0,2.2
202201030706,258.0,3.6
202201030806,266.0,4.0
202201030906,253.0,4.5
202201031006,286.0,3.6
202201031106,288.0,3.6
202201031206,315.0,3.6
202201031306,313.0,3.6
202201031406,296.0,2.7
202201031506,320.0,2.7
202201031606,329.0,3.1
202201031706,330.0,3.1
202201031906,318.0,2.2
202201032006,327.0,2.7
202201032106,297.0,2.2
202201032206,308.0,1.8
202201032306,321.0,1.3
202201040006,312.0,0.4
202201040106,343.0,1.3
202201040206,64.0,0.4
202201040306,,0.0
202201040406,,0.0
202201040506,,0.0
202201040606,,0.0
202201040706,,0.0
202201040806,,0.0
202201041006,,0.0
202201041106,,0.0
202201041206,65.0,0.9
202201041306,67.0,0.4
202201041406,96.0,0.9
202201041506,116.0,2.7
202201041606,127.0,3.1
202201041706,125.0,3.1
202201041806,85.0,2.2
202201041906,139.0,1.8
202201042006,134.0,2.2
202201042106,97.0,1.3
202201042206,69.0,0.4
202201042306,71.0,0.4
202201050006,,0.0
202201050106,,0.0
202201050206,92.0,0.9
202201050306,90.0,0.4
202201050506,78.0,0.9
202201050706,94.0,0.4
202201050806,,0.0
202201050906,,0.0
202201051006,313.0,0.4
202201051106,1.0,0.4
202201051206,114.0,0.4
202201051306,100.0,0.4
202201051406,142.0,0.9
202201051506,243.0,1.8
202201051606,219.0,1.8
202201051706,232.0,2.2
202201051806,276.0,2.2
202201051906,272.0,2.2
202201052006,309.0,1.8
202201052106,302.0,0.9
202201052206,293.0,0.4
202201052306,,0.0
202201060006,,0.0
202201060106,,0.0
202201060206,,0.0
202201060306,,0.0
202201060406,,0.0
202201060506,,0.0
202201060606,,0.0
202201060706,,0.0
202201060806,,0.0
202201060906,,0.0
202201061006,,0.0
202201061106,,0.0
202201061206,,0.0
202201061306,,0.0
202201061406,,0.0
202201061506,126.0,1.8
202201061606,216.0,1.3
202201061706,182.0,1.8
202201061806,175.0,2.2
202201061906,176.0,2.7
202201062006,184.0,2.7
202201062106,199.0,2.2
202201062206,202.0,1.8
202201062306,231.0,2.2
202201070006,225.0,0.9
202201070106,296.0,1.3
202201070206,280.0,2.7
202201070306,297.0,2.7
202201070406,312.0,2.2
202201070506,344.0,2.7
202201070606,349.0,0.9
202201070706,299.0,0.9
202201070806,322.0,0.4
202201070906,289.0,0.9
202201071006,326.0,1.3
202201071106,323.0,1.3
202201071206,326.0,0.9
202201071306,295.0,0.9
202201071406,300.0,1.3
202201071506,300.0,1.3
202201071606,311.0,1.3
202201071706,337.0,1.8
202201071806,307.0,1.8
202201071906,357.0,2.2
202201072006,344.0,0.9
202201072106,318.0,1.3
202201072206,348.0,0.4
202201072306,,0.0
202201080006,,0.0
202201080106,,0.0
202201080206,,0.0
202201080306,,0.0
202201080406,,0.0
202201080506,,0.0
202201080706,,0.0
202201080806,,0.0
202201080906,,0.0
202201081106,51.0,0.9
202201081206,65.0,1.3
202201081406,70.0,0.9
202201081506,89.0,1.3
202201081606,78.0,1.3
202201081706,52.0,1.8
202201081806,25.0,1.8
202201081906,104.0,1.3
202201082006,76.0,1.8
202201082106,114.0,2.2
202201082206,95.0,0.9
202201082306,87.0,0.9
202201090006,82.0,1.3
202201090106,66.0,0.9
202201090206,74.0,1.3
202201090306,67.0,0.4
202201090406,80.0,1.3
202201090506,75.0,0.9
202201090606,90.0,1.3
202201090706,65.0,0.4
202201090806,70.0,0.4
202201090906,74.0,0.9
202201091006,81.0,0.4
202201091106,,0.0
202201091206,52.0,0.4
202201091306,,0.0
202201091506,103.0,1.3
202201091706,228.0,1.3
202201091806,218.0,0.9
202201092006,187.0,2.2
202201092106,190.0,1.3
202201092206,196.0,1.3
202201092306,302.0,4.0
202201100006,208.0,1.3
202201100106,221.0,1.3
202201100206,249.0,0.4
202201100306,,0.0
202201100406,251.0,0.4
202201100606,341.0,1.3
202201100706,344.0,1.8
202201100806,302.0,1.8
202201100906,326.0,1.8
202201101006,312.0,1.8
202201101106,306.0,1.3
202201101206,321.0,1.3
202201101306,316.0,0.9
202201101406,330.0,1.8
202201101506,335.0,1.8
202201101606,4.0,1.8
202201101706,331.0,1.8
202201101806,348.0,1.8
202201101906,319.0,1.8
202201102006,332.0,1.8
202201102106,331.0,1.8
202201102206,330.0,1.3
202201110006,316.0,1.3
202201110106,322.0,1.8
202201110206,317.0,1.8
202201110306,311.0,1.3
202201110406,329.0,1.3
202201110506,334.0,1.3
202201110606,316.0,0.9
202201110706,340.0,0.9
202201110806,,0.0
202201110906,202.0,0.4
202201111006,,0.0
202201111106,,0.0
202201111206,,0.0
202201111306,357.0,0.9
202201111406,20.0,0.9
202201111506,22.0,1.3
202201111606,35.0,1.3
202201111706,112.0,2.2
202201111806,102.0,1.8
202201111906,112.0,2.2
202201112006,120.0,1.3
202201112106,111.0,1.3
202201112206,88.0,0.9
202201112306,,0.0
202201120006,,0.0
202201120106,,0.0
202201120206,,0.0
202201120406,,0.0
202201120506,,0.0
202201120606,,0.0
202201120706,,0.0
202201120806,72.0,0.4
202201120906,,0.0
202201121006,,0.0
202201121106,,0.0
202201121206,,0.0
202201121306,,0.0
202201121406,,0.0
202201121506,321.0,0.4
202201121606,161.0,0.4
202201121706,63.0,0.9
202201121806,308.0,1.3
202201122006,244.0,1.3
202201122106,312.0,0.9
202201122206,,0.0
202201122306,,0.0
202201130006,,0.0
202201130106,,0.0
202201130206,,0.0
202201130306,,0.0
202201130406,,0.0
202201130506,,0.0
202201130606,,0.0
202201130706,,0.0
202201130806,,0.0
202201130906,,0.0
202201131006,,0.0
202201131106,,0.0
202201131206,,0.0
202201131306,,0.0
202201131406,,0.0
202201131506,253.0,1.3
202201131606,238.0,1.8
202201131706,257.0,2.2
202201131806,227.0,1.8
202201131906,247.0,1.8
202201132006,235.0,2.2
202201132106,261.0,1.8
202201132206,260.0,1.8
202201132306,275.0,0.4
202201140006,,0.0
202201140106,331.0,1.8
202201140306,307.0,0.9
202201140406,321.0,1.3
202201140506,310.0,1.3
202201140606,311.0,1.3
202201140706,309.0,1.3
202201140906,262.0,0.9
202201141006,228.0,0.9
202201141106,220.0,0.4
202201141206,,0.0
202201141306,300.0,1.3
202201141406,328.0,1.3
202201141506,338.0,1.8
202201141706,257.0,1.8
202201141806,310.0,1.3
202201141906,333.0,1.3
202201142006,266.0,1.3
202201142106,342.0,0.9
202201142206,328.0,0.9
202201142306,,0.0
202201150006,,0.0
202201150106,,0.0
202201150206,,0.0
202201150306,,0.0
202201150406,,0.0
202201150506,,0.0
202201150606,,0.0
202201150706,,0.0
202201150806,,0.0
202201150906,,0.0
202201151006,,0.0
202201151106,,0.0
202201151206,52.0,0.4
202201151306,65.0,0.9
202201151406,71.0,0.9
202201151506,50.0,0.9
202201151606,38.0,0.9
202201151706,89.0,0.9
202201151806,34.0,1.3
202201151906,70.0,1.3
202201152006,48.0,1.3
202201152106,58.0,0.9
202201152206,55.0,0.9
202201152306,56.0,1.3
202201160106,59.0,1.3
202201160206,52.0,1.3
202201160306,61.0,1.3
202201160406,52.0,1.3
202201160506,68.0,2.2
202201160606,73.0,1.8
202201160706,73.0,2.2
202201160806,63.0,2.2
202201160906,55.0,2.2
202201161006,65.0,2.2
202201161106,51.0,1.8
202201161206,69.0,2.7
202201161306,63.0,2.2
202201161406,73.0,2.7
202201161506,129.0,3.1
202201161606,97.0,2.2
202201161706,236.0,2.7
202201161806,237.0,1.8
202201161906,236.0,2.2
202201162006,225.0,2.2
202201162106,221.0,2.2
202201162206,237.0,1.8
202201162306,233.0,2.2
202201170006,237.0,1.8
202201170106,240.0,1.8
202201170206,238.0,1.8
202201170306,250.0,2.7
202201170406,270.0,3.1
202201170506,267.0,1.8
202201170606,262.0,3.1
202201170706,275.0,2.7
202201170806,275.0,3.6
202201170906,257.0,2.7
202201171006,275.0,2.2
202201171106,260.0,2.2
202201171206,248.0,2.7
202201171306,251.0,2.7
202201171406,263.0,2.2
202201171506,254.0,2.7
202201171606,269.0,3.1
202201171706,290.0,2.7
202201171806,305.0,1.8
202201171906,277.0,2.2
202201172006,287.0,2.7
202201172206,305.0,1.8
202201172306,295.0,1.8
202201180006,286.0,1.8
202201180306,275.0,1.8
202201180406,306.0,1.8
202201180506,307.0,0.9
202201180606,306.0,1.3
202201180706,325.0,0.9
202201180806,307.0,0.4
202201180906,,0.0
202201181006,,0.0
202201181206,,0.0
202201181306,,0.0
202201181406,258.0,0.4
202201181506,323.0,1.3
202201181706,19.0,1.8
202201181806,311.0,1.3
202201181906,218.0,1.3
202201182006,287.0,1.3
202201182106,325.0,0.9
202201182206,,0.0
202201182306,,0.0
202201190006,,0.0
202201190106,,0.0
202201190206,,0.0
202201190306,,0.0
202201190406,,0.0
202201190506,,0.0
202201190606,108.0,0.4
202201190706,27.0,0.4
202201190806,,0.0
202201190906,,0.0
202201191006,,0.0
202201191106,,0.0
202201191206,,0.0
202201191306,,0.0
202201191406,,0.0
202201191506,229.0,0.4
202201191606,181.0,1.3
202201191706,164.0,1.8
202201191806,216.0,1.8
202201191906,185.0,2.7
202201192006,186.0,2.2
202201192106,209.0,1.8
202201192206,142.0,1.3
202201192306,164.0,0.9
202201200006,164.0,0.4
202201200106,151.0,0.9
202201200206,153.0,0.9
202201200406,219.0,1.3
202201200506,175.0,0.4
202201200606,173.0,0.4
202201200706,206.0,0.9
202201200806,220.0,0.9
202201200906,212.0,0.4
202201201006,,0.0
202201201106,298.0,0.9
202201201206,136.0,1.3
202201201306,280.0,0.9
202201201406,,0.0
202201201506,,0.0
202201201606,217.0,0.9
202201201706,216.0,0.9
202201201806,247.0,1.3
202201201906,238.0,0.4
202201202006,328.0,1.3
202201202106,319.0,0.9
202201202206,308.0,1.3
202201202306,320.0,1.3
202201210006,324.0,1.3
202201210106,315.0,1.3
202201210206,324.0,1.3
202201210306,327.0,1.3
202201210406,319.0,0.9
202201210506,327.0,1.3
202201210606,312.0,0.9
202201210706,305.0,0.9
202201210806,323.0,1.3
202201210906,300.0,0.4
202201211006,,0.0
202201211106,33.0,1.3
202201211206,52.0,1.3
202201211306,55.0,1.3
202201211406,45.0,1.3
202201211506,44.0,0.9
202201211606,29.0,1.3
202201211706,54.0,1.3
202201211806,18.0,1.3
202201211906,47.0,0.9
202201212006,39.0,1.3
202201212106,32.0,0.9
202201212206,38.0,0.9
202201212306,22.0,0.4
202201220006,15.0,0.4
202201220106,17.0,0.4
202201220306,19.0,0.9
202201220406,11.0,1.3
202201220506,24.0,0.9
202201220606,36.0,0.9
202201220706,42.0,0.4
202201220806,47.0,0.4
202201220906,35.0,0.4
202201221006,30.0,0.4
202201221106,37.0,0.4
202201221206,20.0,0.9
202201221306,38.0,0.9
202201221406,12.0,0.9
202201221506,12.0,1.3
202201221606,359.0,1.3
202201221706,160.0,1.3
202201221806,24.0,1.3
202201221906,356.0,1.3
202201222006,30.0,1.8
202201222106,320.0,0.4
202201222206,352.0,0.4
202201222306,,0.0
202201230006,,0.0
202201230106,,0.0
202201230206,,0.0
202201230306,,0.0
202201230406,,0.0
202201230506,,0.0
202201230606,,0.0
202201230706,,0.0
202201230806,,0.0
202201230906,,0.0
202201231006,,0.0
202201231106,,0.0
202201231206,226.0,0.4
202201231306,,0.0
202201231406,225.0,0.9
202201231506,266.0,1.3
202201231606,249.0,1.8
202201231706,234.0,1.8
202201231806,251.0,2.2
202201231906,248.0,2.7
202201232006,267.0,1.8
202201232106,261.0,1.8
202201232206,253.0,2.2
202201232306,230.0,0.4
202201240006,,0.0
202201240106,220.0,0.4
202201240206,263.0,0.4
202201240306,258.0,0.4
202201240406,289.0,0.4
202201240506,251.0,0.4
202201240606,,0.0
202201240706,,0.0
202201240806,,0.0
202201240906,,0.0
202201241006,,0.0
202201241106,265.0,0.4
202201241206,249.0,0.4
202201241306,236.0,0.4
202201241406,267.0,0.4
202201241506,242.0,1.3
202201241606,290.0,1.3
202201241706,253.0,1.8
202201241806,228.0,2.2
202201241906,246.0,2.2
202201242006,220.0,2.2
202201242106,278.0,1.3
202201242206,237.0,0.4
202201242306,,0.0
202201250006,,0.0
202201250106,228.0,0.4
202201250206,,0.0
202201250306,,0.0
202201250406,,0.0
202201250506,,0.0
202201250606,,0.0
202201250706,222.0,0.4
202201250806,,0.0
202201250906,,0.0
202201251006,239.0,0.4
202201251106,,0.0
202201251206,,0.0
202201251306,,0.0
202201251406,,0.0
202201251606,252.0,0.9
202201251706,267.0,0.9
202201251806,213.0,0.9
202201251906,212.0,0.9
202201252006,272.0,1.3
202201252106,198.0,1.3
202201252206,205.0,0.4
202201252306,,0.0
202201260006,,0.0
202201260106,,0.0
202201260306,,0.0
202201260406,,0.0
202201260506,,0.0
202201260606,329.0,1.3
202201260706,323.0,1.3
202201260806,321.0,1.3
202201260906,330.0,1.8
202201261006,322.0,1.3
202201261106,316.0,1.3
202201261206,313.0,1.3
202201261306,342.0,1.8
202201261406,338.0,1.3
202201261506,11.0,1.3
202201261606,11.0,2.2
202201261706,0.0,1.8
202201261806,347.0,1.8
202201261906,16.0,1.8
202201262006,7.0,1.8
202201262106,38.0,1.3
202201262206,17.0,0.4
202201262306,,0.0
202201270006,,0.0
202201270106,354.0,0.4
202201270206,352.0,0.9
202201270306,352.0,1.3
202201270406,359.0,0.9
202201270506,18.0,0.4
202201270606,,0.0
202201270706,,0.0
202201270806,,0.0
202201270906,,0.0
202201271006,,0.0
202201271106,26.0,0.4
202201271206,,0.0
202201271406,73.0,1.3
202201271506,86.0,1.3
202201271606,100.0,2.2
202201271706,91.0,2.2
202201271806,104.0,2.2
202201271906,91.0,1.8
202201272006,112.0,1.3
202201272106,136.0,1.8
202201272206,86.0,0.9
202201272306,,0.0
202201280006,,0.0
202201280106,,0.0
202201280206,,0.0
202201280306,39.0,0.4
202201280406,,0.0
202201280506,76.0,0.4
202201280606,,0.0
202201280706,,0.0
202201280806,,0.0
202201280906,,0.0
202201281006,,0.0
202201281106,,0.0
202201281206,,0.0
202201281306,,0.0
202201281406,,0.0
202201281506,,0.0
202201281606,241.0,0.9
202201281706,261.0,0.9
202201281806,248.0,0.9
202201281906,253.0,1.3
202201282006,238.0,2.2
202201282106,258.0,1.3
202201282206,321.0,2.7
202201282306,307.0,3.1
202201290006,321.0,2.7
202201290106,327.0,1.8
202201290206,312.0,1.8
202201290306,314.0,1.3
202201290406,314.0,2.2
202201290506,318.0,1.8
202201290606,318.0,2.2
202201290706,311.0,2.2
202201290806,314.0,1.8
202201290906,314.0,2.2
202201291006,324.0,2.7
202201291206,312.0,1.8
202201291306,323.0,2.2
202201291406,323.0,2.2
202201291506,346.0,2.7
202201291606,320.0,2.7
202201291706,340.0,3.1
202201291806,340.0,2.7
202201291906,310.0,2.7
202201292006,300.0,2.7
202201292106,320.0,2.7
202201292206,323.0,2.2
202201292306,309.0,0.9
202201300006,318.0,0.9
202201300106,,0.0
202201300206,,0.0
202201300306,,0.0
202201300406,149.0,0.4
202201300506,,0.0
202201300606,,0.0
202201300706,,0.0
202201300806,,0.0
202201300906,,0.0
202201301006,,0.0
202201301106,,0.0
202201301206,,0.0
202201301306,202.0,0.9
202201301406,201.0,1.8
202201301506,205.0,1.8
202201301606,214.0,2.7
202201301706,252.0,3.6
202201301806,214.0,3.1
202201301906,239.0,3.1
202201302006,235.0,3.1
202201302106,237.0,3.1
202201302206,242.0,1.8
202201302306,243.0,1.8
202201310206,,0.0
202201310306,240.0,0.4
202201310406,,0.0
202201310506,,0.0
202201310606,,0.0
202201310706,,0.0
202201310806,,0.0
202201310906,,0.0
202201311006,,0.0
202201311106,,0.0
202201311206,,0.0
202201311306,,0.0
202201311406,,0.0
202201311506,285.0,0.4
202201311606,346.0,0.9
202201311706,258.0,1.3
202201311806,323.0,1.8
202201311906,340.0,1.8
202201312006,325.0,1.8
202201312106,338.0,1.3
202201312206,346.0,0.4
202201312306,,0.0
202202010006,,0.0
202202010106,47.0,0.4
202202010206,,0.0
202202010306,,0.0
202202010406,,0.0
202202010506,,0.0
202202010606,,0.0
202202010706,,0.0
202202010906,59.0,0.4
202202011006,,0.0
202202011106,,0.0
202202011206,,0.0
202202011306,,0.0
202202011406,39.0,0.9
202202011506,83.0,1.3
202202011606,60.0,1.3
202202011706,81.0,1.3
202202011806,98.0,1.8
202202011906,95.0,1.8
202202012006,124.0,2.7
202202012106,101.0,1.8
202202012206,125.0,1.8
202202012306,,0.0
202202020006,61.0,0.4
202202020106,48.0,0.4
202202020206,43.0,0.4
202202020306,44.0,0.4
202202020406,,0.0
202202020506,52.0,0.4
202202020606,59.0,0.4
202202020706,85.0,0.9
202202020806,75.0,1.3
202202020906,,0.0
202202021006,66.0,0.9
202202021206,71.0,0.9
202202021306,68.0,0.4
202202021406,105.0,0.9
202202021506,85.0,1.3
202202021606,101.0,1.8
202202021706,98.0,1.3
202202021806,117.0,2.7
202202021906,116.0,2.7
202202022006,115.0,3.6
202202022106,114.0,2.2
202202022206,94.0,1.8
202202022306,79.0,0.4
202202030006,14.0,1.3
202202030106,41.0,1.3
202202030206,50.0,1.8
202202030306,68.0,0.9
202202030406,72.0,0.9
202202030506,79.0,0.9
202202030606,65.0,0.9
202202030806,76.0,0.9
202202030906,80.0,0.9
202202031006,100.0,1.3
202202031106,108.0,1.8
202202031206,132.0,2.2
202202031306,114.0,2.2
202202031406,137.0,2.7
202202031506,159.0,2.7
202202031606,172.0,2.7
202202031706,160.0,3.6
202202031806,168.0,3.1
202202031906,152.0,3.6
202202032006,173.0,2.2
202202032106,158.0,1.8
202202032306,177.0,3.1
202202040006,179.0,1.8
202202040106,175.0,2.7
202202040206,184.0,3.1
202202040306,224.0,2.7
202202040406,213.0,1.3
202202040506,158.0,0.4
202202040606,156.0,0.9
202202040706,,0.0
202202040806,214.0,0.4
202202040906,222.0,2.2
202202041006,177.0,1.8
202202041206,209.0,0.4
202202041306,218.0,0.9
202202041406,226.0,0.9
202202041506,,0.0
202202041706,320.0,1.3
202202041806,259.0,1.3
202202041906,296.0,1.8
202202042006,321.0,1.8
202202042106,299.0,1.8
202202042206,337.0,1.3
202202042306,307.0,1.3
202202050006,317.0,1.3
202202050106,297.0,2.2
202202050206,309.0,1.8
202202050306,324.0,2.2
202202050406,311.0,2.7
202202050506,317.0,2.2
202202050606,320.0,2.7
202202050706,313.0,1.8
202202050806,317.0,1.8
202202050906,326.0,1.8
202202051006,319.0,1.8
202202051106,315.0,1.3
202202051206,332.0,0.9
202202051306,313.0,0.9
202202051406,325.0,2.2
202202051506,2.0,1.8
202202051606,321.0,1.8
202202051706,335.0,2.2
202202051806,6.0,2.2
202202051906,38.0,1.3
202202052006,2.0,1.3
202202052106,36.0,1.3
202202052206,43.0,1.3
202202052306,,0.0
202202060006,,0.0
202202060106,,0.0
202202060206,,0.0
202202060306,,0.0
202202060406,,0.0
202202060506,,0.0
202202060606,74.0,0.9
202202060706,53.0,0.4
202202060806,35.0,0.4
202202060906,48.0,0.9
202202061106,47.0,1.3
202202061206,51.0,1.3
202202061306,49.0,1.3
202202061406,54.0,1.8
202202061506,62.0,1.8
202202061606,38.0,1.8
202202061706,31.0,1.8
202202061806,94.0,1.8
202202061906,25.0,1.3
202202062006,21.0,1.3
202202062106,22.0,1.8
202202062206,51.0,1.3
202202062306,67.0,0.9
202202070006,,0.0
202202070106,48.0,0.4
202202070206,35.0,1.3
202202070306,59.0,0.9
202202070406,22.0,1.3
202202070506,53.0,1.3
202202070606,116.0,1.3
202202070706,48.0,0.4
202202070806,19.0,0.9
202202070906,36.0,0.4
202202071006,48.0,0.9
202202071206,30.0,0.9
202202071306,332.0,0.4
202202071406,340.0,0.9
202202071506,330.0,0.4
202202071606,304.0,0.4
202202071706,293.0,0.9
202202071806,333.0,0.9
202202071906,296.0,0.9
202202072006,216.0,0.9
202202072106,150.0,0.4
202202072206,153.0,0.9
202202080006,,0.0
202202080106,,0.0
202202080206,,0.0
202202080306,242.0,0.4
202202080406,,0.0
202202080506,268.0,0.4
202202080606,267.0,0.9
202202080706,292.0,0.4
202202080806,283.0,0.4
202202080906,,0.0
202202081006,,0.0
202202081106,303.0,0.9
202202081206,305.0,0.9
202202081306,298.0,0.9
202202081406,317.0,1.3
202202081506,322.0,1.3
202202081606,8.0,1.3
202202081706,351.0,1.3
202202081806,357.0,1.3
202202081906,17.0,2.2
202202082006,9.0,1.8
202202082106,306.0,0.9
202202082206,,0.0
202202082306,108.0,0.9
202202090006,,0.0
202202090106,,0.0
202202090206,,0.0
202202090306,,0.0
202202090406,,0.0
202202090506,,0.0
202202090606,,0.0
202202090706,,0.0
202202090806,,0.0
202202090906,,0.0
202202091006,,0.0
202202091106,,0.0
202202091206,,0.0
202202091306,,0.0
202202091406,,0.0
202202091506,265.0,0.4
202202091606,250.0,1.8
202202091706,248.0,1.3
202202091806,250.0,2.2
202202091906,235.0,1.3
202202092006,258.0,1.8
202202092106,257.0,1.8
202202092206,241.0,0.9
202202092306,211.0,0.4
202202100006,,0.0
202202100106,,0.0
202202100206,,0.0
202202100306,,0.0
202202100406,,0.0
202202100506,,0.0
202202100606,283.0,0.4
202202100706,,0.0
202202100806,,0.0
202202100906,,0.0
202202101006,,0.0
202202101106,,0.0
202202101206,,0.0
202202101306,,0.0
202202101406,,0.0
202202101506,236.0,0.9
202202101606,227.0,1.3
202202101706,276.0,1.8
202202101806,327.0,1.8
202202101906,261.0,1.8
202202102006,258.0,2.2
202202102106,338.0,1.3
202202102206,290.0,0.9
202202102306,,0.0
202202110006,,0.0
202202110106,,0.0
202202110206,345.0,0.4
202202110306,,0.0
202202110406,,0.0
202202110506,,0.0
202202110606,,0.0
202202110706,,0.0
202202110906,,0.0
202202111006,,0.0
202202111106,,0.0
202202111206,,0.0
202202111306,,0.0
202202111406,,0.0
202202111506,189.0,1.3
202202111606,170.0,0.9
202202111706,189.0,1.8
202202111806,186.0,1.8
202202111906,234.0,2.7
202202112006,209.0,2.2
202202112106,193.0,1.8
202202112206,191.0,1.3
202202112306,,0.0
202202120006,,0.0
202202120106,,0.0
202202120206,,0.0
202202120306,,0.0
202202120406,,0.0
202202120506,,0.0
202202120606,233.0,0.9
202202120706,,0.0
202202120806,235.0,0.4
202202120906,262.0,0.4
202202121006,,0.0
202202121106,,0.0
202202121206,,0.0
202202121306,,0.0
202202121406,,0.0
202202121506,,0.0
202202121606,324.0,0.9
202202121706,322.0,0.4
202202121806,252.0,1.8
202202121906,57.0,1.3
202202122006,260.0,1.3
202202122106,268.0,1.8
202202122206,219.0,1.8
202202122306,,0.0
202202130106,162.0,1.3
202202130206,169.0,0.4
202202130306,188.0,0.4
202202130406,,0.0
202202130506,,0.0
202202130606,302.0,0.4
202202130706,289.0,0.9
202202130806,305.0,0.9
202202130906,304.0,1.3
202202131106,309.0,1.3
202202131206,285.0,0.9
202202131406,322.0,1.3
202202131506,299.0,1.8
202202131606,299.0,2.2
202202131806,289.0,2.7
202202131906,275.0,2.7
202202132006,314.0,3.1
202202132106,302.0,2.2
202202132206,322.0,2.2
202202132306,317.0,1.8
202202140006,325.0,0.9
202202140106,318.0,0.4
202202140206,,0.0
202202140306,308.0,0.9
202202140506,232.0,0.4
202202140606,,0.0
202202140706,,0.0
202202140806,,0.0
202202140906,,0.0
202202141006,,0.0
202202141106,,0.0
202202141206,265.0,0.4
202202141306,,0.0
202202141406,268.0,0.9
202202141506,303.0,1.8
202202141606,282.0,2.2
202202141706,256.0,3.1
202202141806,299.0,1.8
202202141906,272.0,1.8
202202142006,318.0,1.3
202202142106,315.0,1.3
202202142206,242.0,1.8
202202150006,,0.0
202202150106,,0.0
202202150206,,0.0
202202150306,,0.0
202202150406,,0.0
202202150506,,0.0
202202150606,,0.0
202202150706,,0.0
202202150806,,0.0
202202150906,,0.0
202202151006,,0.0
202202151106,,0.0
202202151206,,0.0
202202151306,,0.0
202202151406,73.0,0.9
202202151506,85.0,1.3
202202151606,81.0,1.8
202202151706,54.0,1.8
202202151806,223.0,0.9
202202151906,134.0,2.2
202202152006,149.0,0.9
202202152106,136.0,2.7
202202152206,121.0,2.2
202202152306,110.0,1.3
202202160006,113.0,0.9
202202160106,82.0,0.4
202202160206,99.0,0.9
202202160306,87.0,0.9
202202160406,91.0,1.3
202202160506,99.0,1.3
202202160606,99.0,1.3
202202160706,100.0,1.3
202202160806,92.0,1.3
202202160906,76.0,0.9
202202161006,,0.0
202202161106,,0.0
202202161206,60.0,0.4
202202161306,67.0,0.9
202202161406,63.0,0.9
202202161506,115.0,2.7
202202161606,129.0,1.8
202202161706,131.0,2.7
202202161806,151.0,2.2
202202161906,144.0,2.2
202202162006,148.0,3.1
202202162106,142.0,3.1
202202162206,148.0,2.2
202202162306,134.0,0.9
202202170006,108.0,0.9
202202170106,72.0,0.4
202202170206,109.0,0.9
202202170306,106.0,1.8
202202170406,107.0,1.8
202202170506,125.0,2.2
202202170706,129.0,1.8
202202170906,106.0,1.3
202202171006,112.0,1.3
202202171106,95.0,1.8
202202171206,112.0,1.8
202202171306,132.0,2.7
202202171406,164.0,2.2
202202171506,168.0,2.2
202202171606,168.0,2.7
202202171706,157.0,3.1
202202171806,164.0,3.1
202202171906,176.0,2.7
202202172006,169.0,1.8
202202172106,178.0,2.7
202202172206,167.0,2.2
202202172306,191.0,2.2
202202180006,200.0,1.8
202202180106,213.0,3.1
202202180206,193.0,3.1
202202180306,200.0,3.1
202202180406,210.0,3.1
202202180506,196.0,1.8
202202180606,190.0,2.7
202202180706,252.0,1.3
202202180806,253.0,1.3
202202180906,234.0,1.3
202202181006,242.0,1.8
202202181106,251.0,1.8
202202181206,315.0,1.8
202202181306,315.0,2.2
202202181406,319.0,2.2
202202181506,307.0,1.8
202202181606,305.0,1.8
202202181706,277.0,2.2
202202181806,317.0,2.2
202202181906,292.0,2.7
202202182006,293.0,2.2
202202182106,299.0,1.3
202202182206,288.0,1.8
202202182306,294.0,1.8
202202190006,286.0,1.3
202202190106,306.0,1.3
202202190306,307.0,1.3
202202190406,293.0,1.3
202202190506,276.0,1.3
202202190606,297.0,1.3
202202190706,293.0,1.3
202202190906,320.0,1.8
202202191006,309.0,0.9
202202191106,307.0,1.3
202202191206,314.0,1.3
202202191306,319.0,1.3
202202191406,330.0,1.8
202202191506,322.0,1.3
202202191606,354.0,2.7
202202191706,337.0,2.7
202202191806,323.0,2.7
202202191906,319.0,2.2
202202192006,331.0,2.7
202202192106,335.0,1.8
202202192206,338.0,1.8
202202192306,312.0,1.3
202202200006,320.0,0.4
202202200106,324.0,0.9
202202200206,354.0,0.4
202202200306,331.0,0.4
202202200406,294.0,0.9
202202200506,303.0,0.4
202202200606,296.0,0.4
202202200706,31.0,0.4
202202200806,,0.0
202202200906,,0.0
202202201006,,0.0
202202201106,,0.0
202202201206,,0.0
202202201306,,0.0
202202201406,70.0,1.8
202202201506,90.0,2.2
202202201606,114.0,2.2
202202201706,107.0,1.8
202202201806,86.0,1.8
202202201906,131.0,2.2
202202202006,215.0,1.8
202202202106,90.0,0.9
202202202206,196.0,1.3
202202202306,,0.0
202202210006,,0.0
202202210106,,0.0
202202210206,,0.0
202202210306,,0.0
202202210506,,0.0
202202210606,,0.0
202202210706,117.0,0.9
202202210806,,0.0
202202211006,61.0,0.4
202202211106,,0.0
202202211206,,0.0
202202211306,68.0,0.4
202202211406,53.0,0.9
202202211506,83.0,1.3
202202211606,64.0,0.9
202202211706,130.0,1.8
202202211806,200.0,0.4
202202211906,,0.0
202202212006,,0.0
202202212206,,0.0
202202212306,,0.0
202202220006,,0.0
202202220106,,0.0
202202220206,57.0,0.9
202202220306,354.0,1.8
202202220406,45.0,0.9
202202220506,90.0,0.4
202202220606,,0.0
202202220706,72.0,0.9
202202220806,98.0,1.8
202202220906,91.0,0.4
202202221106,144.0,1.8
202202221206,188.0,0.4
202202221306,148.0,0.9
202202221406,187.0,1.3
202202221506,198.0,2.2
202202221606,218.0,2.2
202202221706,218.0,1.8
202202221806,174.0,1.8
202202221906,226.0,2.2
202202222006,209.0,1.3
202202222106,247.0,0.9
202202222206,,0.0
202202222306,321.0,0.4
202202230006,,0.0
202202230106,,0.0
202202230206,157.0,1.3
202202230306,154.0,0.4
202202230406,178.0,1.8
202202230506,200.0,1.8
202202230606,207.0,1.3
202202230706,191.0,1.3
202202230806,,0.0
202202230906,,0.0
202202231006,,0.0
202202231106,187.0,0.4
202202231206,173.0,0.4
202202231306,224.0,1.3
202202231406,203.0,1.3
202202231506,226.0,1.8
202202231606,263.0,2.7
202202231706,242.0,2.2
202202231806,232.0,1.3
202202232006,222.0,1.8
202202232106,230.0,1.3
202202232206,227.0,0.9
202202240006,,0.0
202202240106,,0.0
202202240206,,0.0
202202240306,,0.0
202202240506,,0.0
202202240606,,0.0
202202240706,,0.0
202202240806,227.0,0.9
202202240906,222.0,0.4
202202241006,229.0,0.9
202202241106,228.0,0.4
202202241206,,0.0
202202241306,242.0,0.9
202202241406,210.0,1.3
202202241506,228.0,0.9
202202241606,240.0,3.1
202202241706,213.0,3.1
202202241806,224.0,2.7
202202241906,205.0,2.2
202202242006,213.0,2.7
202202242106,226.0,2.7
202202242206,180.0,1.3
202202250006,144.0,0.4
202202250106,154.0,0.4
202202250206,215.0,0.4
202202250306,,0.0
202202250406,,0.0
202202250506,,0.0
202202250606,,0.0
202202250706,175.0,0.9
202202250806,198.0,1.3
202202250906,248.0,0.9
202202251006,231.0,0.9
202202251106,225.0,0.9
202202251206,240.0,1.3
202202251306,,0.0
202202251406,234.0,1.3
202202251506,252.0,2.2
202202251606,312.0,2.2
202202251706,305.0,1.3
202202251906,259.0,1.8
202202252006,260.0,1.3
202202252106,282.0,0.9
202202252306,323.0,0.9
202202260006,,0.0
202202260106,,0.0
202202260206,333.0,0.4
202202260306,328.0,0.9
202202260406,326.0,0.4
202202260506,280.0,1.3
202202260606,284.0,1.3
202202260706,296.0,0.4
202202260806,286.0,0.9
202202260906,295.0,0.4
202202261006,311.0,0.4
202202261106,330.0,1.8
202202261206,335.0,0.4
202202261306,331.0,1.3
202202261406,12.0,0.9
202202261506,91.0,1.3
202202261606,42.0,0.9
202202261706,304.0,1.3
202202261806,305.0,0.9
202202261906,46.0,0.4
202202262006,146.0,0.4
202202262106,308.0,0.9
202202262206,340.0,1.3
202202262306,,0.0
202202270006,,0.0
202202270106,,0.0
202202270206,,0.0
202202270306,,0.0
202202270406,,0.0
202202270506,,0.0
202202270606,,0.0
202202270706,,0.0
202202270806,,0.0
202202270906,16.0,0.4
202202271006,,0.0
202202271106,,0.0
202202271206,59.0,0.9
202202271306,18.0,0.9
202202271406,101.0,1.3
202202271506,57.0,0.4
202202271606,2.0,1.8
202202271706,123.0,1.8
202202271806,106.0,0.9
202202271906,,0.0
202202272006,,0.0
202202272106,337.0,0.4
202202272206,349.0,0.4
202202272306,357.0,0.9
202202280006,,0.0
202202280106,,0.0
202202280306,,0.0
202202280406,,0.0
202202280506,,0.0
202202280606,,0.0
202202280706,,0.0
202202280806,82.0,0.4
202202280906,,0.0
202202281006,,0.0
202202281106,,0.0
202202281206,,0.0
202202281306,74.0,0.9
202202281406,46.0,1.3
202202281506,58.0,1.3
202202281606,69.0,1.8
202202281706,55.0,1.8
202202281806,28.0,1.8
202202281906,13.0,1.8
202202282006,80.0,1.8
202202282106,21.0,0.9
202202282206,24.0,0.9
202202282306,,0.0
202203010006,,0.0
202203010106,,0.0
202203010206,,0.0
202203010306,,0.0
202203010406,98.0,0.4
202203010506,,0.0
202203010606,,0.0
202203010706,,0.0
202203010806,,0.0
202203010906,,0.0
202203011006,,0.0
202203011106,,0.0
202203011206,,0.0
202203011306,,0.0
202203011406,,0.0
202203011506,311.0,0.9
202203011606,36.0,0.9
202203011706,13.0,2.2
202203011806,66.0,1.3
202203011906,2.0,1.3
202203012006,237.0,1.8
202203012106,348.0,1.8
202203012206,299.0,1.8
202203012306,308.0,0.4
202203020006,,0.0
202203020106,,0.0
202203020206,,0.0
202203020306,,0.0
202203020406,,0.0
202203020506,,0.0
202203020706,,0.0
202203020806,,0.0
202203020906,,0.0
202203021006,,0.0
202203021106,,0.0
202203021206,,0.0
202203021306,,0.0
202203021406,254.0,0.9
202203021506,313.0,0.9
202203021806,24.0,1.3
202203021906,244.0,2.2
202203022006,247.0,1.8
202203022106,256.0,1.8
202203022206,255.0,1.3
202203022306,288.0,0.9
202203030006,,0.0
202203030106,,0.0
202203030206,,0.0
202203030306,,0.0
202203030406,,0.0
202203030506,,0.0
202203030606,,0.0
202203030706,,0.0
202203030806,,0.0
202203030906,,0.0
202203031006,,0.0
202203031106,,0.0
202203031206,,0.0
202203031306,,0.0
202203031406,272.0,0.9
202203031506,325.0,1.8
202203031606,320.0,1.8
202203031706,254.0,1.8
202203031806,226.0,1.8
202203031906,230.0,2.2
202203032006,281.0,1.8
202203032106,268.0,0.9
202203032206,264.0,1.3
202203032306,217.0,0.9
202203040006,,0.0
202203040106,,0.0
202203040206,275.0,0.4
202203040306,,0.0
202203040406,,0.0
202203040506,,0.0
202203040606,,0.0
202203040706,,0.0
202203040806,,0.0
202203040906,,0.0
202203041006,,0.0
202203041106,,0.0
202203041206,,0.0
202203041306,128.0,0.4
202203041406,79.0,1.8
202203041506,39.0,1.8
202203041606,107.0,2.2
202203041706,77.0,2.2
202203041806,73.0,1.3
202203041906,76.0,1.3
202203042006,55.0,1.3
202203042106,25.0,0.9
202203042206,54.0,1.3
202203042306,77.0,0.4
202203050006,,0.0
202203050106,78.0,0.9
202203050206,,0.0
202203050306,74.0,0.9
202203050406,82.0,0.9
202203050506,96.0,0.9
202203050606,101.0,0.9
202203050706,,0.0
202203050906,99.0,0.9
202203051006,,0.0
202203051106,,0.0
202203051206,,0.0
202203051306,121.0,0.4
202203051406,121.0,2.7
202203051506,140.0,0.9
202203051606,89.0,1.3
202203051706,136.0,2.2
202203051806,132.0,2.2
202203051906,148.0,2.7
202203052006,144.0,2.7
202203052106,146.0,3.1
202203052206,155.0,2.2
202203052306,144.0,2.2
202203060006,74.0,0.4
202203060106,87.0,0.4
202203060206,90.0,0.9
202203060306,,0.0
202203060406,117.0,1.8
202203060506,135.0,2.2
202203060606,152.0,1.3
202203060806,160.0,0.9
202203060906,150.0,0.9
202203061006,158.0,1.3
202203061106,149.0,0.4
202203061206,,0.0
202203061306,164.0,1.3
202203061506,183.0,1.8
202203061606,194.0,2.2
202203061706,172.0,2.2
202203061806,184.0,2.2
202203061906,191.0,2.2
202203062006,161.0,1.8
202203062106,195.0,2.2
202203062206,128.0,0.4
202203062306,147.0,0.9
202203070006,,0.0
202203070106,146.0,0.9
202203070206,133.0,0.4
202203070306,155.0,0.4
202203070406,152.0,1.3
202203070506,170.0,0.4
202203070606,,0.0
202203070706,135.0,1.8
202203070806,135.0,1.3
202203070906,163.0,0.4
202203071006,157.0,0.4
202203071106,164.0,1.3
202203071206,198.0,0.4
202203071306,184.0,0.4
202203071406,243.0,1.8
202203071506,183.0,2.2
202203071606,205.0,3.1
202203071706,215.0,2.2
202203071806,216.0,3.1
202203072006,223.0,3.1
202203072106,215.0,1.8
202203072206,262.0,2.7
202203072306,239.0,0.9
202203080006,317.0,2.2
202203080106,315.0,0.4
202203080206,,0.0
202203080306,,0.0
202203080406,,0.0
202203080506,,0.0
202203080606,206.0,0.4
202203080706,351.0,0.4
202203080806,291.0,1.3
202203080906,319.0,0.9
202203081006,347.0,1.3
202203081106,,0.0
202203081206,324.0,1.3
202203081306,338.0,0.9
202203081406,270.0,0.9
202203081506,23.0,0.4
202203081706,,0.0
202203081806,335.0,0.9
202203081906,346.0,0.4
202203082006,101.0,0.9
202203082106,,0.0
202203082206,348.0,0.9
202203082306,4.0,1.3
202203090006,11.0,1.3
202203090106,,0.0
202203090206,82.0,0.9
202203090306,98.0,1.3
202203090406,74.0,0.9
202203090506,,0.0
202203090706,91.0,0.9
202203090806,149.0,0.9
202203090906,136.0,0.9
202203091006,156.0,1.3
202203091106,308.0,0.9
202203091206,,0.0
202203091306,,0.0
202203091406,,0.0
202203091506,,0.0
202203091606,260.0,1.8
202203091706,320.0,1.3
202203091806,315.0,1.3
202203091906,311.0,1.3
202203092006,288.0,1.3
202203092106,302.0,0.9
202203092206,264.0,1.3
202203092306,334.0,0.9
202203100006,,0.0
202203100106,,0.0
202203100206,,0.0
202203100306,202.0,0.4
202203100406,,0.0
202203100506,,0.0
202203100706,,0.0
202203100806,,0.0
202203100906,,0.0
202203101006,,0.0
202203101106,,0.0
202203101206,,0.0
202203101306,,0.0
202203101406,,0.0
202203101506,354.0,0.4
202203101606,64.0,0.4
202203101706,278.0,0.9
202203101806,293.0,0.9
202203101906,69.0,0.9
202203102006,48.0,1.3
202203102106,37.0,1.8
202203102206,58.0,1.3
202203102306,46.0,1.3
202203110006,38.0,0.9
202203110106,42.0,0.4
202203110206,38.0,0.4
202203110306,65.0,0.9
202203110406,58.0,0.9
202203110506,86.0,0.9
202203110606,36.0,0.9
202203110706,43.0,0.4
202203110806,48.0,0.4
202203110906,50.0,0.4
202203111006,81.0,0.4
202203111106,43.0,0.9
202203111206,25.0,0.4
202203111406,56.0,0.9
202203111506,71.0,0.9
202203111606,98.0,1.3
202203111706,352.0,0.4
202203111806,68.0,0.4
202203111906,84.0,1.3
202203112006,115.0,1.3
202203112106,,0.0
202203112306,,0.0
202203120006,,0.0
202203120106,,0.0
202203120206,,0.0
202203120306,120.0,0.9
202203120406,107.0,0.4
202203120506,117.0,0.4
202203120606,,0.0
202203120706,177.0,0.9
202203120806,284.0,2.2
202203120906,295.0,1.3
202203121006,310.0,4.0
202203121106,336.0,1.8
202203121206,306.0,3.6
202203121406,321.0,3.6
202203121506,322.0,3.6
202203121706,303.0,4.0
202203121806,328.0,4.0
202203122006,327.0,4.0
202203122106,324.0,3.1
202203122206,346.0,2.7
202203122306,331.0,2.2
202203130006,317.0,0.9
202203130106,318.0,0.4
202203130206,320.0,1.3
202203130306,295.0,0.9
202203130406,313.0,0.4
202203130506,,0.0
202203130606,,0.0
202203130706,,0.0
202203130806,,0.0
202203130906,,0.0
202203131006,,0.0
202203131106,,0.0
202203131206,,0.0
202203131406,301.0,0.9
202203131506,201.0,0.9
202203131606,269.0,1.3
202203131706,120.0,0.9
202203131806,297.0,1.8
202203131906,160.0,0.9
202203132006,45.0,1.3
202203132106,152.0,1.8
202203132206,158.0,1.3
202203132306,143.0,0.9
202203140006,,0.0
202203140106,128.0,0.4
202203140206,,0.0
202203140306,,0.0
202203140406,,0.0
202203140506,,0.0
202203140606,,0.0
202203140706,,0.0
202203140806,,0.0
202203140906,,0.0
202203141006,,0.0
202203141106,,0.0
202203141206,,0.0
202203141306,,0.0
202203141406,,0.0
202203141506,,0.0
202203141606,134.0,2.7
202203141706,167.0,2.2
202203141806,130.0,1.3
202203141906,147.0,2.2
202203142006,125.0,3.1
202203142106,189.0,2.2
202203142306,133.0,0.9
202203150006,,0.0
202203150106,,0.0
202203150206,,0.0
202203150306,,0.0
202203150406,,0.0
202203150506,,0.0
202203150606,,0.0
202203150706,,0.0
202203150806,,0.0
202203150906,,0.0
202203151006,,0.0
202203151106,88.0,0.4
202203151206,71.0,0.9
202203151306,82.0,0.9
202203151406,110.0,2.7
202203151506,119.0,2.2
202203151606,127.0,2.7
202203151706,132.0,2.7
202203151806,133.0,2.2
202203151906,129.0,2.2
202203152006,105.0,1.3
202203152106,,0.0
202203152206,,0.0
202203152306,,0.0
202203160006,,0.0
202203160106,61.0,0.9
202203160206,78.0,0.9
202203160306,87.0,1.3
202203160406,90.0,0.9
202203160506,88.0,0.4
202203160606,94.0,1.3
202203160706,102.0,2.2
202203160806,88.0,1.3
202203160906,66.0,0.4
202203161006,,0.0
202203161106,,0.0
202203161206,,0.0
202203161406,50.0,0.9
202203161506,45.0,0.4
202203161606,57.0,0.4
202203161706,91.0,0.9
202203161806,37.0,1.3
202203161906,22.0,1.3
202203162006,32.0,1.3
202203162106,33.0,1.8
202203162206,49.0,1.3
202203162306,45.0,1.8
202203170006,99.0,0.9
202203170106,100.0,0.4
202203170206,,0.0
202203170306,349.0,0.9
202203170406,,0.0
202203170506,,0.0
202203170606,,0.0
202203170706,254.0,0.9
202203170806,,0.0
202203170906,,0.0
202203171006,,0.0
202203171206,254.0,0.9
202203171306,275.0,0.9
202203171506,254.0,0.9
202203171606,322.0,1.3
202203171706,284.0,0.9
202203171806,276.0,0.9
202203171906,177.0,1.3
202203172006,227.0,1.8
202203172106,244.0,1.8
202203172206,232.0,0.9
202203172306,,0.0
202203180006,,0.0
202203180106,,0.0
202203180206,117.0,0.4
202203180306,121.0,0.4
202203180406,,0.0
202203180506,,0.0
202203180606,,0.0
202203180706,,0.0
202203180806,,0.0
202203180906,,0.0
202203181006,120.0,0.9
202203181106,,0.0
202203181206,,0.0
202203181306,,0.0
202203181406,98.0,1.3
202203181506,113.0,0.9
202203181606,296.0,3.6
202203181706,94.0,1.3
202203181806,104.0,1.3
202203181906,111.0,3.1
202203182006,114.0,5.4
202203182106,246.0,0.9
202203182206,188.0,0.4
202203182306,166.0,1.3
202203190106,,0.0
202203190206,,0.0
202203190306,,0.0
202203190406,197.0,0.9
202203190506,214.0,0.9
202203190606,208.0,1.8
202203190706,227.0,2.2
202203190806,215.0,2.2
202203190906,219.0,2.2
202203191006,216.0,1.8
202203191106,209.0,1.3
202203191206,177.0,1.3
202203191306,231.0,1.3
202203191406,241.0,2.2
202203191506,268.0,2.2
202203191606,220.0,3.1
202203191706,232.0,2.7
202203191906,252.0,3.1
202203192006,263.0,2.7
202203192106,252.0,2.7
202203192206,277.0,2.7
202203192306,258.0,1.3
202203200106,315.0,0.9
202203200206,332.0,0.4
202203200306,317.0,0.4
202203200406,336.0,1.3
202203200506,327.0,1.3
202203200606,325.0,1.3
202203200706,319.0,1.3
202203200806,322.0,0.9
202203200906,326.0,0.9
202203201006,,0.0
202203201106,,0.0
202203201206,249.0,0.4
202203201306,272.0,0.9
202203201506,324.0,2.2
202203201606,328.0,2.2
202203201706,327.0,1.8
202203201806,301.0,2.7
202203201906,338.0,2.2
202203202006,343.0,2.7
202203202106,314.0,1.3
202203202206,349.0,1.3
202203202306,337.0,1.3
202203210006,,0.0
202203210106,254.0,0.4
202203210206,,0.0
202203210306,,0.0
202203210406,,0.0
202203210506,,0.0
202203210606,,0.0
202203210706,,0.0
202203210806,,0.0
202203210906,,0.0
202203211006,,0.0
202203211106,,0.0
202203211206,,0.0
202203211406,70.0,0.9
202203211506,99.0,2.7
202203211606,127.0,2.7
202203211706,102.0,2.2
202203211806,111.0,1.8
202203211906,159.0,2.2
202203212006,155.0,2.2
202203212106,165.0,2.2
202203212206,145.0,1.3
202203212306,134.0,1.8
202203220006,93.0,0.9
202203220106,98.0,1.3
202203220206,82.0,0.9
202203220306,87.0,0.9
202203220406,127.0,1.8
202203220506,128.0,1.3
202203220606,131.0,1.8
202203220706,128.0,1.8
202203220906,,0.0
202203221006,,0.0
202203221106,73.0,0.4
202203221206,99.0,1.3
202203221306,111.0,1.3
202203221406,133.0,2.2
202203221506,139.0,4.0
202203221606,144.0,3.6
202203221706,126.0,3.1
202203221806,172.0,2.7
202203221906,147.0,2.2
202203222006,142.0,3.6
202203222106,135.0,4.5
202203222206,134.0,4.0
202203222306,126.0,3.6
202203230006,114.0,1.8
202203230206,122.0,2.2
202203230306,142.0,4.0
202203230406,125.0,4.0
202203230506,134.0,2.7
202203230606,147.0,1.8
202203230706,125.0,3.6
202203230806,133.0,4.0
202203230906,135.0,3.6
202203231006,156.0,2.7
202203231106,156.0,3.1
202203231206,161.0,3.1
202203231306,160.0,2.2
202203231406,168.0,1.8
202203231506,168.0,3.1
202203231606,180.0,2.2
202203231706,182.0,2.7
202203231806,201.0,3.6
202203231906,187.0,3.6
202203232006,180.0,2.2
202203232106,190.0,2.7
202203232206,189.0,3.1
202203232306,209.0,2.7
202203240006,218.0,2.2
202203240106,227.0,2.2
202203240206,224.0,1.8
202203240306,244.0,1.3
202203240406,240.0,1.3
202203240506,246.0,0.9
202203240606,286.0,0.4
202203240706,297.0,0.9
202203240806,309.0,0.4
202203240906,335.0,0.4
202203241006,320.0,1.3
202203241106,314.0,1.3
202203241206,308.0,0.9
202203241306,,0.0
202203241406,300.0,0.9
202203241506,306.0,1.3
202203241606,323.0,2.2
202203241706,255.0,2.2
202203241806,233.0,2.2
202203241906,271.0,2.7
202203242006,245.0,2.7
202203242106,271.0,1.8
202203242206,243.0,1.8
202203242306,249.0,1.3
202203250006,267.0,0.4
202203250106,,0.0
202203250206,,0.0
202203250306,,0.0
202203250406,,0.0
202203250506,,0.0
202203250606,,0.0
202203250706,,0.0
202203250806,,0.0
202203250906,,0.0
202203251006,,0.0
202203251106,139.0,0.4
202203251206,,0.0
202203251306,251.0,1.3
202203251406,256.0,1.8
202203251506,333.0,1.8
202203251606,321.0,2.2
202203251706,268.0,3.1
202203251806,309.0,2.7
202203251906,260.0,3.6
202203252006,260.0,3.1
202203252206,304.0,2.7
202203252306,301.0,1.8
202203260006,313.0,0.4
202203260106,,0.0
202203260206,,0.0
202203260306,,0.0
202203260406,,0.0
202203260506,266.0,0.4
202203260606,241.0,0.4
202203260706,,0.0
202203260806,,0.0
202203260906,,0.0
202203261006,,0.0
202203261106,258.0,0.9
202203261306,278.0,1.8
202203261406,329.0,2.7
202203261506,313.0,2.7
202203261606,320.0,3.1
202203261706,290.0,3.6
202203261806,260.0,3.1
202203261906,254.0,4.5
202203262006,250.0,3.6
202203262106,301.0,2.7
202203262206,263.0,4.5
202203262306,290.0,2.7
202203270006,296.0,1.8
202203270106,,0.0
202203270306,263.0,0.4
202203270406,272.0,1.3
202203270506,276.0,1.3
202203270606,297.0,1.8
202203270706,294.0,0.9
202203270806,251.0,0.4
202203270906,237.0,0.4
202203271006,,0.0
202203271106,320.0,0.4
202203271206,219.0,0.4
202203271306,288.0,0.9
202203271406,318.0,2.2
202203271506,293.0,2.7
202203271606,309.0,3.1
202203271706,307.0,2.2
202203271906,288.0,2.2
202203272006,293.0,2.2
202203272106,296.0,2.2
202203272206,293.0,2.7
202203272306,328.0,1.8
202203280006,292.0,1.3
202203280106,289.0,0.4
202203280206,271.0,0.4
202203280306,,0.0
202203280406,265.0,0.4
202203280506,310.0,0.4
202203280606,296.0,0.4
202203280706,,0.0
202203280806,,0.0
202203280906,,0.0
202203281106,,0.0
202203281206,,0.0
202203281306,289.0,0.4
202203281406,287.0,1.3
202203281506,325.0,1.8
202203281606,302.0,1.8
202203281706,253.0,2.2
202203281806,333.0,2.2
202203281906,344.0,2.7
202203282106,336.0,2.7
202203282206,317.0,1.8
202203282306,329.0,1.8
202203290006,,0.0
202203290106,,0.0
202203290206,36.0,0.9
202203290306,,0.0
202203290406,,0.0
202203290506,355.0,0.9
202203290606,39.0,0.4
202203290706,,0.0
202203290806,,0.0
202203290906,,0.0
202203291206,,0.0
202203291306,80.0,0.9
202203291406,112.0,2.7
202203291506,130.0,1.3
202203291606,127.0,1.3
202203291706,145.0,2.2
202203291806,141.0,1.8
202203292006,181.0,1.3
202203292106,157.0,1.8
202203292206,,0.0
202203292306,108.0,0.4
202203300006,,0.0
202203300106,93.0,1.3
202203300206,88.0,1.3
202203300306,91.0,1.3
202203300406,116.0,2.2
202203300506,122.0,1.8
202203300606,132.0,1.8
202203300706,141.0,2.2
202203300806,142.0,2.2
202203300906,119.0,1.3
202203301006,97.0,1.3
202203301106,81.0,0.9
202203301206,109.0,1.3
202203301306,111.0,1.8
202203301406,124.0,2.7
202203301506,121.0,2.2
202203301606,155.0,3.1
202203301706,158.0,3.6
202203301806,213.0,3.1
202203301906,171.0,3.1
202203302006,195.0,3.6
202203302106,166.0,3.6
202203302306,170.0,4.0
202203310006,167.0,3.1
202203310106,184.0,2.7
202203310306,192.0,1.3
202203310406,177.0,2.2
202203310506,157.0,2.2
202203310606,157.0,3.1
202203310706,179.0,2.7
202203310806,167.0,2.2
202203310906,164.0,2.7
202203311006,131.0,2.7
202203311106,151.0,3.1
202203311206,240.0,1.3
202203311306,216.0,2.2
202203311506,225.0,1.8
202203311606,285.0,1.8
202203311706,265.0,1.8
202203311806,246.0,3.1
202203311906,233.0,3.1
202203312006,234.0,3.6
202203312106,232.0,3.6
202203312206,240.0,2.7
202203312306,233.0,1.8
202204010006,234.0,0.9
202204010106,239.0,0.9
202204010206,249.0,0.9
202204010306,259.0,1.8
202204010406,262.0,1.3
202204010506,300.0,1.3
202204010606,279.0,1.8
202204010706,288.0,1.3
202204010806,240.0,1.3
202204010906,236.0,1.3
202204011006,244.0,0.9
202204011106,287.0,0.4
202204011206,,0.0
202204011306,289.0,1.3
202204011406,242.0,2.2
202204011506,280.0,2.7
202204011606,281.0,2.2
202204011706,264.0,2.7
202204011806,249.0,2.7
202204011906,270.0,2.2
202204012006,320.0,1.8
202204012106,292.0,1.8
202204012206,264.0,1.8
202204012306,353.0,1.8
202204020106,,0.0
202204020206,,0.0
202204020306,,0.0
202204020406,258.0,0.4
202204020506,,0.0
202204020606,,0.0
202204020706,,0.0
202204020806,,0.0
202204020906,,0.0
202204021006,,0.0
202204021106,,0.0
202204021206,,0.0
202204021306,,0.0
202204021406,37.0,1.3
202204021506,141.0,1.8
202204021606,346.0,1.3
202204021706,226.0,1.3
202204021806,283.0,0.9
202204021906,231.0,0.4
202204022006,299.0,1.3
202204022106,267.0,0.9
202204022206,152.0,0.9
202204022306,168.0,0.4
202204030006,,0.0
202204030106,,0.0
202204030206,,0.0
202204030306,,0.0
202204030406,,0.0
202204030506,,0.0
202204030606,,0.0
202204030706,,0.0
202204030806,,0.0
202204030906,312.0,0.4
202204031006,328.0,1.8
202204031106,329.0,0.9
202204031206,,0.0
202204031306,326.0,1.8
202204031406,342.0,2.2
202204031506,304.0,1.8
202204031606,296.0,2.7
202204031706,347.0,1.8
202204031806,302.0,2.7
202204031906,336.0,2.2
202204032106,285.0,2.2
202204032206,296.0,1.8
202204032306,312.0,1.3
202204040006,,0.0
202204040106,,0.0
202204040206,,0.0
202204040306,,0.0
202204040406,,0.0
202204040506,,0.0
202204040606,,0.0
202204040706,,0.0
202204040806,,0.0
202204040906,,0.0
202204041106,,0.0
202204041206,,0.0
202204041306,81.0,0.4
202204041406,47.0,0.9
202204041506,135.0,1.3
202204041606,271.0,1.3
202204041706,214.0,1.8
202204041806,203.0,2.2
202204041906,147.0,1.8
202204042006,211.0,1.3
202204042106,253.0,1.3
202204042206,246.0,1.3
202204042306,234.0,0.4
202204050006,,0.0
202204050106,,0.0
202204050206,,0.0
202204050306,104.0,0.4
202204050406,143.0,0.4
202204050506,101.0,0.4
202204050606,,0.0
202204050706,,0.0
202204050806,71.0,0.4
202204050906,99.0,0.9
202204051006,96.0,0.9
202204051106,96.0,0.4
202204051206,99.0,0.4
202204051306,91.0,0.9
202204051406,342.0,0.4
202204051606,81.0,1.3
202204051706,85.0,0.9
202204051806,95.0,1.3
202204051906,116.0,1.3
202204052006,,0.0
202204052106,179.0,0.9
202204052206,212.0,0.9
202204052306,218.0,2.7
202204060006,235.0,2.7
202204060106,241.0,2.2
202204060206,237.0,1.8
202204060306,218.0,1.3
202204060406,231.0,1.8
202204060506,,0.0
202204060606,219.0,0.4
202204060706,,0.0
202204060806,,0.0
202204060906,,0.0
202204061006,141.0,0.4
202204061106,,0.0
202204061206,,0.0
202204061306,147.0,0.4
202204061406,165.0,0.4
202204061606,195.0,1.3
202204061706,208.0,1.8
202204061806,186.0,0.9
202204061906,169.0,1.3
202204062006,181.0,1.3
202204062106,167.0,2.2
202204062306,147.0,3.1
202204070006,116.0,3.6
202204070106,158.0,0.9
202204070206,202.0,1.8
202204070306,,0.0
202204070406,144.0,2.2
202204070506,165.0,2.2
202204070606,178.0,2.2
202204070706,92.0,0.4
202204070806,8.0,0.9
202204070906,304.0,1.3
202204071106,304.0,1.8
202204071206,285.0,1.3
202204071306,280.0,1.3
202204071406,305.0,1.3
202204071506,310.0,2.7
202204071606,331.0,2.7
202204071706,309.0,2.2
202204071806,319.0,2.7
202204071906,273.0,3.1
202204072006,263.0,2.7
202204072106,255.0,3.6
202204072206,246.0,2.2
202204072306,266.0,0.9
202204080006,234.0,1.3
202204080106,,0.0
202204080206,285.0,0.4
202204080306,269.0,0.4
202204080406,,0.0
202204080506,303.0,1.3
202204080606,,0.0
202204080706,333.0,0.4
202204080806,,0.0
202204080906,237.0,0.4
202204081006,215.0,0.4
202204081206,,0.0
202204081306,245.0,1.8
202204081406,249.0,1.8
202204081506,261.0,2.2
202204081606,255.0,3.6
202204081706,250.0,3.1
202204081806,240.0,3.1
202204081906,229.0,3.1
202204082006,242.0,2.7
202204082106,250.0,2.2
202204082206,300.0,2.2
202204082306,327.0,0.9
202204090006,328.0,1.8
202204090206,,0.0
202204090306,310.0,0.9
202204090406,308.0,0.4
202204090506,280.0,0.4
202204090606,267.0,1.3
202204090706,,0.0
202204090806,,0.0
202204090906,,0.0
202204091006,,0.0
202204091106,,0.0
202204091206,262.0,1.3
202204091306,264.0,1.8
202204091406,257.0,1.8
202204091506,268.0,1.8
202204091606,276.0,2.2
202204091706,311.0,2.2
202204091806,312.0,1.8
202204091906,333.0,1.8
202204092006,316.0,1.3
202204092106,290.0,1.3
202204092206,329.0,0.9
202204092306,,0.0
202204100006,,0.0
202204100106,,0.0
202204100206,,0.0
202204100306,,0.0
202204100406,,0.0
202204100506,,0.0
202204100606,,0.0
202204100706,,0.0
202204100806,,0.0
202204100906,,0.0
202204101006,,0.0
202204101106,,0.0
202204101206,,0.0
202204101306,270.0,0.4
202204101406,287.0,0.9
202204101506,205.0,1.3
202204101606,222.0,2.2
202204101706,277.0,0.9
202204101806,201.0,1.3
202204101906,330.0,1.3
202204102006,235.0,1.3
202204102106,337.0,0.9
202204102206,283.0,1.3
202204102306,177.0,0.9
202204110106,131.0,0.4
202204110206,141.0,0.9
202204110306,135.0,0.9
202204110406,,0.0
202204110506,,0.0
202204110606,257.0,0.4
202204110706,212.0,0.4
202204110806,231.0,0.4
202204110906,265.0,0.4
202204111006,,0.0
202204111106,,0.0
202204111206,,0.0
202204111406,219.0,0.4
202204111506,180.0,1.8
202204111606,233.0,1.8
202204111706,261.0,2.2
202204111806,221.0,2.2
202204111906,245.0,1.8
202204112006,241.0,1.3
202204112206,237.0,0.9
202204112306,,0.0
202204120006,,0.0
202204120106,,0.0
202204120206,,0.0
202204120306,76.0,0.4
202204120406,61.0,0.4
202204120506,98.0,0.9
202204120606,151.0,0.4
202204120706,272.0,0.4
202204120806,,0.0
202204120906,,0.0
202204121006,,0.0
202204121106,,0.0
202204121206,113.0,0.9
202204121306,154.0,0.9
202204121406,156.0,1.8
202204121506,160.0,2.2
202204121606,211.0,2.2
202204121706,229.0,2.2
202204121806,161.0,2.7
202204121906,195.0,3.1
202204122006,213.0,1.8
202204122106,151.0,3.1
202204122206,197.0,1.8
202204122306,150.0,1.8
202204130006,129.0,0.9
202204130106,146.0,0.9
202204130206,134.0,1.3
202204130306,145.0,0.4
202204130406,148.0,0.9
202204130506,118.0,0.4
202204130606,,0.0
202204130706,,0.0
202204130806,123.0,1.3
202204130906,124.0,1.3
202204131006,116.0,1.3
202204131106,145.0,1.8
202204131206,192.0,0.9
202204131306,158.0,1.8
202204131406,228.0,1.8
202204131506,179.0,1.8
202204131606,164.0,1.8
202204131706,232.0,1.3
202204131806,150.0,1.8
202204131906,176.0,1.8
202204132006,171.0,2.7
202204132106,155.0,3.6
202204132206,186.0,2.2
202204132306,158.0,2.2
202204140006,136.0,1.8
202204140106,141.0,1.3
202204140206,,0.0
202204140306,,0.0
202204140406,251.0,0.4
202204140506,,0.0
202204140606,,0.0
202204140706,,0.0
202204140806,163.0,0.9
202204140906,201.0,2.2
202204141006,189.0,1.8
202204141106,273.0,0.9
202204141206,294.0,0.4
202204141306,,0.0
202204141406,245.0,1.3
202204141506,282.0,2.2
202204141606,289.0,1.8
202204141806,252.0,0.9
202204141906,207.0,2.2
202204142006,279.0,1.8
202204142106,256.0,1.8
202204142206,267.0,0.9
202204150006,333.0,0.9
202204150106,320.0,0.9
202204150206,334.0,1.3
202204150306,,0.0
202204150406,315.0,0.4
202204150606,327.0,1.3
202204150706,,0.0
202204150806,,0.0
202204150906,,0.0
202204151006,,0.0
202204151106,,0.0
202204151206,44.0,0.4
202204151306,54.0,0.9
202204151406,95.0,2.2
202204151506,105.0,2.7
202204151606,101.0,1.8
202204151706,104.0,2.7
202204151806,105.0,1.8
202204151906,132.0,2.2
202204152006,87.0,1.8
202204152106,119.0,2.2
202204152206,123.0,2.2
202204152306,131.0,1.8
202204160006,,0.0
202204160106,84.0,0.4
202204160206,109.0,1.3
202204160306,137.0,1.8
202204160406,136.0,1.8
202204160506,133.0,2.7
202204160606,132.0,3.1
202204160706,166.0,1.8
202204160806,157.0,1.8
202204160906,149.0,1.8
202204161006,128.0,0.4
202204161106,,0.0
202204161206,101.0,0.9
202204161306,78.0,0.9
202204161406,136.0,2.2
202204161506,154.0,1.3
202204161606,203.0,1.3
202204161706,60.0,0.4
202204161806,257.0,1.3
202204161906,117.0,0.9
202204162006,,0.0
202204162106,34.0,0.9
202204162206,37.0,0.4
202204162306,,0.0
202204170006,,0.0
202204170106,,0.0
202204170206,,0.0
202204170306,,0.0
202204170506,,0.0
202204170606,,0.0
202204170706,,0.0
202204170806,,0.0
202204170906,,0.0
202204171106,,0.0
202204171206,,0.0
202204171306,,0.0
202204171406,301.0,0.4
202204171506,166.0,0.4
202204171606,80.0,0.4
202204171706,211.0,1.8
202204171806,295.0,0.9
202204171906,15.0,0.4
202204172006,,0.0
202204172106,142.0,0.9
202204172206,,0.0
202204172306,144.0,0.9
202204180006,,0.0
202204180106,,0.0
202204180206,154.0,0.4
202204180306,,0.0
202204180506,,0.0
202204180606,216.0,0.4
202204180706,205.0,0.9
202204180806,144.0,0.4
202204180906,,0.0
202204181006,,0.0
202204181106,,0.0
202204181206,,0.0
202204181306,273.0,1.3
202204181406,250.0,2.2
202204181706,22.0,1.8
202204181806,359.0,1.8
202204181906,359.0,1.8
202204182006,26.0,1.3
202204182106,18.0,1.3
202204182206,307.0,2.7
202204182306,341.0,1.8
202204190006,334.0,1.8
202204190106,329.0,1.8
202204190206,327.0,1.8
202204190306,335.0,1.8
202204190406,320.0,0.9
202204190506,323.0,0.9
202204190606,305.0,0.4
202204190706,322.0,1.8
202204190806,324.0,1.8
202204190906,319.0,0.9
202204191006,,0.0
202204191106,,0.0
202204191206,,0.0
202204191306,307.0,1.3
202204191406,326.0,1.8
202204191506,348.0,2.2
202204191606,340.0,2.2
202204191706,279.0,2.7
202204191806,311.0,2.2
202204191906,302.0,2.2
202204192006,284.0,2.2
202204192106,274.0,1.8
202204192206,323.0,1.8
202204192306,346.0,0.9
202204200006,,0.0
202204200106,,0.0
202204200206,,0.0
202204200306,,0.0
202204200406,,0.0
202204200506,,0.0
202204200606,,0.0
202204200706,,0.0
202204200806,,0.0
202204200906,,0.0
202204201006,,0.0
202204201106,,0.0
202204201206,77.0,0.4
202204201306,92.0,0.9
202204201406,124.0,2.7
202204201506,102.0,2.2
202204201606,121.0,3.1
202204201706,109.0,3.1
202204201806,126.0,2.7
202204202006,104.0,2.7
202204202106,150.0,2.7
202204202206,127.0,3.1
202204202306,92.0,0.4
202204210006,,0.0
202204210106,98.0,0.4
202204210206,109.0,1.3
202204210306,104.0,1.3
202204210506,125.0,2.2
202204210606,126.0,2.7
202204210706,120.0,1.8
202204210806,105.0,0.9
202204210906,77.0,0.4
202204211006,,0.0
202204211106,,0.0
202204211206,75.0,0.9
202204211306,112.0,1.8
202204211406,137.0,2.7
202204211506,128.0,2.7
202204211606,170.0,2.2
202204211706,183.0,1.8
202204211806,178.0,2.7
202204211906,119.0,1.8
202204212006,218.0,1.3
202204212106,158.0,1.8
202204212206,133.0,1.8
202204212306,154.0,1.3
202204220006,,0.0
202204220106,,0.0
202204220206,,0.0
202204220306,,0.0
202204220406,,0.0
202204220506,,0.0
202204220606,132.0,0.4
202204220706,,0.0
202204220806,,0.0
202204220906,,0.0
202204221006,,0.0
202204221106,,0.0
202204221206,,0.0
202204221306,,0.0
202204221406,159.0,0.4
202204221506,316.0,1.3
202204221606,47.0,1.3
202204221706,136.0,0.9
202204221806,145.0,2.2
202204221906,98.0,1.8
202204222006,124.0,2.7
202204222106,151.0,1.3
202204222206,133.0,1.8
202204222306,128.0,1.8
202204230006,,0.0
202204230106,,0.0
202204230206,,0.0
202204230306,,0.0
202204230406,,0.0
202204230606,150.0,0.4
202204230706,,0.0
202204230806,,0.0
202204230906,,0.0
202204231106,,0.0
202204231206,,0.0
202204231306,114.0,0.9
202204231406,203.0,1.3
202204231606,142.0,2.7
202204231706,170.0,2.2
202204231806,127.0,3.6
202204231906,143.0,3.6
202204232006,136.0,3.1
202204232106,126.0,2.2
202204232206,105.0,2.2
202204232306,119.0,0.9
202204240006,83.0,0.4
202204240106,,0.0
202204240206,95.0,1.3
202204240306,108.0,1.8
202204240406,133.0,1.3
202204240506,135.0,1.3
202204240606,,0.0
202204240706,,0.0
202204240806,,0.0
202204240906,,0.0
202204241006,,0.0
202204241106,,0.0
202204241206,,0.0
202204241306,121.0,0.4
202204241406,170.0,1.8
202204241506,147.0,2.2
202204241606,207.0,1.8
202204241706,158.0,2.2
202204241806,173.0,1.8
202204241906,161.0,1.8
202204242006,116.0,1.8
202204242106,155.0,1.8
202204242206,166.0,1.3
202204242306,214.0,0.4
202204250006,,0.0
202204250106,,0.0
202204250206,,0.0
202204250306,,0.0
202204250406,,0.0
202204250506,,0.0
202204250606,135.0,1.3
202204250706,151.0,0.9
202204250806,,0.0
202204250906,,0.0
202204251006,,0.0
202204251106,,0.0
202204251206,,0.0
202204251306,201.0,0.4
202204251406,228.0,2.2
202204251506,235.0,1.8
202204251606,239.0,2.2
202204251706,161.0,1.3
202204251806,211.0,1.3
202204251906,239.0,1.3
202204252006,217.0,0.4
202204252106,167.0,0.9
202204252206,154.0,1.3
202204252306,,0.0
202204260006,116.0,0.9
202204260206,,0.0
202204260306,,0.0
202204260406,,0.0
202204260506,127.0,0.4
202204260606,,0.0
202204260706,,0.0
202204260806,,0.0
202204260906,,0.0
202204261006,,0.0
202204261106,,0.0
202204261206,,0.0
202204261306,248.0,0.9
202204261406,278.0,1.3
202204261506,276.0,1.8
202204261606,299.0,3.1
202204261706,323.0,1.3
202204261806,328.0,1.8
202204261906,318.0,1.8
202204262006,308.0,0.9
202204262106,320.0,1.3
202204262206,324.0,1.8
202204262306,316.0,1.3
202204270006,310.0,0.4
202204270106,,0.0
202204270206,263.0,0.4
202204270306,,0.0
202204270506,248.0,0.4
202204270606,,0.0
202204270706,308.0,0.4
202204270806,308.0,0.4
202204270906,322.0,0.9
202204271006,,0.0
202204271106,,0.0
202204271306,24.0,0.9
202204271406,55.0,1.3
202204271506,80.0,1.8
202204271606,89.0,1.3
202204271706,115.0,2.2
202204271806,20.0,1.8
202204271906,115.0,1.3
202204272206,357.0,1.3
202204272306,,0.0
202204280006,,0.0
202204280106,,0.0
202204280206,,0.0
202204280306,,0.0
202204280406,,0.0
202204280506,,0.0
202204280606,,0.0
202204280706,,0.0
202204280806,,0.0
202204280906,,0.0
202204281006,,0.0
202204281106,,0.0
202204281206,123.0,0.4
202204281306,105.0,1.3
202204281406,124.0,1.8
202204281506,103.0,1.8
202204281806,104.0,1.3
202204281906,125.0,1.8
202204282006,132.0,1.3
202204282106,231.0,0.9
202204282206,127.0,1.3
202204282306,136.0,1.3
202204290006,,0.0
202204290106,,0.0
202204290206,,0.0
202204290306,,0.0
202204290406,,0.0
202204290506,140.0,0.4
202204290606,153.0,0.9
202204290706,144.0,0.4
202204290806,,0.0
202204290906,,0.0
202204291006,,0.0
202204291106,,0.0
202204291306,103.0,0.9
202204291406,181.0,1.8
202204291506,196.0,2.2
202204291606,143.0,2.7
202204291706,203.0,2.2
202204291806,125.0,1.8
202204291906,216.0,2.2
202204292006,140.0,2.2
202204292106,193.0,0.9
202204292206,161.0,1.8
202204292306,200.0,0.4
202204300006,,0.0
202204300106,,0.0
202204300206,,0.0
202204300306,108.0,0.9
202204300406,131.0,1.3
202204300506,152.0,1.8
202204300606,148.0,1.8
202204300706,149.0,1.3
202204300806,147.0,0.9
202204300906,,0.0
202204301006,,0.0
202204301106,60.0,0.4
202204301206,115.0,0.9
202204301306,152.0,2.2
202204301406,212.0,1.8
202204301506,161.0,1.8
202204301606,172.0,1.8
202204301706,145.0,2.2
202204301806,139.0,3.1
202204301906,150.0,2.2
202204302006,159.0,2.7
202204302106,113.0,2.2
202204302206,130.0,2.2
202204302306,120.0,1.8
202205010006,,0.0
202205010106,97.0,0.9
202205010206,94.0,1.3
202205010306,110.0,0.4
202205010406,191.0,0.9
202205010506,92.0,0.9
202205010606,160.0,2.2
202205010706,155.0,1.8
202205010806,138.0,0.4
202205010906,137.0,0.4
202205011006,156.0,0.9
202205011106,,0.0
202205011206,227.0,0.4
202205011306,211.0,0.9
202205011406,227.0,1.8
202205011506,232.0,1.3
202205011606,173.0,1.8
202205011706,206.0,1.8
202205011806,236.0,1.3
202205011906,181.0,1.8
202205012006,197.0,1.8
202205012106,218.0,1.8
202205012206,241.0,2.2
202205012306,231.0,1.3
202205020006,,0.0
202205020106,,0.0
202205020206,,0.0
202205020306,,0.0
202205020406,149.0,0.4
202205020506,,0.0
202205020606,,0.0
202205020706,,0.0
202205020806,,0.0
202205020906,,0.0
202205021006,,0.0
202205021206,,0.0
202205021306,338.0,0.9
202205021406,215.0,0.9
202205021506,223.0,1.3
202205021606,252.0,1.8
202205021706,222.0,1.3
202205021806,214.0,1.3
202205021906,135.0,0.9
202205022006,183.0,1.3
202205022106,224.0,1.3
202205022206,237.0,1.3
202205022306,,0.0
202205030006,,0.0
202205030106,86.0,0.9
202205030206,,0.0
202205030406,,0.0
202205030506,,0.0
202205030606,,0.0
202205030706,174.0,0.4
202205030806,,0.0
202205030906,,0.0
202205031006,,0.0
202205031106,,0.0
202205031206,,0.0
202205031306,204.0,0.9
202205031406,246.0,1.3
202205031506,246.0,2.2
202205031606,247.0,1.8
202205031706,211.0,2.7
202205031806,259.0,2.2
202205031906,207.0,2.2
202205032006,298.0,2.7
202205032106,28.0,1.8
202205032206,261.0,1.3
202205032306,207.0,1.3
202205040006,,0.0
202205040106,,0.0
202205040206,,0.0
202205040306,,0.0
202205040406,154.0,0.4
202205040706,317.0,1.8
202205040806,,0.0
202205040906,,0.0
202205041006,317.0,0.9
202205041106,,0.0
202205041206,,0.0
202205041306,236.0,0.4
202205041406,236.0,1.8
202205041506,324.0,1.3
202205041606,266.0,1.3
202205041706,286.0,2.2
202205041806,249.0,1.8
202205041906,301.0,1.3
202205042006,229.0,1.8
202205042206,234.0,0.9
202205042306,245.0,0.4
202205050006,,0.0
202205050106,,0.0
202205050206,,0.0
202205050306,,0.0
202205050406,,0.0
202205050506,,0.0
202205050606,,0.0
202205050706,,0.0
202205050806,,0.0
202205050906,,0.0
202205051006,,0.0
202205051106,,0.0
202205051206,,0.0
202205051306,342.0,0.4
202205051406,321.0,0.9
202205051506,146.0,1.3
202205051606,265.0,1.3
202205051706,256.0,2.2
202205051806,274.0,1.3
202205051906,294.0,0.9
202205052006,228.0,1.8
202205052106,250.0,1.8
202205060006,,0.0
202205060106,,0.0
202205060206,,0.0
202205060406,,0.0
202205060506,,0.0
202205060606,,0.0
202205060806,96.0,0.4
202205060906,,0.0
202205061006,162.0,0.9
202205061106,213.0,0.9
202205061206,226.0,1.8
202205061306,230.0,2.7
202205061406,225.0,0.9
202205061506,209.0,1.3
202205061606,210.0,2.2
202205061706,223.0,3.6
202205061806,220.0,3.6
202205061906,221.0,3.6
202205062006,242.0,3.6
202205062106,228.0,3.1
202205062206,256.0,3.6
202205062306,262.0,2.7
202205070006,244.0,1.8
202205070106,252.0,2.2
202205070206,288.0,0.9
202205070306,280.0,1.3
202205070406,277.0,0.4
202205070506,,0.0
202205070606,287.0,0.4
202205070706,223.0,0.4
202205070806,252.0,0.4
202205070906,,0.0
202205071006,238.0,0.9
202205071106,243.0,0.9
202205071206,261.0,2.2
202205071306,299.0,1.8
202205071406,317.0,2.7
202205071506,284.0,2.7
202205071606,278.0,2.2
202205071706,266.0,2.2
202205071806,298.0,2.7
202205071906,275.0,2.2
202205072006,327.0,2.7
202205072106,285.0,2.2
202205072206,269.0,2.7
202205072306,290.0,2.2
202205080006,325.0,1.3
202205080106,,0.0
202205080206,319.0,0.9
202205080406,306.0,0.9
202205080506,299.0,0.4
202205080606,,0.0
202205080706,246.0,0.4
202205080806,,0.0
202205080906,,0.0
202205081006,,0.0
202205081106,,0.0
202205081206,5.0,0.4
202205081306,92.0,0.4
202205081406,86.0,1.3
202205081506,80.0,0.9
202205081606,77.0,0.9
202205081706,107.0,1.3
202205081806,94.0,1.3
202205081906,113.0,1.3
202205082006,274.0,0.4
202205082106,222.0,0.4
202205082206,129.0,0.4
202205082306,92.0,0.4
202205090006,,0.0
202205090106,,0.0
202205090206,,0.0
202205090306,,0.0
202205090406,115.0,0.4
202205090506,90.0,0.4
202205090606,94.0,1.3
202205090706,69.0,0.4
202205090806,56.0,0.4
202205090906,77.0,0.4
202205091006,77.0,0.4
202205091106,82.0,1.3
202205091206,95.0,1.3
202205091306,89.0,2.2
202205091406,107.0,2.2
202205091506,68.0,1.8
202205091606,81.0,2.2
202205091706,78.0,1.3
202205091806,14.0,1.3
202205091906,150.0,1.3
202205092006,104.0,0.9
202205092106,69.0,1.3
202205092206,88.0,0.9
202205092306,2.0,0.4
202205100006,,0.0
202205100106,,0.0
202205100206,,0.0
202205100306,,0.0
202205100406,,0.0
202205100506,,0.0
202205100606,,0.0
202205100706,,0.0
202205100806,,0.0
202205100906,,0.0
202205101006,,0.0
202205101106,,0.0
202205101206,,0.0
202205101306,65.0,0.9
202205101406,109.0,1.3
202205101506,104.0,1.8
202205101606,11.0,2.2
202205101706,74.0,1.3
202205101806,356.0,1.8
202205101906,75.0,1.8
202205102006,49.0,1.8
202205102106,8.0,1.3
202205102206,330.0,1.3
202205102306,41.0,0.4
202205110006,,0.0
202205110106,,0.0
202205110206,,0.0
202205110306,,0.0
202205110406,,0.0
202205110506,,0.0
202205110606,,0.0
202205110706,,0.0
202205110806,,0.0
202205110906,,0.0
202205111006,,0.0
202205111106,,0.0
202205111206,,0.0
202205111306,13.0,0.9
202205111406,36.0,1.3
202205111506,29.0,1.3
202205111606,78.0,1.3
202205111706,348.0,2.2
202205111806,358.0,1.3
202205111906,22.0,1.3
202205112006,7.0,1.3
202205112106,355.0,1.3
202205112206,94.0,0.9
202205112306,33.0,0.4
202205120006,,0.0
202205120106,,0.0
202205120206,,0.0
202205120306,,0.0
202205120406,,0.0
202205120506,,0.0
202205120606,,0.0
202205120706,,0.0
202205120806,,0.0
202205120906,,0.0
202205121006,,0.0
202205121106,36.0,0.9
202205121206,28.0,1.3
202205121306,18.0,1.3
202205121406,69.0,1.8
202205121506,33.0,1.8
202205121606,44.0,1.3
202205121706,28.0,1.8
202205121806,76.0,1.8
202205121906,75.0,1.8
202205122006,0.0,2.2
202205122106,1.0,1.8
202205122206,3.0,0.4
202205122306,33.0,1.3
202205130006,29.0,0.9
202205130106,54.0,0.4
202205130206,,0.0
202205130306,111.0,0.9
202205130406,102.0,1.3
202205130506,82.0,0.9
202205130606,,0.0
202205130706,25.0,0.4
202205130806,19.0,0.9
202205130906,7.0,0.9
202205131006,,0.0
202205131106,,0.0
202205131206,26.0,0.9
202205131306,57.0,0.4
202205131406,51.0,1.3
202205131506,82.0,1.3
202205131606,27.0,1.3
202205131706,114.0,1.3
202205131806,130.0,1.8
202205131906,111.0,1.8
202205132006,15.0,1.3
202205132206,61.0,0.9
202205132306,85.0,0.9
202205140006,,0.0
202205140106,,0.0
202205140206,,0.0
202205140306,,0.0
202205140406,100.0,0.9
202205140506,,0.0
202205140606,83.0,0.4
202205140706,,0.0
202205140806,,0.0
202205140906,,0.0
202205141006,,0.0
202205141106,,0.0
202205141206,,0.0
202205141306,335.0,0.4
202205141406,33.0,0.4
202205141506,351.0,0.9
202205141606,127.0,1.3
202205141706,120.0,1.8
202205141806,358.0,1.3
202205141906,223.0,1.3
202205142006,257.0,0.9
202205142106,136.0,0.9
202205142206,169.0,0.4
202205142306,169.0,0.4
202205150006,,0.0
202205150106,,0.0
202205150206,,0.0
202205150306,,0.0
202205150406,,0.0
202205150506,,0.0
202205150606,,0.0
202205150706,,0.0
202205150806,,0.0
202205150906,,0.0
202205151006,,0.0
202205151106,,0.0
202205151206,265.0,0.4
202205151306,246.0,0.9
202205151406,182.0,1.3
202205151506,207.0,1.3
202205151606,303.0,1.8
202205151706,217.0,1.8
202205151806,7.0,1.3
202205151906,155.0,1.8
202205152006,232.0,0.9
202205152106,233.0,0.4
202205152206,145.0,0.4
202205152306,112.0,0.4
202205160006,,0.0
202205160106,,0.0
202205160206,,0.0
202205160306,,0.0
202205160406,,0.0
202205160506,274.0,0.9
202205160606,189.0,0.4
202205160706,141.0,0.4
202205160806,,0.0
202205160906,,0.0
202205161006,181.0,0.4
202205161106,,0.0
202205161206,233.0,0.4
202205161306,235.0,0.9
202205161406,186.0,1.3
202205161506,239.0,1.3
202205161606,222.0,2.2
202205161706,285.0,1.8
202205161806,253.0,1.8
202205161906,229.0,1.8
202205162006,237.0,2.2
202205162106,289.0,2.2
202205162206,327.0,1.3
202205162306,288.0,0.9
202205170006,,0.0
202205170106,,0.0
202205170206,,0.0
202205170306,,0.0
202205170406,,0.0
202205170506,,0.0
202205170606,,0.0
202205170706,,0.0
202205170806,,0.0
202205170906,,0.0
202205171006,,0.0
202205171106,,0.0
202205171206,,0.0
202205171306,357.0,0.9
202205171406,71.0,1.3
202205171506,120.0,2.7
202205171606,40.0,1.8
202205171706,20.0,1.8
202205171806,270.0,1.8
202205171906,320.0,1.8
202205172006,298.0,1.3
202205172106,118.0,0.9
202205172206,39.0,0.9
202205172306,,0.0
202205180006,,0.0
202205180106,,0.0
202205180206,,0.0
202205180406,,0.0
202205180506,291.0,0.4
202205180606,,0.0
202205180706,,0.0
202205180906,,0.0
202205181006,,0.0
202205181106,,0.0
202205181206,,0.0
202205181306,,0.0
202205181406,237.0,0.4
202205181506,211.0,0.9
202205181606,143.0,1.3
202205181706,185.0,1.8
202205181806,164.0,2.2
202205181906,206.0,1.8
202205182006,208.0,1.8
202205182106,252.0,1.3
202205182206,168.0,1.8
202205182306,182.0,0.9
202205190006,,0.0
202205190106,,0.0
202205190206,,0.0
202205190306,,0.0
202205190406,,0.0
202205190506,,0.0
202205190606,,0.0
202205190706,233.0,0.4
202205190806,,0.0
202205190906,227.0,0.4
202205191006,217.0,0.4
202205191106,,0.0
202205191206,232.0,0.9
202205191306,212.0,1.3
202205191406,251.0,1.8
202205191506,216.0,2.2
202205191606,231.0,2.2
202205191806,218.0,2.7
202205191906,260.0,1.8
202205192006,226.0,2.2
202205192106,203.0,1.8
202205192206,221.0,2.2
202205192306,231.0,1.3
202205200006,,0.0
202205200106,,0.0
202205200206,,0.0
202205200306,106.0,0.4
202205200406,,0.0
202205200506,136.0,0.9
202205200606,226.0,1.3
202205200706,232.0,0.9
202205200806,,0.0
202205200906,238.0,0.4
202205201006,225.0,0.4
202205201106,,0.0
202205201206,,0.0
202205201306,210.0,1.3
202205201406,242.0,1.8
202205201506,203.0,2.2
202205201606,178.0,2.7
202205201706,224.0,2.2
202205201806,219.0,2.2
202205201906,169.0,2.7
202205202006,235.0,2.7
202205202106,191.0,1.8
202205202206,175.0,0.9
202205202306,162.0,0.4
202205210006,109.0,0.4
202205210106,,0.0
202205210206,106.0,0.9
202205210306,,0.0
202205210406,,0.0
202205210506,137.0,0.9
202205210606,,0.0
202205210706,114.0,0.9
202205210806,136.0,0.9
202205210906,157.0,0.4
202205211006,144.0,1.3
202205211106,219.0,1.8
202205211206,228.0,0.9
202205211306,240.0,0.9
202205211406,223.0,1.3
202205211506,254.0,1.3
202205211606,249.0,1.8
202205211706,209.0,1.3
202205211806,198.0,1.3
202205211906,146.0,1.8
202205212006,205.0,1.3
202205212106,163.0,1.3
202205212206,43.0,0.9
202205212306,243.0,0.4
202205220006,84.0,0.9
202205220106,82.0,0.4
202205220206,,0.0
202205220306,129.0,0.9
202205220406,,0.0
202205220506,,0.0
202205220606,,0.0
202205220706,,0.0
202205220906,227.0,0.4
202205221006,,0.0
202205221106,,0.0
202205221306,140.0,0.9
202205221406,195.0,0.4
202205221506,172.0,1.8
202205221606,215.0,1.3
202205221706,201.0,2.2
202205221806,249.0,2.2
202205221906,221.0,1.8
202205222006,249.0,2.2
202205222106,237.0,4.0
202205222206,231.0,0.9
202205222306,163.0,0.9
202205230006,166.0,0.4
202205230106,159.0,0.9
202205230206,200.0,0.9
202205230306,200.0,0.9
202205230406,9.0,0.9
202205230506,,0.0
202205230606,133.0,0.9
202205230706,65.0,0.4
202205230806,,0.0
202205230906,,0.0
202205231006,80.0,0.4
202205231206,278.0,0.9
202205231306,180.0,0.4
202205231406,138.0,1.8
202205231506,160.0,2.7
202205231606,169.0,2.2
202205231706,179.0,3.1
202205231806,182.0,2.7
202205231906,251.0,2.2
202205232006,250.0,2.7
202205232106,299.0,1.3
202205232206,253.0,1.8
202205232306,282.0,0.9
202205240006,201.0,0.9
202205240106,,0.0
202205240206,,0.0
202205240306,223.0,0.4
202205240406,242.0,0.4
202205240506,,0.0
202205240606,,0.0
202205240706,,0.0
202205240806,,0.0
202205240906,,0.0
202205241006,113.0,0.4
202205241106,,0.0
202205241206,,0.0
202205241306,,0.0
202205241406,215.0,0.4
202205241506,24.0,0.4
202205241606,158.0,1.3
202205241706,154.0,1.3
202205241806,236.0,1.3
202205241906,143.0,1.8
202205242106,165.0,0.9
202205242206,253.0,0.9
202205242306,,0.0
202205250106,,0.0
202205250206,245.0,0.4
202205250306,,0.0
202205250406,,0.0
202205250506,,0.0
202205250606,,0.0
202205250706,,0.0
202205250806,64.0,0.4
202205250906,92.0,0.9
202205251006,79.0,0.9
202205251106,91.0,1.3
202205251206,60.0,0.9
202205251406,103.0,1.8
202205251506,105.0,2.2
202205251606,113.0,2.7
202205251706,119.0,3.1
202205251806,114.0,2.7
202205251906,133.0,3.1
202205252006,129.0,1.3
202205252106,80.0,0.4
202205252206,71.0,0.4
202205252306,79.0,0.4
202205260006,335.0,0.9
202205260106,13.0,0.4
202205260206,91.0,0.4
202205260306,40.0,0.4
202205260406,93.0,0.4
202205260506,97.0,0.9
202205260606,95.0,1.3
202205260706,118.0,2.2
202205260806,108.0,1.3
202205260906,111.0,0.9
202205261006,118.0,1.8
202205261106,139.0,1.3
202205261206,123.0,2.2
202205261306,144.0,1.3
202205261406,132.0,2.2
202205261506,158.0,2.2
202205261606,172.0,2.2
202205261706,146.0,2.7
202205261806,170.0,0.9
202205261906,173.0,1.3
202205262006,153.0,1.8
202205262106,205.0,1.8
202205262206,186.0,0.9
202205262306,125.0,0.9
202205270006,273.0,0.4
202205270106,171.0,0.9
202205270206,219.0,0.9
202205270306,270.0,0.4
202205270406,,0.0
202205270506,145.0,0.9
202205270606,211.0,0.9
202205270806,,0.0
202205270906,,0.0
202205271006,,0.0
202205271106,214.0,0.9
202205271206,202.0,1.3
202205271306,207.0,2.2
202205271406,198.0,1.3
202205271506,200.0,1.8
202205271706,246.0,2.7
202205271806,205.0,2.2
202205271906,213.0,2.7
202205272006,254.0,0.9
202205272106,218.0,1.3
202205272206,232.0,1.3
202205272306,212.0,1.3
202205280006,257.0,0.4
202205280106,,0.0
202205280206,235.0,0.4
202205280306,,0.0
202205280406,,0.0
202205280506,259.0,0.4
202205280606,,0.0
202205280706,,0.0
202205280806,,0.0
202205280906,,0.0
202205281006,,0.0
202205281106,,0.0
202205281206,,0.0
202205281306,1.0,1.3
202205281406,252.0,1.3
202205281506,352.0,0.9
202205281606,274.0,1.8
202205281706,278.0,1.3
202205281806,218.0,1.8
202205281906,251.0,1.3
202205282006,255.0,1.8
202205282106,325.0,1.3
202205282206,358.0,0.4
202205282306,251.0,0.9
202205290006,,0.0
202205290106,,0.0
202205290206,,0.0
202205290306,,0.0
202205290406,,0.0
202205290506,,0.0
202205290606,,0.0
202205290706,,0.0
202205290806,,0.0
202205290906,,0.0
202205291006,,0.0
202205291106,,0.0
202205291206,,0.0
202205291306,76.0,0.4
202205291406,118.0,1.3
202205291506,73.0,1.3
202205291606,124.0,1.8
202205291706,57.0,0.9
202205291806,141.0,1.3
202205291906,135.0,1.8
202205292006,103.0,1.8
202205292106,121.0,2.2
202205292206,60.0,0.9
202205292306,60.0,0.4
202205300006,,0.0
202205300106,,0.0
202205300206,,0.0
202205300306,,0.0
202205300406,76.0,0.4
202205300506,90.0,1.3
202205300606,131.0,2.2
202205300706,131.0,1.8
202205300806,52.0,0.4
202205301006,111.0,1.3
202205301106,,0.0
202205301206,118.0,0.9
202205301306,136.0,1.8
202205301406,116.0,1.8
202205301506,92.0,1.3
202205301606,127.0,1.8
202205301706,119.0,2.2
202205301806,102.0,1.8
202205301906,131.0,2.7
202205302006,81.0,1.3
202205302206,108.0,2.7
202205302306,103.0,0.9
202205310006,,0.0
202205310106,109.0,0.4
202205310206,,0.0
202205310306,,0.0
202205310406,,0.0
202205310506,,0.0
202205310706,,0.0
202205310806,,0.0
202205310906,,0.0
202205311006,,0.0
202205311106,,0.0
202205311206,,0.0
202205311306,,0.0
202205311506,36.0,0.4
202205311606,144.0,1.3
202205311706,43.0,1.3
202205311806,22.0,1.3
202205311906,104.0,1.3
202205312006,49.0,1.3
202205312106,139.0,0.9
202205312206,127.0,0.9
202205312306,331.0,0.4
202206010106,,0.0
202206010206,,0.0
202206010306,,0.0
202206010406,164.0,0.4
202206010506,111.0,0.4
202206010606,,0.0
202206010706,,0.0
202206010806,,0.0
202206010906,,0.0
202206011006,,0.0
202206011106,,0.0
202206011206,,0.0
202206011306,304.0,0.9
202206011406,338.0,1.3
202206011506,342.0,1.3
202206011606,15.0,1.3
202206011706,297.0,0.9
202206011806,86.0,0.9
202206011906,142.0,1.3
202206012006,185.0,0.9
202206012106,90.0,1.3
202206012206,81.0,0.9
202206012306,115.0,0.4
202206020006,119.0,0.4
202206020106,,0.0
202206020206,,0.0
202206020306,,0.0
202206020406,,0.0
202206020506,,0.0
202206020606,,0.0
202206020706,,0.0
202206020806,,0.0
202206020906,,0.0
202206021006,,0.0
202206021206,,0.0
202206021306,242.0,0.9
202206021406,309.0,0.9
202206021506,244.0,0.9
202206021606,271.0,1.8
202206021706,196.0,1.3
202206021806,246.0,1.8
202206021906,176.0,1.3
202206022006,158.0,1.8
202206022106,147.0,1.3
202206022206,348.0,1.3
202206022306,142.0,2.2
202206030006,85.0,1.3
202206030106,58.0,0.4
202206030206,,0.0
202206030306,308.0,0.9
202206030406,,0.0
202206030506,,0.0
202206030606,,0.0
202206030706,,0.0
202206030806,,0.0
202206030906,,0.0
202206031006,,0.0
202206031106,,0.0
202206031206,,0.0
202206031306,248.0,1.3
202206031406,343.0,1.3
202206031506,190.0,1.3
202206031606,357.0,1.3
202206031706,358.0,1.3
202206031806,259.0,1.8
202206031906,235.0,1.8
202206032006,283.0,1.8
202206032106,353.0,1.8
202206032206,350.0,1.3
202206032306,337.0,1.3
202206040006,335.0,1.3
202206040106,332.0,0.4
202206040206,111.0,0.9
202206040306,76.0,1.3
202206040406,28.0,0.4
202206040506,,0.0
202206040606,,0.0
202206040706,148.0,0.4
202206040806,,0.0
202206041006,61.0,0.9
202206041106,28.0,0.4
202206041206,29.0,0.9
202206041406,46.0,1.8
202206041606,105.0,2.2
202206041706,96.0,1.8
202206041806,18.0,1.3
202206041906,55.0,1.3
202206042006,44.0,1.8
202206042106,62.0,1.3
202206042206,75.0,1.3
202206042306,37.0,1.8
202206050006,,0.0
202206050106,20.0,0.4
202206050206,,0.0
202206050306,50.0,0.4
202206050406,,0.0
202206050506,187.0,0.4
202206050606,,0.0
202206050706,,0.0
202206050806,11.0,0.4
202206050906,,0.0
202206051006,,0.0
202206051106,,0.0
202206051206,15.0,0.4
202206051306,43.0,0.9
202206051406,100.0,1.8
202206051506,69.0,1.3
202206051606,98.0,1.8
202206051706,120.0,3.1
202206051806,80.0,1.8
202206051906,116.0,3.1
202206052006,128.0,2.2
202206052106,99.0,1.8
202206052206,83.0,1.3
202206052306,44.0,0.9
202206060006,,0.0
202206060106,,0.0
202206060206,,0.0
202206060306,,0.0
202206060406,,0.0
202206060506,,0.0
202206060606,,0.0
202206060706,51.0,0.9
202206060806,54.0,0.4
202206060906,,0.0
202206061006,,0.0
202206061106,,0.0
202206061206,96.0,0.4
202206061306,100.0,0.9
202206061406,123.0,2.2
202206061506,129.0,2.2
202206061606,108.0,1.8
202206061706,108.0,2.2
202206061806,224.0,1.3
202206061906,301.0,0.4
202206062006,285.0,1.3
202206062106,203.0,1.3
202206062206,116.0,1.8
202206062306,122.0,3.1
202206070006,167.0,0.9
202206070106,,0.0
202206070206,149.0,1.3
202206070306,108.0,0.4
202206070406,,0.0
202206070506,154.0,0.9
202206070606,151.0,0.9
202206070706,,0.0
202206070806,,0.0
202206070906,,0.0
202206071006,,0.0
202206071106,,0.0
202206071206,,0.0
202206071306,141.0,0.9
202206071406,175.0,1.3
202206071506,197.0,0.9
202206071606,277.0,0.9
202206071706,114.0,1.3
202206071806,160.0,1.8
202206071906,157.0,1.8
202206072006,236.0,1.3
202206072106,122.0,1.3
202206072206,27.0,0.4
202206072306,118.0,0.4
202206080006,,0.0
202206080106,,0.0
202206080206,,0.0
202206080306,,0.0
202206080406,,0.0
202206080506,,0.0
202206080606,187.0,0.4
202206080706,,0.0
202206080806,,0.0
202206080906,,0.0
202206081006,,0.0
202206081106,,0.0
202206081206,,0.0
202206081306,114.0,0.9
202206081406,229.0,0.9
202206081506,250.0,1.3
202206081706,241.0,1.8
202206081806,227.0,1.8
202206081906,231.0,0.4
202206082006,236.0,1.8
202206082106,221.0,2.2
202206082206,236.0,1.8
202206082306,214.0,0.9
202206090006,224.0,0.9
202206090106,247.0,0.9
202206090206,,0.0
202206090306,238.0,0.4
202206090406,262.0,2.2
202206090506,152.0,1.3
202206090606,,0.0
202206090706,,0.0
202206090806,209.0,0.4
202206090906,,0.0
202206091006,,0.0
202206091106,,0.0
202206091206,,0.0
202206091306,265.0,1.3
202206091406,253.0,1.3
202206091506,235.0,1.8
202206091606,294.0,1.8
202206091706,255.0,2.2
202206091806,290.0,1.8
202206091906,316.0,1.8
202206092006,301.0,1.8
202206092106,322.0,1.8
202206092206,339.0,1.3
202206092306,312.0,0.9
202206100006,283.0,0.4
202206100106,,0.0
202206100206,,0.0
202206100306,,0.0
202206100406,,0.0
202206100506,,0.0
202206100606,320.0,0.4
202206100706,,0.0
202206100806,,0.0
202206100906,,0.0
202206101006,,0.0
202206101106,,0.0
202206101206,,0.0
202206101306,30.0,0.9
202206101406,121.0,2.2
202206101506,100.0,1.3
202206101606,64.0,1.3
202206101706,94.0,1.8
202206101806,144.0,1.8
202206101906,41.0,1.3
202206102006,307.0,1.3
202206102106,217.0,1.3
202206102206,248.0,0.9
202206102306,251.0,0.4
202206110006,,0.0
202206110106,,0.0
202206110206,,0.0
202206110306,,0.0
202206110406,,0.0
202206110506,108.0,1.3
202206110606,65.0,0.9
202206110706,,0.0
202206110806,,0.0
202206110906,,0.0
202206111006,,0.0
202206111106,,0.0
202206111206,11.0,0.4
202206111306,,0.0
202206111406,23.0,1.3
202206111506,322.0,1.3
202206111606,113.0,1.3
202206111706,113.0,2.2
202206111806,212.0,1.3
202206111906,231.0,1.3
202206112006,43.0,1.3
202206112106,207.0,1.3
202206112306,166.0,0.4
202206120006,,0.0
202206120106,,0.0
202206120206,60.0,0.4
202206120306,,0.0
202206120406,68.0,0.9
202206120506,,0.0
202206120606,,0.0
202206120706,,0.0
202206120806,,0.0
202206120906,,0.0
202206121006,,0.0
202206121106,,0.0
202206121206,201.0,0.4
202206121306,238.0,1.3
202206121406,205.0,0.9
202206121506,206.0,1.3
202206121606,210.0,1.8
202206121706,218.0,1.3
202206121806,216.0,1.8
202206121906,254.0,1.8
202206122006,209.0,1.8
202206122106,264.0,1.3
202206122206,248.0,0.9
202206122306,234.0,1.3
202206130006,204.0,0.4
202206130106,,0.0
202206130206,,0.0
202206130306,,0.0
202206130406,,0.0
202206130506,,0.0
202206130606,,0.0
202206130706,,0.0
202206130806,,0.0
202206130906,,0.0
202206131006,,0.0
202206131106,,0.0
202206131206,,0.0
202206131306,272.0,0.9
202206131406,218.0,1.3
202206131506,324.0,1.3
202206131606,284.0,1.8
202206131706,235.0,1.8
202206131806,267.0,2.2
202206131906,232.0,2.2
202206132006,229.0,1.8
202206132106,213.0,1.3
202206132206,246.0,1.3
202206132306,232.0,0.9
202206140006,,0.0
202206140106,,0.0
202206140206,,0.0
202206140406,,0.0
202206140506,,0.0
202206140606,,0.0
202206140706,,0.0
202206140806,,0.0
202206140906,,0.0
202206141006,,0.0
202206141106,238.0,0.9
202206141206,,0.0
202206141306,338.0,0.9
202206141406,333.0,1.3
202206141506,355.0,1.3
202206141606,359.0,2.2
202206141706,15.0,1.3
202206141806,12.0,0.9
202206141906,83.0,0.9
202206142006,213.0,1.3
202206142106,219.0,1.8
202206142206,231.0,1.3
202206142306,255.0,0.9
202206150006,233.0,0.9
202206150306,,0.0
202206150406,,0.0
202206150506,236.0,0.4
202206150606,,0.0
202206150706,,0.0
202206150806,,0.0
202206150906,,0.0
202206151006,,0.0
202206151106,,0.0
202206151206,,0.0
202206151306,322.0,1.3
202206151406,318.0,1.3
202206151506,9.0,1.3
202206151606,42.0,1.3
202206151706,89.0,1.8
202206151806,109.0,1.8
202206151906,77.0,1.8
202206152006,70.0,1.3
202206152106,95.0,1.3
202206152206,150.0,2.2
202206152306,180.0,3.1
202206160006,309.0,0.9
202206160106,,0.0
202206160206,262.0,1.3
202206160306,,0.0
202206160406,,0.0
202206160506,,0.0
202206160606,,0.0
202206160706,,0.0
202206160806,,0.0
202206160906,,0.0
202206161006,,0.0
202206161106,,0.0
202206161206,,0.0
202206161306,118.0,1.8
202206161406,130.0,1.8
202206161506,127.0,1.3
202206161606,109.0,1.8
202206161706,116.0,1.3
202206161806,79.0,1.3
202206161906,110.0,2.2
202206162006,95.0,1.8
202206162106,140.0,2.7
202206162206,113.0,1.8
202206170006,94.0,0.9
202206170106,,0.0
202206170206,92.0,0.9
202206170306,128.0,0.4
202206170406,132.0,1.3
202206170506,162.0,1.3
202206170606,152.0,1.8
202206170706,148.0,0.9
202206170806,146.0,1.3
202206171006,,0.0
202206171106,,0.0
202206171206,192.0,0.4
202206171306,243.0,1.8
202206171406,265.0,1.3
202206171506,300.0,1.3
202206171606,240.0,2.2
202206171706,268.0,1.8
202206171806,336.0,2.2
202206171906,297.0,2.2
202206172006,293.0,2.2
202206172106,342.0,1.3
202206172206,303.0,1.3
202206172306,341.0,1.8
202206180006,142.0,0.9
202206180106,265.0,0.9
202206180206,,0.0
202206180306,,0.0
202206180406,,0.0
202206180506,,0.0
202206180606,,0.0
202206180706,247.0,0.4
202206180806,239.0,0.4
202206180906,274.0,0.4
202206181006,276.0,0.4
202206181106,,0.0
202206181206,331.0,0.4
202206181306,345.0,1.8
202206181406,350.0,0.9
202206181506,356.0,0.9
202206181606,239.0,1.3
202206181806,324.0,2.2
202206181906,319.0,2.7
202206182006,319.0,2.2
202206182106,327.0,1.8
202206182206,333.0,1.3
202206182306,345.0,2.2
202206190006,4.0,1.3
202206190106,355.0,1.3
202206190206,16.0,0.4
202206190306,346.0,1.3
202206190406,2.0,0.9
202206190506,18.0,0.9
202206190606,18.0,0.4
202206190706,116.0,0.4
202206190806,305.0,0.4
202206190906,50.0,0.9
202206191006,97.0,0.9
202206191106,69.0,0.9
202206191206,94.0,0.9
202206191306,102.0,1.3
202206191406,85.0,2.2
202206191506,38.0,1.8
202206191606,62.0,1.3
202206191706,84.0,1.8
202206191806,31.0,1.3
202206191906,83.0,1.8
202206192006,21.0,1.8
202206192106,68.0,1.3
202206192306,103.0,0.9
202206200006,,0.0
202206200206,,0.0
202206200306,,0.0
202206200406,,0.0
202206200506,,0.0
202206200606,,0.0
202206200706,142.0,0.4
202206200806,,0.0
202206201006,,0.0
202206201206,,0.0
202206201306,,0.0
202206201406,154.0,1.3
202206201506,255.0,0.9
202206201606,25.0,1.3
202206201706,79.0,1.8
202206201806,163.0,1.8
202206201906,139.0,1.8
202206202006,352.0,1.8
202206202106,54.0,0.9
202206202206,126.0,2.2
202206202306,109.0,1.3
202206210006,,0.0
202206210106,,0.0
202206210206,,0.0
202206210306,,0.0
202206210406,,0.0
202206210506,,0.0
202206210606,,0.0
202206210706,,0.0
202206210806,302.0,0.4
202206210906,,0.0
202206211106,,0.0
202206211206,,0.0
202206211306,277.0,1.8
202206211406,277.0,1.3
202206211506,254.0,1.3
202206211606,346.0,1.3
202206211706,345.0,2.7
202206211906,8.0,2.2
202206212006,348.0,1.8
202206212106,359.0,1.8
202206212206,336.0,1.3
202206220106,,0.0
202206220206,,0.0
202206220306,,0.0
202206220406,,0.0
202206220506,,0.0
202206220606,,0.0
202206220706,,0.0
202206220806,,0.0
202206220906,,0.0
202206221006,,0.0
202206221106,,0.0
202206221206,,0.0
202206221306,307.0,0.9
202206221406,274.0,1.3
202206221506,333.0,1.8
202206221606,20.0,1.8
202206221706,295.0,1.8
202206221806,99.0,1.3
202206221906,53.0,1.3
202206222006,308.0,1.8
202206222206,324.0,1.3
202206222306,316.0,1.3
202206230006,319.0,0.4
202206230106,,0.0
202206230206,,0.0
202206230306,,0.0
202206230406,,0.0
202206230506,,0.0
202206230606,,0.0
202206230706,,0.0
202206230806,,0.0
202206230906,,0.0
202206231006,,0.0
202206231106,,0.0
202206231206,258.0,0.9
202206231306,340.0,0.9
202206231406,313.0,1.3
202206231506,322.0,1.3
202206231606,297.0,1.8
202206231706,344.0,1.8
202206231806,306.0,1.3
202206231906,317.0,1.3
202206232006,328.0,2.2
202206232106,340.0,1.3
202206232206,294.0,1.3
202206232306,336.0,1.3
202206240006,289.0,0.4
202206240106,247.0,0.4
202206240206,242.0,0.4
202206240306,,0.0
202206240406,,0.0
202206240506,351.0,0.4
202206240606,,0.0
202206240706,104.0,0.9
202206240806,90.0,1.3
202206240906,86.0,0.9
202206241006,,0.0
202206241106,,0.0
202206241206,98.0,0.4
202206241306,118.0,2.2
202206241406,102.0,1.3
202206241506,117.0,2.7
202206241606,122.0,2.7
202206241706,126.0,2.7
202206241806,132.0,1.8
202206241906,88.0,1.8
202206242006,115.0,1.8
202206242106,92.0,1.8
202206242206,131.0,2.7
202206242306,107.0,1.3
202206250006,104.0,1.3
202206250106,124.0,2.2
202206250206,206.0,2.2
202206250406,,0.0
202206250506,,0.0
202206250606,,0.0
202206250706,,0.0
202206250806,84.0,0.9
202206250906,89.0,0.4
202206251006,89.0,0.4
202206251106,118.0,1.3
202206251206,113.0,1.3
202206251306,137.0,1.8
202206251406,121.0,1.3
202206251506,105.0,2.2
202206251606,115.0,2.7
202206251706,133.0,4.0
202206251806,114.0,3.1
202206251906,103.0,2.2
202206252006,136.0,1.8
202206252106,102.0,1.8
202206252206,117.0,1.8
202206252306,134.0,1.8
202206260006,125.0,1.3
202206260106,67.0,0.4
202206260306,104.0,0.9
202206260406,96.0,0.9
202206260506,100.0,1.3
202206260606,110.0,0.9
202206260706,131.0,1.3
202206260806,165.0,1.3
202206260906,190.0,0.4
202206261006,,0.0
202206261106,,0.0
202206261206,123.0,0.4
202206261306,,0.0
202206261406,193.0,0.9
202206261506,327.0,0.9
202206261606,87.0,1.8
202206261706,100.0,1.8
202206261806,338.0,1.3
202206261906,122.0,2.2
202206262106,113.0,1.8
202206262206,81.0,1.3
202206262306,121.0,1.8
202206270006,,0.0
202206270106,,0.0
202206270206,,0.0
202206270306,,0.0
202206270406,,0.0
202206270506,168.0,1.3
202206270606,179.0,0.9
202206270706,136.0,0.9
202206270806,,0.0
202206270906,,0.0
202206271106,,0.0
202206271206,211.0,0.4
202206271306,227.0,0.4
202206271406,227.0,1.3
202206271506,264.0,0.9
202206271606,217.0,1.3
202206271706,242.0,1.3
202206271806,192.0,1.3
202206271906,250.0,1.8
202206272006,267.0,1.3
202206272106,7.0,1.3
202206272206,340.0,1.3
202206272306,265.0,0.9
202206280006,,0.0
202206280106,,0.0
202206280206,,0.0
202206280306,,0.0
202206280406,,0.0
202206280506,,0.0
202206280606,,0.0
202206280806,,0.0
202206280906,,0.0
202206281006,,0.0
202206281206,,0.0
202206281306,36.0,0.4
202206281406,34.0,0.9
202206281506,35.0,1.3
202206281606,62.0,0.9
202206281706,79.0,0.9
202206281806,58.0,0.4
202206281906,,0.0
202206282006,72.0,0.4
202206282106,43.0,0.9
202206282306,80.0,0.9
202206290106,81.0,0.9
202206290206,109.0,1.3
202206290306,,0.0
202206290406,,0.0
202206290506,,0.0
202206290606,,0.0
202206290706,,0.0
202206290806,,0.0
202206290906,,0.0
202206291006,113.0,1.8
202206291106,,0.0
202206291206,,0.0
202206291306,33.0,0.4
202206291406,124.0,0.9
202206291506,153.0,1.3
202206291606,120.0,0.9
202206291706,126.0,0.9
202206291806,105.0,1.3
202206291906,10.0,1.8
202206292006,116.0,2.2
202206292106,106.0,1.8
202206292206,83.0,0.4
202206292306,134.0,1.8
202206300006,147.0,1.3
202206300306,,0.0
202206300506,,0.0
202206300606,,0.0
202206300706,,0.0
202206300906,,0.0
202206301006,,0.0
202206301106,,0.0
202206301206,,0.0
202206301306,132.0,1.3
202206301406,65.0,1.3
202206301506,127.0,1.3
202206301606,23.0,0.9
202206301706,116.0,1.8
202206301806,131.0,1.8
202206301906,90.0,1.3
202206302006,99.0,1.8
202206302106,98.0,1.3
202206302206,120.0,1.3
202206302306,,0.0
202207010006,150.0,2.7
202207010106,,0.0
202207010206,,0.0
202207010306,110.0,1.3
202207010406,,0.0
202207010506,,0.0
202207010606,,0.0
202207010706,,0.0
202207010806,,0.0
202207010906,,0.0
202207011006,,0.0
202207011106,,0.0
202207011206,,0.0
202207011306,104.0,0.9
202207011406,120.0,1.3
202207011506,94.0,0.9
202207011606,94.0,1.3
202207011706,129.0,1.8
202207011806,21.0,1.3
202207011906,340.0,1.3
202207012006,334.0,1.3
202207012106,345.0,1.3
202207012206,29.0,0.9
202207012306,101.0,0.9
202207020006,76.0,0.9
202207020106,,0.0
202207020206,,0.0
202207020306,,0.0
202207020406,,0.0
202207020506,,0.0
202207020606,,0.0
202207020706,,0.0
202207020806,,0.0
202207020906,,0.0
202207021006,,0.0
202207021106,,0.0
202207021406,333.0,1.3
202207021506,357.0,1.3
202207021606,318.0,1.3
202207021706,348.0,1.3
202207021806,146.0,1.3
202207021906,252.0,2.2
202207022006,249.0,0.9
202207022106,192.0,1.3
202207022206,260.0,0.4
202207022306,184.0,1.3
202207030006,165.0,0.9
202207030106,177.0,0.4
202207030206,243.0,0.9
202207030306,221.0,0.4
202207030406,,0.0
202207030506,,0.0
202207030606,,0.0
202207030706,,0.0
202207030806,,0.0
202207030906,,0.0
202207031006,,0.0
202207031106,,0.0
202207031206,262.0,0.4
202207031306,273.0,1.3
202207031506,227.0,1.3
202207031606,329.0,1.3
202207031706,299.0,1.3
202207031806,220.0,1.3
202207031906,32.0,1.3
202207032006,245.0,2.2
202207032106,192.0,1.3
202207032206,248.0,2.2
202207032306,312.0,0.9
202207040106,355.0,0.4
202207040206,242.0,0.4
202207040306,,0.0
202207040406,,0.0
202207040506,141.0,0.4
202207040606,,0.0
202207040706,,0.0
202207040806,,0.0
202207040906,,0.0
202207041006,,0.0
202207041106,,0.0
202207041206,,0.0
202207041306,338.0,0.9
202207041406,294.0,1.3
202207041506,179.0,0.9
202207041606,58.0,1.3
202207041706,64.0,0.9
202207041806,136.0,1.3
202207041906,340.0,1.3
202207042006,126.0,1.8
202207042106,127.0,0.9
202207042206,103.0,0.9
202207042306,276.0,1.3
202207050006,,0.0
202207050106,88.0,0.4
202207050206,224.0,0.4
202207050306,262.0,0.9
202207050406,,0.0
202207050506,,0.0
202207050606,,0.0
202207050706,,0.0
202207050806,,0.0
202207051006,,0.0
202207051106,,0.0
202207051206,,0.0
202207051306,102.0,0.4
202207051506,250.0,1.8
202207051706,127.0,1.3
202207051806,92.0,1.8
202207051906,175.0,1.8
202207052006,315.0,0.9
202207052106,214.0,1.3
202207052206,141.0,1.3
202207052306,116.0,1.3
202207060006,290.0,2.7
202207060106,279.0,1.8
202207060206,,0.0
202207060306,,0.0
202207060406,37.0,0.4
202207060506,,0.0
202207060606,105.0,0.9
202207060706,,0.0
202207060806,,0.0
202207060906,,0.0
202207061006,,0.0
202207061106,,0.0
202207061206,,0.0
202207061306,264.0,0.4
202207061406,271.0,0.9
202207061506,22.0,0.9
202207061606,103.0,0.9
202207061706,294.0,0.9
202207061806,164.0,1.3
202207061906,152.0,0.9
202207062006,209.0,0.9
202207062106,196.0,0.9
202207062206,252.0,0.9
202207062306,182.0,0.4
202207070006,162.0,0.9
202207070106,,0.0
202207070206,,0.0
202207070306,,0.0
202207070406,,0.0
202207070506,56.0,1.8
202207070606,150.0,0.9
202207070706,279.0,0.9
202207070906,,0.0
202207071006,,0.0
202207071106,87.0,0.4
202207071206,,0.0
202207071306,214.0,0.4
202207071406,209.0,0.4
202207071506,209.0,1.3
202207071606,246.0,1.8
202207071706,293.0,0.9
202207071806,240.0,1.3
202207071906,182.0,1.3
202207072006,195.0,1.3
202207072106,184.0,1.3
202207072206,226.0,0.9
202207072306,,0.0
202207080006,,2.2
202207080106,223.0,0.4
202207080206,125.0,1.3
202207080306,243.0,0.9
202207080406,342.0,0.4
202207080506,,0.0
202207080606,,0.0
202207080706,,0.0
202207080806,,0.0
202207080906,243.0,0.4
202207081006,,0.0
202207081106,,0.0
202207081206,,0.0
202207081306,232.0,0.9
202207081406,257.0,0.9
202207081506,291.0,1.3
202207081606,232.0,1.8
202207081706,258.0,1.8
202207081806,176.0,2.2
202207081906,95.0,1.3
202207082006,239.0,0.9
202207082106,153.0,0.4
202207082206,243.0,1.3
202207082306,193.0,0.4
202207090006,186.0,0.9
202207090106,170.0,1.3
202207090206,182.0,0.4
202207090306,,0.0
202207090506,131.0,2.2
202207090606,232.0,0.9
202207090706,235.0,0.4
202207090806,262.0,0.9
202207090906,259.0,0.4
202207091006,,0.0
202207091106,,0.0
202207091206,,0.0
202207091306,224.0,0.9
202207091406,224.0,1.8
202207091506,269.0,1.3
202207091606,340.0,2.2
202207091706,246.0,0.9
202207091806,337.0,1.8
202207091906,251.0,2.2
202207092006,249.0,1.3
202207092106,215.0,0.9
202207092206,262.0,0.9
202207092306,217.0,1.8
202207100006,185.0,0.9
202207100106,217.0,0.4
202207100406,226.0,0.9
202207100506,,0.0
202207100606,,0.0
202207100706,,0.0
202207100806,173.0,0.4
202207100906,240.0,0.9
202207101106,,0.0
202207101206,,0.0
202207101306,249.0,0.4
202207101406,288.0,0.4
202207101506,32.0,0.9
202207101606,271.0,1.3
202207101806,351.0,1.3
202207101906,305.0,1.3
202207102006,318.0,1.3
202207102106,303.0,0.4
202207102206,216.0,1.3
202207102306,330.0,0.4
202207110006,137.0,1.8
202207110106,,0.0
202207110206,48.0,0.9
202207110306,,0.0
202207110406,,0.0
202207110506,4.0,0.4
202207110606,,0.0
202207110706,6.0,0.9
202207110806,15.0,0.4
202207110906,39.0,0.4
202207111006,60.0,0.4
202207111106,62.0,0.4
202207111206,15.0,0.4
202207111306,84.0,0.9
202207111406,31.0,0.9
202207111506,107.0,0.9
202207111606,56.0,0.9
202207111706,31.0,0.9
202207111806,117.0,0.9
202207111906,84.0,0.9
202207112006,88.0,0.4
202207112106,114.0,0.9
202207112206,100.0,0.9
202207112306,66.0,0.4
202207120006,,0.0
202207120106,,0.0
202207120206,,0.0
202207120306,,0.0
202207120406,,0.0
202207120506,,0.0
202207120606,,0.0
202207120706,,0.0
202207120806,,0.0
202207120906,,0.0
202207121006,,0.0
202207121106,,0.0
202207121206,,0.0
202207121306,,0.0
202207121406,116.0,0.4
202207121506,,0.0
202207121606,224.0,0.9
202207121706,98.0,0.9
202207121806,102.0,1.8
202207122006,86.0,1.3
202207122106,130.0,1.8
202207122206,135.0,0.9
202207122306,160.0,1.3
202207130006,,0.0
202207130106,,0.0
202207130206,143.0,1.3
202207130306,153.0,0.9
202207130406,221.0,0.4
202207130506,,0.0
202207130606,,0.0
202207130706,,0.0
202207130906,,0.0
202207131006,,0.0
202207131106,135.0,0.9
202207131206,,0.0
202207131306,,0.0
202207131406,289.0,0.9
202207131506,268.0,1.3
202207131606,224.0,1.3
202207131706,247.0,1.3
202207131806,261.0,1.3
202207131906,215.0,2.2
202207132006,177.0,1.8
202207132106,211.0,1.3
202207132206,56.0,2.2
202207132306,2.0,0.9
202207140006,214.0,0.4
202207140106,239.0,0.4
202207140206,231.0,0.4
202207140306,192.0,0.4
202207140406,,0.0
202207140506,257.0,0.4
202207140606,,0.0
202207140706,,0.0
202207140806,,0.0
202207140906,,0.0
202207141006,222.0,0.4
202207141106,,0.0
202207141306,93.0,0.4
202207141406,258.0,1.3
202207141506,301.0,1.3
202207141606,255.0,1.3
202207141706,281.0,0.9
202207141806,245.0,1.3
202207141906,4.0,0.9
202207142006,198.0,0.9
202207142106,337.0,0.9
202207142206,238.0,0.4
202207142306,184.0,0.4
202207150006,117.0,0.4
202207150106,129.0,0.4
202207150206,131.0,0.4
202207150306,135.0,0.9
202207150406,278.0,0.4
202207150506,,0.0
202207150606,,0.0
202207150706,,0.0
202207150806,,0.0
202207150906,,0.0
202207151006,,0.0
202207151106,,0.0
202207151206,136.0,0.4
202207151306,282.0,0.9
202207151406,266.0,0.4
202207151506,132.0,1.8
202207151606,15.0,0.9
202207151706,126.0,1.3
202207151806,102.0,1.3
202207151906,,0.0
202207152006,134.0,1.8
202207152106,128.0,0.9
202207152206,130.0,1.8
202207152306,137.0,2.7
202207160006,154.0,0.4
202207160106,130.0,0.9
202207160206,135.0,0.4
202207160306,,0.0
202207160406,,0.0
202207160506,,0.0
202207160606,,0.0
202207160706,,0.0
202207160806,,0.0
202207160906,,0.0
202207161006,,0.0
202207161106,133.0,0.4
202207161206,,0.0
202207161306,218.0,0.9
202207161406,242.0,1.3
202207161506,200.0,0.9
202207161606,268.0,1.3
202207161706,15.0,0.9
202207161806,231.0,0.9
202207161906,260.0,1.3
202207162006,141.0,1.8
202207162106,192.0,1.3
202207162206,147.0,1.3
202207170006,145.0,0.9
202207170106,,0.0
202207170206,,0.0
202207170306,,0.0
202207170406,149.0,0.4
202207170506,,0.0
202207170706,124.0,0.4
202207170806,,0.0
202207170906,,0.0
202207171006,,0.0
202207171106,,0.0
202207171206,,0.0
202207171306,235.0,0.9
202207171406,193.0,0.9
202207171506,244.0,1.3
202207171606,180.0,0.9
202207171706,305.0,0.9
202207171806,130.0,1.8
202207171906,182.0,1.8
202207172006,97.0,0.9
202207172106,122.0,1.8
202207172206,165.0,0.9
202207172306,183.0,0.9
202207180006,,0.0
202207180206,,0.0
202207180306,,0.0
202207180406,141.0,0.9
202207180506,136.0,0.4
202207180606,197.0,0.4
202207180806,157.0,0.4
202207181106,,0.0
202207181206,201.0,0.4
202207181306,239.0,0.9
202207181406,257.0,1.3
202207181506,271.0,1.8
202207181606,333.0,0.4
202207181706,266.0,0.9
202207181806,223.0,2.2
202207181906,237.0,1.8
202207182006,221.0,1.8
202207182106,185.0,1.8
202207182206,235.0,1.8
202207182306,230.0,1.3
202207190006,181.0,0.9
202207190106,148.0,0.4
202207190206,349.0,0.4
202207190306,25.0,0.4
202207190406,,0.0
202207190506,,0.0
202207190606,,0.0
202207190706,,0.0
202207190806,,0.0
202207190906,,0.0
202207191006,,0.0
202207191106,,0.0
202207191206,279.0,0.9
202207191306,317.0,0.9
202207191406,283.0,1.3
202207191506,263.0,1.3
202207191606,289.0,1.3
202207191706,344.0,0.9
202207191806,266.0,1.8
202207192006,225.0,1.8
202207192106,218.0,1.8
202207192206,231.0,2.7
202207192306,198.0,0.4
202207200006,132.0,0.9
202207200106,,0.0
202207200206,,0.0
202207200306,,0.0
202207200406,,0.0
202207200506,230.0,0.4
202207200606,234.0,0.4
202207200706,,0.0
202207200806,,0.0
202207200906,231.0,0.4
202207201006,,0.0
202207201106,225.0,0.4
202207201206,245.0,0.4
202207201306,243.0,0.4
202207201406,226.0,0.9
202207201506,210.0,0.9
202207201706,227.0,1.8
202207201806,221.0,1.8
202207201906,214.0,1.8
202207202006,199.0,1.3
202207202106,217.0,1.8
202207202206,204.0,1.8
202207202306,198.0,0.9
202207210006,202.0,1.8
202207210106,197.0,1.3
202207210206,211.0,1.3
202207210306,206.0,0.9
202207210406,212.0,0.9
202207210506,214.0,0.9
202207210606,233.0,1.8
202207210706,205.0,1.3
202207210806,229.0,1.8
202207210906,247.0,0.9
202207211006,229.0,1.3
202207211106,233.0,0.9
202207211206,229.0,1.8
202207211306,232.0,1.8
202207211406,298.0,1.3
202207211506,,0.0
202207211706,124.0,0.4
202207211806,118.0,1.3
202207211906,189.0,1.8
202207212006,197.0,1.8
202207212106,230.0,1.8
202207212206,273.0,0.9
202207220006,241.0,0.4
202207220106,,0.0
202207220206,265.0,0.9
202207220406,276.0,0.4
202207220506,259.0,0.4
202207220606,,0.0
202207220706,303.0,0.4
202207220806,,0.0
202207220906,,0.0
202207221006,,0.0
202207221106,,0.0
202207221206,230.0,0.9
202207221306,261.0,0.9
202207221406,237.0,0.9
202207221506,203.0,1.3
202207221606,110.0,1.8
202207221806,185.0,1.8
202207221906,207.0,1.3
202207222006,225.0,1.8
202207222106,229.0,1.3
202207222206,234.0,1.3
202207222306,228.0,1.8
202207230006,217.0,1.8
202207230106,,0.0
202207230206,,0.0
202207230306,,0.0
202207230406,,0.0
202207230506,254.0,0.4
202207230606,,0.0
202207230806,,0.0
202207230906,,0.0
202207231006,,0.0
202207231106,,0.0
202207231206,,0.0
202207231406,229.0,1.3
202207231506,232.0,1.8
202207231606,276.0,1.8
202207231706,183.0,1.3
202207231806,217.0,1.8
202207231906,176.0,1.8
202207232006,204.0,0.9
202207232106,258.0,0.9
202207232206,,0.0
202207232306,297.0,0.4
202207240106,,0.0
202207240206,,0.0
202207240306,,0.0
202207240406,,0.0
202207240506,,0.0
202207240606,,0.0
202207240706,,0.0
202207240806,,0.0
202207240906,,0.0
202207241006,,0.0
202207241106,,0.0
202207241206,,0.0
202207241306,215.0,0.9
202207241506,162.0,1.3
202207241606,199.0,1.8
202207241706,36.0,1.3
202207241806,207.0,0.9
202207241906,246.0,1.8
202207242006,278.0,1.3
202207242106,235.0,1.3
202207242206,338.0,0.4
202207242306,,0.0
202207250006,236.0,0.9
202207250106,125.0,0.9
202207250206,,0.0
202207250306,209.0,0.4
202207250406,149.0,1.3
202207250506,,0.0
202207250606,,0.0
202207250806,,0.0
202207250906,,0.0
202207251006,,0.0
202207251106,,0.0
202207251206,234.0,0.9
202207251306,268.0,1.3
202207251406,245.0,1.3
202207251506,213.0,1.3
202207251606,253.0,1.3
202207251706,196.0,1.8
202207251806,214.0,1.8
202207251906,199.0,1.3
202207252006,189.0,1.8
202207252106,198.0,1.3
202207252206,155.0,1.3
202207252306,200.0,0.4
202207260006,,0.0
202207260106,105.0,0.4
202207260206,133.0,0.9
202207260306,,0.0
202207260406,,0.0
202207260506,,0.0
202207260606,,0.0
202207260706,,0.0
202207260806,,0.0
202207260906,,0.0
202207261006,,0.0
202207261106,,0.0
202207261206,220.0,0.9
202207261306,217.0,1.3
202207261406,208.0,1.3
202207261506,216.0,1.8
202207261606,215.0,2.2
202207261706,234.0,1.8
202207261806,206.0,1.8
202207262006,217.0,1.3
202207262106,185.0,1.3
202207262206,168.0,1.3
202207262306,179.0,0.9
202207270006,,0.0
202207270106,,0.0
202207270306,139.0,0.4
202207270506,,0.0
202207270606,,0.0
202207270706,,0.0
202207270806,,0.0
202207270906,,0.0
202207271006,,0.0
202207271106,,0.0
202207271206,201.0,0.9
202207271306,224.0,0.9
202207271406,219.0,1.3
202207271506,210.0,1.8
202207271706,235.0,1.8
202207271806,202.0,2.2
202207271906,218.0,1.8
202207272006,214.0,1.8
202207272106,238.0,1.8
202207272206,235.0,1.8
202207272306,221.0,0.9
202207280006,,0.0
202207280106,,0.0
202207280206,234.0,1.3
202207280306,166.0,0.4
202207280406,281.0,0.4
202207280506,,0.0
202207280606,,0.0
202207280706,271.0,0.9
202207280806,224.0,0.4
202207280906,,0.0
202207281006,,0.0
202207281106,,0.0
202207281206,210.0,0.4
202207281306,245.0,1.3
202207281406,242.0,1.3
202207281506,247.0,1.8
202207281606,209.0,1.8
202207281706,254.0,1.8
202207281806,46.0,0.9
202207281906,162.0,0.4
202207282006,262.0,1.8
202207282106,,0.0
202207282206,235.0,1.3
202207290006,,0.0
202207290106,204.0,0.4
202207290206,,0.0
202207290306,,0.0
202207290406,,0.0
202207290506,,0.0
202207290606,,0.0
202207290706,224.0,0.4
202207290806,229.0,0.4
202207290906,,0.0
202207291006,,0.0
202207291106,,0.0
202207291206,,0.0
202207291306,264.0,1.3
202207291406,217.0,1.8
202207291506,228.0,1.3
202207291606,215.0,1.8
202207291706,180.0,1.8
202207291806,173.0,1.3
202207291906,226.0,1.8
202207292006,204.0,1.3
202207292106,231.0,2.2
202207292206,249.0,1.8
202207292306,243.0,0.9
202207300006,22.0,0.9
202207300106,,0.0
202207300206,,0.0
202207300306,,0.0
202207300406,298.0,0.4
202207300506,19.0,0.4
202207300606,169.0,0.4
202207300706,,0.0
202207300806,,0.0
202207300906,,0.0
202207301006,,0.0
202207301106,,0.0
202207301206,,0.0
202207301306,221.0,0.9
202207301406,226.0,0.9
202207301506,217.0,1.3
202207301606,174.0,1.3
202207301706,313.0,1.3
202207301806,219.0,1.3
202207301906,183.0,1.8
202207302006,310.0,1.3
202207302106,229.0,0.4
202207302206,270.0,0.4
202207302306,237.0,0.4
202207310006,,0.0
202207310106,,0.0
202207310206,,0.0
202207310306,,0.0
202207310406,,0.0
202207310506,74.0,0.4
202207310606,,0.0
202207310706,,0.0
202207310806,,0.0
202207310906,,0.0
202207311006,,0.0
202207311106,,0.0
202207311206,,0.0
202207311406,270.0,1.8
202207311506,276.0,2.2
202207311606,243.0,1.8
202207311706,236.0,2.7
202207311806,289.0,2.2
202207311906,284.0,2.2
202207312006,231.0,1.3
202207312106,242.0,1.8
202207312206,224.0,2.2
202207312306,230.0,0.9
202208010006,,0.0
202208010106,,0.0
202208010206,,0.0
202208010306,,0.0
202208010506,,0.0
202208010606,,0.0
202208010706,,0.0
202208010806,,0.0
202208010906,,0.0
202208011006,,0.0
202208011106,,0.0
202208011206,,0.0
202208011306,260.0,0.9
202208011406,250.0,1.3
202208011506,248.0,1.8
202208011606,229.0,1.8
202208011706,266.0,1.8
202208011806,329.0,2.2
202208011906,340.0,0.9
202208012006,335.0,0.9
202208012106,,0.0
202208012206,315.0,0.4
202208012306,,0.0
202208020006,,0.0
202208020106,,0.0
202208020206,,0.0
202208020306,,0.0
202208020406,,0.0
202208020506,,0.0
202208020606,194.0,0.4
202208020706,224.0,1.3
202208020806,273.0,0.4
202208020906,320.0,0.4
202208021006,,0.0
202208021106,,0.0
202208021206,,0.0
202208021306,244.0,1.3
202208021406,273.0,1.3
202208021506,323.0,1.3
202208021606,308.0,1.3
202208021706,276.0,1.8
202208021806,242.0,1.3
202208021906,327.0,1.3
202208022006,285.0,1.3
202208022106,236.0,1.3
202208022206,298.0,0.9
202208022306,216.0,0.4
202208030006,209.0,0.9
202208030106,230.0,0.4
202208030206,229.0,0.9
202208030306,228.0,1.3
202208030406,252.0,2.2
202208030506,,0.0
202208030606,356.0,0.9
202208030706,,0.0
202208030806,231.0,0.4
202208030906,,0.0
202208031006,,0.0
202208031106,,0.0
202208031206,,0.0
202208031306,232.0,0.9
202208031406,284.0,0.9
202208031506,279.0,0.9
202208031606,258.0,0.9
202208031706,232.0,0.9
202208031806,184.0,1.3
202208032006,116.0,1.8
202208032106,182.0,1.8
202208032206,140.0,1.8
202208032306,38.0,1.3
202208040006,108.0,2.7
202208040106,90.0,1.3
202208040206,67.0,0.4
202208040306,,0.0
202208040406,,0.0
202208040506,,0.0
202208040606,,0.0
202208040706,,0.0
202208040806,,0.0
202208040906,,0.0
202208041006,101.0,0.4
202208041106,95.0,0.9
202208041206,97.0,0.9
202208041306,121.0,0.9
202208041406,18.0,0.4
202208041506,236.0,0.4
202208041606,325.0,1.3
202208041706,86.0,1.8
202208041806,79.0,1.3
202208041906,205.0,1.8
202208042006,247.0,1.3
202208042106,167.0,1.8
202208042206,179.0,0.9
202208042306,155.0,0.9
202208050006,,0.0
202208050106,,0.0
202208050206,,0.0
202208050306,,0.0
202208050406,111.0,1.3
202208050506,128.0,0.9
202208050606,252.0,0.9
202208050706,,0.0
202208050806,,0.0
202208050906,,0.0
202208051006,111.0,0.9
202208051106,110.0,0.9
202208051206,103.0,0.4
202208051306,148.0,0.9
202208051406,169.0,0.9
202208051506,109.0,1.3
202208051606,89.0,1.3
202208051706,167.0,0.9
202208051806,99.0,1.3
202208051906,75.0,0.4
202208052006,129.0,1.3
202208052206,152.0,1.8
202208052306,,0.0
202208060006,,0.0
202208060106,101.0,1.3
202208060206,90.0,0.9
202208060306,106.0,1.3
202208060406,78.0,0.9
202208060506,69.0,0.4
202208060606,72.0,0.4
202208060706,,0.0
202208061006,,0.0
202208061206,84.0,0.4
202208061306,78.0,0.4
202208061406,120.0,1.3
202208061506,117.0,1.8
202208061606,169.0,1.3
202208061706,136.0,1.8
202208061806,200.0,0.9
202208061906,17.0,0.4
202208062006,123.0,1.8
202208062106,320.0,0.4
202208062206,104.0,0.9
202208062306,110.0,1.8
202208070006,130.0,3.1
202208070206,236.0,2.7
202208070406,96.0,0.9
202208070506,,0.0
202208070606,,0.0
202208070706,140.0,1.3
202208070806,,0.0
202208070906,,0.0
202208071006,,0.0
202208071106,,0.0
202208071206,,0.0
202208071306,,0.0
202208071406,,0.0
202208071506,248.0,1.3
202208071606,285.0,0.9
202208071706,118.0,0.9
202208071806,128.0,1.3
202208072006,154.0,1.3
202208072106,131.0,1.8
202208072206,,0.0
202208072306,143.0,1.3
202208080006,66.0,0.4
202208080106,,0.0
202208080206,147.0,2.2
202208080306,,0.0
202208080406,,0.0
202208080506,,0.0
202208080606,,0.0
202208080706,,0.0
202208080806,,0.0
202208080906,,0.0
202208081006,,0.0
202208081106,,0.0
202208081206,,0.0
202208081306,221.0,0.4
202208081406,120.0,0.4
202208081606,194.0,1.8
202208081706,226.0,1.3
202208081806,207.0,0.9
202208081906,210.0,0.9
202208082006,177.0,0.4
202208082106,247.0,1.8
202208082206,226.0,1.8
202208082306,261.0,0.4
202208090006,,0.0
202208090106,113.0,1.3
202208090206,326.0,0.4
202208090306,,0.0
202208090406,207.0,0.4
202208090506,,0.0
202208090606,,0.0
202208090706,,0.0
202208090806,227.0,0.4
202208090906,,0.0
202208091006,,0.0
202208091106,,0.0
202208091306,228.0,0.9
202208091506,274.0,1.8
202208091606,266.0,1.3
202208091906,193.0,0.9
202208092006,44.0,0.4
202208092106,281.0,1.3
202208092306,,0.0
202208100006,,0.0
202208100106,,0.0
202208100206,144.0,2.2
202208100306,247.0,1.3
202208100406,227.0,0.4
202208100506,,0.0
202208100606,,0.0
202208100706,146.0,1.3
202208100806,190.0,0.9
202208100906,153.0,0.4
202208101006,,0.0
202208101106,,0.0
202208101206,,0.0
202208101306,164.0,0.9
202208101406,209.0,1.3
202208101506,238.0,1.3
202208101606,229.0,0.9
202208101706,192.0,1.3
202208101806,191.0,1.3
202208101906,208.0,1.8
202208102006,274.0,0.9
202208102106,138.0,1.3
202208102206,286.0,0.9
202208102306,230.0,0.4
202208110006,237.0,1.8
202208110106,118.0,0.4
202208110206,,0.0
202208110306,,0.0
202208110406,157.0,0.9
202208110506,,0.0
202208110606,,0.0
202208110706,,0.0
202208110806,,0.0
202208110906,,0.0
202208111106,,0.0
202208111206,,0.0
202208111306,212.0,0.4
202208111406,223.0,0.9
202208111506,218.0,0.4
202208111606,173.0,0.9
202208111806,128.0,1.8
202208111906,193.0,1.3
202208112006,170.0,1.3
202208112106,240.0,1.3
202208112206,143.0,1.8
202208112306,140.0,0.9
202208120006,39.0,0.4
202208120106,,0.0
202208120206,,0.0
202208120306,,0.0
202208120406,,0.0
202208120506,,0.0
202208120606,,0.0
202208120706,246.0,0.4
202208120806,221.0,0.4
202208120906,,0.0
202208121006,274.0,0.4
202208121106,,0.0
202208121206,250.0,0.4
202208121306,251.0,0.9
202208121406,230.0,1.3
202208121506,267.0,1.3
202208121606,270.0,0.9
202208121706,251.0,1.8
202208121806,242.0,1.8
202208121906,327.0,1.3
202208122006,253.0,1.8
202208122106,329.0,0.9
202208122206,174.0,0.4
202208122306,89.0,1.3
202208130006,263.0,0.9
202208130106,,0.0
202208130206,,0.0
202208130306,256.0,0.4
202208130406,190.0,0.4
202208130506,295.0,0.4
202208130606,,0.0
202208130706,104.0,0.9
202208130806,99.0,0.4
202208130906,66.0,0.4
202208131006,,0.0
202208131106,80.0,0.4
202208131206,121.0,0.4
202208131306,73.0,1.3
202208131406,15.0,1.3
202208131506,78.0,2.2
202208131606,119.0,2.2
202208131706,91.0,1.8
202208131806,132.0,3.1
202208131906,91.0,0.9
202208132006,27.0,0.9
202208132206,26.0,0.9
202208132306,62.0,0.9
202208140006,,0.0
202208140106,,0.0
202208140206,,0.0
202208140306,,0.0
202208140406,,0.0
202208140506,123.0,0.9
202208140606,,0.0
202208140706,,0.0
202208140806,,0.0
202208140906,,0.0
202208141006,,0.0
202208141106,,0.0
202208141206,,0.0
202208141306,149.0,0.4
202208141406,171.0,1.3
202208141506,217.0,1.3
202208141606,232.0,1.3
202208141706,169.0,1.3
202208141806,242.0,0.9
202208141906,197.0,1.3
202208142006,282.0,1.8
202208142106,269.0,0.9
202208142206,210.0,0.9
202208142306,205.0,0.9
202208150006,,0.0
202208150106,,0.0
202208150206,,0.0
202208150306,,0.0
202208150406,,0.0
202208150506,,0.0
202208150706,,0.0
202208150806,,0.0
202208150906,,0.0
202208151006,,0.0
202208151106,,0.0
202208151206,,0.0
202208151306,,0.0
202208151406,232.0,1.3
202208151506,234.0,1.8
202208151606,242.0,1.3
202208151706,243.0,2.2
202208151806,256.0,1.8
202208151906,235.0,1.8
202208152106,246.0,1.8
202208152206,242.0,1.8
202208152306,187.0,0.9
202208160006,282.0,0.4
202208160106,,0.0
202208160206,308.0,0.9
202208160306,267.0,0.4
202208160406,69.0,0.4
202208160506,,0.0
202208160606,,0.0
202208160706,,0.0
202208160806,,0.0
202208160906,,0.0
202208161006,268.0,0.4
202208161206,,0.0
202208161306,350.0,0.9
202208161406,357.0,0.4
202208161506,358.0,0.9
202208161606,351.0,0.4
202208161706,14.0,0.9
202208161906,42.0,1.3
202208162006,331.0,1.3
202208162106,325.0,0.9
202208162206,357.0,0.4
202208162306,,0.0
202208170006,,0.0
202208170106,,0.0
202208170206,,0.0
202208170306,,0.0
202208170406,345.0,0.4
202208170506,98.0,0.4
202208170606,35.0,0.4
202208170706,74.0,0.9
202208170806,89.0,0.4
202208170906,91.0,0.4
202208171006,85.0,0.4
202208171106,,0.0
202208171206,80.0,0.4
202208171306,71.0,0.4
202208171406,110.0,0.9
202208171506,29.0,0.4
202208171606,21.0,1.3
202208171706,3.0,1.3
202208171806,3.0,1.3
202208171906,15.0,1.8
202208172006,10.0,0.9
202208172106,60.0,0.4
202208172206,55.0,0.4
202208172306,,0.0
202208180006,,0.0
202208180106,,0.0
202208180206,,0.0
202208180306,,0.0
202208180406,,0.0
202208180506,,0.0
202208180606,,0.0
202208180706,,0.0
202208180806,,0.0
202208180906,,0.0
202208181006,,0.0
202208181106,,0.0
202208181206,,0.0
202208181306,111.0,1.3
202208181406,116.0,0.9
202208181506,110.0,1.3
202208181606,112.0,1.8
202208181706,85.0,0.9
202208181806,75.0,1.3
202208181906,40.0,0.4
202208182006,111.0,0.9
202208182106,60.0,0.4
202210241906,143.0,1.8
202210242006,129.0,1.3
202210242106,,0.0
202210242206,,0.0
202210242306,,0.0
202210250006,,0.0
202210250106,,0.0
202210250206,,0.0
202210250306,,0.0
202210250406,83.0,0.4
202210250506,,0.0
202210250606,,0.0
202210250706,,0.0
202210250806,,0.0
202210250906,,0.0
202210251006,,0.0
202210251106,,0.0
202210251206,,0.0
202210251306,,0.0
202210251406,129.0,0.9
202210251506,202.0,0.4
202210251606,,0.0
202210251706,188.0,2.2
202210251806,137.0,1.3
202210251906,182.0,2.7
202210252006,149.0,2.7
202210252206,125.0,2.2
202210252306,99.0,1.3
202210260006,116.0,2.2
202210260106,144.0,1.3
202210260206,142.0,0.9
202210260306,,0.0
202210260406,160.0,1.8
202210260506,173.0,1.8
202210260606,183.0,0.4
202210260706,,0.0
202210260806,,0.0
202210260906,324.0,0.4
202210261006,,0.0
202210261106,,0.0
202210261206,297.0,0.4
202210261306,307.0,0.9
202210261406,334.0,1.8
202210261606,314.0,1.8
202210261806,336.0,1.3
202210261906,315.0,0.4
202210262006,335.0,1.3
202210262106,316.0,1.3
202210262206,,0.0
202210262306,,0.0
202210270006,,0.0
202210270106,,0.0
202210270206,,0.0
202210270306,,0.0
202210270406,,0.0
202210270506,,0.0
202210270606,347.0,0.4
202210270706,1.0,0.4
202210270806,,0.0
202210270906,,0.0
202210271006,,0.0
202210271106,,0.0
202210271206,,0.0
202210271406,80.0,0.9
202210271506,55.0,0.4
202210271606,72.0,0.9
202210271706,43.0,0.9
202210271806,9.0,1.8
202210271906,100.0,0.9
202210272006,34.0,1.8
202210272106,81.0,1.3
202210272306,,0.0
202210280006,,0.0
202210280106,,0.0
202210280206,,0.0
202210280306,,0.0
202210280406,,0.0
202210280506,,0.0
202210280606,,0.0
202210280706,,0.0
202210280806,53.0,0.4
202210280906,49.0,0.4
202210281006,46.0,0.4
202210281106,,0.0
202210281206,,0.0
202210281306,50.0,0.4
202210281406,62.0,0.9
202210281506,82.0,1.8
202210281606,68.0,1.8
202210281706,79.0,1.8
202210281806,78.0,0.4
202210281906,95.0,0.9
202210282006,,0.0
202210282106,,0.0
202210282306,,0.0
202210290106,,0.0
202210290206,,0.0
202210290306,,0.0
202210290406,,0.0
202210290506,,0.0
202210290606,,0.0
202210290806,57.0,0.4
202210290906,,0.0
202210291006,,0.0
202210291106,50.0,0.4
202210291206,,0.0
202210291306,,0.0
202210291406,,0.0
202210291506,62.0,0.9
202210291606,47.0,0.4
202210291706,65.0,0.4
202210291806,105.0,1.3
202210291906,,0.0
202210292006,,0.0
202210292106,48.0,0.4
202210292206,,0.0
202210292306,,0.0
202210300006,93.0,0.9
202210300106,95.0,0.9
202210300206,,0.0
202210300306,89.0,0.9
202210300406,75.0,0.9
202210300506,,0.0
202210300606,89.0,0.9
202210300706,,0.0
202210300806,79.0,0.4
202210300906,,0.0
202210301006,92.0,0.9
202210301106,85.0,0.4
202210301206,82.0,0.9
202210301306,100.0,0.9
202210301406,,0.0
202210301506,76.0,0.9
202210301606,98.0,1.8
202210301706,92.0,0.9
202210301806,90.0,1.3
202210301906,103.0,0.9
202210302006,95.0,0.9
202210302106,99.0,1.3
202210302206,75.0,0.9
202210302306,73.0,0.4
202210310006,89.0,0.9
202210310106,108.0,1.8
202210310206,108.0,0.4
202210310306,92.0,0.4
202210310406,97.0,0.4
202210310506,103.0,0.9
202210310606,104.0,0.9
202210310806,109.0,0.4
202210310906,,0.0
202210311006,111.0,0.9
202210311106,,0.0
202210311206,,0.0
202210311306,149.0,0.4
202210311406,,0.0
202210311506,,0.0
202210311606,214.0,1.3
202210311706,216.0,1.3
202210311806,192.0,1.8
202210311906,,0.0
202210312006,191.0,0.9
202210312106,235.0,0.4
202210312206,,0.0
202210312306,,0.0
202211010006,,0.0
202211010106,,0.0
202211010206,,0.0
202211010306,,0.0
202211010406,,0.0
202211010506,,0.0
202211010706,,0.0
202211010806,,0.0
202211010906,,0.0
202211011006,,0.0
202211011106,,0.0
202211011206,,0.0
202211011306,,0.0
202211011406,327.0,1.3
202211011506,,0.0
202211011606,,0.0
202211011706,315.0,0.9
202211011806,102.0,0.4
202211011906,308.0,1.3
202211012006,,0.0
202211012106,,0.0
202211012206,,0.0
202211012306,,0.0
202211020006,,0.0
202211020106,,0.0
202211020206,,0.0
202211020306,,0.0
202211020406,,0.0
202211020506,,0.0
202211020606,,0.0
202211020706,,0.0
202211020806,,0.0
202211020906,,0.0
202211021006,,0.0
202211021106,,0.0
202211021206,,0.0
202211021306,,0.0
202211021406,103.0,0.9
202211021506,,0.0
202211021606,68.0,0.9
202211021706,82.0,1.3
202211021806,35.0,1.3
202211021906,290.0,0.9
202211022006,158.0,1.8
202211022106,20.0,0.9
202211022206,,0.0
202211022306,,0.0
202211030006,63.0,0.4
202211030106,39.0,0.4
202211030206,49.0,0.4
202211030406,,0.0
202211030506,,0.0
202211030606,,0.0
202211030706,,0.0
202211030806,,0.0
202211030906,,0.0
202211031006,,0.0
202211031106,,0.0
202211031206,,0.0
202211031306,,0.0
202211031406,,0.0
202211031506,,0.0
202211031606,,0.0
202211031706,44.0,1.8
202211031806,109.0,1.8
202211031906,100.0,1.8
202211032006,128.0,1.8
202211032106,80.0,1.8
202211032206,,0.0
202211032306,,0.0
202211040006,,0.0
202211040106,,0.0
202211040206,,0.0
202211040306,,0.0
202211040406,,0.0
202211040506,,0.0
202211040606,,0.0
202211040806,,0.0
202211040906,74.0,0.4
202211041006,,0.0
202211041106,,0.0
202211041206,,0.0
202211041306,,0.0
202211041406,80.0,1.3
202211041506,57.0,1.3
202211041606,101.0,2.2
202211041706,111.0,1.8
202211041806,73.0,1.8
202211041906,71.0,1.8
202211042006,124.0,1.8
202211042106,85.0,1.3
202211042206,,0.0
202211042306,,0.0
202211050006,,0.0
202211050106,,0.0
202211050306,,0.0
202211050406,,0.0
202211050506,,0.0
202211050606,,0.0
202211050706,,0.0
202211050806,,0.0
202211050906,,0.0
202211051006,89.0,0.9
202211051106,104.0,1.8
202211051206,,0.0
202211051306,,0.0
202211051406,123.0,2.2
202211051506,122.0,1.8
202211051606,112.0,0.9
202211051706,141.0,3.1
202211051806,189.0,1.8
202211051906,,0.0
202211052006,,0.0
202211052106,,0.0
202211052206,,0.0
202211052306,,0.0
202211060006,,0.0
202211060106,,0.0
202211060206,,0.0
202211060306,122.0,2.7
202211060406,118.0,3.1
202211060506,132.0,3.6
202211060606,151.0,3.1
202211060706,188.0,0.4
202211060806,,0.0
202211060906,,0.0
202211061006,,0.0
202211061106,,0.0
202211061206,,0.0
202211061306,,0.0
202211061406,,0.0
202211061506,142.0,1.3
202211061606,127.0,0.9
202211061706,85.0,1.3
202211061806,188.0,1.3
202211061906,249.0,1.8
202211062006,,0.0
202211062106,92.0,0.4
202211062206,,0.0
202211070006,82.0,0.4
202211070106,81.0,0.4
202211070206,,0.0
202211070306,,0.0
202211070406,,0.0
202211070506,,0.0
202211070606,,0.0
202211070706,,0.0
202211070806,,0.0
202211070906,,0.0
202211071006,,0.0
202211071106,,0.0
202211071206,,0.0
202211071306,,0.0
202211071406,,0.0
202211071506,,0.0
202211071606,,0.0
202211071706,,0.0
202211071806,323.0,0.9
202211071906,16.0,1.3
202211072006,87.0,1.3
202211072106,111.0,0.9
202211072206,90.0,0.4
202211080006,,0.0
202211080106,,0.0
202211080206,,0.0
202211080306,,0.0
202211080406,,0.0
202211080506,,0.0
202211080606,,0.0
202211080706,,0.0
202211080806,,0.0
202211080906,24.0,0.4
202211081006,33.0,0.4
202211081106,,0.0
202211081206,,0.0
202211081306,32.0,0.4
202211081406,39.0,1.8
202211081606,32.0,1.3
202211081706,95.0,2.2
202211081806,41.0,1.8
202211081906,12.0,1.8
202211082006,18.0,2.2
202211082106,47.0,1.8
202211082206,44.0,1.3
202211082306,46.0,0.4
202211090006,,0.0
202211090106,,0.0
202211090206,,0.0
202211090306,22.0,0.9
202211090406,43.0,0.9
202211090506,54.0,0.9
202211090606,40.0,1.3
202211090706,53.0,0.9
202211090806,33.0,0.9
202211090906,30.0,0.9
202211091006,40.0,1.3
202211091106,35.0,1.3
202211091206,38.0,1.3
202211091306,40.0,1.3
202211091406,41.0,1.8
202211091506,22.0,2.2
202211091606,5.0,2.2
202211091706,48.0,1.8
202211091806,60.0,1.8
202211091906,46.0,1.8
202211092006,44.0,1.8
202211092106,41.0,1.8
202211092206,31.0,1.3
202211092306,7.0,0.4
202211100006,25.0,0.9
202211100106,37.0,1.3
202211100206,26.0,0.9
202211100306,43.0,1.3
202211100406,41.0,1.3
202211100506,37.0,1.3
202211100606,47.0,1.8
202211100706,36.0,1.8
202211100806,37.0,1.8
202211100906,35.0,1.8
202211101006,32.0,1.8
202211101106,29.0,1.8
202211101206,27.0,1.8
202211101306,20.0,2.2
202211101406,30.0,2.2
202211101506,38.0,1.8
202211101606,33.0,2.2
202211101706,25.0,1.8
202211101806,31.0,1.8
202211101906,30.0,1.8
202211102006,22.0,1.8
202211102106,36.0,2.2
202211102306,32.0,2.2
202211110006,39.0,1.8
202211110106,39.0,2.2
202211110206,32.0,2.2
202211110306,35.0,1.8
202211110406,39.0,2.2
202211110506,42.0,1.8
202211110606,78.0,2.2
202211110706,56.0,0.9
202211110806,97.0,1.8
202211110906,114.0,2.2
202211111006,125.0,3.6
202211111106,120.0,2.7
202211111206,136.0,3.1
202211111306,139.0,2.7
202211111406,156.0,3.1
202211111506,185.0,1.8
202211111606,192.0,1.8
202211111706,198.0,1.8
202211111806,228.0,2.2
202211111906,232.0,2.7
202211112006,234.0,1.8
202211112106,226.0,1.8
202211112206,229.0,1.8
202211112306,231.0,1.3
202211120006,247.0,1.8
202211120106,234.0,1.8
202211120206,252.0,1.3
202211120406,248.0,0.9
202211120506,239.0,1.3
202211120606,,0.0
202211120706,,0.0
202211120806,,0.0
202211120906,,0.0
202211121006,,0.0
202211121106,,0.0
202211121206,,0.0
202211121306,211.0,0.9
202211121406,223.0,1.3
202211121506,231.0,1.3
202211121606,185.0,1.8
202211121706,223.0,2.2
202211121806,231.0,2.7
202211121906,237.0,2.2
202211122006,254.0,1.8
202211122106,262.0,1.8
202211122206,296.0,1.8
202211122306,286.0,1.8
202211130006,304.0,1.8
202211130106,310.0,2.2
202211130206,325.0,2.7
202211130306,321.0,1.8
202211130406,317.0,2.2
202211130506,318.0,1.8
202211130606,331.0,1.8
202211130706,319.0,1.3
202211130806,324.0,1.3
202211130906,330.0,1.3
202211131006,325.0,2.2
202211131106,330.0,2.2
202211131206,327.0,1.3
202211131306,330.0,1.8
202211131406,330.0,2.2
202211131506,343.0,2.7
202211131606,329.0,2.2
202211131706,354.0,2.2
202211131806,324.0,2.7
202211131906,357.0,2.7
202211132006,355.0,1.8
202211132106,352.0,1.8
202211132206,330.0,0.9
202211132306,333.0,0.9
202211140006,,0.0
202211140106,,0.0
202211140206,,0.0
202211140306,,0.0
202211140406,328.0,0.9
202211140506,10.0,1.3
202211140606,32.0,0.4
202211140706,37.0,0.9
202211140806,60.0,0.9
202211140906,54.0,0.9
202211141006,48.0,0.9
202211141106,34.0,0.9
202211141206,37.0,0.9
202211141306,30.0,1.3
202211141406,49.0,1.8
202211141506,28.0,1.8
202211141606,103.0,1.8
202211141706,43.0,1.8
202211141806,29.0,1.8
202211142006,50.0,1.3
202211142106,46.0,1.3
202211142206,83.0,1.3
202211142306,53.0,0.9
202211150006,80.0,0.9
202211150106,62.0,0.9
202211150406,82.0,1.3
202211150506,83.0,1.3
202211150606,54.0,0.9
202211150706,59.0,0.9
202211150806,61.0,0.9
202211150906,87.0,0.9
202211151006,105.0,1.8
202211151106,85.0,0.9
202211151406,102.0,1.3
202211151506,63.0,0.4
202211151606,,0.0
202211151706,42.0,0.4
202211151806,31.0,0.4
202211151906,89.0,0.4
202211152006,,0.0
202211152106,345.0,1.3
202211152206,349.0,0.9
202211152306,22.0,0.4
202211160006,359.0,1.3
202211160106,,0.0
202211160206,339.0,0.4
202211160306,326.0,0.4
202211160406,330.0,0.4
202211160506,,0.0
202211160706,,0.0
202211160806,298.0,0.9
202211160906,,0.0
202211161006,,0.0
202211161106,,0.0
202211161206,,0.0
202211161306,310.0,0.9
202211161406,337.0,1.8
202211161506,335.0,2.2
202211161606,340.0,2.2
202211161706,313.0,1.8
202211161806,307.0,2.2
202211161906,344.0,2.7
202211162006,330.0,2.2
202211162106,333.0,1.8
202211162206,313.0,1.3
202211162306,322.0,1.3
202211170006,314.0,0.9
202211170106,317.0,0.4
202211170206,237.0,0.4
202211170306,,0.0
202211170406,,0.0
202211170506,262.0,0.4
202211170606,309.0,0.9
202211170706,234.0,0.4
202211170806,,0.0
202211170906,,0.0
202211171006,,0.0
202211171106,,0.0
202211171206,,0.0
202211171306,,0.0
202211171406,306.0,0.9
202211171506,346.0,2.2
202211171606,293.0,2.2
202211171706,304.0,1.8
202211171806,278.0,1.8
202211171906,330.0,2.2
202211172006,321.0,1.8
202211172106,318.0,1.3
202211172206,319.0,1.3
202211172306,178.0,0.4
202211180006,255.0,0.4
202211180106,,0.0
202211180206,,0.0
202211180306,,0.0
202211180406,,0.0
202211180506,,0.0
202211180606,270.0,0.4
202211180706,264.0,0.4
202211180906,,0.0
202211181006,,0.0
202211181106,272.0,0.4
202211181206,324.0,0.4
202211181406,5.0,0.9
202211181506,4.0,1.8
202211181806,1.0,1.3
202211181906,320.0,1.3
202211182006,298.0,1.3
202211182206,351.0,0.4
202211182306,,0.0
202211190006,,0.0
202211190106,267.0,0.4
202211190206,,0.0
202211190306,,0.0
202211190406,,0.0
202211190506,,0.0
202211190606,,0.0
202211190706,,0.0
202211190806,,0.0
202211190906,,0.0
202211191006,,0.0
202211191106,,0.0
202211191306,,0.0
202211191406,299.0,0.9
202211191606,341.0,1.3
202211191706,285.0,1.8
202211191906,259.0,2.2
202211192006,297.0,1.3
202211192106,274.0,0.9
202211192306,,0.0
202211200006,,0.0
202211200106,,0.0
202211200206,,0.0
202211200306,,0.0
202211200406,,0.0
202211200506,,0.0
202211200606,280.0,0.4
202211200706,286.0,1.3
202211200806,313.0,1.3
202211200906,317.0,0.9
202211201006,316.0,1.3
202211201106,315.0,0.9
202211201206,,0.0
202211201306,332.0,0.4
202211201406,311.0,1.8
202211201506,318.0,1.8
202211201606,318.0,0.9
202211201706,348.0,1.3
202211201806,318.0,1.3
202211201906,351.0,1.3
202211202006,302.0,1.3
202211202106,,0.0
202211202206,,0.0
202211202306,,0.0
202211210006,319.0,0.9
202211210106,,0.0
202211210206,,0.0
202211210306,,0.0
202211210406,,0.0
202211210506,,0.0
202211210606,,0.0
202211210906,,0.0
202211211006,,0.0
202211211106,,0.0
202211211206,,0.0
202211211306,,0.0
202211211406,68.0,0.9
202211211506,89.0,1.8
202211211606,83.0,1.8
202211211706,20.0,1.8
202211211806,85.0,1.3
202211211906,106.0,1.8
202211212006,99.0,1.3
202211212106,344.0,0.4
202211212206,,0.0
202211212306,,0.0
202211220106,97.0,0.4
202211220206,103.0,0.4
202211220306,,0.0
202211220406,94.0,0.9
202211220506,,0.0
202211220606,,0.0
202211220706,,0.0
202211220806,,0.0
202211220906,110.0,0.4
202211221006,,0.0
202211221106,,0.0
202211221406,53.0,0.9
202211221506,11.0,1.3
202211221606,122.0,1.8
202211221706,85.0,0.9
202211221806,103.0,0.4
202211221906,7.0,0.9
202211222006,349.0,0.9
202211222106,59.0,0.4
202211222206,,0.0
202211222306,,0.0
202211230006,,0.0
202211230106,,0.0
202211230206,,0.0
202211230306,348.0,0.4
202211230406,,0.0
202211230506,,0.0
202211230606,,0.0
202211230706,,0.0
202211230906,,0.0
202211231006,42.0,0.4
202211231106,,0.0
202211231206,343.0,0.4
202211231306,338.0,0.4
202211231406,41.0,0.9
202211231506,108.0,1.3
202211231606,34.0,1.3
202211231706,27.0,1.3
202211231806,91.0,1.3
202211231906,130.0,1.8
202211232006,84.0,1.3
202211232106,122.0,1.3
202211232206,91.0,0.4
202211232306,,0.0
202211240006,,0.0
202211240106,,0.0
202211240206,,0.0
202211240306,,0.0
202211240406,,0.0
202211240506,,0.0
202211240606,57.0,0.9
202211240706,66.0,0.9
202211240806,59.0,0.9
202211240906,67.0,0.4
202211241006,55.0,0.9
202211241106,50.0,1.3
202211241206,45.0,0.9
202211241306,40.0,0.4
202211241406,75.0,0.9
202211241506,31.0,0.9
202211241606,40.0,0.9
202211241706,44.0,1.3
202211241806,43.0,1.3
202211241906,43.0,0.9
202211242006,42.0,0.9
202211242106,39.0,0.9
202211242206,27.0,1.3
202211242306,43.0,0.9
202211250006,40.0,0.9
202211250106,46.0,0.9
202211250206,71.0,1.3
202211250306,,0.0
202211250406,18.0,0.9
202211250506,33.0,0.9
202211250606,13.0,1.3
202211250706,50.0,0.4
202211250806,,0.0
202211250906,17.0,1.3
202211251006,38.0,0.4
202211251106,,0.0
202211251206,103.0,0.9
202211251306,,0.0
202211251406,,0.0
202211251506,,0.0
202211251606,5.0,1.3
202211251706,353.0,0.9
202211251806,352.0,0.4
202211251906,13.0,0.4
202211252006,,0.0
202211252106,,0.0
202211252206,,0.0
202211252306,,0.0
202211260006,,0.0
202211260106,,0.0
202211260206,,0.0
202211260306,,0.0
202211260406,,0.0
202211260506,,0.0
202211260606,,0.0
202211260706,,0.0
202211260806,,0.0
202211260906,,0.0
202211261006,,0.0
202211261106,,0.0
202211261206,,0.0
202211261306,85.0,0.4
202211261406,81.0,0.9
202211261506,115.0,2.7
202211261606,99.0,2.7
202211261706,126.0,2.2
202211261806,87.0,1.3
202211261906,118.0,1.3
202211262006,108.0,1.8
202211262106,93.0,0.9
202211262206,,0.0
202211262306,107.0,0.9
202211270006,121.0,1.8
202211270106,125.0,1.3
202211270206,,0.0
202211270406,82.0,0.9
202211270506,107.0,1.3
202211270606,,0.0
202211270706,103.0,1.3
202211270806,105.0,1.3
202211270906,79.0,0.9
202211271006,101.0,2.2
202211271106,144.0,3.1
202211271206,166.0,2.2
202211271306,203.0,1.3
202211271406,250.0,2.2
202211271506,239.0,3.6
202211271606,253.0,4.0
202211271706,249.0,3.1
202211271806,238.0,4.5
202211271906,248.0,4.0
202211272006,261.0,3.6
202211272106,236.0,2.7
202211272206,246.0,2.2
202211272306,215.0,1.3
202211280006,242.0,1.3
202211280106,247.0,1.8
202211280206,243.0,1.3
202211280306,228.0,0.9
202211280406,235.0,0.4
202211280506,,0.0
202211280606,238.0,0.4
202211280706,241.0,0.4
202211280806,,0.0
202211280906,,0.0
202211281006,,0.0
202211281106,,0.0
202211281206,,0.0
202211281406,244.0,1.3
202211281506,240.0,1.8
202211281606,264.0,2.7
202211281706,253.0,2.2
202211281806,276.0,2.2
202211281906,259.0,2.2
202211282006,273.0,1.8
202211282106,248.0,1.3
202211282206,307.0,0.4
202211282306,,0.0
202211290006,,0.0
202211290106,,0.0
202211290206,,0.0
202211290306,,0.0
202211290406,,0.0
202211290506,,0.0
202211290606,,0.0
202211290706,,0.0
202211290806,,0.0
202211290906,,0.0
202211291006,,0.0
202211291106,,0.0
202211291206,,0.0
202211291306,,0.0
202211291406,,0.0
202211291506,96.0,1.8
202211291606,123.0,2.7
202211291706,121.0,2.2
202211291806,119.0,2.2
202211291906,148.0,2.7
202211292006,119.0,1.8
202211292106,130.0,2.7
202211292206,128.0,2.2
202211292306,123.0,2.2
202211300106,129.0,2.2
202211300306,127.0,1.8
202211300406,132.0,2.2
202211300606,137.0,1.3
202211300706,,0.0
202211300806,,0.0
202211300906,102.0,1.8
202211301006,151.0,2.7
202211301106,241.0,1.3
202211301206,,0.0
202211301306,164.0,1.3
202211301406,183.0,0.9
202211301506,,0.0
202211301606,,0.0
202211301706,226.0,1.3
202211301806,238.0,0.9
202211302006,325.0,2.2
202211302106,319.0,2.2
202211302206,334.0,2.7
202211302306,323.0,1.8
202212010006,328.0,1.8
202212010206,333.0,2.7
202212010306,331.0,2.2
202212010406,329.0,0.9
202212010506,330.0,1.3
202212010606,,0.0
202212010706,,0.0
202212010806,,0.0
202212010906,,0.0
202212011006,,0.0
202212011106,347.0,1.8
202212011206,349.0,0.9
202212011306,,0.0
202212011406,,0.0
202212011606,131.0,1.3
202212011706,61.0,1.8
202212011806,139.0,2.2
202212011906,140.0,1.8
202212012006,122.0,2.2
202212012106,111.0,1.8
202212012206,,0.0
202212012306,,0.0
202212020006,,0.0
202212020106,,0.0
202212020206,,0.0
202212020306,,0.0
202212020406,,0.0
202212020506,,0.0
202212020606,,0.0
202212020706,,0.0
202212020806,,0.0
202212020906,68.0,0.9
202212021006,59.0,0.4
202212021106,,0.0
202212021206,68.0,1.3
202212021306,72.0,0.9
202212021406,64.0,0.9
202212021506,70.0,1.3
202212021606,122.0,2.2
202212021706,99.0,2.2
202212021806,111.0,1.8
202212021906,102.0,1.8
202212022006,132.0,2.2
202212022106,63.0,0.9
202212022206,,0.0
202212022306,,0.0
202212030006,,0.0
202212030106,90.0,0.9
202212030206,85.0,0.9
202212030306,104.0,1.8
202212030406,102.0,1.8
202212030506,82.0,0.9
202212030606,,0.0
202212030706,,0.0
202212030806,,0.0
202212030906,,0.0
202212031006,,0.0
202212031106,109.0,0.4
202212031206,118.0,1.3
202212031306,208.0,0.9
202212031406,,0.0
202212031506,214.0,1.3
202212031606,221.0,2.2
202212031706,209.0,1.8
202212031806,336.0,1.3
202212031906,,0.0
202212032106,,0.0
202212032206,,0.0
202212032306,,0.0
202212040006,,0.0
202212040106,,0.0
202212040206,,0.0
202212040306,,0.0
202212040406,,0.0
202212040506,,0.0
202212040606,,0.0
202212040706,,0.0
202212040906,301.0,0.9
202212041006,322.0,0.9
202212041106,,0.0
202212041206,,0.0
202212041306,,0.0
202212041406,292.0,0.9
202212041506,,0.0
202212041606,155.0,0.4
202212041706,241.0,1.8
202212041806,246.0,0.9
202212041906,311.0,2.2
202212042006,299.0,1.8
202212042106,332.0,1.3
202212042206,318.0,0.4
202212042306,,0.0
202212050006,,0.0
202212050106,,0.0
202212050206,,0.0
202212050306,,0.0
202212050406,307.0,0.4
202212050506,345.0,0.4
202212050606,,0.0
202212050706,,0.0
202212050806,,0.0
202212050906,,0.0
202212051006,,0.0
202212051106,,0.0
202212051206,62.0,0.4
202212051306,,0.0
202212051406,,0.0
202212051506,59.0,0.4
202212051606,,0.0
202212051706,98.0,0.9
202212051806,74.0,0.9
202212051906,97.0,0.9
202212052006,77.0,0.4
202212052106,43.0,0.9
202212052206,23.0,0.4
202212052306,105.0,1.8
202212060006,,0.0
202212060106,,0.0
202212060206,,0.0
202212060306,32.0,0.4
202212060406,47.0,0.4
202212060506,,0.0
202212060606,,0.0
202212060706,,0.0
202212060806,,0.0
202212060906,,0.0
202212061006,,0.0
202212061106,48.0,0.4
202212061206,36.0,0.4
202212061306,,0.0
202212061406,,0.0
202212061506,,0.0
202212061606,,0.0
202212061706,,0.0
202212061806,,0.0
202212061906,,0.0
202212062006,,0.0
202212062106,33.0,0.4
202212062206,74.0,0.4
202212062306,31.0,0.4
202212070006,,0.0
202212070106,,0.0
202212070206,,0.0
202212070306,,0.0
202212070406,,0.0
202212070506,,0.0
202212070606,,0.0
202212070706,,0.0
202212070806,,0.0
202212070906,,0.0
202212071006,,0.0
202212071106,,0.0
202212071206,,0.0
202212071306,,0.0
202212071406,220.0,0.4
202212071506,,0.0
202212071606,226.0,0.9
202212071706,229.0,1.3
202212071806,218.0,2.2
202212071906,243.0,0.9
202212072006,,0.0
202212072106,253.0,0.4
202212072206,,0.0
202212072306,,0.0
202212080006,,0.0
202212080206,,0.0
202212080306,,0.0
202212080406,,0.0
202212080506,,0.0
202212080606,,0.0
202212080706,,0.0
202212080806,,0.0
202212080906,,0.0
202212081006,,0.0
202212081206,,0.0
202212081306,,0.0
202212081406,,0.0
202212081506,,0.0
202212081606,248.0,1.3
202212081706,248.0,2.2
202212081806,306.0,0.4
202212082006,241.0,1.8
202212082106,282.0,0.9
202212082206,,0.0
202212082306,,0.0
202212090006,,0.0
202212090106,,0.0
202212090206,,0.0
202212090406,,0.0
202212090506,,0.0
202212090606,,0.0
202212090706,,0.0
202212090806,,0.0
202212090906,,0.0
202212091006,,0.0
202212091106,,0.0
202212091206,,0.0
202212091406,,0.0
202212091606,,0.0
202212091706,,0.0
202212091806,,0.0
202212091906,218.0,0.9
202212092006,85.0,0.9
202212092106,100.0,1.3
202212092206,43.0,0.4
202212092306,64.0,0.4
202212100006,,0.0
202212100106,43.0,0.9
202212100206,99.0,1.3
202212100306,62.0,0.4
202212100406,338.0,0.4
202212100506,35.0,0.4
202212100606,41.0,0.9
202212100706,40.0,0.4
202212100806,36.0,0.4
202212100906,42.0,0.4
202212101006,,0.0
202212101106,,0.0
202212101206,28.0,0.4
202212101306,42.0,0.4
202212101406,24.0,0.4
202212101506,20.0,0.9
202212101606,,0.0
202212101706,97.0,0.4
202212101806,,0.0
202212101906,,0.0
202212102006,,0.0
202212102106,78.0,0.4
202212102206,,0.0
202212102306,,0.0
202212110006,,0.0
202212110106,,0.0
202212110206,,0.0
202212110306,,0.0
202212110406,85.0,0.4
202212110506,140.0,0.4
202212110606,,0.0
202212110806,,0.0
202212110906,133.0,0.9
202212111006,,0.0
202212111106,,0.0
202212111206,132.0,1.3
202212111306,114.0,0.9
202212111406,,0.0
202212111506,99.0,0.4
202212111606,110.0,0.9
202212111706,106.0,0.9
202212111806,,0.0
202212111906,,0.0
202212112006,,0.0
202212112106,,0.0
202212112206,,0.0
202212112306,,0.0
202212120006,,0.0
202212120106,,0.0
202212120206,,0.0
202212120306,,0.0
202212120406,,0.0
202212120506,,0.0
202212120706,,0.0
202212120806,,0.0
202212120906,,0.0
202212121006,,0.0
202212121106,,0.0
202212121206,,0.0
202212121306,,0.0
202212121406,,0.0
202212121506,118.0,0.4
202212121606,,0.0
202212121706,,0.0
202212121806,,0.0
202212121906,,0.0
202212122006,,0.0
202212122106,,0.0
202212122206,92.0,0.4
202212122306,,0.0
202212130006,94.0,0.4
202212130106,73.0,0.4
202212130206,94.0,0.4
202212130306,,0.0
202212130406,,0.0
202212130506,92.0,0.9
202212130606,,0.0
202212130706,,0.0
202212130806,68.0,0.4
202212130906,,0.0
202212131006,,0.0
202212131106,58.0,0.4
202212131206,69.0,0.4
202212131306,77.0,0.9
202212131406,81.0,0.9
202212131506,68.0,0.9
202212131606,60.0,1.3
202212131706,84.0,2.2
202212131806,115.0,2.7
202212131906,,0.0
202212132006,,0.0
202212132106,,0.0
202212132206,,0.0
202212132306,,0.0
202212140006,,0.0
202212140106,,0.0
202212140206,,0.0
202212140306,,0.0
202212140406,,0.0
202212140606,,0.0
202212140706,,0.0
202212140806,,0.0
202212140906,,0.0
202212141006,,0.0
202212141106,,0.0
202212141206,,0.0
202212141306,,0.0
202212141506,,0.0
202212141606,,0.0
202212141706,,0.0
202212141806,,0.0
202212141906,,0.0
202212142006,,0.0
202212142106,,0.0
202212142206,,0.0
202212142306,,0.0
202212150006,,0.0
202212150106,94.0,1.3
202212150206,,0.0
202212150306,87.0,0.9
202212150406,93.0,1.8
202212150506,89.0,1.8
202212150606,95.0,0.9
202212150706,106.0,1.8
202212150806,137.0,1.8
202212150906,188.0,0.4
202212151006,,0.0
202212151106,316.0,1.3
202212151206,319.0,1.8
202212151306,308.0,0.9
202212151406,330.0,1.8
202212151506,306.0,1.8
202212151606,304.0,1.8
202212151706,271.0,2.2
202212151806,257.0,1.8
202212151906,282.0,2.2
202212152006,252.0,2.2
202212152206,222.0,1.3
202212152306,248.0,0.9
202212160006,,0.0
202212160106,246.0,0.9
202212160206,289.0,0.4
202212160506,,0.0
202212160606,,0.0
202212160706,,0.0
202212160806,263.0,0.9
202212160906,278.0,0.9
202212161006,,0.0
202212161106,,0.0
202212161206,,0.0
202212161306,,0.0
202212161406,,0.0
202212161506,263.0,2.2
202212161606,284.0,1.8
202212161706,260.0,2.2
202212161806,252.0,3.1
202212161906,256.0,2.7
202212162106,259.0,2.2
202212162206,253.0,1.3
202212162306,,0.0
202212170006,,0.0
202212170106,,0.0
202212170206,,0.0
202212170306,,0.0
202212170406,,0.0
202212170506,,0.0
202212170606,,0.0
202212170706,243.0,1.3
202212170806,242.0,0.9
202212170906,248.0,0.9
202212171006,237.0,1.3
202212171106,227.0,0.9
202212171206,214.0,1.3
202212171306,,0.0
202212171406,219.0,0.4
202212171506,244.0,1.3
202212171606,249.0,1.3
202212171706,200.0,1.3
202212171906,255.0,1.8
202212172006,245.0,1.3
202212172106,239.0,1.8
202212172206,234.0,2.2
202212172306,242.0,1.8
202212180006,254.0,1.3
202212180106,235.0,1.3
202212180206,226.0,0.9
202212180306,,0.0
202212180406,,0.0
202212180506,238.0,0.4
202212180606,,0.0
202212180706,,0.0
202212180806,,0.0
202212180906,,0.0
202212181006,,0.0
202212181106,,0.0
202212181206,,0.0
202212181306,,0.0
202212181406,,0.0
202212181506,326.0,1.8
202212181606,326.0,1.8
202212181706,339.0,1.8
202212181806,296.0,2.2
202212181906,333.0,1.8
202212182006,317.0,2.2
202212182106,314.0,1.3
202212182206,338.0,0.9
202212182306,,0.0
202212190006,302.0,0.9
202212190106,309.0,0.9
202212190206,,0.0
202212190306,,0.0
202212190406,,0.0
202212190606,328.0,1.3
202212190706,355.0,0.4
202212190806,,0.0
202212190906,,0.0
202212191006,,0.0
202212191106,,0.0
202212191206,,0.0
202212191306,,0.0
202212191406,59.0,0.9
202212191506,78.0,1.3
202212191606,79.0,1.8
202212191706,118.0,1.8
202212191806,113.0,2.2
202212191906,131.0,2.7
202212192106,136.0,1.8
202212192206,,0.0
202212192306,,0.0
202212200006,,0.0
202212200106,,0.0
202212200206,,0.0
202212200406,34.0,1.3
202212200506,107.0,1.3
202212200606,104.0,1.3
202212200706,,0.0
202212200806,83.0,0.4
202212200906,,0.0
202212201006,71.0,0.4
202212201106,78.0,0.9
202212201206,30.0,0.4
202212201306,42.0,0.9
202212201406,56.0,0.9
202212201506,79.0,0.9
202212201606,30.0,0.9
202212201706,44.0,1.3
202212201806,38.0,1.3
202212202006,26.0,1.3
202212202106,35.0,1.3
202212202206,36.0,1.3
202212202306,25.0,1.3
202212210006,44.0,1.3
202212210106,41.0,1.3
202212210206,43.0,0.9
202212210306,48.0,1.3
202212210506,42.0,1.3
202212210606,34.0,1.3
202212210706,35.0,0.9
202212210806,39.0,1.3
202212210906,27.0,1.3
202212211006,43.0,1.3
202212211106,53.0,1.3
202212211206,45.0,1.3
202212211306,34.0,0.4
202212211506,25.0,1.8
202212211706,22.0,1.3
202212211806,34.0,1.8
202212211906,13.0,1.8
202212212006,22.0,1.8
202212212106,16.0,1.3
202212212206,32.0,0.9
202212212306,87.0,1.8
202212220006,31.0,0.9
202212220106,16.0,0.9
202212220206,22.0,0.9
202212220306,48.0,1.3
202212220406,58.0,1.3
202212220506,55.0,1.3
202212220606,39.0,0.9
202212220706,42.0,1.3
202212220806,25.0,0.9
202212220906,40.0,1.3
202212221006,7.0,0.9
202212221106,2.0,0.9
202212221206,26.0,0.9
202212221306,86.0,0.9
202212221406,36.0,0.9
202212221506,278.0,0.4
202212221606,,0.0
202212221706,277.0,0.4
202212221806,221.0,0.4
202212221906,250.0,0.9
202212222106,192.0,0.4
202212222206,241.0,0.4
202212222306,150.0,0.4
202212230006,238.0,0.9
202212230106,245.0,0.4
202212230206,195.0,0.4
202212230306,177.0,1.3
202212230406,181.0,1.8
202212230606,215.0,2.2
202212230706,226.0,2.7
202212230906,250.0,3.6
202212231006,320.0,3.6
202212231106,280.0,4.5
202212231206,311.0,3.6
202212231306,314.0,3.1
202212231406,306.0,2.7
202212231506,298.0,3.6
202212231606,304.0,2.7
202212231706,324.0,3.6
202212231806,320.0,3.1
202212231906,289.0,3.6
202212232006,307.0,3.1
202212232106,303.0,3.1
202212232206,319.0,2.2
202212232306,305.0,2.2
202212240006,280.0,2.2
202212240106,301.0,2.2
202212240206,296.0,2.7
202212240306,295.0,2.2
202212240406,301.0,2.7
202212240506,312.0,2.2
202212240606,308.0,2.2
202212240706,298.0,2.2
202212240806,294.0,2.2
202212240906,287.0,0.9
202212241006,292.0,1.8
202212241106,302.0,1.8
202212241206,292.0,1.8
202212241306,273.0,1.8
202212241406,272.0,2.2
202212241506,296.0,2.2
202212241606,247.0,3.1
202212241706,273.0,2.7
202212241806,265.0,2.7
202212241906,267.0,2.7
202212242006,328.0,1.8
202212242106,287.0,2.2
202212242206,275.0,1.3
202212242306,257.0,0.9
202212250006,257.0,0.9
202212250106,253.0,0.9
202212250206,259.0,1.3
202212250306,293.0,1.3
202212250406,283.0,1.3
202212250506,293.0,1.3
202212250606,287.0,1.3
202212250706,286.0,1.3
202212250806,290.0,1.3
202212250906,284.0,1.3
202212251106,294.0,0.9
202212251306,297.0,1.3
202212251406,302.0,1.8
202212251506,311.0,2.2
202212251606,306.0,1.8
202212251706,299.0,2.2
202212251806,304.0,2.2
202212251906,312.0,2.2
202212252006,260.0,1.8
202212252206,313.0,1.3
202212260006,,0.0
202212260106,,0.0
202212260206,291.0,0.4
202212260306,,0.0
202212260406,288.0,0.4
202212260606,,0.0
202212260706,274.0,0.9
202212260806,300.0,1.3
202212260906,240.0,0.4
202212261006,,0.0
202212261106,230.0,0.4
202212261206,,0.0
202212261306,269.0,1.3
202212261406,266.0,0.9
202212261506,315.0,1.3
202212261606,238.0,1.3
202212261706,280.0,1.8
202212261806,179.0,1.3
202212261906,232.0,1.8
202212262006,260.0,1.8
202212262106,218.0,1.3
202212262206,232.0,0.4
202212262306,,0.0
202212270106,,0.0
202212270206,,0.0
202212270306,325.0,0.4
202212270406,,0.0
202212270506,30.0,0.9
202212270606,340.0,0.9
202212270706,343.0,1.3
202212270806,351.0,0.4
202212270906,,0.0
202212271006,,0.0
202212271106,317.0,0.4
202212271306,,0.0
202212271406,,0.0
202212271506,179.0,0.4
202212271606,227.0,1.3
202212271706,244.0,1.8
202212271806,311.0,0.9
202212271906,278.0,1.3
202212272006,251.0,1.8
202212272106,269.0,1.3
202212272206,235.0,0.4
202212272306,,0.0
202212280006,133.0,0.4
202212280106,61.0,0.4
202212280206,122.0,0.9
202212280306,,0.0
202212280406,,0.0
202212280506,,0.0
202212280606,,0.0
202212280706,,0.0
202212280906,,0.0
202212281006,,0.0
202212281206,,0.0
202212281306,42.0,0.9
202212281406,101.0,0.4
202212281506,48.0,0.4
202212281606,110.0,1.8
202212281706,190.0,1.8
202212281806,114.0,2.7
202212281906,227.0,1.8
202212282006,173.0,1.8
202212282106,163.0,1.3
202212282206,127.0,1.3
202212282306,,0.0
202212290006,65.0,0.9
202212290106,102.0,1.3
202212290206,,0.0
202212290306,,0.0
202212290406,20.0,0.9
202212290506,63.0,0.9
202212290606,105.0,1.3
202212290706,324.0,0.4
202212290806,47.0,0.9
202212290906,,0.0
202212291006,,0.0
202212291106,,0.0
202212291206,,0.0
202212291306,73.0,0.9
202212291406,57.0,0.9
202212291506,16.0,0.4
202212291606,70.0,0.9
202212291706,112.0,1.3
202212291806,171.0,1.3
202212291906,101.0,1.3
202212292006,126.0,2.2
202212292106,129.0,1.8
202212292206,47.0,0.9
202212292306,75.0,0.4
202212300106,61.0,0.4
202212300206,,0.0
202212300306,,0.0
202212300406,,0.0
202212300506,60.0,0.4
202212300606,,0.0
202212300706,61.0,0.4
202212300806,,0.0
202212300906,,0.0
202212301006,66.0,0.4
202212301106,,0.0
202212301206,,0.0
202212301306,61.0,0.9
202212301406,63.0,0.9
202212301506,67.0,1.3
202212301606,117.0,2.2
202212301706,160.0,0.9
202212301806,110.0,1.8
202212301906,89.0,1.3
202212302006,104.0,1.3
202212302106,110.0,1.8
202212302206,92.0,0.4
202212302306,,0.0
202212310006,90.0,0.4
202212310106,,0.0
202212310206,,0.0
202212310306,,0.0
202212310406,,0.0
202212310506,116.0,1.3
202212310606,141.0,2.7
202212310706,148.0,5.4
202212310806,313.0,0.9
202212311006,52.0,0.4
202212311106,,0.0
202212311206,,0.0
202212311406,95.0,0.9
202212311506,,0.0
202212311606,,0.0
202212311706,199.0,1.3
202212311806,215.0,1.3
202212312006,241.0,0.9
202212312106,253.0,0.4
202212312306,,0.0
